#VRML V2.0 utf8

Shape {
  appearance Appearance {
    material Material {
      diffuseColor 1.0000 1.0000 0.0000
      specularColor 0.5020 0.5020 0.0000
      ambientIntensity 0.2
      transparency 0.0000
      shininess 0.5
    }
  }
  geometry IndexedFaceSet {
    ccw TRUE
    solid FALSE
    coord DEF co Coordinate {
      point [
        -2.529528 2.470472 -0.078740,
        -2.450787 2.470472 -0.078740,
        -2.529528 2.470472 -0.590551,
        -2.450787 2.470472 -0.590551,
        -2.529528 2.155512 -0.078740,
        -2.529528 2.155512 -0.590551,
        -2.411417 2.072810 -0.078740,
        -2.411417 2.072810 -0.590551,
        -2.411417 1.840551 -0.078740,
        -2.411417 1.840551 -0.590551,
        -2.332677 1.840551 -0.078740,
        -2.332677 1.840551 -0.590551,
        -2.332677 2.113800 -0.078740,
        -2.332677 2.113800 -0.590551,
        -2.450787 2.196501 -0.078740,
        -2.450787 2.196501 -0.590551,
        -2.490157 -1.198819 -0.590551,
        -2.490157 -1.474409 -0.590551,
        -2.490157 -1.474409 -0.078740,
        -2.490157 1.592052 -0.078740,
        -2.490157 1.592052 -0.590551,
        -2.490157 -0.883858 -0.590551,
        -2.490157 -0.883858 -0.645669,
        -2.490157 -1.198819 -0.645669,
        -2.411417 -1.474409 -0.590551,
        -2.411417 -1.198819 -0.590551,
        -2.411417 -1.474409 -0.078740,
        -2.411417 -0.883858 -0.590551,
        -2.411417 1.563515 -0.590551,
        -2.411417 1.563515 -0.078740,
        -2.411417 -1.198819 -0.645669,
        -2.411417 -0.883858 -0.645669,
        -2.106456 1.928974 -0.078740,
        -2.106456 1.928974 -0.590551,
        -2.091497 1.951833 -0.590551,
        -2.091497 1.951833 -0.078740,
        -2.082189 1.977517 -0.590551,
        -2.082189 1.977517 -0.078740,
        -2.079031 2.004652 -0.590551,
        -2.079031 2.004652 -0.078740,
        -2.082191 2.031787 -0.590551,
        -2.082191 2.031787 -0.078740,
        -2.091501 2.057470 -0.590551,
        -2.091501 2.057470 -0.078740,
        -2.106462 2.080327 -0.590551,
        -2.106462 2.080327 -0.078740,
        -2.126275 2.099135 -0.590551,
        -2.126275 2.099135 -0.078740,
        -2.304331 2.232677 -0.078740,
        -2.304331 2.232677 -0.590551,
        -2.351575 2.169685 -0.078740,
        -2.351575 2.169685 -0.590551,
        -2.173519 2.036143 -0.078740,
        -2.173519 2.036143 -0.590551,
        -2.166915 2.029874 -0.078740,
        -2.166915 2.029874 -0.590551,
        -2.161928 2.022255 -0.078740,
        -2.161928 2.022255 -0.590551,
        -2.158824 2.013694 -0.078740,
        -2.158824 2.013694 -0.590551,
        -2.157771 2.004648 -0.078740,
        -2.157771 2.004648 -0.590551,
        -2.158824 1.995604 -0.078740,
        -2.158824 1.995604 -0.590551,
        -2.161926 1.987043 -0.078740,
        -2.161926 1.987043 -0.590551,
        -2.166913 1.979423 -0.078740,
        -2.166913 1.979423 -0.590551,
        -2.726378 -1.198819 -0.665354,
        -2.726378 -1.198819 -0.744094,
        -2.509843 -1.198819 -0.665354,
        -2.509843 -1.198819 -0.744094,
        -2.504748 -1.198819 -0.664683,
        -2.484368 -1.198819 -0.740741,
        -2.500000 -1.198819 -0.662717,
        -2.460630 -1.198819 -0.730908,
        -2.495923 -1.198819 -0.659589,
        -2.440245 -1.198819 -0.715267,
        -2.492794 -1.198819 -0.655512,
        -2.424604 -1.198819 -0.694882,
        -2.490828 -1.198819 -0.650764,
        -2.414771 -1.198819 -0.671144,
        -2.509843 -0.883858 -0.744094,
        -2.726378 -0.883858 -0.744094,
        -2.490828 -0.883858 -0.650764,
        -2.414771 -0.883858 -0.671144,
        -2.492794 -0.883858 -0.655512,
        -2.424604 -0.883858 -0.694882,
        -2.495923 -0.883858 -0.659589,
        -2.440245 -0.883858 -0.715267,
        -2.500000 -0.883858 -0.662717,
        -2.460630 -0.883858 -0.730908,
        -2.504748 -0.883858 -0.664683,
        -2.484368 -0.883858 -0.740741,
        -2.509843 -0.883858 -0.665354,
        -2.726378 -0.883858 -0.665354,
      ]
    }
    coordIndex [
      0, 1, 2, -1,
      2, 1, 3, -1,
      4, 0, 5, -1,
      5, 0, 2, -1,
      6, 4, 7, -1,
      7, 4, 5, -1,
      8, 6, 9, -1,
      9, 6, 7, -1,
      10, 8, 11, -1,
      11, 8, 9, -1,
      12, 10, 13, -1,
      13, 10, 11, -1,
      14, 12, 15, -1,
      15, 12, 13, -1,
      1, 14, 3, -1,
      3, 14, 15, -1,
      1, 0, 14, -1,
      14, 0, 4, -1,
      14, 4, 12, -1,
      12, 4, 6, -1,
      12, 6, 10, -1,
      10, 6, 8, -1,
      2, 3, 5, -1,
      5, 3, 15, -1,
      5, 15, 7, -1,
      7, 15, 13, -1,
      7, 13, 9, -1,
      9, 13, 11, -1,
      16, 17, 18, -1,
      19, 20, 21, -1,
      22, 23, 21, -1,
      21, 23, 16, -1,
      21, 16, 19, -1,
      19, 16, 18, -1,
      24, 17, 25, -1,
      25, 17, 16, -1,
      26, 18, 24, -1,
      24, 18, 17, -1,
      27, 28, 29, -1,
      26, 24, 25, -1,
      30, 31, 25, -1,
      25, 31, 27, -1,
      25, 27, 26, -1,
      26, 27, 29, -1,
      32, 29, 33, -1,
      33, 29, 28, -1,
      32, 33, 34, -1,
      32, 34, 35, -1,
      35, 34, 36, -1,
      35, 36, 37, -1,
      37, 36, 38, -1,
      37, 38, 39, -1,
      39, 38, 40, -1,
      39, 40, 41, -1,
      41, 40, 42, -1,
      41, 42, 43, -1,
      43, 42, 44, -1,
      43, 44, 45, -1,
      45, 44, 46, -1,
      45, 46, 47, -1,
      48, 47, 49, -1,
      49, 47, 46, -1,
      50, 48, 51, -1,
      51, 48, 49, -1,
      52, 50, 53, -1,
      53, 50, 51, -1,
      52, 53, 54, -1,
      54, 53, 55, -1,
      54, 55, 56, -1,
      56, 55, 57, -1,
      56, 57, 58, -1,
      58, 57, 59, -1,
      58, 59, 60, -1,
      60, 59, 61, -1,
      60, 61, 62, -1,
      62, 61, 63, -1,
      62, 63, 64, -1,
      64, 63, 65, -1,
      64, 65, 66, -1,
      66, 65, 67, -1,
      19, 66, 20, -1,
      20, 66, 67, -1,
      18, 26, 19, -1,
      19, 26, 29, -1,
      19, 29, 66, -1,
      66, 29, 32, -1,
      66, 32, 64, -1,
      64, 32, 35, -1,
      64, 35, 62, -1,
      62, 35, 37, -1,
      62, 37, 60, -1,
      60, 37, 39, -1,
      60, 39, 58, -1,
      58, 39, 41, -1,
      58, 41, 56, -1,
      56, 41, 43, -1,
      56, 43, 54, -1,
      54, 43, 45, -1,
      54, 45, 52, -1,
      52, 45, 47, -1,
      52, 47, 50, -1,
      50, 47, 48, -1,
      51, 49, 53, -1,
      53, 49, 46, -1,
      53, 46, 55, -1,
      55, 46, 44, -1,
      55, 44, 57, -1,
      57, 44, 42, -1,
      57, 42, 59, -1,
      59, 42, 40, -1,
      59, 40, 61, -1,
      61, 40, 38, -1,
      61, 38, 63, -1,
      63, 38, 36, -1,
      63, 36, 65, -1,
      65, 36, 34, -1,
      65, 34, 67, -1,
      67, 34, 33, -1,
      67, 33, 20, -1,
      20, 33, 28, -1,
      20, 28, 21, -1,
      21, 28, 27, -1,
      68, 69, 70, -1,
      70, 69, 71, -1,
      70, 71, 72, -1,
      72, 71, 73, -1,
      72, 73, 74, -1,
      74, 73, 75, -1,
      74, 75, 76, -1,
      76, 75, 77, -1,
      76, 77, 78, -1,
      78, 77, 79, -1,
      78, 79, 80, -1,
      80, 79, 81, -1,
      80, 81, 23, -1,
      23, 81, 30, -1,
      23, 30, 16, -1,
      16, 30, 25, -1,
      71, 69, 82, -1,
      82, 69, 83, -1,
      21, 27, 22, -1,
      22, 27, 31, -1,
      22, 31, 84, -1,
      84, 31, 85, -1,
      84, 85, 86, -1,
      86, 85, 87, -1,
      86, 87, 88, -1,
      88, 87, 89, -1,
      88, 89, 90, -1,
      90, 89, 91, -1,
      90, 91, 92, -1,
      92, 91, 93, -1,
      92, 93, 94, -1,
      94, 93, 82, -1,
      94, 82, 95, -1,
      95, 82, 83, -1,
      94, 95, 70, -1,
      70, 95, 68, -1,
      95, 83, 68, -1,
      68, 83, 69, -1,
      71, 82, 93, -1,
      71, 93, 73, -1,
      73, 93, 91, -1,
      73, 91, 75, -1,
      75, 91, 89, -1,
      75, 89, 77, -1,
      77, 89, 87, -1,
      77, 87, 79, -1,
      79, 87, 85, -1,
      79, 85, 81, -1,
      81, 85, 31, -1,
      81, 31, 30, -1,
      94, 70, 92, -1,
      92, 70, 72, -1,
      92, 72, 90, -1,
      90, 72, 74, -1,
      90, 74, 88, -1,
      88, 74, 76, -1,
      88, 76, 86, -1,
      86, 76, 78, -1,
      86, 78, 84, -1,
      84, 78, 80, -1,
      84, 80, 22, -1,
      22, 80, 23, -1,
    ]
  }
}

Shape {
  appearance Appearance {
    material Material {
      diffuseColor 1.0000 1.0000 1.0000
      specularColor 0.5020 0.5020 0.5020
      ambientIntensity 0.2
      transparency 0.0000
      shininess 0.5
    }
  }
  geometry IndexedFaceSet {
    ccw TRUE
    solid FALSE
    coord DEF co Coordinate {
      point [
        1.856234 1.500816 -0.085683,
        1.856234 1.512122 -0.079939,
        1.856234 1.553328 -0.147036,
        1.856234 1.476190 -0.091404,
        1.856234 1.468774 -0.170306,
        1.856234 1.463509 -0.091231,
        1.856234 1.451053 -0.169063,
        1.856234 1.451020 -0.089025,
        1.856234 1.537689 -0.155464,
        1.856234 1.521201 -0.162077,
        1.856234 1.488734 -0.089538,
        1.856234 1.504073 -0.166791,
        1.856234 1.486523 -0.169546,
        1.856234 1.384885 -0.144744,
        1.856234 1.427901 -0.078792,
        1.856234 1.400289 -0.153594,
        1.856234 1.439047 -0.084843,
        1.856234 1.416591 -0.160654,
        1.856234 1.433584 -0.165831,
        1.856234 1.323578 -0.104757,
        1.856234 1.366594 -0.038806,
        2.053085 1.439047 -0.084843,
        2.053085 1.427901 -0.078792,
        2.053085 1.384885 -0.144744,
        2.053085 1.553328 -0.147036,
        2.053085 1.512122 -0.079939,
        2.053085 1.537689 -0.155464,
        2.053085 1.500816 -0.085683,
        2.053085 1.521201 -0.162077,
        2.053085 1.488734 -0.089538,
        2.053085 1.463509 -0.091231,
        2.053085 1.468774 -0.170306,
        2.053085 1.476190 -0.091404,
        2.053085 1.486523 -0.169546,
        2.053085 1.504073 -0.166791,
        2.053085 1.400289 -0.153594,
        2.053085 1.416591 -0.160654,
        2.053085 1.451020 -0.089025,
        2.053085 1.433584 -0.165831,
        2.053085 1.451053 -0.169063,
        2.053085 1.663592 -0.079322,
        2.053085 1.622387 -0.012224,
        1.856234 1.664239 -0.079002,
        1.856234 1.663592 -0.079322,
        1.856234 1.622387 -0.012224,
        1.856234 1.665653 0.000000,
        1.856234 1.665653 -0.078740,
        1.856234 1.654306 -0.000782,
        1.856234 1.664934 -0.078806,
        1.856234 1.643173 -0.003115,
        1.856234 1.632466 -0.006953,
        2.053085 1.664934 -0.078806,
        2.053085 1.665653 -0.078740,
        2.053085 1.665653 0.000000,
        2.053085 1.632466 -0.006953,
        2.053085 1.664239 -0.079002,
        2.053085 1.643173 -0.003115,
        2.053085 1.654306 -0.000782,
        2.053085 1.720245 -0.078740,
        2.053085 1.720245 0.000000,
        2.053085 1.366594 -0.038806,
        1.856234 1.720245 0.000000,
        1.856234 1.720245 -0.078740,
        2.053085 1.323578 -0.104757,
        1.856234 0.658109 -0.078740,
        1.856234 0.658109 0.000000,
        1.856234 0.666442 -0.079632,
        1.856234 0.678991 -0.001861,
        1.856234 0.674398 -0.082269,
        1.856234 0.761513 -0.061036,
        1.856234 0.692577 -0.099085,
        1.856234 0.749793 -0.043652,
        1.856234 0.687769 -0.092220,
        1.856234 0.735184 -0.028615,
        1.856234 0.681616 -0.086529,
        1.856234 0.718146 -0.016397,
        1.856234 0.699217 -0.007385,
        1.856234 0.143682 -0.078740,
        1.856234 0.143682 0.000000,
        2.053085 0.692577 -0.099085,
        2.053085 0.761513 -0.061036,
        2.053085 0.687769 -0.092220,
        2.053085 0.749793 -0.043652,
        2.053085 0.681616 -0.086529,
        2.053085 0.658109 0.000000,
        2.053085 0.658109 -0.078740,
        2.053085 0.678991 -0.001861,
        2.053085 0.666442 -0.079632,
        2.053085 0.699217 -0.007385,
        2.053085 0.674398 -0.082269,
        2.053085 0.718146 -0.016397,
        2.053085 0.735184 -0.028615,
        2.053085 0.701643 -0.115511,
        2.053085 0.770579 -0.077461,
        1.856234 0.909788 -0.132940,
        1.856234 0.931058 -0.123793,
        1.856234 0.969107 -0.192729,
        1.856234 0.940976 -0.205488,
        1.856234 0.911195 -0.213689,
        1.856234 0.887143 -0.137763,
        1.856234 0.880498 -0.217130,
        1.856234 0.863991 -0.138074,
        1.856234 0.849641 -0.215727,
        1.856234 0.841223 -0.133863,
        1.856234 0.819383 -0.209514,
        1.856234 0.819715 -0.125291,
        1.856234 0.790469 -0.198644,
        1.856234 0.800292 -0.112688,
        1.856234 0.701643 -0.115511,
        1.856234 0.770579 -0.077461,
        1.856234 0.718645 -0.141300,
        1.856234 0.783701 -0.096538,
        1.856234 0.739472 -0.164111,
        1.856234 0.763612 -0.183384,
        2.053085 0.783701 -0.096538,
        2.053085 0.969107 -0.192729,
        2.053085 0.931058 -0.123793,
        2.053085 0.940976 -0.205488,
        2.053085 0.909788 -0.132940,
        2.053085 0.911195 -0.213689,
        2.053085 0.887143 -0.137763,
        2.053085 0.718645 -0.141300,
        2.053085 0.739472 -0.164111,
        2.053085 0.800292 -0.112688,
        2.053085 0.763612 -0.183384,
        2.053085 0.819715 -0.125291,
        2.053085 0.790469 -0.198644,
        2.053085 0.841223 -0.133863,
        2.053085 0.819383 -0.209514,
        2.053085 0.863991 -0.138074,
        2.053085 0.849641 -0.215727,
        2.053085 0.880498 -0.217130,
        2.053085 1.114423 -0.112523,
        2.053085 1.076374 -0.043586,
        1.856234 1.114423 -0.112523,
        2.053085 0.143682 -0.078740,
        2.053085 0.143682 0.000000,
        1.856234 1.076374 -0.043586,
        -1.742126 -0.816929 -0.511811,
        -1.742126 -3.100394 -0.511811,
        -1.742126 -0.816929 -0.472441,
        -1.742126 -3.100394 -0.472441,
        -1.702756 -3.139764 -0.511811,
        0.679134 -3.139764 -0.511811,
        -1.702756 -3.139764 -0.472441,
        0.679134 -3.139764 -0.472441,
        0.718504 -3.100394 -0.472441,
        0.718504 -3.100394 -0.511811,
        0.718504 -0.777559 -0.472441,
        0.718504 -0.777559 -0.511811,
        -1.702756 -0.777559 -0.551181,
        -1.702756 -0.777559 -0.433071,
        0.679134 -0.777559 -0.551181,
        0.679134 -0.777559 -0.433071,
        0.689324 -0.777559 -0.434413,
        0.717163 -0.777559 -0.462251,
        0.698819 -0.777559 -0.438345,
        0.706973 -0.777559 -0.444602,
        0.713229 -0.777559 -0.452756,
        0.698819 -0.777559 -0.545907,
        0.717163 -0.777559 -0.522001,
        0.706973 -0.777559 -0.539650,
        0.713229 -0.777559 -0.531496,
        0.689324 -0.777559 -0.549840,
        -1.702756 -3.100394 -0.433071,
        0.679134 -3.100394 -0.433071,
        -1.702756 -3.100394 -0.551181,
        0.679134 -3.100394 -0.551181,
        0.689324 -3.100394 -0.434413,
        0.698819 -3.100394 -0.438345,
        0.706973 -3.100394 -0.444602,
        0.713229 -3.100394 -0.452756,
        0.717163 -3.100394 -0.462251,
        0.687873 -3.138613 -0.511811,
        0.687873 -3.138613 -0.472441,
        0.689324 -3.138422 -0.472441,
        0.689324 -3.138422 -0.511811,
        0.696111 -3.135611 -0.472441,
        0.696111 -3.135611 -0.511811,
        0.698819 -3.134489 -0.472441,
        0.698819 -3.134489 -0.511811,
        0.703480 -3.130913 -0.472441,
        0.703480 -3.130913 -0.511811,
        0.706973 -3.128233 -0.472441,
        0.706973 -3.128233 -0.511811,
        0.709653 -3.124740 -0.472441,
        0.709653 -3.124740 -0.511811,
        0.713229 -3.120079 -0.472441,
        0.713229 -3.120079 -0.511811,
        0.714351 -3.117370 -0.472441,
        0.714351 -3.117370 -0.511811,
        0.717163 -3.110583 -0.472441,
        0.717163 -3.110583 -0.511811,
        0.717354 -3.109133 -0.472441,
        0.717354 -3.109133 -0.511811,
        0.689324 -3.100394 -0.549840,
        0.698819 -3.100394 -0.545907,
        0.706973 -3.100394 -0.539650,
        0.713229 -3.100394 -0.531496,
        0.717163 -3.100394 -0.522001,
        0.688976 -3.137126 -0.462251,
        0.698148 -3.133328 -0.462251,
        0.706024 -3.127284 -0.462251,
        0.712068 -3.119408 -0.462251,
        0.715867 -3.110236 -0.462251,
        0.712068 -3.109218 -0.452756,
        0.706024 -3.107599 -0.444602,
        0.698148 -3.105489 -0.438345,
        0.688976 -3.103031 -0.434413,
        0.708661 -3.117441 -0.452756,
        0.703243 -3.114313 -0.444602,
        0.696181 -3.110236 -0.438345,
        0.687958 -3.105489 -0.434413,
        0.703243 -3.124503 -0.452756,
        0.698819 -3.120079 -0.444602,
        0.693053 -3.114313 -0.438345,
        0.686339 -3.107599 -0.434413,
        0.696181 -3.129921 -0.452756,
        0.693053 -3.124503 -0.444602,
        0.688976 -3.117441 -0.438345,
        0.684229 -3.109218 -0.434413,
        0.687958 -3.133328 -0.452756,
        0.686339 -3.127284 -0.444602,
        0.684229 -3.119408 -0.438345,
        0.681771 -3.110236 -0.434413,
        0.679134 -3.138422 -0.462251,
        0.679134 -3.134489 -0.452756,
        0.679134 -3.128233 -0.444602,
        0.679134 -3.120079 -0.438345,
        0.679134 -3.110583 -0.434413,
        0.679134 -3.138422 -0.522001,
        0.688976 -3.137126 -0.522001,
        0.698148 -3.133328 -0.522001,
        0.706024 -3.127284 -0.522001,
        0.712068 -3.119408 -0.522001,
        0.715867 -3.110236 -0.522001,
        0.712068 -3.109218 -0.531496,
        0.708661 -3.117441 -0.531496,
        0.706024 -3.107599 -0.539650,
        0.703243 -3.114313 -0.539650,
        0.698148 -3.105489 -0.545907,
        0.696181 -3.110236 -0.545907,
        0.688976 -3.103031 -0.549840,
        0.687958 -3.105489 -0.549840,
        0.703243 -3.124503 -0.531496,
        0.698819 -3.120079 -0.539650,
        0.693053 -3.114313 -0.545907,
        0.686339 -3.107599 -0.549840,
        0.696181 -3.129921 -0.531496,
        0.687958 -3.133328 -0.531496,
        0.693053 -3.124503 -0.539650,
        0.686339 -3.127284 -0.539650,
        0.688976 -3.117441 -0.545907,
        0.684229 -3.119408 -0.545907,
        0.684229 -3.109218 -0.549840,
        0.681771 -3.110236 -0.549840,
        0.679134 -3.134489 -0.531496,
        0.679134 -3.128233 -0.539650,
        0.679134 -3.120079 -0.545907,
        0.679134 -3.110583 -0.549840,
        -1.702756 -3.110583 -0.434413,
        -1.702756 -3.120079 -0.438345,
        -1.702756 -3.128233 -0.444602,
        -1.702756 -3.134489 -0.452756,
        -1.702756 -3.138422 -0.462251,
        -1.740785 -3.110583 -0.511811,
        -1.740785 -3.110583 -0.472441,
        -1.736851 -3.120079 -0.511811,
        -1.736851 -3.120079 -0.472441,
        -1.730595 -3.128233 -0.511811,
        -1.730595 -3.128233 -0.472441,
        -1.722441 -3.134489 -0.511811,
        -1.722441 -3.134489 -0.472441,
        -1.712946 -3.138422 -0.511811,
        -1.712946 -3.138422 -0.472441,
        -1.702756 -3.110583 -0.549840,
        -1.702756 -3.120079 -0.545907,
        -1.702756 -3.128233 -0.539650,
        -1.702756 -3.134489 -0.531496,
        -1.702756 -3.138422 -0.522001,
        -1.712598 -3.137126 -0.462251,
        -1.712598 -3.117441 -0.438345,
        -1.707851 -3.109218 -0.434413,
        -1.709961 -3.107599 -0.434413,
        -1.712946 -3.100394 -0.434413,
        -1.712598 -3.103031 -0.434413,
        -1.705393 -3.110236 -0.434413,
        -1.707851 -3.119408 -0.438345,
        -1.709961 -3.127284 -0.444602,
        -1.716675 -3.114313 -0.438345,
        -1.711580 -3.105489 -0.434413,
        -1.719804 -3.110236 -0.438345,
        -1.721770 -3.105489 -0.438345,
        -1.722441 -3.100394 -0.438345,
        -1.716675 -3.124503 -0.444602,
        -1.722441 -3.120079 -0.444602,
        -1.726865 -3.114313 -0.444602,
        -1.729646 -3.107599 -0.444602,
        -1.730595 -3.100394 -0.444602,
        -1.711580 -3.133328 -0.452756,
        -1.719804 -3.129921 -0.452756,
        -1.726865 -3.124503 -0.452756,
        -1.732283 -3.117441 -0.452756,
        -1.735689 -3.109218 -0.452756,
        -1.736851 -3.100394 -0.452756,
        -1.721770 -3.133328 -0.462251,
        -1.729646 -3.127284 -0.462251,
        -1.735689 -3.119408 -0.462251,
        -1.739489 -3.110236 -0.462251,
        -1.740785 -3.100394 -0.462251,
        -1.712598 -3.137126 -0.522001,
        -1.721770 -3.133328 -0.522001,
        -1.711580 -3.133328 -0.531496,
        -1.719804 -3.129921 -0.531496,
        -1.709961 -3.127284 -0.539650,
        -1.716675 -3.124503 -0.539650,
        -1.707851 -3.119408 -0.545907,
        -1.712598 -3.117441 -0.545907,
        -1.705393 -3.110236 -0.549840,
        -1.707851 -3.109218 -0.549840,
        -1.729646 -3.127284 -0.522001,
        -1.726865 -3.124503 -0.531496,
        -1.722441 -3.120079 -0.539650,
        -1.716675 -3.114313 -0.545907,
        -1.709961 -3.107599 -0.549840,
        -1.735689 -3.119408 -0.522001,
        -1.739489 -3.110236 -0.522001,
        -1.732283 -3.117441 -0.531496,
        -1.735689 -3.109218 -0.531496,
        -1.726865 -3.114313 -0.539650,
        -1.729646 -3.107599 -0.539650,
        -1.719804 -3.110236 -0.545907,
        -1.721770 -3.105489 -0.545907,
        -1.711580 -3.105489 -0.549840,
        -1.712598 -3.103031 -0.549840,
        -1.740785 -3.100394 -0.522001,
        -1.736851 -3.100394 -0.531496,
        -1.730595 -3.100394 -0.539650,
        -1.722441 -3.100394 -0.545907,
        -1.712946 -3.100394 -0.549840,
        -1.740785 -0.806739 -0.462251,
        -1.736851 -0.797244 -0.452756,
        -1.730595 -0.789090 -0.444602,
        -1.726723 -0.785695 -0.441207,
        -1.722441 -0.782833 -0.438345,
        -1.717822 -0.780556 -0.436068,
        -1.712946 -0.778900 -0.434413,
        -1.707895 -0.777896 -0.433408,
        -1.707895 -0.777896 -0.550844,
        -1.717822 -0.780556 -0.548184,
        -1.712946 -0.778900 -0.549840,
        -1.730595 -0.789090 -0.539650,
        -1.726723 -0.785695 -0.543045,
        -1.722441 -0.782833 -0.545907,
        -1.736851 -0.797244 -0.531496,
        -1.740785 -0.806739 -0.522001,
        2.320330 2.672280 -0.320299,
        2.321440 2.663959 -0.323750,
        2.293119 2.654491 -0.298093,
        2.320958 2.654491 -0.325932,
        2.319648 2.647998 -0.326449,
        2.308259 2.690486 -0.303107,
        2.313426 2.686244 -0.309467,
        2.317467 2.680280 -0.315185,
        2.288531 2.690694 -0.283320,
        2.295443 2.692868 -0.289620,
        2.301593 2.692868 -0.295770,
        2.271330 2.673074 -0.271076,
        2.276378 2.680719 -0.273973,
        2.282066 2.686512 -0.278031,
        2.264757 2.647538 -0.271688,
        2.265760 2.657355 -0.269928,
        2.267933 2.665357 -0.269851,
        2.271147 2.624795 -0.284477,
        2.267589 2.631323 -0.279081,
        2.265433 2.639038 -0.274755,
        2.287687 2.615878 -0.303525,
        2.281649 2.616839 -0.297217,
        2.275920 2.619870 -0.290635,
        2.307458 2.625530 -0.320580,
        2.301393 2.620398 -0.315959,
        2.294678 2.617056 -0.310185,
        2.316912 2.640063 -0.325946,
        2.312970 2.632597 -0.324105,
        2.316912 1.262110 -0.325946,
        2.319648 1.270046 -0.326449,
        2.293119 1.276538 -0.298093,
        2.320958 1.276538 -0.325932,
        2.321440 1.286007 -0.323750,
        2.301393 1.242445 -0.315959,
        2.307458 1.247578 -0.320580,
        2.312970 1.254644 -0.324105,
        2.281649 1.238886 -0.297217,
        2.287687 1.237925 -0.303525,
        2.294678 1.239104 -0.310185,
        2.267589 1.253370 -0.279081,
        2.271147 1.246843 -0.284477,
        2.275920 1.241918 -0.290635,
        2.265760 1.279402 -0.269928,
        2.264757 1.269585 -0.271688,
        2.265433 1.261085 -0.274755,
        2.276378 1.302767 -0.273973,
        2.271330 1.295121 -0.271076,
        2.267933 1.287404 -0.269851,
        2.295443 1.314915 -0.289620,
        2.288531 1.312742 -0.283320,
        2.282066 1.308559 -0.278031,
        2.313426 1.308292 -0.309467,
        2.308259 1.312533 -0.303107,
        2.301593 1.314915 -0.295770,
        2.320330 1.294328 -0.320299,
        2.317467 1.302327 -0.315185,
        2.308480 1.281381 -0.340636,
        2.307272 1.274888 -0.341359,
        2.298302 1.286692 -0.357705,
        2.297232 1.280200 -0.358621,
        2.291038 1.292272 -0.376553,
        2.290140 1.285779 -0.377637,
        2.287087 1.297880 -0.396398,
        2.286388 1.291387 -0.397619,
        2.286567 1.303276 -0.416367,
        2.286083 1.296783 -0.417689,
        2.289300 1.308245 -0.435620,
        2.289040 1.301752 -0.437004,
        2.295046 1.312987 -0.453895,
        2.295013 1.306494 -0.455302,
        2.303985 1.318203 -0.471512,
        2.304187 1.311711 -0.472906,
        2.315995 1.323739 -0.487688,
        2.316431 1.317247 -0.489027,
        2.330662 1.329364 -0.501654,
        2.331320 1.322871 -0.502899,
        2.347333 1.334831 -0.512817,
        2.348193 1.328338 -0.513932,
        2.365210 1.339918 -0.520842,
        2.366242 1.333426 -0.521800,
        2.383687 1.344623 -0.525715,
        2.384859 1.338130 -0.526494,
        2.403224 1.349733 -0.527552,
        2.404509 1.343240 -0.528127,
        2.423247 1.355213 -0.526057,
        2.424611 1.348720 -0.526406,
        2.442894 1.360838 -0.521136,
        2.444298 1.354345 -0.521246,
        2.461306 1.366364 -0.512987,
        2.462708 1.359871 -0.512857,
        2.477749 1.371560 -0.502082,
        2.479110 1.365067 -0.501720,
        2.491749 1.376289 -0.489030,
        2.493033 1.369797 -0.488453,
        2.503641 1.381283 -0.473605,
        2.504813 1.374791 -0.472824,
        2.513042 1.386694 -0.455957,
        2.514066 1.380202 -0.454991,
        2.519389 1.392307 -0.436739,
        2.520232 1.385814 -0.435612,
        2.522357 1.397879 -0.416769,
        2.522997 1.391386 -0.415515,
        2.521919 1.403172 -0.396923,
        2.522339 1.396679 -0.395579,
        2.518323 1.407989 -0.378009,
        2.518520 1.401497 -0.376615,
        2.511675 1.412858 -0.359870,
        2.511642 1.406365 -0.358463,
        2.501833 1.418187 -0.342581,
        2.501564 1.411694 -0.341198,
        2.489009 1.423774 -0.326963,
        2.488509 1.417281 -0.325648,
        2.473695 1.429377 -0.313748,
        2.472977 1.422885 -0.312537,
        2.456594 1.434757 -0.303460,
        2.455682 1.428264 -0.302387,
        2.438526 1.439702 -0.296354,
        2.437451 1.433209 -0.295444,
        2.419777 1.444459 -0.292334,
        2.418569 1.437966 -0.291611,
        2.400017 1.449695 -0.291423,
        2.398706 1.443202 -0.290911,
        2.380011 1.455241 -0.293900,
        2.378631 1.448748 -0.293619,
        2.360633 1.460863 -0.299777,
        2.359225 1.454370 -0.299736,
        2.342717 1.466317 -0.308771,
        2.341322 1.459824 -0.308969,
        2.326943 1.471381 -0.320349,
        2.325600 1.464889 -0.320774,
        2.313587 1.476089 -0.334019,
        2.312331 1.469596 -0.334656,
        2.302339 1.481220 -0.350133,
        2.301206 1.474728 -0.350968,
        2.293763 1.486713 -0.368304,
        2.292787 1.480220 -0.369320,
        2.288361 1.492339 -0.387826,
        2.287573 1.485846 -0.388993,
        2.286375 1.497854 -0.407850,
        2.285797 1.491362 -0.409133,
        2.287753 1.503029 -0.427506,
        2.287396 1.496537 -0.428868,
        2.292198 1.507749 -0.446109,
        2.292066 1.501256 -0.447511,
        2.299764 1.512767 -0.464090,
        2.299864 1.506274 -0.465494,
        2.310492 1.518192 -0.480984,
        2.310828 1.511700 -0.482352,
        2.324088 1.523809 -0.495983,
        2.324653 1.517316 -0.497272,
        2.339993 1.529372 -0.508404,
        2.340769 1.522880 -0.509579,
        2.357455 1.534647 -0.517796,
        2.358417 1.528154 -0.518825,
        2.375654 1.539442 -0.523989,
        2.376770 1.532949 -0.524848,
        2.394744 1.544336 -0.527157,
        2.395985 1.537843 -0.527823,
        2.414660 1.549683 -0.527119,
        2.415995 1.543190 -0.527566,
        2.434577 1.555276 -0.523659,
        2.435969 1.548783 -0.523872,
        2.453618 1.560874 -0.516850,
        2.455026 1.554381 -0.516822,
        2.470982 1.566237 -0.507054,
        2.472365 1.559744 -0.506790,
        2.486051 1.571157 -0.494861,
        2.487372 1.564664 -0.494375,
        2.498811 1.575931 -0.480517,
        2.500035 1.569439 -0.479823,
        2.509359 1.581187 -0.463756,
        2.510451 1.574694 -0.462867,
        2.517070 1.586743 -0.445118,
        2.517994 1.580250 -0.444056,
        2.521507 1.592362 -0.425363,
        2.522237 1.585869 -0.424159,
        2.522514 1.597802 -0.405358,
        2.523029 1.591309 -0.404048,
        2.520224 1.602843 -0.385956,
        2.520517 1.596351 -0.384578,
        2.514918 1.607555 -0.367589,
        2.514984 1.601063 -0.366182,
        2.506435 1.612709 -0.349833,
        2.506267 1.606216 -0.348435,
        2.494845 1.618213 -0.333401,
        2.494442 1.611720 -0.332052,
        2.480522 1.623840 -0.319078,
        2.479894 1.617347 -0.317818,
        2.464090 1.629344 -0.307488,
        2.463258 1.622851 -0.306352,
        2.446335 1.634498 -0.299006,
        2.445325 1.628005 -0.298023,
        2.427968 1.639209 -0.293699,
        2.426813 1.632717 -0.292893,
        2.408565 1.644251 -0.291409,
        2.407294 1.637758 -0.290804,
        2.388560 1.649691 -0.292416,
        2.387204 1.643198 -0.292034,
        2.368805 1.655310 -0.296854,
        2.367404 1.648818 -0.296709,
        2.350167 1.660865 -0.304564,
        2.348763 1.654373 -0.304660,
        2.333406 1.666121 -0.315113,
        2.332037 1.659628 -0.315442,
        2.319062 1.670896 -0.327872,
        2.317764 1.664403 -0.328419,
        2.306869 1.675816 -0.342941,
        2.305679 1.669323 -0.343693,
        2.297074 1.681179 -0.360306,
        2.296026 1.674686 -0.361247,
        2.290265 1.686778 -0.379346,
        2.289393 1.680285 -0.380453,
        2.286804 1.692370 -0.399263,
        2.286134 1.685877 -0.400502,
        2.286766 1.697717 -0.419180,
        2.286313 1.691224 -0.420513,
        2.289934 1.702611 -0.438269,
        2.289706 1.696118 -0.439659,
        2.296127 1.707406 -0.456469,
        2.296127 1.700913 -0.457876,
        2.305519 1.712680 -0.473931,
        2.305755 1.706188 -0.475319,
        2.317941 1.718244 -0.489835,
        2.318409 1.711751 -0.491163,
        2.332939 1.723861 -0.503431,
        2.333627 1.717368 -0.504659,
        2.349833 1.729286 -0.514159,
        2.350719 1.722794 -0.515254,
        2.367814 1.734304 -0.521726,
        2.368868 1.727811 -0.522659,
        2.386418 1.739024 -0.526170,
        2.387608 1.732531 -0.526922,
        2.406074 1.744198 -0.527548,
        2.407373 1.737706 -0.528091,
        2.426097 1.749714 -0.525563,
        2.427470 1.743221 -0.525878,
        2.445619 1.755340 -0.520161,
        2.447025 1.748847 -0.520236,
        2.463791 1.760832 -0.511584,
        2.465189 1.754340 -0.511420,
        2.479904 1.765965 -0.500336,
        2.481256 1.759472 -0.499942,
        2.493574 1.770671 -0.486981,
        2.494845 1.764179 -0.486374,
        2.505152 1.775736 -0.471207,
        2.506305 1.769243 -0.470399,
        2.514146 1.781190 -0.453291,
        2.515146 1.774697 -0.452299,
        2.520023 1.786812 -0.433912,
        2.520839 1.780319 -0.432764,
        2.522501 1.792358 -0.413906,
        2.523109 1.785865 -0.412636,
        2.521589 1.797594 -0.394146,
        2.521978 1.791101 -0.392793,
        2.517570 1.802351 -0.375397,
        2.517734 1.795859 -0.373998,
        2.510463 1.807296 -0.357329,
        2.510396 1.800803 -0.355923,
        2.500175 1.812676 -0.340229,
        2.499872 1.806183 -0.338854,
        2.486960 1.818280 -0.324914,
        2.486427 1.811787 -0.323610,
        2.471343 1.823866 -0.312090,
        2.470595 1.817373 -0.310897,
        2.454053 1.829195 -0.302248,
        2.453116 1.822702 -0.301197,
        2.435915 1.834063 -0.295600,
        2.434819 1.827570 -0.294716,
        2.417001 1.838881 -0.292005,
        2.415776 1.832388 -0.291310,
        2.397154 1.844174 -0.291566,
        2.395830 1.837681 -0.291086,
        2.377184 1.849746 -0.294535,
        2.375798 1.843253 -0.294288,
        2.357966 1.855359 -0.300881,
        2.356557 1.848866 -0.300874,
        2.340319 1.860770 -0.310282,
        2.338930 1.854277 -0.310513,
        2.324893 1.865763 -0.322174,
        2.323561 1.859270 -0.322630,
        2.311841 1.870493 -0.336174,
        2.310600 1.864000 -0.336840,
        2.300936 1.875689 -0.352617,
        2.299823 1.869196 -0.353480,
        2.292788 1.881215 -0.371029,
        2.291837 1.874722 -0.372068,
        2.287866 1.886840 -0.390676,
        2.287107 1.880348 -0.391863,
        2.286371 1.892320 -0.410700,
        2.285824 1.885827 -0.411997,
        2.288208 1.897430 -0.430237,
        2.287883 1.890937 -0.431607,
        2.293082 1.902135 -0.448713,
        2.292982 1.895642 -0.450118,
        2.301106 1.907222 -0.466590,
        2.301241 1.900730 -0.467991,
        2.312269 1.912689 -0.483261,
        2.312639 1.906196 -0.484620,
        2.326235 1.918313 -0.497928,
        2.326831 1.911820 -0.499204,
        2.342411 1.923850 -0.509938,
        2.343215 1.917357 -0.511094,
        2.360028 1.929066 -0.518877,
        2.361014 1.922573 -0.519883,
        2.378303 1.933808 -0.524623,
        2.379438 1.927315 -0.525456,
        2.397556 1.938778 -0.527356,
        2.398813 1.932285 -0.527991,
        2.417526 1.944173 -0.526836,
        2.418872 1.937680 -0.527250,
        2.437370 1.949781 -0.522885,
        2.438767 1.943289 -0.523064,
        2.334285 2.643156 -0.313752,
        2.335662 2.649649 -0.313455,
        2.351324 2.637844 -0.303338,
        2.352731 2.644337 -0.303276,
        2.370181 2.632265 -0.295833,
        2.371578 2.638758 -0.296012,
        2.390078 2.626656 -0.291648,
        2.391423 2.633149 -0.292062,
        2.410136 2.621261 -0.290906,
        2.411393 2.627754 -0.291541,
        2.429511 2.616291 -0.293442,
        2.430646 2.622784 -0.294275,
        2.447935 2.611549 -0.299015,
        2.448920 2.618042 -0.300020,
        2.465733 2.606333 -0.307804,
        2.466538 2.612826 -0.308959,
        2.482118 2.600797 -0.319694,
        2.482714 2.607290 -0.320969,
        2.496310 2.595173 -0.334278,
        2.496680 2.601666 -0.335637,
        2.507708 2.589706 -0.350906,
        2.507843 2.596199 -0.352308,
        2.515967 2.584618 -0.368780,
        2.515867 2.591111 -0.370185,
        2.521065 2.579914 -0.387291,
        2.520741 2.586407 -0.388661,
        2.523125 2.574804 -0.406900,
        2.522578 2.581296 -0.408198,
        2.521842 2.569324 -0.427035,
        2.521083 2.575817 -0.428221,
        2.517111 2.563698 -0.446830,
        2.516161 2.570191 -0.447869,
        2.509126 2.558172 -0.465418,
        2.508013 2.564665 -0.466281,
        2.498348 2.552976 -0.482058,
        2.497107 2.559469 -0.482723,
        2.485388 2.548247 -0.496267,
        2.484056 2.554740 -0.496724,
        2.470019 2.543253 -0.508385,
        2.468630 2.549746 -0.508616,
        2.452391 2.537842 -0.518023,
        2.450983 2.544335 -0.518017,
        2.433151 2.532230 -0.524610,
        2.431765 2.538722 -0.524363,
        2.413119 2.526658 -0.527811,
        2.411794 2.533151 -0.527332,
        2.393173 2.521365 -0.527587,
        2.391948 2.527857 -0.526893,
        2.374130 2.516547 -0.524182,
        2.373034 2.523040 -0.523298,
        2.355833 2.511678 -0.517701,
        2.354896 2.518171 -0.516650,
        2.338354 2.506349 -0.508001,
        2.337606 2.512842 -0.506807,
        2.322522 2.500763 -0.495287,
        2.321989 2.507256 -0.493984,
        2.309077 2.495159 -0.480044,
        2.308774 2.501652 -0.478669,
        2.298553 2.489780 -0.462975,
        2.298486 2.496272 -0.461569,
        2.291215 2.484835 -0.444899,
        2.291380 2.491328 -0.443501,
        2.286971 2.480078 -0.426104,
        2.287359 2.486570 -0.424751,
        2.285839 2.474842 -0.406261,
        2.286448 2.481334 -0.404992,
        2.288109 2.469296 -0.386133,
        2.288925 2.475788 -0.384986,
        2.293803 2.463673 -0.366598,
        2.294802 2.470166 -0.365607,
        2.302644 2.458220 -0.348499,
        2.303797 2.464713 -0.347691,
        2.314104 2.453155 -0.332523,
        2.315374 2.459648 -0.331917,
        2.327693 2.448448 -0.318956,
        2.329045 2.454941 -0.318562,
        2.343760 2.443316 -0.307478,
        2.345158 2.449809 -0.307313,
        2.361924 2.437824 -0.298661,
        2.363330 2.444317 -0.298737,
        2.381479 2.432198 -0.293020,
        2.382852 2.438690 -0.293335,
        2.401576 2.426682 -0.290806,
        2.402875 2.433175 -0.291350,
        2.421341 2.421507 -0.291976,
        2.422531 2.428000 -0.292727,
        2.440081 2.416787 -0.296239,
        2.441135 2.423280 -0.297172,
        2.458230 2.411770 -0.303643,
        2.459116 2.418263 -0.304738,
        2.475322 2.406344 -0.314238,
        2.476010 2.412837 -0.315467,
        2.490540 2.400728 -0.327735,
        2.491008 2.407220 -0.329063,
        2.503194 2.395164 -0.343579,
        2.503430 2.401657 -0.344967,
        2.512822 2.389889 -0.361021,
        2.512822 2.396382 -0.362429,
        2.519243 2.385094 -0.379239,
        2.519015 2.391587 -0.380628,
        2.522635 2.380200 -0.398385,
        2.522183 2.386693 -0.399718,
        2.522814 2.374854 -0.418396,
        2.522145 2.381346 -0.419634,
        2.519556 2.369261 -0.438445,
        2.518684 2.375754 -0.439551,
        2.512922 2.363663 -0.457651,
        2.511875 2.370156 -0.458592,
        2.503270 2.358299 -0.475205,
        2.502080 2.364792 -0.475957,
        2.491185 2.353380 -0.490478,
        2.489887 2.359872 -0.491025,
        2.476912 2.348605 -0.503456,
        2.475543 2.355098 -0.503785,
        2.460186 2.343349 -0.514237,
        2.458781 2.349842 -0.514333,
        2.441544 2.337794 -0.522189,
        2.440144 2.344287 -0.522044,
        2.421744 2.332174 -0.526863,
        2.420389 2.338667 -0.526482,
        2.401655 2.326735 -0.528093,
        2.400384 2.333227 -0.527488,
        2.382135 2.321693 -0.526005,
        2.380981 2.328186 -0.525199,
        2.363624 2.316981 -0.520874,
        2.362614 2.323474 -0.519892,
        2.345691 2.311827 -0.512545,
        2.344859 2.318320 -0.511409,
        2.329054 2.306323 -0.501080,
        2.328427 2.312816 -0.499819,
        2.314507 2.300697 -0.486846,
        2.314104 2.307189 -0.485496,
        2.302682 2.295193 -0.470463,
        2.302514 2.301685 -0.469065,
        2.293965 2.290039 -0.452715,
        2.294031 2.296532 -0.451309,
        2.288432 2.285327 -0.434320,
        2.288724 2.291820 -0.432942,
        2.285920 2.280285 -0.414850,
        2.286435 2.286778 -0.413539,
        2.286712 2.274846 -0.394739,
        2.287441 2.281339 -0.393534,
        2.290955 2.269226 -0.374841,
        2.291879 2.275719 -0.373780,
        2.298498 2.263671 -0.356031,
        2.299590 2.270164 -0.355142,
        2.308913 2.258415 -0.339075,
        2.310138 2.264908 -0.338380,
        2.321577 2.253641 -0.324523,
        2.322898 2.260133 -0.324036,
        2.336583 2.248721 -0.312108,
        2.337967 2.255214 -0.311844,
        2.353923 2.243357 -0.302076,
        2.355331 2.249850 -0.302048,
        2.372980 2.237759 -0.295026,
        2.374372 2.244252 -0.295239,
        2.392954 2.232167 -0.291331,
        2.394289 2.238659 -0.291779,
        2.412964 2.226820 -0.291075,
        2.414205 2.233313 -0.291740,
        2.432179 2.221926 -0.294050,
        2.433295 2.228419 -0.294909,
        2.450532 2.217131 -0.300073,
        2.451494 2.223624 -0.301101,
        2.468180 2.211856 -0.309319,
        2.468956 2.218349 -0.310494,
        2.484296 2.206292 -0.321625,
        2.484861 2.212785 -0.322915,
        2.498120 2.200676 -0.336546,
        2.498457 2.207169 -0.337913,
        2.509085 2.195250 -0.353403,
        2.509185 2.201743 -0.354807,
        2.516883 2.190232 -0.371386,
        2.516751 2.196725 -0.372788,
        2.521553 2.185513 -0.390030,
        2.521196 2.192006 -0.391392,
        2.523152 2.180338 -0.409764,
        2.522574 2.186831 -0.411048,
        2.521376 2.174822 -0.429905,
        2.520589 2.181315 -0.431072,
        2.516162 2.169196 -0.449578,
        2.515187 2.175689 -0.450593,
        2.507743 2.163704 -0.467930,
        2.506610 2.170197 -0.468765,
        2.496618 2.158572 -0.484242,
        2.495361 2.165065 -0.484878,
        2.483349 2.153865 -0.498124,
        2.482006 2.160358 -0.498549,
        2.467627 2.148800 -0.509929,
        2.466233 2.155293 -0.510126,
        2.449724 2.143346 -0.519162,
        2.448316 2.149839 -0.519121,
        2.430317 2.137724 -0.525279,
        2.428937 2.144217 -0.524998,
        2.410244 2.132178 -0.527986,
        2.408931 2.138671 -0.527475,
        2.390380 2.126943 -0.527287,
        2.389172 2.133435 -0.526563,
        2.371498 2.122185 -0.523453,
        2.370423 2.128678 -0.522544,
        2.353267 2.117241 -0.516510,
        2.352355 2.123733 -0.515437,
        2.335972 2.111861 -0.506361,
        2.335254 2.118354 -0.505149,
        2.320440 2.106257 -0.493250,
        2.319939 2.112750 -0.491934,
        2.307385 2.100671 -0.477699,
        2.307116 2.107163 -0.476317,
        2.297307 2.095341 -0.460435,
        2.297274 2.101834 -0.459027,
        2.290429 2.090473 -0.442283,
        2.290626 2.096966 -0.440889,
        2.286610 2.085656 -0.423319,
        2.287030 2.092148 -0.421975,
        2.285952 2.080363 -0.403383,
        2.286591 2.086855 -0.402129,
        2.288717 2.074791 -0.383286,
        2.289560 2.081283 -0.382158,
        2.294883 2.069178 -0.363907,
        2.295907 2.075670 -0.362940,
        2.304135 2.063767 -0.346073,
        2.305307 2.070260 -0.345293,
        2.315915 2.058773 -0.330444,
        2.317200 2.065266 -0.329868,
        2.329839 2.054043 -0.317178,
        2.331200 2.060536 -0.316816,
        2.346241 2.048848 -0.306041,
        2.347643 2.055341 -0.305911,
        2.364651 2.043322 -0.297652,
        2.366055 2.049815 -0.297762,
        2.384338 2.037696 -0.292492,
        2.385702 2.044189 -0.292840,
        2.404439 2.032216 -0.290771,
        2.405725 2.038709 -0.291345,
        2.424089 2.027106 -0.292403,
        2.425262 2.033599 -0.293182,
        2.442707 2.022402 -0.297098,
        2.443739 2.028894 -0.298056,
        2.460756 2.017315 -0.304965,
        2.461615 2.023807 -0.306081,
        2.477628 2.011847 -0.315999,
        2.478287 2.018340 -0.317244,
        2.492519 2.006223 -0.329870,
        2.492954 2.012716 -0.331209,
        2.504762 2.000687 -0.345992,
        2.504964 2.007180 -0.347385,
        2.513936 1.995470 -0.363595,
        2.513903 2.001963 -0.365003,
        2.519909 1.990729 -0.381894,
        2.519648 1.997221 -0.383277,
        2.522866 1.985759 -0.401208,
        2.522382 1.992252 -0.402531,
        2.522561 1.980364 -0.421278,
        2.521861 1.986857 -0.422500,
        2.518809 1.974755 -0.441260,
        2.517911 1.981248 -0.442345,
        2.304490 1.266953 -0.341308,
        2.294481 1.272264 -0.359036,
        2.287500 1.277844 -0.378515,
        2.283936 1.283452 -0.398935,
        2.283888 1.288848 -0.419399,
        2.287156 1.293817 -0.439051,
        2.293484 1.298559 -0.457627,
        2.303067 1.303775 -0.475453,
        2.315760 1.309312 -0.491728,
        2.331121 1.314936 -0.505674,
        2.348466 1.320403 -0.516701,
        2.366969 1.325490 -0.524485,
        2.386010 1.330195 -0.529028,
        2.406064 1.335305 -0.530434,
        2.426534 1.340785 -0.528417,
        2.446536 1.346410 -0.522898,
        2.465195 1.351936 -0.514106,
        2.481769 1.357132 -0.502537,
        2.495790 1.361862 -0.488830,
        2.507594 1.366856 -0.472744,
        2.516794 1.372266 -0.454442,
        2.522826 1.377879 -0.434606,
        2.525381 1.383451 -0.414081,
        2.524450 1.388744 -0.393766,
        2.520308 1.393561 -0.374483,
        2.513059 1.398430 -0.356069,
        2.502559 1.403759 -0.338600,
        2.489046 1.409346 -0.322918,
        2.473040 1.414949 -0.309756,
        2.455277 1.420329 -0.299635,
        2.436600 1.425274 -0.292796,
        2.417300 1.430031 -0.289135,
        2.397041 1.435267 -0.288681,
        2.376613 1.440813 -0.291704,
        2.356909 1.446435 -0.298194,
        2.338779 1.451889 -0.307841,
        2.322905 1.456954 -0.320081,
        2.309560 1.461661 -0.334407,
        2.298432 1.466793 -0.351183,
        2.290089 1.472285 -0.370001,
        2.285031 1.477911 -0.390126,
        2.283485 1.483426 -0.410681,
        2.285373 1.488602 -0.430778,
        2.290378 1.493321 -0.449723,
        2.298563 1.498339 -0.467954,
        2.309961 1.503764 -0.484996,
        2.324250 1.509381 -0.500025,
        2.340841 1.514944 -0.512360,
        2.358953 1.520219 -0.521555,
        2.377742 1.525014 -0.527455,
        2.397370 1.529908 -0.530236,
        2.417766 1.535255 -0.529713,
        2.438079 1.540848 -0.525685,
        2.457415 1.546446 -0.518248,
        2.474960 1.551809 -0.507794,
        2.490096 1.556729 -0.494941,
        2.502815 1.561504 -0.479941,
        2.513211 1.566759 -0.462518,
        2.520655 1.572315 -0.443243,
        2.524720 1.577934 -0.422903,
        2.525264 1.583374 -0.402391,
        2.522448 1.588415 -0.382575,
        2.516567 1.593128 -0.363894,
        2.507448 1.598281 -0.345916,
        2.495178 1.603785 -0.329369,
        2.480162 1.609412 -0.315048,
        2.463052 1.614916 -0.303578,
        2.444661 1.620070 -0.295322,
        2.425722 1.624781 -0.290333,
        2.405795 1.629823 -0.288460,
        2.385332 1.635263 -0.289977,
        2.365207 1.640883 -0.295002,
        2.346307 1.646438 -0.303352,
        2.329397 1.651693 -0.314562,
        2.315017 1.656468 -0.327979,
        2.302896 1.661388 -0.343707,
        2.293286 1.666751 -0.361729,
        2.286776 1.672350 -0.381395,
        2.283716 1.677942 -0.401877,
        2.284160 1.683289 -0.422275,
        2.287869 1.688183 -0.441748,
        2.294654 1.692978 -0.460237,
        2.304697 1.698252 -0.477892,
        2.317805 1.703816 -0.493879,
        2.333496 1.709433 -0.507439,
        2.351059 1.714858 -0.518016,
        2.369657 1.719876 -0.525327,
        2.388818 1.724596 -0.529428,
        2.408982 1.729771 -0.530361,
        2.429441 1.735286 -0.527841,
        2.449303 1.740912 -0.521834,
        2.467705 1.746404 -0.512609,
        2.483934 1.751537 -0.500697,
        2.497610 1.756244 -0.486687,
        2.509083 1.761308 -0.470251,
        2.517859 1.766762 -0.451684,
        2.523408 1.772384 -0.431694,
        2.525458 1.777930 -0.411145,
        2.524045 1.783166 -0.390931,
        2.519472 1.787924 -0.371826,
        2.511755 1.792868 -0.353495,
        2.500803 1.798248 -0.336231,
        2.486897 1.803852 -0.320868,
        2.470591 1.809438 -0.308115,
        2.452644 1.814767 -0.298455,
        2.433907 1.819635 -0.292087,
        2.414449 1.824453 -0.288865,
        2.394113 1.829746 -0.288897,
        2.373732 1.835318 -0.292424,
        2.354204 1.840931 -0.299390,
        2.336360 1.846342 -0.309447,
        2.320851 1.851335 -0.322001,
        2.307824 1.856065 -0.336656,
        2.297055 1.861261 -0.353761,
        2.289157 1.866787 -0.372816,
        2.284594 1.872412 -0.393057,
        2.283550 1.877892 -0.413600,
        2.285906 1.883002 -0.433564,
        2.291346 1.887707 -0.452368,
        2.300000 1.892794 -0.470481,
        2.311837 1.898261 -0.487284,
        2.326496 1.903885 -0.501966,
        2.343355 1.909422 -0.513873,
        2.361615 1.914638 -0.522599,
        2.380470 1.919380 -0.528040,
        2.400255 1.924350 -0.530371,
        2.420694 1.929745 -0.529353,
        2.440922 1.935354 -0.524825,
        2.331668 2.635221 -0.312809,
        2.348901 2.629909 -0.301970,
        2.368028 2.624330 -0.294073,
        2.388256 2.618721 -0.289545,
        2.408694 2.613326 -0.288526,
        2.428479 2.608356 -0.290858,
        2.447334 2.603615 -0.296298,
        2.465594 2.598398 -0.305025,
        2.482452 2.592862 -0.316932,
        2.497112 2.587238 -0.331614,
        2.508950 2.581770 -0.348416,
        2.517603 2.576683 -0.366530,
        2.523043 2.571979 -0.385333,
        2.525399 2.566869 -0.405298,
        2.524355 2.561389 -0.425841,
        2.519791 2.555763 -0.446082,
        2.511894 2.550237 -0.465137,
        2.501125 2.545041 -0.482241,
        2.488098 2.540312 -0.496896,
        2.472589 2.535318 -0.509451,
        2.454745 2.529907 -0.519507,
        2.435217 2.524294 -0.526474,
        2.414836 2.518722 -0.530000,
        2.394500 2.513429 -0.530033,
        2.375042 2.508612 -0.526810,
        2.356304 2.503744 -0.520443,
        2.338358 2.498414 -0.510783,
        2.322052 2.492828 -0.498030,
        2.308145 2.487224 -0.482666,
        2.297194 2.481844 -0.465402,
        2.289476 2.476900 -0.447071,
        2.284904 2.472143 -0.427967,
        2.283491 2.466907 -0.407752,
        2.285541 2.461361 -0.387203,
        2.291089 2.455739 -0.367214,
        2.299865 2.450285 -0.348646,
        2.311339 2.445220 -0.332210,
        2.325015 2.440513 -0.318201,
        2.341244 2.435381 -0.306289,
        2.359646 2.429889 -0.297064,
        2.379507 2.424263 -0.291057,
        2.399967 2.418747 -0.288537,
        2.420131 2.413572 -0.289470,
        2.439292 2.408852 -0.293570,
        2.457890 2.403835 -0.300882,
        2.475453 2.398409 -0.311459,
        2.491144 2.392793 -0.325019,
        2.504252 2.387229 -0.341006,
        2.514295 2.381954 -0.358661,
        2.521080 2.377159 -0.377149,
        2.524789 2.372265 -0.396622,
        2.525233 2.366919 -0.417020,
        2.522173 2.361326 -0.437502,
        2.515663 2.355728 -0.457169,
        2.506052 2.350364 -0.475190,
        2.493932 2.345444 -0.490919,
        2.479551 2.340670 -0.504335,
        2.462642 2.335414 -0.515546,
        2.443741 2.329859 -0.523896,
        2.423617 2.324239 -0.528921,
        2.403154 2.318799 -0.530437,
        2.383227 2.313758 -0.528565,
        2.364288 2.309046 -0.523576,
        2.345897 2.303892 -0.515320,
        2.328787 2.298388 -0.503849,
        2.313770 2.292762 -0.489528,
        2.301501 2.287258 -0.472982,
        2.292381 2.282104 -0.455004,
        2.286501 2.277392 -0.436322,
        2.283685 2.272350 -0.416507,
        2.284229 2.266911 -0.395994,
        2.288294 2.261291 -0.375655,
        2.295738 2.255736 -0.356380,
        2.306133 2.250480 -0.338957,
        2.318853 2.245706 -0.323956,
        2.333989 2.240786 -0.311104,
        2.351534 2.235422 -0.300649,
        2.370870 2.229824 -0.293213,
        2.391183 2.224231 -0.289185,
        2.411580 2.218885 -0.288662,
        2.431207 2.213991 -0.291443,
        2.449996 2.209196 -0.297343,
        2.468108 2.203921 -0.306537,
        2.484698 2.198357 -0.318872,
        2.498987 2.192741 -0.333902,
        2.510385 2.187315 -0.350944,
        2.518571 2.182298 -0.369174,
        2.523576 2.177578 -0.388119,
        2.525464 2.172403 -0.408217,
        2.523917 2.166887 -0.428772,
        2.518859 2.161261 -0.448896,
        2.510517 2.155769 -0.467715,
        2.499389 2.150637 -0.484491,
        2.486043 2.145930 -0.498816,
        2.470170 2.140865 -0.511056,
        2.452040 2.135411 -0.520703,
        2.432336 2.129789 -0.527193,
        2.411907 2.124243 -0.530216,
        2.391649 2.119007 -0.529763,
        2.372349 2.114250 -0.526102,
        2.353672 2.109305 -0.519263,
        2.335909 2.103926 -0.509142,
        2.319903 2.098322 -0.495980,
        2.306391 2.092736 -0.480298,
        2.295890 2.087406 -0.462829,
        2.288641 2.082538 -0.444415,
        2.284499 2.077720 -0.425131,
        2.283567 2.072427 -0.404817,
        2.286123 2.066856 -0.384292,
        2.292155 2.061243 -0.364456,
        2.301354 2.055832 -0.346154,
        2.313159 2.050838 -0.330067,
        2.327180 2.046109 -0.316360,
        2.343754 2.040913 -0.304792,
        2.362413 2.035387 -0.295999,
        2.382415 2.029761 -0.290481,
        2.402885 2.024281 -0.288463,
        2.422939 2.019171 -0.289870,
        2.441980 2.014467 -0.294413,
        2.460483 2.009379 -0.302196,
        2.477828 2.003912 -0.313224,
        2.493189 1.998288 -0.327170,
        2.505882 1.992752 -0.343445,
        2.515465 1.987535 -0.361270,
        2.521793 1.982793 -0.379846,
        2.525060 1.977824 -0.399498,
        2.525013 1.972429 -0.419963,
        2.521449 1.966820 -0.440382,
        2.300302 1.259486 -0.340133,
        2.290154 1.264798 -0.358580,
        2.283159 1.270377 -0.378803,
        2.279708 1.275986 -0.399960,
        2.279893 1.281381 -0.421122,
        2.283498 1.286351 -0.441406,
        2.290255 1.291093 -0.460542,
        2.300369 1.296309 -0.478865,
        2.313681 1.301845 -0.495549,
        2.329725 1.307469 -0.509794,
        2.347788 1.312937 -0.520998,
        2.367011 1.318024 -0.528835,
        2.386753 1.322728 -0.533314,
        2.407506 1.327839 -0.534539,
        2.428650 1.333319 -0.532218,
        2.449270 1.338944 -0.526282,
        2.468464 1.344470 -0.516976,
        2.485471 1.349666 -0.504823,
        2.499813 1.354395 -0.490488,
        2.511835 1.359389 -0.473717,
        2.521137 1.364800 -0.454687,
        2.527148 1.370413 -0.434105,
        2.529555 1.375985 -0.412852,
        2.528358 1.381278 -0.391856,
        2.523854 1.386095 -0.371963,
        2.516146 1.390964 -0.353004,
        2.505088 1.396293 -0.335061,
        2.490935 1.401879 -0.318999,
        2.474233 1.407483 -0.305572,
        2.455748 1.412863 -0.295310,
        2.436356 1.417807 -0.288452,
        2.416357 1.422565 -0.284888,
        2.395403 1.427801 -0.284652,
        2.374313 1.433347 -0.288012,
        2.354012 1.438969 -0.294949,
        2.335374 1.444422 -0.305133,
        2.319101 1.449487 -0.317972,
        2.305465 1.454194 -0.332939,
        2.294150 1.459326 -0.350414,
        2.285739 1.464819 -0.369969,
        2.280740 1.470445 -0.390837,
        2.279376 1.475960 -0.412111,
        2.281559 1.481135 -0.432871,
        2.286952 1.485855 -0.452404,
        2.295626 1.490872 -0.471163,
        2.307607 1.496298 -0.488654,
        2.322556 1.501915 -0.504032,
        2.339853 1.507478 -0.516597,
        2.358687 1.512753 -0.525897,
        2.378185 1.517548 -0.531782,
        2.398513 1.522442 -0.534433,
        2.419598 1.527789 -0.533658,
        2.440557 1.533381 -0.529260,
        2.460467 1.538980 -0.521348,
        2.478490 1.544343 -0.510337,
        2.493994 1.549263 -0.496872,
        2.506975 1.554037 -0.481215,
        2.517525 1.559293 -0.463079,
        2.525002 1.564848 -0.443062,
        2.528972 1.570468 -0.421982,
        2.529299 1.575908 -0.400765,
        2.526160 1.580949 -0.380306,
        2.519864 1.585661 -0.361056,
        2.510228 1.590815 -0.342570,
        2.497351 1.596319 -0.325600,
        2.481658 1.601946 -0.310963,
        2.463833 1.607450 -0.299298,
        2.444721 1.612604 -0.290972,
        2.425080 1.617315 -0.286030,
        2.404452 1.622357 -0.284322,
        2.383309 1.627797 -0.286125,
        2.362557 1.633416 -0.291552,
        2.343108 1.638971 -0.300404,
        2.325751 1.644227 -0.312190,
        2.311034 1.649002 -0.326229,
        2.298681 1.653922 -0.342632,
        2.288950 1.659285 -0.361378,
        2.282443 1.664883 -0.381790,
        2.279514 1.670476 -0.403004,
        2.280208 1.675822 -0.424092,
        2.284267 1.680717 -0.444187,
        2.291494 1.685511 -0.463227,
        2.302082 1.690786 -0.481369,
        2.315820 1.696350 -0.497750,
        2.332201 1.701967 -0.511592,
        2.350484 1.707392 -0.522328,
        2.369800 1.712410 -0.529675,
        2.389661 1.717130 -0.533695,
        2.410523 1.722304 -0.534429,
        2.431650 1.727820 -0.531589,
        2.452120 1.733446 -0.525149,
        2.471043 1.738938 -0.515398,
        2.487688 1.744070 -0.502895,
        2.501670 1.748777 -0.488251,
        2.513346 1.753842 -0.471123,
        2.522208 1.759296 -0.451822,
        2.527716 1.764918 -0.431088,
        2.529600 1.770464 -0.409815,
        2.527907 1.775700 -0.388928,
        2.522960 1.780457 -0.369225,
        2.514769 1.785402 -0.350358,
        2.503246 1.790781 -0.332632,
        2.488689 1.796385 -0.316904,
        2.471681 1.801972 -0.303903,
        2.453013 1.807301 -0.294120,
        2.433563 1.812169 -0.287750,
        2.413406 1.816987 -0.284641,
        2.392377 1.822280 -0.284908,
        2.371343 1.827852 -0.288789,
        2.351229 1.833465 -0.296217,
        2.332892 1.838875 -0.306820,
        2.316998 1.843869 -0.319980,
        2.303696 1.848599 -0.335285,
        2.292756 1.853794 -0.353096,
        2.284807 1.859320 -0.372890,
        2.280321 1.864946 -0.393874,
        2.279477 1.870426 -0.415128,
        2.282142 1.875536 -0.435746,
        2.287984 1.880241 -0.455128,
        2.297139 1.885328 -0.473759,
        2.309573 1.890795 -0.490999,
        2.324900 1.896419 -0.506013,
        2.342470 1.901955 -0.518132,
        2.361452 1.907172 -0.526947,
        2.381013 1.911914 -0.532356,
        2.401498 1.916883 -0.534540,
        2.422622 1.922279 -0.533252,
        2.443487 1.927887 -0.528338,
        2.328078 2.627755 -0.310352,
        2.345775 2.622443 -0.298945,
        2.365462 2.616864 -0.290559,
        2.386327 2.611255 -0.285645,
        2.407451 2.605860 -0.284357,
        2.427937 2.600890 -0.286542,
        2.447496 2.596148 -0.291951,
        2.466479 2.590932 -0.300765,
        2.484048 2.585396 -0.312885,
        2.499376 2.579772 -0.327899,
        2.511809 2.574304 -0.345138,
        2.520965 2.569217 -0.363769,
        2.526806 2.564513 -0.383152,
        2.529472 2.559402 -0.403769,
        2.528628 2.553922 -0.425024,
        2.524141 2.548297 -0.446007,
        2.516193 2.542771 -0.465802,
        2.505253 2.537575 -0.483613,
        2.491951 2.532846 -0.498917,
        2.476057 2.527852 -0.512077,
        2.457720 2.522441 -0.522681,
        2.437606 2.516828 -0.530109,
        2.416572 2.511257 -0.533989,
        2.395543 2.505963 -0.534256,
        2.375385 2.501146 -0.531147,
        2.355936 2.496277 -0.524778,
        2.337267 2.490948 -0.514994,
        2.320259 2.485362 -0.501993,
        2.305703 2.479758 -0.486266,
        2.294180 2.474378 -0.468540,
        2.285989 2.469433 -0.449672,
        2.281042 2.464676 -0.429969,
        2.279348 2.459440 -0.409082,
        2.281233 2.453894 -0.387809,
        2.286741 2.448272 -0.367075,
        2.295603 2.442819 -0.347774,
        2.307279 2.437754 -0.330647,
        2.321261 2.433047 -0.316003,
        2.337906 2.427915 -0.303499,
        2.356829 2.422422 -0.293748,
        2.377299 2.416796 -0.287309,
        2.398426 2.411281 -0.284469,
        2.419288 2.406106 -0.285202,
        2.439149 2.401386 -0.289222,
        2.458465 2.396369 -0.296570,
        2.476748 2.390943 -0.307306,
        2.493129 2.385326 -0.321148,
        2.506867 2.379763 -0.337529,
        2.517455 2.374488 -0.355670,
        2.524683 2.369693 -0.374711,
        2.528741 2.364799 -0.394806,
        2.529435 2.359452 -0.415893,
        2.526506 2.353860 -0.437108,
        2.519999 2.348261 -0.457519,
        2.510268 2.342898 -0.476265,
        2.497915 2.337978 -0.492669,
        2.483198 2.333204 -0.506707,
        2.465841 2.327948 -0.518494,
        2.446392 2.322393 -0.527345,
        2.425640 2.316773 -0.532772,
        2.404496 2.311333 -0.534575,
        2.383869 2.306292 -0.532867,
        2.364228 2.301580 -0.527926,
        2.345116 2.296426 -0.519600,
        2.327291 2.290922 -0.507934,
        2.311598 2.285295 -0.493298,
        2.298721 2.279791 -0.476328,
        2.289085 2.274638 -0.457842,
        2.282789 2.269926 -0.438591,
        2.279650 2.264884 -0.418133,
        2.279977 2.259444 -0.396915,
        2.283947 2.253825 -0.375836,
        2.291424 2.248270 -0.355819,
        2.301974 2.243014 -0.337683,
        2.314955 2.238239 -0.322025,
        2.330459 2.233320 -0.308561,
        2.348482 2.227956 -0.297549,
        2.368391 2.222357 -0.289638,
        2.389351 2.216765 -0.285239,
        2.410436 2.211419 -0.284464,
        2.430764 2.206524 -0.287115,
        2.450261 2.201730 -0.293000,
        2.469096 2.196455 -0.302301,
        2.486393 2.190891 -0.314865,
        2.501341 2.185274 -0.330244,
        2.513323 2.179849 -0.347735,
        2.521997 2.174831 -0.366493,
        2.527389 2.170112 -0.386026,
        2.529573 2.164937 -0.406787,
        2.528209 2.159421 -0.428060,
        2.523209 2.153795 -0.448928,
        2.514799 2.148303 -0.468484,
        2.503484 2.143171 -0.485959,
        2.489848 2.138464 -0.500926,
        2.473574 2.133399 -0.513765,
        2.454937 2.127945 -0.523948,
        2.434636 2.122323 -0.530886,
        2.413546 2.116777 -0.534246,
        2.392592 2.111541 -0.534010,
        2.372592 2.106784 -0.530446,
        2.353201 2.101839 -0.523588,
        2.334716 2.096459 -0.513326,
        2.318014 2.090856 -0.499899,
        2.303861 2.085269 -0.483837,
        2.292803 2.079940 -0.465894,
        2.285095 2.075072 -0.446935,
        2.280591 2.070254 -0.427042,
        2.279394 2.064961 -0.406046,
        2.281801 2.059389 -0.384793,
        2.287812 2.053776 -0.364211,
        2.297114 2.048365 -0.345180,
        2.309136 2.043372 -0.328410,
        2.323478 2.038642 -0.314075,
        2.340485 2.033446 -0.301922,
        2.359678 2.027920 -0.292616,
        2.380298 2.022295 -0.286680,
        2.401443 2.016815 -0.284359,
        2.422196 2.011705 -0.285583,
        2.441938 2.007000 -0.290062,
        2.461161 2.001913 -0.297899,
        2.479224 1.996446 -0.309103,
        2.495268 1.990822 -0.323349,
        2.508580 1.985285 -0.340032,
        2.518694 1.980069 -0.358356,
        2.525451 1.975327 -0.377492,
        2.529056 1.970358 -0.397776,
        2.529241 1.964962 -0.418938,
        2.525790 1.959354 -0.440094,
        2.294290 1.252420 -0.337553,
        2.283795 1.257731 -0.357044,
        2.276630 1.263311 -0.378374,
        2.273202 1.268919 -0.400651,
        2.273597 1.274315 -0.422899,
        2.277578 1.279284 -0.444193,
        2.284864 1.284026 -0.464249,
        2.295671 1.289243 -0.483419,
        2.309826 1.294779 -0.500835,
        2.326830 1.300403 -0.515661,
        2.345927 1.305870 -0.527270,
        2.366213 1.310957 -0.535329,
        2.387012 1.315662 -0.539851,
        2.408844 1.320772 -0.540943,
        2.431054 1.326252 -0.538303,
        2.452679 1.331877 -0.531867,
        2.472771 1.337403 -0.521900,
        2.490538 1.342599 -0.508962,
        2.505481 1.347329 -0.493754,
        2.517963 1.352322 -0.476008,
        2.527564 1.357733 -0.455911,
        2.533689 1.363346 -0.434213,
        2.536019 1.368918 -0.411844,
        2.534562 1.374211 -0.389780,
        2.529639 1.379029 -0.368907,
        2.521356 1.383897 -0.349046,
        2.509559 1.389226 -0.330285,
        2.494527 1.394813 -0.313530,
        2.476839 1.400417 -0.299570,
        2.457306 1.405796 -0.288956,
        2.436852 1.410741 -0.281928,
        2.415791 1.415498 -0.278370,
        2.393757 1.420734 -0.278319,
        2.371614 1.426280 -0.282052,
        2.350335 1.431902 -0.289538,
        2.330835 1.437356 -0.300421,
        2.313846 1.442421 -0.314075,
        2.299650 1.447128 -0.329940,
        2.287919 1.452260 -0.348420,
        2.279260 1.457752 -0.369061,
        2.274201 1.463378 -0.391050,
        2.272968 1.468893 -0.413430,
        2.275460 1.474069 -0.435237,
        2.281314 1.478788 -0.455724,
        2.290611 1.483806 -0.475365,
        2.303375 1.489231 -0.493643,
        2.319237 1.494848 -0.509670,
        2.337542 1.500412 -0.522718,
        2.357433 1.505687 -0.532319,
        2.377989 1.510481 -0.538322,
        2.399388 1.515376 -0.540917,
        2.421550 1.520722 -0.539903,
        2.443545 1.526315 -0.535080,
        2.464404 1.531913 -0.526574,
        2.483250 1.537276 -0.514826,
        2.499424 1.542196 -0.500522,
        2.512924 1.546971 -0.483937,
        2.523846 1.552226 -0.464769,
        2.531518 1.557781 -0.443651,
        2.535493 1.563401 -0.421450,
        2.535636 1.568841 -0.399139,
        2.532143 1.573883 -0.377657,
        2.525341 1.578594 -0.357477,
        2.515035 1.583748 -0.338131,
        2.501335 1.589252 -0.320410,
        2.484696 1.594879 -0.305169,
        2.465845 1.600383 -0.293072,
        2.445671 1.605537 -0.284498,
        2.424973 1.610249 -0.279489,
        2.403269 1.615290 -0.277888,
        2.381055 1.620730 -0.279983,
        2.359287 1.626350 -0.285886,
        2.338922 1.631905 -0.295376,
        2.320783 1.637161 -0.307933,
        2.305443 1.641935 -0.322832,
        2.292609 1.646855 -0.340196,
        2.282555 1.652218 -0.359998,
        2.275906 1.657817 -0.381520,
        2.273027 1.663409 -0.403854,
        2.273956 1.668756 -0.426020,
        2.278413 1.673650 -0.447109,
        2.286192 1.678445 -0.467060,
        2.297496 1.683720 -0.486035,
        2.312096 1.689283 -0.503129,
        2.329450 1.694900 -0.517528,
        2.348774 1.700325 -0.528643,
        2.369153 1.705343 -0.536185,
        2.390073 1.710063 -0.540225,
        2.412015 1.715238 -0.540799,
        2.434202 1.720753 -0.537613,
        2.455663 1.726380 -0.530649,
        2.475467 1.731871 -0.520218,
        2.492850 1.737004 -0.506914,
        2.507413 1.741711 -0.491385,
        2.519528 1.746775 -0.473266,
        2.528663 1.752229 -0.452889,
        2.534258 1.757851 -0.431036,
        2.536039 1.763397 -0.408652,
        2.534061 1.768633 -0.386707,
        2.528672 1.773391 -0.366037,
        2.519883 1.778335 -0.346277,
        2.507599 1.783715 -0.327748,
        2.492146 1.789319 -0.311349,
        2.474140 1.794905 -0.297840,
        2.454419 1.800234 -0.287731,
        2.433909 1.805102 -0.281217,
        2.412685 1.809920 -0.278139,
        2.390578 1.815213 -0.278618,
        2.368498 1.820785 -0.282896,
        2.347420 1.826398 -0.290897,
        2.328241 1.831809 -0.302219,
        2.311654 1.836803 -0.316206,
        2.297812 1.841532 -0.332423,
        2.286478 1.846728 -0.351254,
        2.278308 1.852254 -0.372141,
        2.273789 1.857880 -0.394246,
        2.273102 1.863359 -0.416602,
        2.276100 1.868469 -0.438254,
        2.282425 1.873174 -0.458578,
        2.292228 1.878261 -0.478081,
        2.305463 1.883728 -0.496089,
        2.321721 1.889352 -0.511731,
        2.340308 1.894889 -0.524307,
        2.360350 1.900105 -0.533396,
        2.380967 1.904847 -0.538898,
        2.402527 1.909817 -0.541001,
        2.424725 1.915212 -0.539448,
        2.446617 1.920820 -0.534083,
        2.323213 2.620688 -0.305978,
        2.341712 2.615376 -0.293817,
        2.362332 2.609797 -0.284814,
        2.384224 2.604188 -0.279450,
        2.406422 2.598793 -0.277896,
        2.427981 2.593824 -0.279999,
        2.448598 2.589081 -0.285502,
        2.468641 2.583865 -0.294590,
        2.487228 2.578329 -0.307167,
        2.503485 2.572705 -0.322808,
        2.516721 2.567238 -0.340817,
        2.526524 2.562150 -0.360319,
        2.532849 2.557446 -0.380643,
        2.535846 2.552336 -0.402296,
        2.535160 2.546856 -0.424652,
        2.530641 2.541230 -0.446756,
        2.522470 2.535704 -0.467644,
        2.511137 2.530509 -0.486474,
        2.497295 2.525779 -0.502691,
        2.480708 2.520785 -0.516678,
        2.461528 2.515374 -0.528001,
        2.440450 2.509761 -0.536001,
        2.418371 2.504190 -0.540280,
        2.396264 2.498896 -0.540759,
        2.375040 2.494079 -0.537681,
        2.354530 2.489211 -0.531167,
        2.334809 2.483881 -0.521057,
        2.316803 2.478295 -0.507548,
        2.301350 2.472691 -0.491150,
        2.289066 2.467311 -0.472621,
        2.280276 2.462367 -0.452861,
        2.274888 2.457609 -0.432191,
        2.272910 2.452374 -0.410246,
        2.274691 2.446828 -0.387861,
        2.280286 2.441206 -0.366009,
        2.289422 2.435752 -0.345632,
        2.301536 2.430687 -0.327513,
        2.316098 2.425980 -0.311984,
        2.333481 2.420848 -0.298680,
        2.353285 2.415356 -0.288249,
        2.374747 2.409729 -0.281285,
        2.396933 2.404214 -0.278098,
        2.418875 2.399039 -0.278673,
        2.439796 2.394320 -0.282712,
        2.460175 2.389302 -0.290255,
        2.479499 2.383876 -0.301370,
        2.496853 2.378260 -0.315769,
        2.511452 2.372696 -0.332862,
        2.522757 2.367421 -0.351837,
        2.530536 2.362626 -0.371788,
        2.534993 2.357732 -0.392878,
        2.535922 2.352386 -0.415044,
        2.533043 2.346793 -0.437377,
        2.526394 2.341194 -0.458900,
        2.516340 2.335831 -0.478702,
        2.503506 2.330912 -0.496065,
        2.488166 2.326137 -0.510965,
        2.470027 2.320881 -0.523522,
        2.449662 2.315326 -0.533012,
        2.427894 2.309706 -0.538914,
        2.405680 2.304267 -0.541010,
        2.383976 2.299225 -0.539409,
        2.363278 2.294513 -0.534399,
        2.343104 2.289359 -0.525825,
        2.324252 2.283855 -0.513728,
        2.307615 2.278229 -0.498487,
        2.293915 2.272724 -0.480767,
        2.283608 2.267571 -0.461421,
        2.276807 2.262859 -0.441240,
        2.273312 2.257818 -0.419759,
        2.273456 2.252378 -0.397447,
        2.277431 2.246758 -0.375246,
        2.285103 2.241203 -0.354129,
        2.296025 2.235947 -0.334961,
        2.309525 2.231172 -0.318376,
        2.325699 2.226253 -0.304072,
        2.344545 2.220889 -0.292324,
        2.365404 2.215291 -0.283817,
        2.387399 2.209698 -0.278995,
        2.409561 2.204352 -0.277981,
        2.430960 2.199457 -0.280576,
        2.451515 2.194663 -0.286579,
        2.471407 2.189388 -0.296180,
        2.489712 2.183824 -0.309227,
        2.505574 2.178208 -0.325255,
        2.518338 2.172782 -0.343533,
        2.527634 2.167765 -0.363174,
        2.533489 2.163045 -0.383660,
        2.535981 2.157870 -0.405468,
        2.534748 2.152355 -0.427848,
        2.529689 2.146728 -0.449837,
        2.521030 2.141236 -0.470477,
        2.509299 2.136104 -0.488958,
        2.495103 2.131397 -0.504823,
        2.478114 2.126332 -0.518476,
        2.458614 2.120879 -0.529360,
        2.437335 2.115257 -0.536846,
        2.415192 2.109711 -0.540578,
        2.393158 2.104474 -0.540528,
        2.372096 2.099717 -0.536969,
        2.351643 2.094772 -0.529942,
        2.332110 2.089393 -0.519327,
        2.314422 2.083789 -0.505367,
        2.299390 2.078203 -0.488613,
        2.287593 2.072874 -0.469852,
        2.279310 2.068005 -0.449991,
        2.274386 2.063188 -0.429118,
        2.272930 2.057894 -0.407053,
        2.275259 2.052322 -0.384684,
        2.281385 2.046710 -0.362987,
        2.290986 2.041299 -0.342890,
        2.303468 2.036305 -0.325143,
        2.318411 2.031576 -0.309935,
        2.336178 2.026380 -0.296997,
        2.356270 2.020854 -0.287031,
        2.377895 2.015228 -0.280595,
        2.400105 2.009748 -0.277955,
        2.421937 2.004638 -0.279046,
        2.442736 1.999934 -0.283569,
        2.463022 1.994846 -0.291627,
        2.482119 1.989379 -0.303237,
        2.499123 1.983755 -0.318063,
        2.513278 1.978219 -0.335479,
        2.524085 1.973003 -0.354648,
        2.531371 1.968261 -0.374705,
        2.535352 1.963291 -0.395998,
        2.535746 1.957896 -0.418247,
        2.532319 1.952287 -0.440524,
        2.287553 1.247287 -0.333980,
        2.276555 1.252599 -0.354652,
        2.269088 1.258178 -0.377250,
        2.265579 1.263787 -0.400831,
        2.266114 1.269182 -0.424361,
        2.270436 1.274152 -0.446863,
        2.278247 1.278894 -0.468039,
        2.289778 1.284110 -0.488258,
        2.304841 1.289646 -0.506605,
        2.322904 1.295270 -0.522198,
        2.343165 1.300737 -0.534378,
        2.364664 1.305825 -0.542795,
        2.386687 1.310530 -0.547470,
        2.409785 1.315639 -0.548510,
        2.433263 1.321119 -0.545601,
        2.456102 1.326745 -0.538680,
        2.477302 1.332271 -0.528033,
        2.496026 1.337467 -0.514255,
        2.511753 1.342196 -0.498091,
        2.524862 1.347190 -0.479255,
        2.534912 1.352601 -0.457948,
        2.541277 1.358213 -0.434966,
        2.543624 1.363785 -0.411294,
        2.541968 1.369079 -0.387963,
        2.536651 1.373896 -0.365911,
        2.527786 1.378765 -0.344947,
        2.515210 1.384094 -0.325165,
        2.499222 1.389680 -0.307522,
        2.480440 1.395284 -0.292850,
        2.459724 1.400663 -0.281724,
        2.438053 1.405608 -0.274398,
        2.415757 1.410365 -0.270745,
        2.392451 1.415602 -0.270807,
        2.369050 1.421148 -0.274871,
        2.346581 1.426770 -0.282900,
        2.326013 1.432223 -0.294514,
        2.308115 1.437288 -0.309044,
        2.293183 1.441995 -0.325900,
        2.280871 1.447127 -0.345508,
        2.271821 1.452619 -0.367386,
        2.266585 1.458246 -0.390670,
        2.265398 1.463761 -0.414349,
        2.268148 1.468936 -0.437402,
        2.274448 1.473656 -0.459040,
        2.284385 1.478673 -0.479766,
        2.297980 1.484099 -0.499032,
        2.314842 1.489715 -0.515902,
        2.334272 1.495279 -0.529606,
        2.355362 1.500554 -0.539657,
        2.377135 1.505349 -0.545899,
        2.399783 1.510243 -0.548532,
        2.423219 1.515589 -0.547343,
        2.446459 1.521182 -0.542127,
        2.468476 1.526780 -0.533020,
        2.488348 1.532144 -0.520495,
        2.505381 1.537063 -0.505281,
        2.519574 1.541838 -0.487668,
        2.531026 1.547094 -0.467336,
        2.539030 1.552649 -0.444960,
        2.543118 1.558269 -0.421457,
        2.543153 1.563709 -0.397856,
        2.539344 1.568750 -0.375154,
        2.532045 1.573462 -0.353844,
        2.521043 1.578616 -0.333435,
        2.506459 1.584120 -0.314763,
        2.488780 1.589746 -0.298730,
        2.468778 1.595250 -0.286034,
        2.447394 1.600404 -0.277070,
        2.425475 1.605116 -0.271880,
        2.402510 1.610157 -0.270300,
        2.379025 1.615598 -0.272633,
        2.356031 1.621217 -0.278991,
        2.334541 1.626772 -0.289135,
        2.315421 1.632028 -0.302511,
        2.299273 1.636802 -0.318352,
        2.285789 1.641722 -0.336785,
        2.275259 1.647086 -0.357782,
        2.268339 1.652684 -0.380582,
        2.265411 1.658277 -0.404219,
        2.266509 1.663623 -0.427660,
        2.271334 1.668518 -0.449943,
        2.279667 1.673312 -0.471005,
        2.291723 1.678587 -0.491016,
        2.307254 1.684151 -0.509020,
        2.325685 1.689767 -0.524159,
        2.346183 1.695193 -0.535815,
        2.367778 1.700211 -0.543686,
        2.389927 1.704930 -0.547849,
        2.413139 1.710105 -0.548341,
        2.436589 1.715620 -0.544855,
        2.459253 1.721247 -0.537376,
        2.480145 1.726739 -0.526239,
        2.498462 1.731871 -0.512077,
        2.513783 1.736578 -0.495575,
        2.526502 1.741643 -0.476346,
        2.536058 1.747096 -0.454746,
        2.541862 1.752719 -0.431602,
        2.543628 1.758265 -0.407916,
        2.541421 1.763501 -0.384715,
        2.535614 1.768258 -0.362881,
        2.526213 1.773203 -0.342026,
        2.513124 1.778582 -0.322492,
        2.496692 1.784186 -0.305228,
        2.477577 1.789772 -0.291033,
        2.456664 1.795102 -0.280443,
        2.434937 1.799970 -0.273661,
        2.412471 1.804787 -0.270517,
        2.389090 1.810081 -0.271139,
        2.365759 1.815653 -0.275780,
        2.343506 1.821265 -0.284353,
        2.323279 1.826676 -0.296430,
        2.305808 1.831670 -0.311311,
        2.291252 1.836399 -0.328536,
        2.279363 1.841595 -0.348513,
        2.270831 1.847122 -0.370649,
        2.266167 1.852747 -0.394053,
        2.265557 1.858227 -0.417703,
        2.268841 1.863337 -0.440590,
        2.275638 1.868041 -0.462054,
        2.286108 1.873129 -0.482631,
        2.300203 1.878596 -0.501609,
        2.317480 1.884220 -0.518068,
        2.337206 1.889756 -0.531273,
        2.358453 1.894972 -0.540781,
        2.380289 1.899715 -0.546493,
        2.403104 1.904684 -0.548604,
        2.426575 1.910080 -0.546845,
        2.449702 1.915688 -0.541057,
        2.317981 2.615555 -0.300431,
        2.337483 2.610244 -0.287472,
        2.359246 2.604665 -0.277841,
        2.382374 2.599056 -0.272053,
        2.405845 2.593660 -0.270293,
        2.428660 2.588691 -0.272404,
        2.450496 2.583949 -0.278117,
        2.471743 2.578733 -0.287625,
        2.491469 2.573196 -0.300830,
        2.508746 2.567572 -0.317289,
        2.522841 2.562105 -0.336267,
        2.533311 2.557018 -0.356844,
        2.540108 2.552313 -0.378308,
        2.543392 2.547203 -0.401195,
        2.542783 2.541723 -0.424844,
        2.538119 2.536098 -0.448249,
        2.529586 2.530572 -0.470385,
        2.517696 2.525376 -0.490362,
        2.503141 2.520646 -0.507587,
        2.485670 2.515653 -0.522468,
        2.465443 2.510242 -0.534545,
        2.443190 2.504629 -0.543117,
        2.419859 2.499057 -0.547758,
        2.396478 2.493764 -0.548381,
        2.374013 2.488946 -0.545236,
        2.352285 2.484078 -0.538454,
        2.331372 2.478749 -0.527864,
        2.312257 2.473163 -0.513670,
        2.295825 2.467559 -0.496406,
        2.282736 2.462179 -0.476872,
        2.273335 2.457234 -0.456017,
        2.267528 2.452477 -0.434183,
        2.265320 2.447241 -0.410981,
        2.267087 2.441695 -0.387295,
        2.272891 2.436073 -0.364152,
        2.282446 2.430619 -0.342551,
        2.295165 2.425554 -0.323323,
        2.310487 2.420847 -0.306821,
        2.328804 2.415715 -0.292658,
        2.349696 2.410223 -0.281521,
        2.372360 2.404597 -0.274043,
        2.395810 2.399081 -0.270557,
        2.419022 2.393907 -0.271049,
        2.441170 2.389187 -0.275212,
        2.462765 2.384169 -0.283083,
        2.483263 2.378744 -0.294739,
        2.501694 2.373127 -0.309878,
        2.517226 2.367563 -0.327881,
        2.529282 2.362289 -0.347893,
        2.537615 2.357494 -0.368954,
        2.542440 2.352600 -0.391238,
        2.543539 2.347253 -0.414678,
        2.540610 2.341661 -0.438316,
        2.533690 2.336062 -0.461115,
        2.523159 2.330698 -0.482113,
        2.509676 2.325779 -0.500546,
        2.493528 2.321004 -0.516386,
        2.474408 2.315748 -0.529763,
        2.452918 2.310193 -0.539907,
        2.429924 2.304574 -0.546264,
        2.406439 2.299134 -0.548597,
        2.383474 2.294093 -0.547017,
        2.361554 2.289380 -0.541827,
        2.340172 2.284227 -0.532864,
        2.320169 2.278723 -0.520167,
        2.302490 2.273096 -0.504134,
        2.287907 2.267592 -0.485462,
        2.276904 2.262438 -0.465054,
        2.269604 2.257726 -0.443744,
        2.265796 2.252685 -0.421041,
        2.265831 2.247245 -0.397441,
        2.269919 2.241625 -0.373938,
        2.277923 2.236070 -0.351561,
        2.289375 2.230815 -0.331230,
        2.303567 2.226040 -0.313616,
        2.320600 2.221120 -0.298403,
        2.340473 2.215757 -0.285877,
        2.362490 2.210158 -0.276771,
        2.385730 2.204566 -0.271555,
        2.409166 2.199219 -0.270366,
        2.431814 2.194325 -0.272998,
        2.453587 2.189530 -0.279241,
        2.474676 2.184256 -0.289291,
        2.494107 2.178692 -0.302996,
        2.510969 2.173075 -0.319866,
        2.524565 2.167650 -0.339131,
        2.534501 2.162632 -0.359857,
        2.540800 2.157912 -0.381496,
        2.543550 2.152737 -0.404549,
        2.542364 2.147222 -0.428228,
        2.537128 2.141596 -0.451512,
        2.528078 2.136104 -0.473389,
        2.515766 2.130972 -0.492998,
        2.500834 2.126265 -0.509853,
        2.482935 2.121200 -0.524383,
        2.462367 2.115746 -0.535997,
        2.439899 2.110124 -0.544027,
        2.416498 2.104578 -0.548091,
        2.393192 2.099342 -0.548153,
        2.370896 2.094585 -0.544499,
        2.349225 2.089640 -0.537174,
        2.328509 2.084260 -0.526048,
        2.309727 2.078657 -0.511376,
        2.293739 2.073070 -0.493733,
        2.281163 2.067741 -0.473951,
        2.272298 2.062872 -0.452987,
        2.266981 2.058055 -0.430934,
        2.265324 2.052762 -0.407604,
        2.267672 2.047190 -0.383931,
        2.274037 2.041577 -0.360950,
        2.284087 2.036167 -0.339643,
        2.297196 2.031172 -0.320806,
        2.312922 2.026443 -0.304643,
        2.331646 2.021247 -0.290865,
        2.352847 2.015721 -0.280218,
        2.375686 2.010096 -0.273297,
        2.399164 2.004616 -0.270388,
        2.422261 1.999506 -0.271428,
        2.444285 1.994801 -0.276102,
        2.465784 1.989714 -0.284520,
        2.486044 1.984246 -0.296699,
        2.504107 1.978622 -0.312293,
        2.519170 1.973086 -0.330639,
        2.530702 1.967870 -0.350859,
        2.538513 1.963128 -0.372035,
        2.542835 1.958158 -0.394536,
        2.543370 1.952763 -0.418067,
        2.539860 1.947154 -0.441648,
        2.279989 1.243946 -0.329376,
        2.268325 1.249257 -0.351381,
        2.260422 1.254837 -0.375429,
        2.256729 1.260445 -0.400516,
        2.257337 1.265841 -0.425542,
        2.261972 1.270810 -0.449468,
        2.270315 1.275552 -0.471978,
        2.282615 1.280769 -0.493464,
        2.298667 1.286305 -0.512953,
        2.317905 1.291929 -0.529508,
        2.339474 1.297396 -0.542428,
        2.362355 1.302483 -0.551344,
        2.385787 1.307188 -0.556280,
        2.410356 1.312298 -0.557347,
        2.435323 1.317778 -0.554214,
        2.459603 1.323403 -0.546815,
        2.482134 1.328930 -0.535454,
        2.502026 1.334125 -0.520769,
        2.518726 1.338855 -0.503550,
        2.532638 1.343848 -0.483494,
        2.543291 1.349259 -0.460814,
        2.550022 1.354872 -0.436360,
        2.552480 1.360444 -0.411178,
        2.550679 1.365737 -0.386366,
        2.544986 1.370555 -0.362920,
        2.535522 1.375423 -0.340637,
        2.522113 1.380752 -0.319617,
        2.505078 1.386339 -0.300879,
        2.485077 1.391943 -0.285305,
        2.463025 1.397322 -0.273506,
        2.439963 1.402267 -0.265751,
        2.416242 1.407024 -0.261902,
        2.391454 1.412260 -0.262007,
        2.366570 1.417806 -0.266369,
        2.342686 1.423428 -0.274947,
        2.320830 1.428882 -0.287334,
        2.301817 1.433947 -0.302819,
        2.285963 1.438654 -0.320772,
        2.272901 1.443786 -0.341648,
        2.263312 1.449278 -0.364933,
        2.257782 1.454904 -0.389707,
        2.256559 1.460420 -0.414894,
        2.259523 1.465594 -0.439409,
        2.266260 1.470314 -0.462413,
        2.276863 1.475332 -0.484441,
        2.291356 1.480757 -0.504909,
        2.309319 1.486374 -0.522824,
        2.330008 1.491937 -0.537368,
        2.352456 1.497213 -0.548022,
        2.375625 1.502007 -0.554625,
        2.399718 1.506901 -0.557387,
        2.424643 1.512248 -0.556083,
        2.449352 1.517841 -0.550496,
        2.472755 1.523439 -0.540774,
        2.493870 1.528802 -0.527419,
        2.511962 1.533722 -0.511208,
        2.527028 1.538497 -0.492450,
        2.539173 1.543753 -0.470806,
        2.547649 1.549308 -0.446993,
        2.551957 1.554927 -0.421988,
        2.551956 1.560367 -0.396886,
        2.547867 1.565409 -0.372746,
        2.540067 1.570120 -0.350093,
        2.528330 1.575274 -0.328404,
        2.512787 1.580778 -0.308569,
        2.493957 1.586405 -0.291545,
        2.472661 1.591909 -0.278075,
        2.449903 1.597063 -0.268578,
        2.426580 1.601775 -0.263094,
        2.402151 1.606816 -0.261452,
        2.377176 1.612256 -0.263973,
        2.352731 1.617876 -0.270773,
        2.329890 1.623431 -0.281599,
        2.309576 1.628687 -0.295858,
        2.292428 1.633461 -0.312733,
        2.278118 1.638381 -0.332362,
        2.266952 1.643744 -0.354713,
        2.259630 1.649343 -0.378974,
        2.256555 1.654935 -0.404120,
        2.257763 1.660282 -0.429050,
        2.262933 1.665176 -0.452743,
        2.271831 1.669971 -0.475131,
        2.284687 1.675246 -0.496394,
        2.301237 1.680809 -0.515517,
        2.320866 1.686426 -0.531589,
        2.342687 1.691852 -0.543951,
        2.365669 1.696869 -0.552287,
        2.389234 1.701589 -0.556677,
        2.413923 1.706764 -0.557162,
        2.438859 1.712279 -0.553415,
        2.462952 1.717906 -0.545422,
        2.485155 1.723398 -0.533542,
        2.504613 1.728530 -0.518448,
        2.520881 1.733237 -0.500870,
        2.534377 1.738301 -0.480397,
        2.544505 1.743755 -0.457406,
        2.550639 1.749377 -0.432781,
        2.552478 1.754923 -0.407585,
        2.550091 1.760159 -0.382912,
        2.543878 1.764917 -0.359698,
        2.533844 1.769861 -0.337532,
        2.519889 1.775241 -0.316778,
        2.502383 1.780844 -0.298443,
        2.482028 1.786431 -0.283378,
        2.459767 1.791760 -0.272149,
        2.436646 1.796629 -0.264972,
        2.412747 1.801446 -0.261665,
        2.387880 1.806739 -0.262367,
        2.363072 1.812311 -0.267342,
        2.339418 1.817924 -0.276497,
        2.317924 1.823335 -0.289376,
        2.299367 1.828328 -0.305233,
        2.283914 1.833058 -0.323579,
        2.271302 1.838254 -0.344846,
        2.262264 1.843780 -0.368405,
        2.257342 1.849406 -0.393306,
        2.256734 1.854885 -0.418461,
        2.260265 1.859995 -0.442798,
        2.267530 1.864700 -0.465616,
        2.278701 1.869787 -0.487485,
        2.293724 1.875254 -0.507646,
        2.312128 1.880878 -0.525124,
        2.333131 1.886415 -0.539136,
        2.355745 1.891631 -0.549213,
        2.378980 1.896373 -0.555252,
        2.403250 1.901343 -0.557459,
        2.428211 1.906738 -0.555548,
        2.452800 1.912346 -0.549353,
        2.312295 2.612214 -0.293641,
        2.333017 2.606902 -0.279825,
        2.356149 2.601323 -0.269545,
        2.380737 2.595715 -0.263349,
        2.405698 2.590319 -0.261439,
        2.429969 2.585350 -0.263646,
        2.453204 2.580607 -0.269685,
        2.475817 2.575391 -0.279762,
        2.496820 2.569855 -0.293774,
        2.515225 2.564231 -0.311251,
        2.530248 2.558764 -0.331413,
        2.541419 2.553676 -0.353281,
        2.548683 2.548972 -0.376099,
        2.552215 2.543862 -0.400437,
        2.551607 2.538382 -0.425592,
        2.546685 2.532756 -0.450493,
        2.537647 2.527230 -0.474052,
        2.525035 2.522035 -0.495319,
        2.509582 2.517305 -0.513665,
        2.491025 2.512311 -0.529522,
        2.469531 2.506900 -0.542400,
        2.445877 2.501287 -0.551556,
        2.421069 2.495716 -0.556531,
        2.396202 2.490422 -0.557233,
        2.372303 2.485605 -0.553925,
        2.349181 2.480737 -0.546748,
        2.326920 2.475407 -0.535520,
        2.306565 2.469821 -0.520455,
        2.289059 2.464217 -0.502120,
        2.275105 2.458837 -0.481365,
        2.265071 2.453893 -0.459200,
        2.258857 2.449136 -0.435986,
        2.256471 2.443900 -0.411312,
        2.258310 2.438354 -0.386117,
        2.264444 2.432731 -0.361491,
        2.274571 2.427278 -0.338500,
        2.288067 2.422213 -0.318028,
        2.304336 2.417506 -0.300450,
        2.323794 2.412374 -0.285356,
        2.345996 2.406882 -0.273475,
        2.370089 2.401256 -0.265483,
        2.395026 2.395740 -0.261735,
        2.419715 2.390565 -0.262220,
        2.443280 2.385846 -0.266611,
        2.466261 2.380828 -0.274946,
        2.488083 2.375402 -0.287309,
        2.507712 2.369786 -0.303381,
        2.524261 2.364222 -0.322503,
        2.537119 2.358947 -0.343767,
        2.546016 2.354153 -0.366155,
        2.551186 2.349258 -0.389848,
        2.552394 2.343912 -0.414778,
        2.549319 2.338319 -0.439924,
        2.541997 2.332720 -0.464185,
        2.530831 2.327357 -0.486536,
        2.516521 2.322437 -0.506165,
        2.499372 2.317663 -0.523039,
        2.479059 2.312407 -0.537299,
        2.456218 2.306852 -0.548125,
        2.431772 2.301232 -0.554925,
        2.406798 2.295793 -0.557446,
        2.382369 2.290751 -0.555804,
        2.359046 2.286039 -0.550320,
        2.336288 2.280885 -0.540823,
        2.314991 2.275381 -0.527352,
        2.296161 2.269755 -0.510329,
        2.280619 2.264251 -0.490493,
        2.268882 2.259097 -0.468805,
        2.261082 2.254385 -0.446152,
        2.256993 2.249344 -0.422012,
        2.256991 2.243904 -0.396910,
        2.261300 2.238284 -0.371904,
        2.269776 2.232729 -0.348091,
        2.281922 2.227473 -0.326447,
        2.296987 2.222698 -0.307689,
        2.315078 2.217779 -0.291479,
        2.336194 2.212416 -0.278124,
        2.359597 2.206817 -0.268401,
        2.384307 2.201224 -0.262814,
        2.409231 2.195878 -0.261510,
        2.433324 2.190983 -0.264272,
        2.456493 2.186189 -0.270876,
        2.478941 2.180914 -0.281530,
        2.499630 2.175350 -0.296074,
        2.517593 2.169734 -0.313988,
        2.532086 2.164308 -0.334457,
        2.542689 2.159291 -0.356485,
        2.549426 2.154571 -0.379489,
        2.552389 2.149396 -0.404004,
        2.551167 2.143881 -0.429191,
        2.545637 2.138254 -0.453965,
        2.536048 2.132762 -0.477249,
        2.522985 2.127630 -0.498126,
        2.507132 2.122923 -0.516078,
        2.488120 2.117858 -0.531563,
        2.466263 2.112405 -0.543950,
        2.442378 2.106783 -0.552528,
        2.417495 2.101237 -0.556890,
        2.392707 2.096000 -0.556995,
        2.368986 2.091243 -0.553146,
        2.345924 2.086298 -0.545391,
        2.323872 2.080919 -0.533593,
        2.303871 2.075315 -0.518019,
        2.286836 2.069729 -0.499280,
        2.273427 2.064400 -0.478261,
        2.263963 2.059531 -0.455978,
        2.258270 2.054714 -0.432532,
        2.256469 2.049420 -0.407720,
        2.258926 2.043848 -0.382538,
        2.265657 2.038236 -0.358084,
        2.276311 2.032825 -0.335404,
        2.290223 2.027831 -0.315348,
        2.306922 2.023102 -0.298129,
        2.326815 2.017906 -0.283443,
        2.349346 2.012380 -0.272083,
        2.373626 2.006754 -0.264684,
        2.398593 2.001274 -0.261551,
        2.423161 1.996165 -0.262618,
        2.446594 1.991460 -0.267553,
        2.469474 1.986372 -0.276470,
        2.491044 1.980905 -0.289390,
        2.510283 1.975281 -0.305944,
        2.526334 1.969745 -0.325433,
        2.538633 1.964529 -0.346920,
        2.546977 1.959787 -0.369430,
        2.551612 1.954817 -0.393356,
        2.552220 1.949422 -0.418382,
        2.548527 1.943813 -0.443469,
        2.272007 1.242767 -0.323942,
        2.259545 1.248079 -0.347363,
        2.251086 1.253658 -0.372965,
        2.247109 1.259267 -0.399682,
        2.247715 1.264662 -0.426342,
        2.252611 1.269631 -0.451835,
        2.261461 1.274374 -0.475827,
        2.274525 1.279590 -0.498736,
        2.291591 1.285126 -0.519523,
        2.312055 1.290750 -0.537190,
        2.335009 1.296217 -0.550989,
        2.359367 1.301305 -0.560526,
        2.384319 1.306009 -0.565823,
        2.410488 1.311119 -0.567002,
        2.437089 1.316599 -0.563706,
        2.462965 1.322225 -0.555866,
        2.486984 1.327751 -0.543804,
        2.508199 1.332946 -0.528194,
        2.526017 1.337676 -0.509881,
        2.540870 1.342670 -0.488540,
        2.552256 1.348081 -0.464399,
        2.559468 1.353694 -0.438362,
        2.562128 1.359265 -0.411542,
        2.560252 1.364559 -0.385109,
        2.554228 1.369376 -0.360124,
        2.544184 1.374244 -0.336372,
        2.529937 1.379574 -0.313959,
        2.511823 1.385160 -0.293970,
        2.490544 1.390764 -0.277346,
        2.467074 1.396144 -0.264741,
        2.442521 1.401088 -0.256441,
        2.417260 1.405846 -0.252300,
        2.390855 1.411081 -0.252370,
        2.364342 1.416628 -0.256974,
        2.338885 1.422250 -0.266071,
        2.315582 1.427704 -0.279229,
        2.295304 1.432768 -0.295691,
        2.278386 1.437475 -0.314788,
        2.264436 1.442607 -0.337004,
        2.254182 1.448100 -0.361790,
        2.248249 1.453726 -0.388170,
        2.246905 1.459241 -0.414998,
        2.250020 1.464416 -0.441116,
        2.257157 1.469135 -0.465632,
        2.268414 1.474153 -0.489114,
        2.283817 1.479579 -0.510942,
        2.302921 1.485195 -0.530056,
        2.324935 1.490759 -0.545583,
        2.348829 1.496034 -0.556970,
        2.373497 1.500829 -0.564043,
        2.399156 1.505723 -0.567027,
        2.425709 1.511069 -0.565680,
        2.452039 1.516662 -0.559771,
        2.476984 1.522261 -0.549454,
        2.499500 1.527624 -0.535263,
        2.518798 1.532544 -0.518027,
        2.534878 1.537318 -0.498071,
        2.547853 1.542574 -0.475037,
        2.556922 1.548129 -0.449685,
        2.561554 1.553749 -0.423056,
        2.561594 1.559189 -0.396317,
        2.557280 1.564230 -0.370596,
        2.549010 1.568942 -0.346452,
        2.536544 1.574096 -0.323330,
        2.520022 1.579600 -0.302174,
        2.499993 1.585226 -0.284009,
        2.477330 1.590730 -0.269624,
        2.453105 1.595884 -0.259468,
        2.428270 1.600596 -0.253587,
        2.402251 1.605637 -0.251797,
        2.375643 1.611078 -0.254440,
        2.349592 1.616697 -0.261642,
        2.325243 1.622252 -0.273135,
        2.303581 1.627508 -0.288290,
        2.285285 1.632283 -0.306236,
        2.270009 1.637202 -0.327120,
        2.258077 1.642565 -0.350909,
        2.250237 1.648164 -0.376741,
        2.246919 1.653757 -0.403521,
        2.248162 1.659103 -0.430079,
        2.253629 1.663998 -0.455326,
        2.263069 1.668793 -0.479189,
        2.276728 1.674067 -0.501861,
        2.294324 1.679631 -0.522259,
        2.315206 1.685247 -0.539411,
        2.338430 1.690673 -0.552617,
        2.362896 1.695691 -0.561535,
        2.387990 1.700410 -0.566252,
        2.414288 1.705585 -0.566811,
        2.440857 1.711100 -0.562861,
        2.466535 1.716727 -0.554389,
        2.490206 1.722219 -0.541771,
        2.510958 1.727351 -0.525726,
        2.528317 1.732058 -0.507030,
        2.542728 1.737123 -0.485245,
        2.553555 1.742577 -0.460772,
        2.560131 1.748198 -0.434551,
        2.562132 1.753744 -0.407715,
        2.559632 1.758981 -0.381429,
        2.553053 1.763738 -0.356691,
        2.542403 1.768683 -0.333063,
        2.527573 1.774062 -0.310931,
        2.508957 1.779666 -0.291370,
        2.487300 1.785252 -0.275289,
        2.463606 1.790582 -0.263290,
        2.438990 1.795450 -0.255606,
        2.413537 1.800268 -0.252042,
        2.387047 1.805561 -0.252747,
        2.360613 1.811132 -0.258005,
        2.335402 1.816745 -0.267717,
        2.312484 1.822156 -0.281399,
        2.292690 1.827150 -0.298259,
        2.276198 1.831880 -0.317774,
        2.262727 1.837076 -0.340407,
        2.253060 1.842601 -0.365487,
        2.247775 1.848227 -0.392003,
        2.247084 1.853707 -0.418798,
        2.250804 1.858817 -0.444728,
        2.258504 1.863521 -0.469046,
        2.270367 1.868609 -0.492360,
        2.286335 1.874076 -0.513862,
        2.305910 1.879700 -0.532510,
        2.328259 1.885236 -0.547472,
        2.352330 1.890452 -0.558244,
        2.377070 1.895194 -0.564717,
        2.402919 1.900164 -0.567109,
        2.429511 1.905559 -0.565116,
        2.455714 1.911168 -0.558558,
        2.306481 2.611035 -0.285932,
        2.328578 2.605724 -0.271251,
        2.353235 2.600144 -0.260339,
        2.379438 2.594536 -0.253782,
        2.406030 2.589140 -0.251789,
        2.431879 2.584171 -0.254181,
        2.456619 2.579429 -0.260654,
        2.480690 2.574213 -0.271426,
        2.503039 2.568676 -0.286387,
        2.522614 2.563052 -0.305036,
        2.538582 2.557585 -0.326538,
        2.550444 2.552498 -0.349852,
        2.558144 2.547793 -0.374170,
        2.561865 2.542683 -0.400100,
        2.561174 2.537203 -0.426894,
        2.555889 2.531578 -0.453411,
        2.546222 2.526052 -0.478491,
        2.532751 2.520856 -0.501123,
        2.516259 2.516126 -0.520639,
        2.496465 2.511133 -0.537498,
        2.473548 2.505722 -0.551181,
        2.448335 2.500109 -0.560893,
        2.421902 2.494537 -0.566150,
        2.395411 2.489244 -0.566856,
        2.369959 2.484426 -0.563292,
        2.345343 2.479558 -0.555608,
        2.321649 2.474229 -0.543609,
        2.299992 2.468643 -0.527527,
        2.281376 2.463039 -0.507967,
        2.266546 2.457659 -0.485835,
        2.255896 2.452714 -0.462207,
        2.249317 2.447957 -0.437469,
        2.246817 2.442721 -0.411182,
        2.248818 2.437175 -0.384347,
        2.255394 2.431553 -0.358126,
        2.266221 2.426099 -0.333653,
        2.280631 2.421034 -0.311868,
        2.297991 2.416328 -0.293172,
        2.318743 2.411195 -0.277126,
        2.342414 2.405703 -0.264509,
        2.368092 2.400077 -0.256037,
        2.394661 2.394562 -0.252087,
        2.420959 2.389387 -0.252645,
        2.446053 2.384667 -0.257362,
        2.470519 2.379649 -0.266281,
        2.493743 2.374224 -0.279486,
        2.514624 2.368607 -0.296639,
        2.532221 2.363044 -0.317037,
        2.545880 2.357769 -0.339709,
        2.555320 2.352974 -0.363572,
        2.560787 2.348080 -0.388819,
        2.562030 2.342733 -0.415376,
        2.558712 2.337141 -0.442157,
        2.550872 2.331542 -0.467988,
        2.538940 2.326179 -0.491778,
        2.523664 2.321259 -0.512662,
        2.505368 2.316484 -0.530608,
        2.483706 2.311229 -0.545763,
        2.459357 2.305674 -0.557256,
        2.433306 2.300054 -0.564458,
        2.406698 2.294614 -0.567101,
        2.380678 2.289573 -0.565310,
        2.355844 2.284861 -0.559430,
        2.331618 2.279707 -0.549274,
        2.308956 2.274203 -0.534889,
        2.288927 2.268576 -0.516723,
        2.272404 2.263072 -0.495568,
        2.259939 2.257919 -0.472445,
        2.251669 2.253207 -0.448302,
        2.247355 2.248165 -0.422580,
        2.247395 2.242725 -0.395841,
        2.252027 2.237106 -0.369213,
        2.261096 2.231550 -0.343861,
        2.274070 2.226294 -0.320826,
        2.290151 2.221520 -0.300871,
        2.309449 2.216600 -0.283634,
        2.331965 2.211237 -0.269444,
        2.356910 2.205639 -0.259127,
        2.383241 2.200046 -0.253218,
        2.409793 2.194699 -0.251871,
        2.435452 2.189805 -0.254854,
        2.460120 2.185010 -0.261927,
        2.484014 2.179735 -0.273315,
        2.506028 2.174172 -0.288842,
        2.525131 2.168556 -0.307956,
        2.540535 2.163130 -0.329783,
        2.551792 2.158112 -0.353265,
        2.558929 2.153392 -0.377781,
        2.562044 2.148217 -0.403900,
        2.560700 2.142702 -0.430728,
        2.554767 2.137076 -0.457108,
        2.544513 2.131583 -0.481894,
        2.530563 2.126451 -0.504110,
        2.513645 2.121744 -0.523206,
        2.493367 2.116680 -0.539669,
        2.470063 2.111226 -0.552826,
        2.444607 2.105604 -0.561923,
        2.418094 2.100058 -0.566527,
        2.391689 2.094822 -0.566597,
        2.366428 2.090065 -0.562457,
        2.341875 2.085120 -0.554157,
        2.318406 2.079740 -0.541552,
        2.297126 2.074136 -0.524928,
        2.279012 2.068550 -0.504939,
        2.264765 2.063221 -0.482526,
        2.254721 2.058352 -0.458774,
        2.248697 2.053535 -0.433789,
        2.246821 2.048242 -0.407356,
        2.249481 2.042670 -0.380536,
        2.256693 2.037057 -0.354498,
        2.268079 2.031646 -0.330357,
        2.282932 2.026652 -0.309017,
        2.300750 2.021923 -0.290704,
        2.321965 2.016727 -0.275094,
        2.345984 2.011201 -0.263032,
        2.371860 2.005576 -0.255191,
        2.398461 2.000096 -0.251896,
        2.424630 1.994986 -0.253075,
        2.449582 1.990281 -0.258371,
        2.473939 1.985194 -0.267908,
        2.496894 1.979727 -0.281708,
        2.517358 1.974103 -0.299375,
        2.534424 1.968566 -0.320161,
        2.547488 1.963350 -0.343070,
        2.556338 1.958608 -0.367063,
        2.561235 1.953639 -0.392556,
        2.561839 1.948243 -0.419216,
        2.557863 1.942634 -0.445932,
        2.265023 1.243729 -0.318700,
        2.251781 1.249040 -0.343366,
        2.242755 1.254619 -0.370350,
        2.238454 1.260228 -0.398527,
        2.238988 1.265624 -0.426662,
        2.244056 1.270593 -0.453583,
        2.253300 1.275335 -0.478935,
        2.266997 1.280551 -0.503161,
        2.284924 1.286087 -0.525163,
        2.306450 1.291711 -0.543886,
        2.330619 1.297179 -0.558537,
        2.356285 1.302266 -0.568696,
        2.382594 1.306970 -0.574383,
        2.410205 1.312081 -0.575730,
        2.438288 1.317561 -0.572356,
        2.465624 1.323186 -0.564183,
        2.491018 1.328712 -0.551548,
        2.513465 1.333908 -0.535159,
        2.532339 1.338637 -0.515904,
        2.548096 1.343631 -0.493443,
        2.560206 1.349042 -0.468013,
        2.567918 1.354655 -0.440565,
        2.570830 1.360227 -0.412274,
        2.568953 1.365520 -0.384373,
        2.562694 1.370337 -0.357984,
        2.552189 1.375206 -0.332881,
        2.537241 1.380535 -0.309174,
        2.518206 1.386121 -0.288010,
        2.495815 1.391725 -0.270384,
        2.471098 1.397105 -0.256991,
        2.445221 1.402050 -0.248136,
        2.418581 1.406807 -0.243669,
        2.390717 1.412043 -0.243639,
        2.362720 1.417589 -0.248394,
        2.335823 1.423211 -0.257894,
        2.311180 1.428665 -0.271687,
        2.289717 1.433730 -0.288980,
        2.271790 1.438437 -0.309065,
        2.256983 1.443569 -0.332454,
        2.246066 1.449061 -0.358569,
        2.239702 1.454687 -0.386384,
        2.238178 1.460202 -0.414688,
        2.241363 1.465377 -0.442262,
        2.248798 1.470097 -0.468160,
        2.260585 1.475115 -0.492983,
        2.276755 1.480540 -0.516078,
        2.296839 1.486157 -0.536322,
        2.320008 1.491720 -0.552793,
        2.345178 1.496995 -0.564903,
        2.371181 1.501790 -0.572463,
        2.398246 1.506684 -0.575711,
        2.426271 1.512031 -0.574394,
        2.454079 1.517624 -0.568261,
        2.480443 1.523222 -0.557472,
        2.504258 1.528585 -0.542585,
        2.524690 1.533505 -0.524472,
        2.541736 1.538280 -0.503477,
        2.555517 1.543535 -0.479220,
        2.565187 1.549091 -0.452504,
        2.570179 1.554710 -0.424422,
        2.570326 1.560150 -0.396206,
        2.565874 1.565191 -0.369047,
        2.557241 1.569904 -0.343537,
        2.544178 1.575057 -0.319088,
        2.526825 1.580561 -0.296700,
        2.505761 1.586188 -0.277452,
        2.481902 1.591692 -0.262184,
        2.456378 1.596845 -0.251372,
        2.430194 1.601557 -0.245070,
        2.402745 1.606599 -0.243078,
        2.374657 1.612039 -0.245763,
        2.347138 1.617658 -0.253261,
        2.321399 1.623213 -0.265294,
        2.298480 1.628469 -0.281202,
        2.279104 1.633244 -0.300068,
        2.262902 1.638163 -0.322046,
        2.250218 1.643527 -0.347103,
        2.241844 1.649125 -0.374331,
        2.238237 1.654718 -0.402578,
        2.239446 1.660065 -0.430607,
        2.245116 1.664959 -0.457270,
        2.254984 1.669754 -0.482489,
        2.269309 1.675028 -0.506467,
        2.287798 1.680592 -0.528060,
        2.309767 1.686209 -0.546242,
        2.334221 1.691634 -0.560269,
        2.360004 1.696652 -0.569775,
        2.386467 1.701372 -0.574851,
        2.414215 1.706546 -0.575543,
        2.442267 1.712062 -0.571479,
        2.469396 1.717688 -0.562639,
        2.494424 1.723180 -0.549417,
        2.516387 1.728313 -0.532566,
        2.534778 1.733019 -0.512905,
        2.550070 1.738084 -0.489973,
        2.561591 1.743538 -0.464190,
        2.568632 1.749160 -0.436546,
        2.570849 1.754706 -0.408236,
        2.568314 1.759942 -0.380487,
        2.561468 1.764699 -0.354357,
        2.550321 1.769644 -0.329381,
        2.534759 1.775024 -0.305969,
        2.515191 1.780627 -0.285256,
        2.492400 1.786214 -0.268200,
        2.467444 1.791543 -0.255446,
        2.441498 1.796411 -0.247241,
        2.414654 1.801229 -0.243381,
        2.386697 1.806522 -0.244022,
        2.358782 1.812094 -0.249467,
        2.332140 1.817707 -0.259617,
        2.307902 1.823117 -0.273965,
        2.286949 1.828111 -0.291679,
        2.269470 1.832841 -0.312208,
        2.255166 1.838037 -0.336039,
        2.244867 1.843563 -0.362466,
        2.239186 1.849188 -0.390427,
        2.238353 1.854668 -0.418699,
        2.242177 1.859778 -0.446076,
        2.250207 1.864483 -0.471768,
        2.262634 1.869570 -0.496416,
        2.279400 1.875037 -0.519169,
        2.299983 1.880661 -0.538923,
        2.323509 1.886198 -0.554799,
        2.348868 1.891414 -0.566261,
        2.374949 1.896156 -0.573187,
        2.402217 1.901125 -0.575813,
        2.430285 1.906521 -0.573814,
        2.457961 1.912130 -0.566996,
        2.301550 2.611996 -0.278725,
        2.324925 2.606685 -0.263319,
        2.350987 2.601106 -0.251902,
        2.378663 2.595497 -0.245084,
        2.406732 2.590102 -0.243085,
        2.434000 2.585132 -0.245710,
        2.460081 2.580390 -0.252637,
        2.485440 2.575174 -0.264099,
        2.508965 2.569637 -0.279974,
        2.529549 2.564013 -0.299729,
        2.546315 2.558546 -0.322481,
        2.558742 2.553459 -0.347130,
        2.566772 2.548754 -0.372821,
        2.570596 2.543644 -0.400198,
        2.569763 2.538165 -0.428471,
        2.564082 2.532539 -0.456432,
        2.553783 2.527013 -0.482859,
        2.539479 2.521817 -0.506689,
        2.522000 2.517088 -0.527219,
        2.501047 2.512094 -0.544933,
        2.476809 2.506683 -0.559281,
        2.450167 2.501070 -0.569431,
        2.422252 2.495498 -0.574876,
        2.394296 2.490205 -0.575517,
        2.367451 2.485388 -0.571656,
        2.341504 2.480519 -0.563452,
        2.316549 2.475190 -0.550697,
        2.293758 2.469604 -0.533642,
        2.274190 2.464000 -0.512928,
        2.258628 2.458620 -0.489516,
        2.247481 2.453676 -0.464541,
        2.240635 2.448919 -0.438410,
        2.238100 2.443682 -0.410662,
        2.240317 2.438136 -0.382351,
        2.247358 2.432514 -0.354708,
        2.258879 2.427060 -0.328925,
        2.274171 2.421996 -0.305993,
        2.292562 2.417289 -0.286332,
        2.314524 2.412157 -0.269481,
        2.339552 2.406664 -0.256259,
        2.366681 2.401038 -0.247419,
        2.394734 2.395523 -0.243355,
        2.422482 2.390348 -0.244047,
        2.448944 2.385628 -0.249123,
        2.474728 2.380611 -0.258629,
        2.499183 2.375185 -0.272656,
        2.521151 2.369569 -0.290837,
        2.539639 2.364005 -0.312431,
        2.553965 2.358730 -0.336409,
        2.563833 2.353935 -0.361627,
        2.569503 2.349041 -0.388290,
        2.570712 2.343694 -0.416320,
        2.567105 2.338102 -0.444567,
        2.558731 2.332503 -0.471794,
        2.546047 2.327140 -0.496852,
        2.529845 2.322220 -0.518830,
        2.510469 2.317446 -0.537696,
        2.487550 2.312190 -0.553603,
        2.461811 2.306635 -0.565637,
        2.434293 2.301015 -0.573134,
        2.406204 2.295575 -0.575819,
        2.378754 2.290534 -0.573828,
        2.352571 2.285822 -0.567525,
        2.327046 2.280668 -0.556714,
        2.303188 2.275164 -0.541446,
        2.282124 2.269537 -0.522198,
        2.264771 2.264033 -0.499809,
        2.251707 2.258880 -0.475361,
        2.243075 2.254168 -0.449851,
        2.238623 2.249126 -0.422691,
        2.238770 2.243687 -0.394476,
        2.243763 2.238067 -0.366394,
        2.253431 2.232511 -0.339677,
        2.267213 2.227256 -0.315420,
        2.284259 2.222481 -0.294426,
        2.304691 2.217562 -0.276312,
        2.328506 2.212198 -0.261426,
        2.354870 2.206600 -0.250636,
        2.382678 2.201007 -0.244504,
        2.410703 2.195661 -0.243186,
        2.437768 2.190767 -0.246435,
        2.463771 2.185972 -0.253995,
        2.488941 2.180697 -0.266105,
        2.512110 2.175133 -0.282576,
        2.532194 2.169517 -0.302820,
        2.548363 2.164091 -0.325914,
        2.560150 2.159073 -0.350737,
        2.567586 2.154354 -0.376636,
        2.570771 2.149179 -0.404209,
        2.569247 2.143663 -0.432514,
        2.562883 2.138037 -0.460328,
        2.551966 2.132545 -0.486444,
        2.537159 2.127413 -0.509833,
        2.519232 2.122706 -0.529918,
        2.497769 2.117641 -0.547211,
        2.473126 2.112187 -0.561004,
        2.446228 2.106565 -0.570504,
        2.418232 2.101019 -0.575258,
        2.390368 2.095783 -0.575229,
        2.363728 2.091026 -0.570761,
        2.337851 2.086081 -0.561907,
        2.313134 2.080702 -0.548513,
        2.290744 2.075098 -0.530887,
        2.271707 2.069511 -0.509724,
        2.256760 2.064182 -0.486017,
        2.246255 2.059314 -0.460913,
        2.239996 2.054496 -0.434524,
        2.238119 2.049203 -0.406624,
        2.241031 2.043631 -0.378332,
        2.248743 2.038019 -0.350885,
        2.260853 2.032608 -0.325455,
        2.276610 2.027614 -0.302993,
        2.295484 2.022884 -0.283738,
        2.317931 2.017689 -0.267349,
        2.343325 2.012162 -0.254714,
        2.370661 2.006537 -0.246542,
        2.398744 2.001057 -0.243168,
        2.426354 1.995947 -0.244515,
        2.452664 1.991243 -0.250201,
        2.478330 1.986155 -0.260360,
        2.502499 1.980688 -0.275012,
        2.524025 1.975064 -0.293735,
        2.541952 1.969528 -0.315737,
        2.555649 1.964311 -0.339962,
        2.564893 1.959569 -0.365315,
        2.569961 1.954600 -0.392235,
        2.570495 1.949204 -0.420370,
        2.566194 1.943596 -0.448548,
        2.258300 1.246760 -0.313139,
        2.244221 1.252072 -0.339011,
        2.234562 1.257651 -0.367346,
        2.229869 1.263259 -0.396966,
        2.230263 1.268655 -0.426570,
        2.235434 1.273624 -0.454924,
        2.245009 1.278367 -0.481652,
        2.259274 1.283583 -0.507222,
        2.278004 1.289119 -0.530477,
        2.300539 1.294743 -0.550304,
        2.325880 1.300210 -0.565864,
        2.352822 1.305298 -0.576706,
        2.380469 1.310002 -0.582846,
        2.409509 1.315112 -0.584427,
        2.439076 1.320592 -0.581046,
        2.467885 1.326217 -0.572611,
        2.494677 1.331743 -0.559469,
        2.518392 1.336939 -0.542361,
        2.538364 1.341669 -0.522215,
        2.555077 1.346663 -0.498678,
        2.567970 1.352074 -0.471995,
        2.576248 1.357686 -0.443163,
        2.579480 1.363258 -0.413415,
        2.577672 1.368552 -0.384050,
        2.571245 1.373369 -0.356249,
        2.560343 1.378237 -0.329775,
        2.544758 1.383567 -0.304743,
        2.524857 1.389153 -0.282363,
        2.501405 1.394757 -0.263685,
        2.475480 1.400136 -0.249446,
        2.448308 1.405081 -0.239975,
        2.420307 1.409838 -0.235115,
        2.390991 1.415074 -0.234918,
        2.361508 1.420620 -0.239753,
        2.333152 1.426243 -0.249587,
        2.307143 1.431696 -0.263952,
        2.284458 1.436761 -0.282017,
        2.265477 1.441468 -0.303042,
        2.249758 1.446600 -0.327561,
        2.238117 1.452092 -0.354972,
        2.231255 1.457719 -0.384198,
        2.229482 1.463234 -0.413967,
        2.232669 1.468409 -0.442996,
        2.240336 1.473128 -0.470289,
        2.252590 1.478146 -0.496476,
        2.269463 1.483572 -0.520870,
        2.290473 1.489188 -0.542289,
        2.314751 1.494752 -0.559757,
        2.341159 1.500026 -0.572648,
        2.368472 1.504821 -0.580757,
        2.396928 1.509716 -0.584337,
        2.426421 1.515062 -0.583119,
        2.455714 1.520655 -0.576832,
        2.483517 1.526253 -0.565638,
        2.508661 1.531617 -0.550119,
        2.530266 1.536536 -0.531183,
        2.548326 1.541311 -0.509196,
        2.562970 1.546567 -0.483759,
        2.573302 1.552122 -0.455707,
        2.578722 1.557741 -0.426193,
        2.579046 1.563181 -0.396507,
        2.574524 1.568223 -0.367906,
        2.565594 1.572935 -0.341016,
        2.551996 1.578089 -0.315215,
        2.533874 1.583593 -0.291557,
        2.511827 1.589219 -0.271180,
        2.486817 1.594723 -0.254974,
        2.460026 1.599877 -0.243447,
        2.432517 1.604589 -0.236659,
        2.403649 1.609630 -0.234400,
        2.374081 1.615070 -0.237057,
        2.345084 1.620690 -0.244781,
        2.317932 1.626245 -0.257287,
        2.293724 1.631500 -0.273886,
        2.273226 1.636275 -0.293619,
        2.256048 1.641195 -0.316646,
        2.242554 1.646558 -0.342933,
        2.233580 1.652157 -0.371529,
        2.229617 1.657749 -0.401226,
        2.230721 1.663096 -0.430724,
        2.236527 1.667990 -0.458810,
        2.246759 1.672785 -0.485400,
        2.261687 1.678060 -0.510714,
        2.281010 1.683624 -0.533543,
        2.304015 1.689240 -0.552804,
        2.329660 1.694666 -0.567707,
        2.356730 1.699683 -0.577863,
        2.384540 1.704403 -0.583361,
        2.413730 1.709578 -0.584255,
        2.443268 1.715093 -0.580147,
        2.471864 1.720719 -0.571008,
        2.498275 1.726212 -0.557247,
        2.521481 1.731344 -0.539649,
        2.540948 1.736051 -0.519074,
        2.557174 1.741115 -0.495038,
        2.569450 1.746569 -0.467981,
        2.577023 1.752191 -0.438939,
        2.579525 1.757737 -0.409167,
        2.577023 1.762973 -0.379957,
        2.569977 1.767731 -0.352425,
        2.558399 1.772675 -0.326081,
        2.542165 1.778055 -0.301357,
        2.521701 1.783659 -0.279446,
        2.497825 1.789245 -0.261367,
        2.471646 1.794574 -0.247799,
        2.444396 1.799443 -0.239011,
        2.416176 1.804260 -0.234790,
        2.386759 1.809554 -0.235297,
        2.357358 1.815125 -0.240858,
        2.329266 1.820738 -0.251378,
        2.303680 1.826149 -0.266329,
        2.281530 1.831143 -0.284840,
        2.263017 1.835872 -0.306335,
        2.247826 1.841068 -0.331322,
        2.236831 1.846594 -0.359064,
        2.230688 1.852220 -0.388448,
        2.229642 1.857699 -0.418188,
        2.233502 1.862809 -0.447015,
        2.241797 1.867514 -0.474093,
        2.254724 1.872602 -0.500099,
        2.272228 1.878069 -0.524138,
        2.293765 1.883693 -0.545045,
        2.318422 1.889229 -0.561888,
        2.345033 1.894445 -0.574098,
        2.372432 1.899187 -0.581542,
        2.401105 1.904157 -0.584467,
        2.430648 1.909552 -0.582532,
        2.459807 1.915161 -0.575524,
        2.296969 2.615028 -0.271299,
        2.321653 2.609717 -0.255230,
        2.349142 2.604137 -0.243373,
        2.378301 2.598529 -0.236366,
        2.407844 2.593133 -0.234431,
        2.436517 2.588164 -0.237356,
        2.463915 2.583422 -0.244799,
        2.490527 2.578206 -0.257010,
        2.515183 2.572669 -0.273853,
        2.536721 2.567045 -0.294760,
        2.554225 2.561578 -0.318798,
        2.567152 2.556490 -0.344805,
        2.575447 2.551786 -0.371883,
        2.579307 2.546676 -0.400709,
        2.578261 2.541196 -0.430450,
        2.572117 2.535570 -0.459833,
        2.561123 2.530044 -0.487576,
        2.545932 2.524849 -0.512563,
        2.527419 2.520119 -0.534057,
        2.505269 2.515125 -0.552569,
        2.479683 2.509715 -0.567520,
        2.451591 2.504102 -0.578039,
        2.422189 2.498530 -0.583601,
        2.392772 2.493237 -0.584108,
        2.364552 2.488419 -0.579887,
        2.337303 2.483551 -0.571099,
        2.311124 2.478222 -0.557531,
        2.287248 2.472635 -0.539451,
        2.266783 2.467031 -0.517541,
        2.250550 2.461652 -0.492816,
        2.238972 2.456707 -0.466473,
        2.231926 2.451950 -0.438940,
        2.229424 2.446714 -0.409731,
        2.231926 2.441168 -0.379958,
        2.239499 2.435546 -0.350917,
        2.251775 2.430092 -0.323859,
        2.268000 2.425027 -0.299824,
        2.287467 2.420320 -0.279248,
        2.310674 2.415188 -0.261651,
        2.337085 2.409696 -0.247889,
        2.365681 2.404070 -0.238751,
        2.395219 2.398554 -0.234643,
        2.424409 2.393380 -0.235537,
        2.452220 2.388660 -0.241035,
        2.479289 2.383642 -0.251191,
        2.504935 2.378216 -0.266094,
        2.527939 2.372600 -0.285355,
        2.547262 2.367036 -0.308184,
        2.562190 2.361761 -0.333497,
        2.572422 2.356967 -0.360088,
        2.578228 2.352072 -0.388174,
        2.579332 2.346726 -0.417671,
        2.575369 2.341133 -0.447369,
        2.566395 2.335535 -0.475965,
        2.552901 2.330171 -0.502252,
        2.535723 2.325252 -0.525278,
        2.515224 2.320477 -0.545011,
        2.491017 2.315221 -0.561611,
        2.463865 2.309666 -0.574117,
        2.434868 2.304046 -0.581841,
        2.405300 2.298607 -0.584498,
        2.376432 2.293565 -0.582239,
        2.348922 2.288853 -0.575451,
        2.322132 2.283700 -0.563924,
        2.297122 2.278195 -0.547717,
        2.275075 2.272569 -0.527341,
        2.256952 2.267065 -0.503682,
        2.243354 2.261911 -0.477882,
        2.234424 2.257199 -0.450991,
        2.229903 2.252157 -0.422390,
        2.230226 2.246718 -0.392705,
        2.235646 2.241098 -0.363190,
        2.245979 2.235543 -0.335139,
        2.260623 2.230287 -0.309701,
        2.278683 2.225513 -0.287714,
        2.300288 2.220593 -0.268779,
        2.325432 2.215230 -0.253259,
        2.353235 2.209631 -0.242065,
        2.382528 2.204039 -0.235779,
        2.412021 2.198692 -0.234561,
        2.440477 2.193798 -0.238140,
        2.467790 2.189003 -0.246250,
        2.494198 2.183728 -0.259141,
        2.518476 2.178164 -0.276609,
        2.539486 2.172548 -0.298028,
        2.556359 2.167122 -0.322422,
        2.568612 2.162104 -0.348609,
        2.576280 2.157385 -0.375901,
        2.579467 2.152210 -0.404930,
        2.577694 2.146694 -0.434700,
        2.570833 2.141069 -0.463926,
        2.559191 2.135576 -0.491337,
        2.543472 2.130444 -0.515856,
        2.524491 2.125737 -0.536880,
        2.501806 2.120672 -0.554946,
        2.475797 2.115219 -0.569311,
        2.447441 2.109597 -0.579144,
        2.417958 2.104051 -0.583980,
        2.388642 2.098815 -0.583782,
        2.360641 2.094057 -0.578922,
        2.333469 2.089113 -0.569452,
        2.307544 2.083733 -0.555213,
        2.284092 2.078129 -0.536535,
        2.264191 2.072543 -0.514155,
        2.248607 2.067213 -0.489123,
        2.237704 2.062345 -0.462649,
        2.231276 2.057528 -0.434848,
        2.229469 2.052234 -0.405483,
        2.232701 2.046663 -0.375734,
        2.240979 2.041050 -0.346903,
        2.253872 2.035639 -0.320220,
        2.270584 2.030645 -0.296683,
        2.290557 2.025916 -0.276537,
        2.314272 2.020720 -0.259428,
        2.341064 2.015194 -0.246287,
        2.369873 2.009569 -0.237852,
        2.399439 2.004089 -0.234470,
        2.428480 1.998978 -0.236052,
        2.456127 1.994274 -0.242192,
        2.483069 1.989187 -0.253034,
        2.508409 1.983719 -0.268593,
        2.530945 1.978095 -0.288420,
        2.549675 1.972559 -0.311676,
        2.563941 1.967343 -0.337245,
        2.573515 1.962600 -0.363974,
        2.578686 1.957631 -0.392328,
        2.579080 1.952236 -0.421931,
        2.574387 1.946627 -0.451551,
        2.252588 1.251685 -0.307839,
        2.237702 1.256996 -0.334743,
        2.227411 1.262576 -0.364252,
        2.222295 1.268185 -0.395138,
        2.222489 1.273580 -0.426044,
        2.227679 1.278549 -0.455681,
        2.237478 1.283291 -0.483654,
        2.252182 1.288507 -0.510450,
        2.271564 1.294044 -0.534864,
        2.294944 1.299668 -0.555726,
        2.321283 1.305135 -0.572155,
        2.349328 1.310222 -0.583670,
        2.378144 1.314927 -0.590283,
        2.408448 1.320037 -0.592146,
        2.439337 1.325517 -0.588833,
        2.469473 1.331143 -0.580239,
        2.497538 1.336669 -0.566717,
        2.522419 1.341864 -0.549031,
        2.543416 1.346594 -0.528147,
        2.561035 1.351588 -0.503699,
        2.574689 1.356998 -0.475939,
        2.583542 1.362611 -0.445903,
        2.587135 1.368183 -0.414872,
        2.585463 1.373476 -0.384204,
        2.578957 1.378294 -0.355135,
        2.567770 1.383162 -0.327419,
        2.551685 1.388491 -0.301174,
        2.531074 1.394078 -0.277665,
        2.506730 1.399682 -0.257996,
        2.479770 1.405061 -0.242942,
        2.451475 1.410006 -0.232856,
        2.422280 1.414763 -0.227578,
        2.391678 1.419999 -0.227157,
        2.360865 1.425545 -0.231988,
        2.331192 1.431167 -0.242046,
        2.303936 1.436621 -0.256850,
        2.280123 1.441686 -0.275543,
        2.260154 1.446393 -0.297351,
        2.243566 1.451525 -0.322831,
        2.231212 1.457017 -0.351361,
        2.223835 1.462643 -0.381819,
        2.221766 1.468159 -0.412883,
        2.224880 1.473334 -0.443210,
        2.232684 1.478053 -0.471757,
        2.245283 1.483071 -0.499183,
        2.262719 1.488497 -0.524772,
        2.284494 1.494113 -0.547285,
        2.309710 1.499677 -0.565698,
        2.337183 1.504952 -0.579349,
        2.365636 1.509746 -0.588015,
        2.395315 1.514641 -0.591960,
        2.426111 1.519987 -0.590904,
        2.456737 1.525580 -0.584557,
        2.485842 1.531178 -0.573075,
        2.512204 1.536542 -0.557058,
        2.534896 1.541461 -0.537450,
        2.553910 1.546236 -0.514630,
        2.569384 1.551492 -0.488183,
        2.580376 1.557047 -0.458976,
        2.586250 1.562666 -0.428205,
        2.586806 1.568106 -0.397219,
        2.582295 1.573148 -0.367329,
        2.573170 1.577860 -0.339193,
        2.559164 1.583013 -0.312159,
        2.540419 1.588517 -0.287329,
        2.517554 1.594144 -0.265896,
        2.491564 1.599648 -0.248795,
        2.463682 1.604802 -0.236566,
        2.435015 1.609514 -0.229278,
        2.404896 1.614555 -0.226709,
        2.374011 1.619995 -0.229265,
        2.343683 1.625615 -0.237116,
        2.315248 1.631170 -0.249972,
        2.289856 1.636426 -0.267123,
        2.268312 1.641200 -0.287572,
        2.250212 1.646120 -0.311483,
        2.235932 1.651483 -0.338826,
        2.226355 1.657082 -0.368611,
        2.222000 1.662674 -0.399583,
        2.222937 1.668021 -0.430384,
        2.228792 1.672915 -0.459746,
        2.239278 1.677710 -0.487579,
        2.254676 1.682985 -0.514113,
        2.274680 1.688548 -0.538086,
        2.298553 1.694165 -0.558361,
        2.325215 1.699591 -0.574106,
        2.353399 1.704608 -0.584907,
        2.382390 1.709328 -0.590850,
        2.412855 1.714503 -0.591997,
        2.443720 1.720018 -0.587926,
        2.473638 1.725644 -0.578595,
        2.501309 1.731137 -0.564424,
        2.525664 1.736269 -0.546223,
        2.546137 1.740976 -0.524887,
        2.563251 1.746041 -0.499915,
        2.576263 1.751494 -0.471760,
        2.584383 1.757117 -0.441499,
        2.587213 1.762662 -0.410438,
        2.584815 1.767898 -0.379928,
        2.577661 1.772656 -0.351134,
        2.565768 1.777600 -0.323550,
        2.549003 1.782980 -0.297620,
        2.527801 1.788584 -0.274598,
        2.503009 1.794170 -0.255549,
        2.475780 1.799499 -0.241194,
        2.447399 1.804368 -0.231821,
        2.417970 1.809185 -0.227207,
        2.387258 1.814479 -0.227521,
        2.356525 1.820050 -0.233111,
        2.327123 1.825663 -0.243887,
        2.300304 1.831074 -0.259307,
        2.277045 1.836068 -0.278468,
        2.257562 1.840797 -0.300771,
        2.241521 1.845993 -0.326743,
        2.229841 1.851519 -0.355623,
        2.223212 1.857144 -0.386252,
        2.221902 1.862624 -0.417290,
        2.225720 1.867735 -0.447411,
        2.234181 1.872439 -0.475739,
        2.247485 1.877527 -0.502981,
        2.265581 1.882994 -0.528204,
        2.287911 1.888618 -0.550187,
        2.313526 1.894154 -0.567950,
        2.341217 1.899370 -0.580892,
        2.369764 1.904112 -0.588863,
        2.399674 1.909081 -0.592126,
        2.430528 1.914477 -0.590323,
        2.461019 1.920086 -0.583221,
        2.293261 2.619953 -0.264446,
        2.319148 2.614641 -0.247852,
        2.347930 2.609062 -0.235676,
        2.378420 2.603454 -0.228575,
        2.409275 2.598058 -0.226771,
        2.439185 2.593089 -0.230035,
        2.467732 2.588346 -0.238006,
        2.495423 2.583130 -0.250948,
        2.521038 2.577594 -0.268711,
        2.543368 2.571970 -0.290694,
        2.561464 2.566503 -0.315916,
        2.574768 2.561415 -0.343159,
        2.583229 2.556711 -0.371487,
        2.587047 2.551601 -0.401607,
        2.585737 2.546121 -0.432646,
        2.579108 2.540495 -0.463274,
        2.567428 2.534969 -0.492154,
        2.551387 2.529774 -0.518127,
        2.531904 2.525044 -0.540430,
        2.508645 2.520050 -0.559591,
        2.481826 2.514639 -0.575011,
        2.452424 2.509027 -0.585787,
        2.421691 2.503455 -0.591377,
        2.390979 2.498161 -0.591691,
        2.361550 2.493344 -0.587077,
        2.333169 2.488476 -0.577704,
        2.305940 2.483146 -0.563348,
        2.281148 2.477560 -0.544300,
        2.259946 2.471956 -0.521278,
        2.243181 2.466577 -0.495348,
        2.231288 2.461632 -0.467763,
        2.224134 2.456875 -0.438970,
        2.221736 2.451639 -0.408460,
        2.224566 2.446093 -0.377399,
        2.232685 2.440470 -0.347138,
        2.245698 2.435017 -0.318982,
        2.262812 2.429952 -0.294011,
        2.283285 2.425245 -0.272674,
        2.307639 2.420113 -0.254474,
        2.335311 2.414621 -0.240302,
        2.365229 2.408994 -0.230972,
        2.396094 2.403479 -0.226900,
        2.426559 2.398304 -0.228048,
        2.455550 2.393585 -0.233991,
        2.483734 2.388567 -0.244791,
        2.510396 2.383141 -0.260537,
        2.534269 2.377525 -0.280812,
        2.554273 2.371961 -0.304785,
        2.569671 2.366687 -0.331319,
        2.580157 2.361892 -0.359152,
        2.586012 2.356997 -0.388514,
        2.586948 2.351651 -0.419314,
        2.582594 2.346058 -0.450286,
        2.573017 2.340459 -0.480072,
        2.558737 2.335096 -0.507414,
        2.540637 2.330177 -0.531326,
        2.519093 2.325402 -0.551775,
        2.493701 2.320146 -0.568926,
        2.465265 2.314591 -0.581782,
        2.434938 2.308972 -0.589632,
        2.404053 2.303531 -0.592189,
        2.373934 2.298490 -0.589619,
        2.345267 2.293778 -0.582332,
        2.317385 2.288625 -0.570102,
        2.291395 2.283120 -0.553001,
        2.268530 2.277494 -0.531569,
        2.249785 2.271990 -0.506738,
        2.235779 2.266836 -0.479705,
        2.226654 2.262124 -0.451569,
        2.222144 2.257083 -0.421679,
        2.222699 2.251643 -0.390693,
        2.228573 2.246023 -0.359922,
        2.239565 2.240468 -0.330715,
        2.255039 2.235212 -0.304267,
        2.274053 2.230438 -0.281447,
        2.296745 2.225518 -0.261839,
        2.323107 2.220155 -0.245823,
        2.352212 2.214556 -0.234341,
        2.382838 2.208963 -0.227994,
        2.413634 2.203617 -0.226938,
        2.443313 2.198723 -0.230883,
        2.471766 2.193928 -0.239549,
        2.499239 2.188653 -0.253200,
        2.524455 2.183089 -0.271613,
        2.546230 2.177473 -0.294126,
        2.563666 2.172047 -0.319714,
        2.576265 2.167030 -0.347141,
        2.584069 2.162310 -0.375687,
        2.587183 2.157135 -0.406015,
        2.585114 2.151620 -0.437078,
        2.577737 2.145993 -0.467537,
        2.565383 2.140501 -0.496067,
        2.548794 2.135369 -0.521546,
        2.528826 2.130662 -0.543355,
        2.505013 2.125598 -0.562047,
        2.477757 2.120144 -0.576852,
        2.448083 2.114522 -0.586910,
        2.417270 2.108976 -0.591741,
        2.386669 2.103739 -0.591320,
        2.357474 2.098982 -0.586042,
        2.329178 2.094037 -0.575956,
        2.302220 2.088658 -0.560902,
        2.277876 2.083054 -0.541232,
        2.257264 2.077468 -0.517723,
        2.241179 2.072139 -0.491478,
        2.229992 2.067270 -0.463762,
        2.223486 2.062453 -0.434694,
        2.221814 2.057159 -0.404026,
        2.225407 2.051588 -0.372995,
        2.234259 2.045975 -0.342958,
        2.247914 2.040564 -0.315199,
        2.265533 2.035570 -0.290750,
        2.286530 2.030841 -0.269867,
        2.311411 2.025645 -0.252180,
        2.339476 2.020119 -0.238659,
        2.369612 2.014493 -0.230065,
        2.400501 2.009013 -0.226751,
        2.430805 2.003904 -0.228615,
        2.459620 1.999199 -0.235228,
        2.487667 1.994111 -0.246743,
        2.514005 1.988644 -0.263171,
        2.537385 1.983020 -0.284034,
        2.556767 1.977484 -0.308448,
        2.571471 1.972268 -0.335244,
        2.581270 1.967526 -0.363217,
        2.586460 1.962556 -0.392853,
        2.586654 1.957161 -0.423759,
        2.581538 1.951552 -0.454645,
        2.248198 1.258213 -0.303095,
        2.232579 1.263524 -0.330802,
        2.221692 1.269104 -0.361242,
        2.216146 1.274712 -0.393148,
        2.216093 1.280107 -0.425119,
        2.221217 1.285077 -0.455818,
        2.231124 1.289819 -0.484833,
        2.246113 1.295035 -0.512672,
        2.265961 1.300572 -0.538085,
        2.289973 1.306196 -0.559857,
        2.317083 1.311663 -0.577068,
        2.345999 1.316750 -0.589209,
        2.375751 1.321455 -0.596286,
        2.407082 1.326565 -0.598463,
        2.439061 1.332044 -0.595291,
        2.470304 1.337670 -0.586648,
        2.499446 1.343196 -0.572892,
        2.525329 1.348392 -0.554802,
        2.547219 1.353122 -0.533373,
        2.565645 1.358115 -0.508228,
        2.579998 1.363526 -0.479626,
        2.589402 1.369139 -0.448629,
        2.593373 1.374711 -0.416561,
        2.591896 1.380004 -0.384824,
        2.585406 1.384821 -0.354702,
        2.574061 1.389690 -0.325940,
        2.557639 1.395019 -0.298661,
        2.536512 1.400606 -0.274173,
        2.511492 1.406209 -0.253627,
        2.483730 1.411589 -0.237833,
        2.454544 1.416533 -0.227168,
        2.424388 1.421291 -0.221468,
        2.392737 1.426527 -0.220781,
        2.360824 1.432073 -0.225525,
        2.330048 1.437695 -0.235685,
        2.301733 1.443149 -0.250775,
        2.276946 1.448213 -0.269914,
        2.256112 1.452920 -0.292309,
        2.238743 1.458052 -0.318529,
        2.225730 1.463545 -0.347938,
        2.217848 1.469171 -0.379383,
        2.215453 1.474686 -0.411498,
        2.218424 1.479861 -0.442894,
        2.226263 1.484581 -0.472487,
        2.239069 1.489599 -0.500961,
        2.256894 1.495024 -0.527573,
        2.279233 1.500641 -0.551040,
        2.305165 1.506204 -0.570293,
        2.333471 1.511479 -0.584640,
        2.362832 1.516274 -0.593837,
        2.393499 1.521168 -0.598163,
        2.425363 1.526515 -0.597324,
        2.457095 1.532107 -0.591010,
        2.487295 1.537706 -0.579372,
        2.514696 1.543069 -0.563022,
        2.538330 1.547989 -0.542926,
        2.558185 1.552764 -0.519477,
        2.574409 1.558019 -0.492247,
        2.586019 1.563574 -0.462126,
        2.592348 1.569194 -0.430345,
        2.593178 1.574634 -0.398298,
        2.588758 1.579676 -0.367343,
        2.579550 1.584387 -0.338163,
        2.565285 1.589541 -0.310085,
        2.546100 1.595045 -0.284246,
        2.522624 1.600672 -0.261889,
        2.495881 1.606176 -0.243985,
        2.467141 1.611330 -0.231106,
        2.437547 1.616041 -0.223332,
        2.406413 1.621083 -0.220426,
        2.374444 1.626523 -0.222817,
        2.343009 1.632143 -0.230688,
        2.313490 1.637698 -0.243753,
        2.287083 1.642953 -0.261285,
        2.264631 1.647728 -0.282260,
        2.245711 1.652648 -0.306845,
        2.230715 1.658011 -0.335011,
        2.220564 1.663609 -0.365742,
        2.215805 1.669202 -0.397744,
        2.216520 1.674549 -0.429611,
        2.222335 1.679443 -0.460031,
        2.232953 1.684238 -0.488908,
        2.248663 1.689513 -0.516481,
        2.269157 1.695076 -0.541444,
        2.293685 1.700693 -0.562612,
        2.321135 1.706118 -0.579119,
        2.350199 1.711136 -0.590522,
        2.380139 1.715856 -0.596908,
        2.411642 1.721031 -0.598345,
        2.443602 1.726546 -0.594387,
        2.474626 1.732172 -0.584982,
        2.503366 1.737665 -0.570550,
        2.528708 1.742796 -0.551924,
        2.550060 1.747504 -0.530023,
        2.567969 1.752568 -0.504333,
        2.581660 1.758022 -0.475316,
        2.590307 1.763644 -0.444081,
        2.593490 1.769190 -0.411974,
        2.591261 1.774426 -0.380395,
        2.584098 1.779183 -0.350552,
        2.572022 1.784128 -0.321921,
        2.554894 1.789507 -0.294962,
        2.533152 1.795111 -0.270974,
        2.507664 1.800698 -0.251066,
        2.479616 1.806027 -0.235993,
        2.450336 1.810896 -0.226064,
        2.419933 1.815713 -0.221049,
        2.388162 1.821006 -0.221121,
        2.356326 1.826578 -0.226651,
        2.325824 1.832191 -0.237556,
        2.297955 1.837602 -0.253285,
        2.273739 1.842595 -0.272915,
        2.253402 1.847325 -0.295824,
        2.236596 1.852520 -0.322558,
        2.224276 1.858047 -0.352336,
        2.217168 1.863672 -0.383963,
        2.215557 1.869152 -0.416059,
        2.219259 1.874262 -0.447246,
        2.227778 1.878967 -0.476619,
        2.241315 1.884054 -0.504908,
        2.259826 1.889521 -0.531146,
        2.282744 1.895145 -0.554069,
        2.309094 1.900681 -0.572654,
        2.337631 1.905898 -0.586269,
        2.367094 1.910640 -0.594749,
        2.398007 1.915609 -0.598371,
        2.429937 1.921005 -0.596759,
        2.461535 1.926613 -0.589664,
        2.290628 2.626481 -0.258544,
        2.317541 2.621169 -0.241592,
        2.347414 2.615590 -0.229234,
        2.379011 2.609981 -0.222139,
        2.410942 2.604586 -0.220527,
        2.441854 2.599616 -0.224149,
        2.471318 2.594874 -0.232629,
        2.499855 2.589658 -0.246244,
        2.526205 2.584122 -0.264829,
        2.549122 2.578498 -0.287751,
        2.567633 2.573031 -0.313990,
        2.581170 2.567943 -0.342279,
        2.589690 2.563239 -0.371651,
        2.593391 2.558129 -0.402839,
        2.591781 2.552648 -0.434934,
        2.584672 2.547023 -0.466562,
        2.572354 2.541497 -0.496339,
        2.555547 2.536301 -0.523073,
        2.535210 2.531572 -0.545983,
        2.510994 2.526578 -0.565612,
        2.483125 2.521167 -0.581342,
        2.452624 2.515554 -0.592246,
        2.420787 2.509983 -0.597776,
        2.389016 2.504689 -0.597848,
        2.358613 2.499872 -0.592834,
        2.329333 2.495004 -0.582905,
        2.301285 2.489674 -0.567832,
        2.275797 2.484088 -0.547924,
        2.254055 2.478484 -0.523936,
        2.236927 2.473104 -0.496976,
        2.224851 2.468159 -0.468345,
        2.217688 2.463402 -0.438503,
        2.215459 2.458166 -0.406923,
        2.218641 2.452620 -0.374817,
        2.227289 2.446998 -0.343582,
        2.240980 2.441544 -0.314565,
        2.258889 2.436480 -0.288875,
        2.280241 2.431773 -0.266973,
        2.305583 2.426641 -0.248347,
        2.334322 2.421148 -0.233915,
        2.365346 2.415522 -0.224510,
        2.397307 2.410007 -0.220552,
        2.428810 2.404832 -0.221989,
        2.458750 2.400112 -0.228376,
        2.487814 2.395094 -0.239779,
        2.515264 2.389669 -0.256285,
        2.539791 2.384052 -0.277454,
        2.560287 2.378489 -0.302416,
        2.575996 2.373214 -0.329989,
        2.586614 2.368419 -0.358867,
        2.592429 2.363525 -0.389286,
        2.593144 2.358178 -0.421154,
        2.588385 2.352586 -0.453156,
        2.578233 2.346987 -0.483887,
        2.563238 2.341624 -0.512052,
        2.544318 2.336704 -0.536638,
        2.521866 2.331930 -0.557613,
        2.495459 2.326674 -0.575145,
        2.465939 2.321119 -0.588209,
        2.434505 2.315499 -0.596081,
        2.402536 2.310059 -0.598472,
        2.371402 2.305018 -0.595566,
        2.341808 2.300306 -0.587792,
        2.313068 2.295152 -0.574913,
        2.286325 2.289648 -0.557009,
        2.262850 2.284021 -0.534652,
        2.243664 2.278518 -0.508813,
        2.229398 2.273364 -0.480735,
        2.220191 2.268652 -0.451555,
        2.215771 2.263610 -0.420600,
        2.216600 2.258170 -0.388553,
        2.222930 2.252551 -0.356772,
        2.234540 2.246996 -0.326650,
        2.250763 2.241740 -0.299420,
        2.270619 2.236965 -0.275972,
        2.294253 2.232046 -0.255876,
        2.321654 2.226682 -0.239525,
        2.351854 2.221084 -0.227888,
        2.383585 2.215491 -0.221574,
        2.415450 2.210144 -0.220735,
        2.446117 2.205250 -0.225060,
        2.475478 2.200456 -0.234258,
        2.503784 2.195181 -0.248604,
        2.529715 2.189617 -0.267858,
        2.552055 2.184000 -0.291324,
        2.569879 2.178575 -0.317937,
        2.582686 2.173557 -0.346410,
        2.590525 2.168838 -0.376003,
        2.593496 2.163663 -0.407399,
        2.591101 2.158147 -0.439514,
        2.583219 2.152521 -0.470960,
        2.570206 2.147029 -0.500369,
        2.552837 2.141897 -0.526589,
        2.532002 2.137190 -0.548983,
        2.507216 2.132125 -0.568123,
        2.478901 2.126671 -0.583213,
        2.448124 2.121049 -0.593373,
        2.416212 2.115503 -0.598117,
        2.384561 2.110267 -0.597430,
        2.354405 2.105510 -0.591730,
        2.325219 2.100565 -0.581065,
        2.297457 2.095185 -0.565271,
        2.272437 2.089582 -0.544724,
        2.251310 2.083996 -0.520237,
        2.234888 2.078666 -0.492957,
        2.223543 2.073798 -0.464196,
        2.217053 2.068980 -0.434074,
        2.215576 2.063687 -0.402337,
        2.219547 2.058115 -0.370269,
        2.228951 2.052502 -0.339271,
        2.243304 2.047092 -0.310669,
        2.261729 2.042098 -0.285525,
        2.283620 2.037369 -0.264096,
        2.309503 2.032172 -0.246006,
        2.338644 2.026646 -0.232249,
        2.369888 2.021021 -0.223607,
        2.401867 2.015541 -0.220434,
        2.433198 2.010431 -0.222611,
        2.462950 2.005726 -0.229688,
        2.491866 2.000639 -0.241830,
        2.518976 1.995172 -0.259040,
        2.542988 1.989548 -0.280813,
        2.562836 1.984012 -0.306226,
        2.577826 1.978795 -0.334065,
        2.587731 1.974053 -0.363080,
        2.592856 1.969084 -0.393779,
        2.592803 1.963689 -0.425750,
        2.587257 1.958080 -0.457656,
        2.245367 1.265928 -0.299177,
        2.229131 1.271239 -0.327415,
        2.217717 1.276819 -0.358491,
        2.211760 1.282427 -0.391116,
        2.211427 1.287822 -0.423855,
        2.216407 1.292792 -0.455337,
        2.226299 1.297534 -0.485135,
        2.241407 1.302750 -0.513775,
        2.261510 1.308287 -0.539972,
        2.285911 1.313911 -0.562477,
        2.313522 1.319378 -0.580337,
        2.343028 1.324465 -0.593022,
        2.373433 1.329170 -0.600528,
        2.405499 1.334280 -0.603031,
        2.438274 1.339759 -0.600060,
        2.470344 1.345385 -0.591482,
        2.500306 1.350911 -0.577649,
        2.526969 1.356107 -0.559349,
        2.549572 1.360837 -0.537595,
        2.568660 1.365830 -0.512007,
        2.583607 1.371241 -0.482842,
        2.593507 1.376854 -0.451181,
        2.597853 1.382426 -0.418377,
        2.596617 1.387719 -0.385864,
        2.590232 1.392536 -0.354961,
        2.578866 1.397405 -0.325409,
        2.562286 1.402734 -0.297331,
        2.540865 1.408320 -0.272071,
        2.515422 1.413924 -0.250812,
        2.487130 1.419304 -0.234397,
        2.457335 1.424248 -0.223221,
        2.426504 1.429006 -0.217122,
        2.394098 1.434242 -0.216143,
        2.361376 1.439788 -0.220723,
        2.329771 1.445410 -0.230859,
        2.300644 1.450864 -0.246065,
        2.275095 1.455928 -0.265449,
        2.253565 1.460635 -0.288200,
        2.235550 1.465767 -0.314900,
        2.221968 1.471260 -0.344902,
        2.213623 1.476886 -0.377035,
        2.210891 1.482401 -0.409902,
        2.213659 1.487576 -0.442079,
        2.221429 1.492296 -0.472451,
        2.234296 1.497314 -0.501721,
        2.252317 1.502739 -0.529128,
        2.274989 1.508356 -0.553354,
        2.301377 1.513919 -0.573296,
        2.330239 1.519194 -0.588234,
        2.360225 1.523989 -0.597908,
        2.391592 1.528883 -0.602604,
        2.424230 1.534230 -0.602023,
        2.456779 1.539822 -0.595833,
        2.487807 1.545421 -0.584179,
        2.516009 1.550784 -0.567674,
        2.540385 1.555704 -0.547301,
        2.560923 1.560479 -0.523461,
        2.577774 1.565734 -0.495718,
        2.589925 1.571289 -0.464974,
        2.596684 1.576909 -0.432483,
        2.597812 1.582349 -0.399672,
        2.593556 1.587390 -0.367935,
        2.584381 1.592102 -0.337973,
        2.570017 1.597256 -0.309096,
        2.550595 1.602760 -0.282469,
        2.526749 1.608387 -0.259370,
        2.499519 1.613891 -0.240803,
        2.470200 1.619044 -0.227363,
        2.439963 1.623756 -0.219145,
        2.408106 1.628798 -0.215898,
        2.375347 1.634238 -0.218068,
        2.343089 1.639857 -0.225855,
        2.312745 1.645413 -0.238977,
        2.285551 1.650668 -0.256700,
        2.262376 1.655443 -0.277984,
        2.242787 1.660363 -0.302996,
        2.227186 1.665726 -0.331707,
        2.216523 1.671324 -0.363090,
        2.211370 1.676917 -0.395819,
        2.211826 1.682263 -0.428459,
        2.217515 1.687158 -0.459661,
        2.228137 1.691953 -0.489325,
        2.243984 1.697227 -0.517698,
        2.264754 1.702791 -0.543439,
        2.289687 1.708407 -0.565330,
        2.317653 1.713833 -0.582472,
        2.347317 1.718851 -0.594403,
        2.377921 1.723570 -0.601204,
        2.410169 1.728746 -0.602950,
        2.442933 1.734261 -0.599175,
        2.474785 1.739887 -0.589814,
        2.504341 1.745380 -0.575285,
        2.530454 1.750511 -0.556432,
        2.552511 1.755219 -0.534190,
        2.571073 1.760283 -0.508038,
        2.585347 1.765737 -0.478443,
        2.594474 1.771359 -0.446531,
        2.598013 1.776905 -0.413681,
        2.596005 1.782141 -0.381323,
        2.588930 1.786898 -0.350701,
        2.576813 1.791843 -0.321276,
        2.559507 1.797222 -0.293519,
        2.537452 1.802826 -0.268765,
        2.511524 1.808413 -0.248156,
        2.482933 1.813742 -0.232476,
        2.453035 1.818610 -0.222054,
        2.421946 1.823428 -0.216654,
        2.389410 1.828721 -0.216451,
        2.356759 1.834293 -0.221837,
        2.325430 1.839906 -0.232737,
        2.296754 1.845317 -0.248603,
        2.271785 1.850310 -0.268494,
        2.250759 1.855040 -0.291777,
        2.233316 1.860235 -0.319007,
        2.220441 1.865762 -0.349393,
        2.212886 1.871387 -0.381719,
        2.210958 1.876867 -0.414572,
        2.214477 1.881977 -0.446543,
        2.222945 1.886681 -0.476695,
        2.236561 1.891769 -0.505782,
        2.255289 1.897236 -0.532813,
        2.278558 1.902860 -0.556486,
        2.305380 1.908396 -0.575747,
        2.334484 1.913613 -0.589938,
        2.364582 1.918355 -0.598878,
        2.396206 1.923324 -0.602857,
        2.428919 1.928720 -0.601484,
        2.461337 1.934328 -0.594494,
        2.289205 2.634196 -0.253924,
        2.316913 2.628884 -0.236799,
        2.347611 2.623305 -0.224404,
        2.380030 2.617696 -0.217414,
        2.412743 2.612300 -0.216041,
        2.444367 2.607331 -0.220019,
        2.474465 2.602589 -0.228959,
        2.503569 2.597373 -0.243150,
        2.530391 2.591837 -0.262411,
        2.553660 2.586213 -0.286085,
        2.572387 2.580745 -0.313115,
        2.586004 2.575658 -0.342203,
        2.594472 2.570954 -0.372355,
        2.597991 2.565843 -0.404325,
        2.596063 2.560364 -0.437178,
        2.588508 2.554738 -0.469504,
        2.575633 2.549212 -0.499891,
        2.558189 2.544016 -0.527120,
        2.537165 2.539287 -0.550404,
        2.512195 2.534293 -0.570294,
        2.483519 2.528882 -0.586160,
        2.452189 2.523269 -0.597061,
        2.419539 2.517698 -0.602446,
        2.387004 2.512404 -0.602243,
        2.355913 2.507587 -0.596844,
        2.326016 2.502719 -0.586421,
        2.297424 2.497389 -0.570741,
        2.271497 2.491803 -0.550133,
        2.249441 2.486199 -0.525378,
        2.232136 2.480819 -0.497622,
        2.220019 2.475875 -0.468197,
        2.212944 2.471117 -0.437574,
        2.210936 2.465881 -0.405217,
        2.214475 2.460335 -0.372366,
        2.223602 2.454713 -0.340455,
        2.237876 2.449259 -0.310860,
        2.256438 2.444194 -0.284708,
        2.278494 2.439488 -0.262466,
        2.304608 2.434356 -0.243613,
        2.334165 2.428863 -0.229084,
        2.366016 2.423237 -0.219723,
        2.398779 2.417722 -0.215948,
        2.431028 2.412547 -0.217694,
        2.461632 2.407827 -0.224495,
        2.491296 2.402809 -0.236426,
        2.519261 2.397384 -0.253568,
        2.544194 2.391767 -0.275459,
        2.564965 2.386204 -0.301200,
        2.580812 2.380929 -0.329573,
        2.591433 2.376134 -0.359236,
        2.597124 2.371240 -0.390438,
        2.597578 2.365893 -0.423078,
        2.592426 2.360301 -0.455808,
        2.581763 2.354702 -0.487190,
        2.566162 2.349339 -0.515902,
        2.546573 2.344419 -0.540913,
        2.523398 2.339644 -0.562198,
        2.496203 2.334389 -0.579921,
        2.465861 2.328833 -0.593043,
        2.433602 2.323214 -0.600830,
        2.400843 2.317774 -0.602999,
        2.368986 2.312733 -0.599753,
        2.338748 2.308021 -0.591534,
        2.309430 2.302867 -0.578095,
        2.282199 2.297363 -0.559528,
        2.258354 2.291737 -0.536428,
        2.238932 2.286233 -0.509802,
        2.224568 2.281079 -0.480924,
        2.215394 2.276367 -0.450963,
        2.211137 2.271325 -0.419225,
        2.212265 2.265885 -0.386414,
        2.219024 2.260266 -0.353924,
        2.231175 2.254711 -0.323180,
        2.248026 2.249455 -0.295437,
        2.268563 2.244680 -0.271597,
        2.292941 2.239761 -0.251224,
        2.321142 2.234397 -0.234719,
        2.352170 2.228799 -0.223064,
        2.384719 2.223206 -0.216875,
        2.417357 2.217859 -0.216293,
        2.448724 2.212965 -0.220989,
        2.478710 2.208170 -0.230664,
        2.507572 2.202896 -0.245602,
        2.533959 2.197332 -0.265544,
        2.556631 2.191715 -0.289769,
        2.574653 2.186290 -0.317176,
        2.587520 2.181272 -0.346446,
        2.595289 2.176553 -0.376819,
        2.598059 2.171378 -0.408996,
        2.595326 2.165862 -0.441862,
        2.586981 2.160236 -0.473995,
        2.573399 2.154744 -0.503998,
        2.555384 2.149612 -0.530697,
        2.533854 2.144905 -0.553449,
        2.508305 2.139840 -0.572833,
        2.479178 2.134386 -0.588039,
        2.447572 2.128764 -0.598175,
        2.414851 2.123218 -0.602755,
        2.382445 2.117982 -0.601776,
        2.351614 2.113225 -0.595676,
        2.321819 2.108280 -0.584500,
        2.293527 2.102900 -0.568085,
        2.268084 2.097297 -0.546827,
        2.246663 2.091711 -0.521567,
        2.230083 2.086381 -0.493488,
        2.218717 2.081513 -0.463936,
        2.212332 2.076695 -0.433033,
        2.211096 2.071402 -0.400521,
        2.215442 2.065830 -0.367716,
        2.225342 2.060218 -0.336056,
        2.240289 2.054807 -0.306891,
        2.259376 2.049813 -0.281302,
        2.281980 2.045083 -0.259548,
        2.308643 2.039887 -0.241249,
        2.338605 2.034361 -0.227415,
        2.370674 2.028736 -0.218838,
        2.403450 2.023256 -0.215867,
        2.435515 2.018146 -0.218369,
        2.465922 2.013441 -0.225875,
        2.495427 2.008354 -0.238561,
        2.523039 2.002887 -0.256421,
        2.547439 1.997263 -0.278926,
        2.567542 1.991727 -0.305123,
        2.582650 1.986510 -0.333762,
        2.592542 1.981768 -0.363561,
        2.597522 1.976799 -0.395043,
        2.597189 1.971404 -0.427782,
        2.591232 1.965795 -0.460407,
        2.244202 1.274428 -0.296261,
        2.227493 1.279739 -0.324735,
        2.215646 1.285319 -0.356130,
        2.209316 1.290927 -0.389143,
        2.208685 1.296322 -0.422322,
        2.213452 1.301292 -0.454274,
        2.223211 1.306034 -0.484565,
        2.238266 1.311250 -0.513727,
        2.258407 1.316787 -0.540458,
        2.282936 1.322411 -0.563486,
        2.310762 1.327878 -0.581835,
        2.340553 1.332965 -0.594956,
        2.371303 1.337670 -0.602836,
        2.403780 1.342780 -0.605659,
        2.437025 1.348259 -0.602942,
        2.469606 1.353885 -0.594535,
        2.500097 1.359411 -0.580783,
        2.527284 1.364607 -0.562474,
        2.550389 1.369337 -0.540628,
        2.569964 1.374330 -0.514864,
        2.585374 1.379741 -0.485439,
        2.595692 1.385354 -0.453438,
        2.600390 1.390926 -0.420228,
        2.599428 1.396219 -0.387265,
        2.593234 1.401036 -0.355887,
        2.581978 1.405905 -0.325833,
        2.565425 1.411234 -0.297226,
        2.543940 1.416820 -0.271433,
        2.518343 1.422424 -0.249659,
        2.489815 1.427804 -0.232769,
        2.459717 1.432748 -0.221174,
        2.428523 1.437506 -0.214717,
        2.395688 1.442742 -0.213434,
        2.362483 1.448288 -0.217783,
        2.330359 1.453910 -0.227773,
        2.300702 1.459364 -0.242925,
        2.274633 1.464428 -0.262342,
        2.252608 1.469135 -0.285209,
        2.234111 1.474267 -0.312108,
        2.220076 1.479760 -0.342395,
        2.211330 1.485386 -0.374888,
        2.208267 1.490901 -0.408175,
        2.210786 1.496076 -0.440812,
        2.218388 1.500796 -0.471665,
        2.231167 1.505813 -0.501446,
        2.249187 1.511239 -0.529386,
        2.271949 1.516856 -0.554142,
        2.298515 1.522419 -0.574590,
        2.327634 1.527694 -0.589989,
        2.357939 1.532489 -0.600062,
        2.389688 1.537383 -0.605103,
        2.422773 1.542730 -0.604806,
        2.455819 1.548322 -0.598824,
        2.487370 1.553921 -0.587289,
        2.516102 1.559284 -0.570813,
        2.540991 1.564204 -0.550383,
        2.562019 1.568979 -0.526404,
        2.579346 1.574234 -0.498436,
        2.591938 1.579789 -0.467385,
        2.599078 1.585409 -0.434515,
        2.600516 1.590849 -0.401271,
        2.596485 1.595891 -0.369065,
        2.587455 1.600602 -0.338617,
        2.573155 1.605756 -0.309220,
        2.553709 1.611260 -0.282059,
        2.529748 1.616887 -0.258433,
        2.502315 1.622391 -0.239372,
        2.472720 1.627544 -0.225488,
        2.442146 1.632256 -0.216887,
        2.409887 1.637298 -0.213312,
        2.376667 1.642738 -0.215218,
        2.343901 1.648357 -0.222821,
        2.313030 1.653913 -0.235849,
        2.285309 1.659168 -0.253569,
        2.261630 1.663943 -0.274933,
        2.241552 1.668863 -0.300108,
        2.225483 1.674226 -0.329069,
        2.214394 1.679824 -0.360780,
        2.208880 1.685417 -0.393906,
        2.209048 1.690763 -0.426992,
        2.214536 1.695658 -0.458667,
        2.225036 1.700452 -0.488828,
        2.240843 1.705728 -0.517726,
        2.261664 1.711291 -0.544001,
        2.286739 1.716907 -0.566412,
        2.314930 1.722333 -0.584036,
        2.344888 1.727351 -0.596394,
        2.375845 1.732070 -0.603561,
        2.408515 1.737245 -0.605619,
        2.441755 1.742761 -0.602086,
        2.474121 1.748387 -0.592883,
        2.504208 1.753880 -0.578423,
        2.530843 1.759011 -0.559548,
        2.553397 1.763719 -0.537203,
        2.572445 1.768783 -0.510863,
        2.587177 1.774237 -0.480995,
        2.596713 1.779859 -0.448734,
        2.600594 1.785405 -0.415471,
        2.598848 1.790641 -0.382657,
        2.591951 1.795398 -0.351557,
        2.579934 1.800343 -0.321626,
        2.562643 1.805722 -0.293338,
        2.540511 1.811326 -0.268052,
        2.514417 1.816913 -0.246932,
        2.485579 1.822242 -0.230784,
        2.455370 1.827110 -0.219953,
        2.423907 1.831928 -0.214202,
        2.390933 1.837221 -0.213705,
        2.357793 1.842793 -0.218871,
        2.325942 1.848406 -0.229639,
        2.296736 1.853817 -0.245463,
        2.271251 1.858810 -0.265398,
        2.249733 1.863540 -0.288809,
        2.231809 1.868735 -0.316251,
        2.218488 1.874261 -0.346933,
        2.210542 1.879887 -0.379629,
        2.208293 1.885367 -0.412910,
        2.211574 1.890477 -0.445344,
        2.219887 1.895181 -0.475980,
        2.233427 1.900269 -0.505583,
        2.252166 1.905736 -0.533147,
        2.275538 1.911360 -0.557349,
        2.302550 1.916896 -0.577111,
        2.331922 1.922113 -0.591754,
        2.362347 1.926855 -0.601085,
        2.394363 1.931824 -0.605400,
        2.427530 1.937220 -0.604301,
        2.460450 1.942828 -0.597507,
        2.289038 2.642696 -0.250788,
        2.317274 2.637384 -0.233679,
        2.348498 2.631805 -0.221391,
        2.381419 2.626196 -0.214596,
        2.414586 2.620801 -0.213498,
        2.446602 2.615831 -0.217813,
        2.477027 2.611089 -0.227144,
        2.506398 2.605873 -0.241787,
        2.533411 2.600337 -0.261549,
        2.556783 2.594713 -0.285751,
        2.575522 2.589246 -0.313315,
        2.589062 2.584158 -0.342918,
        2.597375 2.579454 -0.373554,
        2.600656 2.574343 -0.405988,
        2.598407 2.568863 -0.439269,
        2.590461 2.563238 -0.471964,
        2.577139 2.557712 -0.502646,
        2.559216 2.552516 -0.530089,
        2.537698 2.547787 -0.553499,
        2.512213 2.542793 -0.573435,
        2.483007 2.537382 -0.589259,
        2.451156 2.531769 -0.600027,
        2.418015 2.526198 -0.605193,
        2.385041 2.520904 -0.604696,
        2.353579 2.516087 -0.598945,
        2.323370 2.511218 -0.588113,
        2.294532 2.505889 -0.571966,
        2.268438 2.500303 -0.550846,
        2.246306 2.494699 -0.525559,
        2.229015 2.489319 -0.497272,
        2.216998 2.484374 -0.467341,
        2.210100 2.479617 -0.436241,
        2.208355 2.474381 -0.403427,
        2.212236 2.468835 -0.370163,
        2.221772 2.463213 -0.337902,
        2.236504 2.457759 -0.308034,
        2.255552 2.452695 -0.281695,
        2.278106 2.447987 -0.259349,
        2.304741 2.442856 -0.240474,
        2.334828 2.437363 -0.226014,
        2.367194 2.431737 -0.216811,
        2.400435 2.426222 -0.213279,
        2.433104 2.421047 -0.215337,
        2.464061 2.416327 -0.222504,
        2.494019 2.411309 -0.234861,
        2.522210 2.405884 -0.252486,
        2.547284 2.400267 -0.274896,
        2.568105 2.394704 -0.301172,
        2.583913 2.389429 -0.330070,
        2.594413 2.384634 -0.360230,
        2.599900 2.379740 -0.391906,
        2.600070 2.374393 -0.424991,
        2.594554 2.368801 -0.458118,
        2.583467 2.363202 -0.489829,
        2.567396 2.357839 -0.518790,
        2.547319 2.352919 -0.543965,
        2.523640 2.348144 -0.565329,
        2.495919 2.342889 -0.583049,
        2.465048 2.337334 -0.596077,
        2.432282 2.331714 -0.603680,
        2.399061 2.326274 -0.605586,
        2.366802 2.321233 -0.602010,
        2.336229 2.316521 -0.593410,
        2.306634 2.311367 -0.579526,
        2.279201 2.305863 -0.560465,
        2.255240 2.300236 -0.536839,
        2.235794 2.294732 -0.509678,
        2.221494 2.289579 -0.480281,
        2.212463 2.284867 -0.449832,
        2.208433 2.279825 -0.417627,
        2.209870 2.274385 -0.384382,
        2.217011 2.268766 -0.351513,
        2.229602 2.263211 -0.320461,
        2.246930 2.257955 -0.292493,
        2.267958 2.253180 -0.268515,
        2.292848 2.248261 -0.248085,
        2.321579 2.242897 -0.231608,
        2.353130 2.237298 -0.220074,
        2.386176 2.231706 -0.214092,
        2.419261 2.226359 -0.213795,
        2.451010 2.221465 -0.218835,
        2.481315 2.216670 -0.228909,
        2.510434 2.211396 -0.244307,
        2.537000 2.205832 -0.264756,
        2.559762 2.200215 -0.289512,
        2.577782 2.194790 -0.317451,
        2.590561 2.189772 -0.347233,
        2.598163 2.185053 -0.378085,
        2.600682 2.179878 -0.410722,
        2.597619 2.174362 -0.444009,
        2.588873 2.168736 -0.476502,
        2.574838 2.163244 -0.506790,
        2.556341 2.158112 -0.533689,
        2.534315 2.153405 -0.556556,
        2.508247 2.148340 -0.575973,
        2.478590 2.142886 -0.591124,
        2.446467 2.137264 -0.601115,
        2.413261 2.131718 -0.605464,
        2.380426 2.126482 -0.604181,
        2.349231 2.121725 -0.597723,
        2.319133 2.116780 -0.586129,
        2.290606 2.111400 -0.569239,
        2.265009 2.105796 -0.547465,
        2.243524 2.100211 -0.521672,
        2.226971 2.094881 -0.493065,
        2.215715 2.090013 -0.463011,
        2.209521 2.085195 -0.431633,
        2.208559 2.079902 -0.398669,
        2.213257 2.074330 -0.365459,
        2.223575 2.068717 -0.333459,
        2.238985 2.063307 -0.304033,
        2.258560 2.058313 -0.278269,
        2.281665 2.053583 -0.256424,
        2.308852 2.048387 -0.238115,
        2.339343 2.042861 -0.224363,
        2.371924 2.037236 -0.215956,
        2.405169 2.031756 -0.213238,
        2.437646 2.026646 -0.216061,
        2.468396 2.021941 -0.223941,
        2.498187 2.016854 -0.237063,
        2.526013 2.011387 -0.255411,
        2.550542 2.005763 -0.278440,
        2.570683 2.000226 -0.305171,
        2.585738 1.995010 -0.334333,
        2.595497 1.990268 -0.364623,
        2.600263 1.985299 -0.396576,
        2.599633 1.979903 -0.429755,
        2.593303 1.974295 -0.462768,
        2.244904 1.284244 -0.294361,
        2.227867 1.289556 -0.322745,
        2.215676 1.295135 -0.354105,
        2.209000 1.300744 -0.387143,
        2.208037 1.306139 -0.420404,
        2.212497 1.311109 -0.452488,
        2.221980 1.315851 -0.482957,
        2.236785 1.321067 -0.512346,
        2.256712 1.326604 -0.539349,
        2.281077 1.332228 -0.562683,
        2.308793 1.337694 -0.581358,
        2.338533 1.342782 -0.594812,
        2.369286 1.347487 -0.603019,
        2.401821 1.352597 -0.606174,
        2.435182 1.358076 -0.603780,
        2.467933 1.363702 -0.595676,
        2.498643 1.369228 -0.582192,
        2.526085 1.374424 -0.564106,
        2.549468 1.379154 -0.542432,
        2.569352 1.384147 -0.516794,
        2.585096 1.389558 -0.487444,
        2.595761 1.395171 -0.455462,
        2.600803 1.400743 -0.422211,
        2.600167 1.406036 -0.389150,
        2.594270 1.410853 -0.357627,
        2.583283 1.415722 -0.327381,
        2.566972 1.421051 -0.298533,
        2.545687 1.426637 -0.272457,
        2.520240 1.432241 -0.250370,
        2.491804 1.437621 -0.233150,
        2.461742 1.442565 -0.221225,
        2.430529 1.447323 -0.214439,
        2.397619 1.452559 -0.212826,
        2.364282 1.458105 -0.216855,
        2.331974 1.463727 -0.226552,
        2.302087 1.469181 -0.241447,
        2.275756 1.474245 -0.260656,
        2.253443 1.478952 -0.283364,
        2.234629 1.484084 -0.310150,
        2.220254 1.489577 -0.340378,
        2.211162 1.495203 -0.372870,
        2.207758 1.500718 -0.406215,
        2.209958 1.505893 -0.438964,
        2.217273 1.510613 -0.469974,
        2.229789 1.515631 -0.499962,
        2.247578 1.521056 -0.528156,
        2.270154 1.526672 -0.553205,
        2.296587 1.532236 -0.573972,
        2.325629 1.537511 -0.589702,
        2.355915 1.542306 -0.600105,
        2.387698 1.547200 -0.605475,
        2.420874 1.552546 -0.605507,
        2.454066 1.558139 -0.599839,
        2.485817 1.563738 -0.588589,
        2.514789 1.569101 -0.572355,
        2.539948 1.574021 -0.552119,
        2.561272 1.578796 -0.528286,
        2.578924 1.584051 -0.500417,
        2.591858 1.589606 -0.469408,
        2.599345 1.595226 -0.436523,
        2.601118 1.600666 -0.403204,
        2.597398 1.605707 -0.370873,
        2.588647 1.610419 -0.340253,
        2.574603 1.615573 -0.310636,
        2.555376 1.621077 -0.283209,
        2.531586 1.626704 -0.259281,
        2.504271 1.632208 -0.239896,
        2.474735 1.637361 -0.225680,
        2.444167 1.642073 -0.216752,
        2.411858 1.647115 -0.212844,
        2.378530 1.652555 -0.214424,
        2.345602 1.658174 -0.221721,
        2.314519 1.663730 -0.234476,
        2.286547 1.668985 -0.251966,
        2.262592 1.673760 -0.273151,
        2.242210 1.678680 -0.298193,
        2.225809 1.684043 -0.327070,
        2.214375 1.689641 -0.358755,
        2.208515 1.695234 -0.391915,
        2.208354 1.700581 -0.425090,
        2.213541 1.705475 -0.456904,
        2.223768 1.710270 -0.487249,
        2.239329 1.715544 -0.516382,
        2.259943 1.721108 -0.542935,
        2.284861 1.726724 -0.565655,
        2.312951 1.732150 -0.583607,
        2.342865 1.737168 -0.596296,
        2.373833 1.741887 -0.603791,
        2.406569 1.747063 -0.606180,
        2.439933 1.752578 -0.602970,
        2.472477 1.758204 -0.594066,
        2.502787 1.763696 -0.579867,
        2.529682 1.768828 -0.561207,
        2.552519 1.773535 -0.539027,
        2.571880 1.778600 -0.512808,
        2.586949 1.784054 -0.483007,
        2.596832 1.789676 -0.450756,
        2.601055 1.795222 -0.417443,
        2.599632 1.800458 -0.384524,
        2.593026 1.805215 -0.353272,
        2.581276 1.810160 -0.323142,
        2.564222 1.815539 -0.294607,
        2.542282 1.821143 -0.269032,
        2.516330 1.826730 -0.247596,
        2.487576 1.832059 -0.231118,
        2.457395 1.836928 -0.219957,
        2.425906 1.841744 -0.213877,
        2.392850 1.847038 -0.213050,
        2.359570 1.852610 -0.217899,
        2.327526 1.858222 -0.228378,
        2.298085 1.863633 -0.243952,
        2.272333 1.868627 -0.263687,
        2.250525 1.873357 -0.286945,
        2.232280 1.878552 -0.314282,
        2.218618 1.884079 -0.344913,
        2.210324 1.889704 -0.377616,
        2.207738 1.895184 -0.410962,
        2.210704 1.900294 -0.443515,
        2.218733 1.904998 -0.474316,
        2.232014 1.910086 -0.504132,
        2.250528 1.915553 -0.531956,
        2.273720 1.921177 -0.556456,
        2.300607 1.926713 -0.576540,
        2.329911 1.931930 -0.591515,
        2.360324 1.936672 -0.601174,
        2.392382 1.941641 -0.605820,
        2.425648 1.947037 -0.605049,
        2.458724 1.952645 -0.598565,
        2.290313 2.652513 -0.249215,
        2.318795 2.647201 -0.232342,
        2.350225 2.641622 -0.220333,
        2.383301 2.636013 -0.213849,
        2.416567 2.630618 -0.213078,
        2.448625 2.625648 -0.217724,
        2.479038 2.620906 -0.227383,
        2.508341 2.615690 -0.242358,
        2.535228 2.610154 -0.262442,
        2.558421 2.604530 -0.286941,
        2.576935 2.599063 -0.314765,
        2.590216 2.593975 -0.344582,
        2.598245 2.589270 -0.375382,
        2.601211 2.584161 -0.407935,
        2.598625 2.578681 -0.441281,
        2.590331 2.573055 -0.473985,
        2.576669 2.567529 -0.504616,
        2.558424 2.562333 -0.531953,
        2.536616 2.557604 -0.555210,
        2.510863 2.552610 -0.574945,
        2.481423 2.547199 -0.590520,
        2.449379 2.541586 -0.600998,
        2.416099 2.536015 -0.605848,
        2.383043 2.530721 -0.605021,
        2.351554 2.525904 -0.598941,
        2.321372 2.521035 -0.587780,
        2.292619 2.515706 -0.571301,
        2.266667 2.510120 -0.549865,
        2.244728 2.504516 -0.524291,
        2.227673 2.499136 -0.495756,
        2.215922 2.494192 -0.465625,
        2.209317 2.489435 -0.434374,
        2.207894 2.484198 -0.401455,
        2.212117 2.478652 -0.368142,
        2.222000 2.473030 -0.335890,
        2.237069 2.467576 -0.306090,
        2.256430 2.462512 -0.279870,
        2.279267 2.457805 -0.257690,
        2.306161 2.452672 -0.239031,
        2.336472 2.447180 -0.224832,
        2.369016 2.441554 -0.215928,
        2.402380 2.436039 -0.212717,
        2.435116 2.430864 -0.215107,
        2.466083 2.426144 -0.222601,
        2.495998 2.421126 -0.235291,
        2.524088 2.415701 -0.253243,
        2.549006 2.410084 -0.275963,
        2.569620 2.404520 -0.302516,
        2.585181 2.399246 -0.331649,
        2.595408 2.394451 -0.361994,
        2.600594 2.389557 -0.393808,
        2.600434 2.384210 -0.426983,
        2.594574 2.378618 -0.460143,
        2.583140 2.373019 -0.491828,
        2.566739 2.367656 -0.520705,
        2.546357 2.362736 -0.545746,
        2.522402 2.357962 -0.566932,
        2.494430 2.352706 -0.584422,
        2.463348 2.347151 -0.597176,
        2.430419 2.341531 -0.604473,
        2.397091 2.336091 -0.606053,
        2.364782 2.331050 -0.602146,
        2.334213 2.326338 -0.593218,
        2.304678 2.321184 -0.579002,
        2.277363 2.315680 -0.559616,
        2.253573 2.310054 -0.535689,
        2.234346 2.304550 -0.508262,
        2.220301 2.299396 -0.478644,
        2.211550 2.294683 -0.448024,
        2.207831 2.289642 -0.415693,
        2.209603 2.284202 -0.382375,
        2.217091 2.278583 -0.349489,
        2.230025 2.273028 -0.318481,
        2.247677 2.267772 -0.290611,
        2.269001 2.262997 -0.266779,
        2.294160 2.258078 -0.246543,
        2.323132 2.252714 -0.230309,
        2.354883 2.247116 -0.219059,
        2.388075 2.241523 -0.213391,
        2.421251 2.236176 -0.213422,
        2.453035 2.231282 -0.218793,
        2.483320 2.226488 -0.229196,
        2.512363 2.221213 -0.244926,
        2.538795 2.215649 -0.265693,
        2.561370 2.210032 -0.290742,
        2.579160 2.204607 -0.318935,
        2.591676 2.199589 -0.348923,
        2.598991 2.194870 -0.379934,
        2.601191 2.189694 -0.412683,
        2.597787 2.184179 -0.446027,
        2.588694 2.178553 -0.478520,
        2.574320 2.173061 -0.508747,
        2.555505 2.167929 -0.535533,
        2.533193 2.163222 -0.558241,
        2.506862 2.158157 -0.577450,
        2.476975 2.152703 -0.592346,
        2.444667 2.147081 -0.602043,
        2.411330 2.141535 -0.606072,
        2.378420 2.136299 -0.604459,
        2.347207 2.131542 -0.597672,
        2.317145 2.126597 -0.585748,
        2.288709 2.121217 -0.568528,
        2.263262 2.115614 -0.546441,
        2.241977 2.110028 -0.520365,
        2.225666 2.104698 -0.491517,
        2.214679 2.099830 -0.461271,
        2.208781 2.095013 -0.429748,
        2.208146 2.089719 -0.396687,
        2.213188 2.084147 -0.363435,
        2.223852 2.078534 -0.331453,
        2.239597 2.073124 -0.302103,
        2.259481 2.068130 -0.276466,
        2.282864 2.063400 -0.254792,
        2.310306 2.058204 -0.236706,
        2.341015 2.052678 -0.223221,
        2.373767 2.047053 -0.215117,
        2.407128 2.041573 -0.212724,
        2.439663 2.036463 -0.215878,
        2.470416 2.031758 -0.224086,
        2.500156 2.026671 -0.237539,
        2.527872 2.021204 -0.256214,
        2.552236 2.015580 -0.279548,
        2.572164 2.010044 -0.306551,
        2.586969 2.004827 -0.335941,
        2.596452 2.000085 -0.366409,
        2.600912 1.995116 -0.398494,
        2.599948 1.989720 -0.431755,
        2.593273 1.984112 -0.464793,
        2.247037 1.292246 -0.293931,
        2.229897 1.297558 -0.321963,
        2.217543 1.303137 -0.352989,
        2.210650 1.308746 -0.385724,
        2.209424 1.314141 -0.418728,
        2.213590 1.319111 -0.450607,
        2.222754 1.323853 -0.480924,
        2.237209 1.329069 -0.510213,
        2.256769 1.334605 -0.537175,
        2.280761 1.340229 -0.560531,
        2.308117 1.345696 -0.579291,
        2.337524 1.350784 -0.592885,
        2.367980 1.355488 -0.601280,
        2.400245 1.360598 -0.604674,
        2.433375 1.366078 -0.602570,
        2.465946 1.371704 -0.594793,
        2.496534 1.377230 -0.581658,
        2.523917 1.382426 -0.563930,
        2.547300 1.387155 -0.542609,
        2.567243 1.392149 -0.517326,
        2.583107 1.397560 -0.488324,
        2.593951 1.403172 -0.456669,
        2.599225 1.408744 -0.423708,
        2.598862 1.414038 -0.390890,
        2.593265 1.418855 -0.359556,
        2.582606 1.423724 -0.329448,
        2.566651 1.429053 -0.300684,
        2.545737 1.434639 -0.274631,
        2.520661 1.440243 -0.252504,
        2.492578 1.445622 -0.235183,
        2.462839 1.450567 -0.223104,
        2.431915 1.455324 -0.216115,
        2.399266 1.460561 -0.214247,
        2.366147 1.466107 -0.217976,
        2.334003 1.471729 -0.227337,
        2.304219 1.477182 -0.241879,
        2.277930 1.482247 -0.260730,
        2.255601 1.486954 -0.283086,
        2.236710 1.492086 -0.309518,
        2.222199 1.497578 -0.339402,
        2.212911 1.503205 -0.371577,
        2.209262 1.508720 -0.404643,
        2.211180 1.513895 -0.437164,
        2.218188 1.518615 -0.468001,
        2.230367 1.523632 -0.497865,
        2.247794 1.529058 -0.525991,
        2.269996 1.534674 -0.551035,
        2.296062 1.540238 -0.571861,
        2.324759 1.545513 -0.587708,
        2.354732 1.550307 -0.598279,
        2.386233 1.555202 -0.603867,
        2.419160 1.560548 -0.604167,
        2.452149 1.566141 -0.598811,
        2.483753 1.571739 -0.587903,
        2.512639 1.577103 -0.572026,
        2.537773 1.582022 -0.552146,
        2.559130 1.586797 -0.528666,
        2.576875 1.592053 -0.501149,
        2.589964 1.597608 -0.470478,
        2.597662 1.603228 -0.437900,
        2.599692 1.608668 -0.404846,
        2.596262 1.613709 -0.372728,
        2.587825 1.618421 -0.342267,
        2.574127 1.623575 -0.312758,
        2.555267 1.629079 -0.285381,
        2.531850 1.634706 -0.261441,
        2.504897 1.640209 -0.241979,
        2.475699 1.645363 -0.227630,
        2.445432 1.650075 -0.218521,
        2.413398 1.655117 -0.214381,
        2.380307 1.660556 -0.215679,
        2.347567 1.666176 -0.222654,
        2.316614 1.671731 -0.235060,
        2.288711 1.676987 -0.252192,
        2.264763 1.681762 -0.273024,
        2.244331 1.686681 -0.297712,
        2.227819 1.692044 -0.326239,
        2.216214 1.697643 -0.357594,
        2.210129 1.703236 -0.390456,
        2.209701 1.708582 -0.423381,
        2.214590 1.713477 -0.454998,
        2.224494 1.718271 -0.485198,
        2.239702 1.723546 -0.514239,
        2.259946 1.729110 -0.540759,
        2.284492 1.734726 -0.563511,
        2.312225 1.740152 -0.581556,
        2.341812 1.745170 -0.594393,
        2.372487 1.749889 -0.602083,
        2.404957 1.755064 -0.604720,
        2.438096 1.760580 -0.601804,
        2.470469 1.766206 -0.593231,
        2.500667 1.771698 -0.579384,
        2.527511 1.776830 -0.561083,
        2.550356 1.781537 -0.539255,
        2.569784 1.786602 -0.513390,
        2.584981 1.792056 -0.483935,
        2.595052 1.797678 -0.452006,
        2.599513 1.803224 -0.418978,
        2.598368 1.808460 -0.386295,
        2.592066 1.813217 -0.355224,
        2.580648 1.818162 -0.325224,
        2.563953 1.823541 -0.296766,
        2.542386 1.829145 -0.271205,
        2.516802 1.834731 -0.249720,
        2.488399 1.840061 -0.233132,
        2.458535 1.844929 -0.221810,
        2.427332 1.849746 -0.215520,
        2.394531 1.855040 -0.214431,
        2.361461 1.860612 -0.218974,
        2.329573 1.866224 -0.229114,
        2.300227 1.871635 -0.244332,
        2.274508 1.876629 -0.263710,
        2.252675 1.881359 -0.286616,
        2.234346 1.886554 -0.313600,
        2.220537 1.892080 -0.343889,
        2.212041 1.897706 -0.376280,
        2.209203 1.903186 -0.409355,
        2.211883 1.908296 -0.441687,
        2.219602 1.913000 -0.472322,
        2.232541 1.918088 -0.502022,
        2.250690 1.923555 -0.529787,
        2.273510 1.929179 -0.554291,
        2.300032 1.934715 -0.574442,
        2.328994 1.939931 -0.589542,
        2.359100 1.944674 -0.599375,
        2.390880 1.949643 -0.604246,
        2.423902 1.955038 -0.603752,
        2.456782 1.960647 -0.597584,
        2.292470 2.660515 -0.249492,
        2.320875 2.655203 -0.232978,
        2.352167 2.649624 -0.221313,
        2.385046 2.644015 -0.215146,
        2.418069 2.638620 -0.214651,
        2.449849 2.633650 -0.219522,
        2.479955 2.628908 -0.229356,
        2.508917 2.623692 -0.244456,
        2.535439 2.618156 -0.264607,
        2.558259 2.612531 -0.289110,
        2.576408 2.607064 -0.316876,
        2.589347 2.601977 -0.346576,
        2.597067 2.597272 -0.377210,
        2.599746 2.592162 -0.409543,
        2.596908 2.586682 -0.442618,
        2.588411 2.581057 -0.475008,
        2.574604 2.575531 -0.505298,
        2.556274 2.570335 -0.532281,
        2.534441 2.565606 -0.555187,
        2.508722 2.560611 -0.574565,
        2.479376 2.555201 -0.589784,
        2.447488 2.549588 -0.599924,
        2.414419 2.544016 -0.604467,
        2.381617 2.538723 -0.603378,
        2.350414 2.533906 -0.597088,
        2.320550 2.529037 -0.585766,
        2.292146 2.523708 -0.569178,
        2.266563 2.518122 -0.547693,
        2.244996 2.512518 -0.522132,
        2.228300 2.507138 -0.493673,
        2.216883 2.502193 -0.463673,
        2.210580 2.497436 -0.432603,
        2.209435 2.492200 -0.399920,
        2.213897 2.486654 -0.366892,
        2.223968 2.481032 -0.334963,
        2.239165 2.475578 -0.305508,
        2.258593 2.470514 -0.279643,
        2.281438 2.465806 -0.257814,
        2.308283 2.460674 -0.239513,
        2.338480 2.455182 -0.225667,
        2.370853 2.449556 -0.217094,
        2.403992 2.444041 -0.214178,
        2.436462 2.438866 -0.216815,
        2.467137 2.434146 -0.224504,
        2.496724 2.429128 -0.237341,
        2.524457 2.423703 -0.255387,
        2.549003 2.418086 -0.278139,
        2.569247 2.412522 -0.304659,
        2.584455 2.407248 -0.333699,
        2.594359 2.402453 -0.363899,
        2.599248 2.397559 -0.395517,
        2.598820 2.392212 -0.428441,
        2.592735 2.386620 -0.461304,
        2.581130 2.381021 -0.492658,
        2.564618 2.375657 -0.521186,
        2.544185 2.370738 -0.545874,
        2.520238 2.365963 -0.566706,
        2.492335 2.360707 -0.583837,
        2.461382 2.355153 -0.596244,
        2.428642 2.349533 -0.603219,
        2.395552 2.344093 -0.604517,
        2.363517 2.339052 -0.600377,
        2.333250 2.334339 -0.591268,
        2.304052 2.329186 -0.576919,
        2.277099 2.323682 -0.557457,
        2.253683 2.318055 -0.533517,
        2.234822 2.312551 -0.506139,
        2.221124 2.307397 -0.476630,
        2.212687 2.302685 -0.446170,
        2.209257 2.297644 -0.414051,
        2.211287 2.292204 -0.380997,
        2.218985 2.286585 -0.348420,
        2.232073 2.281030 -0.317749,
        2.249819 2.275774 -0.290232,
        2.271176 2.270999 -0.266752,
        2.296310 2.266079 -0.246871,
        2.325196 2.260716 -0.230994,
        2.356800 2.255117 -0.220087,
        2.389789 2.249525 -0.214730,
        2.422715 2.244178 -0.215031,
        2.454217 2.239284 -0.220619,
        2.484190 2.234489 -0.231189,
        2.512887 2.229215 -0.247037,
        2.538952 2.223651 -0.267863,
        2.561155 2.218034 -0.292906,
        2.578582 2.212609 -0.321032,
        2.590761 2.207591 -0.350896,
        2.597769 2.202872 -0.381733,
        2.599687 2.197696 -0.414254,
        2.596038 2.192181 -0.447321,
        2.586750 2.186555 -0.479495,
        2.572239 2.181063 -0.509380,
        2.553348 2.175931 -0.535812,
        2.531019 2.171224 -0.558168,
        2.504730 2.166159 -0.577019,
        2.474946 2.160705 -0.591561,
        2.442802 2.155083 -0.600922,
        2.409683 2.149537 -0.604651,
        2.377033 2.144301 -0.602783,
        2.346110 2.139544 -0.595794,
        2.316371 2.134599 -0.583715,
        2.288289 2.129219 -0.566394,
        2.263211 2.123615 -0.544266,
        2.242298 2.118029 -0.518213,
        2.226343 2.112700 -0.489449,
        2.215685 2.107831 -0.459342,
        2.210087 2.103014 -0.428007,
        2.209724 2.097720 -0.395190,
        2.214998 2.092149 -0.362229,
        2.225842 2.086536 -0.330574,
        2.241706 2.081125 -0.301572,
        2.261648 2.076131 -0.276288,
        2.285033 2.071402 -0.254967,
        2.312415 2.066206 -0.237240,
        2.343003 2.060680 -0.224105,
        2.375574 2.055055 -0.216328,
        2.408704 2.049575 -0.214223,
        2.440969 2.044465 -0.217618,
        2.471424 2.039760 -0.226013,
        2.500831 2.034673 -0.239607,
        2.528188 2.029206 -0.258366,
        2.552180 2.023581 -0.281723,
        2.571739 2.018045 -0.308685,
        2.586194 2.012829 -0.337974,
        2.595359 2.008087 -0.368290,
        2.599525 2.003118 -0.400170,
        2.598299 1.997722 -0.433174,
        2.591406 1.992113 -0.465909,
        2.250587 1.299963 -0.294587,
        2.233507 1.305275 -0.322015,
        2.221109 1.310854 -0.352425,
        2.214067 1.316463 -0.384559,
        2.212596 1.321858 -0.417004,
        2.216436 1.326828 -0.448386,
        2.225204 1.331570 -0.478272,
        2.239183 1.336786 -0.507190,
        2.258200 1.342322 -0.533860,
        2.281605 1.347946 -0.557021,
        2.308355 1.353413 -0.575688,
        2.337163 1.358501 -0.589292,
        2.367044 1.363205 -0.597793,
        2.398745 1.368315 -0.601391,
        2.431340 1.373795 -0.599587,
        2.463431 1.379420 -0.592202,
        2.493616 1.384947 -0.579532,
        2.520685 1.390143 -0.562320,
        2.543851 1.394872 -0.541542,
        2.563665 1.399866 -0.516840,
        2.579499 1.405277 -0.488448,
        2.590417 1.410889 -0.457407,
        2.595868 1.416461 -0.425037,
        2.595775 1.421755 -0.392763,
        2.590523 1.426572 -0.361906,
        2.580284 1.431441 -0.332213,
        2.564826 1.436770 -0.303800,
        2.544470 1.442356 -0.278013,
        2.519989 1.447960 -0.256052,
        2.492514 1.453339 -0.238793,
        2.463367 1.458284 -0.226675,
        2.433014 1.463041 -0.219554,
        2.400924 1.468278 -0.217454,
        2.368326 1.473823 -0.220855,
        2.336641 1.479446 -0.229802,
        2.307236 1.484899 -0.243861,
        2.281233 1.489964 -0.262187,
        2.259096 1.494671 -0.283991,
        2.240307 1.499803 -0.309832,
        2.225797 1.505295 -0.339102,
        2.216405 1.510922 -0.370666,
        2.212550 1.516437 -0.403152,
        2.214175 1.521612 -0.435147,
        2.220818 1.526331 -0.465528,
        2.232554 1.531349 -0.494993,
        2.249464 1.536775 -0.522791,
        2.271096 1.542391 -0.547596,
        2.296560 1.547955 -0.568285,
        2.324652 1.553230 -0.584099,
        2.354041 1.558024 -0.594735,
        2.384972 1.562919 -0.600483,
        2.417348 1.568265 -0.601044,
        2.449832 1.573858 -0.596043,
        2.480997 1.579457 -0.585570,
        2.509530 1.584820 -0.570190,
        2.534406 1.589739 -0.550843,
        2.555596 1.594514 -0.527926,
        2.573267 1.599770 -0.501009,
        2.586385 1.605325 -0.470955,
        2.594217 1.610944 -0.438981,
        2.596479 1.616385 -0.406494,
        2.593365 1.621426 -0.374883,
        2.585314 1.626138 -0.344861,
        2.572080 1.631292 -0.315733,
        2.553755 1.636796 -0.288660,
        2.530920 1.642422 -0.264930,
        2.504573 1.647926 -0.245575,
        2.475976 1.653080 -0.231230,
        2.446287 1.657792 -0.222029,
        2.414819 1.662833 -0.217700,
        2.382268 1.668273 -0.218710,
        2.350017 1.673893 -0.225306,
        2.319480 1.679448 -0.237256,
        2.291903 1.684704 -0.253878,
        2.268187 1.689479 -0.274171,
        2.247896 1.694398 -0.298283,
        2.231430 1.699761 -0.326203,
        2.219765 1.705360 -0.356942,
        2.213517 1.710953 -0.389209,
        2.212831 1.716299 -0.421582,
        2.217384 1.721193 -0.452712,
        2.226881 1.725988 -0.482489,
        2.241602 1.731263 -0.511169,
        2.261295 1.736827 -0.537410,
        2.285250 1.742443 -0.559981,
        2.312376 1.747869 -0.577949,
        2.341367 1.752887 -0.590810,
        2.371469 1.757606 -0.598618,
        2.403378 1.762781 -0.601473,
        2.435989 1.768296 -0.598872,
        2.467891 1.773923 -0.590702,
        2.497698 1.779415 -0.577329,
        2.524242 1.784547 -0.559549,
        2.546882 1.789254 -0.538268,
        2.566196 1.794319 -0.512989,
        2.581377 1.799772 -0.484148,
        2.591537 1.805394 -0.452831,
        2.596190 1.810941 -0.420388,
        2.595327 1.816177 -0.388241,
        2.589380 1.820934 -0.357637,
        2.578393 1.825878 -0.328044,
        2.562205 1.831258 -0.299925,
        2.541203 1.836862 -0.274616,
        2.516218 1.842448 -0.253283,
        2.488420 1.847778 -0.236743,
        2.459144 1.852646 -0.225369,
        2.428512 1.857463 -0.218932,
        2.396265 1.862757 -0.217597,
        2.363710 1.868328 -0.221798,
        2.332271 1.873941 -0.231513,
        2.303291 1.879352 -0.246242,
        2.277845 1.884346 -0.265091,
        2.256190 1.889076 -0.287439,
        2.237949 1.894271 -0.313826,
        2.224127 1.899797 -0.343501,
        2.215511 1.905423 -0.375283,
        2.212455 1.910903 -0.407785,
        2.214830 1.916013 -0.439601,
        2.222173 1.920717 -0.469787,
        2.234658 1.925805 -0.499098,
        2.252282 1.931272 -0.526546,
        2.274524 1.936896 -0.550826,
        2.300443 1.942432 -0.570855,
        2.328801 1.947648 -0.585937,
        2.358327 1.952391 -0.595848,
        2.389538 1.957360 -0.600894,
        2.422015 1.962756 -0.600673,
        2.454397 1.968364 -0.594873,
        2.295622 2.668231 -0.251254,
        2.323687 2.662920 -0.235243,
        2.354552 2.657340 -0.224025,
        2.386933 2.651731 -0.218224,
        2.419411 2.646336 -0.218004,
        2.450622 2.641367 -0.223049,
        2.480148 2.636625 -0.232961,
        2.508506 2.631408 -0.248043,
        2.534424 2.625872 -0.268072,
        2.556667 2.620248 -0.292351,
        2.574291 2.614781 -0.319800,
        2.586776 2.609694 -0.349110,
        2.594120 2.604989 -0.379297,
        2.596494 2.599879 -0.411113,
        2.593438 2.594399 -0.443614,
        2.584822 2.588774 -0.475397,
        2.571000 2.583248 -0.505072,
        2.552758 2.578052 -0.531458,
        2.531104 2.573322 -0.553807,
        2.505657 2.568328 -0.572656,
        2.476678 2.562917 -0.587385,
        2.445239 2.557305 -0.597099,
        2.412683 2.551733 -0.601300,
        2.380437 2.546440 -0.599966,
        2.349804 2.541622 -0.593529,
        2.320528 2.536754 -0.582155,
        2.292731 2.531425 -0.565615,
        2.267746 2.525838 -0.544281,
        2.246744 2.520234 -0.518973,
        2.230556 2.514855 -0.490853,
        2.219569 2.509910 -0.461261,
        2.213622 2.505153 -0.430657,
        2.212759 2.499917 -0.398509,
        2.217412 2.494371 -0.366067,
        2.227572 2.488749 -0.334750,
        2.242753 2.483295 -0.305908,
        2.262066 2.478230 -0.280630,
        2.284707 2.473523 -0.259348,
        2.311251 2.468391 -0.241569,
        2.341058 2.462899 -0.228196,
        2.372960 2.457273 -0.220025,
        2.405571 2.451757 -0.217425,
        2.437480 2.446582 -0.220280,
        2.467581 2.441863 -0.228087,
        2.496573 2.436845 -0.240949,
        2.523699 2.431420 -0.258917,
        2.547654 2.425803 -0.281487,
        2.567347 2.420239 -0.307729,
        2.582068 2.414965 -0.336409,
        2.591565 2.410170 -0.366185,
        2.596118 2.405276 -0.397316,
        2.595432 2.399929 -0.429689,
        2.589184 2.394336 -0.461956,
        2.577519 2.388738 -0.492694,
        2.561053 2.383374 -0.520614,
        2.540762 2.378455 -0.544727,
        2.517046 2.373680 -0.565019,
        2.489469 2.368424 -0.581641,
        2.458932 2.362869 -0.593593,
        2.426681 2.357250 -0.600188,
        2.394130 2.351810 -0.601197,
        2.362662 2.346769 -0.596869,
        2.332973 2.342056 -0.587668,
        2.304376 2.336903 -0.573323,
        2.278028 2.331398 -0.553968,
        2.255194 2.325772 -0.530237,
        2.236868 2.320268 -0.503165,
        2.223635 2.315114 -0.474037,
        2.215584 2.310402 -0.444015,
        2.212470 2.305361 -0.412404,
        2.214732 2.299921 -0.379916,
        2.222564 2.294301 -0.347943,
        2.235681 2.288746 -0.317888,
        2.253353 2.283491 -0.290972,
        2.274543 2.278716 -0.268055,
        2.299419 2.273796 -0.248707,
        2.327952 2.268433 -0.233328,
        2.359117 2.262834 -0.222855,
        2.391601 2.257242 -0.217854,
        2.423976 2.251895 -0.218415,
        2.454908 2.247001 -0.224163,
        2.484297 2.242206 -0.234798,
        2.512389 2.236931 -0.250613,
        2.537853 2.231368 -0.271302,
        2.559485 2.225751 -0.296107,
        2.576395 2.220326 -0.323905,
        2.588131 2.215308 -0.353370,
        2.594774 2.210588 -0.383750,
        2.596398 2.205413 -0.415745,
        2.592544 2.199898 -0.448232,
        2.583152 2.194272 -0.479796,
        2.568642 2.188780 -0.509066,
        2.549853 2.183647 -0.534906,
        2.527716 2.178940 -0.556710,
        2.501713 2.173876 -0.575036,
        2.472308 2.168422 -0.589096,
        2.440623 2.162800 -0.598043,
        2.408026 2.157254 -0.601443,
        2.375935 2.152018 -0.599343,
        2.345582 2.147260 -0.592222,
        2.316435 2.142316 -0.580105,
        2.288959 2.136936 -0.562846,
        2.264478 2.131332 -0.540885,
        2.244122 2.125746 -0.515098,
        2.228665 2.120417 -0.486684,
        2.218426 2.115548 -0.456992,
        2.213174 2.110731 -0.426134,
        2.213081 2.105438 -0.393860,
        2.218532 2.099866 -0.361491,
        2.229450 2.094253 -0.330449,
        2.245284 2.088842 -0.302058,
        2.265098 2.083848 -0.277356,
        2.288264 2.079119 -0.256578,
        2.315333 2.073923 -0.239366,
        2.345518 2.068397 -0.226696,
        2.377609 2.062771 -0.219310,
        2.410204 2.057292 -0.217507,
        2.441905 2.052181 -0.221105,
        2.471786 2.047477 -0.229606,
        2.500594 2.042390 -0.243209,
        2.527344 2.036922 -0.261877,
        2.550749 2.031298 -0.285038,
        2.569766 2.025762 -0.311708,
        2.583745 2.020546 -0.340626,
        2.592512 2.015804 -0.370511,
        2.596353 2.010834 -0.401894,
        2.594882 2.005439 -0.434338,
        2.587839 1.999830 -0.466473,
        2.256039 1.307609 -0.296624,
        2.239223 1.312920 -0.323109,
        2.226928 1.318500 -0.352528,
        2.219819 1.324109 -0.383669,
        2.218115 1.329504 -0.415156,
        2.221577 1.334473 -0.445658,
        2.229837 1.339215 -0.474749,
        2.243163 1.344431 -0.502944,
        2.261400 1.349968 -0.528999,
        2.283928 1.355592 -0.551685,
        2.309741 1.361059 -0.570036,
        2.337596 1.366146 -0.583488,
        2.366535 1.370851 -0.591995,
        2.397283 1.375961 -0.595757,
        2.428945 1.381441 -0.594283,
        2.460165 1.387067 -0.587384,
        2.489579 1.392593 -0.575339,
        2.516007 1.397788 -0.558858,
        2.538675 1.402518 -0.538881,
        2.558122 1.407512 -0.515066,
        2.573736 1.412922 -0.487635,
        2.584600 1.418535 -0.457589,
        2.590167 1.424107 -0.426207,
        2.590351 1.429400 -0.394872,
        2.585513 1.434218 -0.364867,
        2.575824 1.439086 -0.335952,
        2.561057 1.444416 -0.308234,
        2.541512 1.450002 -0.283024,
        2.517930 1.455606 -0.261494,
        2.491400 1.460985 -0.244505,
        2.463204 1.465930 -0.232493,
        2.433795 1.470687 -0.225322,
        2.402656 1.475923 -0.223011,
        2.370978 1.481469 -0.226035,
        2.340139 1.487091 -0.234453,
        2.311470 1.492545 -0.247855,
        2.286068 1.497610 -0.265426,
        2.264390 1.502317 -0.286409,
        2.245929 1.507449 -0.311338,
        2.231592 1.512941 -0.339633,
        2.222206 1.518567 -0.370199,
        2.218188 1.524083 -0.401707,
        2.219494 1.529258 -0.432785,
        2.225686 1.533977 -0.462338,
        2.236830 1.538995 -0.491045,
        2.253013 1.544420 -0.518178,
        2.273805 1.550037 -0.542445,
        2.298352 1.555601 -0.562748,
        2.325493 1.560876 -0.578341,
        2.353937 1.565670 -0.588916,
        2.383920 1.570565 -0.594759,
        2.415348 1.575911 -0.595578,
        2.446929 1.581504 -0.590998,
        2.477276 1.587102 -0.581095,
        2.505109 1.592466 -0.566405,
        2.529426 1.597385 -0.547831,
        2.550194 1.602160 -0.525760,
        2.567580 1.607416 -0.499777,
        2.580570 1.612971 -0.470708,
        2.588446 1.618591 -0.439731,
        2.590917 1.624030 -0.408209,
        2.588162 1.629072 -0.377491,
        2.580600 1.633784 -0.348274,
        2.567999 1.638937 -0.319881,
        2.550435 1.644442 -0.293441,
        2.528467 1.650068 -0.270207,
        2.503051 1.655572 -0.251192,
        2.475407 1.660726 -0.237022,
        2.446660 1.665438 -0.227837,
        2.416144 1.670480 -0.223367,
        2.384532 1.675919 -0.224071,
        2.353164 1.681539 -0.230201,
        2.323413 1.687094 -0.241545,
        2.296498 1.692350 -0.257450,
        2.273300 1.697124 -0.276951,
        2.253395 1.702044 -0.300190,
        2.237170 1.707407 -0.327157,
        2.225585 1.713006 -0.356903,
        2.219244 1.718598 -0.388178,
        2.218304 1.723945 -0.419603,
        2.222461 1.728839 -0.449866,
        2.231428 1.733634 -0.478857,
        2.245478 1.738909 -0.506827,
        2.264376 1.744472 -0.532472,
        2.287442 1.750089 -0.554589,
        2.313626 1.755515 -0.572265,
        2.341665 1.760532 -0.584998,
        2.370825 1.765252 -0.592834,
        2.401781 1.770427 -0.595876,
        2.433465 1.775942 -0.593628,
        2.464508 1.781569 -0.585967,
        2.493561 1.787061 -0.573235,
        2.519484 1.792193 -0.556198,
        2.541646 1.796900 -0.535728,
        2.560612 1.801965 -0.511349,
        2.575596 1.807418 -0.483475,
        2.585726 1.813041 -0.453156,
        2.590519 1.818586 -0.421696,
        2.589954 1.823822 -0.390476,
        2.584439 1.828580 -0.360713,
        2.574024 1.833524 -0.331888,
        2.558545 1.838904 -0.304450,
        2.538368 1.844508 -0.279699,
        2.514291 1.850094 -0.258774,
        2.487443 1.855423 -0.242480,
        2.459115 1.860292 -0.231188,
        2.429429 1.865109 -0.224679,
        2.398131 1.870403 -0.223110,
        2.366488 1.875974 -0.226913,
        2.335881 1.881587 -0.236078,
        2.307620 1.886998 -0.250133,
        2.282754 1.891992 -0.268217,
        2.261540 1.896721 -0.289731,
        2.243606 1.901917 -0.315196,
        2.229934 1.907443 -0.343889,
        2.221299 1.913069 -0.374675,
        2.218056 1.918548 -0.406205,
        2.220091 1.923659 -0.437115,
        2.226966 1.928363 -0.466485,
        2.238839 1.933450 -0.495048,
        2.255717 1.938918 -0.521848,
        2.277106 1.944542 -0.545610,
        2.302101 1.950078 -0.565276,
        2.329506 1.955294 -0.580160,
        2.358088 1.960036 -0.590033,
        2.388349 1.965006 -0.595197,
        2.419883 1.970401 -0.595258,
        2.451372 1.976010 -0.589902,
        2.300131 2.675877 -0.254933,
        2.327515 2.670566 -0.239626,
        2.357577 2.664986 -0.228996,
        2.389066 2.659378 -0.223639,
        2.420600 2.653982 -0.223700,
        2.450860 2.649013 -0.228864,
        2.479443 2.644270 -0.238738,
        2.506848 2.639054 -0.253622,
        2.531843 2.633518 -0.273288,
        2.553232 2.627894 -0.297049,
        2.570110 2.622427 -0.323849,
        2.581983 2.617339 -0.352413,
        2.588857 2.612635 -0.381783,
        2.590893 2.607525 -0.412693,
        2.587650 2.602045 -0.444223,
        2.579015 2.596420 -0.475008,
        2.565344 2.590894 -0.503702,
        2.547409 2.585698 -0.529166,
        2.526195 2.580968 -0.550681,
        2.501329 2.575974 -0.568765,
        2.473067 2.570564 -0.582820,
        2.442461 2.564951 -0.591985,
        2.410817 2.559379 -0.595788,
        2.379520 2.554086 -0.594219,
        2.349833 2.549268 -0.587709,
        2.321506 2.544400 -0.576418,
        2.294657 2.539070 -0.560123,
        2.270581 2.533484 -0.539198,
        2.250404 2.527880 -0.514448,
        2.234926 2.522501 -0.487009,
        2.224510 2.517556 -0.458185,
        2.218995 2.512799 -0.428421,
        2.218430 2.507563 -0.397201,
        2.223223 2.502017 -0.365742,
        2.233353 2.496394 -0.335423,
        2.248337 2.490941 -0.307549,
        2.267303 2.485876 -0.283170,
        2.289465 2.481169 -0.262700,
        2.315387 2.476037 -0.245662,
        2.344441 2.470545 -0.232931,
        2.375484 2.464919 -0.225269,
        2.407168 2.459403 -0.223021,
        2.438124 2.454228 -0.226063,
        2.467284 2.449509 -0.233900,
        2.495323 2.444491 -0.246633,
        2.521507 2.439065 -0.264308,
        2.544573 2.433449 -0.286425,
        2.563471 2.427885 -0.312070,
        2.577521 2.422610 -0.340040,
        2.586488 2.417816 -0.369031,
        2.590645 2.412921 -0.399294,
        2.589704 2.407575 -0.430720,
        2.583364 2.401982 -0.461995,
        2.571778 2.396384 -0.491741,
        2.555554 2.391020 -0.518708,
        2.535649 2.386101 -0.541947,
        2.512450 2.381326 -0.561448,
        2.485535 2.376070 -0.577352,
        2.455785 2.370515 -0.588696,
        2.424417 2.364896 -0.594826,
        2.392805 2.359456 -0.595530,
        2.362289 2.354414 -0.591061,
        2.333541 2.349702 -0.581876,
        2.305898 2.344548 -0.567706,
        2.280481 2.339044 -0.548691,
        2.258513 2.333418 -0.525457,
        2.240950 2.327914 -0.499016,
        2.228349 2.322760 -0.470623,
        2.220787 2.318048 -0.441407,
        2.218031 2.313007 -0.410689,
        2.220503 2.307567 -0.379166,
        2.228378 2.301947 -0.348189,
        2.241369 2.296392 -0.319120,
        2.258755 2.291137 -0.293137,
        2.279523 2.286362 -0.271067,
        2.303839 2.281442 -0.252493,
        2.331672 2.276079 -0.237803,
        2.362020 2.270480 -0.227900,
        2.393600 2.264887 -0.223319,
        2.425029 2.259541 -0.224138,
        2.455012 2.254647 -0.229982,
        2.483456 2.249852 -0.240557,
        2.510596 2.244577 -0.256150,
        2.535144 2.239013 -0.276453,
        2.555936 2.233397 -0.300720,
        2.572119 2.227972 -0.327853,
        2.583263 2.222954 -0.356560,
        2.589456 2.218234 -0.386113,
        2.590761 2.213059 -0.417190,
        2.586743 2.207544 -0.448699,
        2.577357 2.201918 -0.479265,
        2.563020 2.196425 -0.507560,
        2.544559 2.191293 -0.532489,
        2.522881 2.186586 -0.553471,
        2.497479 2.181522 -0.571043,
        2.468810 2.176068 -0.584444,
        2.437972 2.170446 -0.592862,
        2.406293 2.164900 -0.595887,
        2.375154 2.159663 -0.593576,
        2.345745 2.154907 -0.586405,
        2.317549 2.149962 -0.574393,
        2.291019 2.144582 -0.557403,
        2.267437 2.138978 -0.535873,
        2.247892 2.133392 -0.510663,
        2.233125 2.128063 -0.482946,
        2.223436 2.123194 -0.454030,
        2.218598 2.118377 -0.424026,
        2.218782 2.113083 -0.392690,
        2.224350 2.107512 -0.361309,
        2.235213 2.101899 -0.331263,
        2.250827 2.096488 -0.303832,
        2.270274 2.091494 -0.280017,
        2.292942 2.086765 -0.260040,
        2.319370 2.081569 -0.243558,
        2.348783 2.076043 -0.231513,
        2.380004 2.070417 -0.224615,
        2.411666 2.064937 -0.223141,
        2.442413 2.059828 -0.226903,
        2.471353 2.055123 -0.235409,
        2.499207 2.050035 -0.248862,
        2.525021 2.044569 -0.267213,
        2.547548 2.038944 -0.289898,
        2.565785 2.033408 -0.315954,
        2.579113 2.028192 -0.344149,
        2.587372 2.023450 -0.373239,
        2.590834 2.018480 -0.403741,
        2.589130 2.013085 -0.435229,
        2.582020 2.007476 -0.466369,
        2.262311 1.313401 -0.299703,
        2.245924 1.318713 -0.325092,
        2.233869 1.324292 -0.353341,
        2.226795 1.329901 -0.383285,
        2.224927 1.335296 -0.413602,
        2.228042 1.340266 -0.443007,
        2.235788 1.345008 -0.471088,
        2.248421 1.350224 -0.498342,
        2.265800 1.355760 -0.523571,
        2.287335 1.361384 -0.545585,
        2.312067 1.366852 -0.563447,
        2.338800 1.371939 -0.576606,
        2.366614 1.376643 -0.585008,
        2.396204 1.381754 -0.588854,
        2.426712 1.387233 -0.587662,
        2.456834 1.392859 -0.581243,
        2.485253 1.398385 -0.569853,
        2.510828 1.403581 -0.554168,
        2.532806 1.408310 -0.535089,
        2.551710 1.413304 -0.512290,
        2.566948 1.418715 -0.485980,
        2.577628 1.424328 -0.457118,
        2.583217 1.429899 -0.426931,
        2.583620 1.435193 -0.396748,
        2.579177 1.440010 -0.367813,
        2.570053 1.444879 -0.339891,
        2.556029 1.450208 -0.313086,
        2.537385 1.455794 -0.288662,
        2.514824 1.461398 -0.267754,
        2.489393 1.466778 -0.251198,
        2.462320 1.471722 -0.239424,
        2.434044 1.476480 -0.232304,
        2.404067 1.481716 -0.229854,
        2.373532 1.487262 -0.232539,
        2.343767 1.492883 -0.240425,
        2.316056 1.498337 -0.253126,
        2.291461 1.503402 -0.269869,
        2.270430 1.508109 -0.289923,
        2.252467 1.513241 -0.313802,
        2.238454 1.518733 -0.340953,
        2.229192 1.524360 -0.370328,
        2.225095 1.529875 -0.400649,
        2.226128 1.535050 -0.430593,
        2.231880 1.539770 -0.459103,
        2.242407 1.544787 -0.486835,
        2.257799 1.550213 -0.513087,
        2.277651 1.555830 -0.536611,
        2.301150 1.561393 -0.556345,
        2.327179 1.566668 -0.571560,
        2.354501 1.571463 -0.581952,
        2.383339 1.576357 -0.587796,
        2.413606 1.581704 -0.588812,
        2.444058 1.587296 -0.584628,
        2.473361 1.592895 -0.575308,
        2.500276 1.598258 -0.561358,
        2.523832 1.603178 -0.543643,
        2.543996 1.607952 -0.522534,
        2.560930 1.613208 -0.497632,
        2.573652 1.618763 -0.469726,
        2.581462 1.624383 -0.439945,
        2.584070 1.629823 -0.409599,
        2.581637 1.634864 -0.379991,
        2.574564 1.639576 -0.351794,
        2.562631 1.644730 -0.324355,
        2.545905 1.650234 -0.298760,
        2.524912 1.655861 -0.276222,
        2.500567 1.661365 -0.257723,
        2.474043 1.666518 -0.243875,
        2.446419 1.671230 -0.234820,
        2.417057 1.676272 -0.230294,
        2.386603 1.681711 -0.230745,
        2.356343 1.687331 -0.236423,
        2.327605 1.692886 -0.247135,
        2.301565 1.698142 -0.262261,
        2.279080 1.702917 -0.280877,
        2.259739 1.707836 -0.303118,
        2.243917 1.713200 -0.328977,
        2.232543 1.718798 -0.357545,
        2.226210 1.724391 -0.387624,
        2.225077 1.729737 -0.417887,
        2.228863 1.734631 -0.447067,
        2.237291 1.739426 -0.475057,
        2.250622 1.744701 -0.502099,
        2.268641 1.750265 -0.526938,
        2.290699 1.755881 -0.548408,
        2.315793 1.761307 -0.565622,
        2.342709 1.766325 -0.578089,
        2.370739 1.771044 -0.585848,
        2.400535 1.776219 -0.589001,
        2.431070 1.781735 -0.587064,
        2.461027 1.787361 -0.579908,
        2.489104 1.792853 -0.567855,
        2.514196 1.797985 -0.551631,
        2.535691 1.802692 -0.532073,
        2.554135 1.807757 -0.508728,
        2.568769 1.813211 -0.481987,
        2.578746 1.818833 -0.452856,
        2.583589 1.824379 -0.422588,
        2.583270 1.829615 -0.392512,
        2.578172 1.834372 -0.363803,
        2.568348 1.839317 -0.335963,
        2.553636 1.844696 -0.309422,
        2.534380 1.850300 -0.285437,
        2.511339 1.855887 -0.265107,
        2.485596 1.861216 -0.249219,
        2.458392 1.866084 -0.238138,
        2.429844 1.870902 -0.231654,
        2.399709 1.876195 -0.229917,
        2.369202 1.881767 -0.233351,
        2.339654 1.887380 -0.241959,
        2.312331 1.892790 -0.255293,
        2.288248 1.897784 -0.272532,
        2.267660 1.902514 -0.293103,
        2.250201 1.907709 -0.317502,
        2.236825 1.913235 -0.345042,
        2.228286 1.918861 -0.374632,
        2.224935 1.924341 -0.404980,
        2.226672 1.929451 -0.434768,
        2.233082 1.934156 -0.463107,
        2.244313 1.939243 -0.490706,
        2.260376 1.944710 -0.516642,
        2.280808 1.950334 -0.539684,
        2.304741 1.955870 -0.558807,
        2.331031 1.961087 -0.573341,
        2.358492 1.965829 -0.583058,
        2.387602 1.970798 -0.588250,
        2.417976 1.976194 -0.588536,
        2.448346 1.981802 -0.583604,
        2.305083 2.681669 -0.259863,
        2.331570 2.676358 -0.245316,
        2.360603 2.670778 -0.235294,
        2.390973 2.665170 -0.230361,
        2.421346 2.659774 -0.230648,
        2.450457 2.654805 -0.235840,
        2.477917 2.650063 -0.245557,
        2.504207 2.644846 -0.260091,
        2.528141 2.639310 -0.279214,
        2.548572 2.633686 -0.302256,
        2.564636 2.628219 -0.328192,
        2.575867 2.623132 -0.355790,
        2.582276 2.618427 -0.384130,
        2.584014 2.613317 -0.413918,
        2.580663 2.607837 -0.444265,
        2.572124 2.602212 -0.473856,
        2.558748 2.596686 -0.501396,
        2.541289 2.591490 -0.525794,
        2.520700 2.586760 -0.546365,
        2.496618 2.581767 -0.563605,
        2.469294 2.576356 -0.576939,
        2.439748 2.570743 -0.585546,
        2.409240 2.565171 -0.588981,
        2.379105 2.559878 -0.587243,
        2.350557 2.555061 -0.580760,
        2.323353 2.550192 -0.569679,
        2.297609 2.544863 -0.553790,
        2.274569 2.539277 -0.533461,
        2.255313 2.533673 -0.509476,
        2.240601 2.528293 -0.482934,
        2.230776 2.523348 -0.455095,
        2.225679 2.518591 -0.426386,
        2.225360 2.513355 -0.396310,
        2.230203 2.507809 -0.366042,
        2.240180 2.502187 -0.336911,
        2.254814 2.496733 -0.310170,
        2.273258 2.491669 -0.286824,
        2.294752 2.486962 -0.267267,
        2.319845 2.481830 -0.251043,
        2.347922 2.476337 -0.238990,
        2.377878 2.470711 -0.231833,
        2.408414 2.465196 -0.229896,
        2.438209 2.460021 -0.233050,
        2.466240 2.455301 -0.240809,
        2.493156 2.450283 -0.253276,
        2.518250 2.444858 -0.270490,
        2.540309 2.439241 -0.291960,
        2.558326 2.433678 -0.316798,
        2.571657 2.428403 -0.343841,
        2.580086 2.423608 -0.371831,
        2.583872 2.418714 -0.401011,
        2.582739 2.413367 -0.431274,
        2.576406 2.407774 -0.461353,
        2.565032 2.402176 -0.489921,
        2.549210 2.396813 -0.515780,
        2.529869 2.391893 -0.538020,
        2.507383 2.387119 -0.556637,
        2.481343 2.381863 -0.571762,
        2.452606 2.376307 -0.582475,
        2.422346 2.370688 -0.588153,
        2.391892 2.365248 -0.588603,
        2.362530 2.360207 -0.584078,
        2.334906 2.355494 -0.575023,
        2.308382 2.350341 -0.561175,
        2.284037 2.344837 -0.542676,
        2.263044 2.339210 -0.520138,
        2.246318 2.333706 -0.494543,
        2.234385 2.328552 -0.467103,
        2.227311 2.323841 -0.438907,
        2.224879 2.318799 -0.409298,
        2.227487 2.313359 -0.378953,
        2.235296 2.307740 -0.349172,
        2.248019 2.302184 -0.321266,
        2.264953 2.296929 -0.296364,
        2.285116 2.292154 -0.275254,
        2.308672 2.287234 -0.257539,
        2.335588 2.281871 -0.243590,
        2.364891 2.276273 -0.234270,
        2.395343 2.270680 -0.230085,
        2.425610 2.265333 -0.231101,
        2.454448 2.260439 -0.236946,
        2.481770 2.255644 -0.247338,
        2.507800 2.250370 -0.262553,
        2.531298 2.244806 -0.282286,
        2.551150 2.239189 -0.305811,
        2.566542 2.233764 -0.332063,
        2.577069 2.228746 -0.359794,
        2.582821 2.224026 -0.388305,
        2.583854 2.218852 -0.418249,
        2.579757 2.213336 -0.448570,
        2.570495 2.207710 -0.477944,
        2.556482 2.202218 -0.505096,
        2.538520 2.197085 -0.528975,
        2.517487 2.192379 -0.549029,
        2.492893 2.187314 -0.565771,
        2.465182 2.181860 -0.578473,
        2.435417 2.176238 -0.586359,
        2.404881 2.170692 -0.589044,
        2.374904 2.165456 -0.586593,
        2.346629 2.160699 -0.579474,
        2.319556 2.155754 -0.567700,
        2.294124 2.150374 -0.551144,
        2.271564 2.144770 -0.530236,
        2.252920 2.139184 -0.505812,
        2.238896 2.133855 -0.479007,
        2.229772 2.128987 -0.451085,
        2.225329 2.124169 -0.422149,
        2.225732 2.118876 -0.391967,
        2.231321 2.113304 -0.361780,
        2.242002 2.107691 -0.332917,
        2.257239 2.102280 -0.306608,
        2.276143 2.097287 -0.283809,
        2.298121 2.092557 -0.264730,
        2.323696 2.087361 -0.249045,
        2.352115 2.081835 -0.237655,
        2.382237 2.076209 -0.231235,
        2.412745 2.070730 -0.230044,
        2.442335 2.065620 -0.233889,
        2.470149 2.060915 -0.242292,
        2.496882 2.055828 -0.255451,
        2.521614 2.050361 -0.273313,
        2.543149 2.044737 -0.295327,
        2.560528 2.039200 -0.320556,
        2.573161 2.033984 -0.347810,
        2.580907 2.029242 -0.375890,
        2.584022 2.024273 -0.405295,
        2.582154 2.018877 -0.435613,
        2.575081 2.013269 -0.465557,
        2.269551 1.317584 -0.303869,
        2.253759 1.322896 -0.327985,
        2.242083 1.328475 -0.354857,
        2.235148 1.334083 -0.383376,
        2.233176 1.339479 -0.412285,
        2.235963 1.344448 -0.440354,
        2.243175 1.349191 -0.467189,
        2.255056 1.354407 -0.493267,
        2.271475 1.359943 -0.517442,
        2.291880 1.365567 -0.538576,
        2.315360 1.371034 -0.555770,
        2.340778 1.376122 -0.568490,
        2.367258 1.380826 -0.576680,
        2.395460 1.385936 -0.580534,
        2.424570 1.391416 -0.579589,
        2.453344 1.397042 -0.573654,
        2.480524 1.402568 -0.562967,
        2.505019 1.407763 -0.548165,
        2.526104 1.412493 -0.530104,
        2.544280 1.417487 -0.508474,
        2.558980 1.422898 -0.483472,
        2.569349 1.428511 -0.456007,
        2.574870 1.434082 -0.427246,
        2.575444 1.439376 -0.398457,
        2.571387 1.444193 -0.370827,
        2.562858 1.449061 -0.344135,
        2.549649 1.454391 -0.318477,
        2.532017 1.459977 -0.295062,
        2.510628 1.465581 -0.274976,
        2.486472 1.470960 -0.259024,
        2.460721 1.475905 -0.247622,
        2.433793 1.480662 -0.240654,
        2.405212 1.485898 -0.238128,
        2.376068 1.491444 -0.240498,
        2.347624 1.497067 -0.247833,
        2.321111 1.502520 -0.259776,
        2.297545 1.507585 -0.275593,
        2.277356 1.512292 -0.294591,
        2.260072 1.517424 -0.317257,
        2.246534 1.522916 -0.343069,
        2.237515 1.528543 -0.371031,
        2.233417 1.534058 -0.399929,
        2.234215 1.539233 -0.428500,
        2.239522 1.543952 -0.455732,
        2.249391 1.548970 -0.482252,
        2.263909 1.554396 -0.507391,
        2.282698 1.560012 -0.529956,
        2.304990 1.565576 -0.548927,
        2.329724 1.570851 -0.563604,
        2.355722 1.575646 -0.573688,
        2.383194 1.580540 -0.579444,
        2.412060 1.585887 -0.580603,
        2.441135 1.591479 -0.576803,
        2.469146 1.597078 -0.568096,
        2.494909 1.602441 -0.554958,
        2.517490 1.607360 -0.538207,
        2.536857 1.612135 -0.518197,
        2.553167 1.617391 -0.494549,
        2.565478 1.622946 -0.468009,
        2.573114 1.628565 -0.439650,
        2.575792 1.634006 -0.410719,
        2.573657 1.639047 -0.382459,
        2.567087 1.643759 -0.355518,
        2.555876 1.648913 -0.329269,
        2.540081 1.654417 -0.304748,
        2.520197 1.660043 -0.283117,
        2.497090 1.665547 -0.265318,
        2.471875 1.670701 -0.251941,
        2.445581 1.675413 -0.243131,
        2.417601 1.680454 -0.238630,
        2.388547 1.685894 -0.238868,
        2.359647 1.691514 -0.244095,
        2.332166 1.697069 -0.254133,
        2.307231 1.702325 -0.268399,
        2.285665 1.707099 -0.286016,
        2.267076 1.712019 -0.307111,
        2.251821 1.717383 -0.331678,
        2.240792 1.722981 -0.358859,
        2.234562 1.728574 -0.387512,
        2.233292 1.733920 -0.416373,
        2.236720 1.738815 -0.444232,
        2.244585 1.743609 -0.470985,
        2.257132 1.748884 -0.496865,
        2.274164 1.754448 -0.520671,
        2.295070 1.760064 -0.541290,
        2.318900 1.765490 -0.557869,
        2.344497 1.770507 -0.569930,
        2.371188 1.775227 -0.577507,
        2.399591 1.780402 -0.580702,
        2.428731 1.785917 -0.579046,
        2.457352 1.791544 -0.572407,
        2.484210 1.797036 -0.561085,
        2.508248 1.802168 -0.545766,
        2.528875 1.806875 -0.527245,
        2.546615 1.811939 -0.505091,
        2.560743 1.817393 -0.479674,
        2.570442 1.823015 -0.451948,
        2.575252 1.828561 -0.423106,
        2.575136 1.833798 -0.394414,
        2.570454 1.838555 -0.366996,
        2.561256 1.843500 -0.340378,
        2.547389 1.848879 -0.314967,
        2.529171 1.854483 -0.291967,
        2.507320 1.860069 -0.272430,
        2.482863 1.865398 -0.257111,
        2.456981 1.870267 -0.246371,
        2.429790 1.875084 -0.240007,
        2.401054 1.880378 -0.238161,
        2.371931 1.885950 -0.241246,
        2.343692 1.891562 -0.249271,
        2.317544 1.896973 -0.261819,
        2.294464 1.901967 -0.278113,
        2.274694 1.906696 -0.297607,
        2.257887 1.911892 -0.320771,
        2.244956 1.917419 -0.346958,
        2.236624 1.923044 -0.375132,
        2.233237 1.928524 -0.404059,
        2.234708 1.933634 -0.432485,
        2.240644 1.938338 -0.459559,
        2.251184 1.943426 -0.485957,
        2.266345 1.948893 -0.510798,
        2.285691 1.954517 -0.532906,
        2.308401 1.960053 -0.551298,
        2.333388 1.965269 -0.565328,
        2.359522 1.970011 -0.574769,
        2.387258 1.974981 -0.579904,
        2.416231 1.980376 -0.580367,
        2.445231 1.985985 -0.575853,
        2.310602 2.685852 -0.266133,
        2.335959 2.680541 -0.252423,
        2.363717 2.674961 -0.243045,
        2.392718 2.669353 -0.238530,
        2.421691 2.663957 -0.238994,
        2.449427 2.658988 -0.244129,
        2.475561 2.654246 -0.253570,
        2.500548 2.649030 -0.267599,
        2.523259 2.643493 -0.285991,
        2.542604 2.637869 -0.308100,
        2.557765 2.632402 -0.332941,
        2.568305 2.627315 -0.359338,
        2.574241 2.622610 -0.386412,
        2.575712 2.617500 -0.414838,
        2.572325 2.612020 -0.443766,
        2.563994 2.606394 -0.471939,
        2.551061 2.600869 -0.498126,
        2.534254 2.595673 -0.521291,
        2.514485 2.590943 -0.540784,
        2.491405 2.585950 -0.557078,
        2.465257 2.580539 -0.569626,
        2.437017 2.574926 -0.577652,
        2.407894 2.569354 -0.580737,
        2.379159 2.564061 -0.578891,
        2.351967 2.559243 -0.572527,
        2.326086 2.554375 -0.561786,
        2.301629 2.549046 -0.546468,
        2.279778 2.543459 -0.526931,
        2.261559 2.537856 -0.503930,
        2.247693 2.532476 -0.478520,
        2.238495 2.527531 -0.451902,
        2.233813 2.522774 -0.424484,
        2.233697 2.517538 -0.395792,
        2.238507 2.511992 -0.366950,
        2.248206 2.506370 -0.339223,
        2.262334 2.500916 -0.313807,
        2.280074 2.495851 -0.291652,
        2.300701 2.491144 -0.273131,
        2.324739 2.486012 -0.257812,
        2.351597 2.480520 -0.246491,
        2.380218 2.474894 -0.239852,
        2.409358 2.469378 -0.238196,
        2.437761 2.464204 -0.241391,
        2.464452 2.459484 -0.248968,
        2.490048 2.454466 -0.261029,
        2.513878 2.449041 -0.277607,
        2.534785 2.443424 -0.298226,
        2.551817 2.437860 -0.322033,
        2.564364 2.432585 -0.347913,
        2.572229 2.427791 -0.374666,
        2.575657 2.422896 -0.402525,
        2.574387 2.417550 -0.431386,
        2.568157 2.411957 -0.460039,
        2.557128 2.406359 -0.487219,
        2.541873 2.400995 -0.511787,
        2.523284 2.396076 -0.532881,
        2.501717 2.391301 -0.550499,
        2.476783 2.386045 -0.564764,
        2.449302 2.380490 -0.574803,
        2.420402 2.374871 -0.580030,
        2.391348 2.369431 -0.580268,
        2.363368 2.364389 -0.575767,
        2.337074 2.359677 -0.566956,
        2.311859 2.354524 -0.553580,
        2.288752 2.349020 -0.535781,
        2.268868 2.343393 -0.514150,
        2.253073 2.337889 -0.489629,
        2.241862 2.332735 -0.463380,
        2.235291 2.328023 -0.436438,
        2.233157 2.322981 -0.408179,
        2.235835 2.317542 -0.379248,
        2.243471 2.311922 -0.350889,
        2.255782 2.306367 -0.324348,
        2.272092 2.301111 -0.300700,
        2.291459 2.296337 -0.280690,
        2.314040 2.291417 -0.263939,
        2.339803 2.286054 -0.250802,
        2.367813 2.280455 -0.242095,
        2.396889 2.274863 -0.238294,
        2.425755 2.269516 -0.239453,
        2.453227 2.264622 -0.245209,
        2.479224 2.259827 -0.255294,
        2.503959 2.254552 -0.269970,
        2.526251 2.248989 -0.288942,
        2.545041 2.243372 -0.311507,
        2.559558 2.237946 -0.336645,
        2.569426 2.232929 -0.363165,
        2.574734 2.228209 -0.390398,
        2.575532 2.223034 -0.418969,
        2.571434 2.217519 -0.447867,
        2.562415 2.211893 -0.475829,
        2.548877 2.206400 -0.501641,
        2.531593 2.201269 -0.524307,
        2.511404 2.196561 -0.543305,
        2.487838 2.191496 -0.559122,
        2.461324 2.186043 -0.571064,
        2.432881 2.180421 -0.578400,
        2.403737 2.174875 -0.580770,
        2.375156 2.169639 -0.578244,
        2.348228 2.164881 -0.571275,
        2.322477 2.159937 -0.559874,
        2.298321 2.154557 -0.543922,
        2.276932 2.148954 -0.523835,
        2.259300 2.143367 -0.500420,
        2.246091 2.138038 -0.474763,
        2.237562 2.133169 -0.448070,
        2.233505 2.128352 -0.420441,
        2.234079 2.123059 -0.391652,
        2.239599 2.117487 -0.362891,
        2.249969 2.111874 -0.335426,
        2.264669 2.106463 -0.310424,
        2.282845 2.101469 -0.288794,
        2.303930 2.096740 -0.270732,
        2.328425 2.091544 -0.255931,
        2.355606 2.086018 -0.245244,
        2.384379 2.080393 -0.239309,
        2.413489 2.074913 -0.238364,
        2.441691 2.069802 -0.242218,
        2.468171 2.065098 -0.250407,
        2.493589 2.060011 -0.263128,
        2.517069 2.054543 -0.280322,
        2.537474 2.048919 -0.301456,
        2.553893 2.043383 -0.325631,
        2.565774 2.038167 -0.351709,
        2.572986 2.033425 -0.378543,
        2.575774 2.028456 -0.406613,
        2.573802 2.023060 -0.435522,
        2.566866 2.017451 -0.464041,
        2.277396 1.319758 -0.308960,
        2.262346 1.325069 -0.331689,
        2.251176 1.330648 -0.357043,
        2.244480 1.336257 -0.383978,
        2.242476 1.341653 -0.411306,
        2.244977 1.346622 -0.437863,
        2.251668 1.351364 -0.463273,
        2.262777 1.356580 -0.487989,
        2.278187 1.362117 -0.510929,
        2.297380 1.367741 -0.531013,
        2.319501 1.373208 -0.547385,
        2.343476 1.378295 -0.559536,
        2.368476 1.383000 -0.567408,
        2.395126 1.388110 -0.571188,
        2.422658 1.393590 -0.570434,
        2.449896 1.399215 -0.564960,
        2.475650 1.404741 -0.554985,
        2.498884 1.409937 -0.541107,
        2.518910 1.414667 -0.524129,
        2.536201 1.419660 -0.503762,
        2.550222 1.425071 -0.480191,
        2.560160 1.430684 -0.454269,
        2.565519 1.436256 -0.427098,
        2.566200 1.441549 -0.399878,
        2.562497 1.446367 -0.373731,
        2.554561 1.451235 -0.348449,
        2.542193 1.456564 -0.324123,
        2.525632 1.462150 -0.301896,
        2.505503 1.467754 -0.282799,
        2.482737 1.473134 -0.267598,
        2.458441 1.478079 -0.256693,
        2.433011 1.482836 -0.249973,
        2.405997 1.488072 -0.247447,
        2.378426 1.493618 -0.249548,
        2.351494 1.499240 -0.256348,
        2.326365 1.504694 -0.267513,
        2.304004 1.509759 -0.282356,
        2.284821 1.514465 -0.300224,
        2.268368 1.519598 -0.321574,
        2.255442 1.525090 -0.345918,
        2.246778 1.530716 -0.372316,
        2.242764 1.536231 -0.399623,
        2.243381 1.541407 -0.426644,
        2.248269 1.546126 -0.452422,
        2.257472 1.551144 -0.477547,
        2.271080 1.556569 -0.501388,
        2.288739 1.562186 -0.522817,
        2.309728 1.567750 -0.540864,
        2.333047 1.573024 -0.554862,
        2.357582 1.577819 -0.564523,
        2.383533 1.582713 -0.570098,
        2.410824 1.588060 -0.571333,
        2.438336 1.593653 -0.567880,
        2.464866 1.599251 -0.559781,
        2.489291 1.604614 -0.547482,
        2.510725 1.609534 -0.531750,
        2.529135 1.614309 -0.512922,
        2.544672 1.619565 -0.490638,
        2.556441 1.625120 -0.465600,
        2.563799 1.630739 -0.438819,
        2.566471 1.636179 -0.411474,
        2.564588 1.641220 -0.384742,
        2.558505 1.645932 -0.359233,
        2.548030 1.651086 -0.334357,
        2.533211 1.656590 -0.311094,
        2.514513 1.662217 -0.290544,
        2.492748 1.667721 -0.273601,
        2.468969 1.672875 -0.260830,
        2.444146 1.677587 -0.252372,
        2.417709 1.682628 -0.247981,
        2.390235 1.688068 -0.248067,
        2.362880 1.693687 -0.252870,
        2.336845 1.699243 -0.262231,
        2.313198 1.704498 -0.275600,
        2.292719 1.709273 -0.292156,
        2.275040 1.714193 -0.312014,
        2.260496 1.719556 -0.335172,
        2.249935 1.725155 -0.360822,
        2.243907 1.730747 -0.387887,
        2.242567 1.736094 -0.415172,
        2.245674 1.740988 -0.441533,
        2.252982 1.745783 -0.466869,
        2.264722 1.751057 -0.491402,
        2.280714 1.756621 -0.513996,
        2.300385 1.762238 -0.533595,
        2.322839 1.767663 -0.549386,
        2.346986 1.772681 -0.560915,
        2.372189 1.777401 -0.568208,
        2.399031 1.782576 -0.571366,
        2.426595 1.788091 -0.569941,
        2.453692 1.793717 -0.563801,
        2.479144 1.799209 -0.553224,
        2.501949 1.804342 -0.538854,
        2.521543 1.809048 -0.521439,
        2.538426 1.814113 -0.500575,
        2.551907 1.819567 -0.476608,
        2.561213 1.825189 -0.450436,
        2.565900 1.830735 -0.423185,
        2.565929 1.835971 -0.396053,
        2.561633 1.840728 -0.370103,
        2.553064 1.845673 -0.344888,
        2.540073 1.851053 -0.320793,
        2.522956 1.856657 -0.298955,
        2.502387 1.862243 -0.280375,
        2.479334 1.867572 -0.265772,
        2.454911 1.872441 -0.255491,
        2.429229 1.877258 -0.249342,
        2.402065 1.882551 -0.247458,
        2.374511 1.888123 -0.250235,
        2.347769 1.893736 -0.257688,
        2.322981 1.899147 -0.269428,
        2.301078 1.904141 -0.284725,
        2.282290 1.908870 -0.303064,
        2.266285 1.914066 -0.324887,
        2.253930 1.919592 -0.349588,
        2.245916 1.925217 -0.376190,
        2.242574 1.930697 -0.403528,
        2.243828 1.935807 -0.430416,
        2.249311 1.940512 -0.456046,
        2.259151 1.945599 -0.481059,
        2.273368 1.951067 -0.504622,
        2.291555 1.956691 -0.525622,
        2.312942 1.962227 -0.543123,
        2.336503 1.967443 -0.556509,
        2.361170 1.972185 -0.565563,
        2.387374 1.977155 -0.570553,
        2.414769 1.982550 -0.571130,
        2.442214 1.988158 -0.567001,
        2.316396 2.688026 -0.273474,
        2.340441 2.682714 -0.260631,
        2.366735 2.677135 -0.251897,
        2.394180 2.671526 -0.247767,
        2.421575 2.666131 -0.248345,
        2.447778 2.661161 -0.253335,
        2.472446 2.656419 -0.262388,
        2.496007 2.651203 -0.275775,
        2.517394 2.645667 -0.293276,
        2.535581 2.640043 -0.314275,
        2.549798 2.634576 -0.337839,
        2.559638 2.629488 -0.362852,
        2.565121 2.624783 -0.388482,
        2.566375 2.619674 -0.415370,
        2.563033 2.614194 -0.442708,
        2.555019 2.608568 -0.469309,
        2.542664 2.603042 -0.494010,
        2.526659 2.597846 -0.515834,
        2.507871 2.593117 -0.534172,
        2.485967 2.588123 -0.549470,
        2.461181 2.582712 -0.561209,
        2.434438 2.577099 -0.568663,
        2.406884 2.571528 -0.571440,
        2.379720 2.566234 -0.569556,
        2.354037 2.561417 -0.563407,
        2.329615 2.556548 -0.553126,
        2.306561 2.551219 -0.538522,
        2.285993 2.545633 -0.519943,
        2.268876 2.540029 -0.498105,
        2.255885 2.534649 -0.474009,
        2.247316 2.529705 -0.448794,
        2.243020 2.524948 -0.422844,
        2.243049 2.519711 -0.395713,
        2.247736 2.514165 -0.368461,
        2.257041 2.508543 -0.342289,
        2.270523 2.503090 -0.318323,
        2.287406 2.498025 -0.297459,
        2.307000 2.493318 -0.280044,
        2.329804 2.488186 -0.265674,
        2.355257 2.482694 -0.255097,
        2.382354 2.477067 -0.248957,
        2.409917 2.471552 -0.247531,
        2.436760 2.466377 -0.250689,
        2.461963 2.461657 -0.257983,
        2.486110 2.456640 -0.269511,
        2.508564 2.451214 -0.285303,
        2.528235 2.445598 -0.304901,
        2.544226 2.440034 -0.327496,
        2.555967 2.434759 -0.352029,
        2.563275 2.429965 -0.377365,
        2.566382 2.425070 -0.403725,
        2.565042 2.419724 -0.431011,
        2.559013 2.414131 -0.458076,
        2.548453 2.408532 -0.483726,
        2.533909 2.403169 -0.506884,
        2.516230 2.398250 -0.526742,
        2.495751 2.393474 -0.543298,
        2.472103 2.388219 -0.556667,
        2.446069 2.382664 -0.566027,
        2.418715 2.377044 -0.570831,
        2.391239 2.371604 -0.570916,
        2.364802 2.366563 -0.566525,
        2.339981 2.361851 -0.558067,
        2.316201 2.356697 -0.545297,
        2.294436 2.351193 -0.528354,
        2.275737 2.345567 -0.507804,
        2.260919 2.340063 -0.484541,
        2.250444 2.334909 -0.459664,
        2.244361 2.330197 -0.434156,
        2.242478 2.325156 -0.407423,
        2.245150 2.319715 -0.380078,
        2.252507 2.314096 -0.353298,
        2.264277 2.308541 -0.328260,
        2.279814 2.303285 -0.305976,
        2.298224 2.298510 -0.287147,
        2.319658 2.293591 -0.271416,
        2.344083 2.288228 -0.259117,
        2.370613 2.282629 -0.251018,
        2.398125 2.277036 -0.247564,
        2.425416 2.271690 -0.248799,
        2.451367 2.266795 -0.254375,
        2.475902 2.262000 -0.264036,
        2.499221 2.256726 -0.278033,
        2.520209 2.251162 -0.296081,
        2.537869 2.245546 -0.317509,
        2.551476 2.240120 -0.341351,
        2.560680 2.235102 -0.366476,
        2.565568 2.230383 -0.392254,
        2.566185 2.225208 -0.419274,
        2.562170 2.219693 -0.446581,
        2.553507 2.214066 -0.472980,
        2.540581 2.208574 -0.497323,
        2.524128 2.203442 -0.518674,
        2.504945 2.198735 -0.536541,
        2.482584 2.193670 -0.551385,
        2.457455 2.188217 -0.562550,
        2.430523 2.182594 -0.569350,
        2.402952 2.177048 -0.571451,
        2.375937 2.171812 -0.568925,
        2.350507 2.167055 -0.562205,
        2.326211 2.162111 -0.551300,
        2.303446 2.156731 -0.536098,
        2.283316 2.151127 -0.517002,
        2.266756 2.145541 -0.494775,
        2.254388 2.140211 -0.470449,
        2.246452 2.135343 -0.445167,
        2.242748 2.130526 -0.419020,
        2.243430 2.125232 -0.391799,
        2.248789 2.119661 -0.364629,
        2.258726 2.114048 -0.338707,
        2.272748 2.108637 -0.315135,
        2.290039 2.103643 -0.294769,
        2.310065 2.098913 -0.277791,
        2.333299 2.093718 -0.263912,
        2.359053 2.088192 -0.253937,
        2.386291 2.082566 -0.248463,
        2.413822 2.077086 -0.247710,
        2.440473 2.071976 -0.251490,
        2.465473 2.067272 -0.259362,
        2.489448 2.062184 -0.271513,
        2.511569 2.056717 -0.287885,
        2.530762 2.051093 -0.307969,
        2.546172 2.045557 -0.330908,
        2.557281 2.040341 -0.355625,
        2.563972 2.035598 -0.381035,
        2.566473 2.030629 -0.407592,
        2.564469 2.025233 -0.434919,
        2.557773 2.019625 -0.461854,
        2.284465 1.319758 -0.314027,
        2.270165 1.325069 -0.335499,
        2.259528 1.330648 -0.359466,
        2.253124 1.336257 -0.384939,
        2.251159 1.341653 -0.410796,
        2.253458 1.346622 -0.435935,
        2.259726 1.351364 -0.460000,
        2.270176 1.356580 -0.483419,
        2.284702 1.362117 -0.505168,
        2.302816 1.367741 -0.524223,
        2.323709 1.373208 -0.539773,
        2.346367 1.378295 -0.551333,
        2.370007 1.383000 -0.558846,
        2.395219 1.388110 -0.562491,
        2.421276 1.393590 -0.561847,
        2.447067 1.399215 -0.556736,
        2.471465 1.404741 -0.547361,
        2.493488 1.409937 -0.534285,
        2.512483 1.414667 -0.518269,
        2.528899 1.419660 -0.499038,
        2.542228 1.425071 -0.476766,
        2.551698 1.430684 -0.452259,
        2.556839 1.436256 -0.426559,
        2.557552 1.441549 -0.400800,
        2.554113 1.446367 -0.376046,
        2.546667 1.451235 -0.352100,
        2.535024 1.456564 -0.329047,
        2.519407 1.462150 -0.307970,
        2.500406 1.467754 -0.289846,
        2.478900 1.473134 -0.275402,
        2.455934 1.478079 -0.265020,
        2.431885 1.482836 -0.258597,
        2.406325 1.488072 -0.256138,
        2.380227 1.493618 -0.258056,
        2.354722 1.499240 -0.264424,
        2.330912 1.504694 -0.274927,
        2.309713 1.509759 -0.288917,
        2.291514 1.514465 -0.305778,
        2.275889 1.519598 -0.325942,
        2.263594 1.525090 -0.348948,
        2.255328 1.530716 -0.373909,
        2.251460 1.536231 -0.399741,
        2.251976 1.541407 -0.425315,
        2.256536 1.546126 -0.449722,
        2.265183 1.551144 -0.473523,
        2.278001 1.556569 -0.496120,
        2.294659 1.562186 -0.516445,
        2.314476 1.567750 -0.533578,
        2.336509 1.573024 -0.546883,
        2.359704 1.577819 -0.556089,
        2.384250 1.582713 -0.561431,
        2.410074 1.588060 -0.562669,
        2.436120 1.593653 -0.559469,
        2.461247 1.599251 -0.551872,
        2.484393 1.604614 -0.540294,
        2.504718 1.609534 -0.525461,
        2.522189 1.614309 -0.507688,
        2.536948 1.619565 -0.486639,
        2.548150 1.625120 -0.462973,
        2.555181 1.630739 -0.437647,
        2.557779 1.636179 -0.411776,
        2.556065 1.641220 -0.386472,
        2.550372 1.645932 -0.362316,
        2.540522 1.651086 -0.338747,
        2.526557 1.656590 -0.316694,
        2.508913 1.662217 -0.297198,
        2.488358 1.667721 -0.281109,
        2.465886 1.672875 -0.268963,
        2.442417 1.677587 -0.260896,
        2.417408 1.682628 -0.256673,
        2.391406 1.688068 -0.256685,
        2.365507 1.693687 -0.261161,
        2.340844 1.699243 -0.269954,
        2.318431 1.704498 -0.282547,
        2.299009 1.709273 -0.298163,
        2.282227 1.714193 -0.316911,
        2.268404 1.719556 -0.338791,
        2.258346 1.725155 -0.363038,
        2.252572 1.730747 -0.388637,
        2.251234 1.736094 -0.414456,
        2.254109 1.740988 -0.439411,
        2.260961 1.745783 -0.463406,
        2.272009 1.751057 -0.486654,
        2.287086 1.756621 -0.508077,
        2.305652 1.762238 -0.526674,
        2.326862 1.767663 -0.541676,
        2.349686 1.772681 -0.552647,
        2.373519 1.777401 -0.559613,
        2.398914 1.782576 -0.562670,
        2.425003 1.788091 -0.561390,
        2.450662 1.793717 -0.555648,
        2.474777 1.799209 -0.545703,
        2.496394 1.804342 -0.532161,
        2.514982 1.809048 -0.515730,
        2.531012 1.814113 -0.496027,
        2.543831 1.819567 -0.473380,
        2.552704 1.825189 -0.448635,
        2.557209 1.830735 -0.422857,
        2.557305 1.835971 -0.397180,
        2.553305 1.840728 -0.372611,
        2.545259 1.845673 -0.348726,
        2.533026 1.851053 -0.325890,
        2.516882 1.856657 -0.305180,
        2.497463 1.862243 -0.287544,
        2.475683 1.867572 -0.273666,
        2.452596 1.872441 -0.263874,
        2.428307 1.877258 -0.257991,
        2.402604 1.882551 -0.256138,
        2.376520 1.888123 -0.258697,
        2.351193 1.893736 -0.265683,
        2.327706 1.899147 -0.276730,
        2.306938 1.904141 -0.291152,
        2.289111 1.908870 -0.308459,
        2.273909 1.914066 -0.329072,
        2.262154 1.919592 -0.352417,
        2.254503 1.925217 -0.377572,
        2.251270 1.930697 -0.403436,
        2.252389 1.935807 -0.428885,
        2.257514 1.940512 -0.453155,
        2.266763 1.945599 -0.476851,
        2.280157 1.951067 -0.499187,
        2.297317 1.956691 -0.519106,
        2.317512 1.962227 -0.535723,
        2.339776 1.967443 -0.548452,
        2.363098 1.972185 -0.557082,
        2.387883 1.977155 -0.561870,
        2.413807 1.982550 -0.562486,
        2.439792 1.988158 -0.558648,
        2.321463 2.688026 -0.280543,
        2.344251 2.682714 -0.268450,
        2.369157 2.677135 -0.260250,
        2.395141 2.671526 -0.256411,
        2.421066 2.666131 -0.257027,
        2.445851 2.661161 -0.261816,
        2.469173 2.656419 -0.270446,
        2.491437 2.651203 -0.283174,
        2.511633 2.645667 -0.299791,
        2.528791 2.640043 -0.319711,
        2.542186 2.634576 -0.342047,
        2.551435 2.629488 -0.365743,
        2.556559 2.624783 -0.390013,
        2.557678 2.619674 -0.415462,
        2.554446 2.614194 -0.441326,
        2.546794 2.608568 -0.466480,
        2.535039 2.603042 -0.489825,
        2.519838 2.597846 -0.510438,
        2.502011 2.593117 -0.527746,
        2.481243 2.588123 -0.542167,
        2.457756 2.582712 -0.553215,
        2.432429 2.577099 -0.560201,
        2.406345 2.571528 -0.562759,
        2.380643 2.566234 -0.560907,
        2.356352 2.561417 -0.555023,
        2.333266 2.556548 -0.545231,
        2.311485 2.551219 -0.531353,
        2.292067 2.545633 -0.513718,
        2.275923 2.540029 -0.493007,
        2.263690 2.534649 -0.470171,
        2.255644 2.529705 -0.446287,
        2.251644 2.524948 -0.421718,
        2.251740 2.519711 -0.396041,
        2.256244 2.514165 -0.370263,
        2.265117 2.508543 -0.345518,
        2.277937 2.503090 -0.322870,
        2.293967 2.498025 -0.303168,
        2.312554 2.493318 -0.286737,
        2.334172 2.488186 -0.273194,
        2.358286 2.482694 -0.263249,
        2.383946 2.477067 -0.257507,
        2.410035 2.471552 -0.256228,
        2.435431 2.466377 -0.259285,
        2.459263 2.461657 -0.266250,
        2.482087 2.456640 -0.277222,
        2.503297 2.451214 -0.292224,
        2.521863 2.445598 -0.310821,
        2.536940 2.440034 -0.332244,
        2.547988 2.434759 -0.355491,
        2.554840 2.429965 -0.379487,
        2.557715 2.425070 -0.404442,
        2.556377 2.419724 -0.430261,
        2.550603 2.414131 -0.455859,
        2.540544 2.408532 -0.480107,
        2.526722 2.403169 -0.501987,
        2.509940 2.398250 -0.520735,
        2.490518 2.393474 -0.536351,
        2.468104 2.388219 -0.548944,
        2.443442 2.382664 -0.557736,
        2.417543 2.377044 -0.562213,
        2.391541 2.371604 -0.562224,
        2.366533 2.366563 -0.558002,
        2.343063 2.361851 -0.549935,
        2.320591 2.356697 -0.537789,
        2.300036 2.351193 -0.521700,
        2.282392 2.345567 -0.502204,
        2.268427 2.340063 -0.480151,
        2.258577 2.334909 -0.456582,
        2.252884 2.330197 -0.432426,
        2.251170 2.325156 -0.407122,
        2.253768 2.319715 -0.381250,
        2.260798 2.314096 -0.355924,
        2.272000 2.308541 -0.332259,
        2.286760 2.303285 -0.311209,
        2.304231 2.298510 -0.293437,
        2.324556 2.293591 -0.278603,
        2.347702 2.288228 -0.267025,
        2.372829 2.282629 -0.259428,
        2.398875 2.277036 -0.256229,
        2.424699 2.271690 -0.257467,
        2.449244 2.266795 -0.262809,
        2.472440 2.262000 -0.272014,
        2.494473 2.256726 -0.285320,
        2.514290 2.251162 -0.302453,
        2.530948 2.245546 -0.322777,
        2.543766 2.240120 -0.345374,
        2.552413 2.235102 -0.369176,
        2.556973 2.230383 -0.393583,
        2.557489 2.225208 -0.419157,
        2.553620 2.219693 -0.444989,
        2.545354 2.214066 -0.469950,
        2.533060 2.208574 -0.492956,
        2.517435 2.203442 -0.513119,
        2.499236 2.198735 -0.529980,
        2.478037 2.193670 -0.543971,
        2.454227 2.188217 -0.554474,
        2.428722 2.182594 -0.560841,
        2.402624 2.177048 -0.562759,
        2.377065 2.171812 -0.560301,
        2.353015 2.167055 -0.553877,
        2.330049 2.162111 -0.543495,
        2.308543 2.156731 -0.529052,
        2.289541 2.151127 -0.510928,
        2.273925 2.145541 -0.489851,
        2.262282 2.140211 -0.466798,
        2.254835 2.135343 -0.442852,
        2.251396 2.130526 -0.418097,
        2.252110 2.125232 -0.392338,
        2.257251 2.119661 -0.366638,
        2.266721 2.114048 -0.342131,
        2.280050 2.108637 -0.319859,
        2.296466 2.103643 -0.300629,
        2.315461 2.098913 -0.284612,
        2.337484 2.093718 -0.271536,
        2.361882 2.088192 -0.262162,
        2.387673 2.082566 -0.257050,
        2.413730 2.077086 -0.256407,
        2.438942 2.071976 -0.260051,
        2.462582 2.067272 -0.267565,
        2.485240 2.062184 -0.279124,
        2.506133 2.056717 -0.294675,
        2.524247 2.051093 -0.313730,
        2.538772 2.045557 -0.335478,
        2.549223 2.040341 -0.358898,
        2.555491 2.035598 -0.382962,
        2.557791 2.030629 -0.408101,
        2.555825 2.025233 -0.433958,
        2.549420 2.019625 -0.459432,
        2.292237 1.317376 -0.320181,
        2.278859 1.322687 -0.340263,
        2.268907 1.328267 -0.362679,
        2.262913 1.333875 -0.386505,
        2.261072 1.339270 -0.410689,
        2.263219 1.344240 -0.434204,
        2.269079 1.348982 -0.456713,
        2.278850 1.354198 -0.478619,
        2.292434 1.359735 -0.498963,
        2.309374 1.365359 -0.516789,
        2.328914 1.370826 -0.531336,
        2.350106 1.375913 -0.542152,
        2.372216 1.380618 -0.549182,
        2.395797 1.385728 -0.552594,
        2.420170 1.391207 -0.551996,
        2.444294 1.396833 -0.547218,
        2.467116 1.402359 -0.538453,
        2.487716 1.407555 -0.526225,
        2.505485 1.412285 -0.511246,
        2.520842 1.417278 -0.493261,
        2.533312 1.422689 -0.472431,
        2.542173 1.428302 -0.449510,
        2.546985 1.433874 -0.425473,
        2.547656 1.439167 -0.401379,
        2.544442 1.443984 -0.378225,
        2.537480 1.448853 -0.355826,
        2.526593 1.454182 -0.334262,
        2.511989 1.459769 -0.314546,
        2.494219 1.465372 -0.297592,
        2.474105 1.470752 -0.284079,
        2.452625 1.475696 -0.274366,
        2.430131 1.480454 -0.268354,
        2.406225 1.485690 -0.266051,
        2.381815 1.491236 -0.267842,
        2.357958 1.496858 -0.273794,
        2.335686 1.502312 -0.283615,
        2.315856 1.507376 -0.296698,
        2.298831 1.512083 -0.312467,
        2.284214 1.517215 -0.331325,
        2.272711 1.522708 -0.352841,
        2.264977 1.528334 -0.376187,
        2.261355 1.533849 -0.400349,
        2.261834 1.539024 -0.424269,
        2.266097 1.543744 -0.447099,
        2.274181 1.548761 -0.469363,
        2.286167 1.554187 -0.490500,
        2.301746 1.559804 -0.509513,
        2.320279 1.565367 -0.525540,
        2.340886 1.570642 -0.537989,
        2.362580 1.575437 -0.546601,
        2.385538 1.580331 -0.551601,
        2.409692 1.585678 -0.552762,
        2.434054 1.591270 -0.549773,
        2.457558 1.596869 -0.542671,
        2.479209 1.602232 -0.531844,
        2.498221 1.607152 -0.517973,
        2.514565 1.611927 -0.501352,
        2.528373 1.617182 -0.481665,
        2.538854 1.622737 -0.459531,
        2.545433 1.628357 -0.435844,
        2.547866 1.633797 -0.411645,
        2.546266 1.638838 -0.387977,
        2.540944 1.643550 -0.365382,
        2.531734 1.648704 -0.343336,
        2.518675 1.654208 -0.322707,
        2.502174 1.659835 -0.304470,
        2.482951 1.665339 -0.289418,
        2.461933 1.670493 -0.278055,
        2.439982 1.675204 -0.270506,
        2.416592 1.680246 -0.266554,
        2.392271 1.685686 -0.266561,
        2.368046 1.691306 -0.270744,
        2.344977 1.696860 -0.278965,
        2.324011 1.702116 -0.290741,
        2.305843 1.706891 -0.305345,
        2.290144 1.711811 -0.322879,
        2.277212 1.717174 -0.343342,
        2.267800 1.722772 -0.366020,
        2.262396 1.728365 -0.389963,
        2.261142 1.733711 -0.414112,
        2.263827 1.738606 -0.437454,
        2.270233 1.743401 -0.459899,
        2.280565 1.748676 -0.481645,
        2.294663 1.754239 -0.501685,
        2.312027 1.759856 -0.519082,
        2.331864 1.765281 -0.533116,
        2.353210 1.770299 -0.543381,
        2.375501 1.775019 -0.549900,
        2.399254 1.780193 -0.552762,
        2.423656 1.785709 -0.551569,
        2.447657 1.791335 -0.546201,
        2.470213 1.796827 -0.536902,
        2.490435 1.801959 -0.524239,
        2.507823 1.806667 -0.508872,
        2.522819 1.811731 -0.490445,
        2.534813 1.817185 -0.469264,
        2.543115 1.822807 -0.446120,
        2.547331 1.828353 -0.422010,
        2.547424 1.833589 -0.397993,
        2.543687 1.838346 -0.375012,
        2.536164 1.843291 -0.352670,
        2.524725 1.848670 -0.331309,
        2.509628 1.854274 -0.311936,
        2.491467 1.859861 -0.295439,
        2.471096 1.865190 -0.282455,
        2.449504 1.870058 -0.273293,
        2.426785 1.874876 -0.267787,
        2.402745 1.880169 -0.266051,
        2.378347 1.885741 -0.268441,
        2.354657 1.891354 -0.274972,
        2.332687 1.896765 -0.285302,
        2.313259 1.901758 -0.298788,
        2.296583 1.906488 -0.314974,
        2.282362 1.911684 -0.334253,
        2.271364 1.917209 -0.356087,
        2.264204 1.922835 -0.379614,
        2.261178 1.928315 -0.403805,
        2.262220 1.933425 -0.427609,
        2.267011 1.938130 -0.450310,
        2.275658 1.943217 -0.472475,
        2.288184 1.948684 -0.493369,
        2.304231 1.954308 -0.512002,
        2.323119 1.959844 -0.527547,
        2.343941 1.965061 -0.539455,
        2.365754 1.969803 -0.547531,
        2.388937 1.974772 -0.552013,
        2.413184 1.980168 -0.552593,
        2.437489 1.985776 -0.549005,
        2.326847 2.685644 -0.288867,
        2.348163 2.680332 -0.277559,
        2.371460 2.674753 -0.269893,
        2.395765 2.669144 -0.266305,
        2.420013 2.663749 -0.266885,
        2.443195 2.658779 -0.271367,
        2.465007 2.654037 -0.279443,
        2.485830 2.648821 -0.291350,
        2.504718 2.643285 -0.306896,
        2.520765 2.637661 -0.325529,
        2.533291 2.632193 -0.346423,
        2.541938 2.627106 -0.368588,
        2.546728 2.622402 -0.391289,
        2.547772 2.617291 -0.415093,
        2.544745 2.611811 -0.439284,
        2.537585 2.606186 -0.462811,
        2.526587 2.600660 -0.484645,
        2.512366 2.595464 -0.503923,
        2.495689 2.590735 -0.520110,
        2.476262 2.585741 -0.533596,
        2.454292 2.580330 -0.543926,
        2.430602 2.574717 -0.550457,
        2.406204 2.569146 -0.552847,
        2.382164 2.563852 -0.551111,
        2.359445 2.559035 -0.545604,
        2.337853 2.554166 -0.536443,
        2.317482 2.548837 -0.523459,
        2.299321 2.543251 -0.506961,
        2.284224 2.537647 -0.487588,
        2.272785 2.532267 -0.466227,
        2.265262 2.527322 -0.443886,
        2.261524 2.522565 -0.420905,
        2.261617 2.517329 -0.396888,
        2.265834 2.511783 -0.372777,
        2.274136 2.506161 -0.349633,
        2.286130 2.500707 -0.328452,
        2.301126 2.495643 -0.310026,
        2.318514 2.490936 -0.294659,
        2.338735 2.485804 -0.281996,
        2.361292 2.480311 -0.272696,
        2.385293 2.474685 -0.267329,
        2.409695 2.469170 -0.266135,
        2.433448 2.463995 -0.268998,
        2.455739 2.459275 -0.275517,
        2.477085 2.454257 -0.285781,
        2.496922 2.448832 -0.299816,
        2.514286 2.443216 -0.317213,
        2.528384 2.437652 -0.337253,
        2.538716 2.432377 -0.358998,
        2.545122 2.427582 -0.381444,
        2.547807 2.422688 -0.404785,
        2.546553 2.417341 -0.428935,
        2.541149 2.411749 -0.452878,
        2.531737 2.406150 -0.475556,
        2.518806 2.400787 -0.496019,
        2.503107 2.395867 -0.513553,
        2.484938 2.391093 -0.528157,
        2.463972 2.385837 -0.539932,
        2.440903 2.380282 -0.548153,
        2.416678 2.374662 -0.552337,
        2.392357 2.369222 -0.552344,
        2.368967 2.364181 -0.548392,
        2.347016 2.359469 -0.540843,
        2.325998 2.354315 -0.529480,
        2.306774 2.348811 -0.514428,
        2.290274 2.343185 -0.496191,
        2.277215 2.337680 -0.475561,
        2.268004 2.332527 -0.453515,
        2.262683 2.327815 -0.430921,
        2.261083 2.322773 -0.407253,
        2.263516 2.317333 -0.383054,
        2.270095 2.311714 -0.359367,
        2.280576 2.306159 -0.337233,
        2.294384 2.300903 -0.317546,
        2.310727 2.296128 -0.300925,
        2.329740 2.291209 -0.287053,
        2.351391 2.285845 -0.276227,
        2.374895 2.280247 -0.269124,
        2.399257 2.274654 -0.266135,
        2.423411 2.269307 -0.267296,
        2.446369 2.264413 -0.272296,
        2.468063 2.259619 -0.280909,
        2.488670 2.254344 -0.293358,
        2.507203 2.248780 -0.309385,
        2.522782 2.243164 -0.328397,
        2.534767 2.237738 -0.349535,
        2.542852 2.232720 -0.371799,
        2.547115 2.228001 -0.394629,
        2.547594 2.222826 -0.418549,
        2.543972 2.217310 -0.442710,
        2.536237 2.211684 -0.466056,
        2.524735 2.206192 -0.487572,
        2.510118 2.201060 -0.506431,
        2.493093 2.196353 -0.522199,
        2.473263 2.191288 -0.535282,
        2.450991 2.185834 -0.545103,
        2.427135 2.180212 -0.551056,
        2.402724 2.174666 -0.552846,
        2.378817 2.169430 -0.550543,
        2.356324 2.164673 -0.544532,
        2.334844 2.159728 -0.534819,
        2.314731 2.154348 -0.521306,
        2.296960 2.148744 -0.504352,
        2.282356 2.143159 -0.484635,
        2.271469 2.137829 -0.463072,
        2.264507 2.132961 -0.440673,
        2.261293 2.128143 -0.417519,
        2.261964 2.122850 -0.393425,
        2.266776 2.117278 -0.369387,
        2.275637 2.111665 -0.346466,
        2.288107 2.106255 -0.325636,
        2.303464 2.101261 -0.307651,
        2.321232 2.096531 -0.292672,
        2.341833 2.091335 -0.280445,
        2.364656 2.085809 -0.271680,
        2.388780 2.080184 -0.266902,
        2.413152 2.074704 -0.266303,
        2.436733 2.069594 -0.269716,
        2.458843 2.064890 -0.276746,
        2.480035 2.059802 -0.287561,
        2.499575 2.054335 -0.302109,
        2.516515 2.048711 -0.319934,
        2.530098 2.043174 -0.340278,
        2.539870 2.037958 -0.362185,
        2.545730 2.033217 -0.384694,
        2.547877 2.028247 -0.408208,
        2.546035 2.022851 -0.432393,
        2.540042 2.017243 -0.456219,
        2.298369 1.313134 -0.325616,
        2.285815 1.318446 -0.344593,
        2.276500 1.324025 -0.365759,
        2.270920 1.329634 -0.388244,
        2.269257 1.335029 -0.411054,
        2.271354 1.339998 -0.433220,
        2.276947 1.344741 -0.454428,
        2.286228 1.349957 -0.475054,
        2.299098 1.355493 -0.494197,
        2.315126 1.361117 -0.510954,
        2.333595 1.366584 -0.524612,
        2.353611 1.371672 -0.534745,
        2.374481 1.376376 -0.541307,
        2.396727 1.381486 -0.544454,
        2.419707 1.386966 -0.543815,
        2.442441 1.392592 -0.539237,
        2.463933 1.398118 -0.530902,
        2.483322 1.403313 -0.519309,
        2.500031 1.408043 -0.505131,
        2.514457 1.413037 -0.488126,
        2.526153 1.418448 -0.468446,
        2.534439 1.424061 -0.446806,
        2.538902 1.429632 -0.424126,
        2.539462 1.434926 -0.401405,
        2.536361 1.439743 -0.379581,
        2.529729 1.444611 -0.358481,
        2.519397 1.449941 -0.338181,
        2.505567 1.455527 -0.319634,
        2.488758 1.461131 -0.303701,
        2.469751 1.466511 -0.291020,
        2.449467 1.471455 -0.281926,
        2.428239 1.476212 -0.276326,
        2.405690 1.481448 -0.274228,
        2.382677 1.486994 -0.275990,
        2.360200 1.492617 -0.281675,
        2.339228 1.498070 -0.291004,
        2.320569 1.503135 -0.303401,
        2.304564 1.507842 -0.318321,
        2.290838 1.512974 -0.336148,
        2.280057 1.518467 -0.356471,
        2.272835 1.524093 -0.378509,
        2.269493 1.529608 -0.401303,
        2.270017 1.534783 -0.423857,
        2.274106 1.539502 -0.445371,
        2.281797 1.544520 -0.466340,
        2.293164 1.549946 -0.486235,
        2.307911 1.555562 -0.504115,
        2.325436 1.561126 -0.519172,
        2.344905 1.566401 -0.530848,
        2.365387 1.571196 -0.538904,
        2.387050 1.576090 -0.543548,
        2.409830 1.581436 -0.544570,
        2.432793 1.587029 -0.541677,
        2.454934 1.592628 -0.534909,
        2.475317 1.597991 -0.524634,
        2.493203 1.602911 -0.511496,
        2.508563 1.607685 -0.495774,
        2.521523 1.612941 -0.477168,
        2.531339 1.618496 -0.456265,
        2.537471 1.624116 -0.433909,
        2.539692 1.629556 -0.411084,
        2.538111 1.634597 -0.388771,
        2.533024 1.639309 -0.367482,
        2.524272 1.644463 -0.346721,
        2.511896 1.649967 -0.327309,
        2.496281 1.655593 -0.310162,
        2.478109 1.661097 -0.296028,
        2.458256 1.666251 -0.285377,
        2.437534 1.670963 -0.278325,
        2.415466 1.676004 -0.274669,
        2.392533 1.681444 -0.274750,
        2.369703 1.687064 -0.278769,
        2.347975 1.692619 -0.286591,
        2.328241 1.697875 -0.297758,
        2.311154 1.702650 -0.311584,
        2.296404 1.707569 -0.328165,
        2.284272 1.712933 -0.347500,
        2.275466 1.718531 -0.368913,
        2.270443 1.724124 -0.391506,
        2.269334 1.729470 -0.414282,
        2.271937 1.734365 -0.436283,
        2.278046 1.739159 -0.457429,
        2.287854 1.744434 -0.477902,
        2.301209 1.749998 -0.496756,
        2.317635 1.755614 -0.513107,
        2.336382 1.761040 -0.526281,
        2.356542 1.766057 -0.535895,
        2.377580 1.770777 -0.541974,
        2.399987 1.775952 -0.544601,
        2.422994 1.781467 -0.543402,
        2.445609 1.787094 -0.538268,
        2.466850 1.792586 -0.529431,
        2.485880 1.797718 -0.517428,
        2.502229 1.802425 -0.502885,
        2.516313 1.807490 -0.485465,
        2.527558 1.812944 -0.465455,
        2.535316 1.818565 -0.443607,
        2.539219 1.824111 -0.420859,
        2.539233 1.829348 -0.398212,
        2.535639 1.834105 -0.376554,
        2.528478 1.839050 -0.355510,
        2.517627 1.844429 -0.335402,
        2.503332 1.850033 -0.317180,
        2.486157 1.855619 -0.301679,
        2.466909 1.860949 -0.289498,
        2.446521 1.865817 -0.280925,
        2.425082 1.870634 -0.275801,
        2.402408 1.875928 -0.274238,
        2.379409 1.881500 -0.276565,
        2.357091 1.887112 -0.282795,
        2.336405 1.892523 -0.292603,
        2.318128 1.897517 -0.305379,
        2.302452 1.902246 -0.320693,
        2.289100 1.907442 -0.338914,
        2.278796 1.912969 -0.359536,
        2.272116 1.918594 -0.381743,
        2.269336 1.924074 -0.404562,
        2.270392 1.929184 -0.427005,
        2.274978 1.933888 -0.448396,
        2.283199 1.938976 -0.469270,
        2.295074 1.944443 -0.488934,
        2.310262 1.950067 -0.506456,
        2.328120 1.955603 -0.521056,
        2.347790 1.960819 -0.532222,
        2.368383 1.965562 -0.539770,
        2.390256 1.970531 -0.543926,
        2.413122 1.975926 -0.544399,
        2.436030 1.981535 -0.540943,
        2.330910 2.681402 -0.295983,
        2.350976 2.676091 -0.285255,
        2.372919 2.670511 -0.277955,
        2.395827 2.664903 -0.274499,
        2.418693 2.659507 -0.274972,
        2.440566 2.654538 -0.279127,
        2.461159 2.649796 -0.286676,
        2.480830 2.644580 -0.297841,
        2.498687 2.639043 -0.312442,
        2.513875 2.633419 -0.329964,
        2.525750 2.627952 -0.349627,
        2.533971 2.622865 -0.370502,
        2.538557 2.618160 -0.391893,
        2.539613 2.613050 -0.414335,
        2.536832 2.607570 -0.437155,
        2.530153 2.601945 -0.459362,
        2.519848 2.596419 -0.479983,
        2.506497 2.591223 -0.498205,
        2.490821 2.586493 -0.513519,
        2.472544 2.581500 -0.526294,
        2.451859 2.576089 -0.536102,
        2.429539 2.570476 -0.542332,
        2.406541 2.564904 -0.544660,
        2.383867 2.559611 -0.543096,
        2.362428 2.554793 -0.537973,
        2.342040 2.549925 -0.529400,
        2.322792 2.544596 -0.517219,
        2.305617 2.539009 -0.501717,
        2.291322 2.533406 -0.483495,
        2.280471 2.528026 -0.463388,
        2.273310 2.523081 -0.442344,
        2.269715 2.518324 -0.420685,
        2.269730 2.513088 -0.398039,
        2.273633 2.507542 -0.375291,
        2.281391 2.501920 -0.353443,
        2.292635 2.496466 -0.333433,
        2.306720 2.491401 -0.316012,
        2.323069 2.486694 -0.301470,
        2.342099 2.481562 -0.289467,
        2.363340 2.476070 -0.280630,
        2.385956 2.470444 -0.275496,
        2.408962 2.464929 -0.274296,
        2.431369 2.459754 -0.276923,
        2.452407 2.455034 -0.283002,
        2.472567 2.450016 -0.292617,
        2.491314 2.444591 -0.305790,
        2.507740 2.438974 -0.322142,
        2.521096 2.433410 -0.340996,
        2.530903 2.428135 -0.361469,
        2.537012 2.423341 -0.382614,
        2.539615 2.418446 -0.404616,
        2.538506 2.413100 -0.427391,
        2.533483 2.407507 -0.449984,
        2.524677 2.401909 -0.471397,
        2.512545 2.396546 -0.490732,
        2.497795 2.391626 -0.507313,
        2.480708 2.386851 -0.521139,
        2.460974 2.381596 -0.532307,
        2.439246 2.376040 -0.540129,
        2.416416 2.370421 -0.544148,
        2.393483 2.364981 -0.544228,
        2.371415 2.359939 -0.540572,
        2.350693 2.355228 -0.533521,
        2.330840 2.350074 -0.522870,
        2.312668 2.344570 -0.508735,
        2.297053 2.338943 -0.491589,
        2.284676 2.333439 -0.472176,
        2.275924 2.328285 -0.451416,
        2.270838 2.323573 -0.430127,
        2.269257 2.318532 -0.407814,
        2.271478 2.313092 -0.384988,
        2.277610 2.307472 -0.362633,
        2.287426 2.301917 -0.341730,
        2.300386 2.296661 -0.323124,
        2.315746 2.291887 -0.307402,
        2.333632 2.286967 -0.294263,
        2.354015 2.281604 -0.283989,
        2.376156 2.276006 -0.277220,
        2.399119 2.270413 -0.274328,
        2.421899 2.265066 -0.275349,
        2.443561 2.260172 -0.279994,
        2.464044 2.255377 -0.288050,
        2.483513 2.250103 -0.299726,
        2.501038 2.244539 -0.314782,
        2.515785 2.238922 -0.332662,
        2.527152 2.233496 -0.352557,
        2.534843 2.228479 -0.373526,
        2.538931 2.223759 -0.395041,
        2.539456 2.218584 -0.417594,
        2.536114 2.213069 -0.440389,
        2.528892 2.207443 -0.462426,
        2.518111 2.201950 -0.482750,
        2.504385 2.196819 -0.500576,
        2.488380 2.192111 -0.515497,
        2.469720 2.187047 -0.527894,
        2.448749 2.181593 -0.537222,
        2.426272 2.175971 -0.542907,
        2.403259 2.170425 -0.544670,
        2.380710 2.165189 -0.542571,
        2.359481 2.160431 -0.536971,
        2.339198 2.155487 -0.527877,
        2.320191 2.150107 -0.515196,
        2.303382 2.144504 -0.499263,
        2.289552 2.138917 -0.480717,
        2.279220 2.133588 -0.460416,
        2.272587 2.128719 -0.439317,
        2.269487 2.123902 -0.417493,
        2.270046 2.118609 -0.394772,
        2.274510 2.113037 -0.372091,
        2.282796 2.107424 -0.350451,
        2.294492 2.102013 -0.330772,
        2.308917 2.097019 -0.313766,
        2.325627 2.092290 -0.299588,
        2.345015 2.087094 -0.287995,
        2.366508 2.081568 -0.279661,
        2.389242 2.075943 -0.275083,
        2.412222 2.070463 -0.274444,
        2.434467 2.065353 -0.277590,
        2.455337 2.060648 -0.284152,
        2.475354 2.055561 -0.294286,
        2.493823 2.050094 -0.307944,
        2.509851 2.044470 -0.324701,
        2.522721 2.038933 -0.343843,
        2.532002 2.033717 -0.364470,
        2.537596 2.028975 -0.385678,
        2.539692 2.024006 -0.407843,
        2.538028 2.018610 -0.430654,
        2.532449 2.013002 -0.453138,
        2.303287 1.307170 -0.330601,
        2.291499 1.312481 -0.348682,
        2.282797 1.318061 -0.368821,
        2.277648 1.323669 -0.390186,
        2.276216 1.329065 -0.411835,
        2.278346 1.334034 -0.432848,
        2.283787 1.338776 -0.452930,
        2.292723 1.343993 -0.472438,
        2.305054 1.349529 -0.490514,
        2.320365 1.355153 -0.506307,
        2.337972 1.360620 -0.519146,
        2.357024 1.365707 -0.528631,
        2.376864 1.370412 -0.534723,
        2.397987 1.375522 -0.537566,
        2.419782 1.381002 -0.536813,
        2.441318 1.386627 -0.532325,
        2.461653 1.392153 -0.524281,
        2.479971 1.397349 -0.513161,
        2.495732 1.402079 -0.499605,
        2.509307 1.407072 -0.483381,
        2.520277 1.412483 -0.464638,
        2.527999 1.418096 -0.444057,
        2.532089 1.423668 -0.422513,
        2.532474 1.428961 -0.400957,
        2.529394 1.433778 -0.380274,
        2.522967 1.438647 -0.360301,
        2.513037 1.443976 -0.341110,
        2.499799 1.449563 -0.323604,
        2.483752 1.455166 -0.308597,
        2.465641 1.460546 -0.296689,
        2.446342 1.465491 -0.288192,
        2.426168 1.470248 -0.283015,
        2.404764 1.475484 -0.281168,
        2.382945 1.481030 -0.282987,
        2.361659 1.486652 -0.288524,
        2.341825 1.492106 -0.297506,
        2.324204 1.497170 -0.309385,
        2.309117 1.501878 -0.323642,
        2.296209 1.507009 -0.340640,
        2.286112 1.512502 -0.359988,
        2.279402 1.518128 -0.380939,
        2.276377 1.523643 -0.402583,
        2.277019 1.528818 -0.423974,
        2.281035 1.533538 -0.444357,
        2.288464 1.538556 -0.464200,
        2.299373 1.543981 -0.483000,
        2.313477 1.549598 -0.499867,
        2.330198 1.555161 -0.514038,
        2.348740 1.560436 -0.524990,
        2.368222 1.565231 -0.532501,
        2.388801 1.570125 -0.536769,
        2.410417 1.575472 -0.537592,
        2.432181 1.581065 -0.534702,
        2.453142 1.586663 -0.528140,
        2.472412 1.592026 -0.518263,
        2.489294 1.596946 -0.505686,
        2.503765 1.601720 -0.490673,
        2.515941 1.606976 -0.472941,
        2.525119 1.612531 -0.453050,
        2.530793 1.618151 -0.431804,
        2.532754 1.623591 -0.410137,
        2.531112 1.628632 -0.388981,
        2.526151 1.633344 -0.368818,
        2.517716 1.638498 -0.349180,
        2.505852 1.644002 -0.330844,
        2.490930 1.649629 -0.314678,
        2.473601 1.655133 -0.301386,
        2.454700 1.660287 -0.291409,
        2.434998 1.664998 -0.284852,
        2.414041 1.670040 -0.281525,
        2.392287 1.675480 -0.281748,
        2.370656 1.681099 -0.285706,
        2.350094 1.686654 -0.293265,
        2.331446 1.691910 -0.303984,
        2.315324 1.696685 -0.317209,
        2.301439 1.701605 -0.333032,
        2.290053 1.706968 -0.351451,
        2.281837 1.712567 -0.371819,
        2.277216 1.718159 -0.393283,
        2.276309 1.723506 -0.414896,
        2.278919 1.728400 -0.435750,
        2.284848 1.733194 -0.455770,
        2.294283 1.738469 -0.475129,
        2.307072 1.744033 -0.492928,
        2.322758 1.749650 -0.508335,
        2.340627 1.755075 -0.520712,
        2.359811 1.760093 -0.529704,
        2.379808 1.764813 -0.535336,
        2.401080 1.769988 -0.537685,
        2.422897 1.775503 -0.536400,
        2.444317 1.781129 -0.531385,
        2.464410 1.786621 -0.522867,
        2.482386 1.791754 -0.511360,
        2.497802 1.796460 -0.497460,
        2.511051 1.801525 -0.480844,
        2.521591 1.806979 -0.461792,
        2.528811 1.812601 -0.441017,
        2.532368 1.818147 -0.419413,
        2.532237 1.823383 -0.397930,
        2.528689 1.828140 -0.377407,
        2.521762 1.833085 -0.357491,
        2.511339 1.838465 -0.338485,
        2.497663 1.844069 -0.321291,
        2.481272 1.849655 -0.306696,
        2.462935 1.854984 -0.295263,
        2.443540 1.859852 -0.287261,
        2.423170 1.864670 -0.282537,
        2.401651 1.869963 -0.281199,
        2.379849 1.875535 -0.283554,
        2.358717 1.881148 -0.289606,
        2.339157 1.886559 -0.299042,
        2.321901 1.891552 -0.311278,
        2.307128 1.896282 -0.325904,
        2.294579 1.901478 -0.343275,
        2.284936 1.907004 -0.362902,
        2.278741 1.912629 -0.384011,
        2.276249 1.918109 -0.405676,
        2.277394 1.923219 -0.426958,
        2.281881 1.927924 -0.447221,
        2.289813 1.933011 -0.466970,
        2.301203 1.938478 -0.485548,
        2.315722 1.944102 -0.502072,
        2.332756 1.949639 -0.515808,
        2.351486 1.954855 -0.526275,
        2.371069 1.959597 -0.533304,
        2.391845 1.964566 -0.537107,
        2.413539 1.969962 -0.537409,
        2.435247 1.975570 -0.533984,
        2.333966 2.675438 -0.302283,
        2.352932 2.670126 -0.291978,
        2.373702 2.664547 -0.284913,
        2.395410 2.658938 -0.281489,
        2.417104 2.653543 -0.281791,
        2.437880 2.648573 -0.285594,
        2.457463 2.643831 -0.292623,
        2.476194 2.638615 -0.303089,
        2.493227 2.633079 -0.316826,
        2.507746 2.627455 -0.333350,
        2.519136 2.621988 -0.351927,
        2.527069 2.616900 -0.371676,
        2.531555 2.612196 -0.391939,
        2.532700 2.607085 -0.413222,
        2.530208 2.601606 -0.434887,
        2.524013 2.595980 -0.455995,
        2.514370 2.590454 -0.475623,
        2.501821 2.585258 -0.492993,
        2.487048 2.580529 -0.507620,
        2.469791 2.575535 -0.519856,
        2.450232 2.570124 -0.529291,
        2.429099 2.564511 -0.535344,
        2.407298 2.558940 -0.537699,
        2.385779 2.553646 -0.536360,
        2.365409 2.548829 -0.531637,
        2.346013 2.543960 -0.523634,
        2.327677 2.538631 -0.512202,
        2.311286 2.533045 -0.497607,
        2.297609 2.527441 -0.480413,
        2.287187 2.522061 -0.461407,
        2.280259 2.517117 -0.441491,
        2.276712 2.512359 -0.420968,
        2.276581 2.507123 -0.399485,
        2.280139 2.501577 -0.377881,
        2.287358 2.495955 -0.357106,
        2.297897 2.490502 -0.338053,
        2.311147 2.485437 -0.321437,
        2.326563 2.480730 -0.307538,
        2.344539 2.475598 -0.296031,
        2.364632 2.470106 -0.287512,
        2.386052 2.464479 -0.282498,
        2.407869 2.458964 -0.281213,
        2.429141 2.453789 -0.283562,
        2.449137 2.449069 -0.289194,
        2.468322 2.444052 -0.298186,
        2.486190 2.438626 -0.310563,
        2.501876 2.433009 -0.325969,
        2.514666 2.427446 -0.343769,
        2.524100 2.422171 -0.363128,
        2.530030 2.417376 -0.383147,
        2.532640 2.412482 -0.404002,
        2.531733 2.407135 -0.425614,
        2.527112 2.401543 -0.447078,
        2.518896 2.395944 -0.467447,
        2.507511 2.390581 -0.485866,
        2.493624 2.385661 -0.501689,
        2.477503 2.380887 -0.514913,
        2.458855 2.375631 -0.525633,
        2.438293 2.370076 -0.533192,
        2.416661 2.364456 -0.537150,
        2.394907 2.359016 -0.537372,
        2.373950 2.353975 -0.534045,
        2.354248 2.349263 -0.527489,
        2.335348 2.344109 -0.517511,
        2.318019 2.338605 -0.504219,
        2.303097 2.332979 -0.488053,
        2.291233 2.327474 -0.469717,
        2.282798 2.322321 -0.450080,
        2.277837 2.317609 -0.429917,
        2.276195 2.312567 -0.408761,
        2.278156 2.307128 -0.387094,
        2.283831 2.301508 -0.365848,
        2.293008 2.295953 -0.345956,
        2.305184 2.290697 -0.328224,
        2.319654 2.285922 -0.313212,
        2.336537 2.281003 -0.300635,
        2.355807 2.275639 -0.290758,
        2.376767 2.270041 -0.284196,
        2.398532 2.264448 -0.281306,
        2.420148 2.259102 -0.282129,
        2.440727 2.254207 -0.286397,
        2.460209 2.249413 -0.293908,
        2.478752 2.244138 -0.304859,
        2.495472 2.238574 -0.319030,
        2.509576 2.232957 -0.335898,
        2.520485 2.227532 -0.354698,
        2.527914 2.222514 -0.374540,
        2.531930 2.217795 -0.394923,
        2.532572 2.212620 -0.416315,
        2.529547 2.207104 -0.437959,
        2.522837 2.201478 -0.458910,
        2.512739 2.195986 -0.478258,
        2.499832 2.190854 -0.495256,
        2.484745 2.186147 -0.509512,
        2.467124 2.181082 -0.521391,
        2.447289 2.175628 -0.530374,
        2.426004 2.170006 -0.535910,
        2.404185 2.164460 -0.537730,
        2.382781 2.159224 -0.535882,
        2.362607 2.154467 -0.530705,
        2.343308 2.149522 -0.522208,
        2.325196 2.144143 -0.510300,
        2.309150 2.138539 -0.495293,
        2.295912 2.132952 -0.477788,
        2.285982 2.127623 -0.458596,
        2.279555 2.122755 -0.438624,
        2.276475 2.117937 -0.417941,
        2.276861 2.112644 -0.396384,
        2.280950 2.107072 -0.374841,
        2.288672 2.101459 -0.354259,
        2.299641 2.096049 -0.335517,
        2.313217 2.091055 -0.319293,
        2.328978 2.086325 -0.305737,
        2.347296 2.081130 -0.294616,
        2.367631 2.075604 -0.286572,
        2.389167 2.069978 -0.282084,
        2.410962 2.064498 -0.281332,
        2.432085 2.059388 -0.284174,
        2.451924 2.054683 -0.290266,
        2.470976 2.049596 -0.299752,
        2.488584 2.044129 -0.312590,
        2.503894 2.038505 -0.328383,
        2.516226 2.032969 -0.346460,
        2.525161 2.027752 -0.365968,
        2.530603 2.023010 -0.386049,
        2.532733 2.018041 -0.407063,
        2.531301 2.012646 -0.428712,
        2.526152 2.007037 -0.450077,
        2.306944 1.299170 -0.335181,
        2.295872 1.304481 -0.352584,
        2.287772 1.310061 -0.371921,
        2.283079 1.315669 -0.392391,
        2.281940 1.321065 -0.413093,
        2.284199 1.326034 -0.433150,
        2.289613 1.330776 -0.452282,
        2.298359 1.335993 -0.470828,
        2.310334 1.341529 -0.487970,
        2.325133 1.347153 -0.502898,
        2.342094 1.352620 -0.514979,
        2.360401 1.357707 -0.523840,
        2.379424 1.362412 -0.529450,
        2.399638 1.367522 -0.531942,
        2.420457 1.373002 -0.530991,
        2.440988 1.378628 -0.526473,
        2.460334 1.384154 -0.518571,
        2.477720 1.389350 -0.507750,
        2.492636 1.394079 -0.494628,
        2.505436 1.399073 -0.478981,
        2.515718 1.404483 -0.460954,
        2.522878 1.410096 -0.441206,
        2.526557 1.415668 -0.420576,
        2.526696 1.420961 -0.399972,
        2.523533 1.425779 -0.380242,
        2.517179 1.430647 -0.361224,
        2.507486 1.435977 -0.342992,
        2.494650 1.441563 -0.326405,
        2.479157 1.447167 -0.312235,
        2.461724 1.452546 -0.301049,
        2.443192 1.457491 -0.293135,
        2.423859 1.462248 -0.288403,
        2.403387 1.467484 -0.286865,
        2.382557 1.473030 -0.288836,
        2.362276 1.478652 -0.294352,
        2.343418 1.484106 -0.303147,
        2.326706 1.489171 -0.314686,
        2.312441 1.493878 -0.328469,
        2.300288 1.499010 -0.344849,
        2.290846 1.504502 -0.363444,
        2.284656 1.510128 -0.383536,
        2.281996 1.515644 -0.404251,
        2.282837 1.520819 -0.424685,
        2.286891 1.525538 -0.444119,
        2.294202 1.530556 -0.463001,
        2.304826 1.535981 -0.480850,
        2.318482 1.541598 -0.496817,
        2.334611 1.547162 -0.510181,
        2.352446 1.552437 -0.520448,
        2.371142 1.557231 -0.527419,
        2.390852 1.562126 -0.531278,
        2.411516 1.567472 -0.531835,
        2.432283 1.573065 -0.528841,
        2.452242 1.578663 -0.522348,
        2.470550 1.584026 -0.512705,
        2.486549 1.588946 -0.500507,
        2.500217 1.593721 -0.486008,
        2.511663 1.598977 -0.468934,
        2.520221 1.604532 -0.449829,
        2.525417 1.610151 -0.429467,
        2.527061 1.615591 -0.408742,
        2.525267 1.620633 -0.388543,
        2.520312 1.625345 -0.369329,
        2.512043 1.630498 -0.350654,
        2.500511 1.636003 -0.333259,
        2.486080 1.641629 -0.317970,
        2.469380 1.647133 -0.305453,
        2.451213 1.652287 -0.296120,
        2.432317 1.656999 -0.290064,
        2.412256 1.662040 -0.287107,
        2.391470 1.667480 -0.287552,
        2.370842 1.673100 -0.291564,
        2.351274 1.678655 -0.299006,
        2.333569 1.683911 -0.309447,
        2.318305 1.688685 -0.322256,
        2.305204 1.693605 -0.337524,
        2.294520 1.698969 -0.355245,
        2.286886 1.704567 -0.374796,
        2.282699 1.710159 -0.395356,
        2.282062 1.715506 -0.416017,
        2.284778 1.720400 -0.435917,
        2.290657 1.725195 -0.454984,
        2.299878 1.730470 -0.473382,
        2.312289 1.736033 -0.490255,
        2.327441 1.741650 -0.504810,
        2.344648 1.747076 -0.516447,
        2.363076 1.752093 -0.524835,
        2.382243 1.756813 -0.530005,
        2.402595 1.761988 -0.532023,
        2.423429 1.767503 -0.530563,
        2.443844 1.773130 -0.525543,
        2.462954 1.778622 -0.517190,
        2.480008 1.783754 -0.506003,
        2.494591 1.788461 -0.492557,
        2.507075 1.793525 -0.476539,
        2.516943 1.798979 -0.458220,
        2.523621 1.804601 -0.438291,
        2.526791 1.810147 -0.417609,
        2.526437 1.815383 -0.397082,
        2.522829 1.820141 -0.377509,
        2.515998 1.825085 -0.358552,
        2.505836 1.830465 -0.340502,
        2.492585 1.836069 -0.324217,
        2.476766 1.841655 -0.310445,
        2.459123 1.846984 -0.299715,
        2.440504 1.851853 -0.292275,
        2.420989 1.856670 -0.287978,
        2.400412 1.861963 -0.286928,
        2.379605 1.867535 -0.289410,
        2.359476 1.873148 -0.295418,
        2.340885 1.878559 -0.304643,
        2.324526 1.883553 -0.316518,
        2.310565 1.888282 -0.330652,
        2.298758 1.893478 -0.347384,
        2.289753 1.899004 -0.366243,
        2.284057 1.904630 -0.386479,
        2.281907 1.910109 -0.407207,
        2.283227 1.915220 -0.427532,
        2.287730 1.919924 -0.446847,
        2.295520 1.925011 -0.465634,
        2.306602 1.930479 -0.483265,
        2.320651 1.936103 -0.498900,
        2.337074 1.941639 -0.511845,
        2.355083 1.946855 -0.521647,
        2.373871 1.951597 -0.528156,
        2.393764 1.956567 -0.531569,
        2.414497 1.961962 -0.531627,
        2.435205 1.967571 -0.528123,
        2.335959 2.667438 -0.307795,
        2.353973 2.662126 -0.297746,
        2.373744 2.656547 -0.290774,
        2.394452 2.650939 -0.287271,
        2.415185 2.645543 -0.287329,
        2.435078 2.640574 -0.290742,
        2.453865 2.635831 -0.297250,
        2.471875 2.630615 -0.307052,
        2.488298 2.625079 -0.319997,
        2.502348 2.619455 -0.335633,
        2.513429 2.613988 -0.353263,
        2.521219 2.608900 -0.372051,
        2.525722 2.604196 -0.391366,
        2.527042 2.599086 -0.411690,
        2.524892 2.593606 -0.432419,
        2.519196 2.587981 -0.452655,
        2.510191 2.582454 -0.471513,
        2.498384 2.577259 -0.488246,
        2.484423 2.572529 -0.502380,
        2.468063 2.567535 -0.514255,
        2.449473 2.562124 -0.523480,
        2.429344 2.556511 -0.529488,
        2.408537 2.550940 -0.531970,
        2.387960 2.545646 -0.530920,
        2.368444 2.540829 -0.526623,
        2.349826 2.535961 -0.519182,
        2.332183 2.530631 -0.508453,
        2.316364 2.525045 -0.494681,
        2.303113 2.519441 -0.478396,
        2.292952 2.514062 -0.460346,
        2.286120 2.509117 -0.441388,
        2.282511 2.504360 -0.421815,
        2.282158 2.499124 -0.401288,
        2.285327 2.493578 -0.380606,
        2.292006 2.487956 -0.360678,
        2.301874 2.482502 -0.342359,
        2.314358 2.477437 -0.326341,
        2.328941 2.472730 -0.312895,
        2.345995 2.467598 -0.301708,
        2.365105 2.462106 -0.293354,
        2.385520 2.456480 -0.288335,
        2.406354 2.450965 -0.286875,
        2.426706 2.445789 -0.288893,
        2.445874 2.441070 -0.294062,
        2.464302 2.436052 -0.302450,
        2.481507 2.430626 -0.314087,
        2.496660 2.425010 -0.328643,
        2.509071 2.419446 -0.345515,
        2.518292 2.414172 -0.363913,
        2.524171 2.409377 -0.382980,
        2.526887 2.404482 -0.402881,
        2.526250 2.399136 -0.423542,
        2.522063 2.393543 -0.444102,
        2.514428 2.387944 -0.463652,
        2.503745 2.382581 -0.481374,
        2.490644 2.377662 -0.496642,
        2.475380 2.372887 -0.509450,
        2.457674 2.367631 -0.519892,
        2.438107 2.362076 -0.527333,
        2.417479 2.356457 -0.531346,
        2.396694 2.351017 -0.531790,
        2.376632 2.345975 -0.528833,
        2.357736 2.341263 -0.522778,
        2.339569 2.336109 -0.513445,
        2.322869 2.330606 -0.500928,
        2.308438 2.324979 -0.485639,
        2.296906 2.319475 -0.468244,
        2.288637 2.314321 -0.449569,
        2.283682 2.309609 -0.430354,
        2.281888 2.304568 -0.410156,
        2.283531 2.299128 -0.389431,
        2.288728 2.293508 -0.369069,
        2.297286 2.287953 -0.349963,
        2.308732 2.282698 -0.332890,
        2.322400 2.277922 -0.318390,
        2.338398 2.273003 -0.306193,
        2.356707 2.267640 -0.296550,
        2.376666 2.262041 -0.290056,
        2.397433 2.256448 -0.287063,
        2.418097 2.251102 -0.287620,
        2.437807 2.246208 -0.291479,
        2.456503 2.241413 -0.298449,
        2.474339 2.236138 -0.308717,
        2.490467 2.230574 -0.322080,
        2.504123 2.224958 -0.338048,
        2.514747 2.219533 -0.355897,
        2.522058 2.214515 -0.374778,
        2.526113 2.209795 -0.394213,
        2.526952 2.204620 -0.414647,
        2.524293 2.199105 -0.435361,
        2.518104 2.193478 -0.455453,
        2.508661 2.187986 -0.474049,
        2.496508 2.182854 -0.490429,
        2.482243 2.178147 -0.504212,
        2.465531 2.173083 -0.515750,
        2.446673 2.167629 -0.524545,
        2.426392 2.162007 -0.530062,
        2.405562 2.156461 -0.532032,
        2.385089 2.151224 -0.530495,
        2.365757 2.146467 -0.525763,
        2.347225 2.141523 -0.517848,
        2.329792 2.136143 -0.506662,
        2.314299 2.130539 -0.492493,
        2.301463 2.124953 -0.475906,
        2.291770 2.119624 -0.457673,
        2.285416 2.114756 -0.438656,
        2.282253 2.109938 -0.418925,
        2.282392 2.104644 -0.398322,
        2.286071 2.099073 -0.377692,
        2.293231 2.093460 -0.357944,
        2.303513 2.088049 -0.339917,
        2.316313 2.083055 -0.324270,
        2.331229 2.078326 -0.311148,
        2.348615 2.073130 -0.300327,
        2.367961 2.067604 -0.292424,
        2.388493 2.061978 -0.287907,
        2.409311 2.056498 -0.286956,
        2.429525 2.051389 -0.289447,
        2.448548 2.046684 -0.295057,
        2.466854 2.041596 -0.303919,
        2.483816 2.036130 -0.315999,
        2.498615 2.030506 -0.330928,
        2.510590 2.024969 -0.348070,
        2.519336 2.019753 -0.366616,
        2.524750 2.015011 -0.385747,
        2.527009 2.010041 -0.405804,
        2.525870 2.004646 -0.426507,
        2.521177 1.999037 -0.446977,
        2.308601 1.290849 -0.338405,
        2.298046 1.296161 -0.355485,
        2.290408 1.301740 -0.374409,
        2.286101 1.307348 -0.394393,
        2.285257 1.312744 -0.414557,
        2.287711 1.317713 -0.434050,
        2.293224 1.322456 -0.452602,
        2.301972 1.327672 -0.470541,
        2.313847 1.333208 -0.487074,
        2.328441 1.338832 -0.501415,
        2.345104 1.344299 -0.512957,
        2.363034 1.349387 -0.521349,
        2.381621 1.354091 -0.526567,
        2.401328 1.359201 -0.528734,
        2.421578 1.364681 -0.527544,
        2.441504 1.370307 -0.522885,
        2.460233 1.375833 -0.514947,
        2.477017 1.381028 -0.504193,
        2.491368 1.385758 -0.491232,
        2.503627 1.390752 -0.475839,
        2.513405 1.396163 -0.458163,
        2.520123 1.401775 -0.438850,
        2.523441 1.407347 -0.418724,
        2.523313 1.412641 -0.398668,
        2.519983 1.417458 -0.379505,
        2.513557 1.422326 -0.361076,
        2.503890 1.427656 -0.343453,
        2.491185 1.433242 -0.327472,
        2.475925 1.438846 -0.313878,
        2.458815 1.444226 -0.303213,
        2.440676 1.449170 -0.295746,
        2.421800 1.453927 -0.291386,
        2.401854 1.459163 -0.290150,
        2.381605 1.464709 -0.292334,
        2.361936 1.470331 -0.297961,
        2.343694 1.475785 -0.306762,
        2.327574 1.480850 -0.318206,
        2.313865 1.485557 -0.331802,
        2.302246 1.490689 -0.347900,
        2.293292 1.496181 -0.366120,
        2.287524 1.501807 -0.385754,
        2.285199 1.507323 -0.405950,
        2.286277 1.512498 -0.425828,
        2.290470 1.517217 -0.444692,
        2.297826 1.522235 -0.462976,
        2.308394 1.527661 -0.480213,
        2.321890 1.533277 -0.495581,
        2.337758 1.538841 -0.508383,
        2.355248 1.544116 -0.518149,
        2.373534 1.548910 -0.524695,
        2.392768 1.553805 -0.528200,
        2.412887 1.559151 -0.528479,
        2.433061 1.564744 -0.525301,
        2.452405 1.570343 -0.518726,
        2.470102 1.575706 -0.509108,
        2.485519 1.580626 -0.497032,
        2.498637 1.585400 -0.482745,
        2.509560 1.590656 -0.465981,
        2.517647 1.596211 -0.447277,
        2.522445 1.601830 -0.427392,
        2.523780 1.607270 -0.407199,
        2.521777 1.612312 -0.387562,
        2.516709 1.617024 -0.368924,
        2.508424 1.622178 -0.350852,
        2.496977 1.627681 -0.334069,
        2.482737 1.633308 -0.319372,
        2.466323 1.638812 -0.307401,
        2.448522 1.643966 -0.298549,
        2.430053 1.648678 -0.292895,
        2.410489 1.653720 -0.290273,
        2.390265 1.659159 -0.290971,
        2.370238 1.664779 -0.295139,
        2.351287 1.670334 -0.302631,
        2.334187 1.675590 -0.313019,
        2.319493 1.680365 -0.325680,
        2.306937 1.685284 -0.340707,
        2.296764 1.690648 -0.358092,
        2.289582 1.696246 -0.377219,
        2.285769 1.701839 -0.397283,
        2.285413 1.707185 -0.417401,
        2.288309 1.712080 -0.436736,
        2.294274 1.716874 -0.455219,
        2.303484 1.722149 -0.473009,
        2.315778 1.727713 -0.489273,
        2.330712 1.733329 -0.503247,
        2.347607 1.738755 -0.514354,
        2.365650 1.743772 -0.522283,
        2.384372 1.748492 -0.527070,
        2.404207 1.753667 -0.528776,
        2.424466 1.759182 -0.527089,
        2.444272 1.764809 -0.521944,
        2.462765 1.770301 -0.513570,
        2.479222 1.775433 -0.502464,
        2.493245 1.780140 -0.489191,
        2.505191 1.785205 -0.473441,
        2.514563 1.790658 -0.455486,
        2.520809 1.796280 -0.436004,
        2.523631 1.801826 -0.415833,
        2.523025 1.807063 -0.395859,
        2.519263 1.811820 -0.376854,
        2.512373 1.816765 -0.358489,
        2.502253 1.822144 -0.341050,
        2.489147 1.827748 -0.325369,
        2.473576 1.833334 -0.312166,
        2.456267 1.838663 -0.301948,
        2.438050 1.843532 -0.294943,
        2.419001 1.848349 -0.291009,
        2.398960 1.853643 -0.290249,
        2.378739 1.859215 -0.292930,
        2.359224 1.864827 -0.299034,
        2.341247 1.870238 -0.308250,
        2.325475 1.875232 -0.320017,
        2.312067 1.879961 -0.333951,
        2.300789 1.885157 -0.350387,
        2.292264 1.890683 -0.368857,
        2.286978 1.896309 -0.388626,
        2.285149 1.901789 -0.408829,
        2.286693 1.906899 -0.428594,
        2.291322 1.911603 -0.447336,
        2.299143 1.916691 -0.465523,
        2.310154 1.922158 -0.482542,
        2.324028 1.927782 -0.497581,
        2.340176 1.933318 -0.509971,
        2.357831 1.938534 -0.519282,
        2.376200 1.943276 -0.525378,
        2.395606 1.948246 -0.528446,
        2.415786 1.953641 -0.528239,
        2.435896 1.959250 -0.524565,
        2.336493 2.659117 -0.311380,
        2.353898 2.653806 -0.301370,
        2.373053 2.648226 -0.294333,
        2.393163 2.642618 -0.290659,
        2.413343 2.637222 -0.290452,
        2.432749 2.632253 -0.293520,
        2.451118 2.627511 -0.299616,
        2.468772 2.622294 -0.308926,
        2.484921 2.616758 -0.321317,
        2.498795 2.611134 -0.336356,
        2.509806 2.605667 -0.353375,
        2.517627 2.600580 -0.371562,
        2.522256 2.595875 -0.390304,
        2.523800 2.590765 -0.410069,
        2.521970 2.585285 -0.430272,
        2.516685 2.579659 -0.450041,
        2.508160 2.574134 -0.468510,
        2.496881 2.568938 -0.484946,
        2.483474 2.564208 -0.498881,
        2.467702 2.559214 -0.510648,
        2.449725 2.553804 -0.519863,
        2.430210 2.548191 -0.525968,
        2.409989 2.542619 -0.528648,
        2.389948 2.537326 -0.527889,
        2.370899 2.532508 -0.523955,
        2.352682 2.527640 -0.516950,
        2.335373 2.522311 -0.506731,
        2.319802 2.516724 -0.493529,
        2.306696 2.511120 -0.477847,
        2.296576 2.505741 -0.460409,
        2.289685 2.500796 -0.442043,
        2.285924 2.496039 -0.423039,
        2.285318 2.490803 -0.403064,
        2.288140 2.485257 -0.382894,
        2.294385 2.479635 -0.363412,
        2.303757 2.474181 -0.345457,
        2.315704 2.469116 -0.329707,
        2.329727 2.464409 -0.316434,
        2.346183 2.459277 -0.305328,
        2.364677 2.453785 -0.296954,
        2.384483 2.448159 -0.291808,
        2.404743 2.442643 -0.290122,
        2.424576 2.437469 -0.291827,
        2.443299 2.432749 -0.296614,
        2.461342 2.427731 -0.304544,
        2.478237 2.422306 -0.315651,
        2.493171 2.416689 -0.329625,
        2.505465 2.411125 -0.345889,
        2.514674 2.405850 -0.363679,
        2.520640 2.401056 -0.382162,
        2.523536 2.396161 -0.401496,
        2.523180 2.390815 -0.421615,
        2.519367 2.385222 -0.441679,
        2.512185 2.379624 -0.460805,
        2.502012 2.374261 -0.478190,
        2.489455 2.369341 -0.493218,
        2.474762 2.364566 -0.505878,
        2.457661 2.359310 -0.516267,
        2.438711 2.353756 -0.523759,
        2.418684 2.348136 -0.527927,
        2.398459 2.342696 -0.528624,
        2.378896 2.337654 -0.526002,
        2.360427 2.332942 -0.520349,
        2.342626 2.327789 -0.511496,
        2.326212 2.322285 -0.499526,
        2.311971 2.316658 -0.484829,
        2.300525 2.311154 -0.468045,
        2.292239 2.306000 -0.449974,
        2.287172 2.301288 -0.431335,
        2.285169 2.296247 -0.411698,
        2.286504 2.290807 -0.391506,
        2.291302 2.285187 -0.371620,
        2.299389 2.279632 -0.352916,
        2.310312 2.274376 -0.336152,
        2.323430 2.269602 -0.321866,
        2.338846 2.264682 -0.309790,
        2.356544 2.259319 -0.300171,
        2.375887 2.253720 -0.293596,
        2.396062 2.248128 -0.290419,
        2.416181 2.242781 -0.290697,
        2.435415 2.237887 -0.294203,
        2.453700 2.233092 -0.300748,
        2.471191 2.227817 -0.310515,
        2.487059 2.222254 -0.323317,
        2.500554 2.216637 -0.338684,
        2.511122 2.211211 -0.355921,
        2.518478 2.206194 -0.374206,
        2.522672 2.201474 -0.393070,
        2.523750 2.196299 -0.412948,
        2.521425 2.190784 -0.433144,
        2.515657 2.185157 -0.452778,
        2.506703 2.179665 -0.470998,
        2.495083 2.174533 -0.487095,
        2.481374 2.169826 -0.500692,
        2.465256 2.164762 -0.512136,
        2.447013 2.159308 -0.520936,
        2.427344 2.153686 -0.526564,
        2.407094 2.148140 -0.528747,
        2.387149 2.142904 -0.527511,
        2.368272 2.138146 -0.523152,
        2.350134 2.133202 -0.515685,
        2.333024 2.127822 -0.505019,
        2.317763 2.122219 -0.491425,
        2.305059 2.116632 -0.475445,
        2.295392 2.111303 -0.457822,
        2.288965 2.106434 -0.439393,
        2.285635 2.101617 -0.420229,
        2.285508 2.096324 -0.400174,
        2.288826 2.090752 -0.380048,
        2.295543 2.085139 -0.360735,
        2.305322 2.079728 -0.343059,
        2.317581 2.074734 -0.327666,
        2.331931 2.070005 -0.314704,
        2.348715 2.064809 -0.303950,
        2.367445 2.059283 -0.296013,
        2.387370 2.053657 -0.291354,
        2.407621 2.048178 -0.290163,
        2.427328 2.043068 -0.292331,
        2.445915 2.038363 -0.297548,
        2.463845 2.033276 -0.305940,
        2.480508 2.027808 -0.317482,
        2.495102 2.022184 -0.331824,
        2.506976 2.016648 -0.348356,
        2.515726 2.011432 -0.366296,
        2.521238 2.006690 -0.384848,
        2.523692 2.001720 -0.404341,
        2.522848 1.996325 -0.424505,
        2.518541 1.990716 -0.444489,
        2.455051 1.964829 -0.517527,
        2.454976 1.973150 -0.521152,
        2.456017 1.981150 -0.526920,
        2.457974 1.987114 -0.533643,
        2.460785 1.991356 -0.541339,
        2.464698 1.993738 -0.550448,
        2.468508 1.993738 -0.558266,
        2.472989 1.991564 -0.566475,
        2.477379 1.987381 -0.573581,
        2.481433 1.981589 -0.579272,
        2.485262 1.973943 -0.583655,
        2.488074 1.966226 -0.585920,
        2.490154 1.958225 -0.586556,
        2.491675 1.948407 -0.585219,
        2.492036 1.939908 -0.582099,
        2.491407 1.932193 -0.577306,
        2.489801 1.925665 -0.571046,
        2.487295 1.920740 -0.563668,
        2.484024 1.917709 -0.555579,
        2.480371 1.916747 -0.547647,
        2.475932 1.917926 -0.539072,
        2.471466 1.921267 -0.531426,
        2.467237 1.926400 -0.525080,
        2.463174 1.933467 -0.519952,
        2.460048 1.940933 -0.516927,
        2.457625 1.948868 -0.515559,
        2.456218 1.955361 -0.515622,
        2.472456 1.970141 -0.507517,
        2.472990 1.978462 -0.511103,
        2.474983 1.986461 -0.516615,
        2.478039 1.992426 -0.522915,
        2.482102 1.996667 -0.530031,
        2.487485 1.999050 -0.538355,
        2.492553 1.999050 -0.545424,
        2.498347 1.996876 -0.552764,
        2.503866 1.992693 -0.559035,
        2.508817 1.986901 -0.563965,
        2.513326 1.979255 -0.567644,
        2.516478 1.971538 -0.569406,
        2.518636 1.963536 -0.569683,
        2.519911 1.953719 -0.568110,
        2.519744 1.945219 -0.564974,
        2.518320 1.937504 -0.560354,
        2.515687 1.930976 -0.554452,
        2.511980 1.926052 -0.547598,
        2.507399 1.923020 -0.540172,
        2.502468 1.922059 -0.532965,
        2.496654 1.923237 -0.525257,
        2.490969 1.926579 -0.518467,
        2.485736 1.931711 -0.512920,
        2.480871 1.938778 -0.508546,
        2.477281 1.946244 -0.506088,
        2.474663 1.954180 -0.505146,
        2.473287 1.960672 -0.505443,
        2.487509 1.974983 -0.495147,
        2.488619 1.983304 -0.498598,
        2.491482 1.991304 -0.503713,
        2.495523 1.997268 -0.509431,
        2.500689 2.001509 -0.515791,
        2.507356 2.003892 -0.523128,
        2.513506 2.003892 -0.529278,
        2.520418 2.001718 -0.535578,
        2.526883 1.997535 -0.540867,
        2.532571 1.991743 -0.544925,
        2.537619 1.984097 -0.547821,
        2.541015 1.976380 -0.549046,
        2.543189 1.968378 -0.548969,
        2.544192 1.958561 -0.547210,
        2.543516 1.950061 -0.544143,
        2.541360 1.942346 -0.539816,
        2.537801 1.935819 -0.534421,
        2.533028 1.930894 -0.528262,
        2.527300 1.927863 -0.521681,
        2.521262 1.926901 -0.515372,
        2.514270 1.928080 -0.508713,
        2.507556 1.931421 -0.502939,
        2.501491 1.936554 -0.498317,
        2.495979 1.943620 -0.494793,
        2.492037 1.951087 -0.492952,
        2.489301 1.959022 -0.492448,
        2.487991 1.965515 -0.492965,
        2.500348 1.979826 -0.480493,
        2.502005 1.988146 -0.483717,
        2.505662 1.996146 -0.488297,
        2.510580 2.002111 -0.493282,
        2.516712 2.006352 -0.498716,
        2.524484 2.008734 -0.504870,
        2.531553 2.008734 -0.509937,
        2.539397 2.006561 -0.515029,
        2.546637 2.002378 -0.519195,
        2.552910 1.996585 -0.522274,
        2.558362 1.988939 -0.524310,
        2.561912 1.981223 -0.524966,
        2.564044 1.973221 -0.524536,
        2.564748 1.963404 -0.522637,
        2.563581 1.954904 -0.519721,
        2.560750 1.947189 -0.515803,
        2.556361 1.940661 -0.511059,
        2.550650 1.935736 -0.505759,
        2.543926 1.932705 -0.500197,
        2.536942 1.931744 -0.494956,
        2.528960 1.932922 -0.489522,
        2.521396 1.936263 -0.484917,
        2.514659 1.941396 -0.481345,
        2.508647 1.948463 -0.478765,
        2.504458 1.955929 -0.477590,
        2.501677 1.963864 -0.477538,
        2.500469 1.970357 -0.478261,
        2.510902 1.985137 -0.463412,
        2.513076 1.993458 -0.466313,
        2.517450 2.001457 -0.470215,
        2.523133 2.007422 -0.474305,
        2.530090 2.011663 -0.478634,
        2.538784 2.014046 -0.483398,
        2.546602 2.014046 -0.487209,
        2.555189 2.011872 -0.490913,
        2.563026 2.007689 -0.493806,
        2.569725 2.001897 -0.495789,
        2.575441 1.994251 -0.496883,
        2.579052 1.986534 -0.496934,
        2.581081 1.978533 -0.496153,
        2.581456 1.968715 -0.494163,
        2.579818 1.960215 -0.491483,
        2.576370 1.952501 -0.488095,
        2.571248 1.945973 -0.484154,
        2.564728 1.941048 -0.479887,
        2.557167 1.938017 -0.475531,
        2.549403 1.937055 -0.471535,
        2.540624 1.938234 -0.467517,
        2.532394 1.941575 -0.464246,
        2.525154 1.946708 -0.461853,
        2.518794 1.953774 -0.460318,
        2.514468 1.961241 -0.459861,
        2.511717 1.969176 -0.460277,
        2.510647 1.975669 -0.461193,
      ]
    }
    coordIndex [
      0, 1, 2, -1,
      3, 4, 5, -1,
      5, 4, 6, -1,
      5, 6, 7, -1,
      2, 8, 0, -1,
      0, 8, 9, -1,
      0, 9, 10, -1,
      10, 9, 11, -1,
      10, 11, 3, -1,
      3, 11, 12, -1,
      3, 12, 4, -1,
      13, 14, 15, -1,
      15, 14, 16, -1,
      15, 16, 17, -1,
      17, 16, 7, -1,
      17, 7, 18, -1,
      18, 7, 6, -1,
      13, 19, 14, -1,
      14, 19, 20, -1,
      21, 22, 23, -1,
      24, 25, 26, -1,
      26, 25, 27, -1,
      26, 27, 28, -1,
      28, 27, 29, -1,
      30, 31, 32, -1,
      32, 31, 33, -1,
      32, 33, 29, -1,
      29, 33, 34, -1,
      29, 34, 28, -1,
      23, 35, 21, -1,
      21, 35, 36, -1,
      21, 36, 37, -1,
      37, 36, 38, -1,
      37, 38, 30, -1,
      30, 38, 39, -1,
      30, 39, 31, -1,
      24, 40, 25, -1,
      25, 40, 41, -1,
      42, 43, 44, -1,
      45, 46, 47, -1,
      47, 46, 48, -1,
      47, 48, 49, -1,
      49, 48, 42, -1,
      49, 42, 50, -1,
      50, 42, 44, -1,
      43, 2, 44, -1,
      44, 2, 1, -1,
      51, 52, 53, -1,
      41, 40, 54, -1,
      54, 40, 55, -1,
      54, 55, 56, -1,
      56, 55, 51, -1,
      56, 51, 57, -1,
      57, 51, 53, -1,
      52, 58, 53, -1,
      53, 58, 59, -1,
      14, 20, 22, -1,
      22, 20, 60, -1,
      14, 22, 16, -1,
      16, 22, 21, -1,
      16, 21, 7, -1,
      7, 21, 37, -1,
      7, 37, 5, -1,
      5, 37, 30, -1,
      5, 30, 3, -1,
      3, 30, 32, -1,
      3, 32, 10, -1,
      10, 32, 29, -1,
      10, 29, 0, -1,
      0, 29, 27, -1,
      0, 27, 1, -1,
      1, 27, 25, -1,
      44, 1, 41, -1,
      41, 1, 25, -1,
      44, 41, 54, -1,
      44, 54, 50, -1,
      50, 54, 56, -1,
      50, 56, 49, -1,
      49, 56, 57, -1,
      49, 57, 47, -1,
      47, 57, 53, -1,
      47, 53, 45, -1,
      61, 45, 59, -1,
      59, 45, 53, -1,
      62, 61, 58, -1,
      58, 61, 59, -1,
      46, 62, 52, -1,
      52, 62, 58, -1,
      46, 52, 48, -1,
      48, 52, 51, -1,
      48, 51, 42, -1,
      42, 51, 55, -1,
      42, 55, 43, -1,
      43, 55, 40, -1,
      2, 43, 24, -1,
      24, 43, 40, -1,
      2, 24, 26, -1,
      2, 26, 8, -1,
      8, 26, 28, -1,
      8, 28, 9, -1,
      9, 28, 34, -1,
      9, 34, 11, -1,
      11, 34, 33, -1,
      11, 33, 12, -1,
      12, 33, 31, -1,
      12, 31, 4, -1,
      4, 31, 39, -1,
      4, 39, 6, -1,
      6, 39, 38, -1,
      6, 38, 18, -1,
      18, 38, 36, -1,
      18, 36, 17, -1,
      17, 36, 35, -1,
      17, 35, 15, -1,
      15, 35, 23, -1,
      15, 23, 13, -1,
      19, 13, 63, -1,
      63, 13, 23, -1,
      20, 19, 60, -1,
      60, 19, 63, -1,
      45, 61, 46, -1,
      46, 61, 62, -1,
      63, 23, 60, -1,
      60, 23, 22, -1,
      64, 65, 66, -1,
      66, 65, 67, -1,
      66, 67, 68, -1,
      69, 70, 71, -1,
      71, 70, 72, -1,
      71, 72, 73, -1,
      73, 72, 74, -1,
      73, 74, 75, -1,
      75, 74, 68, -1,
      75, 68, 76, -1,
      76, 68, 67, -1,
      64, 77, 65, -1,
      65, 77, 78, -1,
      79, 80, 81, -1,
      81, 80, 82, -1,
      81, 82, 83, -1,
      84, 85, 86, -1,
      86, 85, 87, -1,
      86, 87, 88, -1,
      88, 87, 89, -1,
      88, 89, 90, -1,
      90, 89, 83, -1,
      90, 83, 91, -1,
      91, 83, 82, -1,
      79, 92, 80, -1,
      80, 92, 93, -1,
      94, 95, 96, -1,
      96, 97, 94, -1,
      94, 97, 98, -1,
      94, 98, 99, -1,
      99, 98, 100, -1,
      99, 100, 101, -1,
      101, 100, 102, -1,
      101, 102, 103, -1,
      103, 102, 104, -1,
      103, 104, 105, -1,
      105, 104, 106, -1,
      105, 106, 107, -1,
      108, 109, 110, -1,
      110, 109, 111, -1,
      110, 111, 112, -1,
      112, 111, 107, -1,
      112, 107, 113, -1,
      113, 107, 106, -1,
      108, 70, 109, -1,
      109, 70, 69, -1,
      114, 93, 92, -1,
      115, 116, 117, -1,
      117, 116, 118, -1,
      117, 118, 119, -1,
      119, 118, 120, -1,
      92, 121, 114, -1,
      114, 121, 122, -1,
      114, 122, 123, -1,
      123, 122, 124, -1,
      123, 124, 125, -1,
      125, 124, 126, -1,
      125, 126, 127, -1,
      127, 126, 128, -1,
      127, 128, 129, -1,
      129, 128, 130, -1,
      129, 130, 120, -1,
      120, 130, 131, -1,
      120, 131, 119, -1,
      115, 132, 116, -1,
      116, 132, 133, -1,
      96, 134, 115, -1,
      115, 134, 132, -1,
      96, 115, 117, -1,
      96, 117, 97, -1,
      97, 117, 119, -1,
      97, 119, 98, -1,
      98, 119, 131, -1,
      98, 131, 100, -1,
      100, 131, 130, -1,
      100, 130, 102, -1,
      102, 130, 128, -1,
      102, 128, 104, -1,
      104, 128, 126, -1,
      104, 126, 106, -1,
      106, 126, 124, -1,
      106, 124, 113, -1,
      113, 124, 122, -1,
      113, 122, 112, -1,
      112, 122, 121, -1,
      112, 121, 110, -1,
      110, 121, 92, -1,
      110, 92, 108, -1,
      70, 108, 79, -1,
      79, 108, 92, -1,
      70, 79, 72, -1,
      72, 79, 81, -1,
      72, 81, 74, -1,
      74, 81, 83, -1,
      74, 83, 68, -1,
      68, 83, 89, -1,
      68, 89, 66, -1,
      66, 89, 87, -1,
      66, 87, 64, -1,
      64, 87, 85, -1,
      77, 64, 135, -1,
      135, 64, 85, -1,
      78, 77, 136, -1,
      136, 77, 135, -1,
      65, 78, 84, -1,
      84, 78, 136, -1,
      65, 84, 86, -1,
      65, 86, 67, -1,
      67, 86, 88, -1,
      67, 88, 76, -1,
      76, 88, 90, -1,
      76, 90, 75, -1,
      75, 90, 91, -1,
      75, 91, 73, -1,
      73, 91, 82, -1,
      73, 82, 71, -1,
      71, 82, 80, -1,
      71, 80, 69, -1,
      109, 69, 93, -1,
      93, 69, 80, -1,
      109, 93, 111, -1,
      111, 93, 114, -1,
      111, 114, 107, -1,
      107, 114, 123, -1,
      107, 123, 105, -1,
      105, 123, 125, -1,
      105, 125, 103, -1,
      103, 125, 127, -1,
      103, 127, 101, -1,
      101, 127, 129, -1,
      101, 129, 99, -1,
      99, 129, 120, -1,
      99, 120, 94, -1,
      94, 120, 118, -1,
      94, 118, 95, -1,
      95, 118, 116, -1,
      137, 95, 133, -1,
      133, 95, 116, -1,
      134, 137, 132, -1,
      132, 137, 133, -1,
      95, 137, 96, -1,
      96, 137, 134, -1,
      84, 136, 85, -1,
      85, 136, 135, -1,
      138, 139, 140, -1,
      140, 139, 141, -1,
      142, 143, 144, -1,
      144, 143, 145, -1,
      146, 147, 148, -1,
      148, 147, 149, -1,
      150, 151, 152, -1,
      152, 151, 153, -1,
      154, 155, 153, -1,
      153, 155, 148, -1,
      153, 148, 152, -1,
      154, 156, 155, -1,
      155, 156, 157, -1,
      155, 157, 158, -1,
      159, 160, 161, -1,
      161, 160, 162, -1,
      148, 149, 152, -1,
      152, 149, 160, -1,
      152, 160, 163, -1,
      163, 160, 159, -1,
      164, 165, 151, -1,
      151, 165, 153, -1,
      150, 152, 166, -1,
      166, 152, 167, -1,
      153, 165, 168, -1,
      153, 168, 154, -1,
      154, 168, 169, -1,
      154, 169, 156, -1,
      156, 169, 170, -1,
      156, 170, 157, -1,
      157, 170, 171, -1,
      157, 171, 158, -1,
      158, 171, 172, -1,
      158, 172, 155, -1,
      155, 172, 146, -1,
      155, 146, 148, -1,
      143, 173, 145, -1,
      145, 173, 174, -1,
      174, 173, 175, -1,
      175, 173, 176, -1,
      175, 176, 177, -1,
      177, 176, 178, -1,
      177, 178, 179, -1,
      179, 178, 180, -1,
      179, 180, 181, -1,
      181, 180, 182, -1,
      181, 182, 183, -1,
      183, 182, 184, -1,
      183, 184, 185, -1,
      185, 184, 186, -1,
      185, 186, 187, -1,
      187, 186, 188, -1,
      187, 188, 189, -1,
      189, 188, 190, -1,
      189, 190, 191, -1,
      191, 190, 192, -1,
      191, 192, 193, -1,
      192, 194, 193, -1,
      193, 194, 147, -1,
      193, 147, 146, -1,
      167, 152, 163, -1,
      167, 163, 195, -1,
      195, 163, 159, -1,
      195, 159, 196, -1,
      196, 159, 161, -1,
      196, 161, 197, -1,
      197, 161, 162, -1,
      197, 162, 198, -1,
      198, 162, 160, -1,
      198, 160, 199, -1,
      199, 160, 149, -1,
      199, 149, 147, -1,
      174, 175, 200, -1,
      177, 179, 201, -1,
      181, 183, 202, -1,
      185, 187, 203, -1,
      189, 191, 204, -1,
      193, 146, 172, -1,
      191, 193, 204, -1,
      204, 193, 172, -1,
      204, 172, 205, -1,
      205, 172, 171, -1,
      205, 171, 206, -1,
      206, 171, 170, -1,
      206, 170, 207, -1,
      207, 170, 169, -1,
      207, 169, 208, -1,
      208, 169, 168, -1,
      208, 168, 165, -1,
      187, 189, 203, -1,
      203, 189, 204, -1,
      203, 204, 209, -1,
      209, 204, 205, -1,
      209, 205, 210, -1,
      210, 205, 206, -1,
      210, 206, 211, -1,
      211, 206, 207, -1,
      211, 207, 212, -1,
      212, 207, 208, -1,
      212, 208, 165, -1,
      183, 185, 202, -1,
      202, 185, 203, -1,
      202, 203, 213, -1,
      213, 203, 209, -1,
      213, 209, 214, -1,
      214, 209, 210, -1,
      214, 210, 215, -1,
      215, 210, 211, -1,
      215, 211, 216, -1,
      216, 211, 212, -1,
      216, 212, 165, -1,
      179, 181, 201, -1,
      201, 181, 202, -1,
      201, 202, 217, -1,
      217, 202, 213, -1,
      217, 213, 218, -1,
      218, 213, 214, -1,
      218, 214, 219, -1,
      219, 214, 215, -1,
      219, 215, 220, -1,
      220, 215, 216, -1,
      220, 216, 165, -1,
      175, 177, 200, -1,
      200, 177, 201, -1,
      200, 201, 221, -1,
      221, 201, 217, -1,
      221, 217, 222, -1,
      222, 217, 218, -1,
      222, 218, 223, -1,
      223, 218, 219, -1,
      223, 219, 224, -1,
      224, 219, 220, -1,
      224, 220, 165, -1,
      145, 174, 225, -1,
      225, 174, 200, -1,
      225, 200, 226, -1,
      226, 200, 221, -1,
      226, 221, 227, -1,
      227, 221, 222, -1,
      227, 222, 228, -1,
      228, 222, 223, -1,
      228, 223, 229, -1,
      229, 223, 224, -1,
      229, 224, 165, -1,
      173, 143, 230, -1,
      178, 176, 231, -1,
      182, 180, 232, -1,
      186, 184, 233, -1,
      190, 188, 234, -1,
      194, 192, 235, -1,
      192, 190, 235, -1,
      235, 190, 234, -1,
      235, 234, 236, -1,
      236, 234, 237, -1,
      236, 237, 238, -1,
      238, 237, 239, -1,
      238, 239, 240, -1,
      240, 239, 241, -1,
      240, 241, 242, -1,
      242, 241, 243, -1,
      242, 243, 167, -1,
      188, 186, 234, -1,
      234, 186, 233, -1,
      234, 233, 237, -1,
      237, 233, 244, -1,
      237, 244, 239, -1,
      239, 244, 245, -1,
      239, 245, 241, -1,
      241, 245, 246, -1,
      241, 246, 243, -1,
      243, 246, 247, -1,
      243, 247, 167, -1,
      147, 194, 199, -1,
      199, 194, 235, -1,
      199, 235, 198, -1,
      198, 235, 236, -1,
      198, 236, 197, -1,
      197, 236, 238, -1,
      197, 238, 196, -1,
      196, 238, 240, -1,
      196, 240, 195, -1,
      195, 240, 242, -1,
      195, 242, 167, -1,
      180, 178, 232, -1,
      232, 178, 231, -1,
      232, 231, 248, -1,
      248, 231, 249, -1,
      248, 249, 250, -1,
      250, 249, 251, -1,
      250, 251, 252, -1,
      252, 251, 253, -1,
      252, 253, 254, -1,
      254, 253, 255, -1,
      254, 255, 167, -1,
      176, 173, 231, -1,
      231, 173, 230, -1,
      231, 230, 249, -1,
      249, 230, 256, -1,
      249, 256, 251, -1,
      251, 256, 257, -1,
      251, 257, 253, -1,
      253, 257, 258, -1,
      253, 258, 255, -1,
      255, 258, 259, -1,
      255, 259, 167, -1,
      184, 182, 233, -1,
      233, 182, 232, -1,
      233, 232, 244, -1,
      244, 232, 248, -1,
      244, 248, 245, -1,
      245, 248, 250, -1,
      245, 250, 246, -1,
      246, 250, 252, -1,
      246, 252, 247, -1,
      247, 252, 254, -1,
      247, 254, 167, -1,
      165, 164, 260, -1,
      165, 260, 229, -1,
      229, 260, 261, -1,
      229, 261, 228, -1,
      228, 261, 262, -1,
      228, 262, 227, -1,
      227, 262, 263, -1,
      227, 263, 226, -1,
      226, 263, 264, -1,
      226, 264, 225, -1,
      225, 264, 144, -1,
      225, 144, 145, -1,
      141, 139, 265, -1,
      141, 265, 266, -1,
      266, 265, 267, -1,
      266, 267, 268, -1,
      268, 267, 269, -1,
      268, 269, 270, -1,
      270, 269, 271, -1,
      270, 271, 272, -1,
      272, 271, 273, -1,
      272, 273, 274, -1,
      274, 273, 142, -1,
      274, 142, 144, -1,
      166, 167, 259, -1,
      166, 259, 275, -1,
      275, 259, 258, -1,
      275, 258, 276, -1,
      276, 258, 257, -1,
      276, 257, 277, -1,
      277, 257, 256, -1,
      277, 256, 278, -1,
      278, 256, 230, -1,
      278, 230, 279, -1,
      279, 230, 143, -1,
      279, 143, 142, -1,
      144, 264, 280, -1,
      281, 282, 283, -1,
      164, 284, 285, -1,
      283, 282, 164, -1,
      286, 164, 282, -1,
      286, 282, 287, -1,
      287, 282, 281, -1,
      287, 281, 288, -1,
      260, 164, 286, -1,
      289, 290, 291, -1,
      291, 290, 285, -1,
      291, 285, 292, -1,
      292, 285, 284, -1,
      292, 284, 293, -1,
      260, 286, 261, -1,
      261, 286, 287, -1,
      261, 287, 262, -1,
      262, 287, 288, -1,
      262, 288, 263, -1,
      294, 289, 295, -1,
      295, 289, 291, -1,
      295, 291, 296, -1,
      296, 291, 292, -1,
      296, 292, 297, -1,
      297, 292, 293, -1,
      297, 293, 298, -1,
      299, 294, 300, -1,
      300, 294, 295, -1,
      300, 295, 301, -1,
      301, 295, 296, -1,
      301, 296, 302, -1,
      302, 296, 297, -1,
      302, 297, 303, -1,
      303, 297, 298, -1,
      303, 298, 304, -1,
      264, 299, 280, -1,
      280, 299, 300, -1,
      280, 300, 305, -1,
      305, 300, 301, -1,
      305, 301, 306, -1,
      306, 301, 302, -1,
      306, 302, 307, -1,
      307, 302, 303, -1,
      307, 303, 308, -1,
      308, 303, 304, -1,
      308, 304, 309, -1,
      144, 280, 274, -1,
      274, 280, 305, -1,
      274, 305, 272, -1,
      272, 305, 306, -1,
      272, 306, 270, -1,
      270, 306, 307, -1,
      270, 307, 268, -1,
      268, 307, 308, -1,
      268, 308, 266, -1,
      266, 308, 309, -1,
      266, 309, 141, -1,
      290, 164, 285, -1,
      264, 263, 299, -1,
      299, 263, 288, -1,
      299, 288, 294, -1,
      294, 288, 281, -1,
      294, 281, 289, -1,
      289, 281, 283, -1,
      289, 283, 290, -1,
      290, 283, 164, -1,
      273, 271, 310, -1,
      310, 271, 311, -1,
      310, 311, 312, -1,
      312, 311, 313, -1,
      312, 313, 314, -1,
      314, 313, 315, -1,
      314, 315, 316, -1,
      316, 315, 317, -1,
      316, 317, 318, -1,
      318, 317, 319, -1,
      318, 319, 166, -1,
      271, 269, 311, -1,
      311, 269, 320, -1,
      311, 320, 313, -1,
      313, 320, 321, -1,
      313, 321, 315, -1,
      315, 321, 322, -1,
      315, 322, 317, -1,
      317, 322, 323, -1,
      317, 323, 319, -1,
      319, 323, 324, -1,
      319, 324, 166, -1,
      142, 273, 279, -1,
      279, 273, 310, -1,
      279, 310, 278, -1,
      278, 310, 312, -1,
      278, 312, 277, -1,
      277, 312, 314, -1,
      277, 314, 276, -1,
      276, 314, 316, -1,
      276, 316, 275, -1,
      275, 316, 318, -1,
      275, 318, 166, -1,
      267, 265, 325, -1,
      325, 265, 326, -1,
      325, 326, 327, -1,
      327, 326, 328, -1,
      327, 328, 329, -1,
      329, 328, 330, -1,
      329, 330, 331, -1,
      331, 330, 332, -1,
      331, 332, 333, -1,
      333, 332, 334, -1,
      333, 334, 166, -1,
      265, 139, 326, -1,
      326, 139, 335, -1,
      326, 335, 328, -1,
      328, 335, 336, -1,
      328, 336, 330, -1,
      330, 336, 337, -1,
      330, 337, 332, -1,
      332, 337, 338, -1,
      332, 338, 334, -1,
      334, 338, 339, -1,
      334, 339, 166, -1,
      269, 267, 320, -1,
      320, 267, 325, -1,
      320, 325, 321, -1,
      321, 325, 327, -1,
      321, 327, 322, -1,
      322, 327, 329, -1,
      322, 329, 323, -1,
      323, 329, 331, -1,
      323, 331, 324, -1,
      324, 331, 333, -1,
      324, 333, 166, -1,
      140, 141, 309, -1,
      140, 309, 340, -1,
      340, 309, 304, -1,
      340, 304, 341, -1,
      341, 304, 298, -1,
      341, 298, 342, -1,
      342, 298, 343, -1,
      343, 298, 293, -1,
      343, 293, 344, -1,
      344, 293, 345, -1,
      345, 293, 284, -1,
      345, 284, 346, -1,
      346, 284, 347, -1,
      347, 284, 164, -1,
      347, 164, 151, -1,
      150, 166, 348, -1,
      348, 166, 339, -1,
      338, 349, 339, -1,
      339, 349, 350, -1,
      339, 350, 348, -1,
      351, 352, 338, -1,
      338, 352, 353, -1,
      338, 353, 349, -1,
      338, 337, 351, -1,
      351, 337, 336, -1,
      351, 336, 354, -1,
      354, 336, 335, -1,
      354, 335, 355, -1,
      355, 335, 139, -1,
      355, 139, 138, -1,
      352, 351, 342, -1,
      342, 351, 354, -1,
      342, 354, 341, -1,
      341, 354, 355, -1,
      341, 355, 340, -1,
      340, 355, 138, -1,
      340, 138, 140, -1,
      346, 349, 345, -1,
      345, 349, 353, -1,
      345, 353, 344, -1,
      344, 353, 352, -1,
      344, 352, 343, -1,
      343, 352, 342, -1,
      151, 150, 347, -1,
      347, 150, 348, -1,
      347, 348, 346, -1,
      346, 348, 350, -1,
      346, 350, 349, -1,
      356, 357, 358, -1,
      358, 357, 359, -1,
      358, 359, 360, -1,
      361, 362, 358, -1,
      358, 362, 363, -1,
      358, 363, 356, -1,
      364, 365, 358, -1,
      358, 365, 366, -1,
      358, 366, 361, -1,
      367, 368, 358, -1,
      358, 368, 369, -1,
      358, 369, 364, -1,
      370, 371, 358, -1,
      358, 371, 372, -1,
      358, 372, 367, -1,
      373, 374, 358, -1,
      358, 374, 375, -1,
      358, 375, 370, -1,
      376, 377, 358, -1,
      358, 377, 378, -1,
      358, 378, 373, -1,
      379, 380, 358, -1,
      358, 380, 381, -1,
      358, 381, 376, -1,
      360, 382, 358, -1,
      358, 382, 383, -1,
      358, 383, 379, -1,
      384, 385, 386, -1,
      386, 385, 387, -1,
      386, 387, 388, -1,
      389, 390, 386, -1,
      386, 390, 391, -1,
      386, 391, 384, -1,
      392, 393, 386, -1,
      386, 393, 394, -1,
      386, 394, 389, -1,
      395, 396, 386, -1,
      386, 396, 397, -1,
      386, 397, 392, -1,
      398, 399, 386, -1,
      386, 399, 400, -1,
      386, 400, 395, -1,
      401, 402, 386, -1,
      386, 402, 403, -1,
      386, 403, 398, -1,
      404, 405, 386, -1,
      386, 405, 406, -1,
      386, 406, 401, -1,
      407, 408, 386, -1,
      386, 408, 409, -1,
      386, 409, 404, -1,
      388, 410, 386, -1,
      386, 410, 411, -1,
      386, 411, 407, -1,
      387, 385, 412, -1,
      412, 385, 413, -1,
      412, 413, 414, -1,
      414, 413, 415, -1,
      414, 415, 416, -1,
      416, 415, 417, -1,
      416, 417, 418, -1,
      418, 417, 419, -1,
      418, 419, 420, -1,
      420, 419, 421, -1,
      420, 421, 422, -1,
      422, 421, 423, -1,
      422, 423, 424, -1,
      424, 423, 425, -1,
      424, 425, 426, -1,
      426, 425, 427, -1,
      426, 427, 428, -1,
      428, 427, 429, -1,
      428, 429, 430, -1,
      430, 429, 431, -1,
      430, 431, 432, -1,
      432, 431, 433, -1,
      432, 433, 434, -1,
      434, 433, 435, -1,
      434, 435, 436, -1,
      436, 435, 437, -1,
      436, 437, 438, -1,
      438, 437, 439, -1,
      438, 439, 440, -1,
      440, 439, 441, -1,
      440, 441, 442, -1,
      442, 441, 443, -1,
      442, 443, 444, -1,
      444, 443, 445, -1,
      444, 445, 446, -1,
      446, 445, 447, -1,
      446, 447, 448, -1,
      448, 447, 449, -1,
      448, 449, 450, -1,
      450, 449, 451, -1,
      450, 451, 452, -1,
      452, 451, 453, -1,
      452, 453, 454, -1,
      454, 453, 455, -1,
      454, 455, 456, -1,
      456, 455, 457, -1,
      456, 457, 458, -1,
      458, 457, 459, -1,
      458, 459, 460, -1,
      460, 459, 461, -1,
      460, 461, 462, -1,
      462, 461, 463, -1,
      462, 463, 464, -1,
      464, 463, 465, -1,
      464, 465, 466, -1,
      466, 465, 467, -1,
      466, 467, 468, -1,
      468, 467, 469, -1,
      468, 469, 470, -1,
      470, 469, 471, -1,
      470, 471, 472, -1,
      472, 471, 473, -1,
      472, 473, 474, -1,
      474, 473, 475, -1,
      474, 475, 476, -1,
      476, 475, 477, -1,
      476, 477, 478, -1,
      478, 477, 479, -1,
      478, 479, 480, -1,
      480, 479, 481, -1,
      480, 481, 482, -1,
      482, 481, 483, -1,
      482, 483, 484, -1,
      484, 483, 485, -1,
      484, 485, 486, -1,
      486, 485, 487, -1,
      486, 487, 488, -1,
      488, 487, 489, -1,
      488, 489, 490, -1,
      490, 489, 491, -1,
      490, 491, 492, -1,
      492, 491, 493, -1,
      492, 493, 494, -1,
      494, 493, 495, -1,
      494, 495, 496, -1,
      496, 495, 497, -1,
      496, 497, 498, -1,
      498, 497, 499, -1,
      498, 499, 500, -1,
      500, 499, 501, -1,
      500, 501, 502, -1,
      502, 501, 503, -1,
      502, 503, 504, -1,
      504, 503, 505, -1,
      504, 505, 506, -1,
      506, 505, 507, -1,
      506, 507, 508, -1,
      508, 507, 509, -1,
      508, 509, 510, -1,
      510, 509, 511, -1,
      510, 511, 512, -1,
      512, 511, 513, -1,
      512, 513, 514, -1,
      514, 513, 515, -1,
      514, 515, 516, -1,
      516, 515, 517, -1,
      516, 517, 518, -1,
      518, 517, 519, -1,
      518, 519, 520, -1,
      520, 519, 521, -1,
      520, 521, 522, -1,
      522, 521, 523, -1,
      522, 523, 524, -1,
      524, 523, 525, -1,
      524, 525, 526, -1,
      526, 525, 527, -1,
      526, 527, 528, -1,
      528, 527, 529, -1,
      528, 529, 530, -1,
      530, 529, 531, -1,
      530, 531, 532, -1,
      532, 531, 533, -1,
      532, 533, 534, -1,
      534, 533, 535, -1,
      534, 535, 536, -1,
      536, 535, 537, -1,
      536, 537, 538, -1,
      538, 537, 539, -1,
      538, 539, 540, -1,
      540, 539, 541, -1,
      540, 541, 542, -1,
      542, 541, 543, -1,
      542, 543, 544, -1,
      544, 543, 545, -1,
      544, 545, 546, -1,
      546, 545, 547, -1,
      546, 547, 548, -1,
      548, 547, 549, -1,
      548, 549, 550, -1,
      550, 549, 551, -1,
      550, 551, 552, -1,
      552, 551, 553, -1,
      552, 553, 554, -1,
      554, 553, 555, -1,
      554, 555, 556, -1,
      556, 555, 557, -1,
      556, 557, 558, -1,
      558, 557, 559, -1,
      558, 559, 560, -1,
      560, 559, 561, -1,
      560, 561, 562, -1,
      562, 561, 563, -1,
      562, 563, 564, -1,
      564, 563, 565, -1,
      564, 565, 566, -1,
      566, 565, 567, -1,
      566, 567, 568, -1,
      568, 567, 569, -1,
      568, 569, 570, -1,
      570, 569, 571, -1,
      570, 571, 572, -1,
      572, 571, 573, -1,
      572, 573, 574, -1,
      574, 573, 575, -1,
      574, 575, 576, -1,
      576, 575, 577, -1,
      576, 577, 578, -1,
      578, 577, 579, -1,
      578, 579, 580, -1,
      580, 579, 581, -1,
      580, 581, 582, -1,
      582, 581, 583, -1,
      582, 583, 584, -1,
      584, 583, 585, -1,
      584, 585, 586, -1,
      586, 585, 587, -1,
      586, 587, 588, -1,
      588, 587, 589, -1,
      588, 589, 590, -1,
      590, 589, 591, -1,
      590, 591, 592, -1,
      592, 591, 593, -1,
      592, 593, 594, -1,
      594, 593, 595, -1,
      594, 595, 596, -1,
      596, 595, 597, -1,
      596, 597, 598, -1,
      598, 597, 599, -1,
      598, 599, 600, -1,
      600, 599, 601, -1,
      600, 601, 602, -1,
      602, 601, 603, -1,
      602, 603, 604, -1,
      604, 603, 605, -1,
      604, 605, 606, -1,
      606, 605, 607, -1,
      606, 607, 608, -1,
      608, 607, 609, -1,
      608, 609, 610, -1,
      610, 609, 611, -1,
      610, 611, 612, -1,
      612, 611, 613, -1,
      612, 613, 614, -1,
      614, 613, 615, -1,
      614, 615, 616, -1,
      616, 615, 617, -1,
      616, 617, 618, -1,
      618, 617, 619, -1,
      618, 619, 620, -1,
      620, 619, 621, -1,
      620, 621, 622, -1,
      622, 621, 623, -1,
      622, 623, 624, -1,
      624, 623, 625, -1,
      624, 625, 626, -1,
      626, 625, 627, -1,
      626, 627, 628, -1,
      628, 627, 629, -1,
      628, 629, 630, -1,
      630, 629, 631, -1,
      630, 631, 632, -1,
      632, 631, 633, -1,
      632, 633, 634, -1,
      634, 633, 635, -1,
      634, 635, 636, -1,
      636, 635, 637, -1,
      636, 637, 638, -1,
      638, 637, 639, -1,
      638, 639, 640, -1,
      640, 639, 641, -1,
      640, 641, 642, -1,
      642, 641, 643, -1,
      642, 643, 644, -1,
      644, 643, 645, -1,
      644, 645, 646, -1,
      646, 645, 647, -1,
      646, 647, 648, -1,
      648, 647, 649, -1,
      648, 649, 650, -1,
      650, 649, 651, -1,
      650, 651, 652, -1,
      652, 651, 653, -1,
      652, 653, 654, -1,
      654, 653, 655, -1,
      654, 655, 656, -1,
      656, 655, 657, -1,
      656, 657, 658, -1,
      658, 657, 659, -1,
      658, 659, 660, -1,
      660, 659, 661, -1,
      660, 661, 662, -1,
      662, 661, 663, -1,
      662, 663, 664, -1,
      664, 663, 665, -1,
      664, 665, 666, -1,
      666, 665, 667, -1,
      360, 359, 668, -1,
      668, 359, 669, -1,
      668, 669, 670, -1,
      670, 669, 671, -1,
      670, 671, 672, -1,
      672, 671, 673, -1,
      672, 673, 674, -1,
      674, 673, 675, -1,
      674, 675, 676, -1,
      676, 675, 677, -1,
      676, 677, 678, -1,
      678, 677, 679, -1,
      678, 679, 680, -1,
      680, 679, 681, -1,
      680, 681, 682, -1,
      682, 681, 683, -1,
      682, 683, 684, -1,
      684, 683, 685, -1,
      684, 685, 686, -1,
      686, 685, 687, -1,
      686, 687, 688, -1,
      688, 687, 689, -1,
      688, 689, 690, -1,
      690, 689, 691, -1,
      690, 691, 692, -1,
      692, 691, 693, -1,
      692, 693, 694, -1,
      694, 693, 695, -1,
      694, 695, 696, -1,
      696, 695, 697, -1,
      696, 697, 698, -1,
      698, 697, 699, -1,
      698, 699, 700, -1,
      700, 699, 701, -1,
      700, 701, 702, -1,
      702, 701, 703, -1,
      702, 703, 704, -1,
      704, 703, 705, -1,
      704, 705, 706, -1,
      706, 705, 707, -1,
      706, 707, 708, -1,
      708, 707, 709, -1,
      708, 709, 710, -1,
      710, 709, 711, -1,
      710, 711, 712, -1,
      712, 711, 713, -1,
      712, 713, 714, -1,
      714, 713, 715, -1,
      714, 715, 716, -1,
      716, 715, 717, -1,
      716, 717, 718, -1,
      718, 717, 719, -1,
      718, 719, 720, -1,
      720, 719, 721, -1,
      720, 721, 722, -1,
      722, 721, 723, -1,
      722, 723, 724, -1,
      724, 723, 725, -1,
      724, 725, 726, -1,
      726, 725, 727, -1,
      726, 727, 728, -1,
      728, 727, 729, -1,
      728, 729, 730, -1,
      730, 729, 731, -1,
      730, 731, 732, -1,
      732, 731, 733, -1,
      732, 733, 734, -1,
      734, 733, 735, -1,
      734, 735, 736, -1,
      736, 735, 737, -1,
      736, 737, 738, -1,
      738, 737, 739, -1,
      738, 739, 740, -1,
      740, 739, 741, -1,
      740, 741, 742, -1,
      742, 741, 743, -1,
      742, 743, 744, -1,
      744, 743, 745, -1,
      744, 745, 746, -1,
      746, 745, 747, -1,
      746, 747, 748, -1,
      748, 747, 749, -1,
      748, 749, 750, -1,
      750, 749, 751, -1,
      750, 751, 752, -1,
      752, 751, 753, -1,
      752, 753, 754, -1,
      754, 753, 755, -1,
      754, 755, 756, -1,
      756, 755, 757, -1,
      756, 757, 758, -1,
      758, 757, 759, -1,
      758, 759, 760, -1,
      760, 759, 761, -1,
      760, 761, 762, -1,
      762, 761, 763, -1,
      762, 763, 764, -1,
      764, 763, 765, -1,
      764, 765, 766, -1,
      766, 765, 767, -1,
      766, 767, 768, -1,
      768, 767, 769, -1,
      768, 769, 770, -1,
      770, 769, 771, -1,
      770, 771, 772, -1,
      772, 771, 773, -1,
      772, 773, 774, -1,
      774, 773, 775, -1,
      774, 775, 776, -1,
      776, 775, 777, -1,
      776, 777, 778, -1,
      778, 777, 779, -1,
      778, 779, 780, -1,
      780, 779, 781, -1,
      780, 781, 782, -1,
      782, 781, 783, -1,
      782, 783, 784, -1,
      784, 783, 785, -1,
      784, 785, 786, -1,
      786, 785, 787, -1,
      786, 787, 788, -1,
      788, 787, 789, -1,
      788, 789, 790, -1,
      790, 789, 791, -1,
      790, 791, 792, -1,
      792, 791, 793, -1,
      792, 793, 794, -1,
      794, 793, 795, -1,
      794, 795, 796, -1,
      796, 795, 797, -1,
      796, 797, 798, -1,
      798, 797, 799, -1,
      798, 799, 800, -1,
      800, 799, 801, -1,
      800, 801, 802, -1,
      802, 801, 803, -1,
      802, 803, 804, -1,
      804, 803, 805, -1,
      804, 805, 806, -1,
      806, 805, 807, -1,
      806, 807, 808, -1,
      808, 807, 809, -1,
      808, 809, 810, -1,
      810, 809, 811, -1,
      810, 811, 812, -1,
      812, 811, 813, -1,
      812, 813, 814, -1,
      814, 813, 815, -1,
      814, 815, 816, -1,
      816, 815, 817, -1,
      816, 817, 818, -1,
      818, 817, 819, -1,
      818, 819, 820, -1,
      820, 819, 821, -1,
      820, 821, 822, -1,
      822, 821, 823, -1,
      822, 823, 824, -1,
      824, 823, 825, -1,
      824, 825, 826, -1,
      826, 825, 827, -1,
      826, 827, 828, -1,
      828, 827, 829, -1,
      828, 829, 830, -1,
      830, 829, 831, -1,
      830, 831, 832, -1,
      832, 831, 833, -1,
      832, 833, 834, -1,
      834, 833, 835, -1,
      834, 835, 836, -1,
      836, 835, 837, -1,
      836, 837, 838, -1,
      838, 837, 839, -1,
      838, 839, 840, -1,
      840, 839, 841, -1,
      840, 841, 842, -1,
      842, 841, 843, -1,
      842, 843, 844, -1,
      844, 843, 845, -1,
      844, 845, 846, -1,
      846, 845, 847, -1,
      846, 847, 848, -1,
      848, 847, 849, -1,
      848, 849, 850, -1,
      850, 849, 851, -1,
      850, 851, 852, -1,
      852, 851, 853, -1,
      852, 853, 854, -1,
      854, 853, 855, -1,
      854, 855, 856, -1,
      856, 855, 857, -1,
      856, 857, 858, -1,
      858, 857, 859, -1,
      858, 859, 860, -1,
      860, 859, 861, -1,
      860, 861, 862, -1,
      862, 861, 863, -1,
      862, 863, 864, -1,
      864, 863, 865, -1,
      864, 865, 866, -1,
      866, 865, 867, -1,
      866, 867, 868, -1,
      868, 867, 869, -1,
      868, 869, 870, -1,
      870, 869, 871, -1,
      870, 871, 872, -1,
      872, 871, 873, -1,
      872, 873, 874, -1,
      874, 873, 875, -1,
      874, 875, 876, -1,
      876, 875, 877, -1,
      876, 877, 878, -1,
      878, 877, 879, -1,
      878, 879, 880, -1,
      880, 879, 881, -1,
      880, 881, 882, -1,
      882, 881, 883, -1,
      882, 883, 884, -1,
      884, 883, 885, -1,
      884, 885, 886, -1,
      886, 885, 887, -1,
      886, 887, 888, -1,
      888, 887, 889, -1,
      888, 889, 890, -1,
      890, 889, 891, -1,
      890, 891, 892, -1,
      892, 891, 893, -1,
      892, 893, 894, -1,
      894, 893, 895, -1,
      894, 895, 896, -1,
      896, 895, 897, -1,
      896, 897, 898, -1,
      898, 897, 899, -1,
      898, 899, 900, -1,
      900, 899, 901, -1,
      900, 901, 902, -1,
      902, 901, 903, -1,
      902, 903, 904, -1,
      904, 903, 905, -1,
      904, 905, 906, -1,
      906, 905, 907, -1,
      906, 907, 908, -1,
      908, 907, 909, -1,
      908, 909, 910, -1,
      910, 909, 911, -1,
      910, 911, 912, -1,
      912, 911, 913, -1,
      912, 913, 914, -1,
      914, 913, 915, -1,
      914, 915, 916, -1,
      916, 915, 917, -1,
      916, 917, 918, -1,
      918, 917, 919, -1,
      918, 919, 920, -1,
      920, 919, 921, -1,
      920, 921, 922, -1,
      922, 921, 923, -1,
      385, 384, 413, -1,
      413, 384, 924, -1,
      413, 924, 415, -1,
      415, 924, 925, -1,
      415, 925, 417, -1,
      417, 925, 926, -1,
      417, 926, 419, -1,
      419, 926, 927, -1,
      419, 927, 421, -1,
      421, 927, 928, -1,
      421, 928, 423, -1,
      423, 928, 929, -1,
      423, 929, 425, -1,
      425, 929, 930, -1,
      425, 930, 427, -1,
      427, 930, 931, -1,
      427, 931, 429, -1,
      429, 931, 932, -1,
      429, 932, 431, -1,
      431, 932, 933, -1,
      431, 933, 433, -1,
      433, 933, 934, -1,
      433, 934, 435, -1,
      435, 934, 935, -1,
      435, 935, 437, -1,
      437, 935, 936, -1,
      437, 936, 439, -1,
      439, 936, 937, -1,
      439, 937, 441, -1,
      441, 937, 938, -1,
      441, 938, 443, -1,
      443, 938, 939, -1,
      443, 939, 445, -1,
      445, 939, 940, -1,
      445, 940, 447, -1,
      447, 940, 941, -1,
      447, 941, 449, -1,
      449, 941, 942, -1,
      449, 942, 451, -1,
      451, 942, 943, -1,
      451, 943, 453, -1,
      453, 943, 944, -1,
      453, 944, 455, -1,
      455, 944, 945, -1,
      455, 945, 457, -1,
      457, 945, 946, -1,
      457, 946, 459, -1,
      459, 946, 947, -1,
      459, 947, 461, -1,
      461, 947, 948, -1,
      461, 948, 463, -1,
      463, 948, 949, -1,
      463, 949, 465, -1,
      465, 949, 950, -1,
      465, 950, 467, -1,
      467, 950, 951, -1,
      467, 951, 469, -1,
      469, 951, 952, -1,
      469, 952, 471, -1,
      471, 952, 953, -1,
      471, 953, 473, -1,
      473, 953, 954, -1,
      473, 954, 475, -1,
      475, 954, 955, -1,
      475, 955, 477, -1,
      477, 955, 956, -1,
      477, 956, 479, -1,
      479, 956, 957, -1,
      479, 957, 481, -1,
      481, 957, 958, -1,
      481, 958, 483, -1,
      483, 958, 959, -1,
      483, 959, 485, -1,
      485, 959, 960, -1,
      485, 960, 487, -1,
      487, 960, 961, -1,
      487, 961, 489, -1,
      489, 961, 962, -1,
      489, 962, 491, -1,
      491, 962, 963, -1,
      491, 963, 493, -1,
      493, 963, 964, -1,
      493, 964, 495, -1,
      495, 964, 965, -1,
      495, 965, 497, -1,
      497, 965, 966, -1,
      497, 966, 499, -1,
      499, 966, 967, -1,
      499, 967, 501, -1,
      501, 967, 968, -1,
      501, 968, 503, -1,
      503, 968, 969, -1,
      503, 969, 505, -1,
      505, 969, 970, -1,
      505, 970, 507, -1,
      507, 970, 971, -1,
      507, 971, 509, -1,
      509, 971, 972, -1,
      509, 972, 511, -1,
      511, 972, 973, -1,
      511, 973, 513, -1,
      513, 973, 974, -1,
      513, 974, 515, -1,
      515, 974, 975, -1,
      515, 975, 517, -1,
      517, 975, 976, -1,
      517, 976, 519, -1,
      519, 976, 977, -1,
      519, 977, 521, -1,
      521, 977, 978, -1,
      521, 978, 523, -1,
      523, 978, 979, -1,
      523, 979, 525, -1,
      525, 979, 980, -1,
      525, 980, 527, -1,
      527, 980, 981, -1,
      527, 981, 529, -1,
      529, 981, 982, -1,
      529, 982, 531, -1,
      531, 982, 983, -1,
      531, 983, 533, -1,
      533, 983, 984, -1,
      533, 984, 535, -1,
      535, 984, 985, -1,
      535, 985, 537, -1,
      537, 985, 986, -1,
      537, 986, 539, -1,
      539, 986, 987, -1,
      539, 987, 541, -1,
      541, 987, 988, -1,
      541, 988, 543, -1,
      543, 988, 989, -1,
      543, 989, 545, -1,
      545, 989, 990, -1,
      545, 990, 547, -1,
      547, 990, 991, -1,
      547, 991, 549, -1,
      549, 991, 992, -1,
      549, 992, 551, -1,
      551, 992, 993, -1,
      551, 993, 553, -1,
      553, 993, 994, -1,
      553, 994, 555, -1,
      555, 994, 995, -1,
      555, 995, 557, -1,
      557, 995, 996, -1,
      557, 996, 559, -1,
      559, 996, 997, -1,
      559, 997, 561, -1,
      561, 997, 998, -1,
      561, 998, 563, -1,
      563, 998, 999, -1,
      563, 999, 565, -1,
      565, 999, 1000, -1,
      565, 1000, 567, -1,
      567, 1000, 1001, -1,
      567, 1001, 569, -1,
      569, 1001, 1002, -1,
      569, 1002, 571, -1,
      571, 1002, 1003, -1,
      571, 1003, 573, -1,
      573, 1003, 1004, -1,
      573, 1004, 575, -1,
      575, 1004, 1005, -1,
      575, 1005, 577, -1,
      577, 1005, 1006, -1,
      577, 1006, 579, -1,
      579, 1006, 1007, -1,
      579, 1007, 581, -1,
      581, 1007, 1008, -1,
      581, 1008, 583, -1,
      583, 1008, 1009, -1,
      583, 1009, 585, -1,
      585, 1009, 1010, -1,
      585, 1010, 587, -1,
      587, 1010, 1011, -1,
      587, 1011, 589, -1,
      589, 1011, 1012, -1,
      589, 1012, 591, -1,
      591, 1012, 1013, -1,
      591, 1013, 593, -1,
      593, 1013, 1014, -1,
      593, 1014, 595, -1,
      595, 1014, 1015, -1,
      595, 1015, 597, -1,
      597, 1015, 1016, -1,
      597, 1016, 599, -1,
      599, 1016, 1017, -1,
      599, 1017, 601, -1,
      601, 1017, 1018, -1,
      601, 1018, 603, -1,
      603, 1018, 1019, -1,
      603, 1019, 605, -1,
      605, 1019, 1020, -1,
      605, 1020, 607, -1,
      607, 1020, 1021, -1,
      607, 1021, 609, -1,
      609, 1021, 1022, -1,
      609, 1022, 611, -1,
      611, 1022, 1023, -1,
      611, 1023, 613, -1,
      613, 1023, 1024, -1,
      613, 1024, 615, -1,
      615, 1024, 1025, -1,
      615, 1025, 617, -1,
      617, 1025, 1026, -1,
      617, 1026, 619, -1,
      619, 1026, 1027, -1,
      619, 1027, 621, -1,
      621, 1027, 1028, -1,
      621, 1028, 623, -1,
      623, 1028, 1029, -1,
      623, 1029, 625, -1,
      625, 1029, 1030, -1,
      625, 1030, 627, -1,
      627, 1030, 1031, -1,
      627, 1031, 629, -1,
      629, 1031, 1032, -1,
      629, 1032, 631, -1,
      631, 1032, 1033, -1,
      631, 1033, 633, -1,
      633, 1033, 1034, -1,
      633, 1034, 635, -1,
      635, 1034, 1035, -1,
      635, 1035, 637, -1,
      637, 1035, 1036, -1,
      637, 1036, 639, -1,
      639, 1036, 1037, -1,
      639, 1037, 641, -1,
      641, 1037, 1038, -1,
      641, 1038, 643, -1,
      643, 1038, 1039, -1,
      643, 1039, 645, -1,
      645, 1039, 1040, -1,
      645, 1040, 647, -1,
      647, 1040, 1041, -1,
      647, 1041, 649, -1,
      649, 1041, 1042, -1,
      649, 1042, 651, -1,
      651, 1042, 1043, -1,
      651, 1043, 653, -1,
      653, 1043, 1044, -1,
      653, 1044, 655, -1,
      655, 1044, 1045, -1,
      655, 1045, 657, -1,
      657, 1045, 1046, -1,
      657, 1046, 659, -1,
      659, 1046, 1047, -1,
      659, 1047, 661, -1,
      661, 1047, 1048, -1,
      661, 1048, 663, -1,
      663, 1048, 1049, -1,
      663, 1049, 665, -1,
      665, 1049, 1050, -1,
      665, 1050, 667, -1,
      667, 1050, 1051, -1,
      382, 360, 1052, -1,
      1052, 360, 668, -1,
      1052, 668, 1053, -1,
      1053, 668, 670, -1,
      1053, 670, 1054, -1,
      1054, 670, 672, -1,
      1054, 672, 1055, -1,
      1055, 672, 674, -1,
      1055, 674, 1056, -1,
      1056, 674, 676, -1,
      1056, 676, 1057, -1,
      1057, 676, 678, -1,
      1057, 678, 1058, -1,
      1058, 678, 680, -1,
      1058, 680, 1059, -1,
      1059, 680, 682, -1,
      1059, 682, 1060, -1,
      1060, 682, 684, -1,
      1060, 684, 1061, -1,
      1061, 684, 686, -1,
      1061, 686, 1062, -1,
      1062, 686, 688, -1,
      1062, 688, 1063, -1,
      1063, 688, 690, -1,
      1063, 690, 1064, -1,
      1064, 690, 692, -1,
      1064, 692, 1065, -1,
      1065, 692, 694, -1,
      1065, 694, 1066, -1,
      1066, 694, 696, -1,
      1066, 696, 1067, -1,
      1067, 696, 698, -1,
      1067, 698, 1068, -1,
      1068, 698, 700, -1,
      1068, 700, 1069, -1,
      1069, 700, 702, -1,
      1069, 702, 1070, -1,
      1070, 702, 704, -1,
      1070, 704, 1071, -1,
      1071, 704, 706, -1,
      1071, 706, 1072, -1,
      1072, 706, 708, -1,
      1072, 708, 1073, -1,
      1073, 708, 710, -1,
      1073, 710, 1074, -1,
      1074, 710, 712, -1,
      1074, 712, 1075, -1,
      1075, 712, 714, -1,
      1075, 714, 1076, -1,
      1076, 714, 716, -1,
      1076, 716, 1077, -1,
      1077, 716, 718, -1,
      1077, 718, 1078, -1,
      1078, 718, 720, -1,
      1078, 720, 1079, -1,
      1079, 720, 722, -1,
      1079, 722, 1080, -1,
      1080, 722, 724, -1,
      1080, 724, 1081, -1,
      1081, 724, 726, -1,
      1081, 726, 1082, -1,
      1082, 726, 728, -1,
      1082, 728, 1083, -1,
      1083, 728, 730, -1,
      1083, 730, 1084, -1,
      1084, 730, 732, -1,
      1084, 732, 1085, -1,
      1085, 732, 734, -1,
      1085, 734, 1086, -1,
      1086, 734, 736, -1,
      1086, 736, 1087, -1,
      1087, 736, 738, -1,
      1087, 738, 1088, -1,
      1088, 738, 740, -1,
      1088, 740, 1089, -1,
      1089, 740, 742, -1,
      1089, 742, 1090, -1,
      1090, 742, 744, -1,
      1090, 744, 1091, -1,
      1091, 744, 746, -1,
      1091, 746, 1092, -1,
      1092, 746, 748, -1,
      1092, 748, 1093, -1,
      1093, 748, 750, -1,
      1093, 750, 1094, -1,
      1094, 750, 752, -1,
      1094, 752, 1095, -1,
      1095, 752, 754, -1,
      1095, 754, 1096, -1,
      1096, 754, 756, -1,
      1096, 756, 1097, -1,
      1097, 756, 758, -1,
      1097, 758, 1098, -1,
      1098, 758, 760, -1,
      1098, 760, 1099, -1,
      1099, 760, 762, -1,
      1099, 762, 1100, -1,
      1100, 762, 764, -1,
      1100, 764, 1101, -1,
      1101, 764, 766, -1,
      1101, 766, 1102, -1,
      1102, 766, 768, -1,
      1102, 768, 1103, -1,
      1103, 768, 770, -1,
      1103, 770, 1104, -1,
      1104, 770, 772, -1,
      1104, 772, 1105, -1,
      1105, 772, 774, -1,
      1105, 774, 1106, -1,
      1106, 774, 776, -1,
      1106, 776, 1107, -1,
      1107, 776, 778, -1,
      1107, 778, 1108, -1,
      1108, 778, 780, -1,
      1108, 780, 1109, -1,
      1109, 780, 782, -1,
      1109, 782, 1110, -1,
      1110, 782, 784, -1,
      1110, 784, 1111, -1,
      1111, 784, 786, -1,
      1111, 786, 1112, -1,
      1112, 786, 788, -1,
      1112, 788, 1113, -1,
      1113, 788, 790, -1,
      1113, 790, 1114, -1,
      1114, 790, 792, -1,
      1114, 792, 1115, -1,
      1115, 792, 794, -1,
      1115, 794, 1116, -1,
      1116, 794, 796, -1,
      1116, 796, 1117, -1,
      1117, 796, 798, -1,
      1117, 798, 1118, -1,
      1118, 798, 800, -1,
      1118, 800, 1119, -1,
      1119, 800, 802, -1,
      1119, 802, 1120, -1,
      1120, 802, 804, -1,
      1120, 804, 1121, -1,
      1121, 804, 806, -1,
      1121, 806, 1122, -1,
      1122, 806, 808, -1,
      1122, 808, 1123, -1,
      1123, 808, 810, -1,
      1123, 810, 1124, -1,
      1124, 810, 812, -1,
      1124, 812, 1125, -1,
      1125, 812, 814, -1,
      1125, 814, 1126, -1,
      1126, 814, 816, -1,
      1126, 816, 1127, -1,
      1127, 816, 818, -1,
      1127, 818, 1128, -1,
      1128, 818, 820, -1,
      1128, 820, 1129, -1,
      1129, 820, 822, -1,
      1129, 822, 1130, -1,
      1130, 822, 824, -1,
      1130, 824, 1131, -1,
      1131, 824, 826, -1,
      1131, 826, 1132, -1,
      1132, 826, 828, -1,
      1132, 828, 1133, -1,
      1133, 828, 830, -1,
      1133, 830, 1134, -1,
      1134, 830, 832, -1,
      1134, 832, 1135, -1,
      1135, 832, 834, -1,
      1135, 834, 1136, -1,
      1136, 834, 836, -1,
      1136, 836, 1137, -1,
      1137, 836, 838, -1,
      1137, 838, 1138, -1,
      1138, 838, 840, -1,
      1138, 840, 1139, -1,
      1139, 840, 842, -1,
      1139, 842, 1140, -1,
      1140, 842, 844, -1,
      1140, 844, 1141, -1,
      1141, 844, 846, -1,
      1141, 846, 1142, -1,
      1142, 846, 848, -1,
      1142, 848, 1143, -1,
      1143, 848, 850, -1,
      1143, 850, 1144, -1,
      1144, 850, 852, -1,
      1144, 852, 1145, -1,
      1145, 852, 854, -1,
      1145, 854, 1146, -1,
      1146, 854, 856, -1,
      1146, 856, 1147, -1,
      1147, 856, 858, -1,
      1147, 858, 1148, -1,
      1148, 858, 860, -1,
      1148, 860, 1149, -1,
      1149, 860, 862, -1,
      1149, 862, 1150, -1,
      1150, 862, 864, -1,
      1150, 864, 1151, -1,
      1151, 864, 866, -1,
      1151, 866, 1152, -1,
      1152, 866, 868, -1,
      1152, 868, 1153, -1,
      1153, 868, 870, -1,
      1153, 870, 1154, -1,
      1154, 870, 872, -1,
      1154, 872, 1155, -1,
      1155, 872, 874, -1,
      1155, 874, 1156, -1,
      1156, 874, 876, -1,
      1156, 876, 1157, -1,
      1157, 876, 878, -1,
      1157, 878, 1158, -1,
      1158, 878, 880, -1,
      1158, 880, 1159, -1,
      1159, 880, 882, -1,
      1159, 882, 1160, -1,
      1160, 882, 884, -1,
      1160, 884, 1161, -1,
      1161, 884, 886, -1,
      1161, 886, 1162, -1,
      1162, 886, 888, -1,
      1162, 888, 1163, -1,
      1163, 888, 890, -1,
      1163, 890, 1164, -1,
      1164, 890, 892, -1,
      1164, 892, 1165, -1,
      1165, 892, 894, -1,
      1165, 894, 1166, -1,
      1166, 894, 896, -1,
      1166, 896, 1167, -1,
      1167, 896, 898, -1,
      1167, 898, 1168, -1,
      1168, 898, 900, -1,
      1168, 900, 1169, -1,
      1169, 900, 902, -1,
      1169, 902, 1170, -1,
      1170, 902, 904, -1,
      1170, 904, 1171, -1,
      1171, 904, 906, -1,
      1171, 906, 1172, -1,
      1172, 906, 908, -1,
      1172, 908, 1173, -1,
      1173, 908, 910, -1,
      1173, 910, 1174, -1,
      1174, 910, 912, -1,
      1174, 912, 1175, -1,
      1175, 912, 914, -1,
      1175, 914, 1176, -1,
      1176, 914, 916, -1,
      1176, 916, 1177, -1,
      1177, 916, 918, -1,
      1177, 918, 1178, -1,
      1178, 918, 920, -1,
      1178, 920, 1179, -1,
      1179, 920, 922, -1,
      384, 391, 924, -1,
      924, 391, 1180, -1,
      924, 1180, 925, -1,
      925, 1180, 1181, -1,
      925, 1181, 926, -1,
      926, 1181, 1182, -1,
      926, 1182, 927, -1,
      927, 1182, 1183, -1,
      927, 1183, 928, -1,
      928, 1183, 1184, -1,
      928, 1184, 929, -1,
      929, 1184, 1185, -1,
      929, 1185, 930, -1,
      930, 1185, 1186, -1,
      930, 1186, 931, -1,
      931, 1186, 1187, -1,
      931, 1187, 932, -1,
      932, 1187, 1188, -1,
      932, 1188, 933, -1,
      933, 1188, 1189, -1,
      933, 1189, 934, -1,
      934, 1189, 1190, -1,
      934, 1190, 935, -1,
      935, 1190, 1191, -1,
      935, 1191, 936, -1,
      936, 1191, 1192, -1,
      936, 1192, 937, -1,
      937, 1192, 1193, -1,
      937, 1193, 938, -1,
      938, 1193, 1194, -1,
      938, 1194, 939, -1,
      939, 1194, 1195, -1,
      939, 1195, 940, -1,
      940, 1195, 1196, -1,
      940, 1196, 941, -1,
      941, 1196, 1197, -1,
      941, 1197, 942, -1,
      942, 1197, 1198, -1,
      942, 1198, 943, -1,
      943, 1198, 1199, -1,
      943, 1199, 944, -1,
      944, 1199, 1200, -1,
      944, 1200, 945, -1,
      945, 1200, 1201, -1,
      945, 1201, 946, -1,
      946, 1201, 1202, -1,
      946, 1202, 947, -1,
      947, 1202, 1203, -1,
      947, 1203, 948, -1,
      948, 1203, 1204, -1,
      948, 1204, 949, -1,
      949, 1204, 1205, -1,
      949, 1205, 950, -1,
      950, 1205, 1206, -1,
      950, 1206, 951, -1,
      951, 1206, 1207, -1,
      951, 1207, 952, -1,
      952, 1207, 1208, -1,
      952, 1208, 953, -1,
      953, 1208, 1209, -1,
      953, 1209, 954, -1,
      954, 1209, 1210, -1,
      954, 1210, 955, -1,
      955, 1210, 1211, -1,
      955, 1211, 956, -1,
      956, 1211, 1212, -1,
      956, 1212, 957, -1,
      957, 1212, 1213, -1,
      957, 1213, 958, -1,
      958, 1213, 1214, -1,
      958, 1214, 959, -1,
      959, 1214, 1215, -1,
      959, 1215, 960, -1,
      960, 1215, 1216, -1,
      960, 1216, 961, -1,
      961, 1216, 1217, -1,
      961, 1217, 962, -1,
      962, 1217, 1218, -1,
      962, 1218, 963, -1,
      963, 1218, 1219, -1,
      963, 1219, 964, -1,
      964, 1219, 1220, -1,
      964, 1220, 965, -1,
      965, 1220, 1221, -1,
      965, 1221, 966, -1,
      966, 1221, 1222, -1,
      966, 1222, 967, -1,
      967, 1222, 1223, -1,
      967, 1223, 968, -1,
      968, 1223, 1224, -1,
      968, 1224, 969, -1,
      969, 1224, 1225, -1,
      969, 1225, 970, -1,
      970, 1225, 1226, -1,
      970, 1226, 971, -1,
      971, 1226, 1227, -1,
      971, 1227, 972, -1,
      972, 1227, 1228, -1,
      972, 1228, 973, -1,
      973, 1228, 1229, -1,
      973, 1229, 974, -1,
      974, 1229, 1230, -1,
      974, 1230, 975, -1,
      975, 1230, 1231, -1,
      975, 1231, 976, -1,
      976, 1231, 1232, -1,
      976, 1232, 977, -1,
      977, 1232, 1233, -1,
      977, 1233, 978, -1,
      978, 1233, 1234, -1,
      978, 1234, 979, -1,
      979, 1234, 1235, -1,
      979, 1235, 980, -1,
      980, 1235, 1236, -1,
      980, 1236, 981, -1,
      981, 1236, 1237, -1,
      981, 1237, 982, -1,
      982, 1237, 1238, -1,
      982, 1238, 983, -1,
      983, 1238, 1239, -1,
      983, 1239, 984, -1,
      984, 1239, 1240, -1,
      984, 1240, 985, -1,
      985, 1240, 1241, -1,
      985, 1241, 986, -1,
      986, 1241, 1242, -1,
      986, 1242, 987, -1,
      987, 1242, 1243, -1,
      987, 1243, 988, -1,
      988, 1243, 1244, -1,
      988, 1244, 989, -1,
      989, 1244, 1245, -1,
      989, 1245, 990, -1,
      990, 1245, 1246, -1,
      990, 1246, 991, -1,
      991, 1246, 1247, -1,
      991, 1247, 992, -1,
      992, 1247, 1248, -1,
      992, 1248, 993, -1,
      993, 1248, 1249, -1,
      993, 1249, 994, -1,
      994, 1249, 1250, -1,
      994, 1250, 995, -1,
      995, 1250, 1251, -1,
      995, 1251, 996, -1,
      996, 1251, 1252, -1,
      996, 1252, 997, -1,
      997, 1252, 1253, -1,
      997, 1253, 998, -1,
      998, 1253, 1254, -1,
      998, 1254, 999, -1,
      999, 1254, 1255, -1,
      999, 1255, 1000, -1,
      1000, 1255, 1256, -1,
      1000, 1256, 1001, -1,
      1001, 1256, 1257, -1,
      1001, 1257, 1002, -1,
      1002, 1257, 1258, -1,
      1002, 1258, 1003, -1,
      1003, 1258, 1259, -1,
      1003, 1259, 1004, -1,
      1004, 1259, 1260, -1,
      1004, 1260, 1005, -1,
      1005, 1260, 1261, -1,
      1005, 1261, 1006, -1,
      1006, 1261, 1262, -1,
      1006, 1262, 1007, -1,
      1007, 1262, 1263, -1,
      1007, 1263, 1008, -1,
      1008, 1263, 1264, -1,
      1008, 1264, 1009, -1,
      1009, 1264, 1265, -1,
      1009, 1265, 1010, -1,
      1010, 1265, 1266, -1,
      1010, 1266, 1011, -1,
      1011, 1266, 1267, -1,
      1011, 1267, 1012, -1,
      1012, 1267, 1268, -1,
      1012, 1268, 1013, -1,
      1013, 1268, 1269, -1,
      1013, 1269, 1014, -1,
      1014, 1269, 1270, -1,
      1014, 1270, 1015, -1,
      1015, 1270, 1271, -1,
      1015, 1271, 1016, -1,
      1016, 1271, 1272, -1,
      1016, 1272, 1017, -1,
      1017, 1272, 1273, -1,
      1017, 1273, 1018, -1,
      1018, 1273, 1274, -1,
      1018, 1274, 1019, -1,
      1019, 1274, 1275, -1,
      1019, 1275, 1020, -1,
      1020, 1275, 1276, -1,
      1020, 1276, 1021, -1,
      1021, 1276, 1277, -1,
      1021, 1277, 1022, -1,
      1022, 1277, 1278, -1,
      1022, 1278, 1023, -1,
      1023, 1278, 1279, -1,
      1023, 1279, 1024, -1,
      1024, 1279, 1280, -1,
      1024, 1280, 1025, -1,
      1025, 1280, 1281, -1,
      1025, 1281, 1026, -1,
      1026, 1281, 1282, -1,
      1026, 1282, 1027, -1,
      1027, 1282, 1283, -1,
      1027, 1283, 1028, -1,
      1028, 1283, 1284, -1,
      1028, 1284, 1029, -1,
      1029, 1284, 1285, -1,
      1029, 1285, 1030, -1,
      1030, 1285, 1286, -1,
      1030, 1286, 1031, -1,
      1031, 1286, 1287, -1,
      1031, 1287, 1032, -1,
      1032, 1287, 1288, -1,
      1032, 1288, 1033, -1,
      1033, 1288, 1289, -1,
      1033, 1289, 1034, -1,
      1034, 1289, 1290, -1,
      1034, 1290, 1035, -1,
      1035, 1290, 1291, -1,
      1035, 1291, 1036, -1,
      1036, 1291, 1292, -1,
      1036, 1292, 1037, -1,
      1037, 1292, 1293, -1,
      1037, 1293, 1038, -1,
      1038, 1293, 1294, -1,
      1038, 1294, 1039, -1,
      1039, 1294, 1295, -1,
      1039, 1295, 1040, -1,
      1040, 1295, 1296, -1,
      1040, 1296, 1041, -1,
      1041, 1296, 1297, -1,
      1041, 1297, 1042, -1,
      1042, 1297, 1298, -1,
      1042, 1298, 1043, -1,
      1043, 1298, 1299, -1,
      1043, 1299, 1044, -1,
      1044, 1299, 1300, -1,
      1044, 1300, 1045, -1,
      1045, 1300, 1301, -1,
      1045, 1301, 1046, -1,
      1046, 1301, 1302, -1,
      1046, 1302, 1047, -1,
      1047, 1302, 1303, -1,
      1047, 1303, 1048, -1,
      1048, 1303, 1304, -1,
      1048, 1304, 1049, -1,
      1049, 1304, 1305, -1,
      1049, 1305, 1050, -1,
      1050, 1305, 1306, -1,
      1050, 1306, 1051, -1,
      1051, 1306, 1307, -1,
      383, 382, 1308, -1,
      1308, 382, 1052, -1,
      1308, 1052, 1309, -1,
      1309, 1052, 1053, -1,
      1309, 1053, 1310, -1,
      1310, 1053, 1054, -1,
      1310, 1054, 1311, -1,
      1311, 1054, 1055, -1,
      1311, 1055, 1312, -1,
      1312, 1055, 1056, -1,
      1312, 1056, 1313, -1,
      1313, 1056, 1057, -1,
      1313, 1057, 1314, -1,
      1314, 1057, 1058, -1,
      1314, 1058, 1315, -1,
      1315, 1058, 1059, -1,
      1315, 1059, 1316, -1,
      1316, 1059, 1060, -1,
      1316, 1060, 1317, -1,
      1317, 1060, 1061, -1,
      1317, 1061, 1318, -1,
      1318, 1061, 1062, -1,
      1318, 1062, 1319, -1,
      1319, 1062, 1063, -1,
      1319, 1063, 1320, -1,
      1320, 1063, 1064, -1,
      1320, 1064, 1321, -1,
      1321, 1064, 1065, -1,
      1321, 1065, 1322, -1,
      1322, 1065, 1066, -1,
      1322, 1066, 1323, -1,
      1323, 1066, 1067, -1,
      1323, 1067, 1324, -1,
      1324, 1067, 1068, -1,
      1324, 1068, 1325, -1,
      1325, 1068, 1069, -1,
      1325, 1069, 1326, -1,
      1326, 1069, 1070, -1,
      1326, 1070, 1327, -1,
      1327, 1070, 1071, -1,
      1327, 1071, 1328, -1,
      1328, 1071, 1072, -1,
      1328, 1072, 1329, -1,
      1329, 1072, 1073, -1,
      1329, 1073, 1330, -1,
      1330, 1073, 1074, -1,
      1330, 1074, 1331, -1,
      1331, 1074, 1075, -1,
      1331, 1075, 1332, -1,
      1332, 1075, 1076, -1,
      1332, 1076, 1333, -1,
      1333, 1076, 1077, -1,
      1333, 1077, 1334, -1,
      1334, 1077, 1078, -1,
      1334, 1078, 1335, -1,
      1335, 1078, 1079, -1,
      1335, 1079, 1336, -1,
      1336, 1079, 1080, -1,
      1336, 1080, 1337, -1,
      1337, 1080, 1081, -1,
      1337, 1081, 1338, -1,
      1338, 1081, 1082, -1,
      1338, 1082, 1339, -1,
      1339, 1082, 1083, -1,
      1339, 1083, 1340, -1,
      1340, 1083, 1084, -1,
      1340, 1084, 1341, -1,
      1341, 1084, 1085, -1,
      1341, 1085, 1342, -1,
      1342, 1085, 1086, -1,
      1342, 1086, 1343, -1,
      1343, 1086, 1087, -1,
      1343, 1087, 1344, -1,
      1344, 1087, 1088, -1,
      1344, 1088, 1345, -1,
      1345, 1088, 1089, -1,
      1345, 1089, 1346, -1,
      1346, 1089, 1090, -1,
      1346, 1090, 1347, -1,
      1347, 1090, 1091, -1,
      1347, 1091, 1348, -1,
      1348, 1091, 1092, -1,
      1348, 1092, 1349, -1,
      1349, 1092, 1093, -1,
      1349, 1093, 1350, -1,
      1350, 1093, 1094, -1,
      1350, 1094, 1351, -1,
      1351, 1094, 1095, -1,
      1351, 1095, 1352, -1,
      1352, 1095, 1096, -1,
      1352, 1096, 1353, -1,
      1353, 1096, 1097, -1,
      1353, 1097, 1354, -1,
      1354, 1097, 1098, -1,
      1354, 1098, 1355, -1,
      1355, 1098, 1099, -1,
      1355, 1099, 1356, -1,
      1356, 1099, 1100, -1,
      1356, 1100, 1357, -1,
      1357, 1100, 1101, -1,
      1357, 1101, 1358, -1,
      1358, 1101, 1102, -1,
      1358, 1102, 1359, -1,
      1359, 1102, 1103, -1,
      1359, 1103, 1360, -1,
      1360, 1103, 1104, -1,
      1360, 1104, 1361, -1,
      1361, 1104, 1105, -1,
      1361, 1105, 1362, -1,
      1362, 1105, 1106, -1,
      1362, 1106, 1363, -1,
      1363, 1106, 1107, -1,
      1363, 1107, 1364, -1,
      1364, 1107, 1108, -1,
      1364, 1108, 1365, -1,
      1365, 1108, 1109, -1,
      1365, 1109, 1366, -1,
      1366, 1109, 1110, -1,
      1366, 1110, 1367, -1,
      1367, 1110, 1111, -1,
      1367, 1111, 1368, -1,
      1368, 1111, 1112, -1,
      1368, 1112, 1369, -1,
      1369, 1112, 1113, -1,
      1369, 1113, 1370, -1,
      1370, 1113, 1114, -1,
      1370, 1114, 1371, -1,
      1371, 1114, 1115, -1,
      1371, 1115, 1372, -1,
      1372, 1115, 1116, -1,
      1372, 1116, 1373, -1,
      1373, 1116, 1117, -1,
      1373, 1117, 1374, -1,
      1374, 1117, 1118, -1,
      1374, 1118, 1375, -1,
      1375, 1118, 1119, -1,
      1375, 1119, 1376, -1,
      1376, 1119, 1120, -1,
      1376, 1120, 1377, -1,
      1377, 1120, 1121, -1,
      1377, 1121, 1378, -1,
      1378, 1121, 1122, -1,
      1378, 1122, 1379, -1,
      1379, 1122, 1123, -1,
      1379, 1123, 1380, -1,
      1380, 1123, 1124, -1,
      1380, 1124, 1381, -1,
      1381, 1124, 1125, -1,
      1381, 1125, 1382, -1,
      1382, 1125, 1126, -1,
      1382, 1126, 1383, -1,
      1383, 1126, 1127, -1,
      1383, 1127, 1384, -1,
      1384, 1127, 1128, -1,
      1384, 1128, 1385, -1,
      1385, 1128, 1129, -1,
      1385, 1129, 1386, -1,
      1386, 1129, 1130, -1,
      1386, 1130, 1387, -1,
      1387, 1130, 1131, -1,
      1387, 1131, 1388, -1,
      1388, 1131, 1132, -1,
      1388, 1132, 1389, -1,
      1389, 1132, 1133, -1,
      1389, 1133, 1390, -1,
      1390, 1133, 1134, -1,
      1390, 1134, 1391, -1,
      1391, 1134, 1135, -1,
      1391, 1135, 1392, -1,
      1392, 1135, 1136, -1,
      1392, 1136, 1393, -1,
      1393, 1136, 1137, -1,
      1393, 1137, 1394, -1,
      1394, 1137, 1138, -1,
      1394, 1138, 1395, -1,
      1395, 1138, 1139, -1,
      1395, 1139, 1396, -1,
      1396, 1139, 1140, -1,
      1396, 1140, 1397, -1,
      1397, 1140, 1141, -1,
      1397, 1141, 1398, -1,
      1398, 1141, 1142, -1,
      1398, 1142, 1399, -1,
      1399, 1142, 1143, -1,
      1399, 1143, 1400, -1,
      1400, 1143, 1144, -1,
      1400, 1144, 1401, -1,
      1401, 1144, 1145, -1,
      1401, 1145, 1402, -1,
      1402, 1145, 1146, -1,
      1402, 1146, 1403, -1,
      1403, 1146, 1147, -1,
      1403, 1147, 1404, -1,
      1404, 1147, 1148, -1,
      1404, 1148, 1405, -1,
      1405, 1148, 1149, -1,
      1405, 1149, 1406, -1,
      1406, 1149, 1150, -1,
      1406, 1150, 1407, -1,
      1407, 1150, 1151, -1,
      1407, 1151, 1408, -1,
      1408, 1151, 1152, -1,
      1408, 1152, 1409, -1,
      1409, 1152, 1153, -1,
      1409, 1153, 1410, -1,
      1410, 1153, 1154, -1,
      1410, 1154, 1411, -1,
      1411, 1154, 1155, -1,
      1411, 1155, 1412, -1,
      1412, 1155, 1156, -1,
      1412, 1156, 1413, -1,
      1413, 1156, 1157, -1,
      1413, 1157, 1414, -1,
      1414, 1157, 1158, -1,
      1414, 1158, 1415, -1,
      1415, 1158, 1159, -1,
      1415, 1159, 1416, -1,
      1416, 1159, 1160, -1,
      1416, 1160, 1417, -1,
      1417, 1160, 1161, -1,
      1417, 1161, 1418, -1,
      1418, 1161, 1162, -1,
      1418, 1162, 1419, -1,
      1419, 1162, 1163, -1,
      1419, 1163, 1420, -1,
      1420, 1163, 1164, -1,
      1420, 1164, 1421, -1,
      1421, 1164, 1165, -1,
      1421, 1165, 1422, -1,
      1422, 1165, 1166, -1,
      1422, 1166, 1423, -1,
      1423, 1166, 1167, -1,
      1423, 1167, 1424, -1,
      1424, 1167, 1168, -1,
      1424, 1168, 1425, -1,
      1425, 1168, 1169, -1,
      1425, 1169, 1426, -1,
      1426, 1169, 1170, -1,
      1426, 1170, 1427, -1,
      1427, 1170, 1171, -1,
      1427, 1171, 1428, -1,
      1428, 1171, 1172, -1,
      1428, 1172, 1429, -1,
      1429, 1172, 1173, -1,
      1429, 1173, 1430, -1,
      1430, 1173, 1174, -1,
      1430, 1174, 1431, -1,
      1431, 1174, 1175, -1,
      1431, 1175, 1432, -1,
      1432, 1175, 1176, -1,
      1432, 1176, 1433, -1,
      1433, 1176, 1177, -1,
      1433, 1177, 1434, -1,
      1434, 1177, 1178, -1,
      1434, 1178, 1435, -1,
      1435, 1178, 1179, -1,
      391, 390, 1180, -1,
      1180, 390, 1436, -1,
      1180, 1436, 1181, -1,
      1181, 1436, 1437, -1,
      1181, 1437, 1182, -1,
      1182, 1437, 1438, -1,
      1182, 1438, 1183, -1,
      1183, 1438, 1439, -1,
      1183, 1439, 1184, -1,
      1184, 1439, 1440, -1,
      1184, 1440, 1185, -1,
      1185, 1440, 1441, -1,
      1185, 1441, 1186, -1,
      1186, 1441, 1442, -1,
      1186, 1442, 1187, -1,
      1187, 1442, 1443, -1,
      1187, 1443, 1188, -1,
      1188, 1443, 1444, -1,
      1188, 1444, 1189, -1,
      1189, 1444, 1445, -1,
      1189, 1445, 1190, -1,
      1190, 1445, 1446, -1,
      1190, 1446, 1191, -1,
      1191, 1446, 1447, -1,
      1191, 1447, 1192, -1,
      1192, 1447, 1448, -1,
      1192, 1448, 1193, -1,
      1193, 1448, 1449, -1,
      1193, 1449, 1194, -1,
      1194, 1449, 1450, -1,
      1194, 1450, 1195, -1,
      1195, 1450, 1451, -1,
      1195, 1451, 1196, -1,
      1196, 1451, 1452, -1,
      1196, 1452, 1197, -1,
      1197, 1452, 1453, -1,
      1197, 1453, 1198, -1,
      1198, 1453, 1454, -1,
      1198, 1454, 1199, -1,
      1199, 1454, 1455, -1,
      1199, 1455, 1200, -1,
      1200, 1455, 1456, -1,
      1200, 1456, 1201, -1,
      1201, 1456, 1457, -1,
      1201, 1457, 1202, -1,
      1202, 1457, 1458, -1,
      1202, 1458, 1203, -1,
      1203, 1458, 1459, -1,
      1203, 1459, 1204, -1,
      1204, 1459, 1460, -1,
      1204, 1460, 1205, -1,
      1205, 1460, 1461, -1,
      1205, 1461, 1206, -1,
      1206, 1461, 1462, -1,
      1206, 1462, 1207, -1,
      1207, 1462, 1463, -1,
      1207, 1463, 1208, -1,
      1208, 1463, 1464, -1,
      1208, 1464, 1209, -1,
      1209, 1464, 1465, -1,
      1209, 1465, 1210, -1,
      1210, 1465, 1466, -1,
      1210, 1466, 1211, -1,
      1211, 1466, 1467, -1,
      1211, 1467, 1212, -1,
      1212, 1467, 1468, -1,
      1212, 1468, 1213, -1,
      1213, 1468, 1469, -1,
      1213, 1469, 1214, -1,
      1214, 1469, 1470, -1,
      1214, 1470, 1215, -1,
      1215, 1470, 1471, -1,
      1215, 1471, 1216, -1,
      1216, 1471, 1472, -1,
      1216, 1472, 1217, -1,
      1217, 1472, 1473, -1,
      1217, 1473, 1218, -1,
      1218, 1473, 1474, -1,
      1218, 1474, 1219, -1,
      1219, 1474, 1475, -1,
      1219, 1475, 1220, -1,
      1220, 1475, 1476, -1,
      1220, 1476, 1221, -1,
      1221, 1476, 1477, -1,
      1221, 1477, 1222, -1,
      1222, 1477, 1478, -1,
      1222, 1478, 1223, -1,
      1223, 1478, 1479, -1,
      1223, 1479, 1224, -1,
      1224, 1479, 1480, -1,
      1224, 1480, 1225, -1,
      1225, 1480, 1481, -1,
      1225, 1481, 1226, -1,
      1226, 1481, 1482, -1,
      1226, 1482, 1227, -1,
      1227, 1482, 1483, -1,
      1227, 1483, 1228, -1,
      1228, 1483, 1484, -1,
      1228, 1484, 1229, -1,
      1229, 1484, 1485, -1,
      1229, 1485, 1230, -1,
      1230, 1485, 1486, -1,
      1230, 1486, 1231, -1,
      1231, 1486, 1487, -1,
      1231, 1487, 1232, -1,
      1232, 1487, 1488, -1,
      1232, 1488, 1233, -1,
      1233, 1488, 1489, -1,
      1233, 1489, 1234, -1,
      1234, 1489, 1490, -1,
      1234, 1490, 1235, -1,
      1235, 1490, 1491, -1,
      1235, 1491, 1236, -1,
      1236, 1491, 1492, -1,
      1236, 1492, 1237, -1,
      1237, 1492, 1493, -1,
      1237, 1493, 1238, -1,
      1238, 1493, 1494, -1,
      1238, 1494, 1239, -1,
      1239, 1494, 1495, -1,
      1239, 1495, 1240, -1,
      1240, 1495, 1496, -1,
      1240, 1496, 1241, -1,
      1241, 1496, 1497, -1,
      1241, 1497, 1242, -1,
      1242, 1497, 1498, -1,
      1242, 1498, 1243, -1,
      1243, 1498, 1499, -1,
      1243, 1499, 1244, -1,
      1244, 1499, 1500, -1,
      1244, 1500, 1245, -1,
      1245, 1500, 1501, -1,
      1245, 1501, 1246, -1,
      1246, 1501, 1502, -1,
      1246, 1502, 1247, -1,
      1247, 1502, 1503, -1,
      1247, 1503, 1248, -1,
      1248, 1503, 1504, -1,
      1248, 1504, 1249, -1,
      1249, 1504, 1505, -1,
      1249, 1505, 1250, -1,
      1250, 1505, 1506, -1,
      1250, 1506, 1251, -1,
      1251, 1506, 1507, -1,
      1251, 1507, 1252, -1,
      1252, 1507, 1508, -1,
      1252, 1508, 1253, -1,
      1253, 1508, 1509, -1,
      1253, 1509, 1254, -1,
      1254, 1509, 1510, -1,
      1254, 1510, 1255, -1,
      1255, 1510, 1511, -1,
      1255, 1511, 1256, -1,
      1256, 1511, 1512, -1,
      1256, 1512, 1257, -1,
      1257, 1512, 1513, -1,
      1257, 1513, 1258, -1,
      1258, 1513, 1514, -1,
      1258, 1514, 1259, -1,
      1259, 1514, 1515, -1,
      1259, 1515, 1260, -1,
      1260, 1515, 1516, -1,
      1260, 1516, 1261, -1,
      1261, 1516, 1517, -1,
      1261, 1517, 1262, -1,
      1262, 1517, 1518, -1,
      1262, 1518, 1263, -1,
      1263, 1518, 1519, -1,
      1263, 1519, 1264, -1,
      1264, 1519, 1520, -1,
      1264, 1520, 1265, -1,
      1265, 1520, 1521, -1,
      1265, 1521, 1266, -1,
      1266, 1521, 1522, -1,
      1266, 1522, 1267, -1,
      1267, 1522, 1523, -1,
      1267, 1523, 1268, -1,
      1268, 1523, 1524, -1,
      1268, 1524, 1269, -1,
      1269, 1524, 1525, -1,
      1269, 1525, 1270, -1,
      1270, 1525, 1526, -1,
      1270, 1526, 1271, -1,
      1271, 1526, 1527, -1,
      1271, 1527, 1272, -1,
      1272, 1527, 1528, -1,
      1272, 1528, 1273, -1,
      1273, 1528, 1529, -1,
      1273, 1529, 1274, -1,
      1274, 1529, 1530, -1,
      1274, 1530, 1275, -1,
      1275, 1530, 1531, -1,
      1275, 1531, 1276, -1,
      1276, 1531, 1532, -1,
      1276, 1532, 1277, -1,
      1277, 1532, 1533, -1,
      1277, 1533, 1278, -1,
      1278, 1533, 1534, -1,
      1278, 1534, 1279, -1,
      1279, 1534, 1535, -1,
      1279, 1535, 1280, -1,
      1280, 1535, 1536, -1,
      1280, 1536, 1281, -1,
      1281, 1536, 1537, -1,
      1281, 1537, 1282, -1,
      1282, 1537, 1538, -1,
      1282, 1538, 1283, -1,
      1283, 1538, 1539, -1,
      1283, 1539, 1284, -1,
      1284, 1539, 1540, -1,
      1284, 1540, 1285, -1,
      1285, 1540, 1541, -1,
      1285, 1541, 1286, -1,
      1286, 1541, 1542, -1,
      1286, 1542, 1287, -1,
      1287, 1542, 1543, -1,
      1287, 1543, 1288, -1,
      1288, 1543, 1544, -1,
      1288, 1544, 1289, -1,
      1289, 1544, 1545, -1,
      1289, 1545, 1290, -1,
      1290, 1545, 1546, -1,
      1290, 1546, 1291, -1,
      1291, 1546, 1547, -1,
      1291, 1547, 1292, -1,
      1292, 1547, 1548, -1,
      1292, 1548, 1293, -1,
      1293, 1548, 1549, -1,
      1293, 1549, 1294, -1,
      1294, 1549, 1550, -1,
      1294, 1550, 1295, -1,
      1295, 1550, 1551, -1,
      1295, 1551, 1296, -1,
      1296, 1551, 1552, -1,
      1296, 1552, 1297, -1,
      1297, 1552, 1553, -1,
      1297, 1553, 1298, -1,
      1298, 1553, 1554, -1,
      1298, 1554, 1299, -1,
      1299, 1554, 1555, -1,
      1299, 1555, 1300, -1,
      1300, 1555, 1556, -1,
      1300, 1556, 1301, -1,
      1301, 1556, 1557, -1,
      1301, 1557, 1302, -1,
      1302, 1557, 1558, -1,
      1302, 1558, 1303, -1,
      1303, 1558, 1559, -1,
      1303, 1559, 1304, -1,
      1304, 1559, 1560, -1,
      1304, 1560, 1305, -1,
      1305, 1560, 1561, -1,
      1305, 1561, 1306, -1,
      1306, 1561, 1562, -1,
      1306, 1562, 1307, -1,
      1307, 1562, 1563, -1,
      379, 383, 1564, -1,
      1564, 383, 1308, -1,
      1564, 1308, 1565, -1,
      1565, 1308, 1309, -1,
      1565, 1309, 1566, -1,
      1566, 1309, 1310, -1,
      1566, 1310, 1567, -1,
      1567, 1310, 1311, -1,
      1567, 1311, 1568, -1,
      1568, 1311, 1312, -1,
      1568, 1312, 1569, -1,
      1569, 1312, 1313, -1,
      1569, 1313, 1570, -1,
      1570, 1313, 1314, -1,
      1570, 1314, 1571, -1,
      1571, 1314, 1315, -1,
      1571, 1315, 1572, -1,
      1572, 1315, 1316, -1,
      1572, 1316, 1573, -1,
      1573, 1316, 1317, -1,
      1573, 1317, 1574, -1,
      1574, 1317, 1318, -1,
      1574, 1318, 1575, -1,
      1575, 1318, 1319, -1,
      1575, 1319, 1576, -1,
      1576, 1319, 1320, -1,
      1576, 1320, 1577, -1,
      1577, 1320, 1321, -1,
      1577, 1321, 1578, -1,
      1578, 1321, 1322, -1,
      1578, 1322, 1579, -1,
      1579, 1322, 1323, -1,
      1579, 1323, 1580, -1,
      1580, 1323, 1324, -1,
      1580, 1324, 1581, -1,
      1581, 1324, 1325, -1,
      1581, 1325, 1582, -1,
      1582, 1325, 1326, -1,
      1582, 1326, 1583, -1,
      1583, 1326, 1327, -1,
      1583, 1327, 1584, -1,
      1584, 1327, 1328, -1,
      1584, 1328, 1585, -1,
      1585, 1328, 1329, -1,
      1585, 1329, 1586, -1,
      1586, 1329, 1330, -1,
      1586, 1330, 1587, -1,
      1587, 1330, 1331, -1,
      1587, 1331, 1588, -1,
      1588, 1331, 1332, -1,
      1588, 1332, 1589, -1,
      1589, 1332, 1333, -1,
      1589, 1333, 1590, -1,
      1590, 1333, 1334, -1,
      1590, 1334, 1591, -1,
      1591, 1334, 1335, -1,
      1591, 1335, 1592, -1,
      1592, 1335, 1336, -1,
      1592, 1336, 1593, -1,
      1593, 1336, 1337, -1,
      1593, 1337, 1594, -1,
      1594, 1337, 1338, -1,
      1594, 1338, 1595, -1,
      1595, 1338, 1339, -1,
      1595, 1339, 1596, -1,
      1596, 1339, 1340, -1,
      1596, 1340, 1597, -1,
      1597, 1340, 1341, -1,
      1597, 1341, 1598, -1,
      1598, 1341, 1342, -1,
      1598, 1342, 1599, -1,
      1599, 1342, 1343, -1,
      1599, 1343, 1600, -1,
      1600, 1343, 1344, -1,
      1600, 1344, 1601, -1,
      1601, 1344, 1345, -1,
      1601, 1345, 1602, -1,
      1602, 1345, 1346, -1,
      1602, 1346, 1603, -1,
      1603, 1346, 1347, -1,
      1603, 1347, 1604, -1,
      1604, 1347, 1348, -1,
      1604, 1348, 1605, -1,
      1605, 1348, 1349, -1,
      1605, 1349, 1606, -1,
      1606, 1349, 1350, -1,
      1606, 1350, 1607, -1,
      1607, 1350, 1351, -1,
      1607, 1351, 1608, -1,
      1608, 1351, 1352, -1,
      1608, 1352, 1609, -1,
      1609, 1352, 1353, -1,
      1609, 1353, 1610, -1,
      1610, 1353, 1354, -1,
      1610, 1354, 1611, -1,
      1611, 1354, 1355, -1,
      1611, 1355, 1612, -1,
      1612, 1355, 1356, -1,
      1612, 1356, 1613, -1,
      1613, 1356, 1357, -1,
      1613, 1357, 1614, -1,
      1614, 1357, 1358, -1,
      1614, 1358, 1615, -1,
      1615, 1358, 1359, -1,
      1615, 1359, 1616, -1,
      1616, 1359, 1360, -1,
      1616, 1360, 1617, -1,
      1617, 1360, 1361, -1,
      1617, 1361, 1618, -1,
      1618, 1361, 1362, -1,
      1618, 1362, 1619, -1,
      1619, 1362, 1363, -1,
      1619, 1363, 1620, -1,
      1620, 1363, 1364, -1,
      1620, 1364, 1621, -1,
      1621, 1364, 1365, -1,
      1621, 1365, 1622, -1,
      1622, 1365, 1366, -1,
      1622, 1366, 1623, -1,
      1623, 1366, 1367, -1,
      1623, 1367, 1624, -1,
      1624, 1367, 1368, -1,
      1624, 1368, 1625, -1,
      1625, 1368, 1369, -1,
      1625, 1369, 1626, -1,
      1626, 1369, 1370, -1,
      1626, 1370, 1627, -1,
      1627, 1370, 1371, -1,
      1627, 1371, 1628, -1,
      1628, 1371, 1372, -1,
      1628, 1372, 1629, -1,
      1629, 1372, 1373, -1,
      1629, 1373, 1630, -1,
      1630, 1373, 1374, -1,
      1630, 1374, 1631, -1,
      1631, 1374, 1375, -1,
      1631, 1375, 1632, -1,
      1632, 1375, 1376, -1,
      1632, 1376, 1633, -1,
      1633, 1376, 1377, -1,
      1633, 1377, 1634, -1,
      1634, 1377, 1378, -1,
      1634, 1378, 1635, -1,
      1635, 1378, 1379, -1,
      1635, 1379, 1636, -1,
      1636, 1379, 1380, -1,
      1636, 1380, 1637, -1,
      1637, 1380, 1381, -1,
      1637, 1381, 1638, -1,
      1638, 1381, 1382, -1,
      1638, 1382, 1639, -1,
      1639, 1382, 1383, -1,
      1639, 1383, 1640, -1,
      1640, 1383, 1384, -1,
      1640, 1384, 1641, -1,
      1641, 1384, 1385, -1,
      1641, 1385, 1642, -1,
      1642, 1385, 1386, -1,
      1642, 1386, 1643, -1,
      1643, 1386, 1387, -1,
      1643, 1387, 1644, -1,
      1644, 1387, 1388, -1,
      1644, 1388, 1645, -1,
      1645, 1388, 1389, -1,
      1645, 1389, 1646, -1,
      1646, 1389, 1390, -1,
      1646, 1390, 1647, -1,
      1647, 1390, 1391, -1,
      1647, 1391, 1648, -1,
      1648, 1391, 1392, -1,
      1648, 1392, 1649, -1,
      1649, 1392, 1393, -1,
      1649, 1393, 1650, -1,
      1650, 1393, 1394, -1,
      1650, 1394, 1651, -1,
      1651, 1394, 1395, -1,
      1651, 1395, 1652, -1,
      1652, 1395, 1396, -1,
      1652, 1396, 1653, -1,
      1653, 1396, 1397, -1,
      1653, 1397, 1654, -1,
      1654, 1397, 1398, -1,
      1654, 1398, 1655, -1,
      1655, 1398, 1399, -1,
      1655, 1399, 1656, -1,
      1656, 1399, 1400, -1,
      1656, 1400, 1657, -1,
      1657, 1400, 1401, -1,
      1657, 1401, 1658, -1,
      1658, 1401, 1402, -1,
      1658, 1402, 1659, -1,
      1659, 1402, 1403, -1,
      1659, 1403, 1660, -1,
      1660, 1403, 1404, -1,
      1660, 1404, 1661, -1,
      1661, 1404, 1405, -1,
      1661, 1405, 1662, -1,
      1662, 1405, 1406, -1,
      1662, 1406, 1663, -1,
      1663, 1406, 1407, -1,
      1663, 1407, 1664, -1,
      1664, 1407, 1408, -1,
      1664, 1408, 1665, -1,
      1665, 1408, 1409, -1,
      1665, 1409, 1666, -1,
      1666, 1409, 1410, -1,
      1666, 1410, 1667, -1,
      1667, 1410, 1411, -1,
      1667, 1411, 1668, -1,
      1668, 1411, 1412, -1,
      1668, 1412, 1669, -1,
      1669, 1412, 1413, -1,
      1669, 1413, 1670, -1,
      1670, 1413, 1414, -1,
      1670, 1414, 1671, -1,
      1671, 1414, 1415, -1,
      1671, 1415, 1672, -1,
      1672, 1415, 1416, -1,
      1672, 1416, 1673, -1,
      1673, 1416, 1417, -1,
      1673, 1417, 1674, -1,
      1674, 1417, 1418, -1,
      1674, 1418, 1675, -1,
      1675, 1418, 1419, -1,
      1675, 1419, 1676, -1,
      1676, 1419, 1420, -1,
      1676, 1420, 1677, -1,
      1677, 1420, 1421, -1,
      1677, 1421, 1678, -1,
      1678, 1421, 1422, -1,
      1678, 1422, 1679, -1,
      1679, 1422, 1423, -1,
      1679, 1423, 1680, -1,
      1680, 1423, 1424, -1,
      1680, 1424, 1681, -1,
      1681, 1424, 1425, -1,
      1681, 1425, 1682, -1,
      1682, 1425, 1426, -1,
      1682, 1426, 1683, -1,
      1683, 1426, 1427, -1,
      1683, 1427, 1684, -1,
      1684, 1427, 1428, -1,
      1684, 1428, 1685, -1,
      1685, 1428, 1429, -1,
      1685, 1429, 1686, -1,
      1686, 1429, 1430, -1,
      1686, 1430, 1687, -1,
      1687, 1430, 1431, -1,
      1687, 1431, 1688, -1,
      1688, 1431, 1432, -1,
      1688, 1432, 1689, -1,
      1689, 1432, 1433, -1,
      1689, 1433, 1690, -1,
      1690, 1433, 1434, -1,
      1690, 1434, 1691, -1,
      1691, 1434, 1435, -1,
      390, 389, 1436, -1,
      1436, 389, 1692, -1,
      1436, 1692, 1437, -1,
      1437, 1692, 1693, -1,
      1437, 1693, 1438, -1,
      1438, 1693, 1694, -1,
      1438, 1694, 1439, -1,
      1439, 1694, 1695, -1,
      1439, 1695, 1440, -1,
      1440, 1695, 1696, -1,
      1440, 1696, 1441, -1,
      1441, 1696, 1697, -1,
      1441, 1697, 1442, -1,
      1442, 1697, 1698, -1,
      1442, 1698, 1443, -1,
      1443, 1698, 1699, -1,
      1443, 1699, 1444, -1,
      1444, 1699, 1700, -1,
      1444, 1700, 1445, -1,
      1445, 1700, 1701, -1,
      1445, 1701, 1446, -1,
      1446, 1701, 1702, -1,
      1446, 1702, 1447, -1,
      1447, 1702, 1703, -1,
      1447, 1703, 1448, -1,
      1448, 1703, 1704, -1,
      1448, 1704, 1449, -1,
      1449, 1704, 1705, -1,
      1449, 1705, 1450, -1,
      1450, 1705, 1706, -1,
      1450, 1706, 1451, -1,
      1451, 1706, 1707, -1,
      1451, 1707, 1452, -1,
      1452, 1707, 1708, -1,
      1452, 1708, 1453, -1,
      1453, 1708, 1709, -1,
      1453, 1709, 1454, -1,
      1454, 1709, 1710, -1,
      1454, 1710, 1455, -1,
      1455, 1710, 1711, -1,
      1455, 1711, 1456, -1,
      1456, 1711, 1712, -1,
      1456, 1712, 1457, -1,
      1457, 1712, 1713, -1,
      1457, 1713, 1458, -1,
      1458, 1713, 1714, -1,
      1458, 1714, 1459, -1,
      1459, 1714, 1715, -1,
      1459, 1715, 1460, -1,
      1460, 1715, 1716, -1,
      1460, 1716, 1461, -1,
      1461, 1716, 1717, -1,
      1461, 1717, 1462, -1,
      1462, 1717, 1718, -1,
      1462, 1718, 1463, -1,
      1463, 1718, 1719, -1,
      1463, 1719, 1464, -1,
      1464, 1719, 1720, -1,
      1464, 1720, 1465, -1,
      1465, 1720, 1721, -1,
      1465, 1721, 1466, -1,
      1466, 1721, 1722, -1,
      1466, 1722, 1467, -1,
      1467, 1722, 1723, -1,
      1467, 1723, 1468, -1,
      1468, 1723, 1724, -1,
      1468, 1724, 1469, -1,
      1469, 1724, 1725, -1,
      1469, 1725, 1470, -1,
      1470, 1725, 1726, -1,
      1470, 1726, 1471, -1,
      1471, 1726, 1727, -1,
      1471, 1727, 1472, -1,
      1472, 1727, 1728, -1,
      1472, 1728, 1473, -1,
      1473, 1728, 1729, -1,
      1473, 1729, 1474, -1,
      1474, 1729, 1730, -1,
      1474, 1730, 1475, -1,
      1475, 1730, 1731, -1,
      1475, 1731, 1476, -1,
      1476, 1731, 1732, -1,
      1476, 1732, 1477, -1,
      1477, 1732, 1733, -1,
      1477, 1733, 1478, -1,
      1478, 1733, 1734, -1,
      1478, 1734, 1479, -1,
      1479, 1734, 1735, -1,
      1479, 1735, 1480, -1,
      1480, 1735, 1736, -1,
      1480, 1736, 1481, -1,
      1481, 1736, 1737, -1,
      1481, 1737, 1482, -1,
      1482, 1737, 1738, -1,
      1482, 1738, 1483, -1,
      1483, 1738, 1739, -1,
      1483, 1739, 1484, -1,
      1484, 1739, 1740, -1,
      1484, 1740, 1485, -1,
      1485, 1740, 1741, -1,
      1485, 1741, 1486, -1,
      1486, 1741, 1742, -1,
      1486, 1742, 1487, -1,
      1487, 1742, 1743, -1,
      1487, 1743, 1488, -1,
      1488, 1743, 1744, -1,
      1488, 1744, 1489, -1,
      1489, 1744, 1745, -1,
      1489, 1745, 1490, -1,
      1490, 1745, 1746, -1,
      1490, 1746, 1491, -1,
      1491, 1746, 1747, -1,
      1491, 1747, 1492, -1,
      1492, 1747, 1748, -1,
      1492, 1748, 1493, -1,
      1493, 1748, 1749, -1,
      1493, 1749, 1494, -1,
      1494, 1749, 1750, -1,
      1494, 1750, 1495, -1,
      1495, 1750, 1751, -1,
      1495, 1751, 1496, -1,
      1496, 1751, 1752, -1,
      1496, 1752, 1497, -1,
      1497, 1752, 1753, -1,
      1497, 1753, 1498, -1,
      1498, 1753, 1754, -1,
      1498, 1754, 1499, -1,
      1499, 1754, 1755, -1,
      1499, 1755, 1500, -1,
      1500, 1755, 1756, -1,
      1500, 1756, 1501, -1,
      1501, 1756, 1757, -1,
      1501, 1757, 1502, -1,
      1502, 1757, 1758, -1,
      1502, 1758, 1503, -1,
      1503, 1758, 1759, -1,
      1503, 1759, 1504, -1,
      1504, 1759, 1760, -1,
      1504, 1760, 1505, -1,
      1505, 1760, 1761, -1,
      1505, 1761, 1506, -1,
      1506, 1761, 1762, -1,
      1506, 1762, 1507, -1,
      1507, 1762, 1763, -1,
      1507, 1763, 1508, -1,
      1508, 1763, 1764, -1,
      1508, 1764, 1509, -1,
      1509, 1764, 1765, -1,
      1509, 1765, 1510, -1,
      1510, 1765, 1766, -1,
      1510, 1766, 1511, -1,
      1511, 1766, 1767, -1,
      1511, 1767, 1512, -1,
      1512, 1767, 1768, -1,
      1512, 1768, 1513, -1,
      1513, 1768, 1769, -1,
      1513, 1769, 1514, -1,
      1514, 1769, 1770, -1,
      1514, 1770, 1515, -1,
      1515, 1770, 1771, -1,
      1515, 1771, 1516, -1,
      1516, 1771, 1772, -1,
      1516, 1772, 1517, -1,
      1517, 1772, 1773, -1,
      1517, 1773, 1518, -1,
      1518, 1773, 1774, -1,
      1518, 1774, 1519, -1,
      1519, 1774, 1775, -1,
      1519, 1775, 1520, -1,
      1520, 1775, 1776, -1,
      1520, 1776, 1521, -1,
      1521, 1776, 1777, -1,
      1521, 1777, 1522, -1,
      1522, 1777, 1778, -1,
      1522, 1778, 1523, -1,
      1523, 1778, 1779, -1,
      1523, 1779, 1524, -1,
      1524, 1779, 1780, -1,
      1524, 1780, 1525, -1,
      1525, 1780, 1781, -1,
      1525, 1781, 1526, -1,
      1526, 1781, 1782, -1,
      1526, 1782, 1527, -1,
      1527, 1782, 1783, -1,
      1527, 1783, 1528, -1,
      1528, 1783, 1784, -1,
      1528, 1784, 1529, -1,
      1529, 1784, 1785, -1,
      1529, 1785, 1530, -1,
      1530, 1785, 1786, -1,
      1530, 1786, 1531, -1,
      1531, 1786, 1787, -1,
      1531, 1787, 1532, -1,
      1532, 1787, 1788, -1,
      1532, 1788, 1533, -1,
      1533, 1788, 1789, -1,
      1533, 1789, 1534, -1,
      1534, 1789, 1790, -1,
      1534, 1790, 1535, -1,
      1535, 1790, 1791, -1,
      1535, 1791, 1536, -1,
      1536, 1791, 1792, -1,
      1536, 1792, 1537, -1,
      1537, 1792, 1793, -1,
      1537, 1793, 1538, -1,
      1538, 1793, 1794, -1,
      1538, 1794, 1539, -1,
      1539, 1794, 1795, -1,
      1539, 1795, 1540, -1,
      1540, 1795, 1796, -1,
      1540, 1796, 1541, -1,
      1541, 1796, 1797, -1,
      1541, 1797, 1542, -1,
      1542, 1797, 1798, -1,
      1542, 1798, 1543, -1,
      1543, 1798, 1799, -1,
      1543, 1799, 1544, -1,
      1544, 1799, 1800, -1,
      1544, 1800, 1545, -1,
      1545, 1800, 1801, -1,
      1545, 1801, 1546, -1,
      1546, 1801, 1802, -1,
      1546, 1802, 1547, -1,
      1547, 1802, 1803, -1,
      1547, 1803, 1548, -1,
      1548, 1803, 1804, -1,
      1548, 1804, 1549, -1,
      1549, 1804, 1805, -1,
      1549, 1805, 1550, -1,
      1550, 1805, 1806, -1,
      1550, 1806, 1551, -1,
      1551, 1806, 1807, -1,
      1551, 1807, 1552, -1,
      1552, 1807, 1808, -1,
      1552, 1808, 1553, -1,
      1553, 1808, 1809, -1,
      1553, 1809, 1554, -1,
      1554, 1809, 1810, -1,
      1554, 1810, 1555, -1,
      1555, 1810, 1811, -1,
      1555, 1811, 1556, -1,
      1556, 1811, 1812, -1,
      1556, 1812, 1557, -1,
      1557, 1812, 1813, -1,
      1557, 1813, 1558, -1,
      1558, 1813, 1814, -1,
      1558, 1814, 1559, -1,
      1559, 1814, 1815, -1,
      1559, 1815, 1560, -1,
      1560, 1815, 1816, -1,
      1560, 1816, 1561, -1,
      1561, 1816, 1817, -1,
      1561, 1817, 1562, -1,
      1562, 1817, 1818, -1,
      1562, 1818, 1563, -1,
      1563, 1818, 1819, -1,
      380, 379, 1820, -1,
      1820, 379, 1564, -1,
      1820, 1564, 1821, -1,
      1821, 1564, 1565, -1,
      1821, 1565, 1822, -1,
      1822, 1565, 1566, -1,
      1822, 1566, 1823, -1,
      1823, 1566, 1567, -1,
      1823, 1567, 1824, -1,
      1824, 1567, 1568, -1,
      1824, 1568, 1825, -1,
      1825, 1568, 1569, -1,
      1825, 1569, 1826, -1,
      1826, 1569, 1570, -1,
      1826, 1570, 1827, -1,
      1827, 1570, 1571, -1,
      1827, 1571, 1828, -1,
      1828, 1571, 1572, -1,
      1828, 1572, 1829, -1,
      1829, 1572, 1573, -1,
      1829, 1573, 1830, -1,
      1830, 1573, 1574, -1,
      1830, 1574, 1831, -1,
      1831, 1574, 1575, -1,
      1831, 1575, 1832, -1,
      1832, 1575, 1576, -1,
      1832, 1576, 1833, -1,
      1833, 1576, 1577, -1,
      1833, 1577, 1834, -1,
      1834, 1577, 1578, -1,
      1834, 1578, 1835, -1,
      1835, 1578, 1579, -1,
      1835, 1579, 1836, -1,
      1836, 1579, 1580, -1,
      1836, 1580, 1837, -1,
      1837, 1580, 1581, -1,
      1837, 1581, 1838, -1,
      1838, 1581, 1582, -1,
      1838, 1582, 1839, -1,
      1839, 1582, 1583, -1,
      1839, 1583, 1840, -1,
      1840, 1583, 1584, -1,
      1840, 1584, 1841, -1,
      1841, 1584, 1585, -1,
      1841, 1585, 1842, -1,
      1842, 1585, 1586, -1,
      1842, 1586, 1843, -1,
      1843, 1586, 1587, -1,
      1843, 1587, 1844, -1,
      1844, 1587, 1588, -1,
      1844, 1588, 1845, -1,
      1845, 1588, 1589, -1,
      1845, 1589, 1846, -1,
      1846, 1589, 1590, -1,
      1846, 1590, 1847, -1,
      1847, 1590, 1591, -1,
      1847, 1591, 1848, -1,
      1848, 1591, 1592, -1,
      1848, 1592, 1849, -1,
      1849, 1592, 1593, -1,
      1849, 1593, 1850, -1,
      1850, 1593, 1594, -1,
      1850, 1594, 1851, -1,
      1851, 1594, 1595, -1,
      1851, 1595, 1852, -1,
      1852, 1595, 1596, -1,
      1852, 1596, 1853, -1,
      1853, 1596, 1597, -1,
      1853, 1597, 1854, -1,
      1854, 1597, 1598, -1,
      1854, 1598, 1855, -1,
      1855, 1598, 1599, -1,
      1855, 1599, 1856, -1,
      1856, 1599, 1600, -1,
      1856, 1600, 1857, -1,
      1857, 1600, 1601, -1,
      1857, 1601, 1858, -1,
      1858, 1601, 1602, -1,
      1858, 1602, 1859, -1,
      1859, 1602, 1603, -1,
      1859, 1603, 1860, -1,
      1860, 1603, 1604, -1,
      1860, 1604, 1861, -1,
      1861, 1604, 1605, -1,
      1861, 1605, 1862, -1,
      1862, 1605, 1606, -1,
      1862, 1606, 1863, -1,
      1863, 1606, 1607, -1,
      1863, 1607, 1864, -1,
      1864, 1607, 1608, -1,
      1864, 1608, 1865, -1,
      1865, 1608, 1609, -1,
      1865, 1609, 1866, -1,
      1866, 1609, 1610, -1,
      1866, 1610, 1867, -1,
      1867, 1610, 1611, -1,
      1867, 1611, 1868, -1,
      1868, 1611, 1612, -1,
      1868, 1612, 1869, -1,
      1869, 1612, 1613, -1,
      1869, 1613, 1870, -1,
      1870, 1613, 1614, -1,
      1870, 1614, 1871, -1,
      1871, 1614, 1615, -1,
      1871, 1615, 1872, -1,
      1872, 1615, 1616, -1,
      1872, 1616, 1873, -1,
      1873, 1616, 1617, -1,
      1873, 1617, 1874, -1,
      1874, 1617, 1618, -1,
      1874, 1618, 1875, -1,
      1875, 1618, 1619, -1,
      1875, 1619, 1876, -1,
      1876, 1619, 1620, -1,
      1876, 1620, 1877, -1,
      1877, 1620, 1621, -1,
      1877, 1621, 1878, -1,
      1878, 1621, 1622, -1,
      1878, 1622, 1879, -1,
      1879, 1622, 1623, -1,
      1879, 1623, 1880, -1,
      1880, 1623, 1624, -1,
      1880, 1624, 1881, -1,
      1881, 1624, 1625, -1,
      1881, 1625, 1882, -1,
      1882, 1625, 1626, -1,
      1882, 1626, 1883, -1,
      1883, 1626, 1627, -1,
      1883, 1627, 1884, -1,
      1884, 1627, 1628, -1,
      1884, 1628, 1885, -1,
      1885, 1628, 1629, -1,
      1885, 1629, 1886, -1,
      1886, 1629, 1630, -1,
      1886, 1630, 1887, -1,
      1887, 1630, 1631, -1,
      1887, 1631, 1888, -1,
      1888, 1631, 1632, -1,
      1888, 1632, 1889, -1,
      1889, 1632, 1633, -1,
      1889, 1633, 1890, -1,
      1890, 1633, 1634, -1,
      1890, 1634, 1891, -1,
      1891, 1634, 1635, -1,
      1891, 1635, 1892, -1,
      1892, 1635, 1636, -1,
      1892, 1636, 1893, -1,
      1893, 1636, 1637, -1,
      1893, 1637, 1894, -1,
      1894, 1637, 1638, -1,
      1894, 1638, 1895, -1,
      1895, 1638, 1639, -1,
      1895, 1639, 1896, -1,
      1896, 1639, 1640, -1,
      1896, 1640, 1897, -1,
      1897, 1640, 1641, -1,
      1897, 1641, 1898, -1,
      1898, 1641, 1642, -1,
      1898, 1642, 1899, -1,
      1899, 1642, 1643, -1,
      1899, 1643, 1900, -1,
      1900, 1643, 1644, -1,
      1900, 1644, 1901, -1,
      1901, 1644, 1645, -1,
      1901, 1645, 1902, -1,
      1902, 1645, 1646, -1,
      1902, 1646, 1903, -1,
      1903, 1646, 1647, -1,
      1903, 1647, 1904, -1,
      1904, 1647, 1648, -1,
      1904, 1648, 1905, -1,
      1905, 1648, 1649, -1,
      1905, 1649, 1906, -1,
      1906, 1649, 1650, -1,
      1906, 1650, 1907, -1,
      1907, 1650, 1651, -1,
      1907, 1651, 1908, -1,
      1908, 1651, 1652, -1,
      1908, 1652, 1909, -1,
      1909, 1652, 1653, -1,
      1909, 1653, 1910, -1,
      1910, 1653, 1654, -1,
      1910, 1654, 1911, -1,
      1911, 1654, 1655, -1,
      1911, 1655, 1912, -1,
      1912, 1655, 1656, -1,
      1912, 1656, 1913, -1,
      1913, 1656, 1657, -1,
      1913, 1657, 1914, -1,
      1914, 1657, 1658, -1,
      1914, 1658, 1915, -1,
      1915, 1658, 1659, -1,
      1915, 1659, 1916, -1,
      1916, 1659, 1660, -1,
      1916, 1660, 1917, -1,
      1917, 1660, 1661, -1,
      1917, 1661, 1918, -1,
      1918, 1661, 1662, -1,
      1918, 1662, 1919, -1,
      1919, 1662, 1663, -1,
      1919, 1663, 1920, -1,
      1920, 1663, 1664, -1,
      1920, 1664, 1921, -1,
      1921, 1664, 1665, -1,
      1921, 1665, 1922, -1,
      1922, 1665, 1666, -1,
      1922, 1666, 1923, -1,
      1923, 1666, 1667, -1,
      1923, 1667, 1924, -1,
      1924, 1667, 1668, -1,
      1924, 1668, 1925, -1,
      1925, 1668, 1669, -1,
      1925, 1669, 1926, -1,
      1926, 1669, 1670, -1,
      1926, 1670, 1927, -1,
      1927, 1670, 1671, -1,
      1927, 1671, 1928, -1,
      1928, 1671, 1672, -1,
      1928, 1672, 1929, -1,
      1929, 1672, 1673, -1,
      1929, 1673, 1930, -1,
      1930, 1673, 1674, -1,
      1930, 1674, 1931, -1,
      1931, 1674, 1675, -1,
      1931, 1675, 1932, -1,
      1932, 1675, 1676, -1,
      1932, 1676, 1933, -1,
      1933, 1676, 1677, -1,
      1933, 1677, 1934, -1,
      1934, 1677, 1678, -1,
      1934, 1678, 1935, -1,
      1935, 1678, 1679, -1,
      1935, 1679, 1936, -1,
      1936, 1679, 1680, -1,
      1936, 1680, 1937, -1,
      1937, 1680, 1681, -1,
      1937, 1681, 1938, -1,
      1938, 1681, 1682, -1,
      1938, 1682, 1939, -1,
      1939, 1682, 1683, -1,
      1939, 1683, 1940, -1,
      1940, 1683, 1684, -1,
      1940, 1684, 1941, -1,
      1941, 1684, 1685, -1,
      1941, 1685, 1942, -1,
      1942, 1685, 1686, -1,
      1942, 1686, 1943, -1,
      1943, 1686, 1687, -1,
      1943, 1687, 1944, -1,
      1944, 1687, 1688, -1,
      1944, 1688, 1945, -1,
      1945, 1688, 1689, -1,
      1945, 1689, 1946, -1,
      1946, 1689, 1690, -1,
      1946, 1690, 1947, -1,
      1947, 1690, 1691, -1,
      389, 394, 1692, -1,
      1692, 394, 1948, -1,
      1692, 1948, 1693, -1,
      1693, 1948, 1949, -1,
      1693, 1949, 1694, -1,
      1694, 1949, 1950, -1,
      1694, 1950, 1695, -1,
      1695, 1950, 1951, -1,
      1695, 1951, 1696, -1,
      1696, 1951, 1952, -1,
      1696, 1952, 1697, -1,
      1697, 1952, 1953, -1,
      1697, 1953, 1698, -1,
      1698, 1953, 1954, -1,
      1698, 1954, 1699, -1,
      1699, 1954, 1955, -1,
      1699, 1955, 1700, -1,
      1700, 1955, 1956, -1,
      1700, 1956, 1701, -1,
      1701, 1956, 1957, -1,
      1701, 1957, 1702, -1,
      1702, 1957, 1958, -1,
      1702, 1958, 1703, -1,
      1703, 1958, 1959, -1,
      1703, 1959, 1704, -1,
      1704, 1959, 1960, -1,
      1704, 1960, 1705, -1,
      1705, 1960, 1961, -1,
      1705, 1961, 1706, -1,
      1706, 1961, 1962, -1,
      1706, 1962, 1707, -1,
      1707, 1962, 1963, -1,
      1707, 1963, 1708, -1,
      1708, 1963, 1964, -1,
      1708, 1964, 1709, -1,
      1709, 1964, 1965, -1,
      1709, 1965, 1710, -1,
      1710, 1965, 1966, -1,
      1710, 1966, 1711, -1,
      1711, 1966, 1967, -1,
      1711, 1967, 1712, -1,
      1712, 1967, 1968, -1,
      1712, 1968, 1713, -1,
      1713, 1968, 1969, -1,
      1713, 1969, 1714, -1,
      1714, 1969, 1970, -1,
      1714, 1970, 1715, -1,
      1715, 1970, 1971, -1,
      1715, 1971, 1716, -1,
      1716, 1971, 1972, -1,
      1716, 1972, 1717, -1,
      1717, 1972, 1973, -1,
      1717, 1973, 1718, -1,
      1718, 1973, 1974, -1,
      1718, 1974, 1719, -1,
      1719, 1974, 1975, -1,
      1719, 1975, 1720, -1,
      1720, 1975, 1976, -1,
      1720, 1976, 1721, -1,
      1721, 1976, 1977, -1,
      1721, 1977, 1722, -1,
      1722, 1977, 1978, -1,
      1722, 1978, 1723, -1,
      1723, 1978, 1979, -1,
      1723, 1979, 1724, -1,
      1724, 1979, 1980, -1,
      1724, 1980, 1725, -1,
      1725, 1980, 1981, -1,
      1725, 1981, 1726, -1,
      1726, 1981, 1982, -1,
      1726, 1982, 1727, -1,
      1727, 1982, 1983, -1,
      1727, 1983, 1728, -1,
      1728, 1983, 1984, -1,
      1728, 1984, 1729, -1,
      1729, 1984, 1985, -1,
      1729, 1985, 1730, -1,
      1730, 1985, 1986, -1,
      1730, 1986, 1731, -1,
      1731, 1986, 1987, -1,
      1731, 1987, 1732, -1,
      1732, 1987, 1988, -1,
      1732, 1988, 1733, -1,
      1733, 1988, 1989, -1,
      1733, 1989, 1734, -1,
      1734, 1989, 1990, -1,
      1734, 1990, 1735, -1,
      1735, 1990, 1991, -1,
      1735, 1991, 1736, -1,
      1736, 1991, 1992, -1,
      1736, 1992, 1737, -1,
      1737, 1992, 1993, -1,
      1737, 1993, 1738, -1,
      1738, 1993, 1994, -1,
      1738, 1994, 1739, -1,
      1739, 1994, 1995, -1,
      1739, 1995, 1740, -1,
      1740, 1995, 1996, -1,
      1740, 1996, 1741, -1,
      1741, 1996, 1997, -1,
      1741, 1997, 1742, -1,
      1742, 1997, 1998, -1,
      1742, 1998, 1743, -1,
      1743, 1998, 1999, -1,
      1743, 1999, 1744, -1,
      1744, 1999, 2000, -1,
      1744, 2000, 1745, -1,
      1745, 2000, 2001, -1,
      1745, 2001, 1746, -1,
      1746, 2001, 2002, -1,
      1746, 2002, 1747, -1,
      1747, 2002, 2003, -1,
      1747, 2003, 1748, -1,
      1748, 2003, 2004, -1,
      1748, 2004, 1749, -1,
      1749, 2004, 2005, -1,
      1749, 2005, 1750, -1,
      1750, 2005, 2006, -1,
      1750, 2006, 1751, -1,
      1751, 2006, 2007, -1,
      1751, 2007, 1752, -1,
      1752, 2007, 2008, -1,
      1752, 2008, 1753, -1,
      1753, 2008, 2009, -1,
      1753, 2009, 1754, -1,
      1754, 2009, 2010, -1,
      1754, 2010, 1755, -1,
      1755, 2010, 2011, -1,
      1755, 2011, 1756, -1,
      1756, 2011, 2012, -1,
      1756, 2012, 1757, -1,
      1757, 2012, 2013, -1,
      1757, 2013, 1758, -1,
      1758, 2013, 2014, -1,
      1758, 2014, 1759, -1,
      1759, 2014, 2015, -1,
      1759, 2015, 1760, -1,
      1760, 2015, 2016, -1,
      1760, 2016, 1761, -1,
      1761, 2016, 2017, -1,
      1761, 2017, 1762, -1,
      1762, 2017, 2018, -1,
      1762, 2018, 1763, -1,
      1763, 2018, 2019, -1,
      1763, 2019, 1764, -1,
      1764, 2019, 2020, -1,
      1764, 2020, 1765, -1,
      1765, 2020, 2021, -1,
      1765, 2021, 1766, -1,
      1766, 2021, 2022, -1,
      1766, 2022, 1767, -1,
      1767, 2022, 2023, -1,
      1767, 2023, 1768, -1,
      1768, 2023, 2024, -1,
      1768, 2024, 1769, -1,
      1769, 2024, 2025, -1,
      1769, 2025, 1770, -1,
      1770, 2025, 2026, -1,
      1770, 2026, 1771, -1,
      1771, 2026, 2027, -1,
      1771, 2027, 1772, -1,
      1772, 2027, 2028, -1,
      1772, 2028, 1773, -1,
      1773, 2028, 2029, -1,
      1773, 2029, 1774, -1,
      1774, 2029, 2030, -1,
      1774, 2030, 1775, -1,
      1775, 2030, 2031, -1,
      1775, 2031, 1776, -1,
      1776, 2031, 2032, -1,
      1776, 2032, 1777, -1,
      1777, 2032, 2033, -1,
      1777, 2033, 1778, -1,
      1778, 2033, 2034, -1,
      1778, 2034, 1779, -1,
      1779, 2034, 2035, -1,
      1779, 2035, 1780, -1,
      1780, 2035, 2036, -1,
      1780, 2036, 1781, -1,
      1781, 2036, 2037, -1,
      1781, 2037, 1782, -1,
      1782, 2037, 2038, -1,
      1782, 2038, 1783, -1,
      1783, 2038, 2039, -1,
      1783, 2039, 1784, -1,
      1784, 2039, 2040, -1,
      1784, 2040, 1785, -1,
      1785, 2040, 2041, -1,
      1785, 2041, 1786, -1,
      1786, 2041, 2042, -1,
      1786, 2042, 1787, -1,
      1787, 2042, 2043, -1,
      1787, 2043, 1788, -1,
      1788, 2043, 2044, -1,
      1788, 2044, 1789, -1,
      1789, 2044, 2045, -1,
      1789, 2045, 1790, -1,
      1790, 2045, 2046, -1,
      1790, 2046, 1791, -1,
      1791, 2046, 2047, -1,
      1791, 2047, 1792, -1,
      1792, 2047, 2048, -1,
      1792, 2048, 1793, -1,
      1793, 2048, 2049, -1,
      1793, 2049, 1794, -1,
      1794, 2049, 2050, -1,
      1794, 2050, 1795, -1,
      1795, 2050, 2051, -1,
      1795, 2051, 1796, -1,
      1796, 2051, 2052, -1,
      1796, 2052, 1797, -1,
      1797, 2052, 2053, -1,
      1797, 2053, 1798, -1,
      1798, 2053, 2054, -1,
      1798, 2054, 1799, -1,
      1799, 2054, 2055, -1,
      1799, 2055, 1800, -1,
      1800, 2055, 2056, -1,
      1800, 2056, 1801, -1,
      1801, 2056, 2057, -1,
      1801, 2057, 1802, -1,
      1802, 2057, 2058, -1,
      1802, 2058, 1803, -1,
      1803, 2058, 2059, -1,
      1803, 2059, 1804, -1,
      1804, 2059, 2060, -1,
      1804, 2060, 1805, -1,
      1805, 2060, 2061, -1,
      1805, 2061, 1806, -1,
      1806, 2061, 2062, -1,
      1806, 2062, 1807, -1,
      1807, 2062, 2063, -1,
      1807, 2063, 1808, -1,
      1808, 2063, 2064, -1,
      1808, 2064, 1809, -1,
      1809, 2064, 2065, -1,
      1809, 2065, 1810, -1,
      1810, 2065, 2066, -1,
      1810, 2066, 1811, -1,
      1811, 2066, 2067, -1,
      1811, 2067, 1812, -1,
      1812, 2067, 2068, -1,
      1812, 2068, 1813, -1,
      1813, 2068, 2069, -1,
      1813, 2069, 1814, -1,
      1814, 2069, 2070, -1,
      1814, 2070, 1815, -1,
      1815, 2070, 2071, -1,
      1815, 2071, 1816, -1,
      1816, 2071, 2072, -1,
      1816, 2072, 1817, -1,
      1817, 2072, 2073, -1,
      1817, 2073, 1818, -1,
      1818, 2073, 2074, -1,
      1818, 2074, 1819, -1,
      1819, 2074, 2075, -1,
      381, 380, 2076, -1,
      2076, 380, 1820, -1,
      2076, 1820, 2077, -1,
      2077, 1820, 1821, -1,
      2077, 1821, 2078, -1,
      2078, 1821, 1822, -1,
      2078, 1822, 2079, -1,
      2079, 1822, 1823, -1,
      2079, 1823, 2080, -1,
      2080, 1823, 1824, -1,
      2080, 1824, 2081, -1,
      2081, 1824, 1825, -1,
      2081, 1825, 2082, -1,
      2082, 1825, 1826, -1,
      2082, 1826, 2083, -1,
      2083, 1826, 1827, -1,
      2083, 1827, 2084, -1,
      2084, 1827, 1828, -1,
      2084, 1828, 2085, -1,
      2085, 1828, 1829, -1,
      2085, 1829, 2086, -1,
      2086, 1829, 1830, -1,
      2086, 1830, 2087, -1,
      2087, 1830, 1831, -1,
      2087, 1831, 2088, -1,
      2088, 1831, 1832, -1,
      2088, 1832, 2089, -1,
      2089, 1832, 1833, -1,
      2089, 1833, 2090, -1,
      2090, 1833, 1834, -1,
      2090, 1834, 2091, -1,
      2091, 1834, 1835, -1,
      2091, 1835, 2092, -1,
      2092, 1835, 1836, -1,
      2092, 1836, 2093, -1,
      2093, 1836, 1837, -1,
      2093, 1837, 2094, -1,
      2094, 1837, 1838, -1,
      2094, 1838, 2095, -1,
      2095, 1838, 1839, -1,
      2095, 1839, 2096, -1,
      2096, 1839, 1840, -1,
      2096, 1840, 2097, -1,
      2097, 1840, 1841, -1,
      2097, 1841, 2098, -1,
      2098, 1841, 1842, -1,
      2098, 1842, 2099, -1,
      2099, 1842, 1843, -1,
      2099, 1843, 2100, -1,
      2100, 1843, 1844, -1,
      2100, 1844, 2101, -1,
      2101, 1844, 1845, -1,
      2101, 1845, 2102, -1,
      2102, 1845, 1846, -1,
      2102, 1846, 2103, -1,
      2103, 1846, 1847, -1,
      2103, 1847, 2104, -1,
      2104, 1847, 1848, -1,
      2104, 1848, 2105, -1,
      2105, 1848, 1849, -1,
      2105, 1849, 2106, -1,
      2106, 1849, 1850, -1,
      2106, 1850, 2107, -1,
      2107, 1850, 1851, -1,
      2107, 1851, 2108, -1,
      2108, 1851, 1852, -1,
      2108, 1852, 2109, -1,
      2109, 1852, 1853, -1,
      2109, 1853, 2110, -1,
      2110, 1853, 1854, -1,
      2110, 1854, 2111, -1,
      2111, 1854, 1855, -1,
      2111, 1855, 2112, -1,
      2112, 1855, 1856, -1,
      2112, 1856, 2113, -1,
      2113, 1856, 1857, -1,
      2113, 1857, 2114, -1,
      2114, 1857, 1858, -1,
      2114, 1858, 2115, -1,
      2115, 1858, 1859, -1,
      2115, 1859, 2116, -1,
      2116, 1859, 1860, -1,
      2116, 1860, 2117, -1,
      2117, 1860, 1861, -1,
      2117, 1861, 2118, -1,
      2118, 1861, 1862, -1,
      2118, 1862, 2119, -1,
      2119, 1862, 1863, -1,
      2119, 1863, 2120, -1,
      2120, 1863, 1864, -1,
      2120, 1864, 2121, -1,
      2121, 1864, 1865, -1,
      2121, 1865, 2122, -1,
      2122, 1865, 1866, -1,
      2122, 1866, 2123, -1,
      2123, 1866, 1867, -1,
      2123, 1867, 2124, -1,
      2124, 1867, 1868, -1,
      2124, 1868, 2125, -1,
      2125, 1868, 1869, -1,
      2125, 1869, 2126, -1,
      2126, 1869, 1870, -1,
      2126, 1870, 2127, -1,
      2127, 1870, 1871, -1,
      2127, 1871, 2128, -1,
      2128, 1871, 1872, -1,
      2128, 1872, 2129, -1,
      2129, 1872, 1873, -1,
      2129, 1873, 2130, -1,
      2130, 1873, 1874, -1,
      2130, 1874, 2131, -1,
      2131, 1874, 1875, -1,
      2131, 1875, 2132, -1,
      2132, 1875, 1876, -1,
      2132, 1876, 2133, -1,
      2133, 1876, 1877, -1,
      2133, 1877, 2134, -1,
      2134, 1877, 1878, -1,
      2134, 1878, 2135, -1,
      2135, 1878, 1879, -1,
      2135, 1879, 2136, -1,
      2136, 1879, 1880, -1,
      2136, 1880, 2137, -1,
      2137, 1880, 1881, -1,
      2137, 1881, 2138, -1,
      2138, 1881, 1882, -1,
      2138, 1882, 2139, -1,
      2139, 1882, 1883, -1,
      2139, 1883, 2140, -1,
      2140, 1883, 1884, -1,
      2140, 1884, 2141, -1,
      2141, 1884, 1885, -1,
      2141, 1885, 2142, -1,
      2142, 1885, 1886, -1,
      2142, 1886, 2143, -1,
      2143, 1886, 1887, -1,
      2143, 1887, 2144, -1,
      2144, 1887, 1888, -1,
      2144, 1888, 2145, -1,
      2145, 1888, 1889, -1,
      2145, 1889, 2146, -1,
      2146, 1889, 1890, -1,
      2146, 1890, 2147, -1,
      2147, 1890, 1891, -1,
      2147, 1891, 2148, -1,
      2148, 1891, 1892, -1,
      2148, 1892, 2149, -1,
      2149, 1892, 1893, -1,
      2149, 1893, 2150, -1,
      2150, 1893, 1894, -1,
      2150, 1894, 2151, -1,
      2151, 1894, 1895, -1,
      2151, 1895, 2152, -1,
      2152, 1895, 1896, -1,
      2152, 1896, 2153, -1,
      2153, 1896, 1897, -1,
      2153, 1897, 2154, -1,
      2154, 1897, 1898, -1,
      2154, 1898, 2155, -1,
      2155, 1898, 1899, -1,
      2155, 1899, 2156, -1,
      2156, 1899, 1900, -1,
      2156, 1900, 2157, -1,
      2157, 1900, 1901, -1,
      2157, 1901, 2158, -1,
      2158, 1901, 1902, -1,
      2158, 1902, 2159, -1,
      2159, 1902, 1903, -1,
      2159, 1903, 2160, -1,
      2160, 1903, 1904, -1,
      2160, 1904, 2161, -1,
      2161, 1904, 1905, -1,
      2161, 1905, 2162, -1,
      2162, 1905, 1906, -1,
      2162, 1906, 2163, -1,
      2163, 1906, 1907, -1,
      2163, 1907, 2164, -1,
      2164, 1907, 1908, -1,
      2164, 1908, 2165, -1,
      2165, 1908, 1909, -1,
      2165, 1909, 2166, -1,
      2166, 1909, 1910, -1,
      2166, 1910, 2167, -1,
      2167, 1910, 1911, -1,
      2167, 1911, 2168, -1,
      2168, 1911, 1912, -1,
      2168, 1912, 2169, -1,
      2169, 1912, 1913, -1,
      2169, 1913, 2170, -1,
      2170, 1913, 1914, -1,
      2170, 1914, 2171, -1,
      2171, 1914, 1915, -1,
      2171, 1915, 2172, -1,
      2172, 1915, 1916, -1,
      2172, 1916, 2173, -1,
      2173, 1916, 1917, -1,
      2173, 1917, 2174, -1,
      2174, 1917, 1918, -1,
      2174, 1918, 2175, -1,
      2175, 1918, 1919, -1,
      2175, 1919, 2176, -1,
      2176, 1919, 1920, -1,
      2176, 1920, 2177, -1,
      2177, 1920, 1921, -1,
      2177, 1921, 2178, -1,
      2178, 1921, 1922, -1,
      2178, 1922, 2179, -1,
      2179, 1922, 1923, -1,
      2179, 1923, 2180, -1,
      2180, 1923, 1924, -1,
      2180, 1924, 2181, -1,
      2181, 1924, 1925, -1,
      2181, 1925, 2182, -1,
      2182, 1925, 1926, -1,
      2182, 1926, 2183, -1,
      2183, 1926, 1927, -1,
      2183, 1927, 2184, -1,
      2184, 1927, 1928, -1,
      2184, 1928, 2185, -1,
      2185, 1928, 1929, -1,
      2185, 1929, 2186, -1,
      2186, 1929, 1930, -1,
      2186, 1930, 2187, -1,
      2187, 1930, 1931, -1,
      2187, 1931, 2188, -1,
      2188, 1931, 1932, -1,
      2188, 1932, 2189, -1,
      2189, 1932, 1933, -1,
      2189, 1933, 2190, -1,
      2190, 1933, 1934, -1,
      2190, 1934, 2191, -1,
      2191, 1934, 1935, -1,
      2191, 1935, 2192, -1,
      2192, 1935, 1936, -1,
      2192, 1936, 2193, -1,
      2193, 1936, 1937, -1,
      2193, 1937, 2194, -1,
      2194, 1937, 1938, -1,
      2194, 1938, 2195, -1,
      2195, 1938, 1939, -1,
      2195, 1939, 2196, -1,
      2196, 1939, 1940, -1,
      2196, 1940, 2197, -1,
      2197, 1940, 1941, -1,
      2197, 1941, 2198, -1,
      2198, 1941, 1942, -1,
      2198, 1942, 2199, -1,
      2199, 1942, 1943, -1,
      2199, 1943, 2200, -1,
      2200, 1943, 1944, -1,
      2200, 1944, 2201, -1,
      2201, 1944, 1945, -1,
      2201, 1945, 2202, -1,
      2202, 1945, 1946, -1,
      2202, 1946, 2203, -1,
      2203, 1946, 1947, -1,
      394, 393, 1948, -1,
      1948, 393, 2204, -1,
      1948, 2204, 1949, -1,
      1949, 2204, 2205, -1,
      1949, 2205, 1950, -1,
      1950, 2205, 2206, -1,
      1950, 2206, 1951, -1,
      1951, 2206, 2207, -1,
      1951, 2207, 1952, -1,
      1952, 2207, 2208, -1,
      1952, 2208, 1953, -1,
      1953, 2208, 2209, -1,
      1953, 2209, 1954, -1,
      1954, 2209, 2210, -1,
      1954, 2210, 1955, -1,
      1955, 2210, 2211, -1,
      1955, 2211, 1956, -1,
      1956, 2211, 2212, -1,
      1956, 2212, 1957, -1,
      1957, 2212, 2213, -1,
      1957, 2213, 1958, -1,
      1958, 2213, 2214, -1,
      1958, 2214, 1959, -1,
      1959, 2214, 2215, -1,
      1959, 2215, 1960, -1,
      1960, 2215, 2216, -1,
      1960, 2216, 1961, -1,
      1961, 2216, 2217, -1,
      1961, 2217, 1962, -1,
      1962, 2217, 2218, -1,
      1962, 2218, 1963, -1,
      1963, 2218, 2219, -1,
      1963, 2219, 1964, -1,
      1964, 2219, 2220, -1,
      1964, 2220, 1965, -1,
      1965, 2220, 2221, -1,
      1965, 2221, 1966, -1,
      1966, 2221, 2222, -1,
      1966, 2222, 1967, -1,
      1967, 2222, 2223, -1,
      1967, 2223, 1968, -1,
      1968, 2223, 2224, -1,
      1968, 2224, 1969, -1,
      1969, 2224, 2225, -1,
      1969, 2225, 1970, -1,
      1970, 2225, 2226, -1,
      1970, 2226, 1971, -1,
      1971, 2226, 2227, -1,
      1971, 2227, 1972, -1,
      1972, 2227, 2228, -1,
      1972, 2228, 1973, -1,
      1973, 2228, 2229, -1,
      1973, 2229, 1974, -1,
      1974, 2229, 2230, -1,
      1974, 2230, 1975, -1,
      1975, 2230, 2231, -1,
      1975, 2231, 1976, -1,
      1976, 2231, 2232, -1,
      1976, 2232, 1977, -1,
      1977, 2232, 2233, -1,
      1977, 2233, 1978, -1,
      1978, 2233, 2234, -1,
      1978, 2234, 1979, -1,
      1979, 2234, 2235, -1,
      1979, 2235, 1980, -1,
      1980, 2235, 2236, -1,
      1980, 2236, 1981, -1,
      1981, 2236, 2237, -1,
      1981, 2237, 1982, -1,
      1982, 2237, 2238, -1,
      1982, 2238, 1983, -1,
      1983, 2238, 2239, -1,
      1983, 2239, 1984, -1,
      1984, 2239, 2240, -1,
      1984, 2240, 1985, -1,
      1985, 2240, 2241, -1,
      1985, 2241, 1986, -1,
      1986, 2241, 2242, -1,
      1986, 2242, 1987, -1,
      1987, 2242, 2243, -1,
      1987, 2243, 1988, -1,
      1988, 2243, 2244, -1,
      1988, 2244, 1989, -1,
      1989, 2244, 2245, -1,
      1989, 2245, 1990, -1,
      1990, 2245, 2246, -1,
      1990, 2246, 1991, -1,
      1991, 2246, 2247, -1,
      1991, 2247, 1992, -1,
      1992, 2247, 2248, -1,
      1992, 2248, 1993, -1,
      1993, 2248, 2249, -1,
      1993, 2249, 1994, -1,
      1994, 2249, 2250, -1,
      1994, 2250, 1995, -1,
      1995, 2250, 2251, -1,
      1995, 2251, 1996, -1,
      1996, 2251, 2252, -1,
      1996, 2252, 1997, -1,
      1997, 2252, 2253, -1,
      1997, 2253, 1998, -1,
      1998, 2253, 2254, -1,
      1998, 2254, 1999, -1,
      1999, 2254, 2255, -1,
      1999, 2255, 2000, -1,
      2000, 2255, 2256, -1,
      2000, 2256, 2001, -1,
      2001, 2256, 2257, -1,
      2001, 2257, 2002, -1,
      2002, 2257, 2258, -1,
      2002, 2258, 2003, -1,
      2003, 2258, 2259, -1,
      2003, 2259, 2004, -1,
      2004, 2259, 2260, -1,
      2004, 2260, 2005, -1,
      2005, 2260, 2261, -1,
      2005, 2261, 2006, -1,
      2006, 2261, 2262, -1,
      2006, 2262, 2007, -1,
      2007, 2262, 2263, -1,
      2007, 2263, 2008, -1,
      2008, 2263, 2264, -1,
      2008, 2264, 2009, -1,
      2009, 2264, 2265, -1,
      2009, 2265, 2010, -1,
      2010, 2265, 2266, -1,
      2010, 2266, 2011, -1,
      2011, 2266, 2267, -1,
      2011, 2267, 2012, -1,
      2012, 2267, 2268, -1,
      2012, 2268, 2013, -1,
      2013, 2268, 2269, -1,
      2013, 2269, 2014, -1,
      2014, 2269, 2270, -1,
      2014, 2270, 2015, -1,
      2015, 2270, 2271, -1,
      2015, 2271, 2016, -1,
      2016, 2271, 2272, -1,
      2016, 2272, 2017, -1,
      2017, 2272, 2273, -1,
      2017, 2273, 2018, -1,
      2018, 2273, 2274, -1,
      2018, 2274, 2019, -1,
      2019, 2274, 2275, -1,
      2019, 2275, 2020, -1,
      2020, 2275, 2276, -1,
      2020, 2276, 2021, -1,
      2021, 2276, 2277, -1,
      2021, 2277, 2022, -1,
      2022, 2277, 2278, -1,
      2022, 2278, 2023, -1,
      2023, 2278, 2279, -1,
      2023, 2279, 2024, -1,
      2024, 2279, 2280, -1,
      2024, 2280, 2025, -1,
      2025, 2280, 2281, -1,
      2025, 2281, 2026, -1,
      2026, 2281, 2282, -1,
      2026, 2282, 2027, -1,
      2027, 2282, 2283, -1,
      2027, 2283, 2028, -1,
      2028, 2283, 2284, -1,
      2028, 2284, 2029, -1,
      2029, 2284, 2285, -1,
      2029, 2285, 2030, -1,
      2030, 2285, 2286, -1,
      2030, 2286, 2031, -1,
      2031, 2286, 2287, -1,
      2031, 2287, 2032, -1,
      2032, 2287, 2288, -1,
      2032, 2288, 2033, -1,
      2033, 2288, 2289, -1,
      2033, 2289, 2034, -1,
      2034, 2289, 2290, -1,
      2034, 2290, 2035, -1,
      2035, 2290, 2291, -1,
      2035, 2291, 2036, -1,
      2036, 2291, 2292, -1,
      2036, 2292, 2037, -1,
      2037, 2292, 2293, -1,
      2037, 2293, 2038, -1,
      2038, 2293, 2294, -1,
      2038, 2294, 2039, -1,
      2039, 2294, 2295, -1,
      2039, 2295, 2040, -1,
      2040, 2295, 2296, -1,
      2040, 2296, 2041, -1,
      2041, 2296, 2297, -1,
      2041, 2297, 2042, -1,
      2042, 2297, 2298, -1,
      2042, 2298, 2043, -1,
      2043, 2298, 2299, -1,
      2043, 2299, 2044, -1,
      2044, 2299, 2300, -1,
      2044, 2300, 2045, -1,
      2045, 2300, 2301, -1,
      2045, 2301, 2046, -1,
      2046, 2301, 2302, -1,
      2046, 2302, 2047, -1,
      2047, 2302, 2303, -1,
      2047, 2303, 2048, -1,
      2048, 2303, 2304, -1,
      2048, 2304, 2049, -1,
      2049, 2304, 2305, -1,
      2049, 2305, 2050, -1,
      2050, 2305, 2306, -1,
      2050, 2306, 2051, -1,
      2051, 2306, 2307, -1,
      2051, 2307, 2052, -1,
      2052, 2307, 2308, -1,
      2052, 2308, 2053, -1,
      2053, 2308, 2309, -1,
      2053, 2309, 2054, -1,
      2054, 2309, 2310, -1,
      2054, 2310, 2055, -1,
      2055, 2310, 2311, -1,
      2055, 2311, 2056, -1,
      2056, 2311, 2312, -1,
      2056, 2312, 2057, -1,
      2057, 2312, 2313, -1,
      2057, 2313, 2058, -1,
      2058, 2313, 2314, -1,
      2058, 2314, 2059, -1,
      2059, 2314, 2315, -1,
      2059, 2315, 2060, -1,
      2060, 2315, 2316, -1,
      2060, 2316, 2061, -1,
      2061, 2316, 2317, -1,
      2061, 2317, 2062, -1,
      2062, 2317, 2318, -1,
      2062, 2318, 2063, -1,
      2063, 2318, 2319, -1,
      2063, 2319, 2064, -1,
      2064, 2319, 2320, -1,
      2064, 2320, 2065, -1,
      2065, 2320, 2321, -1,
      2065, 2321, 2066, -1,
      2066, 2321, 2322, -1,
      2066, 2322, 2067, -1,
      2067, 2322, 2323, -1,
      2067, 2323, 2068, -1,
      2068, 2323, 2324, -1,
      2068, 2324, 2069, -1,
      2069, 2324, 2325, -1,
      2069, 2325, 2070, -1,
      2070, 2325, 2326, -1,
      2070, 2326, 2071, -1,
      2071, 2326, 2327, -1,
      2071, 2327, 2072, -1,
      2072, 2327, 2328, -1,
      2072, 2328, 2073, -1,
      2073, 2328, 2329, -1,
      2073, 2329, 2074, -1,
      2074, 2329, 2330, -1,
      2074, 2330, 2075, -1,
      2075, 2330, 2331, -1,
      376, 381, 2332, -1,
      2332, 381, 2076, -1,
      2332, 2076, 2333, -1,
      2333, 2076, 2077, -1,
      2333, 2077, 2334, -1,
      2334, 2077, 2078, -1,
      2334, 2078, 2335, -1,
      2335, 2078, 2079, -1,
      2335, 2079, 2336, -1,
      2336, 2079, 2080, -1,
      2336, 2080, 2337, -1,
      2337, 2080, 2081, -1,
      2337, 2081, 2338, -1,
      2338, 2081, 2082, -1,
      2338, 2082, 2339, -1,
      2339, 2082, 2083, -1,
      2339, 2083, 2340, -1,
      2340, 2083, 2084, -1,
      2340, 2084, 2341, -1,
      2341, 2084, 2085, -1,
      2341, 2085, 2342, -1,
      2342, 2085, 2086, -1,
      2342, 2086, 2343, -1,
      2343, 2086, 2087, -1,
      2343, 2087, 2344, -1,
      2344, 2087, 2088, -1,
      2344, 2088, 2345, -1,
      2345, 2088, 2089, -1,
      2345, 2089, 2346, -1,
      2346, 2089, 2090, -1,
      2346, 2090, 2347, -1,
      2347, 2090, 2091, -1,
      2347, 2091, 2348, -1,
      2348, 2091, 2092, -1,
      2348, 2092, 2349, -1,
      2349, 2092, 2093, -1,
      2349, 2093, 2350, -1,
      2350, 2093, 2094, -1,
      2350, 2094, 2351, -1,
      2351, 2094, 2095, -1,
      2351, 2095, 2352, -1,
      2352, 2095, 2096, -1,
      2352, 2096, 2353, -1,
      2353, 2096, 2097, -1,
      2353, 2097, 2354, -1,
      2354, 2097, 2098, -1,
      2354, 2098, 2355, -1,
      2355, 2098, 2099, -1,
      2355, 2099, 2356, -1,
      2356, 2099, 2100, -1,
      2356, 2100, 2357, -1,
      2357, 2100, 2101, -1,
      2357, 2101, 2358, -1,
      2358, 2101, 2102, -1,
      2358, 2102, 2359, -1,
      2359, 2102, 2103, -1,
      2359, 2103, 2360, -1,
      2360, 2103, 2104, -1,
      2360, 2104, 2361, -1,
      2361, 2104, 2105, -1,
      2361, 2105, 2362, -1,
      2362, 2105, 2106, -1,
      2362, 2106, 2363, -1,
      2363, 2106, 2107, -1,
      2363, 2107, 2364, -1,
      2364, 2107, 2108, -1,
      2364, 2108, 2365, -1,
      2365, 2108, 2109, -1,
      2365, 2109, 2366, -1,
      2366, 2109, 2110, -1,
      2366, 2110, 2367, -1,
      2367, 2110, 2111, -1,
      2367, 2111, 2368, -1,
      2368, 2111, 2112, -1,
      2368, 2112, 2369, -1,
      2369, 2112, 2113, -1,
      2369, 2113, 2370, -1,
      2370, 2113, 2114, -1,
      2370, 2114, 2371, -1,
      2371, 2114, 2115, -1,
      2371, 2115, 2372, -1,
      2372, 2115, 2116, -1,
      2372, 2116, 2373, -1,
      2373, 2116, 2117, -1,
      2373, 2117, 2374, -1,
      2374, 2117, 2118, -1,
      2374, 2118, 2375, -1,
      2375, 2118, 2119, -1,
      2375, 2119, 2376, -1,
      2376, 2119, 2120, -1,
      2376, 2120, 2377, -1,
      2377, 2120, 2121, -1,
      2377, 2121, 2378, -1,
      2378, 2121, 2122, -1,
      2378, 2122, 2379, -1,
      2379, 2122, 2123, -1,
      2379, 2123, 2380, -1,
      2380, 2123, 2124, -1,
      2380, 2124, 2381, -1,
      2381, 2124, 2125, -1,
      2381, 2125, 2382, -1,
      2382, 2125, 2126, -1,
      2382, 2126, 2383, -1,
      2383, 2126, 2127, -1,
      2383, 2127, 2384, -1,
      2384, 2127, 2128, -1,
      2384, 2128, 2385, -1,
      2385, 2128, 2129, -1,
      2385, 2129, 2386, -1,
      2386, 2129, 2130, -1,
      2386, 2130, 2387, -1,
      2387, 2130, 2131, -1,
      2387, 2131, 2388, -1,
      2388, 2131, 2132, -1,
      2388, 2132, 2389, -1,
      2389, 2132, 2133, -1,
      2389, 2133, 2390, -1,
      2390, 2133, 2134, -1,
      2390, 2134, 2391, -1,
      2391, 2134, 2135, -1,
      2391, 2135, 2392, -1,
      2392, 2135, 2136, -1,
      2392, 2136, 2393, -1,
      2393, 2136, 2137, -1,
      2393, 2137, 2394, -1,
      2394, 2137, 2138, -1,
      2394, 2138, 2395, -1,
      2395, 2138, 2139, -1,
      2395, 2139, 2396, -1,
      2396, 2139, 2140, -1,
      2396, 2140, 2397, -1,
      2397, 2140, 2141, -1,
      2397, 2141, 2398, -1,
      2398, 2141, 2142, -1,
      2398, 2142, 2399, -1,
      2399, 2142, 2143, -1,
      2399, 2143, 2400, -1,
      2400, 2143, 2144, -1,
      2400, 2144, 2401, -1,
      2401, 2144, 2145, -1,
      2401, 2145, 2402, -1,
      2402, 2145, 2146, -1,
      2402, 2146, 2403, -1,
      2403, 2146, 2147, -1,
      2403, 2147, 2404, -1,
      2404, 2147, 2148, -1,
      2404, 2148, 2405, -1,
      2405, 2148, 2149, -1,
      2405, 2149, 2406, -1,
      2406, 2149, 2150, -1,
      2406, 2150, 2407, -1,
      2407, 2150, 2151, -1,
      2407, 2151, 2408, -1,
      2408, 2151, 2152, -1,
      2408, 2152, 2409, -1,
      2409, 2152, 2153, -1,
      2409, 2153, 2410, -1,
      2410, 2153, 2154, -1,
      2410, 2154, 2411, -1,
      2411, 2154, 2155, -1,
      2411, 2155, 2412, -1,
      2412, 2155, 2156, -1,
      2412, 2156, 2413, -1,
      2413, 2156, 2157, -1,
      2413, 2157, 2414, -1,
      2414, 2157, 2158, -1,
      2414, 2158, 2415, -1,
      2415, 2158, 2159, -1,
      2415, 2159, 2416, -1,
      2416, 2159, 2160, -1,
      2416, 2160, 2417, -1,
      2417, 2160, 2161, -1,
      2417, 2161, 2418, -1,
      2418, 2161, 2162, -1,
      2418, 2162, 2419, -1,
      2419, 2162, 2163, -1,
      2419, 2163, 2420, -1,
      2420, 2163, 2164, -1,
      2420, 2164, 2421, -1,
      2421, 2164, 2165, -1,
      2421, 2165, 2422, -1,
      2422, 2165, 2166, -1,
      2422, 2166, 2423, -1,
      2423, 2166, 2167, -1,
      2423, 2167, 2424, -1,
      2424, 2167, 2168, -1,
      2424, 2168, 2425, -1,
      2425, 2168, 2169, -1,
      2425, 2169, 2426, -1,
      2426, 2169, 2170, -1,
      2426, 2170, 2427, -1,
      2427, 2170, 2171, -1,
      2427, 2171, 2428, -1,
      2428, 2171, 2172, -1,
      2428, 2172, 2429, -1,
      2429, 2172, 2173, -1,
      2429, 2173, 2430, -1,
      2430, 2173, 2174, -1,
      2430, 2174, 2431, -1,
      2431, 2174, 2175, -1,
      2431, 2175, 2432, -1,
      2432, 2175, 2176, -1,
      2432, 2176, 2433, -1,
      2433, 2176, 2177, -1,
      2433, 2177, 2434, -1,
      2434, 2177, 2178, -1,
      2434, 2178, 2435, -1,
      2435, 2178, 2179, -1,
      2435, 2179, 2436, -1,
      2436, 2179, 2180, -1,
      2436, 2180, 2437, -1,
      2437, 2180, 2181, -1,
      2437, 2181, 2438, -1,
      2438, 2181, 2182, -1,
      2438, 2182, 2439, -1,
      2439, 2182, 2183, -1,
      2439, 2183, 2440, -1,
      2440, 2183, 2184, -1,
      2440, 2184, 2441, -1,
      2441, 2184, 2185, -1,
      2441, 2185, 2442, -1,
      2442, 2185, 2186, -1,
      2442, 2186, 2443, -1,
      2443, 2186, 2187, -1,
      2443, 2187, 2444, -1,
      2444, 2187, 2188, -1,
      2444, 2188, 2445, -1,
      2445, 2188, 2189, -1,
      2445, 2189, 2446, -1,
      2446, 2189, 2190, -1,
      2446, 2190, 2447, -1,
      2447, 2190, 2191, -1,
      2447, 2191, 2448, -1,
      2448, 2191, 2192, -1,
      2448, 2192, 2449, -1,
      2449, 2192, 2193, -1,
      2449, 2193, 2450, -1,
      2450, 2193, 2194, -1,
      2450, 2194, 2451, -1,
      2451, 2194, 2195, -1,
      2451, 2195, 2452, -1,
      2452, 2195, 2196, -1,
      2452, 2196, 2453, -1,
      2453, 2196, 2197, -1,
      2453, 2197, 2454, -1,
      2454, 2197, 2198, -1,
      2454, 2198, 2455, -1,
      2455, 2198, 2199, -1,
      2455, 2199, 2456, -1,
      2456, 2199, 2200, -1,
      2456, 2200, 2457, -1,
      2457, 2200, 2201, -1,
      2457, 2201, 2458, -1,
      2458, 2201, 2202, -1,
      2458, 2202, 2459, -1,
      2459, 2202, 2203, -1,
      393, 392, 2204, -1,
      2204, 392, 2460, -1,
      2204, 2460, 2205, -1,
      2205, 2460, 2461, -1,
      2205, 2461, 2206, -1,
      2206, 2461, 2462, -1,
      2206, 2462, 2207, -1,
      2207, 2462, 2463, -1,
      2207, 2463, 2208, -1,
      2208, 2463, 2464, -1,
      2208, 2464, 2209, -1,
      2209, 2464, 2465, -1,
      2209, 2465, 2210, -1,
      2210, 2465, 2466, -1,
      2210, 2466, 2211, -1,
      2211, 2466, 2467, -1,
      2211, 2467, 2212, -1,
      2212, 2467, 2468, -1,
      2212, 2468, 2213, -1,
      2213, 2468, 2469, -1,
      2213, 2469, 2214, -1,
      2214, 2469, 2470, -1,
      2214, 2470, 2215, -1,
      2215, 2470, 2471, -1,
      2215, 2471, 2216, -1,
      2216, 2471, 2472, -1,
      2216, 2472, 2217, -1,
      2217, 2472, 2473, -1,
      2217, 2473, 2218, -1,
      2218, 2473, 2474, -1,
      2218, 2474, 2219, -1,
      2219, 2474, 2475, -1,
      2219, 2475, 2220, -1,
      2220, 2475, 2476, -1,
      2220, 2476, 2221, -1,
      2221, 2476, 2477, -1,
      2221, 2477, 2222, -1,
      2222, 2477, 2478, -1,
      2222, 2478, 2223, -1,
      2223, 2478, 2479, -1,
      2223, 2479, 2224, -1,
      2224, 2479, 2480, -1,
      2224, 2480, 2225, -1,
      2225, 2480, 2481, -1,
      2225, 2481, 2226, -1,
      2226, 2481, 2482, -1,
      2226, 2482, 2227, -1,
      2227, 2482, 2483, -1,
      2227, 2483, 2228, -1,
      2228, 2483, 2484, -1,
      2228, 2484, 2229, -1,
      2229, 2484, 2485, -1,
      2229, 2485, 2230, -1,
      2230, 2485, 2486, -1,
      2230, 2486, 2231, -1,
      2231, 2486, 2487, -1,
      2231, 2487, 2232, -1,
      2232, 2487, 2488, -1,
      2232, 2488, 2233, -1,
      2233, 2488, 2489, -1,
      2233, 2489, 2234, -1,
      2234, 2489, 2490, -1,
      2234, 2490, 2235, -1,
      2235, 2490, 2491, -1,
      2235, 2491, 2236, -1,
      2236, 2491, 2492, -1,
      2236, 2492, 2237, -1,
      2237, 2492, 2493, -1,
      2237, 2493, 2238, -1,
      2238, 2493, 2494, -1,
      2238, 2494, 2239, -1,
      2239, 2494, 2495, -1,
      2239, 2495, 2240, -1,
      2240, 2495, 2496, -1,
      2240, 2496, 2241, -1,
      2241, 2496, 2497, -1,
      2241, 2497, 2242, -1,
      2242, 2497, 2498, -1,
      2242, 2498, 2243, -1,
      2243, 2498, 2499, -1,
      2243, 2499, 2244, -1,
      2244, 2499, 2500, -1,
      2244, 2500, 2245, -1,
      2245, 2500, 2501, -1,
      2245, 2501, 2246, -1,
      2246, 2501, 2502, -1,
      2246, 2502, 2247, -1,
      2247, 2502, 2503, -1,
      2247, 2503, 2248, -1,
      2248, 2503, 2504, -1,
      2248, 2504, 2249, -1,
      2249, 2504, 2505, -1,
      2249, 2505, 2250, -1,
      2250, 2505, 2506, -1,
      2250, 2506, 2251, -1,
      2251, 2506, 2507, -1,
      2251, 2507, 2252, -1,
      2252, 2507, 2508, -1,
      2252, 2508, 2253, -1,
      2253, 2508, 2509, -1,
      2253, 2509, 2254, -1,
      2254, 2509, 2510, -1,
      2254, 2510, 2255, -1,
      2255, 2510, 2511, -1,
      2255, 2511, 2256, -1,
      2256, 2511, 2512, -1,
      2256, 2512, 2257, -1,
      2257, 2512, 2513, -1,
      2257, 2513, 2258, -1,
      2258, 2513, 2514, -1,
      2258, 2514, 2259, -1,
      2259, 2514, 2515, -1,
      2259, 2515, 2260, -1,
      2260, 2515, 2516, -1,
      2260, 2516, 2261, -1,
      2261, 2516, 2517, -1,
      2261, 2517, 2262, -1,
      2262, 2517, 2518, -1,
      2262, 2518, 2263, -1,
      2263, 2518, 2519, -1,
      2263, 2519, 2264, -1,
      2264, 2519, 2520, -1,
      2264, 2520, 2265, -1,
      2265, 2520, 2521, -1,
      2265, 2521, 2266, -1,
      2266, 2521, 2522, -1,
      2266, 2522, 2267, -1,
      2267, 2522, 2523, -1,
      2267, 2523, 2268, -1,
      2268, 2523, 2524, -1,
      2268, 2524, 2269, -1,
      2269, 2524, 2525, -1,
      2269, 2525, 2270, -1,
      2270, 2525, 2526, -1,
      2270, 2526, 2271, -1,
      2271, 2526, 2527, -1,
      2271, 2527, 2272, -1,
      2272, 2527, 2528, -1,
      2272, 2528, 2273, -1,
      2273, 2528, 2529, -1,
      2273, 2529, 2274, -1,
      2274, 2529, 2530, -1,
      2274, 2530, 2275, -1,
      2275, 2530, 2531, -1,
      2275, 2531, 2276, -1,
      2276, 2531, 2532, -1,
      2276, 2532, 2277, -1,
      2277, 2532, 2533, -1,
      2277, 2533, 2278, -1,
      2278, 2533, 2534, -1,
      2278, 2534, 2279, -1,
      2279, 2534, 2535, -1,
      2279, 2535, 2280, -1,
      2280, 2535, 2536, -1,
      2280, 2536, 2281, -1,
      2281, 2536, 2537, -1,
      2281, 2537, 2282, -1,
      2282, 2537, 2538, -1,
      2282, 2538, 2283, -1,
      2283, 2538, 2539, -1,
      2283, 2539, 2284, -1,
      2284, 2539, 2540, -1,
      2284, 2540, 2285, -1,
      2285, 2540, 2541, -1,
      2285, 2541, 2286, -1,
      2286, 2541, 2542, -1,
      2286, 2542, 2287, -1,
      2287, 2542, 2543, -1,
      2287, 2543, 2288, -1,
      2288, 2543, 2544, -1,
      2288, 2544, 2289, -1,
      2289, 2544, 2545, -1,
      2289, 2545, 2290, -1,
      2290, 2545, 2546, -1,
      2290, 2546, 2291, -1,
      2291, 2546, 2547, -1,
      2291, 2547, 2292, -1,
      2292, 2547, 2548, -1,
      2292, 2548, 2293, -1,
      2293, 2548, 2549, -1,
      2293, 2549, 2294, -1,
      2294, 2549, 2550, -1,
      2294, 2550, 2295, -1,
      2295, 2550, 2551, -1,
      2295, 2551, 2296, -1,
      2296, 2551, 2552, -1,
      2296, 2552, 2297, -1,
      2297, 2552, 2553, -1,
      2297, 2553, 2298, -1,
      2298, 2553, 2554, -1,
      2298, 2554, 2299, -1,
      2299, 2554, 2555, -1,
      2299, 2555, 2300, -1,
      2300, 2555, 2556, -1,
      2300, 2556, 2301, -1,
      2301, 2556, 2557, -1,
      2301, 2557, 2302, -1,
      2302, 2557, 2558, -1,
      2302, 2558, 2303, -1,
      2303, 2558, 2559, -1,
      2303, 2559, 2304, -1,
      2304, 2559, 2560, -1,
      2304, 2560, 2305, -1,
      2305, 2560, 2561, -1,
      2305, 2561, 2306, -1,
      2306, 2561, 2562, -1,
      2306, 2562, 2307, -1,
      2307, 2562, 2563, -1,
      2307, 2563, 2308, -1,
      2308, 2563, 2564, -1,
      2308, 2564, 2309, -1,
      2309, 2564, 2565, -1,
      2309, 2565, 2310, -1,
      2310, 2565, 2566, -1,
      2310, 2566, 2311, -1,
      2311, 2566, 2567, -1,
      2311, 2567, 2312, -1,
      2312, 2567, 2568, -1,
      2312, 2568, 2313, -1,
      2313, 2568, 2569, -1,
      2313, 2569, 2314, -1,
      2314, 2569, 2570, -1,
      2314, 2570, 2315, -1,
      2315, 2570, 2571, -1,
      2315, 2571, 2316, -1,
      2316, 2571, 2572, -1,
      2316, 2572, 2317, -1,
      2317, 2572, 2573, -1,
      2317, 2573, 2318, -1,
      2318, 2573, 2574, -1,
      2318, 2574, 2319, -1,
      2319, 2574, 2575, -1,
      2319, 2575, 2320, -1,
      2320, 2575, 2576, -1,
      2320, 2576, 2321, -1,
      2321, 2576, 2577, -1,
      2321, 2577, 2322, -1,
      2322, 2577, 2578, -1,
      2322, 2578, 2323, -1,
      2323, 2578, 2579, -1,
      2323, 2579, 2324, -1,
      2324, 2579, 2580, -1,
      2324, 2580, 2325, -1,
      2325, 2580, 2581, -1,
      2325, 2581, 2326, -1,
      2326, 2581, 2582, -1,
      2326, 2582, 2327, -1,
      2327, 2582, 2583, -1,
      2327, 2583, 2328, -1,
      2328, 2583, 2584, -1,
      2328, 2584, 2329, -1,
      2329, 2584, 2585, -1,
      2329, 2585, 2330, -1,
      2330, 2585, 2586, -1,
      2330, 2586, 2331, -1,
      2331, 2586, 2587, -1,
      377, 376, 2588, -1,
      2588, 376, 2332, -1,
      2588, 2332, 2589, -1,
      2589, 2332, 2333, -1,
      2589, 2333, 2590, -1,
      2590, 2333, 2334, -1,
      2590, 2334, 2591, -1,
      2591, 2334, 2335, -1,
      2591, 2335, 2592, -1,
      2592, 2335, 2336, -1,
      2592, 2336, 2593, -1,
      2593, 2336, 2337, -1,
      2593, 2337, 2594, -1,
      2594, 2337, 2338, -1,
      2594, 2338, 2595, -1,
      2595, 2338, 2339, -1,
      2595, 2339, 2596, -1,
      2596, 2339, 2340, -1,
      2596, 2340, 2597, -1,
      2597, 2340, 2341, -1,
      2597, 2341, 2598, -1,
      2598, 2341, 2342, -1,
      2598, 2342, 2599, -1,
      2599, 2342, 2343, -1,
      2599, 2343, 2600, -1,
      2600, 2343, 2344, -1,
      2600, 2344, 2601, -1,
      2601, 2344, 2345, -1,
      2601, 2345, 2602, -1,
      2602, 2345, 2346, -1,
      2602, 2346, 2603, -1,
      2603, 2346, 2347, -1,
      2603, 2347, 2604, -1,
      2604, 2347, 2348, -1,
      2604, 2348, 2605, -1,
      2605, 2348, 2349, -1,
      2605, 2349, 2606, -1,
      2606, 2349, 2350, -1,
      2606, 2350, 2607, -1,
      2607, 2350, 2351, -1,
      2607, 2351, 2608, -1,
      2608, 2351, 2352, -1,
      2608, 2352, 2609, -1,
      2609, 2352, 2353, -1,
      2609, 2353, 2610, -1,
      2610, 2353, 2354, -1,
      2610, 2354, 2611, -1,
      2611, 2354, 2355, -1,
      2611, 2355, 2612, -1,
      2612, 2355, 2356, -1,
      2612, 2356, 2613, -1,
      2613, 2356, 2357, -1,
      2613, 2357, 2614, -1,
      2614, 2357, 2358, -1,
      2614, 2358, 2615, -1,
      2615, 2358, 2359, -1,
      2615, 2359, 2616, -1,
      2616, 2359, 2360, -1,
      2616, 2360, 2617, -1,
      2617, 2360, 2361, -1,
      2617, 2361, 2618, -1,
      2618, 2361, 2362, -1,
      2618, 2362, 2619, -1,
      2619, 2362, 2363, -1,
      2619, 2363, 2620, -1,
      2620, 2363, 2364, -1,
      2620, 2364, 2621, -1,
      2621, 2364, 2365, -1,
      2621, 2365, 2622, -1,
      2622, 2365, 2366, -1,
      2622, 2366, 2623, -1,
      2623, 2366, 2367, -1,
      2623, 2367, 2624, -1,
      2624, 2367, 2368, -1,
      2624, 2368, 2625, -1,
      2625, 2368, 2369, -1,
      2625, 2369, 2626, -1,
      2626, 2369, 2370, -1,
      2626, 2370, 2627, -1,
      2627, 2370, 2371, -1,
      2627, 2371, 2628, -1,
      2628, 2371, 2372, -1,
      2628, 2372, 2629, -1,
      2629, 2372, 2373, -1,
      2629, 2373, 2630, -1,
      2630, 2373, 2374, -1,
      2630, 2374, 2631, -1,
      2631, 2374, 2375, -1,
      2631, 2375, 2632, -1,
      2632, 2375, 2376, -1,
      2632, 2376, 2633, -1,
      2633, 2376, 2377, -1,
      2633, 2377, 2634, -1,
      2634, 2377, 2378, -1,
      2634, 2378, 2635, -1,
      2635, 2378, 2379, -1,
      2635, 2379, 2636, -1,
      2636, 2379, 2380, -1,
      2636, 2380, 2637, -1,
      2637, 2380, 2381, -1,
      2637, 2381, 2638, -1,
      2638, 2381, 2382, -1,
      2638, 2382, 2639, -1,
      2639, 2382, 2383, -1,
      2639, 2383, 2640, -1,
      2640, 2383, 2384, -1,
      2640, 2384, 2641, -1,
      2641, 2384, 2385, -1,
      2641, 2385, 2642, -1,
      2642, 2385, 2386, -1,
      2642, 2386, 2643, -1,
      2643, 2386, 2387, -1,
      2643, 2387, 2644, -1,
      2644, 2387, 2388, -1,
      2644, 2388, 2645, -1,
      2645, 2388, 2389, -1,
      2645, 2389, 2646, -1,
      2646, 2389, 2390, -1,
      2646, 2390, 2647, -1,
      2647, 2390, 2391, -1,
      2647, 2391, 2648, -1,
      2648, 2391, 2392, -1,
      2648, 2392, 2649, -1,
      2649, 2392, 2393, -1,
      2649, 2393, 2650, -1,
      2650, 2393, 2394, -1,
      2650, 2394, 2651, -1,
      2651, 2394, 2395, -1,
      2651, 2395, 2652, -1,
      2652, 2395, 2396, -1,
      2652, 2396, 2653, -1,
      2653, 2396, 2397, -1,
      2653, 2397, 2654, -1,
      2654, 2397, 2398, -1,
      2654, 2398, 2655, -1,
      2655, 2398, 2399, -1,
      2655, 2399, 2656, -1,
      2656, 2399, 2400, -1,
      2656, 2400, 2657, -1,
      2657, 2400, 2401, -1,
      2657, 2401, 2658, -1,
      2658, 2401, 2402, -1,
      2658, 2402, 2659, -1,
      2659, 2402, 2403, -1,
      2659, 2403, 2660, -1,
      2660, 2403, 2404, -1,
      2660, 2404, 2661, -1,
      2661, 2404, 2405, -1,
      2661, 2405, 2662, -1,
      2662, 2405, 2406, -1,
      2662, 2406, 2663, -1,
      2663, 2406, 2407, -1,
      2663, 2407, 2664, -1,
      2664, 2407, 2408, -1,
      2664, 2408, 2665, -1,
      2665, 2408, 2409, -1,
      2665, 2409, 2666, -1,
      2666, 2409, 2410, -1,
      2666, 2410, 2667, -1,
      2667, 2410, 2411, -1,
      2667, 2411, 2668, -1,
      2668, 2411, 2412, -1,
      2668, 2412, 2669, -1,
      2669, 2412, 2413, -1,
      2669, 2413, 2670, -1,
      2670, 2413, 2414, -1,
      2670, 2414, 2671, -1,
      2671, 2414, 2415, -1,
      2671, 2415, 2672, -1,
      2672, 2415, 2416, -1,
      2672, 2416, 2673, -1,
      2673, 2416, 2417, -1,
      2673, 2417, 2674, -1,
      2674, 2417, 2418, -1,
      2674, 2418, 2675, -1,
      2675, 2418, 2419, -1,
      2675, 2419, 2676, -1,
      2676, 2419, 2420, -1,
      2676, 2420, 2677, -1,
      2677, 2420, 2421, -1,
      2677, 2421, 2678, -1,
      2678, 2421, 2422, -1,
      2678, 2422, 2679, -1,
      2679, 2422, 2423, -1,
      2679, 2423, 2680, -1,
      2680, 2423, 2424, -1,
      2680, 2424, 2681, -1,
      2681, 2424, 2425, -1,
      2681, 2425, 2682, -1,
      2682, 2425, 2426, -1,
      2682, 2426, 2683, -1,
      2683, 2426, 2427, -1,
      2683, 2427, 2684, -1,
      2684, 2427, 2428, -1,
      2684, 2428, 2685, -1,
      2685, 2428, 2429, -1,
      2685, 2429, 2686, -1,
      2686, 2429, 2430, -1,
      2686, 2430, 2687, -1,
      2687, 2430, 2431, -1,
      2687, 2431, 2688, -1,
      2688, 2431, 2432, -1,
      2688, 2432, 2689, -1,
      2689, 2432, 2433, -1,
      2689, 2433, 2690, -1,
      2690, 2433, 2434, -1,
      2690, 2434, 2691, -1,
      2691, 2434, 2435, -1,
      2691, 2435, 2692, -1,
      2692, 2435, 2436, -1,
      2692, 2436, 2693, -1,
      2693, 2436, 2437, -1,
      2693, 2437, 2694, -1,
      2694, 2437, 2438, -1,
      2694, 2438, 2695, -1,
      2695, 2438, 2439, -1,
      2695, 2439, 2696, -1,
      2696, 2439, 2440, -1,
      2696, 2440, 2697, -1,
      2697, 2440, 2441, -1,
      2697, 2441, 2698, -1,
      2698, 2441, 2442, -1,
      2698, 2442, 2699, -1,
      2699, 2442, 2443, -1,
      2699, 2443, 2700, -1,
      2700, 2443, 2444, -1,
      2700, 2444, 2701, -1,
      2701, 2444, 2445, -1,
      2701, 2445, 2702, -1,
      2702, 2445, 2446, -1,
      2702, 2446, 2703, -1,
      2703, 2446, 2447, -1,
      2703, 2447, 2704, -1,
      2704, 2447, 2448, -1,
      2704, 2448, 2705, -1,
      2705, 2448, 2449, -1,
      2705, 2449, 2706, -1,
      2706, 2449, 2450, -1,
      2706, 2450, 2707, -1,
      2707, 2450, 2451, -1,
      2707, 2451, 2708, -1,
      2708, 2451, 2452, -1,
      2708, 2452, 2709, -1,
      2709, 2452, 2453, -1,
      2709, 2453, 2710, -1,
      2710, 2453, 2454, -1,
      2710, 2454, 2711, -1,
      2711, 2454, 2455, -1,
      2711, 2455, 2712, -1,
      2712, 2455, 2456, -1,
      2712, 2456, 2713, -1,
      2713, 2456, 2457, -1,
      2713, 2457, 2714, -1,
      2714, 2457, 2458, -1,
      2714, 2458, 2715, -1,
      2715, 2458, 2459, -1,
      392, 397, 2460, -1,
      2460, 397, 2716, -1,
      2460, 2716, 2461, -1,
      2461, 2716, 2717, -1,
      2461, 2717, 2462, -1,
      2462, 2717, 2718, -1,
      2462, 2718, 2463, -1,
      2463, 2718, 2719, -1,
      2463, 2719, 2464, -1,
      2464, 2719, 2720, -1,
      2464, 2720, 2465, -1,
      2465, 2720, 2721, -1,
      2465, 2721, 2466, -1,
      2466, 2721, 2722, -1,
      2466, 2722, 2467, -1,
      2467, 2722, 2723, -1,
      2467, 2723, 2468, -1,
      2468, 2723, 2724, -1,
      2468, 2724, 2469, -1,
      2469, 2724, 2725, -1,
      2469, 2725, 2470, -1,
      2470, 2725, 2726, -1,
      2470, 2726, 2471, -1,
      2471, 2726, 2727, -1,
      2471, 2727, 2472, -1,
      2472, 2727, 2728, -1,
      2472, 2728, 2473, -1,
      2473, 2728, 2729, -1,
      2473, 2729, 2474, -1,
      2474, 2729, 2730, -1,
      2474, 2730, 2475, -1,
      2475, 2730, 2731, -1,
      2475, 2731, 2476, -1,
      2476, 2731, 2732, -1,
      2476, 2732, 2477, -1,
      2477, 2732, 2733, -1,
      2477, 2733, 2478, -1,
      2478, 2733, 2734, -1,
      2478, 2734, 2479, -1,
      2479, 2734, 2735, -1,
      2479, 2735, 2480, -1,
      2480, 2735, 2736, -1,
      2480, 2736, 2481, -1,
      2481, 2736, 2737, -1,
      2481, 2737, 2482, -1,
      2482, 2737, 2738, -1,
      2482, 2738, 2483, -1,
      2483, 2738, 2739, -1,
      2483, 2739, 2484, -1,
      2484, 2739, 2740, -1,
      2484, 2740, 2485, -1,
      2485, 2740, 2741, -1,
      2485, 2741, 2486, -1,
      2486, 2741, 2742, -1,
      2486, 2742, 2487, -1,
      2487, 2742, 2743, -1,
      2487, 2743, 2488, -1,
      2488, 2743, 2744, -1,
      2488, 2744, 2489, -1,
      2489, 2744, 2745, -1,
      2489, 2745, 2490, -1,
      2490, 2745, 2746, -1,
      2490, 2746, 2491, -1,
      2491, 2746, 2747, -1,
      2491, 2747, 2492, -1,
      2492, 2747, 2748, -1,
      2492, 2748, 2493, -1,
      2493, 2748, 2749, -1,
      2493, 2749, 2494, -1,
      2494, 2749, 2750, -1,
      2494, 2750, 2495, -1,
      2495, 2750, 2751, -1,
      2495, 2751, 2496, -1,
      2496, 2751, 2752, -1,
      2496, 2752, 2497, -1,
      2497, 2752, 2753, -1,
      2497, 2753, 2498, -1,
      2498, 2753, 2754, -1,
      2498, 2754, 2499, -1,
      2499, 2754, 2755, -1,
      2499, 2755, 2500, -1,
      2500, 2755, 2756, -1,
      2500, 2756, 2501, -1,
      2501, 2756, 2757, -1,
      2501, 2757, 2502, -1,
      2502, 2757, 2758, -1,
      2502, 2758, 2503, -1,
      2503, 2758, 2759, -1,
      2503, 2759, 2504, -1,
      2504, 2759, 2760, -1,
      2504, 2760, 2505, -1,
      2505, 2760, 2761, -1,
      2505, 2761, 2506, -1,
      2506, 2761, 2762, -1,
      2506, 2762, 2507, -1,
      2507, 2762, 2763, -1,
      2507, 2763, 2508, -1,
      2508, 2763, 2764, -1,
      2508, 2764, 2509, -1,
      2509, 2764, 2765, -1,
      2509, 2765, 2510, -1,
      2510, 2765, 2766, -1,
      2510, 2766, 2511, -1,
      2511, 2766, 2767, -1,
      2511, 2767, 2512, -1,
      2512, 2767, 2768, -1,
      2512, 2768, 2513, -1,
      2513, 2768, 2769, -1,
      2513, 2769, 2514, -1,
      2514, 2769, 2770, -1,
      2514, 2770, 2515, -1,
      2515, 2770, 2771, -1,
      2515, 2771, 2516, -1,
      2516, 2771, 2772, -1,
      2516, 2772, 2517, -1,
      2517, 2772, 2773, -1,
      2517, 2773, 2518, -1,
      2518, 2773, 2774, -1,
      2518, 2774, 2519, -1,
      2519, 2774, 2775, -1,
      2519, 2775, 2520, -1,
      2520, 2775, 2776, -1,
      2520, 2776, 2521, -1,
      2521, 2776, 2777, -1,
      2521, 2777, 2522, -1,
      2522, 2777, 2778, -1,
      2522, 2778, 2523, -1,
      2523, 2778, 2779, -1,
      2523, 2779, 2524, -1,
      2524, 2779, 2780, -1,
      2524, 2780, 2525, -1,
      2525, 2780, 2781, -1,
      2525, 2781, 2526, -1,
      2526, 2781, 2782, -1,
      2526, 2782, 2527, -1,
      2527, 2782, 2783, -1,
      2527, 2783, 2528, -1,
      2528, 2783, 2784, -1,
      2528, 2784, 2529, -1,
      2529, 2784, 2785, -1,
      2529, 2785, 2530, -1,
      2530, 2785, 2786, -1,
      2530, 2786, 2531, -1,
      2531, 2786, 2787, -1,
      2531, 2787, 2532, -1,
      2532, 2787, 2788, -1,
      2532, 2788, 2533, -1,
      2533, 2788, 2789, -1,
      2533, 2789, 2534, -1,
      2534, 2789, 2790, -1,
      2534, 2790, 2535, -1,
      2535, 2790, 2791, -1,
      2535, 2791, 2536, -1,
      2536, 2791, 2792, -1,
      2536, 2792, 2537, -1,
      2537, 2792, 2793, -1,
      2537, 2793, 2538, -1,
      2538, 2793, 2794, -1,
      2538, 2794, 2539, -1,
      2539, 2794, 2795, -1,
      2539, 2795, 2540, -1,
      2540, 2795, 2796, -1,
      2540, 2796, 2541, -1,
      2541, 2796, 2797, -1,
      2541, 2797, 2542, -1,
      2542, 2797, 2798, -1,
      2542, 2798, 2543, -1,
      2543, 2798, 2799, -1,
      2543, 2799, 2544, -1,
      2544, 2799, 2800, -1,
      2544, 2800, 2545, -1,
      2545, 2800, 2801, -1,
      2545, 2801, 2546, -1,
      2546, 2801, 2802, -1,
      2546, 2802, 2547, -1,
      2547, 2802, 2803, -1,
      2547, 2803, 2548, -1,
      2548, 2803, 2804, -1,
      2548, 2804, 2549, -1,
      2549, 2804, 2805, -1,
      2549, 2805, 2550, -1,
      2550, 2805, 2806, -1,
      2550, 2806, 2551, -1,
      2551, 2806, 2807, -1,
      2551, 2807, 2552, -1,
      2552, 2807, 2808, -1,
      2552, 2808, 2553, -1,
      2553, 2808, 2809, -1,
      2553, 2809, 2554, -1,
      2554, 2809, 2810, -1,
      2554, 2810, 2555, -1,
      2555, 2810, 2811, -1,
      2555, 2811, 2556, -1,
      2556, 2811, 2812, -1,
      2556, 2812, 2557, -1,
      2557, 2812, 2813, -1,
      2557, 2813, 2558, -1,
      2558, 2813, 2814, -1,
      2558, 2814, 2559, -1,
      2559, 2814, 2815, -1,
      2559, 2815, 2560, -1,
      2560, 2815, 2816, -1,
      2560, 2816, 2561, -1,
      2561, 2816, 2817, -1,
      2561, 2817, 2562, -1,
      2562, 2817, 2818, -1,
      2562, 2818, 2563, -1,
      2563, 2818, 2819, -1,
      2563, 2819, 2564, -1,
      2564, 2819, 2820, -1,
      2564, 2820, 2565, -1,
      2565, 2820, 2821, -1,
      2565, 2821, 2566, -1,
      2566, 2821, 2822, -1,
      2566, 2822, 2567, -1,
      2567, 2822, 2823, -1,
      2567, 2823, 2568, -1,
      2568, 2823, 2824, -1,
      2568, 2824, 2569, -1,
      2569, 2824, 2825, -1,
      2569, 2825, 2570, -1,
      2570, 2825, 2826, -1,
      2570, 2826, 2571, -1,
      2571, 2826, 2827, -1,
      2571, 2827, 2572, -1,
      2572, 2827, 2828, -1,
      2572, 2828, 2573, -1,
      2573, 2828, 2829, -1,
      2573, 2829, 2574, -1,
      2574, 2829, 2830, -1,
      2574, 2830, 2575, -1,
      2575, 2830, 2831, -1,
      2575, 2831, 2576, -1,
      2576, 2831, 2832, -1,
      2576, 2832, 2577, -1,
      2577, 2832, 2833, -1,
      2577, 2833, 2578, -1,
      2578, 2833, 2834, -1,
      2578, 2834, 2579, -1,
      2579, 2834, 2835, -1,
      2579, 2835, 2580, -1,
      2580, 2835, 2836, -1,
      2580, 2836, 2581, -1,
      2581, 2836, 2837, -1,
      2581, 2837, 2582, -1,
      2582, 2837, 2838, -1,
      2582, 2838, 2583, -1,
      2583, 2838, 2839, -1,
      2583, 2839, 2584, -1,
      2584, 2839, 2840, -1,
      2584, 2840, 2585, -1,
      2585, 2840, 2841, -1,
      2585, 2841, 2586, -1,
      2586, 2841, 2842, -1,
      2586, 2842, 2587, -1,
      2587, 2842, 2843, -1,
      378, 377, 2844, -1,
      2844, 377, 2588, -1,
      2844, 2588, 2845, -1,
      2845, 2588, 2589, -1,
      2845, 2589, 2846, -1,
      2846, 2589, 2590, -1,
      2846, 2590, 2847, -1,
      2847, 2590, 2591, -1,
      2847, 2591, 2848, -1,
      2848, 2591, 2592, -1,
      2848, 2592, 2849, -1,
      2849, 2592, 2593, -1,
      2849, 2593, 2850, -1,
      2850, 2593, 2594, -1,
      2850, 2594, 2851, -1,
      2851, 2594, 2595, -1,
      2851, 2595, 2852, -1,
      2852, 2595, 2596, -1,
      2852, 2596, 2853, -1,
      2853, 2596, 2597, -1,
      2853, 2597, 2854, -1,
      2854, 2597, 2598, -1,
      2854, 2598, 2855, -1,
      2855, 2598, 2599, -1,
      2855, 2599, 2856, -1,
      2856, 2599, 2600, -1,
      2856, 2600, 2857, -1,
      2857, 2600, 2601, -1,
      2857, 2601, 2858, -1,
      2858, 2601, 2602, -1,
      2858, 2602, 2859, -1,
      2859, 2602, 2603, -1,
      2859, 2603, 2860, -1,
      2860, 2603, 2604, -1,
      2860, 2604, 2861, -1,
      2861, 2604, 2605, -1,
      2861, 2605, 2862, -1,
      2862, 2605, 2606, -1,
      2862, 2606, 2863, -1,
      2863, 2606, 2607, -1,
      2863, 2607, 2864, -1,
      2864, 2607, 2608, -1,
      2864, 2608, 2865, -1,
      2865, 2608, 2609, -1,
      2865, 2609, 2866, -1,
      2866, 2609, 2610, -1,
      2866, 2610, 2867, -1,
      2867, 2610, 2611, -1,
      2867, 2611, 2868, -1,
      2868, 2611, 2612, -1,
      2868, 2612, 2869, -1,
      2869, 2612, 2613, -1,
      2869, 2613, 2870, -1,
      2870, 2613, 2614, -1,
      2870, 2614, 2871, -1,
      2871, 2614, 2615, -1,
      2871, 2615, 2872, -1,
      2872, 2615, 2616, -1,
      2872, 2616, 2873, -1,
      2873, 2616, 2617, -1,
      2873, 2617, 2874, -1,
      2874, 2617, 2618, -1,
      2874, 2618, 2875, -1,
      2875, 2618, 2619, -1,
      2875, 2619, 2876, -1,
      2876, 2619, 2620, -1,
      2876, 2620, 2877, -1,
      2877, 2620, 2621, -1,
      2877, 2621, 2878, -1,
      2878, 2621, 2622, -1,
      2878, 2622, 2879, -1,
      2879, 2622, 2623, -1,
      2879, 2623, 2880, -1,
      2880, 2623, 2624, -1,
      2880, 2624, 2881, -1,
      2881, 2624, 2625, -1,
      2881, 2625, 2882, -1,
      2882, 2625, 2626, -1,
      2882, 2626, 2883, -1,
      2883, 2626, 2627, -1,
      2883, 2627, 2884, -1,
      2884, 2627, 2628, -1,
      2884, 2628, 2885, -1,
      2885, 2628, 2629, -1,
      2885, 2629, 2886, -1,
      2886, 2629, 2630, -1,
      2886, 2630, 2887, -1,
      2887, 2630, 2631, -1,
      2887, 2631, 2888, -1,
      2888, 2631, 2632, -1,
      2888, 2632, 2889, -1,
      2889, 2632, 2633, -1,
      2889, 2633, 2890, -1,
      2890, 2633, 2634, -1,
      2890, 2634, 2891, -1,
      2891, 2634, 2635, -1,
      2891, 2635, 2892, -1,
      2892, 2635, 2636, -1,
      2892, 2636, 2893, -1,
      2893, 2636, 2637, -1,
      2893, 2637, 2894, -1,
      2894, 2637, 2638, -1,
      2894, 2638, 2895, -1,
      2895, 2638, 2639, -1,
      2895, 2639, 2896, -1,
      2896, 2639, 2640, -1,
      2896, 2640, 2897, -1,
      2897, 2640, 2641, -1,
      2897, 2641, 2898, -1,
      2898, 2641, 2642, -1,
      2898, 2642, 2899, -1,
      2899, 2642, 2643, -1,
      2899, 2643, 2900, -1,
      2900, 2643, 2644, -1,
      2900, 2644, 2901, -1,
      2901, 2644, 2645, -1,
      2901, 2645, 2902, -1,
      2902, 2645, 2646, -1,
      2902, 2646, 2903, -1,
      2903, 2646, 2647, -1,
      2903, 2647, 2904, -1,
      2904, 2647, 2648, -1,
      2904, 2648, 2905, -1,
      2905, 2648, 2649, -1,
      2905, 2649, 2906, -1,
      2906, 2649, 2650, -1,
      2906, 2650, 2907, -1,
      2907, 2650, 2651, -1,
      2907, 2651, 2908, -1,
      2908, 2651, 2652, -1,
      2908, 2652, 2909, -1,
      2909, 2652, 2653, -1,
      2909, 2653, 2910, -1,
      2910, 2653, 2654, -1,
      2910, 2654, 2911, -1,
      2911, 2654, 2655, -1,
      2911, 2655, 2912, -1,
      2912, 2655, 2656, -1,
      2912, 2656, 2913, -1,
      2913, 2656, 2657, -1,
      2913, 2657, 2914, -1,
      2914, 2657, 2658, -1,
      2914, 2658, 2915, -1,
      2915, 2658, 2659, -1,
      2915, 2659, 2916, -1,
      2916, 2659, 2660, -1,
      2916, 2660, 2917, -1,
      2917, 2660, 2661, -1,
      2917, 2661, 2918, -1,
      2918, 2661, 2662, -1,
      2918, 2662, 2919, -1,
      2919, 2662, 2663, -1,
      2919, 2663, 2920, -1,
      2920, 2663, 2664, -1,
      2920, 2664, 2921, -1,
      2921, 2664, 2665, -1,
      2921, 2665, 2922, -1,
      2922, 2665, 2666, -1,
      2922, 2666, 2923, -1,
      2923, 2666, 2667, -1,
      2923, 2667, 2924, -1,
      2924, 2667, 2668, -1,
      2924, 2668, 2925, -1,
      2925, 2668, 2669, -1,
      2925, 2669, 2926, -1,
      2926, 2669, 2670, -1,
      2926, 2670, 2927, -1,
      2927, 2670, 2671, -1,
      2927, 2671, 2928, -1,
      2928, 2671, 2672, -1,
      2928, 2672, 2929, -1,
      2929, 2672, 2673, -1,
      2929, 2673, 2930, -1,
      2930, 2673, 2674, -1,
      2930, 2674, 2931, -1,
      2931, 2674, 2675, -1,
      2931, 2675, 2932, -1,
      2932, 2675, 2676, -1,
      2932, 2676, 2933, -1,
      2933, 2676, 2677, -1,
      2933, 2677, 2934, -1,
      2934, 2677, 2678, -1,
      2934, 2678, 2935, -1,
      2935, 2678, 2679, -1,
      2935, 2679, 2936, -1,
      2936, 2679, 2680, -1,
      2936, 2680, 2937, -1,
      2937, 2680, 2681, -1,
      2937, 2681, 2938, -1,
      2938, 2681, 2682, -1,
      2938, 2682, 2939, -1,
      2939, 2682, 2683, -1,
      2939, 2683, 2940, -1,
      2940, 2683, 2684, -1,
      2940, 2684, 2941, -1,
      2941, 2684, 2685, -1,
      2941, 2685, 2942, -1,
      2942, 2685, 2686, -1,
      2942, 2686, 2943, -1,
      2943, 2686, 2687, -1,
      2943, 2687, 2944, -1,
      2944, 2687, 2688, -1,
      2944, 2688, 2945, -1,
      2945, 2688, 2689, -1,
      2945, 2689, 2946, -1,
      2946, 2689, 2690, -1,
      2946, 2690, 2947, -1,
      2947, 2690, 2691, -1,
      2947, 2691, 2948, -1,
      2948, 2691, 2692, -1,
      2948, 2692, 2949, -1,
      2949, 2692, 2693, -1,
      2949, 2693, 2950, -1,
      2950, 2693, 2694, -1,
      2950, 2694, 2951, -1,
      2951, 2694, 2695, -1,
      2951, 2695, 2952, -1,
      2952, 2695, 2696, -1,
      2952, 2696, 2953, -1,
      2953, 2696, 2697, -1,
      2953, 2697, 2954, -1,
      2954, 2697, 2698, -1,
      2954, 2698, 2955, -1,
      2955, 2698, 2699, -1,
      2955, 2699, 2956, -1,
      2956, 2699, 2700, -1,
      2956, 2700, 2957, -1,
      2957, 2700, 2701, -1,
      2957, 2701, 2958, -1,
      2958, 2701, 2702, -1,
      2958, 2702, 2959, -1,
      2959, 2702, 2703, -1,
      2959, 2703, 2960, -1,
      2960, 2703, 2704, -1,
      2960, 2704, 2961, -1,
      2961, 2704, 2705, -1,
      2961, 2705, 2962, -1,
      2962, 2705, 2706, -1,
      2962, 2706, 2963, -1,
      2963, 2706, 2707, -1,
      2963, 2707, 2964, -1,
      2964, 2707, 2708, -1,
      2964, 2708, 2965, -1,
      2965, 2708, 2709, -1,
      2965, 2709, 2966, -1,
      2966, 2709, 2710, -1,
      2966, 2710, 2967, -1,
      2967, 2710, 2711, -1,
      2967, 2711, 2968, -1,
      2968, 2711, 2712, -1,
      2968, 2712, 2969, -1,
      2969, 2712, 2713, -1,
      2969, 2713, 2970, -1,
      2970, 2713, 2714, -1,
      2970, 2714, 2971, -1,
      2971, 2714, 2715, -1,
      397, 396, 2716, -1,
      2716, 396, 2972, -1,
      2716, 2972, 2717, -1,
      2717, 2972, 2973, -1,
      2717, 2973, 2718, -1,
      2718, 2973, 2974, -1,
      2718, 2974, 2719, -1,
      2719, 2974, 2975, -1,
      2719, 2975, 2720, -1,
      2720, 2975, 2976, -1,
      2720, 2976, 2721, -1,
      2721, 2976, 2977, -1,
      2721, 2977, 2722, -1,
      2722, 2977, 2978, -1,
      2722, 2978, 2723, -1,
      2723, 2978, 2979, -1,
      2723, 2979, 2724, -1,
      2724, 2979, 2980, -1,
      2724, 2980, 2725, -1,
      2725, 2980, 2981, -1,
      2725, 2981, 2726, -1,
      2726, 2981, 2982, -1,
      2726, 2982, 2727, -1,
      2727, 2982, 2983, -1,
      2727, 2983, 2728, -1,
      2728, 2983, 2984, -1,
      2728, 2984, 2729, -1,
      2729, 2984, 2985, -1,
      2729, 2985, 2730, -1,
      2730, 2985, 2986, -1,
      2730, 2986, 2731, -1,
      2731, 2986, 2987, -1,
      2731, 2987, 2732, -1,
      2732, 2987, 2988, -1,
      2732, 2988, 2733, -1,
      2733, 2988, 2989, -1,
      2733, 2989, 2734, -1,
      2734, 2989, 2990, -1,
      2734, 2990, 2735, -1,
      2735, 2990, 2991, -1,
      2735, 2991, 2736, -1,
      2736, 2991, 2992, -1,
      2736, 2992, 2737, -1,
      2737, 2992, 2993, -1,
      2737, 2993, 2738, -1,
      2738, 2993, 2994, -1,
      2738, 2994, 2739, -1,
      2739, 2994, 2995, -1,
      2739, 2995, 2740, -1,
      2740, 2995, 2996, -1,
      2740, 2996, 2741, -1,
      2741, 2996, 2997, -1,
      2741, 2997, 2742, -1,
      2742, 2997, 2998, -1,
      2742, 2998, 2743, -1,
      2743, 2998, 2999, -1,
      2743, 2999, 2744, -1,
      2744, 2999, 3000, -1,
      2744, 3000, 2745, -1,
      2745, 3000, 3001, -1,
      2745, 3001, 2746, -1,
      2746, 3001, 3002, -1,
      2746, 3002, 2747, -1,
      2747, 3002, 3003, -1,
      2747, 3003, 2748, -1,
      2748, 3003, 3004, -1,
      2748, 3004, 2749, -1,
      2749, 3004, 3005, -1,
      2749, 3005, 2750, -1,
      2750, 3005, 3006, -1,
      2750, 3006, 2751, -1,
      2751, 3006, 3007, -1,
      2751, 3007, 2752, -1,
      2752, 3007, 3008, -1,
      2752, 3008, 2753, -1,
      2753, 3008, 3009, -1,
      2753, 3009, 2754, -1,
      2754, 3009, 3010, -1,
      2754, 3010, 2755, -1,
      2755, 3010, 3011, -1,
      2755, 3011, 2756, -1,
      2756, 3011, 3012, -1,
      2756, 3012, 2757, -1,
      2757, 3012, 3013, -1,
      2757, 3013, 2758, -1,
      2758, 3013, 3014, -1,
      2758, 3014, 2759, -1,
      2759, 3014, 3015, -1,
      2759, 3015, 2760, -1,
      2760, 3015, 3016, -1,
      2760, 3016, 2761, -1,
      2761, 3016, 3017, -1,
      2761, 3017, 2762, -1,
      2762, 3017, 3018, -1,
      2762, 3018, 2763, -1,
      2763, 3018, 3019, -1,
      2763, 3019, 2764, -1,
      2764, 3019, 3020, -1,
      2764, 3020, 2765, -1,
      2765, 3020, 3021, -1,
      2765, 3021, 2766, -1,
      2766, 3021, 3022, -1,
      2766, 3022, 2767, -1,
      2767, 3022, 3023, -1,
      2767, 3023, 2768, -1,
      2768, 3023, 3024, -1,
      2768, 3024, 2769, -1,
      2769, 3024, 3025, -1,
      2769, 3025, 2770, -1,
      2770, 3025, 3026, -1,
      2770, 3026, 2771, -1,
      2771, 3026, 3027, -1,
      2771, 3027, 2772, -1,
      2772, 3027, 3028, -1,
      2772, 3028, 2773, -1,
      2773, 3028, 3029, -1,
      2773, 3029, 2774, -1,
      2774, 3029, 3030, -1,
      2774, 3030, 2775, -1,
      2775, 3030, 3031, -1,
      2775, 3031, 2776, -1,
      2776, 3031, 3032, -1,
      2776, 3032, 2777, -1,
      2777, 3032, 3033, -1,
      2777, 3033, 2778, -1,
      2778, 3033, 3034, -1,
      2778, 3034, 2779, -1,
      2779, 3034, 3035, -1,
      2779, 3035, 2780, -1,
      2780, 3035, 3036, -1,
      2780, 3036, 2781, -1,
      2781, 3036, 3037, -1,
      2781, 3037, 2782, -1,
      2782, 3037, 3038, -1,
      2782, 3038, 2783, -1,
      2783, 3038, 3039, -1,
      2783, 3039, 2784, -1,
      2784, 3039, 3040, -1,
      2784, 3040, 2785, -1,
      2785, 3040, 3041, -1,
      2785, 3041, 2786, -1,
      2786, 3041, 3042, -1,
      2786, 3042, 2787, -1,
      2787, 3042, 3043, -1,
      2787, 3043, 2788, -1,
      2788, 3043, 3044, -1,
      2788, 3044, 2789, -1,
      2789, 3044, 3045, -1,
      2789, 3045, 2790, -1,
      2790, 3045, 3046, -1,
      2790, 3046, 2791, -1,
      2791, 3046, 3047, -1,
      2791, 3047, 2792, -1,
      2792, 3047, 3048, -1,
      2792, 3048, 2793, -1,
      2793, 3048, 3049, -1,
      2793, 3049, 2794, -1,
      2794, 3049, 3050, -1,
      2794, 3050, 2795, -1,
      2795, 3050, 3051, -1,
      2795, 3051, 2796, -1,
      2796, 3051, 3052, -1,
      2796, 3052, 2797, -1,
      2797, 3052, 3053, -1,
      2797, 3053, 2798, -1,
      2798, 3053, 3054, -1,
      2798, 3054, 2799, -1,
      2799, 3054, 3055, -1,
      2799, 3055, 2800, -1,
      2800, 3055, 3056, -1,
      2800, 3056, 2801, -1,
      2801, 3056, 3057, -1,
      2801, 3057, 2802, -1,
      2802, 3057, 3058, -1,
      2802, 3058, 2803, -1,
      2803, 3058, 3059, -1,
      2803, 3059, 2804, -1,
      2804, 3059, 3060, -1,
      2804, 3060, 2805, -1,
      2805, 3060, 3061, -1,
      2805, 3061, 2806, -1,
      2806, 3061, 3062, -1,
      2806, 3062, 2807, -1,
      2807, 3062, 3063, -1,
      2807, 3063, 2808, -1,
      2808, 3063, 3064, -1,
      2808, 3064, 2809, -1,
      2809, 3064, 3065, -1,
      2809, 3065, 2810, -1,
      2810, 3065, 3066, -1,
      2810, 3066, 2811, -1,
      2811, 3066, 3067, -1,
      2811, 3067, 2812, -1,
      2812, 3067, 3068, -1,
      2812, 3068, 2813, -1,
      2813, 3068, 3069, -1,
      2813, 3069, 2814, -1,
      2814, 3069, 3070, -1,
      2814, 3070, 2815, -1,
      2815, 3070, 3071, -1,
      2815, 3071, 2816, -1,
      2816, 3071, 3072, -1,
      2816, 3072, 2817, -1,
      2817, 3072, 3073, -1,
      2817, 3073, 2818, -1,
      2818, 3073, 3074, -1,
      2818, 3074, 2819, -1,
      2819, 3074, 3075, -1,
      2819, 3075, 2820, -1,
      2820, 3075, 3076, -1,
      2820, 3076, 2821, -1,
      2821, 3076, 3077, -1,
      2821, 3077, 2822, -1,
      2822, 3077, 3078, -1,
      2822, 3078, 2823, -1,
      2823, 3078, 3079, -1,
      2823, 3079, 2824, -1,
      2824, 3079, 3080, -1,
      2824, 3080, 2825, -1,
      2825, 3080, 3081, -1,
      2825, 3081, 2826, -1,
      2826, 3081, 3082, -1,
      2826, 3082, 2827, -1,
      2827, 3082, 3083, -1,
      2827, 3083, 2828, -1,
      2828, 3083, 3084, -1,
      2828, 3084, 2829, -1,
      2829, 3084, 3085, -1,
      2829, 3085, 2830, -1,
      2830, 3085, 3086, -1,
      2830, 3086, 2831, -1,
      2831, 3086, 3087, -1,
      2831, 3087, 2832, -1,
      2832, 3087, 3088, -1,
      2832, 3088, 2833, -1,
      2833, 3088, 3089, -1,
      2833, 3089, 2834, -1,
      2834, 3089, 3090, -1,
      2834, 3090, 2835, -1,
      2835, 3090, 3091, -1,
      2835, 3091, 2836, -1,
      2836, 3091, 3092, -1,
      2836, 3092, 2837, -1,
      2837, 3092, 3093, -1,
      2837, 3093, 2838, -1,
      2838, 3093, 3094, -1,
      2838, 3094, 2839, -1,
      2839, 3094, 3095, -1,
      2839, 3095, 2840, -1,
      2840, 3095, 3096, -1,
      2840, 3096, 2841, -1,
      2841, 3096, 3097, -1,
      2841, 3097, 2842, -1,
      2842, 3097, 3098, -1,
      2842, 3098, 2843, -1,
      2843, 3098, 3099, -1,
      373, 378, 3100, -1,
      3100, 378, 2844, -1,
      3100, 2844, 3101, -1,
      3101, 2844, 2845, -1,
      3101, 2845, 3102, -1,
      3102, 2845, 2846, -1,
      3102, 2846, 3103, -1,
      3103, 2846, 2847, -1,
      3103, 2847, 3104, -1,
      3104, 2847, 2848, -1,
      3104, 2848, 3105, -1,
      3105, 2848, 2849, -1,
      3105, 2849, 3106, -1,
      3106, 2849, 2850, -1,
      3106, 2850, 3107, -1,
      3107, 2850, 2851, -1,
      3107, 2851, 3108, -1,
      3108, 2851, 2852, -1,
      3108, 2852, 3109, -1,
      3109, 2852, 2853, -1,
      3109, 2853, 3110, -1,
      3110, 2853, 2854, -1,
      3110, 2854, 3111, -1,
      3111, 2854, 2855, -1,
      3111, 2855, 3112, -1,
      3112, 2855, 2856, -1,
      3112, 2856, 3113, -1,
      3113, 2856, 2857, -1,
      3113, 2857, 3114, -1,
      3114, 2857, 2858, -1,
      3114, 2858, 3115, -1,
      3115, 2858, 2859, -1,
      3115, 2859, 3116, -1,
      3116, 2859, 2860, -1,
      3116, 2860, 3117, -1,
      3117, 2860, 2861, -1,
      3117, 2861, 3118, -1,
      3118, 2861, 2862, -1,
      3118, 2862, 3119, -1,
      3119, 2862, 2863, -1,
      3119, 2863, 3120, -1,
      3120, 2863, 2864, -1,
      3120, 2864, 3121, -1,
      3121, 2864, 2865, -1,
      3121, 2865, 3122, -1,
      3122, 2865, 2866, -1,
      3122, 2866, 3123, -1,
      3123, 2866, 2867, -1,
      3123, 2867, 3124, -1,
      3124, 2867, 2868, -1,
      3124, 2868, 3125, -1,
      3125, 2868, 2869, -1,
      3125, 2869, 3126, -1,
      3126, 2869, 2870, -1,
      3126, 2870, 3127, -1,
      3127, 2870, 2871, -1,
      3127, 2871, 3128, -1,
      3128, 2871, 2872, -1,
      3128, 2872, 3129, -1,
      3129, 2872, 2873, -1,
      3129, 2873, 3130, -1,
      3130, 2873, 2874, -1,
      3130, 2874, 3131, -1,
      3131, 2874, 2875, -1,
      3131, 2875, 3132, -1,
      3132, 2875, 2876, -1,
      3132, 2876, 3133, -1,
      3133, 2876, 2877, -1,
      3133, 2877, 3134, -1,
      3134, 2877, 2878, -1,
      3134, 2878, 3135, -1,
      3135, 2878, 2879, -1,
      3135, 2879, 3136, -1,
      3136, 2879, 2880, -1,
      3136, 2880, 3137, -1,
      3137, 2880, 2881, -1,
      3137, 2881, 3138, -1,
      3138, 2881, 2882, -1,
      3138, 2882, 3139, -1,
      3139, 2882, 2883, -1,
      3139, 2883, 3140, -1,
      3140, 2883, 2884, -1,
      3140, 2884, 3141, -1,
      3141, 2884, 2885, -1,
      3141, 2885, 3142, -1,
      3142, 2885, 2886, -1,
      3142, 2886, 3143, -1,
      3143, 2886, 2887, -1,
      3143, 2887, 3144, -1,
      3144, 2887, 2888, -1,
      3144, 2888, 3145, -1,
      3145, 2888, 2889, -1,
      3145, 2889, 3146, -1,
      3146, 2889, 2890, -1,
      3146, 2890, 3147, -1,
      3147, 2890, 2891, -1,
      3147, 2891, 3148, -1,
      3148, 2891, 2892, -1,
      3148, 2892, 3149, -1,
      3149, 2892, 2893, -1,
      3149, 2893, 3150, -1,
      3150, 2893, 2894, -1,
      3150, 2894, 3151, -1,
      3151, 2894, 2895, -1,
      3151, 2895, 3152, -1,
      3152, 2895, 2896, -1,
      3152, 2896, 3153, -1,
      3153, 2896, 2897, -1,
      3153, 2897, 3154, -1,
      3154, 2897, 2898, -1,
      3154, 2898, 3155, -1,
      3155, 2898, 2899, -1,
      3155, 2899, 3156, -1,
      3156, 2899, 2900, -1,
      3156, 2900, 3157, -1,
      3157, 2900, 2901, -1,
      3157, 2901, 3158, -1,
      3158, 2901, 2902, -1,
      3158, 2902, 3159, -1,
      3159, 2902, 2903, -1,
      3159, 2903, 3160, -1,
      3160, 2903, 2904, -1,
      3160, 2904, 3161, -1,
      3161, 2904, 2905, -1,
      3161, 2905, 3162, -1,
      3162, 2905, 2906, -1,
      3162, 2906, 3163, -1,
      3163, 2906, 2907, -1,
      3163, 2907, 3164, -1,
      3164, 2907, 2908, -1,
      3164, 2908, 3165, -1,
      3165, 2908, 2909, -1,
      3165, 2909, 3166, -1,
      3166, 2909, 2910, -1,
      3166, 2910, 3167, -1,
      3167, 2910, 2911, -1,
      3167, 2911, 3168, -1,
      3168, 2911, 2912, -1,
      3168, 2912, 3169, -1,
      3169, 2912, 2913, -1,
      3169, 2913, 3170, -1,
      3170, 2913, 2914, -1,
      3170, 2914, 3171, -1,
      3171, 2914, 2915, -1,
      3171, 2915, 3172, -1,
      3172, 2915, 2916, -1,
      3172, 2916, 3173, -1,
      3173, 2916, 2917, -1,
      3173, 2917, 3174, -1,
      3174, 2917, 2918, -1,
      3174, 2918, 3175, -1,
      3175, 2918, 2919, -1,
      3175, 2919, 3176, -1,
      3176, 2919, 2920, -1,
      3176, 2920, 3177, -1,
      3177, 2920, 2921, -1,
      3177, 2921, 3178, -1,
      3178, 2921, 2922, -1,
      3178, 2922, 3179, -1,
      3179, 2922, 2923, -1,
      3179, 2923, 3180, -1,
      3180, 2923, 2924, -1,
      3180, 2924, 3181, -1,
      3181, 2924, 2925, -1,
      3181, 2925, 3182, -1,
      3182, 2925, 2926, -1,
      3182, 2926, 3183, -1,
      3183, 2926, 2927, -1,
      3183, 2927, 3184, -1,
      3184, 2927, 2928, -1,
      3184, 2928, 3185, -1,
      3185, 2928, 2929, -1,
      3185, 2929, 3186, -1,
      3186, 2929, 2930, -1,
      3186, 2930, 3187, -1,
      3187, 2930, 2931, -1,
      3187, 2931, 3188, -1,
      3188, 2931, 2932, -1,
      3188, 2932, 3189, -1,
      3189, 2932, 2933, -1,
      3189, 2933, 3190, -1,
      3190, 2933, 2934, -1,
      3190, 2934, 3191, -1,
      3191, 2934, 2935, -1,
      3191, 2935, 3192, -1,
      3192, 2935, 2936, -1,
      3192, 2936, 3193, -1,
      3193, 2936, 2937, -1,
      3193, 2937, 3194, -1,
      3194, 2937, 2938, -1,
      3194, 2938, 3195, -1,
      3195, 2938, 2939, -1,
      3195, 2939, 3196, -1,
      3196, 2939, 2940, -1,
      3196, 2940, 3197, -1,
      3197, 2940, 2941, -1,
      3197, 2941, 3198, -1,
      3198, 2941, 2942, -1,
      3198, 2942, 3199, -1,
      3199, 2942, 2943, -1,
      3199, 2943, 3200, -1,
      3200, 2943, 2944, -1,
      3200, 2944, 3201, -1,
      3201, 2944, 2945, -1,
      3201, 2945, 3202, -1,
      3202, 2945, 2946, -1,
      3202, 2946, 3203, -1,
      3203, 2946, 2947, -1,
      3203, 2947, 3204, -1,
      3204, 2947, 2948, -1,
      3204, 2948, 3205, -1,
      3205, 2948, 2949, -1,
      3205, 2949, 3206, -1,
      3206, 2949, 2950, -1,
      3206, 2950, 3207, -1,
      3207, 2950, 2951, -1,
      3207, 2951, 3208, -1,
      3208, 2951, 2952, -1,
      3208, 2952, 3209, -1,
      3209, 2952, 2953, -1,
      3209, 2953, 3210, -1,
      3210, 2953, 2954, -1,
      3210, 2954, 3211, -1,
      3211, 2954, 2955, -1,
      3211, 2955, 3212, -1,
      3212, 2955, 2956, -1,
      3212, 2956, 3213, -1,
      3213, 2956, 2957, -1,
      3213, 2957, 3214, -1,
      3214, 2957, 2958, -1,
      3214, 2958, 3215, -1,
      3215, 2958, 2959, -1,
      3215, 2959, 3216, -1,
      3216, 2959, 2960, -1,
      3216, 2960, 3217, -1,
      3217, 2960, 2961, -1,
      3217, 2961, 3218, -1,
      3218, 2961, 2962, -1,
      3218, 2962, 3219, -1,
      3219, 2962, 2963, -1,
      3219, 2963, 3220, -1,
      3220, 2963, 2964, -1,
      3220, 2964, 3221, -1,
      3221, 2964, 2965, -1,
      3221, 2965, 3222, -1,
      3222, 2965, 2966, -1,
      3222, 2966, 3223, -1,
      3223, 2966, 2967, -1,
      3223, 2967, 3224, -1,
      3224, 2967, 2968, -1,
      3224, 2968, 3225, -1,
      3225, 2968, 2969, -1,
      3225, 2969, 3226, -1,
      3226, 2969, 2970, -1,
      3226, 2970, 3227, -1,
      3227, 2970, 2971, -1,
      396, 395, 2972, -1,
      2972, 395, 3228, -1,
      2972, 3228, 2973, -1,
      2973, 3228, 3229, -1,
      2973, 3229, 2974, -1,
      2974, 3229, 3230, -1,
      2974, 3230, 2975, -1,
      2975, 3230, 3231, -1,
      2975, 3231, 2976, -1,
      2976, 3231, 3232, -1,
      2976, 3232, 2977, -1,
      2977, 3232, 3233, -1,
      2977, 3233, 2978, -1,
      2978, 3233, 3234, -1,
      2978, 3234, 2979, -1,
      2979, 3234, 3235, -1,
      2979, 3235, 2980, -1,
      2980, 3235, 3236, -1,
      2980, 3236, 2981, -1,
      2981, 3236, 3237, -1,
      2981, 3237, 2982, -1,
      2982, 3237, 3238, -1,
      2982, 3238, 2983, -1,
      2983, 3238, 3239, -1,
      2983, 3239, 2984, -1,
      2984, 3239, 3240, -1,
      2984, 3240, 2985, -1,
      2985, 3240, 3241, -1,
      2985, 3241, 2986, -1,
      2986, 3241, 3242, -1,
      2986, 3242, 2987, -1,
      2987, 3242, 3243, -1,
      2987, 3243, 2988, -1,
      2988, 3243, 3244, -1,
      2988, 3244, 2989, -1,
      2989, 3244, 3245, -1,
      2989, 3245, 2990, -1,
      2990, 3245, 3246, -1,
      2990, 3246, 2991, -1,
      2991, 3246, 3247, -1,
      2991, 3247, 2992, -1,
      2992, 3247, 3248, -1,
      2992, 3248, 2993, -1,
      2993, 3248, 3249, -1,
      2993, 3249, 2994, -1,
      2994, 3249, 3250, -1,
      2994, 3250, 2995, -1,
      2995, 3250, 3251, -1,
      2995, 3251, 2996, -1,
      2996, 3251, 3252, -1,
      2996, 3252, 2997, -1,
      2997, 3252, 3253, -1,
      2997, 3253, 2998, -1,
      2998, 3253, 3254, -1,
      2998, 3254, 2999, -1,
      2999, 3254, 3255, -1,
      2999, 3255, 3000, -1,
      3000, 3255, 3256, -1,
      3000, 3256, 3001, -1,
      3001, 3256, 3257, -1,
      3001, 3257, 3002, -1,
      3002, 3257, 3258, -1,
      3002, 3258, 3003, -1,
      3003, 3258, 3259, -1,
      3003, 3259, 3004, -1,
      3004, 3259, 3260, -1,
      3004, 3260, 3005, -1,
      3005, 3260, 3261, -1,
      3005, 3261, 3006, -1,
      3006, 3261, 3262, -1,
      3006, 3262, 3007, -1,
      3007, 3262, 3263, -1,
      3007, 3263, 3008, -1,
      3008, 3263, 3264, -1,
      3008, 3264, 3009, -1,
      3009, 3264, 3265, -1,
      3009, 3265, 3010, -1,
      3010, 3265, 3266, -1,
      3010, 3266, 3011, -1,
      3011, 3266, 3267, -1,
      3011, 3267, 3012, -1,
      3012, 3267, 3268, -1,
      3012, 3268, 3013, -1,
      3013, 3268, 3269, -1,
      3013, 3269, 3014, -1,
      3014, 3269, 3270, -1,
      3014, 3270, 3015, -1,
      3015, 3270, 3271, -1,
      3015, 3271, 3016, -1,
      3016, 3271, 3272, -1,
      3016, 3272, 3017, -1,
      3017, 3272, 3273, -1,
      3017, 3273, 3018, -1,
      3018, 3273, 3274, -1,
      3018, 3274, 3019, -1,
      3019, 3274, 3275, -1,
      3019, 3275, 3020, -1,
      3020, 3275, 3276, -1,
      3020, 3276, 3021, -1,
      3021, 3276, 3277, -1,
      3021, 3277, 3022, -1,
      3022, 3277, 3278, -1,
      3022, 3278, 3023, -1,
      3023, 3278, 3279, -1,
      3023, 3279, 3024, -1,
      3024, 3279, 3280, -1,
      3024, 3280, 3025, -1,
      3025, 3280, 3281, -1,
      3025, 3281, 3026, -1,
      3026, 3281, 3282, -1,
      3026, 3282, 3027, -1,
      3027, 3282, 3283, -1,
      3027, 3283, 3028, -1,
      3028, 3283, 3284, -1,
      3028, 3284, 3029, -1,
      3029, 3284, 3285, -1,
      3029, 3285, 3030, -1,
      3030, 3285, 3286, -1,
      3030, 3286, 3031, -1,
      3031, 3286, 3287, -1,
      3031, 3287, 3032, -1,
      3032, 3287, 3288, -1,
      3032, 3288, 3033, -1,
      3033, 3288, 3289, -1,
      3033, 3289, 3034, -1,
      3034, 3289, 3290, -1,
      3034, 3290, 3035, -1,
      3035, 3290, 3291, -1,
      3035, 3291, 3036, -1,
      3036, 3291, 3292, -1,
      3036, 3292, 3037, -1,
      3037, 3292, 3293, -1,
      3037, 3293, 3038, -1,
      3038, 3293, 3294, -1,
      3038, 3294, 3039, -1,
      3039, 3294, 3295, -1,
      3039, 3295, 3040, -1,
      3040, 3295, 3296, -1,
      3040, 3296, 3041, -1,
      3041, 3296, 3297, -1,
      3041, 3297, 3042, -1,
      3042, 3297, 3298, -1,
      3042, 3298, 3043, -1,
      3043, 3298, 3299, -1,
      3043, 3299, 3044, -1,
      3044, 3299, 3300, -1,
      3044, 3300, 3045, -1,
      3045, 3300, 3301, -1,
      3045, 3301, 3046, -1,
      3046, 3301, 3302, -1,
      3046, 3302, 3047, -1,
      3047, 3302, 3303, -1,
      3047, 3303, 3048, -1,
      3048, 3303, 3304, -1,
      3048, 3304, 3049, -1,
      3049, 3304, 3305, -1,
      3049, 3305, 3050, -1,
      3050, 3305, 3306, -1,
      3050, 3306, 3051, -1,
      3051, 3306, 3307, -1,
      3051, 3307, 3052, -1,
      3052, 3307, 3308, -1,
      3052, 3308, 3053, -1,
      3053, 3308, 3309, -1,
      3053, 3309, 3054, -1,
      3054, 3309, 3310, -1,
      3054, 3310, 3055, -1,
      3055, 3310, 3311, -1,
      3055, 3311, 3056, -1,
      3056, 3311, 3312, -1,
      3056, 3312, 3057, -1,
      3057, 3312, 3313, -1,
      3057, 3313, 3058, -1,
      3058, 3313, 3314, -1,
      3058, 3314, 3059, -1,
      3059, 3314, 3315, -1,
      3059, 3315, 3060, -1,
      3060, 3315, 3316, -1,
      3060, 3316, 3061, -1,
      3061, 3316, 3317, -1,
      3061, 3317, 3062, -1,
      3062, 3317, 3318, -1,
      3062, 3318, 3063, -1,
      3063, 3318, 3319, -1,
      3063, 3319, 3064, -1,
      3064, 3319, 3320, -1,
      3064, 3320, 3065, -1,
      3065, 3320, 3321, -1,
      3065, 3321, 3066, -1,
      3066, 3321, 3322, -1,
      3066, 3322, 3067, -1,
      3067, 3322, 3323, -1,
      3067, 3323, 3068, -1,
      3068, 3323, 3324, -1,
      3068, 3324, 3069, -1,
      3069, 3324, 3325, -1,
      3069, 3325, 3070, -1,
      3070, 3325, 3326, -1,
      3070, 3326, 3071, -1,
      3071, 3326, 3327, -1,
      3071, 3327, 3072, -1,
      3072, 3327, 3328, -1,
      3072, 3328, 3073, -1,
      3073, 3328, 3329, -1,
      3073, 3329, 3074, -1,
      3074, 3329, 3330, -1,
      3074, 3330, 3075, -1,
      3075, 3330, 3331, -1,
      3075, 3331, 3076, -1,
      3076, 3331, 3332, -1,
      3076, 3332, 3077, -1,
      3077, 3332, 3333, -1,
      3077, 3333, 3078, -1,
      3078, 3333, 3334, -1,
      3078, 3334, 3079, -1,
      3079, 3334, 3335, -1,
      3079, 3335, 3080, -1,
      3080, 3335, 3336, -1,
      3080, 3336, 3081, -1,
      3081, 3336, 3337, -1,
      3081, 3337, 3082, -1,
      3082, 3337, 3338, -1,
      3082, 3338, 3083, -1,
      3083, 3338, 3339, -1,
      3083, 3339, 3084, -1,
      3084, 3339, 3340, -1,
      3084, 3340, 3085, -1,
      3085, 3340, 3341, -1,
      3085, 3341, 3086, -1,
      3086, 3341, 3342, -1,
      3086, 3342, 3087, -1,
      3087, 3342, 3343, -1,
      3087, 3343, 3088, -1,
      3088, 3343, 3344, -1,
      3088, 3344, 3089, -1,
      3089, 3344, 3345, -1,
      3089, 3345, 3090, -1,
      3090, 3345, 3346, -1,
      3090, 3346, 3091, -1,
      3091, 3346, 3347, -1,
      3091, 3347, 3092, -1,
      3092, 3347, 3348, -1,
      3092, 3348, 3093, -1,
      3093, 3348, 3349, -1,
      3093, 3349, 3094, -1,
      3094, 3349, 3350, -1,
      3094, 3350, 3095, -1,
      3095, 3350, 3351, -1,
      3095, 3351, 3096, -1,
      3096, 3351, 3352, -1,
      3096, 3352, 3097, -1,
      3097, 3352, 3353, -1,
      3097, 3353, 3098, -1,
      3098, 3353, 3354, -1,
      3098, 3354, 3099, -1,
      3099, 3354, 3355, -1,
      374, 373, 3356, -1,
      3356, 373, 3100, -1,
      3356, 3100, 3357, -1,
      3357, 3100, 3101, -1,
      3357, 3101, 3358, -1,
      3358, 3101, 3102, -1,
      3358, 3102, 3359, -1,
      3359, 3102, 3103, -1,
      3359, 3103, 3360, -1,
      3360, 3103, 3104, -1,
      3360, 3104, 3361, -1,
      3361, 3104, 3105, -1,
      3361, 3105, 3362, -1,
      3362, 3105, 3106, -1,
      3362, 3106, 3363, -1,
      3363, 3106, 3107, -1,
      3363, 3107, 3364, -1,
      3364, 3107, 3108, -1,
      3364, 3108, 3365, -1,
      3365, 3108, 3109, -1,
      3365, 3109, 3366, -1,
      3366, 3109, 3110, -1,
      3366, 3110, 3367, -1,
      3367, 3110, 3111, -1,
      3367, 3111, 3368, -1,
      3368, 3111, 3112, -1,
      3368, 3112, 3369, -1,
      3369, 3112, 3113, -1,
      3369, 3113, 3370, -1,
      3370, 3113, 3114, -1,
      3370, 3114, 3371, -1,
      3371, 3114, 3115, -1,
      3371, 3115, 3372, -1,
      3372, 3115, 3116, -1,
      3372, 3116, 3373, -1,
      3373, 3116, 3117, -1,
      3373, 3117, 3374, -1,
      3374, 3117, 3118, -1,
      3374, 3118, 3375, -1,
      3375, 3118, 3119, -1,
      3375, 3119, 3376, -1,
      3376, 3119, 3120, -1,
      3376, 3120, 3377, -1,
      3377, 3120, 3121, -1,
      3377, 3121, 3378, -1,
      3378, 3121, 3122, -1,
      3378, 3122, 3379, -1,
      3379, 3122, 3123, -1,
      3379, 3123, 3380, -1,
      3380, 3123, 3124, -1,
      3380, 3124, 3381, -1,
      3381, 3124, 3125, -1,
      3381, 3125, 3382, -1,
      3382, 3125, 3126, -1,
      3382, 3126, 3383, -1,
      3383, 3126, 3127, -1,
      3383, 3127, 3384, -1,
      3384, 3127, 3128, -1,
      3384, 3128, 3385, -1,
      3385, 3128, 3129, -1,
      3385, 3129, 3386, -1,
      3386, 3129, 3130, -1,
      3386, 3130, 3387, -1,
      3387, 3130, 3131, -1,
      3387, 3131, 3388, -1,
      3388, 3131, 3132, -1,
      3388, 3132, 3389, -1,
      3389, 3132, 3133, -1,
      3389, 3133, 3390, -1,
      3390, 3133, 3134, -1,
      3390, 3134, 3391, -1,
      3391, 3134, 3135, -1,
      3391, 3135, 3392, -1,
      3392, 3135, 3136, -1,
      3392, 3136, 3393, -1,
      3393, 3136, 3137, -1,
      3393, 3137, 3394, -1,
      3394, 3137, 3138, -1,
      3394, 3138, 3395, -1,
      3395, 3138, 3139, -1,
      3395, 3139, 3396, -1,
      3396, 3139, 3140, -1,
      3396, 3140, 3397, -1,
      3397, 3140, 3141, -1,
      3397, 3141, 3398, -1,
      3398, 3141, 3142, -1,
      3398, 3142, 3399, -1,
      3399, 3142, 3143, -1,
      3399, 3143, 3400, -1,
      3400, 3143, 3144, -1,
      3400, 3144, 3401, -1,
      3401, 3144, 3145, -1,
      3401, 3145, 3402, -1,
      3402, 3145, 3146, -1,
      3402, 3146, 3403, -1,
      3403, 3146, 3147, -1,
      3403, 3147, 3404, -1,
      3404, 3147, 3148, -1,
      3404, 3148, 3405, -1,
      3405, 3148, 3149, -1,
      3405, 3149, 3406, -1,
      3406, 3149, 3150, -1,
      3406, 3150, 3407, -1,
      3407, 3150, 3151, -1,
      3407, 3151, 3408, -1,
      3408, 3151, 3152, -1,
      3408, 3152, 3409, -1,
      3409, 3152, 3153, -1,
      3409, 3153, 3410, -1,
      3410, 3153, 3154, -1,
      3410, 3154, 3411, -1,
      3411, 3154, 3155, -1,
      3411, 3155, 3412, -1,
      3412, 3155, 3156, -1,
      3412, 3156, 3413, -1,
      3413, 3156, 3157, -1,
      3413, 3157, 3414, -1,
      3414, 3157, 3158, -1,
      3414, 3158, 3415, -1,
      3415, 3158, 3159, -1,
      3415, 3159, 3416, -1,
      3416, 3159, 3160, -1,
      3416, 3160, 3417, -1,
      3417, 3160, 3161, -1,
      3417, 3161, 3418, -1,
      3418, 3161, 3162, -1,
      3418, 3162, 3419, -1,
      3419, 3162, 3163, -1,
      3419, 3163, 3420, -1,
      3420, 3163, 3164, -1,
      3420, 3164, 3421, -1,
      3421, 3164, 3165, -1,
      3421, 3165, 3422, -1,
      3422, 3165, 3166, -1,
      3422, 3166, 3423, -1,
      3423, 3166, 3167, -1,
      3423, 3167, 3424, -1,
      3424, 3167, 3168, -1,
      3424, 3168, 3425, -1,
      3425, 3168, 3169, -1,
      3425, 3169, 3426, -1,
      3426, 3169, 3170, -1,
      3426, 3170, 3427, -1,
      3427, 3170, 3171, -1,
      3427, 3171, 3428, -1,
      3428, 3171, 3172, -1,
      3428, 3172, 3429, -1,
      3429, 3172, 3173, -1,
      3429, 3173, 3430, -1,
      3430, 3173, 3174, -1,
      3430, 3174, 3431, -1,
      3431, 3174, 3175, -1,
      3431, 3175, 3432, -1,
      3432, 3175, 3176, -1,
      3432, 3176, 3433, -1,
      3433, 3176, 3177, -1,
      3433, 3177, 3434, -1,
      3434, 3177, 3178, -1,
      3434, 3178, 3435, -1,
      3435, 3178, 3179, -1,
      3435, 3179, 3436, -1,
      3436, 3179, 3180, -1,
      3436, 3180, 3437, -1,
      3437, 3180, 3181, -1,
      3437, 3181, 3438, -1,
      3438, 3181, 3182, -1,
      3438, 3182, 3439, -1,
      3439, 3182, 3183, -1,
      3439, 3183, 3440, -1,
      3440, 3183, 3184, -1,
      3440, 3184, 3441, -1,
      3441, 3184, 3185, -1,
      3441, 3185, 3442, -1,
      3442, 3185, 3186, -1,
      3442, 3186, 3443, -1,
      3443, 3186, 3187, -1,
      3443, 3187, 3444, -1,
      3444, 3187, 3188, -1,
      3444, 3188, 3445, -1,
      3445, 3188, 3189, -1,
      3445, 3189, 3446, -1,
      3446, 3189, 3190, -1,
      3446, 3190, 3447, -1,
      3447, 3190, 3191, -1,
      3447, 3191, 3448, -1,
      3448, 3191, 3192, -1,
      3448, 3192, 3449, -1,
      3449, 3192, 3193, -1,
      3449, 3193, 3450, -1,
      3450, 3193, 3194, -1,
      3450, 3194, 3451, -1,
      3451, 3194, 3195, -1,
      3451, 3195, 3452, -1,
      3452, 3195, 3196, -1,
      3452, 3196, 3453, -1,
      3453, 3196, 3197, -1,
      3453, 3197, 3454, -1,
      3454, 3197, 3198, -1,
      3454, 3198, 3455, -1,
      3455, 3198, 3199, -1,
      3455, 3199, 3456, -1,
      3456, 3199, 3200, -1,
      3456, 3200, 3457, -1,
      3457, 3200, 3201, -1,
      3457, 3201, 3458, -1,
      3458, 3201, 3202, -1,
      3458, 3202, 3459, -1,
      3459, 3202, 3203, -1,
      3459, 3203, 3460, -1,
      3460, 3203, 3204, -1,
      3460, 3204, 3461, -1,
      3461, 3204, 3205, -1,
      3461, 3205, 3462, -1,
      3462, 3205, 3206, -1,
      3462, 3206, 3463, -1,
      3463, 3206, 3207, -1,
      3463, 3207, 3464, -1,
      3464, 3207, 3208, -1,
      3464, 3208, 3465, -1,
      3465, 3208, 3209, -1,
      3465, 3209, 3466, -1,
      3466, 3209, 3210, -1,
      3466, 3210, 3467, -1,
      3467, 3210, 3211, -1,
      3467, 3211, 3468, -1,
      3468, 3211, 3212, -1,
      3468, 3212, 3469, -1,
      3469, 3212, 3213, -1,
      3469, 3213, 3470, -1,
      3470, 3213, 3214, -1,
      3470, 3214, 3471, -1,
      3471, 3214, 3215, -1,
      3471, 3215, 3472, -1,
      3472, 3215, 3216, -1,
      3472, 3216, 3473, -1,
      3473, 3216, 3217, -1,
      3473, 3217, 3474, -1,
      3474, 3217, 3218, -1,
      3474, 3218, 3475, -1,
      3475, 3218, 3219, -1,
      3475, 3219, 3476, -1,
      3476, 3219, 3220, -1,
      3476, 3220, 3477, -1,
      3477, 3220, 3221, -1,
      3477, 3221, 3478, -1,
      3478, 3221, 3222, -1,
      3478, 3222, 3479, -1,
      3479, 3222, 3223, -1,
      3479, 3223, 3480, -1,
      3480, 3223, 3224, -1,
      3480, 3224, 3481, -1,
      3481, 3224, 3225, -1,
      3481, 3225, 3482, -1,
      3482, 3225, 3226, -1,
      3482, 3226, 3483, -1,
      3483, 3226, 3227, -1,
      395, 400, 3228, -1,
      3228, 400, 3484, -1,
      3228, 3484, 3229, -1,
      3229, 3484, 3485, -1,
      3229, 3485, 3230, -1,
      3230, 3485, 3486, -1,
      3230, 3486, 3231, -1,
      3231, 3486, 3487, -1,
      3231, 3487, 3232, -1,
      3232, 3487, 3488, -1,
      3232, 3488, 3233, -1,
      3233, 3488, 3489, -1,
      3233, 3489, 3234, -1,
      3234, 3489, 3490, -1,
      3234, 3490, 3235, -1,
      3235, 3490, 3491, -1,
      3235, 3491, 3236, -1,
      3236, 3491, 3492, -1,
      3236, 3492, 3237, -1,
      3237, 3492, 3493, -1,
      3237, 3493, 3238, -1,
      3238, 3493, 3494, -1,
      3238, 3494, 3239, -1,
      3239, 3494, 3495, -1,
      3239, 3495, 3240, -1,
      3240, 3495, 3496, -1,
      3240, 3496, 3241, -1,
      3241, 3496, 3497, -1,
      3241, 3497, 3242, -1,
      3242, 3497, 3498, -1,
      3242, 3498, 3243, -1,
      3243, 3498, 3499, -1,
      3243, 3499, 3244, -1,
      3244, 3499, 3500, -1,
      3244, 3500, 3245, -1,
      3245, 3500, 3501, -1,
      3245, 3501, 3246, -1,
      3246, 3501, 3502, -1,
      3246, 3502, 3247, -1,
      3247, 3502, 3503, -1,
      3247, 3503, 3248, -1,
      3248, 3503, 3504, -1,
      3248, 3504, 3249, -1,
      3249, 3504, 3505, -1,
      3249, 3505, 3250, -1,
      3250, 3505, 3506, -1,
      3250, 3506, 3251, -1,
      3251, 3506, 3507, -1,
      3251, 3507, 3252, -1,
      3252, 3507, 3508, -1,
      3252, 3508, 3253, -1,
      3253, 3508, 3509, -1,
      3253, 3509, 3254, -1,
      3254, 3509, 3510, -1,
      3254, 3510, 3255, -1,
      3255, 3510, 3511, -1,
      3255, 3511, 3256, -1,
      3256, 3511, 3512, -1,
      3256, 3512, 3257, -1,
      3257, 3512, 3513, -1,
      3257, 3513, 3258, -1,
      3258, 3513, 3514, -1,
      3258, 3514, 3259, -1,
      3259, 3514, 3515, -1,
      3259, 3515, 3260, -1,
      3260, 3515, 3516, -1,
      3260, 3516, 3261, -1,
      3261, 3516, 3517, -1,
      3261, 3517, 3262, -1,
      3262, 3517, 3518, -1,
      3262, 3518, 3263, -1,
      3263, 3518, 3519, -1,
      3263, 3519, 3264, -1,
      3264, 3519, 3520, -1,
      3264, 3520, 3265, -1,
      3265, 3520, 3521, -1,
      3265, 3521, 3266, -1,
      3266, 3521, 3522, -1,
      3266, 3522, 3267, -1,
      3267, 3522, 3523, -1,
      3267, 3523, 3268, -1,
      3268, 3523, 3524, -1,
      3268, 3524, 3269, -1,
      3269, 3524, 3525, -1,
      3269, 3525, 3270, -1,
      3270, 3525, 3526, -1,
      3270, 3526, 3271, -1,
      3271, 3526, 3527, -1,
      3271, 3527, 3272, -1,
      3272, 3527, 3528, -1,
      3272, 3528, 3273, -1,
      3273, 3528, 3529, -1,
      3273, 3529, 3274, -1,
      3274, 3529, 3530, -1,
      3274, 3530, 3275, -1,
      3275, 3530, 3531, -1,
      3275, 3531, 3276, -1,
      3276, 3531, 3532, -1,
      3276, 3532, 3277, -1,
      3277, 3532, 3533, -1,
      3277, 3533, 3278, -1,
      3278, 3533, 3534, -1,
      3278, 3534, 3279, -1,
      3279, 3534, 3535, -1,
      3279, 3535, 3280, -1,
      3280, 3535, 3536, -1,
      3280, 3536, 3281, -1,
      3281, 3536, 3537, -1,
      3281, 3537, 3282, -1,
      3282, 3537, 3538, -1,
      3282, 3538, 3283, -1,
      3283, 3538, 3539, -1,
      3283, 3539, 3284, -1,
      3284, 3539, 3540, -1,
      3284, 3540, 3285, -1,
      3285, 3540, 3541, -1,
      3285, 3541, 3286, -1,
      3286, 3541, 3542, -1,
      3286, 3542, 3287, -1,
      3287, 3542, 3543, -1,
      3287, 3543, 3288, -1,
      3288, 3543, 3544, -1,
      3288, 3544, 3289, -1,
      3289, 3544, 3545, -1,
      3289, 3545, 3290, -1,
      3290, 3545, 3546, -1,
      3290, 3546, 3291, -1,
      3291, 3546, 3547, -1,
      3291, 3547, 3292, -1,
      3292, 3547, 3548, -1,
      3292, 3548, 3293, -1,
      3293, 3548, 3549, -1,
      3293, 3549, 3294, -1,
      3294, 3549, 3550, -1,
      3294, 3550, 3295, -1,
      3295, 3550, 3551, -1,
      3295, 3551, 3296, -1,
      3296, 3551, 3552, -1,
      3296, 3552, 3297, -1,
      3297, 3552, 3553, -1,
      3297, 3553, 3298, -1,
      3298, 3553, 3554, -1,
      3298, 3554, 3299, -1,
      3299, 3554, 3555, -1,
      3299, 3555, 3300, -1,
      3300, 3555, 3556, -1,
      3300, 3556, 3301, -1,
      3301, 3556, 3557, -1,
      3301, 3557, 3302, -1,
      3302, 3557, 3558, -1,
      3302, 3558, 3303, -1,
      3303, 3558, 3559, -1,
      3303, 3559, 3304, -1,
      3304, 3559, 3560, -1,
      3304, 3560, 3305, -1,
      3305, 3560, 3561, -1,
      3305, 3561, 3306, -1,
      3306, 3561, 3562, -1,
      3306, 3562, 3307, -1,
      3307, 3562, 3563, -1,
      3307, 3563, 3308, -1,
      3308, 3563, 3564, -1,
      3308, 3564, 3309, -1,
      3309, 3564, 3565, -1,
      3309, 3565, 3310, -1,
      3310, 3565, 3566, -1,
      3310, 3566, 3311, -1,
      3311, 3566, 3567, -1,
      3311, 3567, 3312, -1,
      3312, 3567, 3568, -1,
      3312, 3568, 3313, -1,
      3313, 3568, 3569, -1,
      3313, 3569, 3314, -1,
      3314, 3569, 3570, -1,
      3314, 3570, 3315, -1,
      3315, 3570, 3571, -1,
      3315, 3571, 3316, -1,
      3316, 3571, 3572, -1,
      3316, 3572, 3317, -1,
      3317, 3572, 3573, -1,
      3317, 3573, 3318, -1,
      3318, 3573, 3574, -1,
      3318, 3574, 3319, -1,
      3319, 3574, 3575, -1,
      3319, 3575, 3320, -1,
      3320, 3575, 3576, -1,
      3320, 3576, 3321, -1,
      3321, 3576, 3577, -1,
      3321, 3577, 3322, -1,
      3322, 3577, 3578, -1,
      3322, 3578, 3323, -1,
      3323, 3578, 3579, -1,
      3323, 3579, 3324, -1,
      3324, 3579, 3580, -1,
      3324, 3580, 3325, -1,
      3325, 3580, 3581, -1,
      3325, 3581, 3326, -1,
      3326, 3581, 3582, -1,
      3326, 3582, 3327, -1,
      3327, 3582, 3583, -1,
      3327, 3583, 3328, -1,
      3328, 3583, 3584, -1,
      3328, 3584, 3329, -1,
      3329, 3584, 3585, -1,
      3329, 3585, 3330, -1,
      3330, 3585, 3586, -1,
      3330, 3586, 3331, -1,
      3331, 3586, 3587, -1,
      3331, 3587, 3332, -1,
      3332, 3587, 3588, -1,
      3332, 3588, 3333, -1,
      3333, 3588, 3589, -1,
      3333, 3589, 3334, -1,
      3334, 3589, 3590, -1,
      3334, 3590, 3335, -1,
      3335, 3590, 3591, -1,
      3335, 3591, 3336, -1,
      3336, 3591, 3592, -1,
      3336, 3592, 3337, -1,
      3337, 3592, 3593, -1,
      3337, 3593, 3338, -1,
      3338, 3593, 3594, -1,
      3338, 3594, 3339, -1,
      3339, 3594, 3595, -1,
      3339, 3595, 3340, -1,
      3340, 3595, 3596, -1,
      3340, 3596, 3341, -1,
      3341, 3596, 3597, -1,
      3341, 3597, 3342, -1,
      3342, 3597, 3598, -1,
      3342, 3598, 3343, -1,
      3343, 3598, 3599, -1,
      3343, 3599, 3344, -1,
      3344, 3599, 3600, -1,
      3344, 3600, 3345, -1,
      3345, 3600, 3601, -1,
      3345, 3601, 3346, -1,
      3346, 3601, 3602, -1,
      3346, 3602, 3347, -1,
      3347, 3602, 3603, -1,
      3347, 3603, 3348, -1,
      3348, 3603, 3604, -1,
      3348, 3604, 3349, -1,
      3349, 3604, 3605, -1,
      3349, 3605, 3350, -1,
      3350, 3605, 3606, -1,
      3350, 3606, 3351, -1,
      3351, 3606, 3607, -1,
      3351, 3607, 3352, -1,
      3352, 3607, 3608, -1,
      3352, 3608, 3353, -1,
      3353, 3608, 3609, -1,
      3353, 3609, 3354, -1,
      3354, 3609, 3610, -1,
      3354, 3610, 3355, -1,
      3355, 3610, 3611, -1,
      375, 374, 3612, -1,
      3612, 374, 3356, -1,
      3612, 3356, 3613, -1,
      3613, 3356, 3357, -1,
      3613, 3357, 3614, -1,
      3614, 3357, 3358, -1,
      3614, 3358, 3615, -1,
      3615, 3358, 3359, -1,
      3615, 3359, 3616, -1,
      3616, 3359, 3360, -1,
      3616, 3360, 3617, -1,
      3617, 3360, 3361, -1,
      3617, 3361, 3618, -1,
      3618, 3361, 3362, -1,
      3618, 3362, 3619, -1,
      3619, 3362, 3363, -1,
      3619, 3363, 3620, -1,
      3620, 3363, 3364, -1,
      3620, 3364, 3621, -1,
      3621, 3364, 3365, -1,
      3621, 3365, 3622, -1,
      3622, 3365, 3366, -1,
      3622, 3366, 3623, -1,
      3623, 3366, 3367, -1,
      3623, 3367, 3624, -1,
      3624, 3367, 3368, -1,
      3624, 3368, 3625, -1,
      3625, 3368, 3369, -1,
      3625, 3369, 3626, -1,
      3626, 3369, 3370, -1,
      3626, 3370, 3627, -1,
      3627, 3370, 3371, -1,
      3627, 3371, 3628, -1,
      3628, 3371, 3372, -1,
      3628, 3372, 3629, -1,
      3629, 3372, 3373, -1,
      3629, 3373, 3630, -1,
      3630, 3373, 3374, -1,
      3630, 3374, 3631, -1,
      3631, 3374, 3375, -1,
      3631, 3375, 3632, -1,
      3632, 3375, 3376, -1,
      3632, 3376, 3633, -1,
      3633, 3376, 3377, -1,
      3633, 3377, 3634, -1,
      3634, 3377, 3378, -1,
      3634, 3378, 3635, -1,
      3635, 3378, 3379, -1,
      3635, 3379, 3636, -1,
      3636, 3379, 3380, -1,
      3636, 3380, 3637, -1,
      3637, 3380, 3381, -1,
      3637, 3381, 3638, -1,
      3638, 3381, 3382, -1,
      3638, 3382, 3639, -1,
      3639, 3382, 3383, -1,
      3639, 3383, 3640, -1,
      3640, 3383, 3384, -1,
      3640, 3384, 3641, -1,
      3641, 3384, 3385, -1,
      3641, 3385, 3642, -1,
      3642, 3385, 3386, -1,
      3642, 3386, 3643, -1,
      3643, 3386, 3387, -1,
      3643, 3387, 3644, -1,
      3644, 3387, 3388, -1,
      3644, 3388, 3645, -1,
      3645, 3388, 3389, -1,
      3645, 3389, 3646, -1,
      3646, 3389, 3390, -1,
      3646, 3390, 3647, -1,
      3647, 3390, 3391, -1,
      3647, 3391, 3648, -1,
      3648, 3391, 3392, -1,
      3648, 3392, 3649, -1,
      3649, 3392, 3393, -1,
      3649, 3393, 3650, -1,
      3650, 3393, 3394, -1,
      3650, 3394, 3651, -1,
      3651, 3394, 3395, -1,
      3651, 3395, 3652, -1,
      3652, 3395, 3396, -1,
      3652, 3396, 3653, -1,
      3653, 3396, 3397, -1,
      3653, 3397, 3654, -1,
      3654, 3397, 3398, -1,
      3654, 3398, 3655, -1,
      3655, 3398, 3399, -1,
      3655, 3399, 3656, -1,
      3656, 3399, 3400, -1,
      3656, 3400, 3657, -1,
      3657, 3400, 3401, -1,
      3657, 3401, 3658, -1,
      3658, 3401, 3402, -1,
      3658, 3402, 3659, -1,
      3659, 3402, 3403, -1,
      3659, 3403, 3660, -1,
      3660, 3403, 3404, -1,
      3660, 3404, 3661, -1,
      3661, 3404, 3405, -1,
      3661, 3405, 3662, -1,
      3662, 3405, 3406, -1,
      3662, 3406, 3663, -1,
      3663, 3406, 3407, -1,
      3663, 3407, 3664, -1,
      3664, 3407, 3408, -1,
      3664, 3408, 3665, -1,
      3665, 3408, 3409, -1,
      3665, 3409, 3666, -1,
      3666, 3409, 3410, -1,
      3666, 3410, 3667, -1,
      3667, 3410, 3411, -1,
      3667, 3411, 3668, -1,
      3668, 3411, 3412, -1,
      3668, 3412, 3669, -1,
      3669, 3412, 3413, -1,
      3669, 3413, 3670, -1,
      3670, 3413, 3414, -1,
      3670, 3414, 3671, -1,
      3671, 3414, 3415, -1,
      3671, 3415, 3672, -1,
      3672, 3415, 3416, -1,
      3672, 3416, 3673, -1,
      3673, 3416, 3417, -1,
      3673, 3417, 3674, -1,
      3674, 3417, 3418, -1,
      3674, 3418, 3675, -1,
      3675, 3418, 3419, -1,
      3675, 3419, 3676, -1,
      3676, 3419, 3420, -1,
      3676, 3420, 3677, -1,
      3677, 3420, 3421, -1,
      3677, 3421, 3678, -1,
      3678, 3421, 3422, -1,
      3678, 3422, 3679, -1,
      3679, 3422, 3423, -1,
      3679, 3423, 3680, -1,
      3680, 3423, 3424, -1,
      3680, 3424, 3681, -1,
      3681, 3424, 3425, -1,
      3681, 3425, 3682, -1,
      3682, 3425, 3426, -1,
      3682, 3426, 3683, -1,
      3683, 3426, 3427, -1,
      3683, 3427, 3684, -1,
      3684, 3427, 3428, -1,
      3684, 3428, 3685, -1,
      3685, 3428, 3429, -1,
      3685, 3429, 3686, -1,
      3686, 3429, 3430, -1,
      3686, 3430, 3687, -1,
      3687, 3430, 3431, -1,
      3687, 3431, 3688, -1,
      3688, 3431, 3432, -1,
      3688, 3432, 3689, -1,
      3689, 3432, 3433, -1,
      3689, 3433, 3690, -1,
      3690, 3433, 3434, -1,
      3690, 3434, 3691, -1,
      3691, 3434, 3435, -1,
      3691, 3435, 3692, -1,
      3692, 3435, 3436, -1,
      3692, 3436, 3693, -1,
      3693, 3436, 3437, -1,
      3693, 3437, 3694, -1,
      3694, 3437, 3438, -1,
      3694, 3438, 3695, -1,
      3695, 3438, 3439, -1,
      3695, 3439, 3696, -1,
      3696, 3439, 3440, -1,
      3696, 3440, 3697, -1,
      3697, 3440, 3441, -1,
      3697, 3441, 3698, -1,
      3698, 3441, 3442, -1,
      3698, 3442, 3699, -1,
      3699, 3442, 3443, -1,
      3699, 3443, 3700, -1,
      3700, 3443, 3444, -1,
      3700, 3444, 3701, -1,
      3701, 3444, 3445, -1,
      3701, 3445, 3702, -1,
      3702, 3445, 3446, -1,
      3702, 3446, 3703, -1,
      3703, 3446, 3447, -1,
      3703, 3447, 3704, -1,
      3704, 3447, 3448, -1,
      3704, 3448, 3705, -1,
      3705, 3448, 3449, -1,
      3705, 3449, 3706, -1,
      3706, 3449, 3450, -1,
      3706, 3450, 3707, -1,
      3707, 3450, 3451, -1,
      3707, 3451, 3708, -1,
      3708, 3451, 3452, -1,
      3708, 3452, 3709, -1,
      3709, 3452, 3453, -1,
      3709, 3453, 3710, -1,
      3710, 3453, 3454, -1,
      3710, 3454, 3711, -1,
      3711, 3454, 3455, -1,
      3711, 3455, 3712, -1,
      3712, 3455, 3456, -1,
      3712, 3456, 3713, -1,
      3713, 3456, 3457, -1,
      3713, 3457, 3714, -1,
      3714, 3457, 3458, -1,
      3714, 3458, 3715, -1,
      3715, 3458, 3459, -1,
      3715, 3459, 3716, -1,
      3716, 3459, 3460, -1,
      3716, 3460, 3717, -1,
      3717, 3460, 3461, -1,
      3717, 3461, 3718, -1,
      3718, 3461, 3462, -1,
      3718, 3462, 3719, -1,
      3719, 3462, 3463, -1,
      3719, 3463, 3720, -1,
      3720, 3463, 3464, -1,
      3720, 3464, 3721, -1,
      3721, 3464, 3465, -1,
      3721, 3465, 3722, -1,
      3722, 3465, 3466, -1,
      3722, 3466, 3723, -1,
      3723, 3466, 3467, -1,
      3723, 3467, 3724, -1,
      3724, 3467, 3468, -1,
      3724, 3468, 3725, -1,
      3725, 3468, 3469, -1,
      3725, 3469, 3726, -1,
      3726, 3469, 3470, -1,
      3726, 3470, 3727, -1,
      3727, 3470, 3471, -1,
      3727, 3471, 3728, -1,
      3728, 3471, 3472, -1,
      3728, 3472, 3729, -1,
      3729, 3472, 3473, -1,
      3729, 3473, 3730, -1,
      3730, 3473, 3474, -1,
      3730, 3474, 3731, -1,
      3731, 3474, 3475, -1,
      3731, 3475, 3732, -1,
      3732, 3475, 3476, -1,
      3732, 3476, 3733, -1,
      3733, 3476, 3477, -1,
      3733, 3477, 3734, -1,
      3734, 3477, 3478, -1,
      3734, 3478, 3735, -1,
      3735, 3478, 3479, -1,
      3735, 3479, 3736, -1,
      3736, 3479, 3480, -1,
      3736, 3480, 3737, -1,
      3737, 3480, 3481, -1,
      3737, 3481, 3738, -1,
      3738, 3481, 3482, -1,
      3738, 3482, 3739, -1,
      3739, 3482, 3483, -1,
      400, 399, 3484, -1,
      3484, 399, 3740, -1,
      3484, 3740, 3485, -1,
      3485, 3740, 3741, -1,
      3485, 3741, 3486, -1,
      3486, 3741, 3742, -1,
      3486, 3742, 3487, -1,
      3487, 3742, 3743, -1,
      3487, 3743, 3488, -1,
      3488, 3743, 3744, -1,
      3488, 3744, 3489, -1,
      3489, 3744, 3745, -1,
      3489, 3745, 3490, -1,
      3490, 3745, 3746, -1,
      3490, 3746, 3491, -1,
      3491, 3746, 3747, -1,
      3491, 3747, 3492, -1,
      3492, 3747, 3748, -1,
      3492, 3748, 3493, -1,
      3493, 3748, 3749, -1,
      3493, 3749, 3494, -1,
      3494, 3749, 3750, -1,
      3494, 3750, 3495, -1,
      3495, 3750, 3751, -1,
      3495, 3751, 3496, -1,
      3496, 3751, 3752, -1,
      3496, 3752, 3497, -1,
      3497, 3752, 3753, -1,
      3497, 3753, 3498, -1,
      3498, 3753, 3754, -1,
      3498, 3754, 3499, -1,
      3499, 3754, 3755, -1,
      3499, 3755, 3500, -1,
      3500, 3755, 3756, -1,
      3500, 3756, 3501, -1,
      3501, 3756, 3757, -1,
      3501, 3757, 3502, -1,
      3502, 3757, 3758, -1,
      3502, 3758, 3503, -1,
      3503, 3758, 3759, -1,
      3503, 3759, 3504, -1,
      3504, 3759, 3760, -1,
      3504, 3760, 3505, -1,
      3505, 3760, 3761, -1,
      3505, 3761, 3506, -1,
      3506, 3761, 3762, -1,
      3506, 3762, 3507, -1,
      3507, 3762, 3763, -1,
      3507, 3763, 3508, -1,
      3508, 3763, 3764, -1,
      3508, 3764, 3509, -1,
      3509, 3764, 3765, -1,
      3509, 3765, 3510, -1,
      3510, 3765, 3766, -1,
      3510, 3766, 3511, -1,
      3511, 3766, 3767, -1,
      3511, 3767, 3512, -1,
      3512, 3767, 3768, -1,
      3512, 3768, 3513, -1,
      3513, 3768, 3769, -1,
      3513, 3769, 3514, -1,
      3514, 3769, 3770, -1,
      3514, 3770, 3515, -1,
      3515, 3770, 3771, -1,
      3515, 3771, 3516, -1,
      3516, 3771, 3772, -1,
      3516, 3772, 3517, -1,
      3517, 3772, 3773, -1,
      3517, 3773, 3518, -1,
      3518, 3773, 3774, -1,
      3518, 3774, 3519, -1,
      3519, 3774, 3775, -1,
      3519, 3775, 3520, -1,
      3520, 3775, 3776, -1,
      3520, 3776, 3521, -1,
      3521, 3776, 3777, -1,
      3521, 3777, 3522, -1,
      3522, 3777, 3778, -1,
      3522, 3778, 3523, -1,
      3523, 3778, 3779, -1,
      3523, 3779, 3524, -1,
      3524, 3779, 3780, -1,
      3524, 3780, 3525, -1,
      3525, 3780, 3781, -1,
      3525, 3781, 3526, -1,
      3526, 3781, 3782, -1,
      3526, 3782, 3527, -1,
      3527, 3782, 3783, -1,
      3527, 3783, 3528, -1,
      3528, 3783, 3784, -1,
      3528, 3784, 3529, -1,
      3529, 3784, 3785, -1,
      3529, 3785, 3530, -1,
      3530, 3785, 3786, -1,
      3530, 3786, 3531, -1,
      3531, 3786, 3787, -1,
      3531, 3787, 3532, -1,
      3532, 3787, 3788, -1,
      3532, 3788, 3533, -1,
      3533, 3788, 3789, -1,
      3533, 3789, 3534, -1,
      3534, 3789, 3790, -1,
      3534, 3790, 3535, -1,
      3535, 3790, 3791, -1,
      3535, 3791, 3536, -1,
      3536, 3791, 3792, -1,
      3536, 3792, 3537, -1,
      3537, 3792, 3793, -1,
      3537, 3793, 3538, -1,
      3538, 3793, 3794, -1,
      3538, 3794, 3539, -1,
      3539, 3794, 3795, -1,
      3539, 3795, 3540, -1,
      3540, 3795, 3796, -1,
      3540, 3796, 3541, -1,
      3541, 3796, 3797, -1,
      3541, 3797, 3542, -1,
      3542, 3797, 3798, -1,
      3542, 3798, 3543, -1,
      3543, 3798, 3799, -1,
      3543, 3799, 3544, -1,
      3544, 3799, 3800, -1,
      3544, 3800, 3545, -1,
      3545, 3800, 3801, -1,
      3545, 3801, 3546, -1,
      3546, 3801, 3802, -1,
      3546, 3802, 3547, -1,
      3547, 3802, 3803, -1,
      3547, 3803, 3548, -1,
      3548, 3803, 3804, -1,
      3548, 3804, 3549, -1,
      3549, 3804, 3805, -1,
      3549, 3805, 3550, -1,
      3550, 3805, 3806, -1,
      3550, 3806, 3551, -1,
      3551, 3806, 3807, -1,
      3551, 3807, 3552, -1,
      3552, 3807, 3808, -1,
      3552, 3808, 3553, -1,
      3553, 3808, 3809, -1,
      3553, 3809, 3554, -1,
      3554, 3809, 3810, -1,
      3554, 3810, 3555, -1,
      3555, 3810, 3811, -1,
      3555, 3811, 3556, -1,
      3556, 3811, 3812, -1,
      3556, 3812, 3557, -1,
      3557, 3812, 3813, -1,
      3557, 3813, 3558, -1,
      3558, 3813, 3814, -1,
      3558, 3814, 3559, -1,
      3559, 3814, 3815, -1,
      3559, 3815, 3560, -1,
      3560, 3815, 3816, -1,
      3560, 3816, 3561, -1,
      3561, 3816, 3817, -1,
      3561, 3817, 3562, -1,
      3562, 3817, 3818, -1,
      3562, 3818, 3563, -1,
      3563, 3818, 3819, -1,
      3563, 3819, 3564, -1,
      3564, 3819, 3820, -1,
      3564, 3820, 3565, -1,
      3565, 3820, 3821, -1,
      3565, 3821, 3566, -1,
      3566, 3821, 3822, -1,
      3566, 3822, 3567, -1,
      3567, 3822, 3823, -1,
      3567, 3823, 3568, -1,
      3568, 3823, 3824, -1,
      3568, 3824, 3569, -1,
      3569, 3824, 3825, -1,
      3569, 3825, 3570, -1,
      3570, 3825, 3826, -1,
      3570, 3826, 3571, -1,
      3571, 3826, 3827, -1,
      3571, 3827, 3572, -1,
      3572, 3827, 3828, -1,
      3572, 3828, 3573, -1,
      3573, 3828, 3829, -1,
      3573, 3829, 3574, -1,
      3574, 3829, 3830, -1,
      3574, 3830, 3575, -1,
      3575, 3830, 3831, -1,
      3575, 3831, 3576, -1,
      3576, 3831, 3832, -1,
      3576, 3832, 3577, -1,
      3577, 3832, 3833, -1,
      3577, 3833, 3578, -1,
      3578, 3833, 3834, -1,
      3578, 3834, 3579, -1,
      3579, 3834, 3835, -1,
      3579, 3835, 3580, -1,
      3580, 3835, 3836, -1,
      3580, 3836, 3581, -1,
      3581, 3836, 3837, -1,
      3581, 3837, 3582, -1,
      3582, 3837, 3838, -1,
      3582, 3838, 3583, -1,
      3583, 3838, 3839, -1,
      3583, 3839, 3584, -1,
      3584, 3839, 3840, -1,
      3584, 3840, 3585, -1,
      3585, 3840, 3841, -1,
      3585, 3841, 3586, -1,
      3586, 3841, 3842, -1,
      3586, 3842, 3587, -1,
      3587, 3842, 3843, -1,
      3587, 3843, 3588, -1,
      3588, 3843, 3844, -1,
      3588, 3844, 3589, -1,
      3589, 3844, 3845, -1,
      3589, 3845, 3590, -1,
      3590, 3845, 3846, -1,
      3590, 3846, 3591, -1,
      3591, 3846, 3847, -1,
      3591, 3847, 3592, -1,
      3592, 3847, 3848, -1,
      3592, 3848, 3593, -1,
      3593, 3848, 3849, -1,
      3593, 3849, 3594, -1,
      3594, 3849, 3850, -1,
      3594, 3850, 3595, -1,
      3595, 3850, 3851, -1,
      3595, 3851, 3596, -1,
      3596, 3851, 3852, -1,
      3596, 3852, 3597, -1,
      3597, 3852, 3853, -1,
      3597, 3853, 3598, -1,
      3598, 3853, 3854, -1,
      3598, 3854, 3599, -1,
      3599, 3854, 3855, -1,
      3599, 3855, 3600, -1,
      3600, 3855, 3856, -1,
      3600, 3856, 3601, -1,
      3601, 3856, 3857, -1,
      3601, 3857, 3602, -1,
      3602, 3857, 3858, -1,
      3602, 3858, 3603, -1,
      3603, 3858, 3859, -1,
      3603, 3859, 3604, -1,
      3604, 3859, 3860, -1,
      3604, 3860, 3605, -1,
      3605, 3860, 3861, -1,
      3605, 3861, 3606, -1,
      3606, 3861, 3862, -1,
      3606, 3862, 3607, -1,
      3607, 3862, 3863, -1,
      3607, 3863, 3608, -1,
      3608, 3863, 3864, -1,
      3608, 3864, 3609, -1,
      3609, 3864, 3865, -1,
      3609, 3865, 3610, -1,
      3610, 3865, 3866, -1,
      3610, 3866, 3611, -1,
      3611, 3866, 3867, -1,
      370, 375, 3868, -1,
      3868, 375, 3612, -1,
      3868, 3612, 3869, -1,
      3869, 3612, 3613, -1,
      3869, 3613, 3870, -1,
      3870, 3613, 3614, -1,
      3870, 3614, 3871, -1,
      3871, 3614, 3615, -1,
      3871, 3615, 3872, -1,
      3872, 3615, 3616, -1,
      3872, 3616, 3873, -1,
      3873, 3616, 3617, -1,
      3873, 3617, 3874, -1,
      3874, 3617, 3618, -1,
      3874, 3618, 3875, -1,
      3875, 3618, 3619, -1,
      3875, 3619, 3876, -1,
      3876, 3619, 3620, -1,
      3876, 3620, 3877, -1,
      3877, 3620, 3621, -1,
      3877, 3621, 3878, -1,
      3878, 3621, 3622, -1,
      3878, 3622, 3879, -1,
      3879, 3622, 3623, -1,
      3879, 3623, 3880, -1,
      3880, 3623, 3624, -1,
      3880, 3624, 3881, -1,
      3881, 3624, 3625, -1,
      3881, 3625, 3882, -1,
      3882, 3625, 3626, -1,
      3882, 3626, 3883, -1,
      3883, 3626, 3627, -1,
      3883, 3627, 3884, -1,
      3884, 3627, 3628, -1,
      3884, 3628, 3885, -1,
      3885, 3628, 3629, -1,
      3885, 3629, 3886, -1,
      3886, 3629, 3630, -1,
      3886, 3630, 3887, -1,
      3887, 3630, 3631, -1,
      3887, 3631, 3888, -1,
      3888, 3631, 3632, -1,
      3888, 3632, 3889, -1,
      3889, 3632, 3633, -1,
      3889, 3633, 3890, -1,
      3890, 3633, 3634, -1,
      3890, 3634, 3891, -1,
      3891, 3634, 3635, -1,
      3891, 3635, 3892, -1,
      3892, 3635, 3636, -1,
      3892, 3636, 3893, -1,
      3893, 3636, 3637, -1,
      3893, 3637, 3894, -1,
      3894, 3637, 3638, -1,
      3894, 3638, 3895, -1,
      3895, 3638, 3639, -1,
      3895, 3639, 3896, -1,
      3896, 3639, 3640, -1,
      3896, 3640, 3897, -1,
      3897, 3640, 3641, -1,
      3897, 3641, 3898, -1,
      3898, 3641, 3642, -1,
      3898, 3642, 3899, -1,
      3899, 3642, 3643, -1,
      3899, 3643, 3900, -1,
      3900, 3643, 3644, -1,
      3900, 3644, 3901, -1,
      3901, 3644, 3645, -1,
      3901, 3645, 3902, -1,
      3902, 3645, 3646, -1,
      3902, 3646, 3903, -1,
      3903, 3646, 3647, -1,
      3903, 3647, 3904, -1,
      3904, 3647, 3648, -1,
      3904, 3648, 3905, -1,
      3905, 3648, 3649, -1,
      3905, 3649, 3906, -1,
      3906, 3649, 3650, -1,
      3906, 3650, 3907, -1,
      3907, 3650, 3651, -1,
      3907, 3651, 3908, -1,
      3908, 3651, 3652, -1,
      3908, 3652, 3909, -1,
      3909, 3652, 3653, -1,
      3909, 3653, 3910, -1,
      3910, 3653, 3654, -1,
      3910, 3654, 3911, -1,
      3911, 3654, 3655, -1,
      3911, 3655, 3912, -1,
      3912, 3655, 3656, -1,
      3912, 3656, 3913, -1,
      3913, 3656, 3657, -1,
      3913, 3657, 3914, -1,
      3914, 3657, 3658, -1,
      3914, 3658, 3915, -1,
      3915, 3658, 3659, -1,
      3915, 3659, 3916, -1,
      3916, 3659, 3660, -1,
      3916, 3660, 3917, -1,
      3917, 3660, 3661, -1,
      3917, 3661, 3918, -1,
      3918, 3661, 3662, -1,
      3918, 3662, 3919, -1,
      3919, 3662, 3663, -1,
      3919, 3663, 3920, -1,
      3920, 3663, 3664, -1,
      3920, 3664, 3921, -1,
      3921, 3664, 3665, -1,
      3921, 3665, 3922, -1,
      3922, 3665, 3666, -1,
      3922, 3666, 3923, -1,
      3923, 3666, 3667, -1,
      3923, 3667, 3924, -1,
      3924, 3667, 3668, -1,
      3924, 3668, 3925, -1,
      3925, 3668, 3669, -1,
      3925, 3669, 3926, -1,
      3926, 3669, 3670, -1,
      3926, 3670, 3927, -1,
      3927, 3670, 3671, -1,
      3927, 3671, 3928, -1,
      3928, 3671, 3672, -1,
      3928, 3672, 3929, -1,
      3929, 3672, 3673, -1,
      3929, 3673, 3930, -1,
      3930, 3673, 3674, -1,
      3930, 3674, 3931, -1,
      3931, 3674, 3675, -1,
      3931, 3675, 3932, -1,
      3932, 3675, 3676, -1,
      3932, 3676, 3933, -1,
      3933, 3676, 3677, -1,
      3933, 3677, 3934, -1,
      3934, 3677, 3678, -1,
      3934, 3678, 3935, -1,
      3935, 3678, 3679, -1,
      3935, 3679, 3936, -1,
      3936, 3679, 3680, -1,
      3936, 3680, 3937, -1,
      3937, 3680, 3681, -1,
      3937, 3681, 3938, -1,
      3938, 3681, 3682, -1,
      3938, 3682, 3939, -1,
      3939, 3682, 3683, -1,
      3939, 3683, 3940, -1,
      3940, 3683, 3684, -1,
      3940, 3684, 3941, -1,
      3941, 3684, 3685, -1,
      3941, 3685, 3942, -1,
      3942, 3685, 3686, -1,
      3942, 3686, 3943, -1,
      3943, 3686, 3687, -1,
      3943, 3687, 3944, -1,
      3944, 3687, 3688, -1,
      3944, 3688, 3945, -1,
      3945, 3688, 3689, -1,
      3945, 3689, 3946, -1,
      3946, 3689, 3690, -1,
      3946, 3690, 3947, -1,
      3947, 3690, 3691, -1,
      3947, 3691, 3948, -1,
      3948, 3691, 3692, -1,
      3948, 3692, 3949, -1,
      3949, 3692, 3693, -1,
      3949, 3693, 3950, -1,
      3950, 3693, 3694, -1,
      3950, 3694, 3951, -1,
      3951, 3694, 3695, -1,
      3951, 3695, 3952, -1,
      3952, 3695, 3696, -1,
      3952, 3696, 3953, -1,
      3953, 3696, 3697, -1,
      3953, 3697, 3954, -1,
      3954, 3697, 3698, -1,
      3954, 3698, 3955, -1,
      3955, 3698, 3699, -1,
      3955, 3699, 3956, -1,
      3956, 3699, 3700, -1,
      3956, 3700, 3957, -1,
      3957, 3700, 3701, -1,
      3957, 3701, 3958, -1,
      3958, 3701, 3702, -1,
      3958, 3702, 3959, -1,
      3959, 3702, 3703, -1,
      3959, 3703, 3960, -1,
      3960, 3703, 3704, -1,
      3960, 3704, 3961, -1,
      3961, 3704, 3705, -1,
      3961, 3705, 3962, -1,
      3962, 3705, 3706, -1,
      3962, 3706, 3963, -1,
      3963, 3706, 3707, -1,
      3963, 3707, 3964, -1,
      3964, 3707, 3708, -1,
      3964, 3708, 3965, -1,
      3965, 3708, 3709, -1,
      3965, 3709, 3966, -1,
      3966, 3709, 3710, -1,
      3966, 3710, 3967, -1,
      3967, 3710, 3711, -1,
      3967, 3711, 3968, -1,
      3968, 3711, 3712, -1,
      3968, 3712, 3969, -1,
      3969, 3712, 3713, -1,
      3969, 3713, 3970, -1,
      3970, 3713, 3714, -1,
      3970, 3714, 3971, -1,
      3971, 3714, 3715, -1,
      3971, 3715, 3972, -1,
      3972, 3715, 3716, -1,
      3972, 3716, 3973, -1,
      3973, 3716, 3717, -1,
      3973, 3717, 3974, -1,
      3974, 3717, 3718, -1,
      3974, 3718, 3975, -1,
      3975, 3718, 3719, -1,
      3975, 3719, 3976, -1,
      3976, 3719, 3720, -1,
      3976, 3720, 3977, -1,
      3977, 3720, 3721, -1,
      3977, 3721, 3978, -1,
      3978, 3721, 3722, -1,
      3978, 3722, 3979, -1,
      3979, 3722, 3723, -1,
      3979, 3723, 3980, -1,
      3980, 3723, 3724, -1,
      3980, 3724, 3981, -1,
      3981, 3724, 3725, -1,
      3981, 3725, 3982, -1,
      3982, 3725, 3726, -1,
      3982, 3726, 3983, -1,
      3983, 3726, 3727, -1,
      3983, 3727, 3984, -1,
      3984, 3727, 3728, -1,
      3984, 3728, 3985, -1,
      3985, 3728, 3729, -1,
      3985, 3729, 3986, -1,
      3986, 3729, 3730, -1,
      3986, 3730, 3987, -1,
      3987, 3730, 3731, -1,
      3987, 3731, 3988, -1,
      3988, 3731, 3732, -1,
      3988, 3732, 3989, -1,
      3989, 3732, 3733, -1,
      3989, 3733, 3990, -1,
      3990, 3733, 3734, -1,
      3990, 3734, 3991, -1,
      3991, 3734, 3735, -1,
      3991, 3735, 3992, -1,
      3992, 3735, 3736, -1,
      3992, 3736, 3993, -1,
      3993, 3736, 3737, -1,
      3993, 3737, 3994, -1,
      3994, 3737, 3738, -1,
      3994, 3738, 3995, -1,
      3995, 3738, 3739, -1,
      399, 398, 3740, -1,
      3740, 398, 3996, -1,
      3740, 3996, 3741, -1,
      3741, 3996, 3997, -1,
      3741, 3997, 3742, -1,
      3742, 3997, 3998, -1,
      3742, 3998, 3743, -1,
      3743, 3998, 3999, -1,
      3743, 3999, 3744, -1,
      3744, 3999, 4000, -1,
      3744, 4000, 3745, -1,
      3745, 4000, 4001, -1,
      3745, 4001, 3746, -1,
      3746, 4001, 4002, -1,
      3746, 4002, 3747, -1,
      3747, 4002, 4003, -1,
      3747, 4003, 3748, -1,
      3748, 4003, 4004, -1,
      3748, 4004, 3749, -1,
      3749, 4004, 4005, -1,
      3749, 4005, 3750, -1,
      3750, 4005, 4006, -1,
      3750, 4006, 3751, -1,
      3751, 4006, 4007, -1,
      3751, 4007, 3752, -1,
      3752, 4007, 4008, -1,
      3752, 4008, 3753, -1,
      3753, 4008, 4009, -1,
      3753, 4009, 3754, -1,
      3754, 4009, 4010, -1,
      3754, 4010, 3755, -1,
      3755, 4010, 4011, -1,
      3755, 4011, 3756, -1,
      3756, 4011, 4012, -1,
      3756, 4012, 3757, -1,
      3757, 4012, 4013, -1,
      3757, 4013, 3758, -1,
      3758, 4013, 4014, -1,
      3758, 4014, 3759, -1,
      3759, 4014, 4015, -1,
      3759, 4015, 3760, -1,
      3760, 4015, 4016, -1,
      3760, 4016, 3761, -1,
      3761, 4016, 4017, -1,
      3761, 4017, 3762, -1,
      3762, 4017, 4018, -1,
      3762, 4018, 3763, -1,
      3763, 4018, 4019, -1,
      3763, 4019, 3764, -1,
      3764, 4019, 4020, -1,
      3764, 4020, 3765, -1,
      3765, 4020, 4021, -1,
      3765, 4021, 3766, -1,
      3766, 4021, 4022, -1,
      3766, 4022, 3767, -1,
      3767, 4022, 4023, -1,
      3767, 4023, 3768, -1,
      3768, 4023, 4024, -1,
      3768, 4024, 3769, -1,
      3769, 4024, 4025, -1,
      3769, 4025, 3770, -1,
      3770, 4025, 4026, -1,
      3770, 4026, 3771, -1,
      3771, 4026, 4027, -1,
      3771, 4027, 3772, -1,
      3772, 4027, 4028, -1,
      3772, 4028, 3773, -1,
      3773, 4028, 4029, -1,
      3773, 4029, 3774, -1,
      3774, 4029, 4030, -1,
      3774, 4030, 3775, -1,
      3775, 4030, 4031, -1,
      3775, 4031, 3776, -1,
      3776, 4031, 4032, -1,
      3776, 4032, 3777, -1,
      3777, 4032, 4033, -1,
      3777, 4033, 3778, -1,
      3778, 4033, 4034, -1,
      3778, 4034, 3779, -1,
      3779, 4034, 4035, -1,
      3779, 4035, 3780, -1,
      3780, 4035, 4036, -1,
      3780, 4036, 3781, -1,
      3781, 4036, 4037, -1,
      3781, 4037, 3782, -1,
      3782, 4037, 4038, -1,
      3782, 4038, 3783, -1,
      3783, 4038, 4039, -1,
      3783, 4039, 3784, -1,
      3784, 4039, 4040, -1,
      3784, 4040, 3785, -1,
      3785, 4040, 4041, -1,
      3785, 4041, 3786, -1,
      3786, 4041, 4042, -1,
      3786, 4042, 3787, -1,
      3787, 4042, 4043, -1,
      3787, 4043, 3788, -1,
      3788, 4043, 4044, -1,
      3788, 4044, 3789, -1,
      3789, 4044, 4045, -1,
      3789, 4045, 3790, -1,
      3790, 4045, 4046, -1,
      3790, 4046, 3791, -1,
      3791, 4046, 4047, -1,
      3791, 4047, 3792, -1,
      3792, 4047, 4048, -1,
      3792, 4048, 3793, -1,
      3793, 4048, 4049, -1,
      3793, 4049, 3794, -1,
      3794, 4049, 4050, -1,
      3794, 4050, 3795, -1,
      3795, 4050, 4051, -1,
      3795, 4051, 3796, -1,
      3796, 4051, 4052, -1,
      3796, 4052, 3797, -1,
      3797, 4052, 4053, -1,
      3797, 4053, 3798, -1,
      3798, 4053, 4054, -1,
      3798, 4054, 3799, -1,
      3799, 4054, 4055, -1,
      3799, 4055, 3800, -1,
      3800, 4055, 4056, -1,
      3800, 4056, 3801, -1,
      3801, 4056, 4057, -1,
      3801, 4057, 3802, -1,
      3802, 4057, 4058, -1,
      3802, 4058, 3803, -1,
      3803, 4058, 4059, -1,
      3803, 4059, 3804, -1,
      3804, 4059, 4060, -1,
      3804, 4060, 3805, -1,
      3805, 4060, 4061, -1,
      3805, 4061, 3806, -1,
      3806, 4061, 4062, -1,
      3806, 4062, 3807, -1,
      3807, 4062, 4063, -1,
      3807, 4063, 3808, -1,
      3808, 4063, 4064, -1,
      3808, 4064, 3809, -1,
      3809, 4064, 4065, -1,
      3809, 4065, 3810, -1,
      3810, 4065, 4066, -1,
      3810, 4066, 3811, -1,
      3811, 4066, 4067, -1,
      3811, 4067, 3812, -1,
      3812, 4067, 4068, -1,
      3812, 4068, 3813, -1,
      3813, 4068, 4069, -1,
      3813, 4069, 3814, -1,
      3814, 4069, 4070, -1,
      3814, 4070, 3815, -1,
      3815, 4070, 4071, -1,
      3815, 4071, 3816, -1,
      3816, 4071, 4072, -1,
      3816, 4072, 3817, -1,
      3817, 4072, 4073, -1,
      3817, 4073, 3818, -1,
      3818, 4073, 4074, -1,
      3818, 4074, 3819, -1,
      3819, 4074, 4075, -1,
      3819, 4075, 3820, -1,
      3820, 4075, 4076, -1,
      3820, 4076, 3821, -1,
      3821, 4076, 4077, -1,
      3821, 4077, 3822, -1,
      3822, 4077, 4078, -1,
      3822, 4078, 3823, -1,
      3823, 4078, 4079, -1,
      3823, 4079, 3824, -1,
      3824, 4079, 4080, -1,
      3824, 4080, 3825, -1,
      3825, 4080, 4081, -1,
      3825, 4081, 3826, -1,
      3826, 4081, 4082, -1,
      3826, 4082, 3827, -1,
      3827, 4082, 4083, -1,
      3827, 4083, 3828, -1,
      3828, 4083, 4084, -1,
      3828, 4084, 3829, -1,
      3829, 4084, 4085, -1,
      3829, 4085, 3830, -1,
      3830, 4085, 4086, -1,
      3830, 4086, 3831, -1,
      3831, 4086, 4087, -1,
      3831, 4087, 3832, -1,
      3832, 4087, 4088, -1,
      3832, 4088, 3833, -1,
      3833, 4088, 4089, -1,
      3833, 4089, 3834, -1,
      3834, 4089, 4090, -1,
      3834, 4090, 3835, -1,
      3835, 4090, 4091, -1,
      3835, 4091, 3836, -1,
      3836, 4091, 4092, -1,
      3836, 4092, 3837, -1,
      3837, 4092, 4093, -1,
      3837, 4093, 3838, -1,
      3838, 4093, 4094, -1,
      3838, 4094, 3839, -1,
      3839, 4094, 4095, -1,
      3839, 4095, 3840, -1,
      3840, 4095, 4096, -1,
      3840, 4096, 3841, -1,
      3841, 4096, 4097, -1,
      3841, 4097, 3842, -1,
      3842, 4097, 4098, -1,
      3842, 4098, 3843, -1,
      3843, 4098, 4099, -1,
      3843, 4099, 3844, -1,
      3844, 4099, 4100, -1,
      3844, 4100, 3845, -1,
      3845, 4100, 4101, -1,
      3845, 4101, 3846, -1,
      3846, 4101, 4102, -1,
      3846, 4102, 3847, -1,
      3847, 4102, 4103, -1,
      3847, 4103, 3848, -1,
      3848, 4103, 4104, -1,
      3848, 4104, 3849, -1,
      3849, 4104, 4105, -1,
      3849, 4105, 3850, -1,
      3850, 4105, 4106, -1,
      3850, 4106, 3851, -1,
      3851, 4106, 4107, -1,
      3851, 4107, 3852, -1,
      3852, 4107, 4108, -1,
      3852, 4108, 3853, -1,
      3853, 4108, 4109, -1,
      3853, 4109, 3854, -1,
      3854, 4109, 4110, -1,
      3854, 4110, 3855, -1,
      3855, 4110, 4111, -1,
      3855, 4111, 3856, -1,
      3856, 4111, 4112, -1,
      3856, 4112, 3857, -1,
      3857, 4112, 4113, -1,
      3857, 4113, 3858, -1,
      3858, 4113, 4114, -1,
      3858, 4114, 3859, -1,
      3859, 4114, 4115, -1,
      3859, 4115, 3860, -1,
      3860, 4115, 4116, -1,
      3860, 4116, 3861, -1,
      3861, 4116, 4117, -1,
      3861, 4117, 3862, -1,
      3862, 4117, 4118, -1,
      3862, 4118, 3863, -1,
      3863, 4118, 4119, -1,
      3863, 4119, 3864, -1,
      3864, 4119, 4120, -1,
      3864, 4120, 3865, -1,
      3865, 4120, 4121, -1,
      3865, 4121, 3866, -1,
      3866, 4121, 4122, -1,
      3866, 4122, 3867, -1,
      3867, 4122, 4123, -1,
      371, 370, 4124, -1,
      4124, 370, 3868, -1,
      4124, 3868, 4125, -1,
      4125, 3868, 3869, -1,
      4125, 3869, 4126, -1,
      4126, 3869, 3870, -1,
      4126, 3870, 4127, -1,
      4127, 3870, 3871, -1,
      4127, 3871, 4128, -1,
      4128, 3871, 3872, -1,
      4128, 3872, 4129, -1,
      4129, 3872, 3873, -1,
      4129, 3873, 4130, -1,
      4130, 3873, 3874, -1,
      4130, 3874, 4131, -1,
      4131, 3874, 3875, -1,
      4131, 3875, 4132, -1,
      4132, 3875, 3876, -1,
      4132, 3876, 4133, -1,
      4133, 3876, 3877, -1,
      4133, 3877, 4134, -1,
      4134, 3877, 3878, -1,
      4134, 3878, 4135, -1,
      4135, 3878, 3879, -1,
      4135, 3879, 4136, -1,
      4136, 3879, 3880, -1,
      4136, 3880, 4137, -1,
      4137, 3880, 3881, -1,
      4137, 3881, 4138, -1,
      4138, 3881, 3882, -1,
      4138, 3882, 4139, -1,
      4139, 3882, 3883, -1,
      4139, 3883, 4140, -1,
      4140, 3883, 3884, -1,
      4140, 3884, 4141, -1,
      4141, 3884, 3885, -1,
      4141, 3885, 4142, -1,
      4142, 3885, 3886, -1,
      4142, 3886, 4143, -1,
      4143, 3886, 3887, -1,
      4143, 3887, 4144, -1,
      4144, 3887, 3888, -1,
      4144, 3888, 4145, -1,
      4145, 3888, 3889, -1,
      4145, 3889, 4146, -1,
      4146, 3889, 3890, -1,
      4146, 3890, 4147, -1,
      4147, 3890, 3891, -1,
      4147, 3891, 4148, -1,
      4148, 3891, 3892, -1,
      4148, 3892, 4149, -1,
      4149, 3892, 3893, -1,
      4149, 3893, 4150, -1,
      4150, 3893, 3894, -1,
      4150, 3894, 4151, -1,
      4151, 3894, 3895, -1,
      4151, 3895, 4152, -1,
      4152, 3895, 3896, -1,
      4152, 3896, 4153, -1,
      4153, 3896, 3897, -1,
      4153, 3897, 4154, -1,
      4154, 3897, 3898, -1,
      4154, 3898, 4155, -1,
      4155, 3898, 3899, -1,
      4155, 3899, 4156, -1,
      4156, 3899, 3900, -1,
      4156, 3900, 4157, -1,
      4157, 3900, 3901, -1,
      4157, 3901, 4158, -1,
      4158, 3901, 3902, -1,
      4158, 3902, 4159, -1,
      4159, 3902, 3903, -1,
      4159, 3903, 4160, -1,
      4160, 3903, 3904, -1,
      4160, 3904, 4161, -1,
      4161, 3904, 3905, -1,
      4161, 3905, 4162, -1,
      4162, 3905, 3906, -1,
      4162, 3906, 4163, -1,
      4163, 3906, 3907, -1,
      4163, 3907, 4164, -1,
      4164, 3907, 3908, -1,
      4164, 3908, 4165, -1,
      4165, 3908, 3909, -1,
      4165, 3909, 4166, -1,
      4166, 3909, 3910, -1,
      4166, 3910, 4167, -1,
      4167, 3910, 3911, -1,
      4167, 3911, 4168, -1,
      4168, 3911, 3912, -1,
      4168, 3912, 4169, -1,
      4169, 3912, 3913, -1,
      4169, 3913, 4170, -1,
      4170, 3913, 3914, -1,
      4170, 3914, 4171, -1,
      4171, 3914, 3915, -1,
      4171, 3915, 4172, -1,
      4172, 3915, 3916, -1,
      4172, 3916, 4173, -1,
      4173, 3916, 3917, -1,
      4173, 3917, 4174, -1,
      4174, 3917, 3918, -1,
      4174, 3918, 4175, -1,
      4175, 3918, 3919, -1,
      4175, 3919, 4176, -1,
      4176, 3919, 3920, -1,
      4176, 3920, 4177, -1,
      4177, 3920, 3921, -1,
      4177, 3921, 4178, -1,
      4178, 3921, 3922, -1,
      4178, 3922, 4179, -1,
      4179, 3922, 3923, -1,
      4179, 3923, 4180, -1,
      4180, 3923, 3924, -1,
      4180, 3924, 4181, -1,
      4181, 3924, 3925, -1,
      4181, 3925, 4182, -1,
      4182, 3925, 3926, -1,
      4182, 3926, 4183, -1,
      4183, 3926, 3927, -1,
      4183, 3927, 4184, -1,
      4184, 3927, 3928, -1,
      4184, 3928, 4185, -1,
      4185, 3928, 3929, -1,
      4185, 3929, 4186, -1,
      4186, 3929, 3930, -1,
      4186, 3930, 4187, -1,
      4187, 3930, 3931, -1,
      4187, 3931, 4188, -1,
      4188, 3931, 3932, -1,
      4188, 3932, 4189, -1,
      4189, 3932, 3933, -1,
      4189, 3933, 4190, -1,
      4190, 3933, 3934, -1,
      4190, 3934, 4191, -1,
      4191, 3934, 3935, -1,
      4191, 3935, 4192, -1,
      4192, 3935, 3936, -1,
      4192, 3936, 4193, -1,
      4193, 3936, 3937, -1,
      4193, 3937, 4194, -1,
      4194, 3937, 3938, -1,
      4194, 3938, 4195, -1,
      4195, 3938, 3939, -1,
      4195, 3939, 4196, -1,
      4196, 3939, 3940, -1,
      4196, 3940, 4197, -1,
      4197, 3940, 3941, -1,
      4197, 3941, 4198, -1,
      4198, 3941, 3942, -1,
      4198, 3942, 4199, -1,
      4199, 3942, 3943, -1,
      4199, 3943, 4200, -1,
      4200, 3943, 3944, -1,
      4200, 3944, 4201, -1,
      4201, 3944, 3945, -1,
      4201, 3945, 4202, -1,
      4202, 3945, 3946, -1,
      4202, 3946, 4203, -1,
      4203, 3946, 3947, -1,
      4203, 3947, 4204, -1,
      4204, 3947, 3948, -1,
      4204, 3948, 4205, -1,
      4205, 3948, 3949, -1,
      4205, 3949, 4206, -1,
      4206, 3949, 3950, -1,
      4206, 3950, 4207, -1,
      4207, 3950, 3951, -1,
      4207, 3951, 4208, -1,
      4208, 3951, 3952, -1,
      4208, 3952, 4209, -1,
      4209, 3952, 3953, -1,
      4209, 3953, 4210, -1,
      4210, 3953, 3954, -1,
      4210, 3954, 4211, -1,
      4211, 3954, 3955, -1,
      4211, 3955, 4212, -1,
      4212, 3955, 3956, -1,
      4212, 3956, 4213, -1,
      4213, 3956, 3957, -1,
      4213, 3957, 4214, -1,
      4214, 3957, 3958, -1,
      4214, 3958, 4215, -1,
      4215, 3958, 3959, -1,
      4215, 3959, 4216, -1,
      4216, 3959, 3960, -1,
      4216, 3960, 4217, -1,
      4217, 3960, 3961, -1,
      4217, 3961, 4218, -1,
      4218, 3961, 3962, -1,
      4218, 3962, 4219, -1,
      4219, 3962, 3963, -1,
      4219, 3963, 4220, -1,
      4220, 3963, 3964, -1,
      4220, 3964, 4221, -1,
      4221, 3964, 3965, -1,
      4221, 3965, 4222, -1,
      4222, 3965, 3966, -1,
      4222, 3966, 4223, -1,
      4223, 3966, 3967, -1,
      4223, 3967, 4224, -1,
      4224, 3967, 3968, -1,
      4224, 3968, 4225, -1,
      4225, 3968, 3969, -1,
      4225, 3969, 4226, -1,
      4226, 3969, 3970, -1,
      4226, 3970, 4227, -1,
      4227, 3970, 3971, -1,
      4227, 3971, 4228, -1,
      4228, 3971, 3972, -1,
      4228, 3972, 4229, -1,
      4229, 3972, 3973, -1,
      4229, 3973, 4230, -1,
      4230, 3973, 3974, -1,
      4230, 3974, 4231, -1,
      4231, 3974, 3975, -1,
      4231, 3975, 4232, -1,
      4232, 3975, 3976, -1,
      4232, 3976, 4233, -1,
      4233, 3976, 3977, -1,
      4233, 3977, 4234, -1,
      4234, 3977, 3978, -1,
      4234, 3978, 4235, -1,
      4235, 3978, 3979, -1,
      4235, 3979, 4236, -1,
      4236, 3979, 3980, -1,
      4236, 3980, 4237, -1,
      4237, 3980, 3981, -1,
      4237, 3981, 4238, -1,
      4238, 3981, 3982, -1,
      4238, 3982, 4239, -1,
      4239, 3982, 3983, -1,
      4239, 3983, 4240, -1,
      4240, 3983, 3984, -1,
      4240, 3984, 4241, -1,
      4241, 3984, 3985, -1,
      4241, 3985, 4242, -1,
      4242, 3985, 3986, -1,
      4242, 3986, 4243, -1,
      4243, 3986, 3987, -1,
      4243, 3987, 4244, -1,
      4244, 3987, 3988, -1,
      4244, 3988, 4245, -1,
      4245, 3988, 3989, -1,
      4245, 3989, 4246, -1,
      4246, 3989, 3990, -1,
      4246, 3990, 4247, -1,
      4247, 3990, 3991, -1,
      4247, 3991, 4248, -1,
      4248, 3991, 3992, -1,
      4248, 3992, 4249, -1,
      4249, 3992, 3993, -1,
      4249, 3993, 4250, -1,
      4250, 3993, 3994, -1,
      4250, 3994, 4251, -1,
      4251, 3994, 3995, -1,
      398, 403, 3996, -1,
      3996, 403, 4252, -1,
      3996, 4252, 3997, -1,
      3997, 4252, 4253, -1,
      3997, 4253, 3998, -1,
      3998, 4253, 4254, -1,
      3998, 4254, 3999, -1,
      3999, 4254, 4255, -1,
      3999, 4255, 4000, -1,
      4000, 4255, 4256, -1,
      4000, 4256, 4001, -1,
      4001, 4256, 4257, -1,
      4001, 4257, 4002, -1,
      4002, 4257, 4258, -1,
      4002, 4258, 4003, -1,
      4003, 4258, 4259, -1,
      4003, 4259, 4004, -1,
      4004, 4259, 4260, -1,
      4004, 4260, 4005, -1,
      4005, 4260, 4261, -1,
      4005, 4261, 4006, -1,
      4006, 4261, 4262, -1,
      4006, 4262, 4007, -1,
      4007, 4262, 4263, -1,
      4007, 4263, 4008, -1,
      4008, 4263, 4264, -1,
      4008, 4264, 4009, -1,
      4009, 4264, 4265, -1,
      4009, 4265, 4010, -1,
      4010, 4265, 4266, -1,
      4010, 4266, 4011, -1,
      4011, 4266, 4267, -1,
      4011, 4267, 4012, -1,
      4012, 4267, 4268, -1,
      4012, 4268, 4013, -1,
      4013, 4268, 4269, -1,
      4013, 4269, 4014, -1,
      4014, 4269, 4270, -1,
      4014, 4270, 4015, -1,
      4015, 4270, 4271, -1,
      4015, 4271, 4016, -1,
      4016, 4271, 4272, -1,
      4016, 4272, 4017, -1,
      4017, 4272, 4273, -1,
      4017, 4273, 4018, -1,
      4018, 4273, 4274, -1,
      4018, 4274, 4019, -1,
      4019, 4274, 4275, -1,
      4019, 4275, 4020, -1,
      4020, 4275, 4276, -1,
      4020, 4276, 4021, -1,
      4021, 4276, 4277, -1,
      4021, 4277, 4022, -1,
      4022, 4277, 4278, -1,
      4022, 4278, 4023, -1,
      4023, 4278, 4279, -1,
      4023, 4279, 4024, -1,
      4024, 4279, 4280, -1,
      4024, 4280, 4025, -1,
      4025, 4280, 4281, -1,
      4025, 4281, 4026, -1,
      4026, 4281, 4282, -1,
      4026, 4282, 4027, -1,
      4027, 4282, 4283, -1,
      4027, 4283, 4028, -1,
      4028, 4283, 4284, -1,
      4028, 4284, 4029, -1,
      4029, 4284, 4285, -1,
      4029, 4285, 4030, -1,
      4030, 4285, 4286, -1,
      4030, 4286, 4031, -1,
      4031, 4286, 4287, -1,
      4031, 4287, 4032, -1,
      4032, 4287, 4288, -1,
      4032, 4288, 4033, -1,
      4033, 4288, 4289, -1,
      4033, 4289, 4034, -1,
      4034, 4289, 4290, -1,
      4034, 4290, 4035, -1,
      4035, 4290, 4291, -1,
      4035, 4291, 4036, -1,
      4036, 4291, 4292, -1,
      4036, 4292, 4037, -1,
      4037, 4292, 4293, -1,
      4037, 4293, 4038, -1,
      4038, 4293, 4294, -1,
      4038, 4294, 4039, -1,
      4039, 4294, 4295, -1,
      4039, 4295, 4040, -1,
      4040, 4295, 4296, -1,
      4040, 4296, 4041, -1,
      4041, 4296, 4297, -1,
      4041, 4297, 4042, -1,
      4042, 4297, 4298, -1,
      4042, 4298, 4043, -1,
      4043, 4298, 4299, -1,
      4043, 4299, 4044, -1,
      4044, 4299, 4300, -1,
      4044, 4300, 4045, -1,
      4045, 4300, 4301, -1,
      4045, 4301, 4046, -1,
      4046, 4301, 4302, -1,
      4046, 4302, 4047, -1,
      4047, 4302, 4303, -1,
      4047, 4303, 4048, -1,
      4048, 4303, 4304, -1,
      4048, 4304, 4049, -1,
      4049, 4304, 4305, -1,
      4049, 4305, 4050, -1,
      4050, 4305, 4306, -1,
      4050, 4306, 4051, -1,
      4051, 4306, 4307, -1,
      4051, 4307, 4052, -1,
      4052, 4307, 4308, -1,
      4052, 4308, 4053, -1,
      4053, 4308, 4309, -1,
      4053, 4309, 4054, -1,
      4054, 4309, 4310, -1,
      4054, 4310, 4055, -1,
      4055, 4310, 4311, -1,
      4055, 4311, 4056, -1,
      4056, 4311, 4312, -1,
      4056, 4312, 4057, -1,
      4057, 4312, 4313, -1,
      4057, 4313, 4058, -1,
      4058, 4313, 4314, -1,
      4058, 4314, 4059, -1,
      4059, 4314, 4315, -1,
      4059, 4315, 4060, -1,
      4060, 4315, 4316, -1,
      4060, 4316, 4061, -1,
      4061, 4316, 4317, -1,
      4061, 4317, 4062, -1,
      4062, 4317, 4318, -1,
      4062, 4318, 4063, -1,
      4063, 4318, 4319, -1,
      4063, 4319, 4064, -1,
      4064, 4319, 4320, -1,
      4064, 4320, 4065, -1,
      4065, 4320, 4321, -1,
      4065, 4321, 4066, -1,
      4066, 4321, 4322, -1,
      4066, 4322, 4067, -1,
      4067, 4322, 4323, -1,
      4067, 4323, 4068, -1,
      4068, 4323, 4324, -1,
      4068, 4324, 4069, -1,
      4069, 4324, 4325, -1,
      4069, 4325, 4070, -1,
      4070, 4325, 4326, -1,
      4070, 4326, 4071, -1,
      4071, 4326, 4327, -1,
      4071, 4327, 4072, -1,
      4072, 4327, 4328, -1,
      4072, 4328, 4073, -1,
      4073, 4328, 4329, -1,
      4073, 4329, 4074, -1,
      4074, 4329, 4330, -1,
      4074, 4330, 4075, -1,
      4075, 4330, 4331, -1,
      4075, 4331, 4076, -1,
      4076, 4331, 4332, -1,
      4076, 4332, 4077, -1,
      4077, 4332, 4333, -1,
      4077, 4333, 4078, -1,
      4078, 4333, 4334, -1,
      4078, 4334, 4079, -1,
      4079, 4334, 4335, -1,
      4079, 4335, 4080, -1,
      4080, 4335, 4336, -1,
      4080, 4336, 4081, -1,
      4081, 4336, 4337, -1,
      4081, 4337, 4082, -1,
      4082, 4337, 4338, -1,
      4082, 4338, 4083, -1,
      4083, 4338, 4339, -1,
      4083, 4339, 4084, -1,
      4084, 4339, 4340, -1,
      4084, 4340, 4085, -1,
      4085, 4340, 4341, -1,
      4085, 4341, 4086, -1,
      4086, 4341, 4342, -1,
      4086, 4342, 4087, -1,
      4087, 4342, 4343, -1,
      4087, 4343, 4088, -1,
      4088, 4343, 4344, -1,
      4088, 4344, 4089, -1,
      4089, 4344, 4345, -1,
      4089, 4345, 4090, -1,
      4090, 4345, 4346, -1,
      4090, 4346, 4091, -1,
      4091, 4346, 4347, -1,
      4091, 4347, 4092, -1,
      4092, 4347, 4348, -1,
      4092, 4348, 4093, -1,
      4093, 4348, 4349, -1,
      4093, 4349, 4094, -1,
      4094, 4349, 4350, -1,
      4094, 4350, 4095, -1,
      4095, 4350, 4351, -1,
      4095, 4351, 4096, -1,
      4096, 4351, 4352, -1,
      4096, 4352, 4097, -1,
      4097, 4352, 4353, -1,
      4097, 4353, 4098, -1,
      4098, 4353, 4354, -1,
      4098, 4354, 4099, -1,
      4099, 4354, 4355, -1,
      4099, 4355, 4100, -1,
      4100, 4355, 4356, -1,
      4100, 4356, 4101, -1,
      4101, 4356, 4357, -1,
      4101, 4357, 4102, -1,
      4102, 4357, 4358, -1,
      4102, 4358, 4103, -1,
      4103, 4358, 4359, -1,
      4103, 4359, 4104, -1,
      4104, 4359, 4360, -1,
      4104, 4360, 4105, -1,
      4105, 4360, 4361, -1,
      4105, 4361, 4106, -1,
      4106, 4361, 4362, -1,
      4106, 4362, 4107, -1,
      4107, 4362, 4363, -1,
      4107, 4363, 4108, -1,
      4108, 4363, 4364, -1,
      4108, 4364, 4109, -1,
      4109, 4364, 4365, -1,
      4109, 4365, 4110, -1,
      4110, 4365, 4366, -1,
      4110, 4366, 4111, -1,
      4111, 4366, 4367, -1,
      4111, 4367, 4112, -1,
      4112, 4367, 4368, -1,
      4112, 4368, 4113, -1,
      4113, 4368, 4369, -1,
      4113, 4369, 4114, -1,
      4114, 4369, 4370, -1,
      4114, 4370, 4115, -1,
      4115, 4370, 4371, -1,
      4115, 4371, 4116, -1,
      4116, 4371, 4372, -1,
      4116, 4372, 4117, -1,
      4117, 4372, 4373, -1,
      4117, 4373, 4118, -1,
      4118, 4373, 4374, -1,
      4118, 4374, 4119, -1,
      4119, 4374, 4375, -1,
      4119, 4375, 4120, -1,
      4120, 4375, 4376, -1,
      4120, 4376, 4121, -1,
      4121, 4376, 4377, -1,
      4121, 4377, 4122, -1,
      4122, 4377, 4378, -1,
      4122, 4378, 4123, -1,
      4123, 4378, 4379, -1,
      372, 371, 4380, -1,
      4380, 371, 4124, -1,
      4380, 4124, 4381, -1,
      4381, 4124, 4125, -1,
      4381, 4125, 4382, -1,
      4382, 4125, 4126, -1,
      4382, 4126, 4383, -1,
      4383, 4126, 4127, -1,
      4383, 4127, 4384, -1,
      4384, 4127, 4128, -1,
      4384, 4128, 4385, -1,
      4385, 4128, 4129, -1,
      4385, 4129, 4386, -1,
      4386, 4129, 4130, -1,
      4386, 4130, 4387, -1,
      4387, 4130, 4131, -1,
      4387, 4131, 4388, -1,
      4388, 4131, 4132, -1,
      4388, 4132, 4389, -1,
      4389, 4132, 4133, -1,
      4389, 4133, 4390, -1,
      4390, 4133, 4134, -1,
      4390, 4134, 4391, -1,
      4391, 4134, 4135, -1,
      4391, 4135, 4392, -1,
      4392, 4135, 4136, -1,
      4392, 4136, 4393, -1,
      4393, 4136, 4137, -1,
      4393, 4137, 4394, -1,
      4394, 4137, 4138, -1,
      4394, 4138, 4395, -1,
      4395, 4138, 4139, -1,
      4395, 4139, 4396, -1,
      4396, 4139, 4140, -1,
      4396, 4140, 4397, -1,
      4397, 4140, 4141, -1,
      4397, 4141, 4398, -1,
      4398, 4141, 4142, -1,
      4398, 4142, 4399, -1,
      4399, 4142, 4143, -1,
      4399, 4143, 4400, -1,
      4400, 4143, 4144, -1,
      4400, 4144, 4401, -1,
      4401, 4144, 4145, -1,
      4401, 4145, 4402, -1,
      4402, 4145, 4146, -1,
      4402, 4146, 4403, -1,
      4403, 4146, 4147, -1,
      4403, 4147, 4404, -1,
      4404, 4147, 4148, -1,
      4404, 4148, 4405, -1,
      4405, 4148, 4149, -1,
      4405, 4149, 4406, -1,
      4406, 4149, 4150, -1,
      4406, 4150, 4407, -1,
      4407, 4150, 4151, -1,
      4407, 4151, 4408, -1,
      4408, 4151, 4152, -1,
      4408, 4152, 4409, -1,
      4409, 4152, 4153, -1,
      4409, 4153, 4410, -1,
      4410, 4153, 4154, -1,
      4410, 4154, 4411, -1,
      4411, 4154, 4155, -1,
      4411, 4155, 4412, -1,
      4412, 4155, 4156, -1,
      4412, 4156, 4413, -1,
      4413, 4156, 4157, -1,
      4413, 4157, 4414, -1,
      4414, 4157, 4158, -1,
      4414, 4158, 4415, -1,
      4415, 4158, 4159, -1,
      4415, 4159, 4416, -1,
      4416, 4159, 4160, -1,
      4416, 4160, 4417, -1,
      4417, 4160, 4161, -1,
      4417, 4161, 4418, -1,
      4418, 4161, 4162, -1,
      4418, 4162, 4419, -1,
      4419, 4162, 4163, -1,
      4419, 4163, 4420, -1,
      4420, 4163, 4164, -1,
      4420, 4164, 4421, -1,
      4421, 4164, 4165, -1,
      4421, 4165, 4422, -1,
      4422, 4165, 4166, -1,
      4422, 4166, 4423, -1,
      4423, 4166, 4167, -1,
      4423, 4167, 4424, -1,
      4424, 4167, 4168, -1,
      4424, 4168, 4425, -1,
      4425, 4168, 4169, -1,
      4425, 4169, 4426, -1,
      4426, 4169, 4170, -1,
      4426, 4170, 4427, -1,
      4427, 4170, 4171, -1,
      4427, 4171, 4428, -1,
      4428, 4171, 4172, -1,
      4428, 4172, 4429, -1,
      4429, 4172, 4173, -1,
      4429, 4173, 4430, -1,
      4430, 4173, 4174, -1,
      4430, 4174, 4431, -1,
      4431, 4174, 4175, -1,
      4431, 4175, 4432, -1,
      4432, 4175, 4176, -1,
      4432, 4176, 4433, -1,
      4433, 4176, 4177, -1,
      4433, 4177, 4434, -1,
      4434, 4177, 4178, -1,
      4434, 4178, 4435, -1,
      4435, 4178, 4179, -1,
      4435, 4179, 4436, -1,
      4436, 4179, 4180, -1,
      4436, 4180, 4437, -1,
      4437, 4180, 4181, -1,
      4437, 4181, 4438, -1,
      4438, 4181, 4182, -1,
      4438, 4182, 4439, -1,
      4439, 4182, 4183, -1,
      4439, 4183, 4440, -1,
      4440, 4183, 4184, -1,
      4440, 4184, 4441, -1,
      4441, 4184, 4185, -1,
      4441, 4185, 4442, -1,
      4442, 4185, 4186, -1,
      4442, 4186, 4443, -1,
      4443, 4186, 4187, -1,
      4443, 4187, 4444, -1,
      4444, 4187, 4188, -1,
      4444, 4188, 4445, -1,
      4445, 4188, 4189, -1,
      4445, 4189, 4446, -1,
      4446, 4189, 4190, -1,
      4446, 4190, 4447, -1,
      4447, 4190, 4191, -1,
      4447, 4191, 4448, -1,
      4448, 4191, 4192, -1,
      4448, 4192, 4449, -1,
      4449, 4192, 4193, -1,
      4449, 4193, 4450, -1,
      4450, 4193, 4194, -1,
      4450, 4194, 4451, -1,
      4451, 4194, 4195, -1,
      4451, 4195, 4452, -1,
      4452, 4195, 4196, -1,
      4452, 4196, 4453, -1,
      4453, 4196, 4197, -1,
      4453, 4197, 4454, -1,
      4454, 4197, 4198, -1,
      4454, 4198, 4455, -1,
      4455, 4198, 4199, -1,
      4455, 4199, 4456, -1,
      4456, 4199, 4200, -1,
      4456, 4200, 4457, -1,
      4457, 4200, 4201, -1,
      4457, 4201, 4458, -1,
      4458, 4201, 4202, -1,
      4458, 4202, 4459, -1,
      4459, 4202, 4203, -1,
      4459, 4203, 4460, -1,
      4460, 4203, 4204, -1,
      4460, 4204, 4461, -1,
      4461, 4204, 4205, -1,
      4461, 4205, 4462, -1,
      4462, 4205, 4206, -1,
      4462, 4206, 4463, -1,
      4463, 4206, 4207, -1,
      4463, 4207, 4464, -1,
      4464, 4207, 4208, -1,
      4464, 4208, 4465, -1,
      4465, 4208, 4209, -1,
      4465, 4209, 4466, -1,
      4466, 4209, 4210, -1,
      4466, 4210, 4467, -1,
      4467, 4210, 4211, -1,
      4467, 4211, 4468, -1,
      4468, 4211, 4212, -1,
      4468, 4212, 4469, -1,
      4469, 4212, 4213, -1,
      4469, 4213, 4470, -1,
      4470, 4213, 4214, -1,
      4470, 4214, 4471, -1,
      4471, 4214, 4215, -1,
      4471, 4215, 4472, -1,
      4472, 4215, 4216, -1,
      4472, 4216, 4473, -1,
      4473, 4216, 4217, -1,
      4473, 4217, 4474, -1,
      4474, 4217, 4218, -1,
      4474, 4218, 4475, -1,
      4475, 4218, 4219, -1,
      4475, 4219, 4476, -1,
      4476, 4219, 4220, -1,
      4476, 4220, 4477, -1,
      4477, 4220, 4221, -1,
      4477, 4221, 4478, -1,
      4478, 4221, 4222, -1,
      4478, 4222, 4479, -1,
      4479, 4222, 4223, -1,
      4479, 4223, 4480, -1,
      4480, 4223, 4224, -1,
      4480, 4224, 4481, -1,
      4481, 4224, 4225, -1,
      4481, 4225, 4482, -1,
      4482, 4225, 4226, -1,
      4482, 4226, 4483, -1,
      4483, 4226, 4227, -1,
      4483, 4227, 4484, -1,
      4484, 4227, 4228, -1,
      4484, 4228, 4485, -1,
      4485, 4228, 4229, -1,
      4485, 4229, 4486, -1,
      4486, 4229, 4230, -1,
      4486, 4230, 4487, -1,
      4487, 4230, 4231, -1,
      4487, 4231, 4488, -1,
      4488, 4231, 4232, -1,
      4488, 4232, 4489, -1,
      4489, 4232, 4233, -1,
      4489, 4233, 4490, -1,
      4490, 4233, 4234, -1,
      4490, 4234, 4491, -1,
      4491, 4234, 4235, -1,
      4491, 4235, 4492, -1,
      4492, 4235, 4236, -1,
      4492, 4236, 4493, -1,
      4493, 4236, 4237, -1,
      4493, 4237, 4494, -1,
      4494, 4237, 4238, -1,
      4494, 4238, 4495, -1,
      4495, 4238, 4239, -1,
      4495, 4239, 4496, -1,
      4496, 4239, 4240, -1,
      4496, 4240, 4497, -1,
      4497, 4240, 4241, -1,
      4497, 4241, 4498, -1,
      4498, 4241, 4242, -1,
      4498, 4242, 4499, -1,
      4499, 4242, 4243, -1,
      4499, 4243, 4500, -1,
      4500, 4243, 4244, -1,
      4500, 4244, 4501, -1,
      4501, 4244, 4245, -1,
      4501, 4245, 4502, -1,
      4502, 4245, 4246, -1,
      4502, 4246, 4503, -1,
      4503, 4246, 4247, -1,
      4503, 4247, 4504, -1,
      4504, 4247, 4248, -1,
      4504, 4248, 4505, -1,
      4505, 4248, 4249, -1,
      4505, 4249, 4506, -1,
      4506, 4249, 4250, -1,
      4506, 4250, 4507, -1,
      4507, 4250, 4251, -1,
      403, 402, 4252, -1,
      4252, 402, 4508, -1,
      4252, 4508, 4253, -1,
      4253, 4508, 4509, -1,
      4253, 4509, 4254, -1,
      4254, 4509, 4510, -1,
      4254, 4510, 4255, -1,
      4255, 4510, 4511, -1,
      4255, 4511, 4256, -1,
      4256, 4511, 4512, -1,
      4256, 4512, 4257, -1,
      4257, 4512, 4513, -1,
      4257, 4513, 4258, -1,
      4258, 4513, 4514, -1,
      4258, 4514, 4259, -1,
      4259, 4514, 4515, -1,
      4259, 4515, 4260, -1,
      4260, 4515, 4516, -1,
      4260, 4516, 4261, -1,
      4261, 4516, 4517, -1,
      4261, 4517, 4262, -1,
      4262, 4517, 4518, -1,
      4262, 4518, 4263, -1,
      4263, 4518, 4519, -1,
      4263, 4519, 4264, -1,
      4264, 4519, 4520, -1,
      4264, 4520, 4265, -1,
      4265, 4520, 4521, -1,
      4265, 4521, 4266, -1,
      4266, 4521, 4522, -1,
      4266, 4522, 4267, -1,
      4267, 4522, 4523, -1,
      4267, 4523, 4268, -1,
      4268, 4523, 4524, -1,
      4268, 4524, 4269, -1,
      4269, 4524, 4525, -1,
      4269, 4525, 4270, -1,
      4270, 4525, 4526, -1,
      4270, 4526, 4271, -1,
      4271, 4526, 4527, -1,
      4271, 4527, 4272, -1,
      4272, 4527, 4528, -1,
      4272, 4528, 4273, -1,
      4273, 4528, 4529, -1,
      4273, 4529, 4274, -1,
      4274, 4529, 4530, -1,
      4274, 4530, 4275, -1,
      4275, 4530, 4531, -1,
      4275, 4531, 4276, -1,
      4276, 4531, 4532, -1,
      4276, 4532, 4277, -1,
      4277, 4532, 4533, -1,
      4277, 4533, 4278, -1,
      4278, 4533, 4534, -1,
      4278, 4534, 4279, -1,
      4279, 4534, 4535, -1,
      4279, 4535, 4280, -1,
      4280, 4535, 4536, -1,
      4280, 4536, 4281, -1,
      4281, 4536, 4537, -1,
      4281, 4537, 4282, -1,
      4282, 4537, 4538, -1,
      4282, 4538, 4283, -1,
      4283, 4538, 4539, -1,
      4283, 4539, 4284, -1,
      4284, 4539, 4540, -1,
      4284, 4540, 4285, -1,
      4285, 4540, 4541, -1,
      4285, 4541, 4286, -1,
      4286, 4541, 4542, -1,
      4286, 4542, 4287, -1,
      4287, 4542, 4543, -1,
      4287, 4543, 4288, -1,
      4288, 4543, 4544, -1,
      4288, 4544, 4289, -1,
      4289, 4544, 4545, -1,
      4289, 4545, 4290, -1,
      4290, 4545, 4546, -1,
      4290, 4546, 4291, -1,
      4291, 4546, 4547, -1,
      4291, 4547, 4292, -1,
      4292, 4547, 4548, -1,
      4292, 4548, 4293, -1,
      4293, 4548, 4549, -1,
      4293, 4549, 4294, -1,
      4294, 4549, 4550, -1,
      4294, 4550, 4295, -1,
      4295, 4550, 4551, -1,
      4295, 4551, 4296, -1,
      4296, 4551, 4552, -1,
      4296, 4552, 4297, -1,
      4297, 4552, 4553, -1,
      4297, 4553, 4298, -1,
      4298, 4553, 4554, -1,
      4298, 4554, 4299, -1,
      4299, 4554, 4555, -1,
      4299, 4555, 4300, -1,
      4300, 4555, 4556, -1,
      4300, 4556, 4301, -1,
      4301, 4556, 4557, -1,
      4301, 4557, 4302, -1,
      4302, 4557, 4558, -1,
      4302, 4558, 4303, -1,
      4303, 4558, 4559, -1,
      4303, 4559, 4304, -1,
      4304, 4559, 4560, -1,
      4304, 4560, 4305, -1,
      4305, 4560, 4561, -1,
      4305, 4561, 4306, -1,
      4306, 4561, 4562, -1,
      4306, 4562, 4307, -1,
      4307, 4562, 4563, -1,
      4307, 4563, 4308, -1,
      4308, 4563, 4564, -1,
      4308, 4564, 4309, -1,
      4309, 4564, 4565, -1,
      4309, 4565, 4310, -1,
      4310, 4565, 4566, -1,
      4310, 4566, 4311, -1,
      4311, 4566, 4567, -1,
      4311, 4567, 4312, -1,
      4312, 4567, 4568, -1,
      4312, 4568, 4313, -1,
      4313, 4568, 4569, -1,
      4313, 4569, 4314, -1,
      4314, 4569, 4570, -1,
      4314, 4570, 4315, -1,
      4315, 4570, 4571, -1,
      4315, 4571, 4316, -1,
      4316, 4571, 4572, -1,
      4316, 4572, 4317, -1,
      4317, 4572, 4573, -1,
      4317, 4573, 4318, -1,
      4318, 4573, 4574, -1,
      4318, 4574, 4319, -1,
      4319, 4574, 4575, -1,
      4319, 4575, 4320, -1,
      4320, 4575, 4576, -1,
      4320, 4576, 4321, -1,
      4321, 4576, 4577, -1,
      4321, 4577, 4322, -1,
      4322, 4577, 4578, -1,
      4322, 4578, 4323, -1,
      4323, 4578, 4579, -1,
      4323, 4579, 4324, -1,
      4324, 4579, 4580, -1,
      4324, 4580, 4325, -1,
      4325, 4580, 4581, -1,
      4325, 4581, 4326, -1,
      4326, 4581, 4582, -1,
      4326, 4582, 4327, -1,
      4327, 4582, 4583, -1,
      4327, 4583, 4328, -1,
      4328, 4583, 4584, -1,
      4328, 4584, 4329, -1,
      4329, 4584, 4585, -1,
      4329, 4585, 4330, -1,
      4330, 4585, 4586, -1,
      4330, 4586, 4331, -1,
      4331, 4586, 4587, -1,
      4331, 4587, 4332, -1,
      4332, 4587, 4588, -1,
      4332, 4588, 4333, -1,
      4333, 4588, 4589, -1,
      4333, 4589, 4334, -1,
      4334, 4589, 4590, -1,
      4334, 4590, 4335, -1,
      4335, 4590, 4591, -1,
      4335, 4591, 4336, -1,
      4336, 4591, 4592, -1,
      4336, 4592, 4337, -1,
      4337, 4592, 4593, -1,
      4337, 4593, 4338, -1,
      4338, 4593, 4594, -1,
      4338, 4594, 4339, -1,
      4339, 4594, 4595, -1,
      4339, 4595, 4340, -1,
      4340, 4595, 4596, -1,
      4340, 4596, 4341, -1,
      4341, 4596, 4597, -1,
      4341, 4597, 4342, -1,
      4342, 4597, 4598, -1,
      4342, 4598, 4343, -1,
      4343, 4598, 4599, -1,
      4343, 4599, 4344, -1,
      4344, 4599, 4600, -1,
      4344, 4600, 4345, -1,
      4345, 4600, 4601, -1,
      4345, 4601, 4346, -1,
      4346, 4601, 4602, -1,
      4346, 4602, 4347, -1,
      4347, 4602, 4603, -1,
      4347, 4603, 4348, -1,
      4348, 4603, 4604, -1,
      4348, 4604, 4349, -1,
      4349, 4604, 4605, -1,
      4349, 4605, 4350, -1,
      4350, 4605, 4606, -1,
      4350, 4606, 4351, -1,
      4351, 4606, 4607, -1,
      4351, 4607, 4352, -1,
      4352, 4607, 4608, -1,
      4352, 4608, 4353, -1,
      4353, 4608, 4609, -1,
      4353, 4609, 4354, -1,
      4354, 4609, 4610, -1,
      4354, 4610, 4355, -1,
      4355, 4610, 4611, -1,
      4355, 4611, 4356, -1,
      4356, 4611, 4612, -1,
      4356, 4612, 4357, -1,
      4357, 4612, 4613, -1,
      4357, 4613, 4358, -1,
      4358, 4613, 4614, -1,
      4358, 4614, 4359, -1,
      4359, 4614, 4615, -1,
      4359, 4615, 4360, -1,
      4360, 4615, 4616, -1,
      4360, 4616, 4361, -1,
      4361, 4616, 4617, -1,
      4361, 4617, 4362, -1,
      4362, 4617, 4618, -1,
      4362, 4618, 4363, -1,
      4363, 4618, 4619, -1,
      4363, 4619, 4364, -1,
      4364, 4619, 4620, -1,
      4364, 4620, 4365, -1,
      4365, 4620, 4621, -1,
      4365, 4621, 4366, -1,
      4366, 4621, 4622, -1,
      4366, 4622, 4367, -1,
      4367, 4622, 4623, -1,
      4367, 4623, 4368, -1,
      4368, 4623, 4624, -1,
      4368, 4624, 4369, -1,
      4369, 4624, 4625, -1,
      4369, 4625, 4370, -1,
      4370, 4625, 4626, -1,
      4370, 4626, 4371, -1,
      4371, 4626, 4627, -1,
      4371, 4627, 4372, -1,
      4372, 4627, 4628, -1,
      4372, 4628, 4373, -1,
      4373, 4628, 4629, -1,
      4373, 4629, 4374, -1,
      4374, 4629, 4630, -1,
      4374, 4630, 4375, -1,
      4375, 4630, 4631, -1,
      4375, 4631, 4376, -1,
      4376, 4631, 4632, -1,
      4376, 4632, 4377, -1,
      4377, 4632, 4633, -1,
      4377, 4633, 4378, -1,
      4378, 4633, 4634, -1,
      4378, 4634, 4379, -1,
      4379, 4634, 4635, -1,
      367, 372, 4636, -1,
      4636, 372, 4380, -1,
      4636, 4380, 4637, -1,
      4637, 4380, 4381, -1,
      4637, 4381, 4638, -1,
      4638, 4381, 4382, -1,
      4638, 4382, 4639, -1,
      4639, 4382, 4383, -1,
      4639, 4383, 4640, -1,
      4640, 4383, 4384, -1,
      4640, 4384, 4641, -1,
      4641, 4384, 4385, -1,
      4641, 4385, 4642, -1,
      4642, 4385, 4386, -1,
      4642, 4386, 4643, -1,
      4643, 4386, 4387, -1,
      4643, 4387, 4644, -1,
      4644, 4387, 4388, -1,
      4644, 4388, 4645, -1,
      4645, 4388, 4389, -1,
      4645, 4389, 4646, -1,
      4646, 4389, 4390, -1,
      4646, 4390, 4647, -1,
      4647, 4390, 4391, -1,
      4647, 4391, 4648, -1,
      4648, 4391, 4392, -1,
      4648, 4392, 4649, -1,
      4649, 4392, 4393, -1,
      4649, 4393, 4650, -1,
      4650, 4393, 4394, -1,
      4650, 4394, 4651, -1,
      4651, 4394, 4395, -1,
      4651, 4395, 4652, -1,
      4652, 4395, 4396, -1,
      4652, 4396, 4653, -1,
      4653, 4396, 4397, -1,
      4653, 4397, 4654, -1,
      4654, 4397, 4398, -1,
      4654, 4398, 4655, -1,
      4655, 4398, 4399, -1,
      4655, 4399, 4656, -1,
      4656, 4399, 4400, -1,
      4656, 4400, 4657, -1,
      4657, 4400, 4401, -1,
      4657, 4401, 4658, -1,
      4658, 4401, 4402, -1,
      4658, 4402, 4659, -1,
      4659, 4402, 4403, -1,
      4659, 4403, 4660, -1,
      4660, 4403, 4404, -1,
      4660, 4404, 4661, -1,
      4661, 4404, 4405, -1,
      4661, 4405, 4662, -1,
      4662, 4405, 4406, -1,
      4662, 4406, 4663, -1,
      4663, 4406, 4407, -1,
      4663, 4407, 4664, -1,
      4664, 4407, 4408, -1,
      4664, 4408, 4665, -1,
      4665, 4408, 4409, -1,
      4665, 4409, 4666, -1,
      4666, 4409, 4410, -1,
      4666, 4410, 4667, -1,
      4667, 4410, 4411, -1,
      4667, 4411, 4668, -1,
      4668, 4411, 4412, -1,
      4668, 4412, 4669, -1,
      4669, 4412, 4413, -1,
      4669, 4413, 4670, -1,
      4670, 4413, 4414, -1,
      4670, 4414, 4671, -1,
      4671, 4414, 4415, -1,
      4671, 4415, 4672, -1,
      4672, 4415, 4416, -1,
      4672, 4416, 4673, -1,
      4673, 4416, 4417, -1,
      4673, 4417, 4674, -1,
      4674, 4417, 4418, -1,
      4674, 4418, 4675, -1,
      4675, 4418, 4419, -1,
      4675, 4419, 4676, -1,
      4676, 4419, 4420, -1,
      4676, 4420, 4677, -1,
      4677, 4420, 4421, -1,
      4677, 4421, 4678, -1,
      4678, 4421, 4422, -1,
      4678, 4422, 4679, -1,
      4679, 4422, 4423, -1,
      4679, 4423, 4680, -1,
      4680, 4423, 4424, -1,
      4680, 4424, 4681, -1,
      4681, 4424, 4425, -1,
      4681, 4425, 4682, -1,
      4682, 4425, 4426, -1,
      4682, 4426, 4683, -1,
      4683, 4426, 4427, -1,
      4683, 4427, 4684, -1,
      4684, 4427, 4428, -1,
      4684, 4428, 4685, -1,
      4685, 4428, 4429, -1,
      4685, 4429, 4686, -1,
      4686, 4429, 4430, -1,
      4686, 4430, 4687, -1,
      4687, 4430, 4431, -1,
      4687, 4431, 4688, -1,
      4688, 4431, 4432, -1,
      4688, 4432, 4689, -1,
      4689, 4432, 4433, -1,
      4689, 4433, 4690, -1,
      4690, 4433, 4434, -1,
      4690, 4434, 4691, -1,
      4691, 4434, 4435, -1,
      4691, 4435, 4692, -1,
      4692, 4435, 4436, -1,
      4692, 4436, 4693, -1,
      4693, 4436, 4437, -1,
      4693, 4437, 4694, -1,
      4694, 4437, 4438, -1,
      4694, 4438, 4695, -1,
      4695, 4438, 4439, -1,
      4695, 4439, 4696, -1,
      4696, 4439, 4440, -1,
      4696, 4440, 4697, -1,
      4697, 4440, 4441, -1,
      4697, 4441, 4698, -1,
      4698, 4441, 4442, -1,
      4698, 4442, 4699, -1,
      4699, 4442, 4443, -1,
      4699, 4443, 4700, -1,
      4700, 4443, 4444, -1,
      4700, 4444, 4701, -1,
      4701, 4444, 4445, -1,
      4701, 4445, 4702, -1,
      4702, 4445, 4446, -1,
      4702, 4446, 4703, -1,
      4703, 4446, 4447, -1,
      4703, 4447, 4704, -1,
      4704, 4447, 4448, -1,
      4704, 4448, 4705, -1,
      4705, 4448, 4449, -1,
      4705, 4449, 4706, -1,
      4706, 4449, 4450, -1,
      4706, 4450, 4707, -1,
      4707, 4450, 4451, -1,
      4707, 4451, 4708, -1,
      4708, 4451, 4452, -1,
      4708, 4452, 4709, -1,
      4709, 4452, 4453, -1,
      4709, 4453, 4710, -1,
      4710, 4453, 4454, -1,
      4710, 4454, 4711, -1,
      4711, 4454, 4455, -1,
      4711, 4455, 4712, -1,
      4712, 4455, 4456, -1,
      4712, 4456, 4713, -1,
      4713, 4456, 4457, -1,
      4713, 4457, 4714, -1,
      4714, 4457, 4458, -1,
      4714, 4458, 4715, -1,
      4715, 4458, 4459, -1,
      4715, 4459, 4716, -1,
      4716, 4459, 4460, -1,
      4716, 4460, 4717, -1,
      4717, 4460, 4461, -1,
      4717, 4461, 4718, -1,
      4718, 4461, 4462, -1,
      4718, 4462, 4719, -1,
      4719, 4462, 4463, -1,
      4719, 4463, 4720, -1,
      4720, 4463, 4464, -1,
      4720, 4464, 4721, -1,
      4721, 4464, 4465, -1,
      4721, 4465, 4722, -1,
      4722, 4465, 4466, -1,
      4722, 4466, 4723, -1,
      4723, 4466, 4467, -1,
      4723, 4467, 4724, -1,
      4724, 4467, 4468, -1,
      4724, 4468, 4725, -1,
      4725, 4468, 4469, -1,
      4725, 4469, 4726, -1,
      4726, 4469, 4470, -1,
      4726, 4470, 4727, -1,
      4727, 4470, 4471, -1,
      4727, 4471, 4728, -1,
      4728, 4471, 4472, -1,
      4728, 4472, 4729, -1,
      4729, 4472, 4473, -1,
      4729, 4473, 4730, -1,
      4730, 4473, 4474, -1,
      4730, 4474, 4731, -1,
      4731, 4474, 4475, -1,
      4731, 4475, 4732, -1,
      4732, 4475, 4476, -1,
      4732, 4476, 4733, -1,
      4733, 4476, 4477, -1,
      4733, 4477, 4734, -1,
      4734, 4477, 4478, -1,
      4734, 4478, 4735, -1,
      4735, 4478, 4479, -1,
      4735, 4479, 4736, -1,
      4736, 4479, 4480, -1,
      4736, 4480, 4737, -1,
      4737, 4480, 4481, -1,
      4737, 4481, 4738, -1,
      4738, 4481, 4482, -1,
      4738, 4482, 4739, -1,
      4739, 4482, 4483, -1,
      4739, 4483, 4740, -1,
      4740, 4483, 4484, -1,
      4740, 4484, 4741, -1,
      4741, 4484, 4485, -1,
      4741, 4485, 4742, -1,
      4742, 4485, 4486, -1,
      4742, 4486, 4743, -1,
      4743, 4486, 4487, -1,
      4743, 4487, 4744, -1,
      4744, 4487, 4488, -1,
      4744, 4488, 4745, -1,
      4745, 4488, 4489, -1,
      4745, 4489, 4746, -1,
      4746, 4489, 4490, -1,
      4746, 4490, 4747, -1,
      4747, 4490, 4491, -1,
      4747, 4491, 4748, -1,
      4748, 4491, 4492, -1,
      4748, 4492, 4749, -1,
      4749, 4492, 4493, -1,
      4749, 4493, 4750, -1,
      4750, 4493, 4494, -1,
      4750, 4494, 4751, -1,
      4751, 4494, 4495, -1,
      4751, 4495, 4752, -1,
      4752, 4495, 4496, -1,
      4752, 4496, 4753, -1,
      4753, 4496, 4497, -1,
      4753, 4497, 4754, -1,
      4754, 4497, 4498, -1,
      4754, 4498, 4755, -1,
      4755, 4498, 4499, -1,
      4755, 4499, 4756, -1,
      4756, 4499, 4500, -1,
      4756, 4500, 4757, -1,
      4757, 4500, 4501, -1,
      4757, 4501, 4758, -1,
      4758, 4501, 4502, -1,
      4758, 4502, 4759, -1,
      4759, 4502, 4503, -1,
      4759, 4503, 4760, -1,
      4760, 4503, 4504, -1,
      4760, 4504, 4761, -1,
      4761, 4504, 4505, -1,
      4761, 4505, 4762, -1,
      4762, 4505, 4506, -1,
      4762, 4506, 4763, -1,
      4763, 4506, 4507, -1,
      402, 401, 4508, -1,
      4508, 401, 4764, -1,
      4508, 4764, 4509, -1,
      4509, 4764, 4765, -1,
      4509, 4765, 4510, -1,
      4510, 4765, 4766, -1,
      4510, 4766, 4511, -1,
      4511, 4766, 4767, -1,
      4511, 4767, 4512, -1,
      4512, 4767, 4768, -1,
      4512, 4768, 4513, -1,
      4513, 4768, 4769, -1,
      4513, 4769, 4514, -1,
      4514, 4769, 4770, -1,
      4514, 4770, 4515, -1,
      4515, 4770, 4771, -1,
      4515, 4771, 4516, -1,
      4516, 4771, 4772, -1,
      4516, 4772, 4517, -1,
      4517, 4772, 4773, -1,
      4517, 4773, 4518, -1,
      4518, 4773, 4774, -1,
      4518, 4774, 4519, -1,
      4519, 4774, 4775, -1,
      4519, 4775, 4520, -1,
      4520, 4775, 4776, -1,
      4520, 4776, 4521, -1,
      4521, 4776, 4777, -1,
      4521, 4777, 4522, -1,
      4522, 4777, 4778, -1,
      4522, 4778, 4523, -1,
      4523, 4778, 4779, -1,
      4523, 4779, 4524, -1,
      4524, 4779, 4780, -1,
      4524, 4780, 4525, -1,
      4525, 4780, 4781, -1,
      4525, 4781, 4526, -1,
      4526, 4781, 4782, -1,
      4526, 4782, 4527, -1,
      4527, 4782, 4783, -1,
      4527, 4783, 4528, -1,
      4528, 4783, 4784, -1,
      4528, 4784, 4529, -1,
      4529, 4784, 4785, -1,
      4529, 4785, 4530, -1,
      4530, 4785, 4786, -1,
      4530, 4786, 4531, -1,
      4531, 4786, 4787, -1,
      4531, 4787, 4532, -1,
      4532, 4787, 4788, -1,
      4532, 4788, 4533, -1,
      4533, 4788, 4789, -1,
      4533, 4789, 4534, -1,
      4534, 4789, 4790, -1,
      4534, 4790, 4535, -1,
      4535, 4790, 4791, -1,
      4535, 4791, 4536, -1,
      4536, 4791, 4792, -1,
      4536, 4792, 4537, -1,
      4537, 4792, 4793, -1,
      4537, 4793, 4538, -1,
      4538, 4793, 4794, -1,
      4538, 4794, 4539, -1,
      4539, 4794, 4795, -1,
      4539, 4795, 4540, -1,
      4540, 4795, 4796, -1,
      4540, 4796, 4541, -1,
      4541, 4796, 4797, -1,
      4541, 4797, 4542, -1,
      4542, 4797, 4798, -1,
      4542, 4798, 4543, -1,
      4543, 4798, 4799, -1,
      4543, 4799, 4544, -1,
      4544, 4799, 4800, -1,
      4544, 4800, 4545, -1,
      4545, 4800, 4801, -1,
      4545, 4801, 4546, -1,
      4546, 4801, 4802, -1,
      4546, 4802, 4547, -1,
      4547, 4802, 4803, -1,
      4547, 4803, 4548, -1,
      4548, 4803, 4804, -1,
      4548, 4804, 4549, -1,
      4549, 4804, 4805, -1,
      4549, 4805, 4550, -1,
      4550, 4805, 4806, -1,
      4550, 4806, 4551, -1,
      4551, 4806, 4807, -1,
      4551, 4807, 4552, -1,
      4552, 4807, 4808, -1,
      4552, 4808, 4553, -1,
      4553, 4808, 4809, -1,
      4553, 4809, 4554, -1,
      4554, 4809, 4810, -1,
      4554, 4810, 4555, -1,
      4555, 4810, 4811, -1,
      4555, 4811, 4556, -1,
      4556, 4811, 4812, -1,
      4556, 4812, 4557, -1,
      4557, 4812, 4813, -1,
      4557, 4813, 4558, -1,
      4558, 4813, 4814, -1,
      4558, 4814, 4559, -1,
      4559, 4814, 4815, -1,
      4559, 4815, 4560, -1,
      4560, 4815, 4816, -1,
      4560, 4816, 4561, -1,
      4561, 4816, 4817, -1,
      4561, 4817, 4562, -1,
      4562, 4817, 4818, -1,
      4562, 4818, 4563, -1,
      4563, 4818, 4819, -1,
      4563, 4819, 4564, -1,
      4564, 4819, 4820, -1,
      4564, 4820, 4565, -1,
      4565, 4820, 4821, -1,
      4565, 4821, 4566, -1,
      4566, 4821, 4822, -1,
      4566, 4822, 4567, -1,
      4567, 4822, 4823, -1,
      4567, 4823, 4568, -1,
      4568, 4823, 4824, -1,
      4568, 4824, 4569, -1,
      4569, 4824, 4825, -1,
      4569, 4825, 4570, -1,
      4570, 4825, 4826, -1,
      4570, 4826, 4571, -1,
      4571, 4826, 4827, -1,
      4571, 4827, 4572, -1,
      4572, 4827, 4828, -1,
      4572, 4828, 4573, -1,
      4573, 4828, 4829, -1,
      4573, 4829, 4574, -1,
      4574, 4829, 4830, -1,
      4574, 4830, 4575, -1,
      4575, 4830, 4831, -1,
      4575, 4831, 4576, -1,
      4576, 4831, 4832, -1,
      4576, 4832, 4577, -1,
      4577, 4832, 4833, -1,
      4577, 4833, 4578, -1,
      4578, 4833, 4834, -1,
      4578, 4834, 4579, -1,
      4579, 4834, 4835, -1,
      4579, 4835, 4580, -1,
      4580, 4835, 4836, -1,
      4580, 4836, 4581, -1,
      4581, 4836, 4837, -1,
      4581, 4837, 4582, -1,
      4582, 4837, 4838, -1,
      4582, 4838, 4583, -1,
      4583, 4838, 4839, -1,
      4583, 4839, 4584, -1,
      4584, 4839, 4840, -1,
      4584, 4840, 4585, -1,
      4585, 4840, 4841, -1,
      4585, 4841, 4586, -1,
      4586, 4841, 4842, -1,
      4586, 4842, 4587, -1,
      4587, 4842, 4843, -1,
      4587, 4843, 4588, -1,
      4588, 4843, 4844, -1,
      4588, 4844, 4589, -1,
      4589, 4844, 4845, -1,
      4589, 4845, 4590, -1,
      4590, 4845, 4846, -1,
      4590, 4846, 4591, -1,
      4591, 4846, 4847, -1,
      4591, 4847, 4592, -1,
      4592, 4847, 4848, -1,
      4592, 4848, 4593, -1,
      4593, 4848, 4849, -1,
      4593, 4849, 4594, -1,
      4594, 4849, 4850, -1,
      4594, 4850, 4595, -1,
      4595, 4850, 4851, -1,
      4595, 4851, 4596, -1,
      4596, 4851, 4852, -1,
      4596, 4852, 4597, -1,
      4597, 4852, 4853, -1,
      4597, 4853, 4598, -1,
      4598, 4853, 4854, -1,
      4598, 4854, 4599, -1,
      4599, 4854, 4855, -1,
      4599, 4855, 4600, -1,
      4600, 4855, 4856, -1,
      4600, 4856, 4601, -1,
      4601, 4856, 4857, -1,
      4601, 4857, 4602, -1,
      4602, 4857, 4858, -1,
      4602, 4858, 4603, -1,
      4603, 4858, 4859, -1,
      4603, 4859, 4604, -1,
      4604, 4859, 4860, -1,
      4604, 4860, 4605, -1,
      4605, 4860, 4861, -1,
      4605, 4861, 4606, -1,
      4606, 4861, 4862, -1,
      4606, 4862, 4607, -1,
      4607, 4862, 4863, -1,
      4607, 4863, 4608, -1,
      4608, 4863, 4864, -1,
      4608, 4864, 4609, -1,
      4609, 4864, 4865, -1,
      4609, 4865, 4610, -1,
      4610, 4865, 4866, -1,
      4610, 4866, 4611, -1,
      4611, 4866, 4867, -1,
      4611, 4867, 4612, -1,
      4612, 4867, 4868, -1,
      4612, 4868, 4613, -1,
      4613, 4868, 4869, -1,
      4613, 4869, 4614, -1,
      4614, 4869, 4870, -1,
      4614, 4870, 4615, -1,
      4615, 4870, 4871, -1,
      4615, 4871, 4616, -1,
      4616, 4871, 4872, -1,
      4616, 4872, 4617, -1,
      4617, 4872, 4873, -1,
      4617, 4873, 4618, -1,
      4618, 4873, 4874, -1,
      4618, 4874, 4619, -1,
      4619, 4874, 4875, -1,
      4619, 4875, 4620, -1,
      4620, 4875, 4876, -1,
      4620, 4876, 4621, -1,
      4621, 4876, 4877, -1,
      4621, 4877, 4622, -1,
      4622, 4877, 4878, -1,
      4622, 4878, 4623, -1,
      4623, 4878, 4879, -1,
      4623, 4879, 4624, -1,
      4624, 4879, 4880, -1,
      4624, 4880, 4625, -1,
      4625, 4880, 4881, -1,
      4625, 4881, 4626, -1,
      4626, 4881, 4882, -1,
      4626, 4882, 4627, -1,
      4627, 4882, 4883, -1,
      4627, 4883, 4628, -1,
      4628, 4883, 4884, -1,
      4628, 4884, 4629, -1,
      4629, 4884, 4885, -1,
      4629, 4885, 4630, -1,
      4630, 4885, 4886, -1,
      4630, 4886, 4631, -1,
      4631, 4886, 4887, -1,
      4631, 4887, 4632, -1,
      4632, 4887, 4888, -1,
      4632, 4888, 4633, -1,
      4633, 4888, 4889, -1,
      4633, 4889, 4634, -1,
      4634, 4889, 4890, -1,
      4634, 4890, 4635, -1,
      4635, 4890, 4891, -1,
      368, 367, 4892, -1,
      4892, 367, 4636, -1,
      4892, 4636, 4893, -1,
      4893, 4636, 4637, -1,
      4893, 4637, 4894, -1,
      4894, 4637, 4638, -1,
      4894, 4638, 4895, -1,
      4895, 4638, 4639, -1,
      4895, 4639, 4896, -1,
      4896, 4639, 4640, -1,
      4896, 4640, 4897, -1,
      4897, 4640, 4641, -1,
      4897, 4641, 4898, -1,
      4898, 4641, 4642, -1,
      4898, 4642, 4899, -1,
      4899, 4642, 4643, -1,
      4899, 4643, 4900, -1,
      4900, 4643, 4644, -1,
      4900, 4644, 4901, -1,
      4901, 4644, 4645, -1,
      4901, 4645, 4902, -1,
      4902, 4645, 4646, -1,
      4902, 4646, 4903, -1,
      4903, 4646, 4647, -1,
      4903, 4647, 4904, -1,
      4904, 4647, 4648, -1,
      4904, 4648, 4905, -1,
      4905, 4648, 4649, -1,
      4905, 4649, 4906, -1,
      4906, 4649, 4650, -1,
      4906, 4650, 4907, -1,
      4907, 4650, 4651, -1,
      4907, 4651, 4908, -1,
      4908, 4651, 4652, -1,
      4908, 4652, 4909, -1,
      4909, 4652, 4653, -1,
      4909, 4653, 4910, -1,
      4910, 4653, 4654, -1,
      4910, 4654, 4911, -1,
      4911, 4654, 4655, -1,
      4911, 4655, 4912, -1,
      4912, 4655, 4656, -1,
      4912, 4656, 4913, -1,
      4913, 4656, 4657, -1,
      4913, 4657, 4914, -1,
      4914, 4657, 4658, -1,
      4914, 4658, 4915, -1,
      4915, 4658, 4659, -1,
      4915, 4659, 4916, -1,
      4916, 4659, 4660, -1,
      4916, 4660, 4917, -1,
      4917, 4660, 4661, -1,
      4917, 4661, 4918, -1,
      4918, 4661, 4662, -1,
      4918, 4662, 4919, -1,
      4919, 4662, 4663, -1,
      4919, 4663, 4920, -1,
      4920, 4663, 4664, -1,
      4920, 4664, 4921, -1,
      4921, 4664, 4665, -1,
      4921, 4665, 4922, -1,
      4922, 4665, 4666, -1,
      4922, 4666, 4923, -1,
      4923, 4666, 4667, -1,
      4923, 4667, 4924, -1,
      4924, 4667, 4668, -1,
      4924, 4668, 4925, -1,
      4925, 4668, 4669, -1,
      4925, 4669, 4926, -1,
      4926, 4669, 4670, -1,
      4926, 4670, 4927, -1,
      4927, 4670, 4671, -1,
      4927, 4671, 4928, -1,
      4928, 4671, 4672, -1,
      4928, 4672, 4929, -1,
      4929, 4672, 4673, -1,
      4929, 4673, 4930, -1,
      4930, 4673, 4674, -1,
      4930, 4674, 4931, -1,
      4931, 4674, 4675, -1,
      4931, 4675, 4932, -1,
      4932, 4675, 4676, -1,
      4932, 4676, 4933, -1,
      4933, 4676, 4677, -1,
      4933, 4677, 4934, -1,
      4934, 4677, 4678, -1,
      4934, 4678, 4935, -1,
      4935, 4678, 4679, -1,
      4935, 4679, 4936, -1,
      4936, 4679, 4680, -1,
      4936, 4680, 4937, -1,
      4937, 4680, 4681, -1,
      4937, 4681, 4938, -1,
      4938, 4681, 4682, -1,
      4938, 4682, 4939, -1,
      4939, 4682, 4683, -1,
      4939, 4683, 4940, -1,
      4940, 4683, 4684, -1,
      4940, 4684, 4941, -1,
      4941, 4684, 4685, -1,
      4941, 4685, 4942, -1,
      4942, 4685, 4686, -1,
      4942, 4686, 4943, -1,
      4943, 4686, 4687, -1,
      4943, 4687, 4944, -1,
      4944, 4687, 4688, -1,
      4944, 4688, 4945, -1,
      4945, 4688, 4689, -1,
      4945, 4689, 4946, -1,
      4946, 4689, 4690, -1,
      4946, 4690, 4947, -1,
      4947, 4690, 4691, -1,
      4947, 4691, 4948, -1,
      4948, 4691, 4692, -1,
      4948, 4692, 4949, -1,
      4949, 4692, 4693, -1,
      4949, 4693, 4950, -1,
      4950, 4693, 4694, -1,
      4950, 4694, 4951, -1,
      4951, 4694, 4695, -1,
      4951, 4695, 4952, -1,
      4952, 4695, 4696, -1,
      4952, 4696, 4953, -1,
      4953, 4696, 4697, -1,
      4953, 4697, 4954, -1,
      4954, 4697, 4698, -1,
      4954, 4698, 4955, -1,
      4955, 4698, 4699, -1,
      4955, 4699, 4956, -1,
      4956, 4699, 4700, -1,
      4956, 4700, 4957, -1,
      4957, 4700, 4701, -1,
      4957, 4701, 4958, -1,
      4958, 4701, 4702, -1,
      4958, 4702, 4959, -1,
      4959, 4702, 4703, -1,
      4959, 4703, 4960, -1,
      4960, 4703, 4704, -1,
      4960, 4704, 4961, -1,
      4961, 4704, 4705, -1,
      4961, 4705, 4962, -1,
      4962, 4705, 4706, -1,
      4962, 4706, 4963, -1,
      4963, 4706, 4707, -1,
      4963, 4707, 4964, -1,
      4964, 4707, 4708, -1,
      4964, 4708, 4965, -1,
      4965, 4708, 4709, -1,
      4965, 4709, 4966, -1,
      4966, 4709, 4710, -1,
      4966, 4710, 4967, -1,
      4967, 4710, 4711, -1,
      4967, 4711, 4968, -1,
      4968, 4711, 4712, -1,
      4968, 4712, 4969, -1,
      4969, 4712, 4713, -1,
      4969, 4713, 4970, -1,
      4970, 4713, 4714, -1,
      4970, 4714, 4971, -1,
      4971, 4714, 4715, -1,
      4971, 4715, 4972, -1,
      4972, 4715, 4716, -1,
      4972, 4716, 4973, -1,
      4973, 4716, 4717, -1,
      4973, 4717, 4974, -1,
      4974, 4717, 4718, -1,
      4974, 4718, 4975, -1,
      4975, 4718, 4719, -1,
      4975, 4719, 4976, -1,
      4976, 4719, 4720, -1,
      4976, 4720, 4977, -1,
      4977, 4720, 4721, -1,
      4977, 4721, 4978, -1,
      4978, 4721, 4722, -1,
      4978, 4722, 4979, -1,
      4979, 4722, 4723, -1,
      4979, 4723, 4980, -1,
      4980, 4723, 4724, -1,
      4980, 4724, 4981, -1,
      4981, 4724, 4725, -1,
      4981, 4725, 4982, -1,
      4982, 4725, 4726, -1,
      4982, 4726, 4983, -1,
      4983, 4726, 4727, -1,
      4983, 4727, 4984, -1,
      4984, 4727, 4728, -1,
      4984, 4728, 4985, -1,
      4985, 4728, 4729, -1,
      4985, 4729, 4986, -1,
      4986, 4729, 4730, -1,
      4986, 4730, 4987, -1,
      4987, 4730, 4731, -1,
      4987, 4731, 4988, -1,
      4988, 4731, 4732, -1,
      4988, 4732, 4989, -1,
      4989, 4732, 4733, -1,
      4989, 4733, 4990, -1,
      4990, 4733, 4734, -1,
      4990, 4734, 4991, -1,
      4991, 4734, 4735, -1,
      4991, 4735, 4992, -1,
      4992, 4735, 4736, -1,
      4992, 4736, 4993, -1,
      4993, 4736, 4737, -1,
      4993, 4737, 4994, -1,
      4994, 4737, 4738, -1,
      4994, 4738, 4995, -1,
      4995, 4738, 4739, -1,
      4995, 4739, 4996, -1,
      4996, 4739, 4740, -1,
      4996, 4740, 4997, -1,
      4997, 4740, 4741, -1,
      4997, 4741, 4998, -1,
      4998, 4741, 4742, -1,
      4998, 4742, 4999, -1,
      4999, 4742, 4743, -1,
      4999, 4743, 5000, -1,
      5000, 4743, 4744, -1,
      5000, 4744, 5001, -1,
      5001, 4744, 4745, -1,
      5001, 4745, 5002, -1,
      5002, 4745, 4746, -1,
      5002, 4746, 5003, -1,
      5003, 4746, 4747, -1,
      5003, 4747, 5004, -1,
      5004, 4747, 4748, -1,
      5004, 4748, 5005, -1,
      5005, 4748, 4749, -1,
      5005, 4749, 5006, -1,
      5006, 4749, 4750, -1,
      5006, 4750, 5007, -1,
      5007, 4750, 4751, -1,
      5007, 4751, 5008, -1,
      5008, 4751, 4752, -1,
      5008, 4752, 5009, -1,
      5009, 4752, 4753, -1,
      5009, 4753, 5010, -1,
      5010, 4753, 4754, -1,
      5010, 4754, 5011, -1,
      5011, 4754, 4755, -1,
      5011, 4755, 5012, -1,
      5012, 4755, 4756, -1,
      5012, 4756, 5013, -1,
      5013, 4756, 4757, -1,
      5013, 4757, 5014, -1,
      5014, 4757, 4758, -1,
      5014, 4758, 5015, -1,
      5015, 4758, 4759, -1,
      5015, 4759, 5016, -1,
      5016, 4759, 4760, -1,
      5016, 4760, 5017, -1,
      5017, 4760, 4761, -1,
      5017, 4761, 5018, -1,
      5018, 4761, 4762, -1,
      5018, 4762, 5019, -1,
      5019, 4762, 4763, -1,
      401, 406, 4764, -1,
      4764, 406, 5020, -1,
      4764, 5020, 4765, -1,
      4765, 5020, 5021, -1,
      4765, 5021, 4766, -1,
      4766, 5021, 5022, -1,
      4766, 5022, 4767, -1,
      4767, 5022, 5023, -1,
      4767, 5023, 4768, -1,
      4768, 5023, 5024, -1,
      4768, 5024, 4769, -1,
      4769, 5024, 5025, -1,
      4769, 5025, 4770, -1,
      4770, 5025, 5026, -1,
      4770, 5026, 4771, -1,
      4771, 5026, 5027, -1,
      4771, 5027, 4772, -1,
      4772, 5027, 5028, -1,
      4772, 5028, 4773, -1,
      4773, 5028, 5029, -1,
      4773, 5029, 4774, -1,
      4774, 5029, 5030, -1,
      4774, 5030, 4775, -1,
      4775, 5030, 5031, -1,
      4775, 5031, 4776, -1,
      4776, 5031, 5032, -1,
      4776, 5032, 4777, -1,
      4777, 5032, 5033, -1,
      4777, 5033, 4778, -1,
      4778, 5033, 5034, -1,
      4778, 5034, 4779, -1,
      4779, 5034, 5035, -1,
      4779, 5035, 4780, -1,
      4780, 5035, 5036, -1,
      4780, 5036, 4781, -1,
      4781, 5036, 5037, -1,
      4781, 5037, 4782, -1,
      4782, 5037, 5038, -1,
      4782, 5038, 4783, -1,
      4783, 5038, 5039, -1,
      4783, 5039, 4784, -1,
      4784, 5039, 5040, -1,
      4784, 5040, 4785, -1,
      4785, 5040, 5041, -1,
      4785, 5041, 4786, -1,
      4786, 5041, 5042, -1,
      4786, 5042, 4787, -1,
      4787, 5042, 5043, -1,
      4787, 5043, 4788, -1,
      4788, 5043, 5044, -1,
      4788, 5044, 4789, -1,
      4789, 5044, 5045, -1,
      4789, 5045, 4790, -1,
      4790, 5045, 5046, -1,
      4790, 5046, 4791, -1,
      4791, 5046, 5047, -1,
      4791, 5047, 4792, -1,
      4792, 5047, 5048, -1,
      4792, 5048, 4793, -1,
      4793, 5048, 5049, -1,
      4793, 5049, 4794, -1,
      4794, 5049, 5050, -1,
      4794, 5050, 4795, -1,
      4795, 5050, 5051, -1,
      4795, 5051, 4796, -1,
      4796, 5051, 5052, -1,
      4796, 5052, 4797, -1,
      4797, 5052, 5053, -1,
      4797, 5053, 4798, -1,
      4798, 5053, 5054, -1,
      4798, 5054, 4799, -1,
      4799, 5054, 5055, -1,
      4799, 5055, 4800, -1,
      4800, 5055, 5056, -1,
      4800, 5056, 4801, -1,
      4801, 5056, 5057, -1,
      4801, 5057, 4802, -1,
      4802, 5057, 5058, -1,
      4802, 5058, 4803, -1,
      4803, 5058, 5059, -1,
      4803, 5059, 4804, -1,
      4804, 5059, 5060, -1,
      4804, 5060, 4805, -1,
      4805, 5060, 5061, -1,
      4805, 5061, 4806, -1,
      4806, 5061, 5062, -1,
      4806, 5062, 4807, -1,
      4807, 5062, 5063, -1,
      4807, 5063, 4808, -1,
      4808, 5063, 5064, -1,
      4808, 5064, 4809, -1,
      4809, 5064, 5065, -1,
      4809, 5065, 4810, -1,
      4810, 5065, 5066, -1,
      4810, 5066, 4811, -1,
      4811, 5066, 5067, -1,
      4811, 5067, 4812, -1,
      4812, 5067, 5068, -1,
      4812, 5068, 4813, -1,
      4813, 5068, 5069, -1,
      4813, 5069, 4814, -1,
      4814, 5069, 5070, -1,
      4814, 5070, 4815, -1,
      4815, 5070, 5071, -1,
      4815, 5071, 4816, -1,
      4816, 5071, 5072, -1,
      4816, 5072, 4817, -1,
      4817, 5072, 5073, -1,
      4817, 5073, 4818, -1,
      4818, 5073, 5074, -1,
      4818, 5074, 4819, -1,
      4819, 5074, 5075, -1,
      4819, 5075, 4820, -1,
      4820, 5075, 5076, -1,
      4820, 5076, 4821, -1,
      4821, 5076, 5077, -1,
      4821, 5077, 4822, -1,
      4822, 5077, 5078, -1,
      4822, 5078, 4823, -1,
      4823, 5078, 5079, -1,
      4823, 5079, 4824, -1,
      4824, 5079, 5080, -1,
      4824, 5080, 4825, -1,
      4825, 5080, 5081, -1,
      4825, 5081, 4826, -1,
      4826, 5081, 5082, -1,
      4826, 5082, 4827, -1,
      4827, 5082, 5083, -1,
      4827, 5083, 4828, -1,
      4828, 5083, 5084, -1,
      4828, 5084, 4829, -1,
      4829, 5084, 5085, -1,
      4829, 5085, 4830, -1,
      4830, 5085, 5086, -1,
      4830, 5086, 4831, -1,
      4831, 5086, 5087, -1,
      4831, 5087, 4832, -1,
      4832, 5087, 5088, -1,
      4832, 5088, 4833, -1,
      4833, 5088, 5089, -1,
      4833, 5089, 4834, -1,
      4834, 5089, 5090, -1,
      4834, 5090, 4835, -1,
      4835, 5090, 5091, -1,
      4835, 5091, 4836, -1,
      4836, 5091, 5092, -1,
      4836, 5092, 4837, -1,
      4837, 5092, 5093, -1,
      4837, 5093, 4838, -1,
      4838, 5093, 5094, -1,
      4838, 5094, 4839, -1,
      4839, 5094, 5095, -1,
      4839, 5095, 4840, -1,
      4840, 5095, 5096, -1,
      4840, 5096, 4841, -1,
      4841, 5096, 5097, -1,
      4841, 5097, 4842, -1,
      4842, 5097, 5098, -1,
      4842, 5098, 4843, -1,
      4843, 5098, 5099, -1,
      4843, 5099, 4844, -1,
      4844, 5099, 5100, -1,
      4844, 5100, 4845, -1,
      4845, 5100, 5101, -1,
      4845, 5101, 4846, -1,
      4846, 5101, 5102, -1,
      4846, 5102, 4847, -1,
      4847, 5102, 5103, -1,
      4847, 5103, 4848, -1,
      4848, 5103, 5104, -1,
      4848, 5104, 4849, -1,
      4849, 5104, 5105, -1,
      4849, 5105, 4850, -1,
      4850, 5105, 5106, -1,
      4850, 5106, 4851, -1,
      4851, 5106, 5107, -1,
      4851, 5107, 4852, -1,
      4852, 5107, 5108, -1,
      4852, 5108, 4853, -1,
      4853, 5108, 5109, -1,
      4853, 5109, 4854, -1,
      4854, 5109, 5110, -1,
      4854, 5110, 4855, -1,
      4855, 5110, 5111, -1,
      4855, 5111, 4856, -1,
      4856, 5111, 5112, -1,
      4856, 5112, 4857, -1,
      4857, 5112, 5113, -1,
      4857, 5113, 4858, -1,
      4858, 5113, 5114, -1,
      4858, 5114, 4859, -1,
      4859, 5114, 5115, -1,
      4859, 5115, 4860, -1,
      4860, 5115, 5116, -1,
      4860, 5116, 4861, -1,
      4861, 5116, 5117, -1,
      4861, 5117, 4862, -1,
      4862, 5117, 5118, -1,
      4862, 5118, 4863, -1,
      4863, 5118, 5119, -1,
      4863, 5119, 4864, -1,
      4864, 5119, 5120, -1,
      4864, 5120, 4865, -1,
      4865, 5120, 5121, -1,
      4865, 5121, 4866, -1,
      4866, 5121, 5122, -1,
      4866, 5122, 4867, -1,
      4867, 5122, 5123, -1,
      4867, 5123, 4868, -1,
      4868, 5123, 5124, -1,
      4868, 5124, 4869, -1,
      4869, 5124, 5125, -1,
      4869, 5125, 4870, -1,
      4870, 5125, 5126, -1,
      4870, 5126, 4871, -1,
      4871, 5126, 5127, -1,
      4871, 5127, 4872, -1,
      4872, 5127, 5128, -1,
      4872, 5128, 4873, -1,
      4873, 5128, 5129, -1,
      4873, 5129, 4874, -1,
      4874, 5129, 5130, -1,
      4874, 5130, 4875, -1,
      4875, 5130, 5131, -1,
      4875, 5131, 4876, -1,
      4876, 5131, 5132, -1,
      4876, 5132, 4877, -1,
      4877, 5132, 5133, -1,
      4877, 5133, 4878, -1,
      4878, 5133, 5134, -1,
      4878, 5134, 4879, -1,
      4879, 5134, 5135, -1,
      4879, 5135, 4880, -1,
      4880, 5135, 5136, -1,
      4880, 5136, 4881, -1,
      4881, 5136, 5137, -1,
      4881, 5137, 4882, -1,
      4882, 5137, 5138, -1,
      4882, 5138, 4883, -1,
      4883, 5138, 5139, -1,
      4883, 5139, 4884, -1,
      4884, 5139, 5140, -1,
      4884, 5140, 4885, -1,
      4885, 5140, 5141, -1,
      4885, 5141, 4886, -1,
      4886, 5141, 5142, -1,
      4886, 5142, 4887, -1,
      4887, 5142, 5143, -1,
      4887, 5143, 4888, -1,
      4888, 5143, 5144, -1,
      4888, 5144, 4889, -1,
      4889, 5144, 5145, -1,
      4889, 5145, 4890, -1,
      4890, 5145, 5146, -1,
      4890, 5146, 4891, -1,
      4891, 5146, 5147, -1,
      369, 368, 5148, -1,
      5148, 368, 4892, -1,
      5148, 4892, 5149, -1,
      5149, 4892, 4893, -1,
      5149, 4893, 5150, -1,
      5150, 4893, 4894, -1,
      5150, 4894, 5151, -1,
      5151, 4894, 4895, -1,
      5151, 4895, 5152, -1,
      5152, 4895, 4896, -1,
      5152, 4896, 5153, -1,
      5153, 4896, 4897, -1,
      5153, 4897, 5154, -1,
      5154, 4897, 4898, -1,
      5154, 4898, 5155, -1,
      5155, 4898, 4899, -1,
      5155, 4899, 5156, -1,
      5156, 4899, 4900, -1,
      5156, 4900, 5157, -1,
      5157, 4900, 4901, -1,
      5157, 4901, 5158, -1,
      5158, 4901, 4902, -1,
      5158, 4902, 5159, -1,
      5159, 4902, 4903, -1,
      5159, 4903, 5160, -1,
      5160, 4903, 4904, -1,
      5160, 4904, 5161, -1,
      5161, 4904, 4905, -1,
      5161, 4905, 5162, -1,
      5162, 4905, 4906, -1,
      5162, 4906, 5163, -1,
      5163, 4906, 4907, -1,
      5163, 4907, 5164, -1,
      5164, 4907, 4908, -1,
      5164, 4908, 5165, -1,
      5165, 4908, 4909, -1,
      5165, 4909, 5166, -1,
      5166, 4909, 4910, -1,
      5166, 4910, 5167, -1,
      5167, 4910, 4911, -1,
      5167, 4911, 5168, -1,
      5168, 4911, 4912, -1,
      5168, 4912, 5169, -1,
      5169, 4912, 4913, -1,
      5169, 4913, 5170, -1,
      5170, 4913, 4914, -1,
      5170, 4914, 5171, -1,
      5171, 4914, 4915, -1,
      5171, 4915, 5172, -1,
      5172, 4915, 4916, -1,
      5172, 4916, 5173, -1,
      5173, 4916, 4917, -1,
      5173, 4917, 5174, -1,
      5174, 4917, 4918, -1,
      5174, 4918, 5175, -1,
      5175, 4918, 4919, -1,
      5175, 4919, 5176, -1,
      5176, 4919, 4920, -1,
      5176, 4920, 5177, -1,
      5177, 4920, 4921, -1,
      5177, 4921, 5178, -1,
      5178, 4921, 4922, -1,
      5178, 4922, 5179, -1,
      5179, 4922, 4923, -1,
      5179, 4923, 5180, -1,
      5180, 4923, 4924, -1,
      5180, 4924, 5181, -1,
      5181, 4924, 4925, -1,
      5181, 4925, 5182, -1,
      5182, 4925, 4926, -1,
      5182, 4926, 5183, -1,
      5183, 4926, 4927, -1,
      5183, 4927, 5184, -1,
      5184, 4927, 4928, -1,
      5184, 4928, 5185, -1,
      5185, 4928, 4929, -1,
      5185, 4929, 5186, -1,
      5186, 4929, 4930, -1,
      5186, 4930, 5187, -1,
      5187, 4930, 4931, -1,
      5187, 4931, 5188, -1,
      5188, 4931, 4932, -1,
      5188, 4932, 5189, -1,
      5189, 4932, 4933, -1,
      5189, 4933, 5190, -1,
      5190, 4933, 4934, -1,
      5190, 4934, 5191, -1,
      5191, 4934, 4935, -1,
      5191, 4935, 5192, -1,
      5192, 4935, 4936, -1,
      5192, 4936, 5193, -1,
      5193, 4936, 4937, -1,
      5193, 4937, 5194, -1,
      5194, 4937, 4938, -1,
      5194, 4938, 5195, -1,
      5195, 4938, 4939, -1,
      5195, 4939, 5196, -1,
      5196, 4939, 4940, -1,
      5196, 4940, 5197, -1,
      5197, 4940, 4941, -1,
      5197, 4941, 5198, -1,
      5198, 4941, 4942, -1,
      5198, 4942, 5199, -1,
      5199, 4942, 4943, -1,
      5199, 4943, 5200, -1,
      5200, 4943, 4944, -1,
      5200, 4944, 5201, -1,
      5201, 4944, 4945, -1,
      5201, 4945, 5202, -1,
      5202, 4945, 4946, -1,
      5202, 4946, 5203, -1,
      5203, 4946, 4947, -1,
      5203, 4947, 5204, -1,
      5204, 4947, 4948, -1,
      5204, 4948, 5205, -1,
      5205, 4948, 4949, -1,
      5205, 4949, 5206, -1,
      5206, 4949, 4950, -1,
      5206, 4950, 5207, -1,
      5207, 4950, 4951, -1,
      5207, 4951, 5208, -1,
      5208, 4951, 4952, -1,
      5208, 4952, 5209, -1,
      5209, 4952, 4953, -1,
      5209, 4953, 5210, -1,
      5210, 4953, 4954, -1,
      5210, 4954, 5211, -1,
      5211, 4954, 4955, -1,
      5211, 4955, 5212, -1,
      5212, 4955, 4956, -1,
      5212, 4956, 5213, -1,
      5213, 4956, 4957, -1,
      5213, 4957, 5214, -1,
      5214, 4957, 4958, -1,
      5214, 4958, 5215, -1,
      5215, 4958, 4959, -1,
      5215, 4959, 5216, -1,
      5216, 4959, 4960, -1,
      5216, 4960, 5217, -1,
      5217, 4960, 4961, -1,
      5217, 4961, 5218, -1,
      5218, 4961, 4962, -1,
      5218, 4962, 5219, -1,
      5219, 4962, 4963, -1,
      5219, 4963, 5220, -1,
      5220, 4963, 4964, -1,
      5220, 4964, 5221, -1,
      5221, 4964, 4965, -1,
      5221, 4965, 5222, -1,
      5222, 4965, 4966, -1,
      5222, 4966, 5223, -1,
      5223, 4966, 4967, -1,
      5223, 4967, 5224, -1,
      5224, 4967, 4968, -1,
      5224, 4968, 5225, -1,
      5225, 4968, 4969, -1,
      5225, 4969, 5226, -1,
      5226, 4969, 4970, -1,
      5226, 4970, 5227, -1,
      5227, 4970, 4971, -1,
      5227, 4971, 5228, -1,
      5228, 4971, 4972, -1,
      5228, 4972, 5229, -1,
      5229, 4972, 4973, -1,
      5229, 4973, 5230, -1,
      5230, 4973, 4974, -1,
      5230, 4974, 5231, -1,
      5231, 4974, 4975, -1,
      5231, 4975, 5232, -1,
      5232, 4975, 4976, -1,
      5232, 4976, 5233, -1,
      5233, 4976, 4977, -1,
      5233, 4977, 5234, -1,
      5234, 4977, 4978, -1,
      5234, 4978, 5235, -1,
      5235, 4978, 4979, -1,
      5235, 4979, 5236, -1,
      5236, 4979, 4980, -1,
      5236, 4980, 5237, -1,
      5237, 4980, 4981, -1,
      5237, 4981, 5238, -1,
      5238, 4981, 4982, -1,
      5238, 4982, 5239, -1,
      5239, 4982, 4983, -1,
      5239, 4983, 5240, -1,
      5240, 4983, 4984, -1,
      5240, 4984, 5241, -1,
      5241, 4984, 4985, -1,
      5241, 4985, 5242, -1,
      5242, 4985, 4986, -1,
      5242, 4986, 5243, -1,
      5243, 4986, 4987, -1,
      5243, 4987, 5244, -1,
      5244, 4987, 4988, -1,
      5244, 4988, 5245, -1,
      5245, 4988, 4989, -1,
      5245, 4989, 5246, -1,
      5246, 4989, 4990, -1,
      5246, 4990, 5247, -1,
      5247, 4990, 4991, -1,
      5247, 4991, 5248, -1,
      5248, 4991, 4992, -1,
      5248, 4992, 5249, -1,
      5249, 4992, 4993, -1,
      5249, 4993, 5250, -1,
      5250, 4993, 4994, -1,
      5250, 4994, 5251, -1,
      5251, 4994, 4995, -1,
      5251, 4995, 5252, -1,
      5252, 4995, 4996, -1,
      5252, 4996, 5253, -1,
      5253, 4996, 4997, -1,
      5253, 4997, 5254, -1,
      5254, 4997, 4998, -1,
      5254, 4998, 5255, -1,
      5255, 4998, 4999, -1,
      5255, 4999, 5256, -1,
      5256, 4999, 5000, -1,
      5256, 5000, 5257, -1,
      5257, 5000, 5001, -1,
      5257, 5001, 5258, -1,
      5258, 5001, 5002, -1,
      5258, 5002, 5259, -1,
      5259, 5002, 5003, -1,
      5259, 5003, 5260, -1,
      5260, 5003, 5004, -1,
      5260, 5004, 5261, -1,
      5261, 5004, 5005, -1,
      5261, 5005, 5262, -1,
      5262, 5005, 5006, -1,
      5262, 5006, 5263, -1,
      5263, 5006, 5007, -1,
      5263, 5007, 5264, -1,
      5264, 5007, 5008, -1,
      5264, 5008, 5265, -1,
      5265, 5008, 5009, -1,
      5265, 5009, 5266, -1,
      5266, 5009, 5010, -1,
      5266, 5010, 5267, -1,
      5267, 5010, 5011, -1,
      5267, 5011, 5268, -1,
      5268, 5011, 5012, -1,
      5268, 5012, 5269, -1,
      5269, 5012, 5013, -1,
      5269, 5013, 5270, -1,
      5270, 5013, 5014, -1,
      5270, 5014, 5271, -1,
      5271, 5014, 5015, -1,
      5271, 5015, 5272, -1,
      5272, 5015, 5016, -1,
      5272, 5016, 5273, -1,
      5273, 5016, 5017, -1,
      5273, 5017, 5274, -1,
      5274, 5017, 5018, -1,
      5274, 5018, 5275, -1,
      5275, 5018, 5019, -1,
      406, 405, 5020, -1,
      5020, 405, 5276, -1,
      5020, 5276, 5021, -1,
      5021, 5276, 5277, -1,
      5021, 5277, 5022, -1,
      5022, 5277, 5278, -1,
      5022, 5278, 5023, -1,
      5023, 5278, 5279, -1,
      5023, 5279, 5024, -1,
      5024, 5279, 5280, -1,
      5024, 5280, 5025, -1,
      5025, 5280, 5281, -1,
      5025, 5281, 5026, -1,
      5026, 5281, 5282, -1,
      5026, 5282, 5027, -1,
      5027, 5282, 5283, -1,
      5027, 5283, 5028, -1,
      5028, 5283, 5284, -1,
      5028, 5284, 5029, -1,
      5029, 5284, 5285, -1,
      5029, 5285, 5030, -1,
      5030, 5285, 5286, -1,
      5030, 5286, 5031, -1,
      5031, 5286, 5287, -1,
      5031, 5287, 5032, -1,
      5032, 5287, 5288, -1,
      5032, 5288, 5033, -1,
      5033, 5288, 5289, -1,
      5033, 5289, 5034, -1,
      5034, 5289, 5290, -1,
      5034, 5290, 5035, -1,
      5035, 5290, 5291, -1,
      5035, 5291, 5036, -1,
      5036, 5291, 5292, -1,
      5036, 5292, 5037, -1,
      5037, 5292, 5293, -1,
      5037, 5293, 5038, -1,
      5038, 5293, 5294, -1,
      5038, 5294, 5039, -1,
      5039, 5294, 5295, -1,
      5039, 5295, 5040, -1,
      5040, 5295, 5296, -1,
      5040, 5296, 5041, -1,
      5041, 5296, 5297, -1,
      5041, 5297, 5042, -1,
      5042, 5297, 5298, -1,
      5042, 5298, 5043, -1,
      5043, 5298, 5299, -1,
      5043, 5299, 5044, -1,
      5044, 5299, 5300, -1,
      5044, 5300, 5045, -1,
      5045, 5300, 5301, -1,
      5045, 5301, 5046, -1,
      5046, 5301, 5302, -1,
      5046, 5302, 5047, -1,
      5047, 5302, 5303, -1,
      5047, 5303, 5048, -1,
      5048, 5303, 5304, -1,
      5048, 5304, 5049, -1,
      5049, 5304, 5305, -1,
      5049, 5305, 5050, -1,
      5050, 5305, 5306, -1,
      5050, 5306, 5051, -1,
      5051, 5306, 5307, -1,
      5051, 5307, 5052, -1,
      5052, 5307, 5308, -1,
      5052, 5308, 5053, -1,
      5053, 5308, 5309, -1,
      5053, 5309, 5054, -1,
      5054, 5309, 5310, -1,
      5054, 5310, 5055, -1,
      5055, 5310, 5311, -1,
      5055, 5311, 5056, -1,
      5056, 5311, 5312, -1,
      5056, 5312, 5057, -1,
      5057, 5312, 5313, -1,
      5057, 5313, 5058, -1,
      5058, 5313, 5314, -1,
      5058, 5314, 5059, -1,
      5059, 5314, 5315, -1,
      5059, 5315, 5060, -1,
      5060, 5315, 5316, -1,
      5060, 5316, 5061, -1,
      5061, 5316, 5317, -1,
      5061, 5317, 5062, -1,
      5062, 5317, 5318, -1,
      5062, 5318, 5063, -1,
      5063, 5318, 5319, -1,
      5063, 5319, 5064, -1,
      5064, 5319, 5320, -1,
      5064, 5320, 5065, -1,
      5065, 5320, 5321, -1,
      5065, 5321, 5066, -1,
      5066, 5321, 5322, -1,
      5066, 5322, 5067, -1,
      5067, 5322, 5323, -1,
      5067, 5323, 5068, -1,
      5068, 5323, 5324, -1,
      5068, 5324, 5069, -1,
      5069, 5324, 5325, -1,
      5069, 5325, 5070, -1,
      5070, 5325, 5326, -1,
      5070, 5326, 5071, -1,
      5071, 5326, 5327, -1,
      5071, 5327, 5072, -1,
      5072, 5327, 5328, -1,
      5072, 5328, 5073, -1,
      5073, 5328, 5329, -1,
      5073, 5329, 5074, -1,
      5074, 5329, 5330, -1,
      5074, 5330, 5075, -1,
      5075, 5330, 5331, -1,
      5075, 5331, 5076, -1,
      5076, 5331, 5332, -1,
      5076, 5332, 5077, -1,
      5077, 5332, 5333, -1,
      5077, 5333, 5078, -1,
      5078, 5333, 5334, -1,
      5078, 5334, 5079, -1,
      5079, 5334, 5335, -1,
      5079, 5335, 5080, -1,
      5080, 5335, 5336, -1,
      5080, 5336, 5081, -1,
      5081, 5336, 5337, -1,
      5081, 5337, 5082, -1,
      5082, 5337, 5338, -1,
      5082, 5338, 5083, -1,
      5083, 5338, 5339, -1,
      5083, 5339, 5084, -1,
      5084, 5339, 5340, -1,
      5084, 5340, 5085, -1,
      5085, 5340, 5341, -1,
      5085, 5341, 5086, -1,
      5086, 5341, 5342, -1,
      5086, 5342, 5087, -1,
      5087, 5342, 5343, -1,
      5087, 5343, 5088, -1,
      5088, 5343, 5344, -1,
      5088, 5344, 5089, -1,
      5089, 5344, 5345, -1,
      5089, 5345, 5090, -1,
      5090, 5345, 5346, -1,
      5090, 5346, 5091, -1,
      5091, 5346, 5347, -1,
      5091, 5347, 5092, -1,
      5092, 5347, 5348, -1,
      5092, 5348, 5093, -1,
      5093, 5348, 5349, -1,
      5093, 5349, 5094, -1,
      5094, 5349, 5350, -1,
      5094, 5350, 5095, -1,
      5095, 5350, 5351, -1,
      5095, 5351, 5096, -1,
      5096, 5351, 5352, -1,
      5096, 5352, 5097, -1,
      5097, 5352, 5353, -1,
      5097, 5353, 5098, -1,
      5098, 5353, 5354, -1,
      5098, 5354, 5099, -1,
      5099, 5354, 5355, -1,
      5099, 5355, 5100, -1,
      5100, 5355, 5356, -1,
      5100, 5356, 5101, -1,
      5101, 5356, 5357, -1,
      5101, 5357, 5102, -1,
      5102, 5357, 5358, -1,
      5102, 5358, 5103, -1,
      5103, 5358, 5359, -1,
      5103, 5359, 5104, -1,
      5104, 5359, 5360, -1,
      5104, 5360, 5105, -1,
      5105, 5360, 5361, -1,
      5105, 5361, 5106, -1,
      5106, 5361, 5362, -1,
      5106, 5362, 5107, -1,
      5107, 5362, 5363, -1,
      5107, 5363, 5108, -1,
      5108, 5363, 5364, -1,
      5108, 5364, 5109, -1,
      5109, 5364, 5365, -1,
      5109, 5365, 5110, -1,
      5110, 5365, 5366, -1,
      5110, 5366, 5111, -1,
      5111, 5366, 5367, -1,
      5111, 5367, 5112, -1,
      5112, 5367, 5368, -1,
      5112, 5368, 5113, -1,
      5113, 5368, 5369, -1,
      5113, 5369, 5114, -1,
      5114, 5369, 5370, -1,
      5114, 5370, 5115, -1,
      5115, 5370, 5371, -1,
      5115, 5371, 5116, -1,
      5116, 5371, 5372, -1,
      5116, 5372, 5117, -1,
      5117, 5372, 5373, -1,
      5117, 5373, 5118, -1,
      5118, 5373, 5374, -1,
      5118, 5374, 5119, -1,
      5119, 5374, 5375, -1,
      5119, 5375, 5120, -1,
      5120, 5375, 5376, -1,
      5120, 5376, 5121, -1,
      5121, 5376, 5377, -1,
      5121, 5377, 5122, -1,
      5122, 5377, 5378, -1,
      5122, 5378, 5123, -1,
      5123, 5378, 5379, -1,
      5123, 5379, 5124, -1,
      5124, 5379, 5380, -1,
      5124, 5380, 5125, -1,
      5125, 5380, 5381, -1,
      5125, 5381, 5126, -1,
      5126, 5381, 5382, -1,
      5126, 5382, 5127, -1,
      5127, 5382, 5383, -1,
      5127, 5383, 5128, -1,
      5128, 5383, 5384, -1,
      5128, 5384, 5129, -1,
      5129, 5384, 5385, -1,
      5129, 5385, 5130, -1,
      5130, 5385, 5386, -1,
      5130, 5386, 5131, -1,
      5131, 5386, 5387, -1,
      5131, 5387, 5132, -1,
      5132, 5387, 5388, -1,
      5132, 5388, 5133, -1,
      5133, 5388, 5389, -1,
      5133, 5389, 5134, -1,
      5134, 5389, 5390, -1,
      5134, 5390, 5135, -1,
      5135, 5390, 5391, -1,
      5135, 5391, 5136, -1,
      5136, 5391, 5392, -1,
      5136, 5392, 5137, -1,
      5137, 5392, 5393, -1,
      5137, 5393, 5138, -1,
      5138, 5393, 5394, -1,
      5138, 5394, 5139, -1,
      5139, 5394, 5395, -1,
      5139, 5395, 5140, -1,
      5140, 5395, 5396, -1,
      5140, 5396, 5141, -1,
      5141, 5396, 5397, -1,
      5141, 5397, 5142, -1,
      5142, 5397, 5398, -1,
      5142, 5398, 5143, -1,
      5143, 5398, 5399, -1,
      5143, 5399, 5144, -1,
      5144, 5399, 5400, -1,
      5144, 5400, 5145, -1,
      5145, 5400, 5401, -1,
      5145, 5401, 5146, -1,
      5146, 5401, 5402, -1,
      5146, 5402, 5147, -1,
      5147, 5402, 5403, -1,
      364, 369, 5404, -1,
      5404, 369, 5148, -1,
      5404, 5148, 5405, -1,
      5405, 5148, 5149, -1,
      5405, 5149, 5406, -1,
      5406, 5149, 5150, -1,
      5406, 5150, 5407, -1,
      5407, 5150, 5151, -1,
      5407, 5151, 5408, -1,
      5408, 5151, 5152, -1,
      5408, 5152, 5409, -1,
      5409, 5152, 5153, -1,
      5409, 5153, 5410, -1,
      5410, 5153, 5154, -1,
      5410, 5154, 5411, -1,
      5411, 5154, 5155, -1,
      5411, 5155, 5412, -1,
      5412, 5155, 5156, -1,
      5412, 5156, 5413, -1,
      5413, 5156, 5157, -1,
      5413, 5157, 5414, -1,
      5414, 5157, 5158, -1,
      5414, 5158, 5415, -1,
      5415, 5158, 5159, -1,
      5415, 5159, 5416, -1,
      5416, 5159, 5160, -1,
      5416, 5160, 5417, -1,
      5417, 5160, 5161, -1,
      5417, 5161, 5418, -1,
      5418, 5161, 5162, -1,
      5418, 5162, 5419, -1,
      5419, 5162, 5163, -1,
      5419, 5163, 5420, -1,
      5420, 5163, 5164, -1,
      5420, 5164, 5421, -1,
      5421, 5164, 5165, -1,
      5421, 5165, 5422, -1,
      5422, 5165, 5166, -1,
      5422, 5166, 5423, -1,
      5423, 5166, 5167, -1,
      5423, 5167, 5424, -1,
      5424, 5167, 5168, -1,
      5424, 5168, 5425, -1,
      5425, 5168, 5169, -1,
      5425, 5169, 5426, -1,
      5426, 5169, 5170, -1,
      5426, 5170, 5427, -1,
      5427, 5170, 5171, -1,
      5427, 5171, 5428, -1,
      5428, 5171, 5172, -1,
      5428, 5172, 5429, -1,
      5429, 5172, 5173, -1,
      5429, 5173, 5430, -1,
      5430, 5173, 5174, -1,
      5430, 5174, 5431, -1,
      5431, 5174, 5175, -1,
      5431, 5175, 5432, -1,
      5432, 5175, 5176, -1,
      5432, 5176, 5433, -1,
      5433, 5176, 5177, -1,
      5433, 5177, 5434, -1,
      5434, 5177, 5178, -1,
      5434, 5178, 5435, -1,
      5435, 5178, 5179, -1,
      5435, 5179, 5436, -1,
      5436, 5179, 5180, -1,
      5436, 5180, 5437, -1,
      5437, 5180, 5181, -1,
      5437, 5181, 5438, -1,
      5438, 5181, 5182, -1,
      5438, 5182, 5439, -1,
      5439, 5182, 5183, -1,
      5439, 5183, 5440, -1,
      5440, 5183, 5184, -1,
      5440, 5184, 5441, -1,
      5441, 5184, 5185, -1,
      5441, 5185, 5442, -1,
      5442, 5185, 5186, -1,
      5442, 5186, 5443, -1,
      5443, 5186, 5187, -1,
      5443, 5187, 5444, -1,
      5444, 5187, 5188, -1,
      5444, 5188, 5445, -1,
      5445, 5188, 5189, -1,
      5445, 5189, 5446, -1,
      5446, 5189, 5190, -1,
      5446, 5190, 5447, -1,
      5447, 5190, 5191, -1,
      5447, 5191, 5448, -1,
      5448, 5191, 5192, -1,
      5448, 5192, 5449, -1,
      5449, 5192, 5193, -1,
      5449, 5193, 5450, -1,
      5450, 5193, 5194, -1,
      5450, 5194, 5451, -1,
      5451, 5194, 5195, -1,
      5451, 5195, 5452, -1,
      5452, 5195, 5196, -1,
      5452, 5196, 5453, -1,
      5453, 5196, 5197, -1,
      5453, 5197, 5454, -1,
      5454, 5197, 5198, -1,
      5454, 5198, 5455, -1,
      5455, 5198, 5199, -1,
      5455, 5199, 5456, -1,
      5456, 5199, 5200, -1,
      5456, 5200, 5457, -1,
      5457, 5200, 5201, -1,
      5457, 5201, 5458, -1,
      5458, 5201, 5202, -1,
      5458, 5202, 5459, -1,
      5459, 5202, 5203, -1,
      5459, 5203, 5460, -1,
      5460, 5203, 5204, -1,
      5460, 5204, 5461, -1,
      5461, 5204, 5205, -1,
      5461, 5205, 5462, -1,
      5462, 5205, 5206, -1,
      5462, 5206, 5463, -1,
      5463, 5206, 5207, -1,
      5463, 5207, 5464, -1,
      5464, 5207, 5208, -1,
      5464, 5208, 5465, -1,
      5465, 5208, 5209, -1,
      5465, 5209, 5466, -1,
      5466, 5209, 5210, -1,
      5466, 5210, 5467, -1,
      5467, 5210, 5211, -1,
      5467, 5211, 5468, -1,
      5468, 5211, 5212, -1,
      5468, 5212, 5469, -1,
      5469, 5212, 5213, -1,
      5469, 5213, 5470, -1,
      5470, 5213, 5214, -1,
      5470, 5214, 5471, -1,
      5471, 5214, 5215, -1,
      5471, 5215, 5472, -1,
      5472, 5215, 5216, -1,
      5472, 5216, 5473, -1,
      5473, 5216, 5217, -1,
      5473, 5217, 5474, -1,
      5474, 5217, 5218, -1,
      5474, 5218, 5475, -1,
      5475, 5218, 5219, -1,
      5475, 5219, 5476, -1,
      5476, 5219, 5220, -1,
      5476, 5220, 5477, -1,
      5477, 5220, 5221, -1,
      5477, 5221, 5478, -1,
      5478, 5221, 5222, -1,
      5478, 5222, 5479, -1,
      5479, 5222, 5223, -1,
      5479, 5223, 5480, -1,
      5480, 5223, 5224, -1,
      5480, 5224, 5481, -1,
      5481, 5224, 5225, -1,
      5481, 5225, 5482, -1,
      5482, 5225, 5226, -1,
      5482, 5226, 5483, -1,
      5483, 5226, 5227, -1,
      5483, 5227, 5484, -1,
      5484, 5227, 5228, -1,
      5484, 5228, 5485, -1,
      5485, 5228, 5229, -1,
      5485, 5229, 5486, -1,
      5486, 5229, 5230, -1,
      5486, 5230, 5487, -1,
      5487, 5230, 5231, -1,
      5487, 5231, 5488, -1,
      5488, 5231, 5232, -1,
      5488, 5232, 5489, -1,
      5489, 5232, 5233, -1,
      5489, 5233, 5490, -1,
      5490, 5233, 5234, -1,
      5490, 5234, 5491, -1,
      5491, 5234, 5235, -1,
      5491, 5235, 5492, -1,
      5492, 5235, 5236, -1,
      5492, 5236, 5493, -1,
      5493, 5236, 5237, -1,
      5493, 5237, 5494, -1,
      5494, 5237, 5238, -1,
      5494, 5238, 5495, -1,
      5495, 5238, 5239, -1,
      5495, 5239, 5496, -1,
      5496, 5239, 5240, -1,
      5496, 5240, 5497, -1,
      5497, 5240, 5241, -1,
      5497, 5241, 5498, -1,
      5498, 5241, 5242, -1,
      5498, 5242, 5499, -1,
      5499, 5242, 5243, -1,
      5499, 5243, 5500, -1,
      5500, 5243, 5244, -1,
      5500, 5244, 5501, -1,
      5501, 5244, 5245, -1,
      5501, 5245, 5502, -1,
      5502, 5245, 5246, -1,
      5502, 5246, 5503, -1,
      5503, 5246, 5247, -1,
      5503, 5247, 5504, -1,
      5504, 5247, 5248, -1,
      5504, 5248, 5505, -1,
      5505, 5248, 5249, -1,
      5505, 5249, 5506, -1,
      5506, 5249, 5250, -1,
      5506, 5250, 5507, -1,
      5507, 5250, 5251, -1,
      5507, 5251, 5508, -1,
      5508, 5251, 5252, -1,
      5508, 5252, 5509, -1,
      5509, 5252, 5253, -1,
      5509, 5253, 5510, -1,
      5510, 5253, 5254, -1,
      5510, 5254, 5511, -1,
      5511, 5254, 5255, -1,
      5511, 5255, 5512, -1,
      5512, 5255, 5256, -1,
      5512, 5256, 5513, -1,
      5513, 5256, 5257, -1,
      5513, 5257, 5514, -1,
      5514, 5257, 5258, -1,
      5514, 5258, 5515, -1,
      5515, 5258, 5259, -1,
      5515, 5259, 5516, -1,
      5516, 5259, 5260, -1,
      5516, 5260, 5517, -1,
      5517, 5260, 5261, -1,
      5517, 5261, 5518, -1,
      5518, 5261, 5262, -1,
      5518, 5262, 5519, -1,
      5519, 5262, 5263, -1,
      5519, 5263, 5520, -1,
      5520, 5263, 5264, -1,
      5520, 5264, 5521, -1,
      5521, 5264, 5265, -1,
      5521, 5265, 5522, -1,
      5522, 5265, 5266, -1,
      5522, 5266, 5523, -1,
      5523, 5266, 5267, -1,
      5523, 5267, 5524, -1,
      5524, 5267, 5268, -1,
      5524, 5268, 5525, -1,
      5525, 5268, 5269, -1,
      5525, 5269, 5526, -1,
      5526, 5269, 5270, -1,
      5526, 5270, 5527, -1,
      5527, 5270, 5271, -1,
      5527, 5271, 5528, -1,
      5528, 5271, 5272, -1,
      5528, 5272, 5529, -1,
      5529, 5272, 5273, -1,
      5529, 5273, 5530, -1,
      5530, 5273, 5274, -1,
      5530, 5274, 5531, -1,
      5531, 5274, 5275, -1,
      405, 404, 5276, -1,
      5276, 404, 5532, -1,
      5276, 5532, 5277, -1,
      5277, 5532, 5533, -1,
      5277, 5533, 5278, -1,
      5278, 5533, 5534, -1,
      5278, 5534, 5279, -1,
      5279, 5534, 5535, -1,
      5279, 5535, 5280, -1,
      5280, 5535, 5536, -1,
      5280, 5536, 5281, -1,
      5281, 5536, 5537, -1,
      5281, 5537, 5282, -1,
      5282, 5537, 5538, -1,
      5282, 5538, 5283, -1,
      5283, 5538, 5539, -1,
      5283, 5539, 5284, -1,
      5284, 5539, 5540, -1,
      5284, 5540, 5285, -1,
      5285, 5540, 5541, -1,
      5285, 5541, 5286, -1,
      5286, 5541, 5542, -1,
      5286, 5542, 5287, -1,
      5287, 5542, 5543, -1,
      5287, 5543, 5288, -1,
      5288, 5543, 5544, -1,
      5288, 5544, 5289, -1,
      5289, 5544, 5545, -1,
      5289, 5545, 5290, -1,
      5290, 5545, 5546, -1,
      5290, 5546, 5291, -1,
      5291, 5546, 5547, -1,
      5291, 5547, 5292, -1,
      5292, 5547, 5548, -1,
      5292, 5548, 5293, -1,
      5293, 5548, 5549, -1,
      5293, 5549, 5294, -1,
      5294, 5549, 5550, -1,
      5294, 5550, 5295, -1,
      5295, 5550, 5551, -1,
      5295, 5551, 5296, -1,
      5296, 5551, 5552, -1,
      5296, 5552, 5297, -1,
      5297, 5552, 5553, -1,
      5297, 5553, 5298, -1,
      5298, 5553, 5554, -1,
      5298, 5554, 5299, -1,
      5299, 5554, 5555, -1,
      5299, 5555, 5300, -1,
      5300, 5555, 5556, -1,
      5300, 5556, 5301, -1,
      5301, 5556, 5557, -1,
      5301, 5557, 5302, -1,
      5302, 5557, 5558, -1,
      5302, 5558, 5303, -1,
      5303, 5558, 5559, -1,
      5303, 5559, 5304, -1,
      5304, 5559, 5560, -1,
      5304, 5560, 5305, -1,
      5305, 5560, 5561, -1,
      5305, 5561, 5306, -1,
      5306, 5561, 5562, -1,
      5306, 5562, 5307, -1,
      5307, 5562, 5563, -1,
      5307, 5563, 5308, -1,
      5308, 5563, 5564, -1,
      5308, 5564, 5309, -1,
      5309, 5564, 5565, -1,
      5309, 5565, 5310, -1,
      5310, 5565, 5566, -1,
      5310, 5566, 5311, -1,
      5311, 5566, 5567, -1,
      5311, 5567, 5312, -1,
      5312, 5567, 5568, -1,
      5312, 5568, 5313, -1,
      5313, 5568, 5569, -1,
      5313, 5569, 5314, -1,
      5314, 5569, 5570, -1,
      5314, 5570, 5315, -1,
      5315, 5570, 5571, -1,
      5315, 5571, 5316, -1,
      5316, 5571, 5572, -1,
      5316, 5572, 5317, -1,
      5317, 5572, 5573, -1,
      5317, 5573, 5318, -1,
      5318, 5573, 5574, -1,
      5318, 5574, 5319, -1,
      5319, 5574, 5575, -1,
      5319, 5575, 5320, -1,
      5320, 5575, 5576, -1,
      5320, 5576, 5321, -1,
      5321, 5576, 5577, -1,
      5321, 5577, 5322, -1,
      5322, 5577, 5578, -1,
      5322, 5578, 5323, -1,
      5323, 5578, 5579, -1,
      5323, 5579, 5324, -1,
      5324, 5579, 5580, -1,
      5324, 5580, 5325, -1,
      5325, 5580, 5581, -1,
      5325, 5581, 5326, -1,
      5326, 5581, 5582, -1,
      5326, 5582, 5327, -1,
      5327, 5582, 5583, -1,
      5327, 5583, 5328, -1,
      5328, 5583, 5584, -1,
      5328, 5584, 5329, -1,
      5329, 5584, 5585, -1,
      5329, 5585, 5330, -1,
      5330, 5585, 5586, -1,
      5330, 5586, 5331, -1,
      5331, 5586, 5587, -1,
      5331, 5587, 5332, -1,
      5332, 5587, 5588, -1,
      5332, 5588, 5333, -1,
      5333, 5588, 5589, -1,
      5333, 5589, 5334, -1,
      5334, 5589, 5590, -1,
      5334, 5590, 5335, -1,
      5335, 5590, 5591, -1,
      5335, 5591, 5336, -1,
      5336, 5591, 5592, -1,
      5336, 5592, 5337, -1,
      5337, 5592, 5593, -1,
      5337, 5593, 5338, -1,
      5338, 5593, 5594, -1,
      5338, 5594, 5339, -1,
      5339, 5594, 5595, -1,
      5339, 5595, 5340, -1,
      5340, 5595, 5596, -1,
      5340, 5596, 5341, -1,
      5341, 5596, 5597, -1,
      5341, 5597, 5342, -1,
      5342, 5597, 5598, -1,
      5342, 5598, 5343, -1,
      5343, 5598, 5599, -1,
      5343, 5599, 5344, -1,
      5344, 5599, 5600, -1,
      5344, 5600, 5345, -1,
      5345, 5600, 5601, -1,
      5345, 5601, 5346, -1,
      5346, 5601, 5602, -1,
      5346, 5602, 5347, -1,
      5347, 5602, 5603, -1,
      5347, 5603, 5348, -1,
      5348, 5603, 5604, -1,
      5348, 5604, 5349, -1,
      5349, 5604, 5605, -1,
      5349, 5605, 5350, -1,
      5350, 5605, 5606, -1,
      5350, 5606, 5351, -1,
      5351, 5606, 5607, -1,
      5351, 5607, 5352, -1,
      5352, 5607, 5608, -1,
      5352, 5608, 5353, -1,
      5353, 5608, 5609, -1,
      5353, 5609, 5354, -1,
      5354, 5609, 5610, -1,
      5354, 5610, 5355, -1,
      5355, 5610, 5611, -1,
      5355, 5611, 5356, -1,
      5356, 5611, 5612, -1,
      5356, 5612, 5357, -1,
      5357, 5612, 5613, -1,
      5357, 5613, 5358, -1,
      5358, 5613, 5614, -1,
      5358, 5614, 5359, -1,
      5359, 5614, 5615, -1,
      5359, 5615, 5360, -1,
      5360, 5615, 5616, -1,
      5360, 5616, 5361, -1,
      5361, 5616, 5617, -1,
      5361, 5617, 5362, -1,
      5362, 5617, 5618, -1,
      5362, 5618, 5363, -1,
      5363, 5618, 5619, -1,
      5363, 5619, 5364, -1,
      5364, 5619, 5620, -1,
      5364, 5620, 5365, -1,
      5365, 5620, 5621, -1,
      5365, 5621, 5366, -1,
      5366, 5621, 5622, -1,
      5366, 5622, 5367, -1,
      5367, 5622, 5623, -1,
      5367, 5623, 5368, -1,
      5368, 5623, 5624, -1,
      5368, 5624, 5369, -1,
      5369, 5624, 5625, -1,
      5369, 5625, 5370, -1,
      5370, 5625, 5626, -1,
      5370, 5626, 5371, -1,
      5371, 5626, 5627, -1,
      5371, 5627, 5372, -1,
      5372, 5627, 5628, -1,
      5372, 5628, 5373, -1,
      5373, 5628, 5629, -1,
      5373, 5629, 5374, -1,
      5374, 5629, 5630, -1,
      5374, 5630, 5375, -1,
      5375, 5630, 5631, -1,
      5375, 5631, 5376, -1,
      5376, 5631, 5632, -1,
      5376, 5632, 5377, -1,
      5377, 5632, 5633, -1,
      5377, 5633, 5378, -1,
      5378, 5633, 5634, -1,
      5378, 5634, 5379, -1,
      5379, 5634, 5635, -1,
      5379, 5635, 5380, -1,
      5380, 5635, 5636, -1,
      5380, 5636, 5381, -1,
      5381, 5636, 5637, -1,
      5381, 5637, 5382, -1,
      5382, 5637, 5638, -1,
      5382, 5638, 5383, -1,
      5383, 5638, 5639, -1,
      5383, 5639, 5384, -1,
      5384, 5639, 5640, -1,
      5384, 5640, 5385, -1,
      5385, 5640, 5641, -1,
      5385, 5641, 5386, -1,
      5386, 5641, 5642, -1,
      5386, 5642, 5387, -1,
      5387, 5642, 5643, -1,
      5387, 5643, 5388, -1,
      5388, 5643, 5644, -1,
      5388, 5644, 5389, -1,
      5389, 5644, 5645, -1,
      5389, 5645, 5390, -1,
      5390, 5645, 5646, -1,
      5390, 5646, 5391, -1,
      5391, 5646, 5647, -1,
      5391, 5647, 5392, -1,
      5392, 5647, 5648, -1,
      5392, 5648, 5393, -1,
      5393, 5648, 5649, -1,
      5393, 5649, 5394, -1,
      5394, 5649, 5650, -1,
      5394, 5650, 5395, -1,
      5395, 5650, 5651, -1,
      5395, 5651, 5396, -1,
      5396, 5651, 5652, -1,
      5396, 5652, 5397, -1,
      5397, 5652, 5653, -1,
      5397, 5653, 5398, -1,
      5398, 5653, 5654, -1,
      5398, 5654, 5399, -1,
      5399, 5654, 5655, -1,
      5399, 5655, 5400, -1,
      5400, 5655, 5656, -1,
      5400, 5656, 5401, -1,
      5401, 5656, 5657, -1,
      5401, 5657, 5402, -1,
      5402, 5657, 5658, -1,
      5402, 5658, 5403, -1,
      5403, 5658, 5659, -1,
      365, 364, 5660, -1,
      5660, 364, 5404, -1,
      5660, 5404, 5661, -1,
      5661, 5404, 5405, -1,
      5661, 5405, 5662, -1,
      5662, 5405, 5406, -1,
      5662, 5406, 5663, -1,
      5663, 5406, 5407, -1,
      5663, 5407, 5664, -1,
      5664, 5407, 5408, -1,
      5664, 5408, 5665, -1,
      5665, 5408, 5409, -1,
      5665, 5409, 5666, -1,
      5666, 5409, 5410, -1,
      5666, 5410, 5667, -1,
      5667, 5410, 5411, -1,
      5667, 5411, 5668, -1,
      5668, 5411, 5412, -1,
      5668, 5412, 5669, -1,
      5669, 5412, 5413, -1,
      5669, 5413, 5670, -1,
      5670, 5413, 5414, -1,
      5670, 5414, 5671, -1,
      5671, 5414, 5415, -1,
      5671, 5415, 5672, -1,
      5672, 5415, 5416, -1,
      5672, 5416, 5673, -1,
      5673, 5416, 5417, -1,
      5673, 5417, 5674, -1,
      5674, 5417, 5418, -1,
      5674, 5418, 5675, -1,
      5675, 5418, 5419, -1,
      5675, 5419, 5676, -1,
      5676, 5419, 5420, -1,
      5676, 5420, 5677, -1,
      5677, 5420, 5421, -1,
      5677, 5421, 5678, -1,
      5678, 5421, 5422, -1,
      5678, 5422, 5679, -1,
      5679, 5422, 5423, -1,
      5679, 5423, 5680, -1,
      5680, 5423, 5424, -1,
      5680, 5424, 5681, -1,
      5681, 5424, 5425, -1,
      5681, 5425, 5682, -1,
      5682, 5425, 5426, -1,
      5682, 5426, 5683, -1,
      5683, 5426, 5427, -1,
      5683, 5427, 5684, -1,
      5684, 5427, 5428, -1,
      5684, 5428, 5685, -1,
      5685, 5428, 5429, -1,
      5685, 5429, 5686, -1,
      5686, 5429, 5430, -1,
      5686, 5430, 5687, -1,
      5687, 5430, 5431, -1,
      5687, 5431, 5688, -1,
      5688, 5431, 5432, -1,
      5688, 5432, 5689, -1,
      5689, 5432, 5433, -1,
      5689, 5433, 5690, -1,
      5690, 5433, 5434, -1,
      5690, 5434, 5691, -1,
      5691, 5434, 5435, -1,
      5691, 5435, 5692, -1,
      5692, 5435, 5436, -1,
      5692, 5436, 5693, -1,
      5693, 5436, 5437, -1,
      5693, 5437, 5694, -1,
      5694, 5437, 5438, -1,
      5694, 5438, 5695, -1,
      5695, 5438, 5439, -1,
      5695, 5439, 5696, -1,
      5696, 5439, 5440, -1,
      5696, 5440, 5697, -1,
      5697, 5440, 5441, -1,
      5697, 5441, 5698, -1,
      5698, 5441, 5442, -1,
      5698, 5442, 5699, -1,
      5699, 5442, 5443, -1,
      5699, 5443, 5700, -1,
      5700, 5443, 5444, -1,
      5700, 5444, 5701, -1,
      5701, 5444, 5445, -1,
      5701, 5445, 5702, -1,
      5702, 5445, 5446, -1,
      5702, 5446, 5703, -1,
      5703, 5446, 5447, -1,
      5703, 5447, 5704, -1,
      5704, 5447, 5448, -1,
      5704, 5448, 5705, -1,
      5705, 5448, 5449, -1,
      5705, 5449, 5706, -1,
      5706, 5449, 5450, -1,
      5706, 5450, 5707, -1,
      5707, 5450, 5451, -1,
      5707, 5451, 5708, -1,
      5708, 5451, 5452, -1,
      5708, 5452, 5709, -1,
      5709, 5452, 5453, -1,
      5709, 5453, 5710, -1,
      5710, 5453, 5454, -1,
      5710, 5454, 5711, -1,
      5711, 5454, 5455, -1,
      5711, 5455, 5712, -1,
      5712, 5455, 5456, -1,
      5712, 5456, 5713, -1,
      5713, 5456, 5457, -1,
      5713, 5457, 5714, -1,
      5714, 5457, 5458, -1,
      5714, 5458, 5715, -1,
      5715, 5458, 5459, -1,
      5715, 5459, 5716, -1,
      5716, 5459, 5460, -1,
      5716, 5460, 5717, -1,
      5717, 5460, 5461, -1,
      5717, 5461, 5718, -1,
      5718, 5461, 5462, -1,
      5718, 5462, 5719, -1,
      5719, 5462, 5463, -1,
      5719, 5463, 5720, -1,
      5720, 5463, 5464, -1,
      5720, 5464, 5721, -1,
      5721, 5464, 5465, -1,
      5721, 5465, 5722, -1,
      5722, 5465, 5466, -1,
      5722, 5466, 5723, -1,
      5723, 5466, 5467, -1,
      5723, 5467, 5724, -1,
      5724, 5467, 5468, -1,
      5724, 5468, 5725, -1,
      5725, 5468, 5469, -1,
      5725, 5469, 5726, -1,
      5726, 5469, 5470, -1,
      5726, 5470, 5727, -1,
      5727, 5470, 5471, -1,
      5727, 5471, 5728, -1,
      5728, 5471, 5472, -1,
      5728, 5472, 5729, -1,
      5729, 5472, 5473, -1,
      5729, 5473, 5730, -1,
      5730, 5473, 5474, -1,
      5730, 5474, 5731, -1,
      5731, 5474, 5475, -1,
      5731, 5475, 5732, -1,
      5732, 5475, 5476, -1,
      5732, 5476, 5733, -1,
      5733, 5476, 5477, -1,
      5733, 5477, 5734, -1,
      5734, 5477, 5478, -1,
      5734, 5478, 5735, -1,
      5735, 5478, 5479, -1,
      5735, 5479, 5736, -1,
      5736, 5479, 5480, -1,
      5736, 5480, 5737, -1,
      5737, 5480, 5481, -1,
      5737, 5481, 5738, -1,
      5738, 5481, 5482, -1,
      5738, 5482, 5739, -1,
      5739, 5482, 5483, -1,
      5739, 5483, 5740, -1,
      5740, 5483, 5484, -1,
      5740, 5484, 5741, -1,
      5741, 5484, 5485, -1,
      5741, 5485, 5742, -1,
      5742, 5485, 5486, -1,
      5742, 5486, 5743, -1,
      5743, 5486, 5487, -1,
      5743, 5487, 5744, -1,
      5744, 5487, 5488, -1,
      5744, 5488, 5745, -1,
      5745, 5488, 5489, -1,
      5745, 5489, 5746, -1,
      5746, 5489, 5490, -1,
      5746, 5490, 5747, -1,
      5747, 5490, 5491, -1,
      5747, 5491, 5748, -1,
      5748, 5491, 5492, -1,
      5748, 5492, 5749, -1,
      5749, 5492, 5493, -1,
      5749, 5493, 5750, -1,
      5750, 5493, 5494, -1,
      5750, 5494, 5751, -1,
      5751, 5494, 5495, -1,
      5751, 5495, 5752, -1,
      5752, 5495, 5496, -1,
      5752, 5496, 5753, -1,
      5753, 5496, 5497, -1,
      5753, 5497, 5754, -1,
      5754, 5497, 5498, -1,
      5754, 5498, 5755, -1,
      5755, 5498, 5499, -1,
      5755, 5499, 5756, -1,
      5756, 5499, 5500, -1,
      5756, 5500, 5757, -1,
      5757, 5500, 5501, -1,
      5757, 5501, 5758, -1,
      5758, 5501, 5502, -1,
      5758, 5502, 5759, -1,
      5759, 5502, 5503, -1,
      5759, 5503, 5760, -1,
      5760, 5503, 5504, -1,
      5760, 5504, 5761, -1,
      5761, 5504, 5505, -1,
      5761, 5505, 5762, -1,
      5762, 5505, 5506, -1,
      5762, 5506, 5763, -1,
      5763, 5506, 5507, -1,
      5763, 5507, 5764, -1,
      5764, 5507, 5508, -1,
      5764, 5508, 5765, -1,
      5765, 5508, 5509, -1,
      5765, 5509, 5766, -1,
      5766, 5509, 5510, -1,
      5766, 5510, 5767, -1,
      5767, 5510, 5511, -1,
      5767, 5511, 5768, -1,
      5768, 5511, 5512, -1,
      5768, 5512, 5769, -1,
      5769, 5512, 5513, -1,
      5769, 5513, 5770, -1,
      5770, 5513, 5514, -1,
      5770, 5514, 5771, -1,
      5771, 5514, 5515, -1,
      5771, 5515, 5772, -1,
      5772, 5515, 5516, -1,
      5772, 5516, 5773, -1,
      5773, 5516, 5517, -1,
      5773, 5517, 5774, -1,
      5774, 5517, 5518, -1,
      5774, 5518, 5775, -1,
      5775, 5518, 5519, -1,
      5775, 5519, 5776, -1,
      5776, 5519, 5520, -1,
      5776, 5520, 5777, -1,
      5777, 5520, 5521, -1,
      5777, 5521, 5778, -1,
      5778, 5521, 5522, -1,
      5778, 5522, 5779, -1,
      5779, 5522, 5523, -1,
      5779, 5523, 5780, -1,
      5780, 5523, 5524, -1,
      5780, 5524, 5781, -1,
      5781, 5524, 5525, -1,
      5781, 5525, 5782, -1,
      5782, 5525, 5526, -1,
      5782, 5526, 5783, -1,
      5783, 5526, 5527, -1,
      5783, 5527, 5784, -1,
      5784, 5527, 5528, -1,
      5784, 5528, 5785, -1,
      5785, 5528, 5529, -1,
      5785, 5529, 5786, -1,
      5786, 5529, 5530, -1,
      5786, 5530, 5787, -1,
      5787, 5530, 5531, -1,
      404, 409, 5532, -1,
      5532, 409, 5788, -1,
      5532, 5788, 5533, -1,
      5533, 5788, 5789, -1,
      5533, 5789, 5534, -1,
      5534, 5789, 5790, -1,
      5534, 5790, 5535, -1,
      5535, 5790, 5791, -1,
      5535, 5791, 5536, -1,
      5536, 5791, 5792, -1,
      5536, 5792, 5537, -1,
      5537, 5792, 5793, -1,
      5537, 5793, 5538, -1,
      5538, 5793, 5794, -1,
      5538, 5794, 5539, -1,
      5539, 5794, 5795, -1,
      5539, 5795, 5540, -1,
      5540, 5795, 5796, -1,
      5540, 5796, 5541, -1,
      5541, 5796, 5797, -1,
      5541, 5797, 5542, -1,
      5542, 5797, 5798, -1,
      5542, 5798, 5543, -1,
      5543, 5798, 5799, -1,
      5543, 5799, 5544, -1,
      5544, 5799, 5800, -1,
      5544, 5800, 5545, -1,
      5545, 5800, 5801, -1,
      5545, 5801, 5546, -1,
      5546, 5801, 5802, -1,
      5546, 5802, 5547, -1,
      5547, 5802, 5803, -1,
      5547, 5803, 5548, -1,
      5548, 5803, 5804, -1,
      5548, 5804, 5549, -1,
      5549, 5804, 5805, -1,
      5549, 5805, 5550, -1,
      5550, 5805, 5806, -1,
      5550, 5806, 5551, -1,
      5551, 5806, 5807, -1,
      5551, 5807, 5552, -1,
      5552, 5807, 5808, -1,
      5552, 5808, 5553, -1,
      5553, 5808, 5809, -1,
      5553, 5809, 5554, -1,
      5554, 5809, 5810, -1,
      5554, 5810, 5555, -1,
      5555, 5810, 5811, -1,
      5555, 5811, 5556, -1,
      5556, 5811, 5812, -1,
      5556, 5812, 5557, -1,
      5557, 5812, 5813, -1,
      5557, 5813, 5558, -1,
      5558, 5813, 5814, -1,
      5558, 5814, 5559, -1,
      5559, 5814, 5815, -1,
      5559, 5815, 5560, -1,
      5560, 5815, 5816, -1,
      5560, 5816, 5561, -1,
      5561, 5816, 5817, -1,
      5561, 5817, 5562, -1,
      5562, 5817, 5818, -1,
      5562, 5818, 5563, -1,
      5563, 5818, 5819, -1,
      5563, 5819, 5564, -1,
      5564, 5819, 5820, -1,
      5564, 5820, 5565, -1,
      5565, 5820, 5821, -1,
      5565, 5821, 5566, -1,
      5566, 5821, 5822, -1,
      5566, 5822, 5567, -1,
      5567, 5822, 5823, -1,
      5567, 5823, 5568, -1,
      5568, 5823, 5824, -1,
      5568, 5824, 5569, -1,
      5569, 5824, 5825, -1,
      5569, 5825, 5570, -1,
      5570, 5825, 5826, -1,
      5570, 5826, 5571, -1,
      5571, 5826, 5827, -1,
      5571, 5827, 5572, -1,
      5572, 5827, 5828, -1,
      5572, 5828, 5573, -1,
      5573, 5828, 5829, -1,
      5573, 5829, 5574, -1,
      5574, 5829, 5830, -1,
      5574, 5830, 5575, -1,
      5575, 5830, 5831, -1,
      5575, 5831, 5576, -1,
      5576, 5831, 5832, -1,
      5576, 5832, 5577, -1,
      5577, 5832, 5833, -1,
      5577, 5833, 5578, -1,
      5578, 5833, 5834, -1,
      5578, 5834, 5579, -1,
      5579, 5834, 5835, -1,
      5579, 5835, 5580, -1,
      5580, 5835, 5836, -1,
      5580, 5836, 5581, -1,
      5581, 5836, 5837, -1,
      5581, 5837, 5582, -1,
      5582, 5837, 5838, -1,
      5582, 5838, 5583, -1,
      5583, 5838, 5839, -1,
      5583, 5839, 5584, -1,
      5584, 5839, 5840, -1,
      5584, 5840, 5585, -1,
      5585, 5840, 5841, -1,
      5585, 5841, 5586, -1,
      5586, 5841, 5842, -1,
      5586, 5842, 5587, -1,
      5587, 5842, 5843, -1,
      5587, 5843, 5588, -1,
      5588, 5843, 5844, -1,
      5588, 5844, 5589, -1,
      5589, 5844, 5845, -1,
      5589, 5845, 5590, -1,
      5590, 5845, 5846, -1,
      5590, 5846, 5591, -1,
      5591, 5846, 5847, -1,
      5591, 5847, 5592, -1,
      5592, 5847, 5848, -1,
      5592, 5848, 5593, -1,
      5593, 5848, 5849, -1,
      5593, 5849, 5594, -1,
      5594, 5849, 5850, -1,
      5594, 5850, 5595, -1,
      5595, 5850, 5851, -1,
      5595, 5851, 5596, -1,
      5596, 5851, 5852, -1,
      5596, 5852, 5597, -1,
      5597, 5852, 5853, -1,
      5597, 5853, 5598, -1,
      5598, 5853, 5854, -1,
      5598, 5854, 5599, -1,
      5599, 5854, 5855, -1,
      5599, 5855, 5600, -1,
      5600, 5855, 5856, -1,
      5600, 5856, 5601, -1,
      5601, 5856, 5857, -1,
      5601, 5857, 5602, -1,
      5602, 5857, 5858, -1,
      5602, 5858, 5603, -1,
      5603, 5858, 5859, -1,
      5603, 5859, 5604, -1,
      5604, 5859, 5860, -1,
      5604, 5860, 5605, -1,
      5605, 5860, 5861, -1,
      5605, 5861, 5606, -1,
      5606, 5861, 5862, -1,
      5606, 5862, 5607, -1,
      5607, 5862, 5863, -1,
      5607, 5863, 5608, -1,
      5608, 5863, 5864, -1,
      5608, 5864, 5609, -1,
      5609, 5864, 5865, -1,
      5609, 5865, 5610, -1,
      5610, 5865, 5866, -1,
      5610, 5866, 5611, -1,
      5611, 5866, 5867, -1,
      5611, 5867, 5612, -1,
      5612, 5867, 5868, -1,
      5612, 5868, 5613, -1,
      5613, 5868, 5869, -1,
      5613, 5869, 5614, -1,
      5614, 5869, 5870, -1,
      5614, 5870, 5615, -1,
      5615, 5870, 5871, -1,
      5615, 5871, 5616, -1,
      5616, 5871, 5872, -1,
      5616, 5872, 5617, -1,
      5617, 5872, 5873, -1,
      5617, 5873, 5618, -1,
      5618, 5873, 5874, -1,
      5618, 5874, 5619, -1,
      5619, 5874, 5875, -1,
      5619, 5875, 5620, -1,
      5620, 5875, 5876, -1,
      5620, 5876, 5621, -1,
      5621, 5876, 5877, -1,
      5621, 5877, 5622, -1,
      5622, 5877, 5878, -1,
      5622, 5878, 5623, -1,
      5623, 5878, 5879, -1,
      5623, 5879, 5624, -1,
      5624, 5879, 5880, -1,
      5624, 5880, 5625, -1,
      5625, 5880, 5881, -1,
      5625, 5881, 5626, -1,
      5626, 5881, 5882, -1,
      5626, 5882, 5627, -1,
      5627, 5882, 5883, -1,
      5627, 5883, 5628, -1,
      5628, 5883, 5884, -1,
      5628, 5884, 5629, -1,
      5629, 5884, 5885, -1,
      5629, 5885, 5630, -1,
      5630, 5885, 5886, -1,
      5630, 5886, 5631, -1,
      5631, 5886, 5887, -1,
      5631, 5887, 5632, -1,
      5632, 5887, 5888, -1,
      5632, 5888, 5633, -1,
      5633, 5888, 5889, -1,
      5633, 5889, 5634, -1,
      5634, 5889, 5890, -1,
      5634, 5890, 5635, -1,
      5635, 5890, 5891, -1,
      5635, 5891, 5636, -1,
      5636, 5891, 5892, -1,
      5636, 5892, 5637, -1,
      5637, 5892, 5893, -1,
      5637, 5893, 5638, -1,
      5638, 5893, 5894, -1,
      5638, 5894, 5639, -1,
      5639, 5894, 5895, -1,
      5639, 5895, 5640, -1,
      5640, 5895, 5896, -1,
      5640, 5896, 5641, -1,
      5641, 5896, 5897, -1,
      5641, 5897, 5642, -1,
      5642, 5897, 5898, -1,
      5642, 5898, 5643, -1,
      5643, 5898, 5899, -1,
      5643, 5899, 5644, -1,
      5644, 5899, 5900, -1,
      5644, 5900, 5645, -1,
      5645, 5900, 5901, -1,
      5645, 5901, 5646, -1,
      5646, 5901, 5902, -1,
      5646, 5902, 5647, -1,
      5647, 5902, 5903, -1,
      5647, 5903, 5648, -1,
      5648, 5903, 5904, -1,
      5648, 5904, 5649, -1,
      5649, 5904, 5905, -1,
      5649, 5905, 5650, -1,
      5650, 5905, 5906, -1,
      5650, 5906, 5651, -1,
      5651, 5906, 5907, -1,
      5651, 5907, 5652, -1,
      5652, 5907, 5908, -1,
      5652, 5908, 5653, -1,
      5653, 5908, 5909, -1,
      5653, 5909, 5654, -1,
      5654, 5909, 5910, -1,
      5654, 5910, 5655, -1,
      5655, 5910, 5911, -1,
      5655, 5911, 5656, -1,
      5656, 5911, 5912, -1,
      5656, 5912, 5657, -1,
      5657, 5912, 5913, -1,
      5657, 5913, 5658, -1,
      5658, 5913, 5914, -1,
      5658, 5914, 5659, -1,
      5659, 5914, 5915, -1,
      366, 365, 5916, -1,
      5916, 365, 5660, -1,
      5916, 5660, 5917, -1,
      5917, 5660, 5661, -1,
      5917, 5661, 5918, -1,
      5918, 5661, 5662, -1,
      5918, 5662, 5919, -1,
      5919, 5662, 5663, -1,
      5919, 5663, 5920, -1,
      5920, 5663, 5664, -1,
      5920, 5664, 5921, -1,
      5921, 5664, 5665, -1,
      5921, 5665, 5922, -1,
      5922, 5665, 5666, -1,
      5922, 5666, 5923, -1,
      5923, 5666, 5667, -1,
      5923, 5667, 5924, -1,
      5924, 5667, 5668, -1,
      5924, 5668, 5925, -1,
      5925, 5668, 5669, -1,
      5925, 5669, 5926, -1,
      5926, 5669, 5670, -1,
      5926, 5670, 5927, -1,
      5927, 5670, 5671, -1,
      5927, 5671, 5928, -1,
      5928, 5671, 5672, -1,
      5928, 5672, 5929, -1,
      5929, 5672, 5673, -1,
      5929, 5673, 5930, -1,
      5930, 5673, 5674, -1,
      5930, 5674, 5931, -1,
      5931, 5674, 5675, -1,
      5931, 5675, 5932, -1,
      5932, 5675, 5676, -1,
      5932, 5676, 5933, -1,
      5933, 5676, 5677, -1,
      5933, 5677, 5934, -1,
      5934, 5677, 5678, -1,
      5934, 5678, 5935, -1,
      5935, 5678, 5679, -1,
      5935, 5679, 5936, -1,
      5936, 5679, 5680, -1,
      5936, 5680, 5937, -1,
      5937, 5680, 5681, -1,
      5937, 5681, 5938, -1,
      5938, 5681, 5682, -1,
      5938, 5682, 5939, -1,
      5939, 5682, 5683, -1,
      5939, 5683, 5940, -1,
      5940, 5683, 5684, -1,
      5940, 5684, 5941, -1,
      5941, 5684, 5685, -1,
      5941, 5685, 5942, -1,
      5942, 5685, 5686, -1,
      5942, 5686, 5943, -1,
      5943, 5686, 5687, -1,
      5943, 5687, 5944, -1,
      5944, 5687, 5688, -1,
      5944, 5688, 5945, -1,
      5945, 5688, 5689, -1,
      5945, 5689, 5946, -1,
      5946, 5689, 5690, -1,
      5946, 5690, 5947, -1,
      5947, 5690, 5691, -1,
      5947, 5691, 5948, -1,
      5948, 5691, 5692, -1,
      5948, 5692, 5949, -1,
      5949, 5692, 5693, -1,
      5949, 5693, 5950, -1,
      5950, 5693, 5694, -1,
      5950, 5694, 5951, -1,
      5951, 5694, 5695, -1,
      5951, 5695, 5952, -1,
      5952, 5695, 5696, -1,
      5952, 5696, 5953, -1,
      5953, 5696, 5697, -1,
      5953, 5697, 5954, -1,
      5954, 5697, 5698, -1,
      5954, 5698, 5955, -1,
      5955, 5698, 5699, -1,
      5955, 5699, 5956, -1,
      5956, 5699, 5700, -1,
      5956, 5700, 5957, -1,
      5957, 5700, 5701, -1,
      5957, 5701, 5958, -1,
      5958, 5701, 5702, -1,
      5958, 5702, 5959, -1,
      5959, 5702, 5703, -1,
      5959, 5703, 5960, -1,
      5960, 5703, 5704, -1,
      5960, 5704, 5961, -1,
      5961, 5704, 5705, -1,
      5961, 5705, 5962, -1,
      5962, 5705, 5706, -1,
      5962, 5706, 5963, -1,
      5963, 5706, 5707, -1,
      5963, 5707, 5964, -1,
      5964, 5707, 5708, -1,
      5964, 5708, 5965, -1,
      5965, 5708, 5709, -1,
      5965, 5709, 5966, -1,
      5966, 5709, 5710, -1,
      5966, 5710, 5967, -1,
      5967, 5710, 5711, -1,
      5967, 5711, 5968, -1,
      5968, 5711, 5712, -1,
      5968, 5712, 5969, -1,
      5969, 5712, 5713, -1,
      5969, 5713, 5970, -1,
      5970, 5713, 5714, -1,
      5970, 5714, 5971, -1,
      5971, 5714, 5715, -1,
      5971, 5715, 5972, -1,
      5972, 5715, 5716, -1,
      5972, 5716, 5973, -1,
      5973, 5716, 5717, -1,
      5973, 5717, 5974, -1,
      5974, 5717, 5718, -1,
      5974, 5718, 5975, -1,
      5975, 5718, 5719, -1,
      5975, 5719, 5976, -1,
      5976, 5719, 5720, -1,
      5976, 5720, 5977, -1,
      5977, 5720, 5721, -1,
      5977, 5721, 5978, -1,
      5978, 5721, 5722, -1,
      5978, 5722, 5979, -1,
      5979, 5722, 5723, -1,
      5979, 5723, 5980, -1,
      5980, 5723, 5724, -1,
      5980, 5724, 5981, -1,
      5981, 5724, 5725, -1,
      5981, 5725, 5982, -1,
      5982, 5725, 5726, -1,
      5982, 5726, 5983, -1,
      5983, 5726, 5727, -1,
      5983, 5727, 5984, -1,
      5984, 5727, 5728, -1,
      5984, 5728, 5985, -1,
      5985, 5728, 5729, -1,
      5985, 5729, 5986, -1,
      5986, 5729, 5730, -1,
      5986, 5730, 5987, -1,
      5987, 5730, 5731, -1,
      5987, 5731, 5988, -1,
      5988, 5731, 5732, -1,
      5988, 5732, 5989, -1,
      5989, 5732, 5733, -1,
      5989, 5733, 5990, -1,
      5990, 5733, 5734, -1,
      5990, 5734, 5991, -1,
      5991, 5734, 5735, -1,
      5991, 5735, 5992, -1,
      5992, 5735, 5736, -1,
      5992, 5736, 5993, -1,
      5993, 5736, 5737, -1,
      5993, 5737, 5994, -1,
      5994, 5737, 5738, -1,
      5994, 5738, 5995, -1,
      5995, 5738, 5739, -1,
      5995, 5739, 5996, -1,
      5996, 5739, 5740, -1,
      5996, 5740, 5997, -1,
      5997, 5740, 5741, -1,
      5997, 5741, 5998, -1,
      5998, 5741, 5742, -1,
      5998, 5742, 5999, -1,
      5999, 5742, 5743, -1,
      5999, 5743, 6000, -1,
      6000, 5743, 5744, -1,
      6000, 5744, 6001, -1,
      6001, 5744, 5745, -1,
      6001, 5745, 6002, -1,
      6002, 5745, 5746, -1,
      6002, 5746, 6003, -1,
      6003, 5746, 5747, -1,
      6003, 5747, 6004, -1,
      6004, 5747, 5748, -1,
      6004, 5748, 6005, -1,
      6005, 5748, 5749, -1,
      6005, 5749, 6006, -1,
      6006, 5749, 5750, -1,
      6006, 5750, 6007, -1,
      6007, 5750, 5751, -1,
      6007, 5751, 6008, -1,
      6008, 5751, 5752, -1,
      6008, 5752, 6009, -1,
      6009, 5752, 5753, -1,
      6009, 5753, 6010, -1,
      6010, 5753, 5754, -1,
      6010, 5754, 6011, -1,
      6011, 5754, 5755, -1,
      6011, 5755, 6012, -1,
      6012, 5755, 5756, -1,
      6012, 5756, 6013, -1,
      6013, 5756, 5757, -1,
      6013, 5757, 6014, -1,
      6014, 5757, 5758, -1,
      6014, 5758, 6015, -1,
      6015, 5758, 5759, -1,
      6015, 5759, 6016, -1,
      6016, 5759, 5760, -1,
      6016, 5760, 6017, -1,
      6017, 5760, 5761, -1,
      6017, 5761, 6018, -1,
      6018, 5761, 5762, -1,
      6018, 5762, 6019, -1,
      6019, 5762, 5763, -1,
      6019, 5763, 6020, -1,
      6020, 5763, 5764, -1,
      6020, 5764, 6021, -1,
      6021, 5764, 5765, -1,
      6021, 5765, 6022, -1,
      6022, 5765, 5766, -1,
      6022, 5766, 6023, -1,
      6023, 5766, 5767, -1,
      6023, 5767, 6024, -1,
      6024, 5767, 5768, -1,
      6024, 5768, 6025, -1,
      6025, 5768, 5769, -1,
      6025, 5769, 6026, -1,
      6026, 5769, 5770, -1,
      6026, 5770, 6027, -1,
      6027, 5770, 5771, -1,
      6027, 5771, 6028, -1,
      6028, 5771, 5772, -1,
      6028, 5772, 6029, -1,
      6029, 5772, 5773, -1,
      6029, 5773, 6030, -1,
      6030, 5773, 5774, -1,
      6030, 5774, 6031, -1,
      6031, 5774, 5775, -1,
      6031, 5775, 6032, -1,
      6032, 5775, 5776, -1,
      6032, 5776, 6033, -1,
      6033, 5776, 5777, -1,
      6033, 5777, 6034, -1,
      6034, 5777, 5778, -1,
      6034, 5778, 6035, -1,
      6035, 5778, 5779, -1,
      6035, 5779, 6036, -1,
      6036, 5779, 5780, -1,
      6036, 5780, 6037, -1,
      6037, 5780, 5781, -1,
      6037, 5781, 6038, -1,
      6038, 5781, 5782, -1,
      6038, 5782, 6039, -1,
      6039, 5782, 5783, -1,
      6039, 5783, 6040, -1,
      6040, 5783, 5784, -1,
      6040, 5784, 6041, -1,
      6041, 5784, 5785, -1,
      6041, 5785, 6042, -1,
      6042, 5785, 5786, -1,
      6042, 5786, 6043, -1,
      6043, 5786, 5787, -1,
      409, 408, 5788, -1,
      5788, 408, 6044, -1,
      5788, 6044, 5789, -1,
      5789, 6044, 6045, -1,
      5789, 6045, 5790, -1,
      5790, 6045, 6046, -1,
      5790, 6046, 5791, -1,
      5791, 6046, 6047, -1,
      5791, 6047, 5792, -1,
      5792, 6047, 6048, -1,
      5792, 6048, 5793, -1,
      5793, 6048, 6049, -1,
      5793, 6049, 5794, -1,
      5794, 6049, 6050, -1,
      5794, 6050, 5795, -1,
      5795, 6050, 6051, -1,
      5795, 6051, 5796, -1,
      5796, 6051, 6052, -1,
      5796, 6052, 5797, -1,
      5797, 6052, 6053, -1,
      5797, 6053, 5798, -1,
      5798, 6053, 6054, -1,
      5798, 6054, 5799, -1,
      5799, 6054, 6055, -1,
      5799, 6055, 5800, -1,
      5800, 6055, 6056, -1,
      5800, 6056, 5801, -1,
      5801, 6056, 6057, -1,
      5801, 6057, 5802, -1,
      5802, 6057, 6058, -1,
      5802, 6058, 5803, -1,
      5803, 6058, 6059, -1,
      5803, 6059, 5804, -1,
      5804, 6059, 6060, -1,
      5804, 6060, 5805, -1,
      5805, 6060, 6061, -1,
      5805, 6061, 5806, -1,
      5806, 6061, 6062, -1,
      5806, 6062, 5807, -1,
      5807, 6062, 6063, -1,
      5807, 6063, 5808, -1,
      5808, 6063, 6064, -1,
      5808, 6064, 5809, -1,
      5809, 6064, 6065, -1,
      5809, 6065, 5810, -1,
      5810, 6065, 6066, -1,
      5810, 6066, 5811, -1,
      5811, 6066, 6067, -1,
      5811, 6067, 5812, -1,
      5812, 6067, 6068, -1,
      5812, 6068, 5813, -1,
      5813, 6068, 6069, -1,
      5813, 6069, 5814, -1,
      5814, 6069, 6070, -1,
      5814, 6070, 5815, -1,
      5815, 6070, 6071, -1,
      5815, 6071, 5816, -1,
      5816, 6071, 6072, -1,
      5816, 6072, 5817, -1,
      5817, 6072, 6073, -1,
      5817, 6073, 5818, -1,
      5818, 6073, 6074, -1,
      5818, 6074, 5819, -1,
      5819, 6074, 6075, -1,
      5819, 6075, 5820, -1,
      5820, 6075, 6076, -1,
      5820, 6076, 5821, -1,
      5821, 6076, 6077, -1,
      5821, 6077, 5822, -1,
      5822, 6077, 6078, -1,
      5822, 6078, 5823, -1,
      5823, 6078, 6079, -1,
      5823, 6079, 5824, -1,
      5824, 6079, 6080, -1,
      5824, 6080, 5825, -1,
      5825, 6080, 6081, -1,
      5825, 6081, 5826, -1,
      5826, 6081, 6082, -1,
      5826, 6082, 5827, -1,
      5827, 6082, 6083, -1,
      5827, 6083, 5828, -1,
      5828, 6083, 6084, -1,
      5828, 6084, 5829, -1,
      5829, 6084, 6085, -1,
      5829, 6085, 5830, -1,
      5830, 6085, 6086, -1,
      5830, 6086, 5831, -1,
      5831, 6086, 6087, -1,
      5831, 6087, 5832, -1,
      5832, 6087, 6088, -1,
      5832, 6088, 5833, -1,
      5833, 6088, 6089, -1,
      5833, 6089, 5834, -1,
      5834, 6089, 6090, -1,
      5834, 6090, 5835, -1,
      5835, 6090, 6091, -1,
      5835, 6091, 5836, -1,
      5836, 6091, 6092, -1,
      5836, 6092, 5837, -1,
      5837, 6092, 6093, -1,
      5837, 6093, 5838, -1,
      5838, 6093, 6094, -1,
      5838, 6094, 5839, -1,
      5839, 6094, 6095, -1,
      5839, 6095, 5840, -1,
      5840, 6095, 6096, -1,
      5840, 6096, 5841, -1,
      5841, 6096, 6097, -1,
      5841, 6097, 5842, -1,
      5842, 6097, 6098, -1,
      5842, 6098, 5843, -1,
      5843, 6098, 6099, -1,
      5843, 6099, 5844, -1,
      5844, 6099, 6100, -1,
      5844, 6100, 5845, -1,
      5845, 6100, 6101, -1,
      5845, 6101, 5846, -1,
      5846, 6101, 6102, -1,
      5846, 6102, 5847, -1,
      5847, 6102, 6103, -1,
      5847, 6103, 5848, -1,
      5848, 6103, 6104, -1,
      5848, 6104, 5849, -1,
      5849, 6104, 6105, -1,
      5849, 6105, 5850, -1,
      5850, 6105, 6106, -1,
      5850, 6106, 5851, -1,
      5851, 6106, 6107, -1,
      5851, 6107, 5852, -1,
      5852, 6107, 6108, -1,
      5852, 6108, 5853, -1,
      5853, 6108, 6109, -1,
      5853, 6109, 5854, -1,
      5854, 6109, 6110, -1,
      5854, 6110, 5855, -1,
      5855, 6110, 6111, -1,
      5855, 6111, 5856, -1,
      5856, 6111, 6112, -1,
      5856, 6112, 5857, -1,
      5857, 6112, 6113, -1,
      5857, 6113, 5858, -1,
      5858, 6113, 6114, -1,
      5858, 6114, 5859, -1,
      5859, 6114, 6115, -1,
      5859, 6115, 5860, -1,
      5860, 6115, 6116, -1,
      5860, 6116, 5861, -1,
      5861, 6116, 6117, -1,
      5861, 6117, 5862, -1,
      5862, 6117, 6118, -1,
      5862, 6118, 5863, -1,
      5863, 6118, 6119, -1,
      5863, 6119, 5864, -1,
      5864, 6119, 6120, -1,
      5864, 6120, 5865, -1,
      5865, 6120, 6121, -1,
      5865, 6121, 5866, -1,
      5866, 6121, 6122, -1,
      5866, 6122, 5867, -1,
      5867, 6122, 6123, -1,
      5867, 6123, 5868, -1,
      5868, 6123, 6124, -1,
      5868, 6124, 5869, -1,
      5869, 6124, 6125, -1,
      5869, 6125, 5870, -1,
      5870, 6125, 6126, -1,
      5870, 6126, 5871, -1,
      5871, 6126, 6127, -1,
      5871, 6127, 5872, -1,
      5872, 6127, 6128, -1,
      5872, 6128, 5873, -1,
      5873, 6128, 6129, -1,
      5873, 6129, 5874, -1,
      5874, 6129, 6130, -1,
      5874, 6130, 5875, -1,
      5875, 6130, 6131, -1,
      5875, 6131, 5876, -1,
      5876, 6131, 6132, -1,
      5876, 6132, 5877, -1,
      5877, 6132, 6133, -1,
      5877, 6133, 5878, -1,
      5878, 6133, 6134, -1,
      5878, 6134, 5879, -1,
      5879, 6134, 6135, -1,
      5879, 6135, 5880, -1,
      5880, 6135, 6136, -1,
      5880, 6136, 5881, -1,
      5881, 6136, 6137, -1,
      5881, 6137, 5882, -1,
      5882, 6137, 6138, -1,
      5882, 6138, 5883, -1,
      5883, 6138, 6139, -1,
      5883, 6139, 5884, -1,
      5884, 6139, 6140, -1,
      5884, 6140, 5885, -1,
      5885, 6140, 6141, -1,
      5885, 6141, 5886, -1,
      5886, 6141, 6142, -1,
      5886, 6142, 5887, -1,
      5887, 6142, 6143, -1,
      5887, 6143, 5888, -1,
      5888, 6143, 6144, -1,
      5888, 6144, 5889, -1,
      5889, 6144, 6145, -1,
      5889, 6145, 5890, -1,
      5890, 6145, 6146, -1,
      5890, 6146, 5891, -1,
      5891, 6146, 6147, -1,
      5891, 6147, 5892, -1,
      5892, 6147, 6148, -1,
      5892, 6148, 5893, -1,
      5893, 6148, 6149, -1,
      5893, 6149, 5894, -1,
      5894, 6149, 6150, -1,
      5894, 6150, 5895, -1,
      5895, 6150, 6151, -1,
      5895, 6151, 5896, -1,
      5896, 6151, 6152, -1,
      5896, 6152, 5897, -1,
      5897, 6152, 6153, -1,
      5897, 6153, 5898, -1,
      5898, 6153, 6154, -1,
      5898, 6154, 5899, -1,
      5899, 6154, 6155, -1,
      5899, 6155, 5900, -1,
      5900, 6155, 6156, -1,
      5900, 6156, 5901, -1,
      5901, 6156, 6157, -1,
      5901, 6157, 5902, -1,
      5902, 6157, 6158, -1,
      5902, 6158, 5903, -1,
      5903, 6158, 6159, -1,
      5903, 6159, 5904, -1,
      5904, 6159, 6160, -1,
      5904, 6160, 5905, -1,
      5905, 6160, 6161, -1,
      5905, 6161, 5906, -1,
      5906, 6161, 6162, -1,
      5906, 6162, 5907, -1,
      5907, 6162, 6163, -1,
      5907, 6163, 5908, -1,
      5908, 6163, 6164, -1,
      5908, 6164, 5909, -1,
      5909, 6164, 6165, -1,
      5909, 6165, 5910, -1,
      5910, 6165, 6166, -1,
      5910, 6166, 5911, -1,
      5911, 6166, 6167, -1,
      5911, 6167, 5912, -1,
      5912, 6167, 6168, -1,
      5912, 6168, 5913, -1,
      5913, 6168, 6169, -1,
      5913, 6169, 5914, -1,
      5914, 6169, 6170, -1,
      5914, 6170, 5915, -1,
      5915, 6170, 6171, -1,
      361, 366, 6172, -1,
      6172, 366, 5916, -1,
      6172, 5916, 6173, -1,
      6173, 5916, 5917, -1,
      6173, 5917, 6174, -1,
      6174, 5917, 5918, -1,
      6174, 5918, 6175, -1,
      6175, 5918, 5919, -1,
      6175, 5919, 6176, -1,
      6176, 5919, 5920, -1,
      6176, 5920, 6177, -1,
      6177, 5920, 5921, -1,
      6177, 5921, 6178, -1,
      6178, 5921, 5922, -1,
      6178, 5922, 6179, -1,
      6179, 5922, 5923, -1,
      6179, 5923, 6180, -1,
      6180, 5923, 5924, -1,
      6180, 5924, 6181, -1,
      6181, 5924, 5925, -1,
      6181, 5925, 6182, -1,
      6182, 5925, 5926, -1,
      6182, 5926, 6183, -1,
      6183, 5926, 5927, -1,
      6183, 5927, 6184, -1,
      6184, 5927, 5928, -1,
      6184, 5928, 6185, -1,
      6185, 5928, 5929, -1,
      6185, 5929, 6186, -1,
      6186, 5929, 5930, -1,
      6186, 5930, 6187, -1,
      6187, 5930, 5931, -1,
      6187, 5931, 6188, -1,
      6188, 5931, 5932, -1,
      6188, 5932, 6189, -1,
      6189, 5932, 5933, -1,
      6189, 5933, 6190, -1,
      6190, 5933, 5934, -1,
      6190, 5934, 6191, -1,
      6191, 5934, 5935, -1,
      6191, 5935, 6192, -1,
      6192, 5935, 5936, -1,
      6192, 5936, 6193, -1,
      6193, 5936, 5937, -1,
      6193, 5937, 6194, -1,
      6194, 5937, 5938, -1,
      6194, 5938, 6195, -1,
      6195, 5938, 5939, -1,
      6195, 5939, 6196, -1,
      6196, 5939, 5940, -1,
      6196, 5940, 6197, -1,
      6197, 5940, 5941, -1,
      6197, 5941, 6198, -1,
      6198, 5941, 5942, -1,
      6198, 5942, 6199, -1,
      6199, 5942, 5943, -1,
      6199, 5943, 6200, -1,
      6200, 5943, 5944, -1,
      6200, 5944, 6201, -1,
      6201, 5944, 5945, -1,
      6201, 5945, 6202, -1,
      6202, 5945, 5946, -1,
      6202, 5946, 6203, -1,
      6203, 5946, 5947, -1,
      6203, 5947, 6204, -1,
      6204, 5947, 5948, -1,
      6204, 5948, 6205, -1,
      6205, 5948, 5949, -1,
      6205, 5949, 6206, -1,
      6206, 5949, 5950, -1,
      6206, 5950, 6207, -1,
      6207, 5950, 5951, -1,
      6207, 5951, 6208, -1,
      6208, 5951, 5952, -1,
      6208, 5952, 6209, -1,
      6209, 5952, 5953, -1,
      6209, 5953, 6210, -1,
      6210, 5953, 5954, -1,
      6210, 5954, 6211, -1,
      6211, 5954, 5955, -1,
      6211, 5955, 6212, -1,
      6212, 5955, 5956, -1,
      6212, 5956, 6213, -1,
      6213, 5956, 5957, -1,
      6213, 5957, 6214, -1,
      6214, 5957, 5958, -1,
      6214, 5958, 6215, -1,
      6215, 5958, 5959, -1,
      6215, 5959, 6216, -1,
      6216, 5959, 5960, -1,
      6216, 5960, 6217, -1,
      6217, 5960, 5961, -1,
      6217, 5961, 6218, -1,
      6218, 5961, 5962, -1,
      6218, 5962, 6219, -1,
      6219, 5962, 5963, -1,
      6219, 5963, 6220, -1,
      6220, 5963, 5964, -1,
      6220, 5964, 6221, -1,
      6221, 5964, 5965, -1,
      6221, 5965, 6222, -1,
      6222, 5965, 5966, -1,
      6222, 5966, 6223, -1,
      6223, 5966, 5967, -1,
      6223, 5967, 6224, -1,
      6224, 5967, 5968, -1,
      6224, 5968, 6225, -1,
      6225, 5968, 5969, -1,
      6225, 5969, 6226, -1,
      6226, 5969, 5970, -1,
      6226, 5970, 6227, -1,
      6227, 5970, 5971, -1,
      6227, 5971, 6228, -1,
      6228, 5971, 5972, -1,
      6228, 5972, 6229, -1,
      6229, 5972, 5973, -1,
      6229, 5973, 6230, -1,
      6230, 5973, 5974, -1,
      6230, 5974, 6231, -1,
      6231, 5974, 5975, -1,
      6231, 5975, 6232, -1,
      6232, 5975, 5976, -1,
      6232, 5976, 6233, -1,
      6233, 5976, 5977, -1,
      6233, 5977, 6234, -1,
      6234, 5977, 5978, -1,
      6234, 5978, 6235, -1,
      6235, 5978, 5979, -1,
      6235, 5979, 6236, -1,
      6236, 5979, 5980, -1,
      6236, 5980, 6237, -1,
      6237, 5980, 5981, -1,
      6237, 5981, 6238, -1,
      6238, 5981, 5982, -1,
      6238, 5982, 6239, -1,
      6239, 5982, 5983, -1,
      6239, 5983, 6240, -1,
      6240, 5983, 5984, -1,
      6240, 5984, 6241, -1,
      6241, 5984, 5985, -1,
      6241, 5985, 6242, -1,
      6242, 5985, 5986, -1,
      6242, 5986, 6243, -1,
      6243, 5986, 5987, -1,
      6243, 5987, 6244, -1,
      6244, 5987, 5988, -1,
      6244, 5988, 6245, -1,
      6245, 5988, 5989, -1,
      6245, 5989, 6246, -1,
      6246, 5989, 5990, -1,
      6246, 5990, 6247, -1,
      6247, 5990, 5991, -1,
      6247, 5991, 6248, -1,
      6248, 5991, 5992, -1,
      6248, 5992, 6249, -1,
      6249, 5992, 5993, -1,
      6249, 5993, 6250, -1,
      6250, 5993, 5994, -1,
      6250, 5994, 6251, -1,
      6251, 5994, 5995, -1,
      6251, 5995, 6252, -1,
      6252, 5995, 5996, -1,
      6252, 5996, 6253, -1,
      6253, 5996, 5997, -1,
      6253, 5997, 6254, -1,
      6254, 5997, 5998, -1,
      6254, 5998, 6255, -1,
      6255, 5998, 5999, -1,
      6255, 5999, 6256, -1,
      6256, 5999, 6000, -1,
      6256, 6000, 6257, -1,
      6257, 6000, 6001, -1,
      6257, 6001, 6258, -1,
      6258, 6001, 6002, -1,
      6258, 6002, 6259, -1,
      6259, 6002, 6003, -1,
      6259, 6003, 6260, -1,
      6260, 6003, 6004, -1,
      6260, 6004, 6261, -1,
      6261, 6004, 6005, -1,
      6261, 6005, 6262, -1,
      6262, 6005, 6006, -1,
      6262, 6006, 6263, -1,
      6263, 6006, 6007, -1,
      6263, 6007, 6264, -1,
      6264, 6007, 6008, -1,
      6264, 6008, 6265, -1,
      6265, 6008, 6009, -1,
      6265, 6009, 6266, -1,
      6266, 6009, 6010, -1,
      6266, 6010, 6267, -1,
      6267, 6010, 6011, -1,
      6267, 6011, 6268, -1,
      6268, 6011, 6012, -1,
      6268, 6012, 6269, -1,
      6269, 6012, 6013, -1,
      6269, 6013, 6270, -1,
      6270, 6013, 6014, -1,
      6270, 6014, 6271, -1,
      6271, 6014, 6015, -1,
      6271, 6015, 6272, -1,
      6272, 6015, 6016, -1,
      6272, 6016, 6273, -1,
      6273, 6016, 6017, -1,
      6273, 6017, 6274, -1,
      6274, 6017, 6018, -1,
      6274, 6018, 6275, -1,
      6275, 6018, 6019, -1,
      6275, 6019, 6276, -1,
      6276, 6019, 6020, -1,
      6276, 6020, 6277, -1,
      6277, 6020, 6021, -1,
      6277, 6021, 6278, -1,
      6278, 6021, 6022, -1,
      6278, 6022, 6279, -1,
      6279, 6022, 6023, -1,
      6279, 6023, 6280, -1,
      6280, 6023, 6024, -1,
      6280, 6024, 6281, -1,
      6281, 6024, 6025, -1,
      6281, 6025, 6282, -1,
      6282, 6025, 6026, -1,
      6282, 6026, 6283, -1,
      6283, 6026, 6027, -1,
      6283, 6027, 6284, -1,
      6284, 6027, 6028, -1,
      6284, 6028, 6285, -1,
      6285, 6028, 6029, -1,
      6285, 6029, 6286, -1,
      6286, 6029, 6030, -1,
      6286, 6030, 6287, -1,
      6287, 6030, 6031, -1,
      6287, 6031, 6288, -1,
      6288, 6031, 6032, -1,
      6288, 6032, 6289, -1,
      6289, 6032, 6033, -1,
      6289, 6033, 6290, -1,
      6290, 6033, 6034, -1,
      6290, 6034, 6291, -1,
      6291, 6034, 6035, -1,
      6291, 6035, 6292, -1,
      6292, 6035, 6036, -1,
      6292, 6036, 6293, -1,
      6293, 6036, 6037, -1,
      6293, 6037, 6294, -1,
      6294, 6037, 6038, -1,
      6294, 6038, 6295, -1,
      6295, 6038, 6039, -1,
      6295, 6039, 6296, -1,
      6296, 6039, 6040, -1,
      6296, 6040, 6297, -1,
      6297, 6040, 6041, -1,
      6297, 6041, 6298, -1,
      6298, 6041, 6042, -1,
      6298, 6042, 6299, -1,
      6299, 6042, 6043, -1,
      408, 407, 6044, -1,
      6044, 407, 6300, -1,
      6044, 6300, 6045, -1,
      6045, 6300, 6301, -1,
      6045, 6301, 6046, -1,
      6046, 6301, 6302, -1,
      6046, 6302, 6047, -1,
      6047, 6302, 6303, -1,
      6047, 6303, 6048, -1,
      6048, 6303, 6304, -1,
      6048, 6304, 6049, -1,
      6049, 6304, 6305, -1,
      6049, 6305, 6050, -1,
      6050, 6305, 6306, -1,
      6050, 6306, 6051, -1,
      6051, 6306, 6307, -1,
      6051, 6307, 6052, -1,
      6052, 6307, 6308, -1,
      6052, 6308, 6053, -1,
      6053, 6308, 6309, -1,
      6053, 6309, 6054, -1,
      6054, 6309, 6310, -1,
      6054, 6310, 6055, -1,
      6055, 6310, 6311, -1,
      6055, 6311, 6056, -1,
      6056, 6311, 6312, -1,
      6056, 6312, 6057, -1,
      6057, 6312, 6313, -1,
      6057, 6313, 6058, -1,
      6058, 6313, 6314, -1,
      6058, 6314, 6059, -1,
      6059, 6314, 6315, -1,
      6059, 6315, 6060, -1,
      6060, 6315, 6316, -1,
      6060, 6316, 6061, -1,
      6061, 6316, 6317, -1,
      6061, 6317, 6062, -1,
      6062, 6317, 6318, -1,
      6062, 6318, 6063, -1,
      6063, 6318, 6319, -1,
      6063, 6319, 6064, -1,
      6064, 6319, 6320, -1,
      6064, 6320, 6065, -1,
      6065, 6320, 6321, -1,
      6065, 6321, 6066, -1,
      6066, 6321, 6322, -1,
      6066, 6322, 6067, -1,
      6067, 6322, 6323, -1,
      6067, 6323, 6068, -1,
      6068, 6323, 6324, -1,
      6068, 6324, 6069, -1,
      6069, 6324, 6325, -1,
      6069, 6325, 6070, -1,
      6070, 6325, 6326, -1,
      6070, 6326, 6071, -1,
      6071, 6326, 6327, -1,
      6071, 6327, 6072, -1,
      6072, 6327, 6328, -1,
      6072, 6328, 6073, -1,
      6073, 6328, 6329, -1,
      6073, 6329, 6074, -1,
      6074, 6329, 6330, -1,
      6074, 6330, 6075, -1,
      6075, 6330, 6331, -1,
      6075, 6331, 6076, -1,
      6076, 6331, 6332, -1,
      6076, 6332, 6077, -1,
      6077, 6332, 6333, -1,
      6077, 6333, 6078, -1,
      6078, 6333, 6334, -1,
      6078, 6334, 6079, -1,
      6079, 6334, 6335, -1,
      6079, 6335, 6080, -1,
      6080, 6335, 6336, -1,
      6080, 6336, 6081, -1,
      6081, 6336, 6337, -1,
      6081, 6337, 6082, -1,
      6082, 6337, 6338, -1,
      6082, 6338, 6083, -1,
      6083, 6338, 6339, -1,
      6083, 6339, 6084, -1,
      6084, 6339, 6340, -1,
      6084, 6340, 6085, -1,
      6085, 6340, 6341, -1,
      6085, 6341, 6086, -1,
      6086, 6341, 6342, -1,
      6086, 6342, 6087, -1,
      6087, 6342, 6343, -1,
      6087, 6343, 6088, -1,
      6088, 6343, 6344, -1,
      6088, 6344, 6089, -1,
      6089, 6344, 6345, -1,
      6089, 6345, 6090, -1,
      6090, 6345, 6346, -1,
      6090, 6346, 6091, -1,
      6091, 6346, 6347, -1,
      6091, 6347, 6092, -1,
      6092, 6347, 6348, -1,
      6092, 6348, 6093, -1,
      6093, 6348, 6349, -1,
      6093, 6349, 6094, -1,
      6094, 6349, 6350, -1,
      6094, 6350, 6095, -1,
      6095, 6350, 6351, -1,
      6095, 6351, 6096, -1,
      6096, 6351, 6352, -1,
      6096, 6352, 6097, -1,
      6097, 6352, 6353, -1,
      6097, 6353, 6098, -1,
      6098, 6353, 6354, -1,
      6098, 6354, 6099, -1,
      6099, 6354, 6355, -1,
      6099, 6355, 6100, -1,
      6100, 6355, 6356, -1,
      6100, 6356, 6101, -1,
      6101, 6356, 6357, -1,
      6101, 6357, 6102, -1,
      6102, 6357, 6358, -1,
      6102, 6358, 6103, -1,
      6103, 6358, 6359, -1,
      6103, 6359, 6104, -1,
      6104, 6359, 6360, -1,
      6104, 6360, 6105, -1,
      6105, 6360, 6361, -1,
      6105, 6361, 6106, -1,
      6106, 6361, 6362, -1,
      6106, 6362, 6107, -1,
      6107, 6362, 6363, -1,
      6107, 6363, 6108, -1,
      6108, 6363, 6364, -1,
      6108, 6364, 6109, -1,
      6109, 6364, 6365, -1,
      6109, 6365, 6110, -1,
      6110, 6365, 6366, -1,
      6110, 6366, 6111, -1,
      6111, 6366, 6367, -1,
      6111, 6367, 6112, -1,
      6112, 6367, 6368, -1,
      6112, 6368, 6113, -1,
      6113, 6368, 6369, -1,
      6113, 6369, 6114, -1,
      6114, 6369, 6370, -1,
      6114, 6370, 6115, -1,
      6115, 6370, 6371, -1,
      6115, 6371, 6116, -1,
      6116, 6371, 6372, -1,
      6116, 6372, 6117, -1,
      6117, 6372, 6373, -1,
      6117, 6373, 6118, -1,
      6118, 6373, 6374, -1,
      6118, 6374, 6119, -1,
      6119, 6374, 6375, -1,
      6119, 6375, 6120, -1,
      6120, 6375, 6376, -1,
      6120, 6376, 6121, -1,
      6121, 6376, 6377, -1,
      6121, 6377, 6122, -1,
      6122, 6377, 6378, -1,
      6122, 6378, 6123, -1,
      6123, 6378, 6379, -1,
      6123, 6379, 6124, -1,
      6124, 6379, 6380, -1,
      6124, 6380, 6125, -1,
      6125, 6380, 6381, -1,
      6125, 6381, 6126, -1,
      6126, 6381, 6382, -1,
      6126, 6382, 6127, -1,
      6127, 6382, 6383, -1,
      6127, 6383, 6128, -1,
      6128, 6383, 6384, -1,
      6128, 6384, 6129, -1,
      6129, 6384, 6385, -1,
      6129, 6385, 6130, -1,
      6130, 6385, 6386, -1,
      6130, 6386, 6131, -1,
      6131, 6386, 6387, -1,
      6131, 6387, 6132, -1,
      6132, 6387, 6388, -1,
      6132, 6388, 6133, -1,
      6133, 6388, 6389, -1,
      6133, 6389, 6134, -1,
      6134, 6389, 6390, -1,
      6134, 6390, 6135, -1,
      6135, 6390, 6391, -1,
      6135, 6391, 6136, -1,
      6136, 6391, 6392, -1,
      6136, 6392, 6137, -1,
      6137, 6392, 6393, -1,
      6137, 6393, 6138, -1,
      6138, 6393, 6394, -1,
      6138, 6394, 6139, -1,
      6139, 6394, 6395, -1,
      6139, 6395, 6140, -1,
      6140, 6395, 6396, -1,
      6140, 6396, 6141, -1,
      6141, 6396, 6397, -1,
      6141, 6397, 6142, -1,
      6142, 6397, 6398, -1,
      6142, 6398, 6143, -1,
      6143, 6398, 6399, -1,
      6143, 6399, 6144, -1,
      6144, 6399, 6400, -1,
      6144, 6400, 6145, -1,
      6145, 6400, 6401, -1,
      6145, 6401, 6146, -1,
      6146, 6401, 6402, -1,
      6146, 6402, 6147, -1,
      6147, 6402, 6403, -1,
      6147, 6403, 6148, -1,
      6148, 6403, 6404, -1,
      6148, 6404, 6149, -1,
      6149, 6404, 6405, -1,
      6149, 6405, 6150, -1,
      6150, 6405, 6406, -1,
      6150, 6406, 6151, -1,
      6151, 6406, 6407, -1,
      6151, 6407, 6152, -1,
      6152, 6407, 6408, -1,
      6152, 6408, 6153, -1,
      6153, 6408, 6409, -1,
      6153, 6409, 6154, -1,
      6154, 6409, 6410, -1,
      6154, 6410, 6155, -1,
      6155, 6410, 6411, -1,
      6155, 6411, 6156, -1,
      6156, 6411, 6412, -1,
      6156, 6412, 6157, -1,
      6157, 6412, 6413, -1,
      6157, 6413, 6158, -1,
      6158, 6413, 6414, -1,
      6158, 6414, 6159, -1,
      6159, 6414, 6415, -1,
      6159, 6415, 6160, -1,
      6160, 6415, 6416, -1,
      6160, 6416, 6161, -1,
      6161, 6416, 6417, -1,
      6161, 6417, 6162, -1,
      6162, 6417, 6418, -1,
      6162, 6418, 6163, -1,
      6163, 6418, 6419, -1,
      6163, 6419, 6164, -1,
      6164, 6419, 6420, -1,
      6164, 6420, 6165, -1,
      6165, 6420, 6421, -1,
      6165, 6421, 6166, -1,
      6166, 6421, 6422, -1,
      6166, 6422, 6167, -1,
      6167, 6422, 6423, -1,
      6167, 6423, 6168, -1,
      6168, 6423, 6424, -1,
      6168, 6424, 6169, -1,
      6169, 6424, 6425, -1,
      6169, 6425, 6170, -1,
      6170, 6425, 6426, -1,
      6170, 6426, 6171, -1,
      6171, 6426, 6427, -1,
      362, 361, 6428, -1,
      6428, 361, 6172, -1,
      6428, 6172, 6429, -1,
      6429, 6172, 6173, -1,
      6429, 6173, 6430, -1,
      6430, 6173, 6174, -1,
      6430, 6174, 6431, -1,
      6431, 6174, 6175, -1,
      6431, 6175, 6432, -1,
      6432, 6175, 6176, -1,
      6432, 6176, 6433, -1,
      6433, 6176, 6177, -1,
      6433, 6177, 6434, -1,
      6434, 6177, 6178, -1,
      6434, 6178, 6435, -1,
      6435, 6178, 6179, -1,
      6435, 6179, 6436, -1,
      6436, 6179, 6180, -1,
      6436, 6180, 6437, -1,
      6437, 6180, 6181, -1,
      6437, 6181, 6438, -1,
      6438, 6181, 6182, -1,
      6438, 6182, 6439, -1,
      6439, 6182, 6183, -1,
      6439, 6183, 6440, -1,
      6440, 6183, 6184, -1,
      6440, 6184, 6441, -1,
      6441, 6184, 6185, -1,
      6441, 6185, 6442, -1,
      6442, 6185, 6186, -1,
      6442, 6186, 6443, -1,
      6443, 6186, 6187, -1,
      6443, 6187, 6444, -1,
      6444, 6187, 6188, -1,
      6444, 6188, 6445, -1,
      6445, 6188, 6189, -1,
      6445, 6189, 6446, -1,
      6446, 6189, 6190, -1,
      6446, 6190, 6447, -1,
      6447, 6190, 6191, -1,
      6447, 6191, 6448, -1,
      6448, 6191, 6192, -1,
      6448, 6192, 6449, -1,
      6449, 6192, 6193, -1,
      6449, 6193, 6450, -1,
      6450, 6193, 6194, -1,
      6450, 6194, 6451, -1,
      6451, 6194, 6195, -1,
      6451, 6195, 6452, -1,
      6452, 6195, 6196, -1,
      6452, 6196, 6453, -1,
      6453, 6196, 6197, -1,
      6453, 6197, 6454, -1,
      6454, 6197, 6198, -1,
      6454, 6198, 6455, -1,
      6455, 6198, 6199, -1,
      6455, 6199, 6456, -1,
      6456, 6199, 6200, -1,
      6456, 6200, 6457, -1,
      6457, 6200, 6201, -1,
      6457, 6201, 6458, -1,
      6458, 6201, 6202, -1,
      6458, 6202, 6459, -1,
      6459, 6202, 6203, -1,
      6459, 6203, 6460, -1,
      6460, 6203, 6204, -1,
      6460, 6204, 6461, -1,
      6461, 6204, 6205, -1,
      6461, 6205, 6462, -1,
      6462, 6205, 6206, -1,
      6462, 6206, 6463, -1,
      6463, 6206, 6207, -1,
      6463, 6207, 6464, -1,
      6464, 6207, 6208, -1,
      6464, 6208, 6465, -1,
      6465, 6208, 6209, -1,
      6465, 6209, 6466, -1,
      6466, 6209, 6210, -1,
      6466, 6210, 6467, -1,
      6467, 6210, 6211, -1,
      6467, 6211, 6468, -1,
      6468, 6211, 6212, -1,
      6468, 6212, 6469, -1,
      6469, 6212, 6213, -1,
      6469, 6213, 6470, -1,
      6470, 6213, 6214, -1,
      6470, 6214, 6471, -1,
      6471, 6214, 6215, -1,
      6471, 6215, 6472, -1,
      6472, 6215, 6216, -1,
      6472, 6216, 6473, -1,
      6473, 6216, 6217, -1,
      6473, 6217, 6474, -1,
      6474, 6217, 6218, -1,
      6474, 6218, 6475, -1,
      6475, 6218, 6219, -1,
      6475, 6219, 6476, -1,
      6476, 6219, 6220, -1,
      6476, 6220, 6477, -1,
      6477, 6220, 6221, -1,
      6477, 6221, 6478, -1,
      6478, 6221, 6222, -1,
      6478, 6222, 6479, -1,
      6479, 6222, 6223, -1,
      6479, 6223, 6480, -1,
      6480, 6223, 6224, -1,
      6480, 6224, 6481, -1,
      6481, 6224, 6225, -1,
      6481, 6225, 6482, -1,
      6482, 6225, 6226, -1,
      6482, 6226, 6483, -1,
      6483, 6226, 6227, -1,
      6483, 6227, 6484, -1,
      6484, 6227, 6228, -1,
      6484, 6228, 6485, -1,
      6485, 6228, 6229, -1,
      6485, 6229, 6486, -1,
      6486, 6229, 6230, -1,
      6486, 6230, 6487, -1,
      6487, 6230, 6231, -1,
      6487, 6231, 6488, -1,
      6488, 6231, 6232, -1,
      6488, 6232, 6489, -1,
      6489, 6232, 6233, -1,
      6489, 6233, 6490, -1,
      6490, 6233, 6234, -1,
      6490, 6234, 6491, -1,
      6491, 6234, 6235, -1,
      6491, 6235, 6492, -1,
      6492, 6235, 6236, -1,
      6492, 6236, 6493, -1,
      6493, 6236, 6237, -1,
      6493, 6237, 6494, -1,
      6494, 6237, 6238, -1,
      6494, 6238, 6495, -1,
      6495, 6238, 6239, -1,
      6495, 6239, 6496, -1,
      6496, 6239, 6240, -1,
      6496, 6240, 6497, -1,
      6497, 6240, 6241, -1,
      6497, 6241, 6498, -1,
      6498, 6241, 6242, -1,
      6498, 6242, 6499, -1,
      6499, 6242, 6243, -1,
      6499, 6243, 6500, -1,
      6500, 6243, 6244, -1,
      6500, 6244, 6501, -1,
      6501, 6244, 6245, -1,
      6501, 6245, 6502, -1,
      6502, 6245, 6246, -1,
      6502, 6246, 6503, -1,
      6503, 6246, 6247, -1,
      6503, 6247, 6504, -1,
      6504, 6247, 6248, -1,
      6504, 6248, 6505, -1,
      6505, 6248, 6249, -1,
      6505, 6249, 6506, -1,
      6506, 6249, 6250, -1,
      6506, 6250, 6507, -1,
      6507, 6250, 6251, -1,
      6507, 6251, 6508, -1,
      6508, 6251, 6252, -1,
      6508, 6252, 6509, -1,
      6509, 6252, 6253, -1,
      6509, 6253, 6510, -1,
      6510, 6253, 6254, -1,
      6510, 6254, 6511, -1,
      6511, 6254, 6255, -1,
      6511, 6255, 6512, -1,
      6512, 6255, 6256, -1,
      6512, 6256, 6513, -1,
      6513, 6256, 6257, -1,
      6513, 6257, 6514, -1,
      6514, 6257, 6258, -1,
      6514, 6258, 6515, -1,
      6515, 6258, 6259, -1,
      6515, 6259, 6516, -1,
      6516, 6259, 6260, -1,
      6516, 6260, 6517, -1,
      6517, 6260, 6261, -1,
      6517, 6261, 6518, -1,
      6518, 6261, 6262, -1,
      6518, 6262, 6519, -1,
      6519, 6262, 6263, -1,
      6519, 6263, 6520, -1,
      6520, 6263, 6264, -1,
      6520, 6264, 6521, -1,
      6521, 6264, 6265, -1,
      6521, 6265, 6522, -1,
      6522, 6265, 6266, -1,
      6522, 6266, 6523, -1,
      6523, 6266, 6267, -1,
      6523, 6267, 6524, -1,
      6524, 6267, 6268, -1,
      6524, 6268, 6525, -1,
      6525, 6268, 6269, -1,
      6525, 6269, 6526, -1,
      6526, 6269, 6270, -1,
      6526, 6270, 6527, -1,
      6527, 6270, 6271, -1,
      6527, 6271, 6528, -1,
      6528, 6271, 6272, -1,
      6528, 6272, 6529, -1,
      6529, 6272, 6273, -1,
      6529, 6273, 6530, -1,
      6530, 6273, 6274, -1,
      6530, 6274, 6531, -1,
      6531, 6274, 6275, -1,
      6531, 6275, 6532, -1,
      6532, 6275, 6276, -1,
      6532, 6276, 6533, -1,
      6533, 6276, 6277, -1,
      6533, 6277, 6534, -1,
      6534, 6277, 6278, -1,
      6534, 6278, 6535, -1,
      6535, 6278, 6279, -1,
      6535, 6279, 6536, -1,
      6536, 6279, 6280, -1,
      6536, 6280, 6537, -1,
      6537, 6280, 6281, -1,
      6537, 6281, 6538, -1,
      6538, 6281, 6282, -1,
      6538, 6282, 6539, -1,
      6539, 6282, 6283, -1,
      6539, 6283, 6540, -1,
      6540, 6283, 6284, -1,
      6540, 6284, 6541, -1,
      6541, 6284, 6285, -1,
      6541, 6285, 6542, -1,
      6542, 6285, 6286, -1,
      6542, 6286, 6543, -1,
      6543, 6286, 6287, -1,
      6543, 6287, 6544, -1,
      6544, 6287, 6288, -1,
      6544, 6288, 6545, -1,
      6545, 6288, 6289, -1,
      6545, 6289, 6546, -1,
      6546, 6289, 6290, -1,
      6546, 6290, 6547, -1,
      6547, 6290, 6291, -1,
      6547, 6291, 6548, -1,
      6548, 6291, 6292, -1,
      6548, 6292, 6549, -1,
      6549, 6292, 6293, -1,
      6549, 6293, 6550, -1,
      6550, 6293, 6294, -1,
      6550, 6294, 6551, -1,
      6551, 6294, 6295, -1,
      6551, 6295, 6552, -1,
      6552, 6295, 6296, -1,
      6552, 6296, 6553, -1,
      6553, 6296, 6297, -1,
      6553, 6297, 6554, -1,
      6554, 6297, 6298, -1,
      6554, 6298, 6555, -1,
      6555, 6298, 6299, -1,
      407, 411, 6300, -1,
      6300, 411, 6556, -1,
      6300, 6556, 6301, -1,
      6301, 6556, 6557, -1,
      6301, 6557, 6302, -1,
      6302, 6557, 6558, -1,
      6302, 6558, 6303, -1,
      6303, 6558, 6559, -1,
      6303, 6559, 6304, -1,
      6304, 6559, 6560, -1,
      6304, 6560, 6305, -1,
      6305, 6560, 6561, -1,
      6305, 6561, 6306, -1,
      6306, 6561, 6562, -1,
      6306, 6562, 6307, -1,
      6307, 6562, 6563, -1,
      6307, 6563, 6308, -1,
      6308, 6563, 6564, -1,
      6308, 6564, 6309, -1,
      6309, 6564, 6565, -1,
      6309, 6565, 6310, -1,
      6310, 6565, 6566, -1,
      6310, 6566, 6311, -1,
      6311, 6566, 6567, -1,
      6311, 6567, 6312, -1,
      6312, 6567, 6568, -1,
      6312, 6568, 6313, -1,
      6313, 6568, 6569, -1,
      6313, 6569, 6314, -1,
      6314, 6569, 6570, -1,
      6314, 6570, 6315, -1,
      6315, 6570, 6571, -1,
      6315, 6571, 6316, -1,
      6316, 6571, 6572, -1,
      6316, 6572, 6317, -1,
      6317, 6572, 6573, -1,
      6317, 6573, 6318, -1,
      6318, 6573, 6574, -1,
      6318, 6574, 6319, -1,
      6319, 6574, 6575, -1,
      6319, 6575, 6320, -1,
      6320, 6575, 6576, -1,
      6320, 6576, 6321, -1,
      6321, 6576, 6577, -1,
      6321, 6577, 6322, -1,
      6322, 6577, 6578, -1,
      6322, 6578, 6323, -1,
      6323, 6578, 6579, -1,
      6323, 6579, 6324, -1,
      6324, 6579, 6580, -1,
      6324, 6580, 6325, -1,
      6325, 6580, 6581, -1,
      6325, 6581, 6326, -1,
      6326, 6581, 6582, -1,
      6326, 6582, 6327, -1,
      6327, 6582, 6583, -1,
      6327, 6583, 6328, -1,
      6328, 6583, 6584, -1,
      6328, 6584, 6329, -1,
      6329, 6584, 6585, -1,
      6329, 6585, 6330, -1,
      6330, 6585, 6586, -1,
      6330, 6586, 6331, -1,
      6331, 6586, 6587, -1,
      6331, 6587, 6332, -1,
      6332, 6587, 6588, -1,
      6332, 6588, 6333, -1,
      6333, 6588, 6589, -1,
      6333, 6589, 6334, -1,
      6334, 6589, 6590, -1,
      6334, 6590, 6335, -1,
      6335, 6590, 6591, -1,
      6335, 6591, 6336, -1,
      6336, 6591, 6592, -1,
      6336, 6592, 6337, -1,
      6337, 6592, 6593, -1,
      6337, 6593, 6338, -1,
      6338, 6593, 6594, -1,
      6338, 6594, 6339, -1,
      6339, 6594, 6595, -1,
      6339, 6595, 6340, -1,
      6340, 6595, 6596, -1,
      6340, 6596, 6341, -1,
      6341, 6596, 6597, -1,
      6341, 6597, 6342, -1,
      6342, 6597, 6598, -1,
      6342, 6598, 6343, -1,
      6343, 6598, 6599, -1,
      6343, 6599, 6344, -1,
      6344, 6599, 6600, -1,
      6344, 6600, 6345, -1,
      6345, 6600, 6601, -1,
      6345, 6601, 6346, -1,
      6346, 6601, 6602, -1,
      6346, 6602, 6347, -1,
      6347, 6602, 6603, -1,
      6347, 6603, 6348, -1,
      6348, 6603, 6604, -1,
      6348, 6604, 6349, -1,
      6349, 6604, 6605, -1,
      6349, 6605, 6350, -1,
      6350, 6605, 6606, -1,
      6350, 6606, 6351, -1,
      6351, 6606, 6607, -1,
      6351, 6607, 6352, -1,
      6352, 6607, 6608, -1,
      6352, 6608, 6353, -1,
      6353, 6608, 6609, -1,
      6353, 6609, 6354, -1,
      6354, 6609, 6610, -1,
      6354, 6610, 6355, -1,
      6355, 6610, 6611, -1,
      6355, 6611, 6356, -1,
      6356, 6611, 6612, -1,
      6356, 6612, 6357, -1,
      6357, 6612, 6613, -1,
      6357, 6613, 6358, -1,
      6358, 6613, 6614, -1,
      6358, 6614, 6359, -1,
      6359, 6614, 6615, -1,
      6359, 6615, 6360, -1,
      6360, 6615, 6616, -1,
      6360, 6616, 6361, -1,
      6361, 6616, 6617, -1,
      6361, 6617, 6362, -1,
      6362, 6617, 6618, -1,
      6362, 6618, 6363, -1,
      6363, 6618, 6619, -1,
      6363, 6619, 6364, -1,
      6364, 6619, 6620, -1,
      6364, 6620, 6365, -1,
      6365, 6620, 6621, -1,
      6365, 6621, 6366, -1,
      6366, 6621, 6622, -1,
      6366, 6622, 6367, -1,
      6367, 6622, 6623, -1,
      6367, 6623, 6368, -1,
      6368, 6623, 6624, -1,
      6368, 6624, 6369, -1,
      6369, 6624, 6625, -1,
      6369, 6625, 6370, -1,
      6370, 6625, 6626, -1,
      6370, 6626, 6371, -1,
      6371, 6626, 6627, -1,
      6371, 6627, 6372, -1,
      6372, 6627, 6628, -1,
      6372, 6628, 6373, -1,
      6373, 6628, 6629, -1,
      6373, 6629, 6374, -1,
      6374, 6629, 6630, -1,
      6374, 6630, 6375, -1,
      6375, 6630, 6631, -1,
      6375, 6631, 6376, -1,
      6376, 6631, 6632, -1,
      6376, 6632, 6377, -1,
      6377, 6632, 6633, -1,
      6377, 6633, 6378, -1,
      6378, 6633, 6634, -1,
      6378, 6634, 6379, -1,
      6379, 6634, 6635, -1,
      6379, 6635, 6380, -1,
      6380, 6635, 6636, -1,
      6380, 6636, 6381, -1,
      6381, 6636, 6637, -1,
      6381, 6637, 6382, -1,
      6382, 6637, 6638, -1,
      6382, 6638, 6383, -1,
      6383, 6638, 6639, -1,
      6383, 6639, 6384, -1,
      6384, 6639, 6640, -1,
      6384, 6640, 6385, -1,
      6385, 6640, 6641, -1,
      6385, 6641, 6386, -1,
      6386, 6641, 6642, -1,
      6386, 6642, 6387, -1,
      6387, 6642, 6643, -1,
      6387, 6643, 6388, -1,
      6388, 6643, 6644, -1,
      6388, 6644, 6389, -1,
      6389, 6644, 6645, -1,
      6389, 6645, 6390, -1,
      6390, 6645, 6646, -1,
      6390, 6646, 6391, -1,
      6391, 6646, 6647, -1,
      6391, 6647, 6392, -1,
      6392, 6647, 6648, -1,
      6392, 6648, 6393, -1,
      6393, 6648, 6649, -1,
      6393, 6649, 6394, -1,
      6394, 6649, 6650, -1,
      6394, 6650, 6395, -1,
      6395, 6650, 6651, -1,
      6395, 6651, 6396, -1,
      6396, 6651, 6652, -1,
      6396, 6652, 6397, -1,
      6397, 6652, 6653, -1,
      6397, 6653, 6398, -1,
      6398, 6653, 6654, -1,
      6398, 6654, 6399, -1,
      6399, 6654, 6655, -1,
      6399, 6655, 6400, -1,
      6400, 6655, 6656, -1,
      6400, 6656, 6401, -1,
      6401, 6656, 6657, -1,
      6401, 6657, 6402, -1,
      6402, 6657, 6658, -1,
      6402, 6658, 6403, -1,
      6403, 6658, 6659, -1,
      6403, 6659, 6404, -1,
      6404, 6659, 6660, -1,
      6404, 6660, 6405, -1,
      6405, 6660, 6661, -1,
      6405, 6661, 6406, -1,
      6406, 6661, 6662, -1,
      6406, 6662, 6407, -1,
      6407, 6662, 6663, -1,
      6407, 6663, 6408, -1,
      6408, 6663, 6664, -1,
      6408, 6664, 6409, -1,
      6409, 6664, 6665, -1,
      6409, 6665, 6410, -1,
      6410, 6665, 6666, -1,
      6410, 6666, 6411, -1,
      6411, 6666, 6667, -1,
      6411, 6667, 6412, -1,
      6412, 6667, 6668, -1,
      6412, 6668, 6413, -1,
      6413, 6668, 6669, -1,
      6413, 6669, 6414, -1,
      6414, 6669, 6670, -1,
      6414, 6670, 6415, -1,
      6415, 6670, 6671, -1,
      6415, 6671, 6416, -1,
      6416, 6671, 6672, -1,
      6416, 6672, 6417, -1,
      6417, 6672, 6673, -1,
      6417, 6673, 6418, -1,
      6418, 6673, 6674, -1,
      6418, 6674, 6419, -1,
      6419, 6674, 6675, -1,
      6419, 6675, 6420, -1,
      6420, 6675, 6676, -1,
      6420, 6676, 6421, -1,
      6421, 6676, 6677, -1,
      6421, 6677, 6422, -1,
      6422, 6677, 6678, -1,
      6422, 6678, 6423, -1,
      6423, 6678, 6679, -1,
      6423, 6679, 6424, -1,
      6424, 6679, 6680, -1,
      6424, 6680, 6425, -1,
      6425, 6680, 6681, -1,
      6425, 6681, 6426, -1,
      6426, 6681, 6682, -1,
      6426, 6682, 6427, -1,
      6427, 6682, 6683, -1,
      363, 362, 6684, -1,
      6684, 362, 6428, -1,
      6684, 6428, 6685, -1,
      6685, 6428, 6429, -1,
      6685, 6429, 6686, -1,
      6686, 6429, 6430, -1,
      6686, 6430, 6687, -1,
      6687, 6430, 6431, -1,
      6687, 6431, 6688, -1,
      6688, 6431, 6432, -1,
      6688, 6432, 6689, -1,
      6689, 6432, 6433, -1,
      6689, 6433, 6690, -1,
      6690, 6433, 6434, -1,
      6690, 6434, 6691, -1,
      6691, 6434, 6435, -1,
      6691, 6435, 6692, -1,
      6692, 6435, 6436, -1,
      6692, 6436, 6693, -1,
      6693, 6436, 6437, -1,
      6693, 6437, 6694, -1,
      6694, 6437, 6438, -1,
      6694, 6438, 6695, -1,
      6695, 6438, 6439, -1,
      6695, 6439, 6696, -1,
      6696, 6439, 6440, -1,
      6696, 6440, 6697, -1,
      6697, 6440, 6441, -1,
      6697, 6441, 6698, -1,
      6698, 6441, 6442, -1,
      6698, 6442, 6699, -1,
      6699, 6442, 6443, -1,
      6699, 6443, 6700, -1,
      6700, 6443, 6444, -1,
      6700, 6444, 6701, -1,
      6701, 6444, 6445, -1,
      6701, 6445, 6702, -1,
      6702, 6445, 6446, -1,
      6702, 6446, 6703, -1,
      6703, 6446, 6447, -1,
      6703, 6447, 6704, -1,
      6704, 6447, 6448, -1,
      6704, 6448, 6705, -1,
      6705, 6448, 6449, -1,
      6705, 6449, 6706, -1,
      6706, 6449, 6450, -1,
      6706, 6450, 6707, -1,
      6707, 6450, 6451, -1,
      6707, 6451, 6708, -1,
      6708, 6451, 6452, -1,
      6708, 6452, 6709, -1,
      6709, 6452, 6453, -1,
      6709, 6453, 6710, -1,
      6710, 6453, 6454, -1,
      6710, 6454, 6711, -1,
      6711, 6454, 6455, -1,
      6711, 6455, 6712, -1,
      6712, 6455, 6456, -1,
      6712, 6456, 6713, -1,
      6713, 6456, 6457, -1,
      6713, 6457, 6714, -1,
      6714, 6457, 6458, -1,
      6714, 6458, 6715, -1,
      6715, 6458, 6459, -1,
      6715, 6459, 6716, -1,
      6716, 6459, 6460, -1,
      6716, 6460, 6717, -1,
      6717, 6460, 6461, -1,
      6717, 6461, 6718, -1,
      6718, 6461, 6462, -1,
      6718, 6462, 6719, -1,
      6719, 6462, 6463, -1,
      6719, 6463, 6720, -1,
      6720, 6463, 6464, -1,
      6720, 6464, 6721, -1,
      6721, 6464, 6465, -1,
      6721, 6465, 6722, -1,
      6722, 6465, 6466, -1,
      6722, 6466, 6723, -1,
      6723, 6466, 6467, -1,
      6723, 6467, 6724, -1,
      6724, 6467, 6468, -1,
      6724, 6468, 6725, -1,
      6725, 6468, 6469, -1,
      6725, 6469, 6726, -1,
      6726, 6469, 6470, -1,
      6726, 6470, 6727, -1,
      6727, 6470, 6471, -1,
      6727, 6471, 6728, -1,
      6728, 6471, 6472, -1,
      6728, 6472, 6729, -1,
      6729, 6472, 6473, -1,
      6729, 6473, 6730, -1,
      6730, 6473, 6474, -1,
      6730, 6474, 6731, -1,
      6731, 6474, 6475, -1,
      6731, 6475, 6732, -1,
      6732, 6475, 6476, -1,
      6732, 6476, 6733, -1,
      6733, 6476, 6477, -1,
      6733, 6477, 6734, -1,
      6734, 6477, 6478, -1,
      6734, 6478, 6735, -1,
      6735, 6478, 6479, -1,
      6735, 6479, 6736, -1,
      6736, 6479, 6480, -1,
      6736, 6480, 6737, -1,
      6737, 6480, 6481, -1,
      6737, 6481, 6738, -1,
      6738, 6481, 6482, -1,
      6738, 6482, 6739, -1,
      6739, 6482, 6483, -1,
      6739, 6483, 6740, -1,
      6740, 6483, 6484, -1,
      6740, 6484, 6741, -1,
      6741, 6484, 6485, -1,
      6741, 6485, 6742, -1,
      6742, 6485, 6486, -1,
      6742, 6486, 6743, -1,
      6743, 6486, 6487, -1,
      6743, 6487, 6744, -1,
      6744, 6487, 6488, -1,
      6744, 6488, 6745, -1,
      6745, 6488, 6489, -1,
      6745, 6489, 6746, -1,
      6746, 6489, 6490, -1,
      6746, 6490, 6747, -1,
      6747, 6490, 6491, -1,
      6747, 6491, 6748, -1,
      6748, 6491, 6492, -1,
      6748, 6492, 6749, -1,
      6749, 6492, 6493, -1,
      6749, 6493, 6750, -1,
      6750, 6493, 6494, -1,
      6750, 6494, 6751, -1,
      6751, 6494, 6495, -1,
      6751, 6495, 6752, -1,
      6752, 6495, 6496, -1,
      6752, 6496, 6753, -1,
      6753, 6496, 6497, -1,
      6753, 6497, 6754, -1,
      6754, 6497, 6498, -1,
      6754, 6498, 6755, -1,
      6755, 6498, 6499, -1,
      6755, 6499, 6756, -1,
      6756, 6499, 6500, -1,
      6756, 6500, 6757, -1,
      6757, 6500, 6501, -1,
      6757, 6501, 6758, -1,
      6758, 6501, 6502, -1,
      6758, 6502, 6759, -1,
      6759, 6502, 6503, -1,
      6759, 6503, 6760, -1,
      6760, 6503, 6504, -1,
      6760, 6504, 6761, -1,
      6761, 6504, 6505, -1,
      6761, 6505, 6762, -1,
      6762, 6505, 6506, -1,
      6762, 6506, 6763, -1,
      6763, 6506, 6507, -1,
      6763, 6507, 6764, -1,
      6764, 6507, 6508, -1,
      6764, 6508, 6765, -1,
      6765, 6508, 6509, -1,
      6765, 6509, 6766, -1,
      6766, 6509, 6510, -1,
      6766, 6510, 6767, -1,
      6767, 6510, 6511, -1,
      6767, 6511, 6768, -1,
      6768, 6511, 6512, -1,
      6768, 6512, 6769, -1,
      6769, 6512, 6513, -1,
      6769, 6513, 6770, -1,
      6770, 6513, 6514, -1,
      6770, 6514, 6771, -1,
      6771, 6514, 6515, -1,
      6771, 6515, 6772, -1,
      6772, 6515, 6516, -1,
      6772, 6516, 6773, -1,
      6773, 6516, 6517, -1,
      6773, 6517, 6774, -1,
      6774, 6517, 6518, -1,
      6774, 6518, 6775, -1,
      6775, 6518, 6519, -1,
      6775, 6519, 6776, -1,
      6776, 6519, 6520, -1,
      6776, 6520, 6777, -1,
      6777, 6520, 6521, -1,
      6777, 6521, 6778, -1,
      6778, 6521, 6522, -1,
      6778, 6522, 6779, -1,
      6779, 6522, 6523, -1,
      6779, 6523, 6780, -1,
      6780, 6523, 6524, -1,
      6780, 6524, 6781, -1,
      6781, 6524, 6525, -1,
      6781, 6525, 6782, -1,
      6782, 6525, 6526, -1,
      6782, 6526, 6783, -1,
      6783, 6526, 6527, -1,
      6783, 6527, 6784, -1,
      6784, 6527, 6528, -1,
      6784, 6528, 6785, -1,
      6785, 6528, 6529, -1,
      6785, 6529, 6786, -1,
      6786, 6529, 6530, -1,
      6786, 6530, 6787, -1,
      6787, 6530, 6531, -1,
      6787, 6531, 6788, -1,
      6788, 6531, 6532, -1,
      6788, 6532, 6789, -1,
      6789, 6532, 6533, -1,
      6789, 6533, 6790, -1,
      6790, 6533, 6534, -1,
      6790, 6534, 6791, -1,
      6791, 6534, 6535, -1,
      6791, 6535, 6792, -1,
      6792, 6535, 6536, -1,
      6792, 6536, 6793, -1,
      6793, 6536, 6537, -1,
      6793, 6537, 6794, -1,
      6794, 6537, 6538, -1,
      6794, 6538, 6795, -1,
      6795, 6538, 6539, -1,
      6795, 6539, 6796, -1,
      6796, 6539, 6540, -1,
      6796, 6540, 6797, -1,
      6797, 6540, 6541, -1,
      6797, 6541, 6798, -1,
      6798, 6541, 6542, -1,
      6798, 6542, 6799, -1,
      6799, 6542, 6543, -1,
      6799, 6543, 6800, -1,
      6800, 6543, 6544, -1,
      6800, 6544, 6801, -1,
      6801, 6544, 6545, -1,
      6801, 6545, 6802, -1,
      6802, 6545, 6546, -1,
      6802, 6546, 6803, -1,
      6803, 6546, 6547, -1,
      6803, 6547, 6804, -1,
      6804, 6547, 6548, -1,
      6804, 6548, 6805, -1,
      6805, 6548, 6549, -1,
      6805, 6549, 6806, -1,
      6806, 6549, 6550, -1,
      6806, 6550, 6807, -1,
      6807, 6550, 6551, -1,
      6807, 6551, 6808, -1,
      6808, 6551, 6552, -1,
      6808, 6552, 6809, -1,
      6809, 6552, 6553, -1,
      6809, 6553, 6810, -1,
      6810, 6553, 6554, -1,
      6810, 6554, 6811, -1,
      6811, 6554, 6555, -1,
      411, 410, 6556, -1,
      6556, 410, 6812, -1,
      6556, 6812, 6557, -1,
      6557, 6812, 6813, -1,
      6557, 6813, 6558, -1,
      6558, 6813, 6814, -1,
      6558, 6814, 6559, -1,
      6559, 6814, 6815, -1,
      6559, 6815, 6560, -1,
      6560, 6815, 6816, -1,
      6560, 6816, 6561, -1,
      6561, 6816, 6817, -1,
      6561, 6817, 6562, -1,
      6562, 6817, 6818, -1,
      6562, 6818, 6563, -1,
      6563, 6818, 6819, -1,
      6563, 6819, 6564, -1,
      6564, 6819, 6820, -1,
      6564, 6820, 6565, -1,
      6565, 6820, 6821, -1,
      6565, 6821, 6566, -1,
      6566, 6821, 6822, -1,
      6566, 6822, 6567, -1,
      6567, 6822, 6823, -1,
      6567, 6823, 6568, -1,
      6568, 6823, 6824, -1,
      6568, 6824, 6569, -1,
      6569, 6824, 6825, -1,
      6569, 6825, 6570, -1,
      6570, 6825, 6826, -1,
      6570, 6826, 6571, -1,
      6571, 6826, 6827, -1,
      6571, 6827, 6572, -1,
      6572, 6827, 6828, -1,
      6572, 6828, 6573, -1,
      6573, 6828, 6829, -1,
      6573, 6829, 6574, -1,
      6574, 6829, 6830, -1,
      6574, 6830, 6575, -1,
      6575, 6830, 6831, -1,
      6575, 6831, 6576, -1,
      6576, 6831, 6832, -1,
      6576, 6832, 6577, -1,
      6577, 6832, 6833, -1,
      6577, 6833, 6578, -1,
      6578, 6833, 6834, -1,
      6578, 6834, 6579, -1,
      6579, 6834, 6835, -1,
      6579, 6835, 6580, -1,
      6580, 6835, 6836, -1,
      6580, 6836, 6581, -1,
      6581, 6836, 6837, -1,
      6581, 6837, 6582, -1,
      6582, 6837, 6838, -1,
      6582, 6838, 6583, -1,
      6583, 6838, 6839, -1,
      6583, 6839, 6584, -1,
      6584, 6839, 6840, -1,
      6584, 6840, 6585, -1,
      6585, 6840, 6841, -1,
      6585, 6841, 6586, -1,
      6586, 6841, 6842, -1,
      6586, 6842, 6587, -1,
      6587, 6842, 6843, -1,
      6587, 6843, 6588, -1,
      6588, 6843, 6844, -1,
      6588, 6844, 6589, -1,
      6589, 6844, 6845, -1,
      6589, 6845, 6590, -1,
      6590, 6845, 6846, -1,
      6590, 6846, 6591, -1,
      6591, 6846, 6847, -1,
      6591, 6847, 6592, -1,
      6592, 6847, 6848, -1,
      6592, 6848, 6593, -1,
      6593, 6848, 6849, -1,
      6593, 6849, 6594, -1,
      6594, 6849, 6850, -1,
      6594, 6850, 6595, -1,
      6595, 6850, 6851, -1,
      6595, 6851, 6596, -1,
      6596, 6851, 6852, -1,
      6596, 6852, 6597, -1,
      6597, 6852, 6853, -1,
      6597, 6853, 6598, -1,
      6598, 6853, 6854, -1,
      6598, 6854, 6599, -1,
      6599, 6854, 6855, -1,
      6599, 6855, 6600, -1,
      6600, 6855, 6856, -1,
      6600, 6856, 6601, -1,
      6601, 6856, 6857, -1,
      6601, 6857, 6602, -1,
      6602, 6857, 6858, -1,
      6602, 6858, 6603, -1,
      6603, 6858, 6859, -1,
      6603, 6859, 6604, -1,
      6604, 6859, 6860, -1,
      6604, 6860, 6605, -1,
      6605, 6860, 6861, -1,
      6605, 6861, 6606, -1,
      6606, 6861, 6862, -1,
      6606, 6862, 6607, -1,
      6607, 6862, 6863, -1,
      6607, 6863, 6608, -1,
      6608, 6863, 6864, -1,
      6608, 6864, 6609, -1,
      6609, 6864, 6865, -1,
      6609, 6865, 6610, -1,
      6610, 6865, 6866, -1,
      6610, 6866, 6611, -1,
      6611, 6866, 6867, -1,
      6611, 6867, 6612, -1,
      6612, 6867, 6868, -1,
      6612, 6868, 6613, -1,
      6613, 6868, 6869, -1,
      6613, 6869, 6614, -1,
      6614, 6869, 6870, -1,
      6614, 6870, 6615, -1,
      6615, 6870, 6871, -1,
      6615, 6871, 6616, -1,
      6616, 6871, 6872, -1,
      6616, 6872, 6617, -1,
      6617, 6872, 6873, -1,
      6617, 6873, 6618, -1,
      6618, 6873, 6874, -1,
      6618, 6874, 6619, -1,
      6619, 6874, 6875, -1,
      6619, 6875, 6620, -1,
      6620, 6875, 6876, -1,
      6620, 6876, 6621, -1,
      6621, 6876, 6877, -1,
      6621, 6877, 6622, -1,
      6622, 6877, 6878, -1,
      6622, 6878, 6623, -1,
      6623, 6878, 6879, -1,
      6623, 6879, 6624, -1,
      6624, 6879, 6880, -1,
      6624, 6880, 6625, -1,
      6625, 6880, 6881, -1,
      6625, 6881, 6626, -1,
      6626, 6881, 6882, -1,
      6626, 6882, 6627, -1,
      6627, 6882, 6883, -1,
      6627, 6883, 6628, -1,
      6628, 6883, 6884, -1,
      6628, 6884, 6629, -1,
      6629, 6884, 6885, -1,
      6629, 6885, 6630, -1,
      6630, 6885, 6886, -1,
      6630, 6886, 6631, -1,
      6631, 6886, 6887, -1,
      6631, 6887, 6632, -1,
      6632, 6887, 6888, -1,
      6632, 6888, 6633, -1,
      6633, 6888, 6889, -1,
      6633, 6889, 6634, -1,
      6634, 6889, 6890, -1,
      6634, 6890, 6635, -1,
      6635, 6890, 6891, -1,
      6635, 6891, 6636, -1,
      6636, 6891, 6892, -1,
      6636, 6892, 6637, -1,
      6637, 6892, 6893, -1,
      6637, 6893, 6638, -1,
      6638, 6893, 6894, -1,
      6638, 6894, 6639, -1,
      6639, 6894, 6895, -1,
      6639, 6895, 6640, -1,
      6640, 6895, 6896, -1,
      6640, 6896, 6641, -1,
      6641, 6896, 6897, -1,
      6641, 6897, 6642, -1,
      6642, 6897, 6898, -1,
      6642, 6898, 6643, -1,
      6643, 6898, 6899, -1,
      6643, 6899, 6644, -1,
      6644, 6899, 6900, -1,
      6644, 6900, 6645, -1,
      6645, 6900, 6901, -1,
      6645, 6901, 6646, -1,
      6646, 6901, 6902, -1,
      6646, 6902, 6647, -1,
      6647, 6902, 6903, -1,
      6647, 6903, 6648, -1,
      6648, 6903, 6904, -1,
      6648, 6904, 6649, -1,
      6649, 6904, 6905, -1,
      6649, 6905, 6650, -1,
      6650, 6905, 6906, -1,
      6650, 6906, 6651, -1,
      6651, 6906, 6907, -1,
      6651, 6907, 6652, -1,
      6652, 6907, 6908, -1,
      6652, 6908, 6653, -1,
      6653, 6908, 6909, -1,
      6653, 6909, 6654, -1,
      6654, 6909, 6910, -1,
      6654, 6910, 6655, -1,
      6655, 6910, 6911, -1,
      6655, 6911, 6656, -1,
      6656, 6911, 6912, -1,
      6656, 6912, 6657, -1,
      6657, 6912, 6913, -1,
      6657, 6913, 6658, -1,
      6658, 6913, 6914, -1,
      6658, 6914, 6659, -1,
      6659, 6914, 6915, -1,
      6659, 6915, 6660, -1,
      6660, 6915, 6916, -1,
      6660, 6916, 6661, -1,
      6661, 6916, 6917, -1,
      6661, 6917, 6662, -1,
      6662, 6917, 6918, -1,
      6662, 6918, 6663, -1,
      6663, 6918, 6919, -1,
      6663, 6919, 6664, -1,
      6664, 6919, 6920, -1,
      6664, 6920, 6665, -1,
      6665, 6920, 6921, -1,
      6665, 6921, 6666, -1,
      6666, 6921, 6922, -1,
      6666, 6922, 6667, -1,
      6667, 6922, 6923, -1,
      6667, 6923, 6668, -1,
      6668, 6923, 6924, -1,
      6668, 6924, 6669, -1,
      6669, 6924, 6925, -1,
      6669, 6925, 6670, -1,
      6670, 6925, 6926, -1,
      6670, 6926, 6671, -1,
      6671, 6926, 6927, -1,
      6671, 6927, 6672, -1,
      6672, 6927, 6928, -1,
      6672, 6928, 6673, -1,
      6673, 6928, 6929, -1,
      6673, 6929, 6674, -1,
      6674, 6929, 6930, -1,
      6674, 6930, 6675, -1,
      6675, 6930, 6931, -1,
      6675, 6931, 6676, -1,
      6676, 6931, 6932, -1,
      6676, 6932, 6677, -1,
      6677, 6932, 6933, -1,
      6677, 6933, 6678, -1,
      6678, 6933, 6934, -1,
      6678, 6934, 6679, -1,
      6679, 6934, 6935, -1,
      6679, 6935, 6680, -1,
      6680, 6935, 6936, -1,
      6680, 6936, 6681, -1,
      6681, 6936, 6937, -1,
      6681, 6937, 6682, -1,
      6682, 6937, 6938, -1,
      6682, 6938, 6683, -1,
      6683, 6938, 6939, -1,
      356, 363, 6940, -1,
      6940, 363, 6684, -1,
      6940, 6684, 6941, -1,
      6941, 6684, 6685, -1,
      6941, 6685, 6942, -1,
      6942, 6685, 6686, -1,
      6942, 6686, 6943, -1,
      6943, 6686, 6687, -1,
      6943, 6687, 6944, -1,
      6944, 6687, 6688, -1,
      6944, 6688, 6945, -1,
      6945, 6688, 6689, -1,
      6945, 6689, 6946, -1,
      6946, 6689, 6690, -1,
      6946, 6690, 6947, -1,
      6947, 6690, 6691, -1,
      6947, 6691, 6948, -1,
      6948, 6691, 6692, -1,
      6948, 6692, 6949, -1,
      6949, 6692, 6693, -1,
      6949, 6693, 6950, -1,
      6950, 6693, 6694, -1,
      6950, 6694, 6951, -1,
      6951, 6694, 6695, -1,
      6951, 6695, 6952, -1,
      6952, 6695, 6696, -1,
      6952, 6696, 6953, -1,
      6953, 6696, 6697, -1,
      6953, 6697, 6954, -1,
      6954, 6697, 6698, -1,
      6954, 6698, 6955, -1,
      6955, 6698, 6699, -1,
      6955, 6699, 6956, -1,
      6956, 6699, 6700, -1,
      6956, 6700, 6957, -1,
      6957, 6700, 6701, -1,
      6957, 6701, 6958, -1,
      6958, 6701, 6702, -1,
      6958, 6702, 6959, -1,
      6959, 6702, 6703, -1,
      6959, 6703, 6960, -1,
      6960, 6703, 6704, -1,
      6960, 6704, 6961, -1,
      6961, 6704, 6705, -1,
      6961, 6705, 6962, -1,
      6962, 6705, 6706, -1,
      6962, 6706, 6963, -1,
      6963, 6706, 6707, -1,
      6963, 6707, 6964, -1,
      6964, 6707, 6708, -1,
      6964, 6708, 6965, -1,
      6965, 6708, 6709, -1,
      6965, 6709, 6966, -1,
      6966, 6709, 6710, -1,
      6966, 6710, 6967, -1,
      6967, 6710, 6711, -1,
      6967, 6711, 6968, -1,
      6968, 6711, 6712, -1,
      6968, 6712, 6969, -1,
      6969, 6712, 6713, -1,
      6969, 6713, 6970, -1,
      6970, 6713, 6714, -1,
      6970, 6714, 6971, -1,
      6971, 6714, 6715, -1,
      6971, 6715, 6972, -1,
      6972, 6715, 6716, -1,
      6972, 6716, 6973, -1,
      6973, 6716, 6717, -1,
      6973, 6717, 6974, -1,
      6974, 6717, 6718, -1,
      6974, 6718, 6975, -1,
      6975, 6718, 6719, -1,
      6975, 6719, 6976, -1,
      6976, 6719, 6720, -1,
      6976, 6720, 6977, -1,
      6977, 6720, 6721, -1,
      6977, 6721, 6978, -1,
      6978, 6721, 6722, -1,
      6978, 6722, 6979, -1,
      6979, 6722, 6723, -1,
      6979, 6723, 6980, -1,
      6980, 6723, 6724, -1,
      6980, 6724, 6981, -1,
      6981, 6724, 6725, -1,
      6981, 6725, 6982, -1,
      6982, 6725, 6726, -1,
      6982, 6726, 6983, -1,
      6983, 6726, 6727, -1,
      6983, 6727, 6984, -1,
      6984, 6727, 6728, -1,
      6984, 6728, 6985, -1,
      6985, 6728, 6729, -1,
      6985, 6729, 6986, -1,
      6986, 6729, 6730, -1,
      6986, 6730, 6987, -1,
      6987, 6730, 6731, -1,
      6987, 6731, 6988, -1,
      6988, 6731, 6732, -1,
      6988, 6732, 6989, -1,
      6989, 6732, 6733, -1,
      6989, 6733, 6990, -1,
      6990, 6733, 6734, -1,
      6990, 6734, 6991, -1,
      6991, 6734, 6735, -1,
      6991, 6735, 6992, -1,
      6992, 6735, 6736, -1,
      6992, 6736, 6993, -1,
      6993, 6736, 6737, -1,
      6993, 6737, 6994, -1,
      6994, 6737, 6738, -1,
      6994, 6738, 6995, -1,
      6995, 6738, 6739, -1,
      6995, 6739, 6996, -1,
      6996, 6739, 6740, -1,
      6996, 6740, 6997, -1,
      6997, 6740, 6741, -1,
      6997, 6741, 6998, -1,
      6998, 6741, 6742, -1,
      6998, 6742, 6999, -1,
      6999, 6742, 6743, -1,
      6999, 6743, 7000, -1,
      7000, 6743, 6744, -1,
      7000, 6744, 7001, -1,
      7001, 6744, 6745, -1,
      7001, 6745, 7002, -1,
      7002, 6745, 6746, -1,
      7002, 6746, 7003, -1,
      7003, 6746, 6747, -1,
      7003, 6747, 7004, -1,
      7004, 6747, 6748, -1,
      7004, 6748, 7005, -1,
      7005, 6748, 6749, -1,
      7005, 6749, 7006, -1,
      7006, 6749, 6750, -1,
      7006, 6750, 7007, -1,
      7007, 6750, 6751, -1,
      7007, 6751, 7008, -1,
      7008, 6751, 6752, -1,
      7008, 6752, 7009, -1,
      7009, 6752, 6753, -1,
      7009, 6753, 7010, -1,
      7010, 6753, 6754, -1,
      7010, 6754, 7011, -1,
      7011, 6754, 6755, -1,
      7011, 6755, 7012, -1,
      7012, 6755, 6756, -1,
      7012, 6756, 7013, -1,
      7013, 6756, 6757, -1,
      7013, 6757, 7014, -1,
      7014, 6757, 6758, -1,
      7014, 6758, 7015, -1,
      7015, 6758, 6759, -1,
      7015, 6759, 7016, -1,
      7016, 6759, 6760, -1,
      7016, 6760, 7017, -1,
      7017, 6760, 6761, -1,
      7017, 6761, 7018, -1,
      7018, 6761, 6762, -1,
      7018, 6762, 7019, -1,
      7019, 6762, 6763, -1,
      7019, 6763, 7020, -1,
      7020, 6763, 6764, -1,
      7020, 6764, 7021, -1,
      7021, 6764, 6765, -1,
      7021, 6765, 7022, -1,
      7022, 6765, 6766, -1,
      7022, 6766, 7023, -1,
      7023, 6766, 6767, -1,
      7023, 6767, 7024, -1,
      7024, 6767, 6768, -1,
      7024, 6768, 7025, -1,
      7025, 6768, 6769, -1,
      7025, 6769, 7026, -1,
      7026, 6769, 6770, -1,
      7026, 6770, 7027, -1,
      7027, 6770, 6771, -1,
      7027, 6771, 7028, -1,
      7028, 6771, 6772, -1,
      7028, 6772, 7029, -1,
      7029, 6772, 6773, -1,
      7029, 6773, 7030, -1,
      7030, 6773, 6774, -1,
      7030, 6774, 7031, -1,
      7031, 6774, 6775, -1,
      7031, 6775, 7032, -1,
      7032, 6775, 6776, -1,
      7032, 6776, 7033, -1,
      7033, 6776, 6777, -1,
      7033, 6777, 7034, -1,
      7034, 6777, 6778, -1,
      7034, 6778, 7035, -1,
      7035, 6778, 6779, -1,
      7035, 6779, 7036, -1,
      7036, 6779, 6780, -1,
      7036, 6780, 7037, -1,
      7037, 6780, 6781, -1,
      7037, 6781, 7038, -1,
      7038, 6781, 6782, -1,
      7038, 6782, 7039, -1,
      7039, 6782, 6783, -1,
      7039, 6783, 7040, -1,
      7040, 6783, 6784, -1,
      7040, 6784, 7041, -1,
      7041, 6784, 6785, -1,
      7041, 6785, 7042, -1,
      7042, 6785, 6786, -1,
      7042, 6786, 7043, -1,
      7043, 6786, 6787, -1,
      7043, 6787, 7044, -1,
      7044, 6787, 6788, -1,
      7044, 6788, 7045, -1,
      7045, 6788, 6789, -1,
      7045, 6789, 7046, -1,
      7046, 6789, 6790, -1,
      7046, 6790, 7047, -1,
      7047, 6790, 6791, -1,
      7047, 6791, 7048, -1,
      7048, 6791, 6792, -1,
      7048, 6792, 7049, -1,
      7049, 6792, 6793, -1,
      7049, 6793, 7050, -1,
      7050, 6793, 6794, -1,
      7050, 6794, 7051, -1,
      7051, 6794, 6795, -1,
      7051, 6795, 7052, -1,
      7052, 6795, 6796, -1,
      7052, 6796, 7053, -1,
      7053, 6796, 6797, -1,
      7053, 6797, 7054, -1,
      7054, 6797, 6798, -1,
      7054, 6798, 7055, -1,
      7055, 6798, 6799, -1,
      7055, 6799, 7056, -1,
      7056, 6799, 6800, -1,
      7056, 6800, 7057, -1,
      7057, 6800, 6801, -1,
      7057, 6801, 7058, -1,
      7058, 6801, 6802, -1,
      7058, 6802, 7059, -1,
      7059, 6802, 6803, -1,
      7059, 6803, 7060, -1,
      7060, 6803, 6804, -1,
      7060, 6804, 7061, -1,
      7061, 6804, 6805, -1,
      7061, 6805, 7062, -1,
      7062, 6805, 6806, -1,
      7062, 6806, 7063, -1,
      7063, 6806, 6807, -1,
      7063, 6807, 7064, -1,
      7064, 6807, 6808, -1,
      7064, 6808, 7065, -1,
      7065, 6808, 6809, -1,
      7065, 6809, 7066, -1,
      7066, 6809, 6810, -1,
      7066, 6810, 7067, -1,
      7067, 6810, 6811, -1,
      410, 388, 6812, -1,
      6812, 388, 7068, -1,
      6812, 7068, 6813, -1,
      6813, 7068, 7069, -1,
      6813, 7069, 6814, -1,
      6814, 7069, 7070, -1,
      6814, 7070, 6815, -1,
      6815, 7070, 7071, -1,
      6815, 7071, 6816, -1,
      6816, 7071, 7072, -1,
      6816, 7072, 6817, -1,
      6817, 7072, 7073, -1,
      6817, 7073, 6818, -1,
      6818, 7073, 7074, -1,
      6818, 7074, 6819, -1,
      6819, 7074, 7075, -1,
      6819, 7075, 6820, -1,
      6820, 7075, 7076, -1,
      6820, 7076, 6821, -1,
      6821, 7076, 7077, -1,
      6821, 7077, 6822, -1,
      6822, 7077, 7078, -1,
      6822, 7078, 6823, -1,
      6823, 7078, 7079, -1,
      6823, 7079, 6824, -1,
      6824, 7079, 7080, -1,
      6824, 7080, 6825, -1,
      6825, 7080, 7081, -1,
      6825, 7081, 6826, -1,
      6826, 7081, 7082, -1,
      6826, 7082, 6827, -1,
      6827, 7082, 7083, -1,
      6827, 7083, 6828, -1,
      6828, 7083, 7084, -1,
      6828, 7084, 6829, -1,
      6829, 7084, 7085, -1,
      6829, 7085, 6830, -1,
      6830, 7085, 7086, -1,
      6830, 7086, 6831, -1,
      6831, 7086, 7087, -1,
      6831, 7087, 6832, -1,
      6832, 7087, 7088, -1,
      6832, 7088, 6833, -1,
      6833, 7088, 7089, -1,
      6833, 7089, 6834, -1,
      6834, 7089, 7090, -1,
      6834, 7090, 6835, -1,
      6835, 7090, 7091, -1,
      6835, 7091, 6836, -1,
      6836, 7091, 7092, -1,
      6836, 7092, 6837, -1,
      6837, 7092, 7093, -1,
      6837, 7093, 6838, -1,
      6838, 7093, 7094, -1,
      6838, 7094, 6839, -1,
      6839, 7094, 7095, -1,
      6839, 7095, 6840, -1,
      6840, 7095, 7096, -1,
      6840, 7096, 6841, -1,
      6841, 7096, 7097, -1,
      6841, 7097, 6842, -1,
      6842, 7097, 7098, -1,
      6842, 7098, 6843, -1,
      6843, 7098, 7099, -1,
      6843, 7099, 6844, -1,
      6844, 7099, 7100, -1,
      6844, 7100, 6845, -1,
      6845, 7100, 7101, -1,
      6845, 7101, 6846, -1,
      6846, 7101, 7102, -1,
      6846, 7102, 6847, -1,
      6847, 7102, 7103, -1,
      6847, 7103, 6848, -1,
      6848, 7103, 7104, -1,
      6848, 7104, 6849, -1,
      6849, 7104, 7105, -1,
      6849, 7105, 6850, -1,
      6850, 7105, 7106, -1,
      6850, 7106, 6851, -1,
      6851, 7106, 7107, -1,
      6851, 7107, 6852, -1,
      6852, 7107, 7108, -1,
      6852, 7108, 6853, -1,
      6853, 7108, 7109, -1,
      6853, 7109, 6854, -1,
      6854, 7109, 7110, -1,
      6854, 7110, 6855, -1,
      6855, 7110, 7111, -1,
      6855, 7111, 6856, -1,
      6856, 7111, 7112, -1,
      6856, 7112, 6857, -1,
      6857, 7112, 7113, -1,
      6857, 7113, 6858, -1,
      6858, 7113, 7114, -1,
      6858, 7114, 6859, -1,
      6859, 7114, 7115, -1,
      6859, 7115, 6860, -1,
      6860, 7115, 7116, -1,
      6860, 7116, 6861, -1,
      6861, 7116, 7117, -1,
      6861, 7117, 6862, -1,
      6862, 7117, 7118, -1,
      6862, 7118, 6863, -1,
      6863, 7118, 7119, -1,
      6863, 7119, 6864, -1,
      6864, 7119, 7120, -1,
      6864, 7120, 6865, -1,
      6865, 7120, 7121, -1,
      6865, 7121, 6866, -1,
      6866, 7121, 7122, -1,
      6866, 7122, 6867, -1,
      6867, 7122, 7123, -1,
      6867, 7123, 6868, -1,
      6868, 7123, 7124, -1,
      6868, 7124, 6869, -1,
      6869, 7124, 7125, -1,
      6869, 7125, 6870, -1,
      6870, 7125, 7126, -1,
      6870, 7126, 6871, -1,
      6871, 7126, 7127, -1,
      6871, 7127, 6872, -1,
      6872, 7127, 7128, -1,
      6872, 7128, 6873, -1,
      6873, 7128, 7129, -1,
      6873, 7129, 6874, -1,
      6874, 7129, 7130, -1,
      6874, 7130, 6875, -1,
      6875, 7130, 7131, -1,
      6875, 7131, 6876, -1,
      6876, 7131, 7132, -1,
      6876, 7132, 6877, -1,
      6877, 7132, 7133, -1,
      6877, 7133, 6878, -1,
      6878, 7133, 7134, -1,
      6878, 7134, 6879, -1,
      6879, 7134, 7135, -1,
      6879, 7135, 6880, -1,
      6880, 7135, 7136, -1,
      6880, 7136, 6881, -1,
      6881, 7136, 7137, -1,
      6881, 7137, 6882, -1,
      6882, 7137, 7138, -1,
      6882, 7138, 6883, -1,
      6883, 7138, 7139, -1,
      6883, 7139, 6884, -1,
      6884, 7139, 7140, -1,
      6884, 7140, 6885, -1,
      6885, 7140, 7141, -1,
      6885, 7141, 6886, -1,
      6886, 7141, 7142, -1,
      6886, 7142, 6887, -1,
      6887, 7142, 7143, -1,
      6887, 7143, 6888, -1,
      6888, 7143, 7144, -1,
      6888, 7144, 6889, -1,
      6889, 7144, 7145, -1,
      6889, 7145, 6890, -1,
      6890, 7145, 7146, -1,
      6890, 7146, 6891, -1,
      6891, 7146, 7147, -1,
      6891, 7147, 6892, -1,
      6892, 7147, 7148, -1,
      6892, 7148, 6893, -1,
      6893, 7148, 7149, -1,
      6893, 7149, 6894, -1,
      6894, 7149, 7150, -1,
      6894, 7150, 6895, -1,
      6895, 7150, 7151, -1,
      6895, 7151, 6896, -1,
      6896, 7151, 7152, -1,
      6896, 7152, 6897, -1,
      6897, 7152, 7153, -1,
      6897, 7153, 6898, -1,
      6898, 7153, 7154, -1,
      6898, 7154, 6899, -1,
      6899, 7154, 7155, -1,
      6899, 7155, 6900, -1,
      6900, 7155, 7156, -1,
      6900, 7156, 6901, -1,
      6901, 7156, 7157, -1,
      6901, 7157, 6902, -1,
      6902, 7157, 7158, -1,
      6902, 7158, 6903, -1,
      6903, 7158, 7159, -1,
      6903, 7159, 6904, -1,
      6904, 7159, 7160, -1,
      6904, 7160, 6905, -1,
      6905, 7160, 7161, -1,
      6905, 7161, 6906, -1,
      6906, 7161, 7162, -1,
      6906, 7162, 6907, -1,
      6907, 7162, 7163, -1,
      6907, 7163, 6908, -1,
      6908, 7163, 7164, -1,
      6908, 7164, 6909, -1,
      6909, 7164, 7165, -1,
      6909, 7165, 6910, -1,
      6910, 7165, 7166, -1,
      6910, 7166, 6911, -1,
      6911, 7166, 7167, -1,
      6911, 7167, 6912, -1,
      6912, 7167, 7168, -1,
      6912, 7168, 6913, -1,
      6913, 7168, 7169, -1,
      6913, 7169, 6914, -1,
      6914, 7169, 7170, -1,
      6914, 7170, 6915, -1,
      6915, 7170, 7171, -1,
      6915, 7171, 6916, -1,
      6916, 7171, 7172, -1,
      6916, 7172, 6917, -1,
      6917, 7172, 7173, -1,
      6917, 7173, 6918, -1,
      6918, 7173, 7174, -1,
      6918, 7174, 6919, -1,
      6919, 7174, 7175, -1,
      6919, 7175, 6920, -1,
      6920, 7175, 7176, -1,
      6920, 7176, 6921, -1,
      6921, 7176, 7177, -1,
      6921, 7177, 6922, -1,
      6922, 7177, 7178, -1,
      6922, 7178, 6923, -1,
      6923, 7178, 7179, -1,
      6923, 7179, 6924, -1,
      6924, 7179, 7180, -1,
      6924, 7180, 6925, -1,
      6925, 7180, 7181, -1,
      6925, 7181, 6926, -1,
      6926, 7181, 7182, -1,
      6926, 7182, 6927, -1,
      6927, 7182, 7183, -1,
      6927, 7183, 6928, -1,
      6928, 7183, 7184, -1,
      6928, 7184, 6929, -1,
      6929, 7184, 7185, -1,
      6929, 7185, 6930, -1,
      6930, 7185, 7186, -1,
      6930, 7186, 6931, -1,
      6931, 7186, 7187, -1,
      6931, 7187, 6932, -1,
      6932, 7187, 7188, -1,
      6932, 7188, 6933, -1,
      6933, 7188, 7189, -1,
      6933, 7189, 6934, -1,
      6934, 7189, 7190, -1,
      6934, 7190, 6935, -1,
      6935, 7190, 7191, -1,
      6935, 7191, 6936, -1,
      6936, 7191, 7192, -1,
      6936, 7192, 6937, -1,
      6937, 7192, 7193, -1,
      6937, 7193, 6938, -1,
      6938, 7193, 7194, -1,
      6938, 7194, 6939, -1,
      6939, 7194, 7195, -1,
      357, 356, 7196, -1,
      7196, 356, 6940, -1,
      7196, 6940, 7197, -1,
      7197, 6940, 6941, -1,
      7197, 6941, 7198, -1,
      7198, 6941, 6942, -1,
      7198, 6942, 7199, -1,
      7199, 6942, 6943, -1,
      7199, 6943, 7200, -1,
      7200, 6943, 6944, -1,
      7200, 6944, 7201, -1,
      7201, 6944, 6945, -1,
      7201, 6945, 7202, -1,
      7202, 6945, 6946, -1,
      7202, 6946, 7203, -1,
      7203, 6946, 6947, -1,
      7203, 6947, 7204, -1,
      7204, 6947, 6948, -1,
      7204, 6948, 7205, -1,
      7205, 6948, 6949, -1,
      7205, 6949, 7206, -1,
      7206, 6949, 6950, -1,
      7206, 6950, 7207, -1,
      7207, 6950, 6951, -1,
      7207, 6951, 7208, -1,
      7208, 6951, 6952, -1,
      7208, 6952, 7209, -1,
      7209, 6952, 6953, -1,
      7209, 6953, 7210, -1,
      7210, 6953, 6954, -1,
      7210, 6954, 7211, -1,
      7211, 6954, 6955, -1,
      7211, 6955, 7212, -1,
      7212, 6955, 6956, -1,
      7212, 6956, 7213, -1,
      7213, 6956, 6957, -1,
      7213, 6957, 7214, -1,
      7214, 6957, 6958, -1,
      7214, 6958, 7215, -1,
      7215, 6958, 6959, -1,
      7215, 6959, 7216, -1,
      7216, 6959, 6960, -1,
      7216, 6960, 7217, -1,
      7217, 6960, 6961, -1,
      7217, 6961, 7218, -1,
      7218, 6961, 6962, -1,
      7218, 6962, 7219, -1,
      7219, 6962, 6963, -1,
      7219, 6963, 7220, -1,
      7220, 6963, 6964, -1,
      7220, 6964, 7221, -1,
      7221, 6964, 6965, -1,
      7221, 6965, 7222, -1,
      7222, 6965, 6966, -1,
      7222, 6966, 7223, -1,
      7223, 6966, 6967, -1,
      7223, 6967, 7224, -1,
      7224, 6967, 6968, -1,
      7224, 6968, 7225, -1,
      7225, 6968, 6969, -1,
      7225, 6969, 7226, -1,
      7226, 6969, 6970, -1,
      7226, 6970, 7227, -1,
      7227, 6970, 6971, -1,
      7227, 6971, 7228, -1,
      7228, 6971, 6972, -1,
      7228, 6972, 7229, -1,
      7229, 6972, 6973, -1,
      7229, 6973, 7230, -1,
      7230, 6973, 6974, -1,
      7230, 6974, 7231, -1,
      7231, 6974, 6975, -1,
      7231, 6975, 7232, -1,
      7232, 6975, 6976, -1,
      7232, 6976, 7233, -1,
      7233, 6976, 6977, -1,
      7233, 6977, 7234, -1,
      7234, 6977, 6978, -1,
      7234, 6978, 7235, -1,
      7235, 6978, 6979, -1,
      7235, 6979, 7236, -1,
      7236, 6979, 6980, -1,
      7236, 6980, 7237, -1,
      7237, 6980, 6981, -1,
      7237, 6981, 7238, -1,
      7238, 6981, 6982, -1,
      7238, 6982, 7239, -1,
      7239, 6982, 6983, -1,
      7239, 6983, 7240, -1,
      7240, 6983, 6984, -1,
      7240, 6984, 7241, -1,
      7241, 6984, 6985, -1,
      7241, 6985, 7242, -1,
      7242, 6985, 6986, -1,
      7242, 6986, 7243, -1,
      7243, 6986, 6987, -1,
      7243, 6987, 7244, -1,
      7244, 6987, 6988, -1,
      7244, 6988, 7245, -1,
      7245, 6988, 6989, -1,
      7245, 6989, 7246, -1,
      7246, 6989, 6990, -1,
      7246, 6990, 7247, -1,
      7247, 6990, 6991, -1,
      7247, 6991, 7248, -1,
      7248, 6991, 6992, -1,
      7248, 6992, 7249, -1,
      7249, 6992, 6993, -1,
      7249, 6993, 7250, -1,
      7250, 6993, 6994, -1,
      7250, 6994, 7251, -1,
      7251, 6994, 6995, -1,
      7251, 6995, 7252, -1,
      7252, 6995, 6996, -1,
      7252, 6996, 7253, -1,
      7253, 6996, 6997, -1,
      7253, 6997, 7254, -1,
      7254, 6997, 6998, -1,
      7254, 6998, 7255, -1,
      7255, 6998, 6999, -1,
      7255, 6999, 7256, -1,
      7256, 6999, 7000, -1,
      7256, 7000, 7257, -1,
      7257, 7000, 7001, -1,
      7257, 7001, 7258, -1,
      7258, 7001, 7002, -1,
      7258, 7002, 7259, -1,
      7259, 7002, 7003, -1,
      7259, 7003, 7260, -1,
      7260, 7003, 7004, -1,
      7260, 7004, 7261, -1,
      7261, 7004, 7005, -1,
      7261, 7005, 7262, -1,
      7262, 7005, 7006, -1,
      7262, 7006, 7263, -1,
      7263, 7006, 7007, -1,
      7263, 7007, 7264, -1,
      7264, 7007, 7008, -1,
      7264, 7008, 7265, -1,
      7265, 7008, 7009, -1,
      7265, 7009, 7266, -1,
      7266, 7009, 7010, -1,
      7266, 7010, 7267, -1,
      7267, 7010, 7011, -1,
      7267, 7011, 7268, -1,
      7268, 7011, 7012, -1,
      7268, 7012, 7269, -1,
      7269, 7012, 7013, -1,
      7269, 7013, 7270, -1,
      7270, 7013, 7014, -1,
      7270, 7014, 7271, -1,
      7271, 7014, 7015, -1,
      7271, 7015, 7272, -1,
      7272, 7015, 7016, -1,
      7272, 7016, 7273, -1,
      7273, 7016, 7017, -1,
      7273, 7017, 7274, -1,
      7274, 7017, 7018, -1,
      7274, 7018, 7275, -1,
      7275, 7018, 7019, -1,
      7275, 7019, 7276, -1,
      7276, 7019, 7020, -1,
      7276, 7020, 7277, -1,
      7277, 7020, 7021, -1,
      7277, 7021, 7278, -1,
      7278, 7021, 7022, -1,
      7278, 7022, 7279, -1,
      7279, 7022, 7023, -1,
      7279, 7023, 7280, -1,
      7280, 7023, 7024, -1,
      7280, 7024, 7281, -1,
      7281, 7024, 7025, -1,
      7281, 7025, 7282, -1,
      7282, 7025, 7026, -1,
      7282, 7026, 7283, -1,
      7283, 7026, 7027, -1,
      7283, 7027, 7284, -1,
      7284, 7027, 7028, -1,
      7284, 7028, 7285, -1,
      7285, 7028, 7029, -1,
      7285, 7029, 7286, -1,
      7286, 7029, 7030, -1,
      7286, 7030, 7287, -1,
      7287, 7030, 7031, -1,
      7287, 7031, 7288, -1,
      7288, 7031, 7032, -1,
      7288, 7032, 7289, -1,
      7289, 7032, 7033, -1,
      7289, 7033, 7290, -1,
      7290, 7033, 7034, -1,
      7290, 7034, 7291, -1,
      7291, 7034, 7035, -1,
      7291, 7035, 7292, -1,
      7292, 7035, 7036, -1,
      7292, 7036, 7293, -1,
      7293, 7036, 7037, -1,
      7293, 7037, 7294, -1,
      7294, 7037, 7038, -1,
      7294, 7038, 7295, -1,
      7295, 7038, 7039, -1,
      7295, 7039, 7296, -1,
      7296, 7039, 7040, -1,
      7296, 7040, 7297, -1,
      7297, 7040, 7041, -1,
      7297, 7041, 7298, -1,
      7298, 7041, 7042, -1,
      7298, 7042, 7299, -1,
      7299, 7042, 7043, -1,
      7299, 7043, 7300, -1,
      7300, 7043, 7044, -1,
      7300, 7044, 7301, -1,
      7301, 7044, 7045, -1,
      7301, 7045, 7302, -1,
      7302, 7045, 7046, -1,
      7302, 7046, 7303, -1,
      7303, 7046, 7047, -1,
      7303, 7047, 7304, -1,
      7304, 7047, 7048, -1,
      7304, 7048, 7305, -1,
      7305, 7048, 7049, -1,
      7305, 7049, 7306, -1,
      7306, 7049, 7050, -1,
      7306, 7050, 7307, -1,
      7307, 7050, 7051, -1,
      7307, 7051, 7308, -1,
      7308, 7051, 7052, -1,
      7308, 7052, 7309, -1,
      7309, 7052, 7053, -1,
      7309, 7053, 7310, -1,
      7310, 7053, 7054, -1,
      7310, 7054, 7311, -1,
      7311, 7054, 7055, -1,
      7311, 7055, 7312, -1,
      7312, 7055, 7056, -1,
      7312, 7056, 7313, -1,
      7313, 7056, 7057, -1,
      7313, 7057, 7314, -1,
      7314, 7057, 7058, -1,
      7314, 7058, 7315, -1,
      7315, 7058, 7059, -1,
      7315, 7059, 7316, -1,
      7316, 7059, 7060, -1,
      7316, 7060, 7317, -1,
      7317, 7060, 7061, -1,
      7317, 7061, 7318, -1,
      7318, 7061, 7062, -1,
      7318, 7062, 7319, -1,
      7319, 7062, 7063, -1,
      7319, 7063, 7320, -1,
      7320, 7063, 7064, -1,
      7320, 7064, 7321, -1,
      7321, 7064, 7065, -1,
      7321, 7065, 7322, -1,
      7322, 7065, 7066, -1,
      7322, 7066, 7323, -1,
      7323, 7066, 7067, -1,
      666, 7324, 7195, -1,
      7195, 7324, 7325, -1,
      7195, 7325, 6939, -1,
      6939, 7325, 7326, -1,
      6939, 7326, 6683, -1,
      6683, 7326, 7327, -1,
      6683, 7327, 6427, -1,
      6427, 7327, 7328, -1,
      6427, 7328, 6171, -1,
      6171, 7328, 7329, -1,
      6171, 7329, 5915, -1,
      5915, 7329, 7330, -1,
      5915, 7330, 5659, -1,
      5659, 7330, 7331, -1,
      5659, 7331, 5403, -1,
      5403, 7331, 7332, -1,
      5403, 7332, 5147, -1,
      5147, 7332, 7333, -1,
      5147, 7333, 4891, -1,
      4891, 7333, 7334, -1,
      4891, 7334, 4635, -1,
      4635, 7334, 7335, -1,
      4635, 7335, 4379, -1,
      4379, 7335, 7336, -1,
      4379, 7336, 4123, -1,
      4123, 7336, 7337, -1,
      4123, 7337, 3867, -1,
      3867, 7337, 7338, -1,
      3867, 7338, 3611, -1,
      3611, 7338, 7339, -1,
      3611, 7339, 3355, -1,
      3355, 7339, 7340, -1,
      3355, 7340, 3099, -1,
      3099, 7340, 7341, -1,
      3099, 7341, 2843, -1,
      2843, 7341, 7342, -1,
      2843, 7342, 2587, -1,
      2587, 7342, 7343, -1,
      2587, 7343, 2331, -1,
      2331, 7343, 7344, -1,
      2331, 7344, 2075, -1,
      2075, 7344, 7345, -1,
      2075, 7345, 1819, -1,
      1819, 7345, 7346, -1,
      1819, 7346, 1563, -1,
      1563, 7346, 7347, -1,
      1563, 7347, 1307, -1,
      1307, 7347, 7348, -1,
      1307, 7348, 1051, -1,
      1051, 7348, 7349, -1,
      1051, 7349, 667, -1,
      667, 7349, 7350, -1,
      667, 7350, 666, -1,
      666, 7350, 7324, -1,
      7350, 7351, 7324, -1,
      7324, 7351, 7352, -1,
      7324, 7352, 7325, -1,
      7325, 7352, 7353, -1,
      7325, 7353, 7326, -1,
      7326, 7353, 7354, -1,
      7326, 7354, 7327, -1,
      7327, 7354, 7355, -1,
      7327, 7355, 7328, -1,
      7328, 7355, 7356, -1,
      7328, 7356, 7329, -1,
      7329, 7356, 7357, -1,
      7329, 7357, 7330, -1,
      7330, 7357, 7358, -1,
      7330, 7358, 7331, -1,
      7331, 7358, 7359, -1,
      7331, 7359, 7332, -1,
      7332, 7359, 7360, -1,
      7332, 7360, 7333, -1,
      7333, 7360, 7361, -1,
      7333, 7361, 7334, -1,
      7334, 7361, 7362, -1,
      7334, 7362, 7335, -1,
      7335, 7362, 7363, -1,
      7335, 7363, 7336, -1,
      7336, 7363, 7364, -1,
      7336, 7364, 7337, -1,
      7337, 7364, 7365, -1,
      7337, 7365, 7338, -1,
      7338, 7365, 7366, -1,
      7338, 7366, 7339, -1,
      7339, 7366, 7367, -1,
      7339, 7367, 7340, -1,
      7340, 7367, 7368, -1,
      7340, 7368, 7341, -1,
      7341, 7368, 7369, -1,
      7341, 7369, 7342, -1,
      7342, 7369, 7370, -1,
      7342, 7370, 7343, -1,
      7343, 7370, 7371, -1,
      7343, 7371, 7344, -1,
      7344, 7371, 7372, -1,
      7344, 7372, 7345, -1,
      7345, 7372, 7373, -1,
      7345, 7373, 7346, -1,
      7346, 7373, 7374, -1,
      7346, 7374, 7347, -1,
      7347, 7374, 7375, -1,
      7347, 7375, 7348, -1,
      7348, 7375, 7376, -1,
      7348, 7376, 7349, -1,
      7349, 7376, 7377, -1,
      7349, 7377, 7350, -1,
      7350, 7377, 7351, -1,
      7377, 7378, 7351, -1,
      7351, 7378, 7379, -1,
      7351, 7379, 7352, -1,
      7352, 7379, 7380, -1,
      7352, 7380, 7353, -1,
      7353, 7380, 7381, -1,
      7353, 7381, 7354, -1,
      7354, 7381, 7382, -1,
      7354, 7382, 7355, -1,
      7355, 7382, 7383, -1,
      7355, 7383, 7356, -1,
      7356, 7383, 7384, -1,
      7356, 7384, 7357, -1,
      7357, 7384, 7385, -1,
      7357, 7385, 7358, -1,
      7358, 7385, 7386, -1,
      7358, 7386, 7359, -1,
      7359, 7386, 7387, -1,
      7359, 7387, 7360, -1,
      7360, 7387, 7388, -1,
      7360, 7388, 7361, -1,
      7361, 7388, 7389, -1,
      7361, 7389, 7362, -1,
      7362, 7389, 7390, -1,
      7362, 7390, 7363, -1,
      7363, 7390, 7391, -1,
      7363, 7391, 7364, -1,
      7364, 7391, 7392, -1,
      7364, 7392, 7365, -1,
      7365, 7392, 7393, -1,
      7365, 7393, 7366, -1,
      7366, 7393, 7394, -1,
      7366, 7394, 7367, -1,
      7367, 7394, 7395, -1,
      7367, 7395, 7368, -1,
      7368, 7395, 7396, -1,
      7368, 7396, 7369, -1,
      7369, 7396, 7397, -1,
      7369, 7397, 7370, -1,
      7370, 7397, 7398, -1,
      7370, 7398, 7371, -1,
      7371, 7398, 7399, -1,
      7371, 7399, 7372, -1,
      7372, 7399, 7400, -1,
      7372, 7400, 7373, -1,
      7373, 7400, 7401, -1,
      7373, 7401, 7374, -1,
      7374, 7401, 7402, -1,
      7374, 7402, 7375, -1,
      7375, 7402, 7403, -1,
      7375, 7403, 7376, -1,
      7376, 7403, 7404, -1,
      7376, 7404, 7377, -1,
      7377, 7404, 7378, -1,
      7404, 7405, 7378, -1,
      7378, 7405, 7406, -1,
      7378, 7406, 7379, -1,
      7379, 7406, 7407, -1,
      7379, 7407, 7380, -1,
      7380, 7407, 7408, -1,
      7380, 7408, 7381, -1,
      7381, 7408, 7409, -1,
      7381, 7409, 7382, -1,
      7382, 7409, 7410, -1,
      7382, 7410, 7383, -1,
      7383, 7410, 7411, -1,
      7383, 7411, 7384, -1,
      7384, 7411, 7412, -1,
      7384, 7412, 7385, -1,
      7385, 7412, 7413, -1,
      7385, 7413, 7386, -1,
      7386, 7413, 7414, -1,
      7386, 7414, 7387, -1,
      7387, 7414, 7415, -1,
      7387, 7415, 7388, -1,
      7388, 7415, 7416, -1,
      7388, 7416, 7389, -1,
      7389, 7416, 7417, -1,
      7389, 7417, 7390, -1,
      7390, 7417, 7418, -1,
      7390, 7418, 7391, -1,
      7391, 7418, 7419, -1,
      7391, 7419, 7392, -1,
      7392, 7419, 7420, -1,
      7392, 7420, 7393, -1,
      7393, 7420, 7421, -1,
      7393, 7421, 7394, -1,
      7394, 7421, 7422, -1,
      7394, 7422, 7395, -1,
      7395, 7422, 7423, -1,
      7395, 7423, 7396, -1,
      7396, 7423, 7424, -1,
      7396, 7424, 7397, -1,
      7397, 7424, 7425, -1,
      7397, 7425, 7398, -1,
      7398, 7425, 7426, -1,
      7398, 7426, 7399, -1,
      7399, 7426, 7427, -1,
      7399, 7427, 7400, -1,
      7400, 7427, 7428, -1,
      7400, 7428, 7401, -1,
      7401, 7428, 7429, -1,
      7401, 7429, 7402, -1,
      7402, 7429, 7430, -1,
      7402, 7430, 7403, -1,
      7403, 7430, 7431, -1,
      7403, 7431, 7404, -1,
      7404, 7431, 7405, -1,
      7431, 7432, 7405, -1,
      7405, 7432, 7433, -1,
      7405, 7433, 7406, -1,
      7406, 7433, 7434, -1,
      7406, 7434, 7407, -1,
      7407, 7434, 7435, -1,
      7407, 7435, 7408, -1,
      7408, 7435, 7436, -1,
      7408, 7436, 7409, -1,
      7409, 7436, 7437, -1,
      7409, 7437, 7410, -1,
      7410, 7437, 7438, -1,
      7410, 7438, 7411, -1,
      7411, 7438, 7439, -1,
      7411, 7439, 7412, -1,
      7412, 7439, 7440, -1,
      7412, 7440, 7413, -1,
      7413, 7440, 7441, -1,
      7413, 7441, 7414, -1,
      7414, 7441, 7442, -1,
      7414, 7442, 7415, -1,
      7415, 7442, 7443, -1,
      7415, 7443, 7416, -1,
      7416, 7443, 7444, -1,
      7416, 7444, 7417, -1,
      7417, 7444, 7445, -1,
      7417, 7445, 7418, -1,
      7418, 7445, 7446, -1,
      7418, 7446, 7419, -1,
      7419, 7446, 7447, -1,
      7419, 7447, 7420, -1,
      7420, 7447, 7448, -1,
      7420, 7448, 7421, -1,
      7421, 7448, 7449, -1,
      7421, 7449, 7422, -1,
      7422, 7449, 7450, -1,
      7422, 7450, 7423, -1,
      7423, 7450, 7451, -1,
      7423, 7451, 7424, -1,
      7424, 7451, 7452, -1,
      7424, 7452, 7425, -1,
      7425, 7452, 7453, -1,
      7425, 7453, 7426, -1,
      7426, 7453, 7454, -1,
      7426, 7454, 7427, -1,
      7427, 7454, 7455, -1,
      7427, 7455, 7428, -1,
      7428, 7455, 7456, -1,
      7428, 7456, 7429, -1,
      7429, 7456, 7457, -1,
      7429, 7457, 7430, -1,
      7430, 7457, 7458, -1,
      7430, 7458, 7431, -1,
      7431, 7458, 7432, -1,
      7458, 7323, 7432, -1,
      7432, 7323, 7067, -1,
      7432, 7067, 7433, -1,
      7433, 7067, 6811, -1,
      7433, 6811, 7434, -1,
      7434, 6811, 6555, -1,
      7434, 6555, 7435, -1,
      7435, 6555, 6299, -1,
      7435, 6299, 7436, -1,
      7436, 6299, 6043, -1,
      7436, 6043, 7437, -1,
      7437, 6043, 5787, -1,
      7437, 5787, 7438, -1,
      7438, 5787, 5531, -1,
      7438, 5531, 7439, -1,
      7439, 5531, 5275, -1,
      7439, 5275, 7440, -1,
      7440, 5275, 5019, -1,
      7440, 5019, 7441, -1,
      7441, 5019, 4763, -1,
      7441, 4763, 7442, -1,
      7442, 4763, 4507, -1,
      7442, 4507, 7443, -1,
      7443, 4507, 4251, -1,
      7443, 4251, 7444, -1,
      7444, 4251, 3995, -1,
      7444, 3995, 7445, -1,
      7445, 3995, 3739, -1,
      7445, 3739, 7446, -1,
      7446, 3739, 3483, -1,
      7446, 3483, 7447, -1,
      7447, 3483, 3227, -1,
      7447, 3227, 7448, -1,
      7448, 3227, 2971, -1,
      7448, 2971, 7449, -1,
      7449, 2971, 2715, -1,
      7449, 2715, 7450, -1,
      7450, 2715, 2459, -1,
      7450, 2459, 7451, -1,
      7451, 2459, 2203, -1,
      7451, 2203, 7452, -1,
      7452, 2203, 1947, -1,
      7452, 1947, 7453, -1,
      7453, 1947, 1691, -1,
      7453, 1691, 7454, -1,
      7454, 1691, 1435, -1,
      7454, 1435, 7455, -1,
      7455, 1435, 1179, -1,
      7455, 1179, 7456, -1,
      7456, 1179, 922, -1,
      7456, 922, 7457, -1,
      7457, 922, 923, -1,
      7457, 923, 7458, -1,
      7458, 923, 7323, -1,
      388, 387, 7068, -1,
      7068, 387, 412, -1,
      7068, 412, 7069, -1,
      7069, 412, 414, -1,
      7069, 414, 7070, -1,
      7070, 414, 416, -1,
      7070, 416, 7071, -1,
      7071, 416, 418, -1,
      7071, 418, 7072, -1,
      7072, 418, 420, -1,
      7072, 420, 7073, -1,
      7073, 420, 422, -1,
      7073, 422, 7074, -1,
      7074, 422, 424, -1,
      7074, 424, 7075, -1,
      7075, 424, 426, -1,
      7075, 426, 7076, -1,
      7076, 426, 428, -1,
      7076, 428, 7077, -1,
      7077, 428, 430, -1,
      7077, 430, 7078, -1,
      7078, 430, 432, -1,
      7078, 432, 7079, -1,
      7079, 432, 434, -1,
      7079, 434, 7080, -1,
      7080, 434, 436, -1,
      7080, 436, 7081, -1,
      7081, 436, 438, -1,
      7081, 438, 7082, -1,
      7082, 438, 440, -1,
      7082, 440, 7083, -1,
      7083, 440, 442, -1,
      7083, 442, 7084, -1,
      7084, 442, 444, -1,
      7084, 444, 7085, -1,
      7085, 444, 446, -1,
      7085, 446, 7086, -1,
      7086, 446, 448, -1,
      7086, 448, 7087, -1,
      7087, 448, 450, -1,
      7087, 450, 7088, -1,
      7088, 450, 452, -1,
      7088, 452, 7089, -1,
      7089, 452, 454, -1,
      7089, 454, 7090, -1,
      7090, 454, 456, -1,
      7090, 456, 7091, -1,
      7091, 456, 458, -1,
      7091, 458, 7092, -1,
      7092, 458, 460, -1,
      7092, 460, 7093, -1,
      7093, 460, 462, -1,
      7093, 462, 7094, -1,
      7094, 462, 464, -1,
      7094, 464, 7095, -1,
      7095, 464, 466, -1,
      7095, 466, 7096, -1,
      7096, 466, 468, -1,
      7096, 468, 7097, -1,
      7097, 468, 470, -1,
      7097, 470, 7098, -1,
      7098, 470, 472, -1,
      7098, 472, 7099, -1,
      7099, 472, 474, -1,
      7099, 474, 7100, -1,
      7100, 474, 476, -1,
      7100, 476, 7101, -1,
      7101, 476, 478, -1,
      7101, 478, 7102, -1,
      7102, 478, 480, -1,
      7102, 480, 7103, -1,
      7103, 480, 482, -1,
      7103, 482, 7104, -1,
      7104, 482, 484, -1,
      7104, 484, 7105, -1,
      7105, 484, 486, -1,
      7105, 486, 7106, -1,
      7106, 486, 488, -1,
      7106, 488, 7107, -1,
      7107, 488, 490, -1,
      7107, 490, 7108, -1,
      7108, 490, 492, -1,
      7108, 492, 7109, -1,
      7109, 492, 494, -1,
      7109, 494, 7110, -1,
      7110, 494, 496, -1,
      7110, 496, 7111, -1,
      7111, 496, 498, -1,
      7111, 498, 7112, -1,
      7112, 498, 500, -1,
      7112, 500, 7113, -1,
      7113, 500, 502, -1,
      7113, 502, 7114, -1,
      7114, 502, 504, -1,
      7114, 504, 7115, -1,
      7115, 504, 506, -1,
      7115, 506, 7116, -1,
      7116, 506, 508, -1,
      7116, 508, 7117, -1,
      7117, 508, 510, -1,
      7117, 510, 7118, -1,
      7118, 510, 512, -1,
      7118, 512, 7119, -1,
      7119, 512, 514, -1,
      7119, 514, 7120, -1,
      7120, 514, 516, -1,
      7120, 516, 7121, -1,
      7121, 516, 518, -1,
      7121, 518, 7122, -1,
      7122, 518, 520, -1,
      7122, 520, 7123, -1,
      7123, 520, 522, -1,
      7123, 522, 7124, -1,
      7124, 522, 524, -1,
      7124, 524, 7125, -1,
      7125, 524, 526, -1,
      7125, 526, 7126, -1,
      7126, 526, 528, -1,
      7126, 528, 7127, -1,
      7127, 528, 530, -1,
      7127, 530, 7128, -1,
      7128, 530, 532, -1,
      7128, 532, 7129, -1,
      7129, 532, 534, -1,
      7129, 534, 7130, -1,
      7130, 534, 536, -1,
      7130, 536, 7131, -1,
      7131, 536, 538, -1,
      7131, 538, 7132, -1,
      7132, 538, 540, -1,
      7132, 540, 7133, -1,
      7133, 540, 542, -1,
      7133, 542, 7134, -1,
      7134, 542, 544, -1,
      7134, 544, 7135, -1,
      7135, 544, 546, -1,
      7135, 546, 7136, -1,
      7136, 546, 548, -1,
      7136, 548, 7137, -1,
      7137, 548, 550, -1,
      7137, 550, 7138, -1,
      7138, 550, 552, -1,
      7138, 552, 7139, -1,
      7139, 552, 554, -1,
      7139, 554, 7140, -1,
      7140, 554, 556, -1,
      7140, 556, 7141, -1,
      7141, 556, 558, -1,
      7141, 558, 7142, -1,
      7142, 558, 560, -1,
      7142, 560, 7143, -1,
      7143, 560, 562, -1,
      7143, 562, 7144, -1,
      7144, 562, 564, -1,
      7144, 564, 7145, -1,
      7145, 564, 566, -1,
      7145, 566, 7146, -1,
      7146, 566, 568, -1,
      7146, 568, 7147, -1,
      7147, 568, 570, -1,
      7147, 570, 7148, -1,
      7148, 570, 572, -1,
      7148, 572, 7149, -1,
      7149, 572, 574, -1,
      7149, 574, 7150, -1,
      7150, 574, 576, -1,
      7150, 576, 7151, -1,
      7151, 576, 578, -1,
      7151, 578, 7152, -1,
      7152, 578, 580, -1,
      7152, 580, 7153, -1,
      7153, 580, 582, -1,
      7153, 582, 7154, -1,
      7154, 582, 584, -1,
      7154, 584, 7155, -1,
      7155, 584, 586, -1,
      7155, 586, 7156, -1,
      7156, 586, 588, -1,
      7156, 588, 7157, -1,
      7157, 588, 590, -1,
      7157, 590, 7158, -1,
      7158, 590, 592, -1,
      7158, 592, 7159, -1,
      7159, 592, 594, -1,
      7159, 594, 7160, -1,
      7160, 594, 596, -1,
      7160, 596, 7161, -1,
      7161, 596, 598, -1,
      7161, 598, 7162, -1,
      7162, 598, 600, -1,
      7162, 600, 7163, -1,
      7163, 600, 602, -1,
      7163, 602, 7164, -1,
      7164, 602, 604, -1,
      7164, 604, 7165, -1,
      7165, 604, 606, -1,
      7165, 606, 7166, -1,
      7166, 606, 608, -1,
      7166, 608, 7167, -1,
      7167, 608, 610, -1,
      7167, 610, 7168, -1,
      7168, 610, 612, -1,
      7168, 612, 7169, -1,
      7169, 612, 614, -1,
      7169, 614, 7170, -1,
      7170, 614, 616, -1,
      7170, 616, 7171, -1,
      7171, 616, 618, -1,
      7171, 618, 7172, -1,
      7172, 618, 620, -1,
      7172, 620, 7173, -1,
      7173, 620, 622, -1,
      7173, 622, 7174, -1,
      7174, 622, 624, -1,
      7174, 624, 7175, -1,
      7175, 624, 626, -1,
      7175, 626, 7176, -1,
      7176, 626, 628, -1,
      7176, 628, 7177, -1,
      7177, 628, 630, -1,
      7177, 630, 7178, -1,
      7178, 630, 632, -1,
      7178, 632, 7179, -1,
      7179, 632, 634, -1,
      7179, 634, 7180, -1,
      7180, 634, 636, -1,
      7180, 636, 7181, -1,
      7181, 636, 638, -1,
      7181, 638, 7182, -1,
      7182, 638, 640, -1,
      7182, 640, 7183, -1,
      7183, 640, 642, -1,
      7183, 642, 7184, -1,
      7184, 642, 644, -1,
      7184, 644, 7185, -1,
      7185, 644, 646, -1,
      7185, 646, 7186, -1,
      7186, 646, 648, -1,
      7186, 648, 7187, -1,
      7187, 648, 650, -1,
      7187, 650, 7188, -1,
      7188, 650, 652, -1,
      7188, 652, 7189, -1,
      7189, 652, 654, -1,
      7189, 654, 7190, -1,
      7190, 654, 656, -1,
      7190, 656, 7191, -1,
      7191, 656, 658, -1,
      7191, 658, 7192, -1,
      7192, 658, 660, -1,
      7192, 660, 7193, -1,
      7193, 660, 662, -1,
      7193, 662, 7194, -1,
      7194, 662, 664, -1,
      7194, 664, 7195, -1,
      7195, 664, 666, -1,
      359, 357, 669, -1,
      669, 357, 7196, -1,
      669, 7196, 671, -1,
      671, 7196, 7197, -1,
      671, 7197, 673, -1,
      673, 7197, 7198, -1,
      673, 7198, 675, -1,
      675, 7198, 7199, -1,
      675, 7199, 677, -1,
      677, 7199, 7200, -1,
      677, 7200, 679, -1,
      679, 7200, 7201, -1,
      679, 7201, 681, -1,
      681, 7201, 7202, -1,
      681, 7202, 683, -1,
      683, 7202, 7203, -1,
      683, 7203, 685, -1,
      685, 7203, 7204, -1,
      685, 7204, 687, -1,
      687, 7204, 7205, -1,
      687, 7205, 689, -1,
      689, 7205, 7206, -1,
      689, 7206, 691, -1,
      691, 7206, 7207, -1,
      691, 7207, 693, -1,
      693, 7207, 7208, -1,
      693, 7208, 695, -1,
      695, 7208, 7209, -1,
      695, 7209, 697, -1,
      697, 7209, 7210, -1,
      697, 7210, 699, -1,
      699, 7210, 7211, -1,
      699, 7211, 701, -1,
      701, 7211, 7212, -1,
      701, 7212, 703, -1,
      703, 7212, 7213, -1,
      703, 7213, 705, -1,
      705, 7213, 7214, -1,
      705, 7214, 707, -1,
      707, 7214, 7215, -1,
      707, 7215, 709, -1,
      709, 7215, 7216, -1,
      709, 7216, 711, -1,
      711, 7216, 7217, -1,
      711, 7217, 713, -1,
      713, 7217, 7218, -1,
      713, 7218, 715, -1,
      715, 7218, 7219, -1,
      715, 7219, 717, -1,
      717, 7219, 7220, -1,
      717, 7220, 719, -1,
      719, 7220, 7221, -1,
      719, 7221, 721, -1,
      721, 7221, 7222, -1,
      721, 7222, 723, -1,
      723, 7222, 7223, -1,
      723, 7223, 725, -1,
      725, 7223, 7224, -1,
      725, 7224, 727, -1,
      727, 7224, 7225, -1,
      727, 7225, 729, -1,
      729, 7225, 7226, -1,
      729, 7226, 731, -1,
      731, 7226, 7227, -1,
      731, 7227, 733, -1,
      733, 7227, 7228, -1,
      733, 7228, 735, -1,
      735, 7228, 7229, -1,
      735, 7229, 737, -1,
      737, 7229, 7230, -1,
      737, 7230, 739, -1,
      739, 7230, 7231, -1,
      739, 7231, 741, -1,
      741, 7231, 7232, -1,
      741, 7232, 743, -1,
      743, 7232, 7233, -1,
      743, 7233, 745, -1,
      745, 7233, 7234, -1,
      745, 7234, 747, -1,
      747, 7234, 7235, -1,
      747, 7235, 749, -1,
      749, 7235, 7236, -1,
      749, 7236, 751, -1,
      751, 7236, 7237, -1,
      751, 7237, 753, -1,
      753, 7237, 7238, -1,
      753, 7238, 755, -1,
      755, 7238, 7239, -1,
      755, 7239, 757, -1,
      757, 7239, 7240, -1,
      757, 7240, 759, -1,
      759, 7240, 7241, -1,
      759, 7241, 761, -1,
      761, 7241, 7242, -1,
      761, 7242, 763, -1,
      763, 7242, 7243, -1,
      763, 7243, 765, -1,
      765, 7243, 7244, -1,
      765, 7244, 767, -1,
      767, 7244, 7245, -1,
      767, 7245, 769, -1,
      769, 7245, 7246, -1,
      769, 7246, 771, -1,
      771, 7246, 7247, -1,
      771, 7247, 773, -1,
      773, 7247, 7248, -1,
      773, 7248, 775, -1,
      775, 7248, 7249, -1,
      775, 7249, 777, -1,
      777, 7249, 7250, -1,
      777, 7250, 779, -1,
      779, 7250, 7251, -1,
      779, 7251, 781, -1,
      781, 7251, 7252, -1,
      781, 7252, 783, -1,
      783, 7252, 7253, -1,
      783, 7253, 785, -1,
      785, 7253, 7254, -1,
      785, 7254, 787, -1,
      787, 7254, 7255, -1,
      787, 7255, 789, -1,
      789, 7255, 7256, -1,
      789, 7256, 791, -1,
      791, 7256, 7257, -1,
      791, 7257, 793, -1,
      793, 7257, 7258, -1,
      793, 7258, 795, -1,
      795, 7258, 7259, -1,
      795, 7259, 797, -1,
      797, 7259, 7260, -1,
      797, 7260, 799, -1,
      799, 7260, 7261, -1,
      799, 7261, 801, -1,
      801, 7261, 7262, -1,
      801, 7262, 803, -1,
      803, 7262, 7263, -1,
      803, 7263, 805, -1,
      805, 7263, 7264, -1,
      805, 7264, 807, -1,
      807, 7264, 7265, -1,
      807, 7265, 809, -1,
      809, 7265, 7266, -1,
      809, 7266, 811, -1,
      811, 7266, 7267, -1,
      811, 7267, 813, -1,
      813, 7267, 7268, -1,
      813, 7268, 815, -1,
      815, 7268, 7269, -1,
      815, 7269, 817, -1,
      817, 7269, 7270, -1,
      817, 7270, 819, -1,
      819, 7270, 7271, -1,
      819, 7271, 821, -1,
      821, 7271, 7272, -1,
      821, 7272, 823, -1,
      823, 7272, 7273, -1,
      823, 7273, 825, -1,
      825, 7273, 7274, -1,
      825, 7274, 827, -1,
      827, 7274, 7275, -1,
      827, 7275, 829, -1,
      829, 7275, 7276, -1,
      829, 7276, 831, -1,
      831, 7276, 7277, -1,
      831, 7277, 833, -1,
      833, 7277, 7278, -1,
      833, 7278, 835, -1,
      835, 7278, 7279, -1,
      835, 7279, 837, -1,
      837, 7279, 7280, -1,
      837, 7280, 839, -1,
      839, 7280, 7281, -1,
      839, 7281, 841, -1,
      841, 7281, 7282, -1,
      841, 7282, 843, -1,
      843, 7282, 7283, -1,
      843, 7283, 845, -1,
      845, 7283, 7284, -1,
      845, 7284, 847, -1,
      847, 7284, 7285, -1,
      847, 7285, 849, -1,
      849, 7285, 7286, -1,
      849, 7286, 851, -1,
      851, 7286, 7287, -1,
      851, 7287, 853, -1,
      853, 7287, 7288, -1,
      853, 7288, 855, -1,
      855, 7288, 7289, -1,
      855, 7289, 857, -1,
      857, 7289, 7290, -1,
      857, 7290, 859, -1,
      859, 7290, 7291, -1,
      859, 7291, 861, -1,
      861, 7291, 7292, -1,
      861, 7292, 863, -1,
      863, 7292, 7293, -1,
      863, 7293, 865, -1,
      865, 7293, 7294, -1,
      865, 7294, 867, -1,
      867, 7294, 7295, -1,
      867, 7295, 869, -1,
      869, 7295, 7296, -1,
      869, 7296, 871, -1,
      871, 7296, 7297, -1,
      871, 7297, 873, -1,
      873, 7297, 7298, -1,
      873, 7298, 875, -1,
      875, 7298, 7299, -1,
      875, 7299, 877, -1,
      877, 7299, 7300, -1,
      877, 7300, 879, -1,
      879, 7300, 7301, -1,
      879, 7301, 881, -1,
      881, 7301, 7302, -1,
      881, 7302, 883, -1,
      883, 7302, 7303, -1,
      883, 7303, 885, -1,
      885, 7303, 7304, -1,
      885, 7304, 887, -1,
      887, 7304, 7305, -1,
      887, 7305, 889, -1,
      889, 7305, 7306, -1,
      889, 7306, 891, -1,
      891, 7306, 7307, -1,
      891, 7307, 893, -1,
      893, 7307, 7308, -1,
      893, 7308, 895, -1,
      895, 7308, 7309, -1,
      895, 7309, 897, -1,
      897, 7309, 7310, -1,
      897, 7310, 899, -1,
      899, 7310, 7311, -1,
      899, 7311, 901, -1,
      901, 7311, 7312, -1,
      901, 7312, 903, -1,
      903, 7312, 7313, -1,
      903, 7313, 905, -1,
      905, 7313, 7314, -1,
      905, 7314, 907, -1,
      907, 7314, 7315, -1,
      907, 7315, 909, -1,
      909, 7315, 7316, -1,
      909, 7316, 911, -1,
      911, 7316, 7317, -1,
      911, 7317, 913, -1,
      913, 7317, 7318, -1,
      913, 7318, 915, -1,
      915, 7318, 7319, -1,
      915, 7319, 917, -1,
      917, 7319, 7320, -1,
      917, 7320, 919, -1,
      919, 7320, 7321, -1,
      919, 7321, 921, -1,
      921, 7321, 7322, -1,
      921, 7322, 923, -1,
      923, 7322, 7323, -1,
    ]
  }
}

Shape {
  appearance Appearance {
    material Material {
      diffuseColor 1.0000 1.0000 0.0000
      specularColor 0.5020 0.5020 0.0000
      ambientIntensity 0.2
      transparency 0.0000
      shininess 0.5
    }
  }
  geometry IndexedFaceSet {
    ccw TRUE
    solid FALSE
    coord DEF co Coordinate {
      point [
        2.726378 -2.706693 -0.665354,
        2.726378 -2.765748 -0.665354,
        2.726378 -2.706693 -0.744094,
        2.726378 -2.765748 -0.744094,
      ]
    }
    coordIndex [
      0, 1, 2, -1,
      2, 1, 3, -1,
    ]
  }
}

Shape {
  appearance Appearance {
    material Material {
      diffuseColor 1.0000 1.0000 1.0000
      specularColor 0.5020 0.5020 0.5020
      ambientIntensity 0.2
      transparency 0.0000
      shininess 0.5
    }
  }
  geometry IndexedFaceSet {
    ccw TRUE
    solid FALSE
    coord DEF co Coordinate {
      point [
        2.053085 1.720245 -0.078740,
        2.053085 1.720245 0.000000,
        1.820866 3.025591 -0.082677,
        1.820866 2.946850 -0.082677,
        1.820866 3.025591 -0.661417,
        1.820866 2.946850 -0.661417,
        1.584646 2.946850 -0.082677,
        1.584646 3.025591 -0.082677,
        1.584646 2.946850 -0.661417,
        1.584646 3.025591 -0.661417,
        1.520844 0.893473 -0.078740,
        1.520844 1.365914 -0.078740,
        1.659383 2.113946 -0.078740,
        2.643701 -2.234252 -0.078740,
        2.643701 -2.549213 -0.078740,
        2.429134 -2.234252 -0.078740,
        2.171260 -2.549213 -0.078740,
        2.429134 -2.194882 -0.078740,
        2.271654 -2.234252 -0.078740,
        2.271654 -2.194882 -0.078740,
        2.268772 -1.289370 -0.078740,
        2.271654 -1.289370 -0.078740,
        2.268772 -2.194882 -0.078740,
        2.175197 -3.021654 -0.078740,
        2.175197 -3.139764 -0.078740,
        2.171260 -3.100394 -0.078740,
        2.171260 -3.139764 -0.078740,
        2.131890 -3.100394 -0.078740,
        2.131890 -3.057087 -0.078740,
        -2.253937 -0.568898 -0.078740,
        -1.953965 -0.118110 -0.078740,
        -2.253937 -1.553150 -0.078740,
        -1.953965 -2.082041 -0.078740,
        -2.643701 -1.553150 -0.078740,
        1.099699 -0.308744 -0.078740,
        1.099699 -0.118110 -0.078740,
        1.266463 -0.118110 -0.078740,
        2.171260 -2.627953 -0.078740,
        1.986500 -2.950507 -0.078740,
        1.978346 -2.944251 -0.078740,
        -2.519338 0.503310 -0.078740,
        -1.938141 -0.059055 -0.078740,
        -1.949941 -0.087541 -0.078740,
        -2.490157 0.541339 -0.078740,
        -2.490157 0.726581 -0.078740,
        -2.332677 0.726581 -0.078740,
        1.478071 1.346966 -0.078740,
        1.478071 0.893473 -0.078740,
        -1.555005 -0.087541 -0.078740,
        1.092460 -0.366776 -0.078740,
        1.274375 -2.111569 -0.078740,
        1.283760 -2.123799 -0.078740,
        0.780586 -2.082041 -0.078740,
        1.295991 -2.133184 -0.078740,
        -1.342065 -2.111569 -0.078740,
        -1.332680 -2.123799 -0.078740,
        -1.837867 -2.097326 -0.078740,
        -2.529528 0.501969 -0.078740,
        -2.643701 -0.568898 -0.078740,
        -2.643701 0.501969 -0.078740,
        -1.235487 -1.568350 -0.078740,
        -1.547360 -0.337760 -0.078740,
        2.171260 -3.021654 -0.078740,
        1.998031 -3.057087 -0.078740,
        1.968851 -2.940318 -0.078740,
        1.958661 -2.938976 -0.078740,
        -1.550980 -0.308744 -0.078740,
        -1.550980 -0.118110 -0.078740,
        -1.610035 -0.015824 -0.078740,
        -1.585574 -0.034594 -0.078740,
        -1.566804 -0.059055 -0.078740,
        1.325519 -2.141096 -0.078740,
        1.340803 -2.139084 -0.078740,
        2.022991 -2.214567 -0.078740,
        1.355046 -2.133184 -0.078740,
        2.019058 -2.205072 -0.078740,
        1.367277 -2.123799 -0.078740,
        2.017717 -2.194882 -0.078740,
        1.310234 -2.139084 -0.078740,
        1.998031 -2.978346 -0.078740,
        1.996690 -2.968157 -0.078740,
        1.992757 -2.958661 -0.078740,
        -2.643701 -3.139764 -0.078740,
        -1.951953 -2.097326 -0.078740,
        -1.946053 -2.111569 -0.078740,
        -1.638521 -0.004024 -0.078740,
        -1.669091 0.000000 -0.078740,
        -1.835855 0.000000 -0.078740,
        -1.866424 -0.004024 -0.078740,
        -1.894910 -0.015824 -0.078740,
        -1.919371 -0.034594 -0.078740,
        -2.491499 0.531149 -0.078740,
        -2.509843 0.507243 -0.078740,
        -2.501689 0.513500 -0.078740,
        -2.495432 0.521654 -0.078740,
        0.780586 -1.597365 -0.078740,
        1.266463 -2.082041 -0.078740,
        1.268476 -2.097326 -0.078740,
        2.046897 -2.232910 -0.078740,
        2.037402 -2.228977 -0.078740,
        2.029248 -2.222720 -0.078740,
        -1.936668 -2.123799 -0.078740,
        -1.924437 -2.133184 -0.078740,
        -2.332677 -3.139764 -0.078740,
        -1.910194 -2.139084 -0.078740,
        -1.731798 -3.022117 -0.078740,
        -1.894910 -2.141096 -0.078740,
        -1.879625 -2.139084 -0.078740,
        2.411417 2.746063 -0.078740,
        2.643701 2.746063 -0.078740,
        2.163899 2.377186 -0.078740,
        2.057087 -2.234252 -0.078740,
        -1.865382 -2.133184 -0.078740,
        -1.853152 -2.123799 -0.078740,
        -1.843767 -2.111569 -0.078740,
        -1.835855 -2.082041 -0.078740,
        -1.349977 -2.082041 -0.078740,
        -1.347965 -2.097326 -0.078740,
        0.706246 -2.139084 -0.078740,
        0.721531 -2.141096 -0.078740,
        0.736815 -2.139084 -0.078740,
        -1.320450 -2.133184 -0.078740,
        -1.306207 -2.139084 -0.078740,
        -1.124698 -2.942573 -0.078740,
        2.163899 0.143682 -0.078740,
        2.643701 -1.250000 -0.078740,
        1.757065 0.143682 -0.078740,
        2.429134 -1.250000 -0.078740,
        0.778574 -2.097326 -0.078740,
        0.772674 -2.111569 -0.078740,
        1.099699 -0.000000 -0.078740,
        1.069130 -0.004024 -0.078740,
        0.985613 -0.087541 -0.078740,
        0.981589 -0.118110 -0.078740,
        0.981589 -0.308744 -0.078740,
        2.643701 1.021171 -0.078740,
        2.552089 1.021171 -0.078740,
        2.552089 1.786968 -0.078740,
        2.643701 1.786968 -0.078740,
        0.751059 -2.133184 -0.078740,
        0.763289 -2.123799 -0.078740,
        1.948472 -2.940318 -0.078740,
        1.938976 -2.944251 -0.078740,
        0.692004 -2.133184 -0.078740,
        1.930822 -2.950507 -0.078740,
        1.924566 -2.958661 -0.078740,
        1.384574 -0.118110 -0.078740,
        1.380549 -0.087541 -0.078740,
        1.368750 -0.059055 -0.078740,
        1.349980 -0.034594 -0.078740,
        1.757065 1.720245 -0.078740,
        2.053085 2.113946 -0.078740,
        0.977969 -0.337760 -0.078740,
        0.666095 -1.568350 -0.078740,
        0.662476 -1.597365 -0.078740,
        1.384574 -2.082041 -0.078740,
        2.022991 -1.269685 -0.078740,
        1.505906 2.746063 -0.078740,
        1.505906 2.864173 -0.078740,
        1.584646 2.864173 -0.078740,
        1.584646 2.942913 -0.078740,
        1.820866 2.942913 -0.078740,
        -1.290922 -2.141096 -0.078740,
        -1.275637 -2.139084 -0.078740,
        -0.513793 -2.901447 -0.078740,
        2.046897 -1.251341 -0.078740,
        2.037402 -1.255274 -0.078740,
        2.029248 -1.261531 -0.078740,
        2.017717 -1.289370 -0.078740,
        1.376662 -2.111569 -0.078740,
        2.019058 -1.279180 -0.078740,
        1.382561 -2.097326 -0.078740,
        1.820866 2.864173 -0.078740,
        1.899606 2.864173 -0.078740,
        1.899606 2.746063 -0.078740,
        -2.563339 2.941572 -0.078740,
        -2.572835 2.937639 -0.078740,
        -2.643701 3.139764 -0.078740,
        -2.580988 2.931382 -0.078740,
        -2.587245 2.923228 -0.078740,
        -1.669091 -0.118110 -0.078740,
        -1.669091 -0.308744 -0.078740,
        -1.835855 -0.118110 -0.078740,
        -1.661851 -0.366776 -0.078740,
        -1.349977 -1.597365 -0.078740,
        0.664488 -2.097326 -0.078740,
        0.670388 -2.111569 -0.078740,
        0.098490 -2.898903 -0.078740,
        1.920633 -2.968157 -0.078740,
        1.919291 -2.978346 -0.078740,
        1.325519 -0.015824 -0.078740,
        1.297033 -0.004024 -0.078740,
        1.266463 0.000000 -0.078740,
        2.432016 -2.194882 -0.078740,
        2.432016 -1.289370 -0.078740,
        2.429134 -1.289370 -0.078740,
        2.271654 -1.250000 -0.078740,
        2.057087 -1.250000 -0.078740,
        -2.334019 2.520032 -0.078740,
        -1.984263 2.084274 -0.078740,
        -2.332677 2.509843 -0.078740,
        -2.017717 2.116142 -0.078740,
        -2.332677 2.352362 -0.078740,
        -1.938976 2.942913 -0.078740,
        -1.938976 2.746063 -0.078740,
        -2.470472 2.942913 -0.078740,
        -2.470472 2.864173 -0.078740,
        -2.332677 1.435243 -0.078740,
        -1.987761 1.828943 -0.078740,
        -1.961604 1.867028 -0.078740,
        -1.781496 2.942913 -0.078740,
        1.348425 2.942913 -0.078740,
        -1.781496 2.746063 -0.078740,
        1.348425 2.746063 -0.078740,
        0.662476 -2.082041 -0.078740,
        -1.231867 -2.082041 -0.078740,
        0.679773 -2.123799 -0.078740,
        1.040644 -0.015824 -0.078740,
        1.016183 -0.034594 -0.078740,
        0.997413 -0.059055 -0.078740,
        2.057087 2.746063 -0.078740,
        2.057087 3.139764 -0.078740,
        2.411417 3.139764 -0.078740,
        -2.591178 2.893354 -0.078740,
        -2.643701 2.549213 -0.078740,
        -2.592520 2.903543 -0.078740,
        -2.591178 2.913733 -0.078740,
        -2.344208 2.537681 -0.078740,
        -2.352362 2.543938 -0.078740,
        -1.938995 1.955965 -0.078740,
        -1.945045 1.910161 -0.078740,
        1.585776 2.377186 -0.078740,
        1.585776 1.928511 -0.078740,
        1.919291 -3.122096 -0.078740,
        1.317455 -3.009448 -0.078740,
        0.709716 -2.934951 -0.078740,
        -2.474409 3.139764 -0.078740,
        -2.474409 2.942913 -0.078740,
        -2.553150 2.942913 -0.078740,
        -2.587245 2.883858 -0.078740,
        -2.580988 2.875704 -0.078740,
        -2.572835 2.869448 -0.078740,
        -1.261395 -2.133184 -0.078740,
        -1.249164 -2.123799 -0.078740,
        -1.239779 -2.111569 -0.078740,
        -1.233879 -2.097326 -0.078740,
        -2.337952 2.529528 -0.078740,
        -1.943788 2.001918 -0.078740,
        -1.959159 2.045488 -0.078740,
        -1.231867 -1.597365 -0.078740,
        -2.563339 2.865515 -0.078740,
        -2.553150 2.864173 -0.078740,
        -2.372047 2.549213 -0.078740,
        -2.361857 2.547871 -0.078740,
        2.429134 -1.250000 0.000000,
        2.643701 -1.250000 0.000000,
        2.643701 1.021171 0.000000,
        2.429134 -2.194882 0.000000,
        2.432016 -2.194882 0.000000,
        2.432016 -1.289370 0.000000,
        2.643701 -2.549213 0.000000,
        2.643701 -2.234252 0.000000,
        2.171260 -2.549213 -0.000000,
        2.429134 -2.234252 0.000000,
        1.899606 2.864173 0.000000,
        1.820866 2.864173 0.000000,
        1.505906 2.746063 0.000000,
        1.384574 -0.118110 0.000000,
        2.163899 0.143682 0.000000,
        1.757065 0.143682 0.000000,
        2.552089 1.786968 0.000000,
        2.643701 1.786968 0.000000,
        2.643701 2.746063 0.000000,
        1.505906 2.864173 0.000000,
        1.584646 2.864173 0.000000,
        1.584646 2.942913 0.000000,
        1.820866 2.942913 0.000000,
        2.268772 -1.289370 -0.000000,
        2.268772 -2.194882 0.000000,
        2.271654 -1.289370 0.000000,
        2.271654 -2.194882 0.000000,
        2.131890 -3.100394 0.000000,
        2.171260 -3.100394 0.000000,
        2.131890 -3.057087 0.000000,
        2.171260 -2.627953 -0.000000,
        2.057087 -2.234252 0.000000,
        2.271654 -2.234252 0.000000,
        2.429134 -1.289370 0.000000,
        2.053085 2.113946 0.000000,
        1.757065 1.720245 0.000000,
        1.659383 2.113946 0.000000,
        2.271654 -1.250000 0.000000,
        2.411417 2.746063 0.000000,
        2.411417 3.139764 0.000000,
        2.057087 3.139764 0.000000,
        1.998031 -2.978346 0.000000,
        1.998031 -3.057087 0.000000,
        0.981589 -0.118110 0.000000,
        0.985613 -0.087541 0.000000,
        -1.231867 -1.597365 0.000000,
        1.384574 -2.082041 0.000000,
        2.552089 1.021171 0.000000,
        2.163899 2.377186 0.000000,
        0.679773 -2.123799 0.000000,
        0.670388 -2.111569 0.000000,
        0.664488 -2.097326 0.000000,
        2.037402 -1.255274 0.000000,
        2.046897 -1.251341 0.000000,
        -1.235487 -1.568350 0.000000,
        1.478071 0.893473 0.000000,
        2.057087 2.746063 0.000000,
        1.899606 2.746063 0.000000,
        1.585776 2.377186 0.000000,
        1.348425 2.942913 0.000000,
        -1.781496 2.942913 0.000000,
        -1.781496 2.746063 0.000000,
        2.037402 -2.228977 0.000000,
        2.029248 -2.222720 0.000000,
        1.958661 -2.938976 0.000000,
        2.022991 -2.214567 0.000000,
        2.019058 -2.205072 0.000000,
        1.520844 1.365914 0.000000,
        1.520844 0.893473 0.000000,
        1.325519 -0.015824 0.000000,
        1.349980 -0.034594 0.000000,
        1.368750 -0.059055 0.000000,
        1.380549 -0.087541 0.000000,
        -1.547360 -0.337760 0.000000,
        -1.555005 -0.087541 0.000000,
        -1.550980 -0.118110 0.000000,
        1.348425 2.746063 0.000000,
        2.057087 -1.250000 0.000000,
        1.968851 -2.940318 0.000000,
        1.978346 -2.944251 0.000000,
        1.986500 -2.950507 0.000000,
        1.992757 -2.958661 0.000000,
        1.996690 -2.968157 0.000000,
        1.325519 -2.141096 0.000000,
        1.310234 -2.139084 0.000000,
        1.317455 -3.009448 0.000000,
        2.017717 -1.289370 0.000000,
        2.019058 -1.279180 0.000000,
        2.022991 -1.269685 0.000000,
        2.029248 -1.261531 0.000000,
        -1.865382 -2.133184 0.000000,
        -1.879625 -2.139084 0.000000,
        -1.731798 -3.022117 0.000000,
        -1.894910 -2.141096 0.000000,
        -2.332677 -3.139764 0.000000,
        -1.910194 -2.139084 0.000000,
        -2.643701 -3.139764 0.000000,
        -1.924437 -2.133184 0.000000,
        -1.936668 -2.123799 0.000000,
        -1.946053 -2.111569 0.000000,
        -2.643701 -1.553150 0.000000,
        0.662476 -2.082041 0.000000,
        0.662476 -1.597365 0.000000,
        0.666095 -1.568350 0.000000,
        1.069130 -0.004024 0.000000,
        1.099699 -0.000000 0.000000,
        1.266463 0.000000 0.000000,
        1.297033 -0.004024 0.000000,
        -1.550980 -0.308744 0.000000,
        1.478071 1.346966 0.000000,
        1.585776 1.928511 0.000000,
        -1.610035 -0.015824 0.000000,
        -1.585574 -0.034594 0.000000,
        -2.332677 0.726581 0.000000,
        -1.938976 2.942913 0.000000,
        -2.470472 2.942913 0.000000,
        -2.470472 2.864173 0.000000,
        -1.332680 -2.123799 0.000000,
        -1.320450 -2.133184 0.000000,
        -1.306207 -2.139084 0.000000,
        0.997413 -0.059055 0.000000,
        1.016183 -0.034594 0.000000,
        1.040644 -0.015824 0.000000,
        -2.253937 -1.553150 0.000000,
        -1.951953 -2.097326 0.000000,
        -2.253937 -0.568898 0.000000,
        -1.938976 2.746063 0.000000,
        -2.587245 2.923228 0.000000,
        -2.580988 2.931382 0.000000,
        -2.643701 3.139764 -0.000000,
        -2.572835 2.937639 0.000000,
        1.919291 -2.978346 0.000000,
        1.920633 -2.968157 0.000000,
        1.340803 -2.139084 0.000000,
        1.924566 -2.958661 0.000000,
        1.930822 -2.950507 0.000000,
        0.709716 -2.934951 0.000000,
        1.295991 -2.133184 0.000000,
        1.283760 -2.123799 0.000000,
        -1.290922 -2.141096 0.000000,
        -1.124698 -2.942573 0.000000,
        -1.275637 -2.139084 0.000000,
        -1.669091 -0.308744 0.000000,
        -1.669091 -0.118110 0.000000,
        -1.835855 -0.118110 0.000000,
        -1.342065 -2.111569 0.000000,
        -1.837867 -2.097326 0.000000,
        -1.843767 -2.111569 0.000000,
        -1.853152 -2.123799 0.000000,
        2.046897 -2.232910 0.000000,
        0.977969 -0.337760 0.000000,
        0.981589 -0.308744 0.000000,
        -2.491499 0.531149 0.000000,
        -2.495432 0.521654 0.000000,
        -2.501689 0.513500 0.000000,
        -2.587245 2.883858 0.000000,
        -2.591178 2.893354 0.000000,
        -2.643701 2.549213 0.000000,
        -2.592520 2.903543 0.000000,
        -2.591178 2.913733 0.000000,
        1.919291 -3.122096 0.000000,
        2.017717 -2.194882 0.000000,
        1.948472 -2.940318 0.000000,
        1.938976 -2.944251 0.000000,
        1.382561 -2.097326 0.000000,
        1.376662 -2.111569 0.000000,
        1.367277 -2.123799 0.000000,
        1.355046 -2.133184 0.000000,
        -1.261395 -2.133184 0.000000,
        -0.513793 -2.901447 0.000000,
        -1.249164 -2.123799 0.000000,
        -2.509843 0.507243 0.000000,
        -2.519338 0.503310 0.000000,
        -2.643701 -0.568898 0.000000,
        -2.529528 0.501969 0.000000,
        -2.643701 0.501969 0.000000,
        -1.938141 -0.059055 0.000000,
        -1.919371 -0.034594 0.000000,
        -2.563339 2.865515 0.000000,
        -2.572835 2.869448 0.000000,
        -2.580988 2.875704 0.000000,
        0.772674 -2.111569 0.000000,
        1.268476 -2.097326 0.000000,
        0.778574 -2.097326 0.000000,
        1.266463 -2.082041 0.000000,
        0.780586 -2.082041 0.000000,
        0.751059 -2.133184 0.000000,
        0.763289 -2.123799 0.000000,
        1.274375 -2.111569 0.000000,
        -2.332677 2.352362 0.000000,
        -2.017717 2.116142 0.000000,
        -1.984263 2.084274 0.000000,
        -1.959159 2.045488 0.000000,
        -1.943788 2.001918 0.000000,
        -2.490157 0.541339 0.000000,
        -2.490157 0.726581 0.000000,
        -1.953965 -2.082041 0.000000,
        -1.953965 -0.118110 0.000000,
        -1.949941 -0.087541 0.000000,
        -2.372047 2.549213 0.000000,
        -2.361857 2.547871 0.000000,
        -2.352362 2.543938 0.000000,
        -2.344208 2.537681 0.000000,
        -2.337952 2.529528 0.000000,
        -2.334019 2.520032 0.000000,
        -2.332677 2.509843 0.000000,
        -2.474409 2.942913 -0.000000,
        -2.474409 3.139764 -0.000000,
        -2.553150 2.942913 0.000000,
        -2.563339 2.941572 0.000000,
        0.736815 -2.139084 0.000000,
        0.721531 -2.141096 0.000000,
        0.706246 -2.139084 0.000000,
        -1.938995 1.955965 0.000000,
        -1.566804 -0.059055 0.000000,
        -2.332677 1.435243 0.000000,
        -1.987761 1.828943 0.000000,
        -1.961604 1.867028 0.000000,
        -1.945045 1.910161 0.000000,
        -1.894910 -0.015824 0.000000,
        -1.866424 -0.004024 0.000000,
        -1.835855 0.000000 0.000000,
        -1.347965 -2.097326 0.000000,
        -1.349977 -2.082041 0.000000,
        -1.835855 -2.082041 0.000000,
        -1.349977 -1.597365 0.000000,
        -1.661851 -0.366776 0.000000,
        -1.669091 0.000000 0.000000,
        -1.638521 -0.004024 0.000000,
        -1.239779 -2.111569 0.000000,
        0.098490 -2.898903 0.000000,
        -1.233879 -2.097326 0.000000,
        -1.231867 -2.082041 0.000000,
        0.692004 -2.133184 0.000000,
        -2.553150 2.864173 0.000000,
        1.099699 -0.118110 0.000000,
        1.099699 -0.308744 0.000000,
        1.266463 -0.118110 0.000000,
        1.092460 -0.366776 0.000000,
        0.780586 -1.597365 0.000000,
        -2.470472 3.139764 -0.082677,
        -2.391732 3.139764 -0.082677,
        -2.470472 3.139764 -0.661417,
        -2.391732 3.139764 -0.661417,
        -2.391732 2.942913 -0.082677,
        -2.470472 2.942913 -0.082677,
        -2.391732 2.942913 -0.661417,
        -2.470472 2.942913 -0.661417,
        1.998031 -3.061024 -0.669291,
        1.998031 -3.139764 -0.669291,
        1.998031 -3.061024 -0.590551,
        1.998031 -3.139764 -0.590551,
        2.131890 -3.139764 -0.082677,
        1.998031 -3.139764 -0.082677,
        1.998031 -3.139764 -0.118110,
        2.086961 -3.139764 -0.513152,
        2.096457 -3.139764 -0.517085,
        2.104611 -3.139764 -0.523342,
        2.110867 -3.139764 -0.531496,
        2.114800 -3.139764 -0.540991,
        2.116142 -3.139764 -0.551181,
        2.131890 -3.139764 -0.669291,
        2.114800 -3.139764 -0.561371,
        2.076772 -3.139764 -0.511811,
        1.998031 -3.139764 -0.511811,
        2.110867 -3.139764 -0.570866,
        2.104611 -3.139764 -0.579020,
        2.096457 -3.139764 -0.585277,
        2.076772 -3.139764 -0.590551,
        2.086961 -3.139764 -0.589210,
        1.998031 -3.061024 -0.118110,
        1.998031 -3.061024 -0.082677,
        2.131890 -3.061024 -0.082677,
        2.131890 -3.061024 -0.669291,
        2.076772 -3.061024 -0.590551,
        2.086961 -3.061024 -0.589210,
        2.096457 -3.061024 -0.585277,
        2.104611 -3.061024 -0.579020,
        2.110867 -3.061024 -0.570866,
        2.114800 -3.061024 -0.540991,
        2.116142 -3.061024 -0.551181,
        2.114800 -3.061024 -0.561371,
        2.110867 -3.061024 -0.531496,
        2.104611 -3.061024 -0.523342,
        2.096457 -3.061024 -0.517085,
        1.998031 -3.061024 -0.511811,
        2.076772 -3.061024 -0.511811,
        2.086961 -3.061024 -0.513152,
        2.131890 -3.078485 -0.002817,
        2.131890 -3.098425 -0.011077,
        2.131890 -3.100394 -0.012250,
        -2.643701 -3.139764 -0.511811,
        -2.643701 -3.061024 -0.511811,
        -2.533465 -3.139764 -0.511811,
        -2.533465 -3.061024 -0.511811,
        -2.643701 -3.061024 -0.118110,
        -2.643701 -3.139764 -0.118110,
        -2.533465 -3.061024 -0.118110,
        -2.533465 -3.139764 -0.118110,
        -2.726378 -2.841077 -0.493235,
        -2.726378 -3.057087 -0.511811,
        -2.726378 -2.841077 -0.237304,
        -2.726378 -3.057087 -0.118110,
        -2.726378 -2.527420 -0.237304,
        -2.726378 -2.810309 -0.719778,
        -2.726378 -2.812992 -0.740157,
        -2.726378 -3.139764 -0.740157,
        -2.726378 -2.172522 -0.700787,
        -2.726378 -2.180388 -0.719778,
        -2.726378 -2.398912 -0.664100,
        -2.726378 -3.139764 -0.551181,
        -2.726378 -3.061024 -0.551181,
        -2.726331 -3.061023 -0.511811,
        -2.726378 -1.865427 -0.719778,
        -2.726378 -1.868110 -0.740157,
        -2.726378 -2.025591 -0.740157,
        -2.726378 -2.183071 -0.740157,
        -2.726378 -2.340551 -0.740157,
        -2.726378 -2.343234 -0.719778,
        -2.726378 -2.351100 -0.700787,
        -2.726378 -2.363614 -0.684480,
        -2.726378 -2.379921 -0.671967,
        -2.726378 -1.710630 -0.740157,
        -2.726378 -1.713313 -0.719778,
        -2.726378 -1.553150 -0.740157,
        -2.726378 -1.721179 -0.700787,
        -2.726378 -1.553150 -0.082677,
        -2.726378 -1.733693 -0.684480,
        -2.726378 -2.419291 -0.661417,
        -2.726378 -2.527420 -0.493235,
        -2.726378 -2.439671 -0.664100,
        -2.726378 -1.845048 -0.684480,
        -2.726378 -1.857561 -0.700787,
        -2.726378 -2.036140 -0.700787,
        -2.726378 -2.028274 -0.719778,
        -2.726378 -2.237092 -0.237304,
        -2.726378 -1.890093 -0.237304,
        -2.726378 -1.890093 -0.493235,
        -2.726378 -1.750000 -0.671967,
        -2.726378 -2.498031 -0.740157,
        -2.726378 -2.655512 -0.740157,
        -2.726378 -2.495348 -0.719778,
        -2.726378 -2.658195 -0.719778,
        -2.726378 -2.487482 -0.700787,
        -2.726378 -2.678574 -0.684480,
        -2.726378 -2.694882 -0.671967,
        -2.726378 -2.713872 -0.664100,
        -2.726378 -2.734252 -0.661417,
        -2.726378 -2.754631 -0.664100,
        -2.726378 -2.773622 -0.671967,
        -2.726378 -2.789930 -0.684480,
        -2.726378 -2.802443 -0.700787,
        -2.726378 -1.768991 -0.664100,
        -2.726378 -1.789370 -0.661417,
        -2.726378 -1.809750 -0.664100,
        -2.726378 -2.104331 -0.661417,
        -2.726378 -2.237092 -0.493235,
        -2.726378 -2.083951 -0.664100,
        -2.726378 -2.064961 -0.671967,
        -2.726378 -2.666061 -0.700787,
        -2.726378 -2.474969 -0.684480,
        -2.726378 -2.458661 -0.671967,
        -2.726378 -2.048653 -0.684480,
        -2.726378 -1.828740 -0.671967,
        -2.726378 -2.124710 -0.664100,
        -2.726378 -2.143701 -0.671967,
        -2.726378 -2.160008 -0.684480,
        -2.726331 -3.061023 -0.118110,
        -2.726378 -3.061024 -0.082677,
        -2.647638 -1.553150 -0.082677,
        -2.647638 -3.061024 -0.082677,
        -2.647638 -3.057087 -0.118110,
        -2.647638 -3.061024 -0.118110,
        -2.647638 -3.057087 -0.511811,
        -2.647638 -3.061024 -0.511811,
        -2.647638 -3.061024 -0.551181,
        -2.647638 -3.139764 -0.551181,
        -2.647638 -3.139764 -0.740157,
        -2.647638 -2.841077 -0.493235,
        -2.647638 -2.694882 -0.671967,
        -2.647638 -2.678574 -0.684480,
        -2.647638 -2.527420 -0.493235,
        -2.647638 -1.733693 -0.684480,
        -2.647638 -1.721179 -0.700787,
        -2.647638 -1.553150 -0.740157,
        -2.647638 -1.713313 -0.719778,
        -2.647638 -1.710630 -0.740157,
        -2.647638 -2.658195 -0.719778,
        -2.647638 -2.655512 -0.740157,
        -2.647638 -2.498031 -0.740157,
        -2.647638 -2.458661 -0.671967,
        -2.647638 -2.439671 -0.664100,
        -2.647638 -2.419291 -0.661417,
        -2.647638 -2.398912 -0.664100,
        -2.647638 -2.237092 -0.237304,
        -2.647638 -1.890093 -0.237304,
        -2.647638 -1.890093 -0.493235,
        -2.647638 -2.379921 -0.671967,
        -2.647638 -2.180388 -0.719778,
        -2.647638 -2.363614 -0.684480,
        -2.647638 -2.340551 -0.740157,
        -2.647638 -2.183071 -0.740157,
        -2.647638 -2.343234 -0.719778,
        -2.647638 -2.351100 -0.700787,
        -2.647638 -2.812992 -0.740157,
        -2.647638 -2.810309 -0.719778,
        -2.647638 -2.802443 -0.700787,
        -2.647638 -2.789930 -0.684480,
        -2.647638 -2.773622 -0.671967,
        -2.647638 -2.666061 -0.700787,
        -2.647638 -2.487482 -0.700787,
        -2.647638 -2.495348 -0.719778,
        -2.647638 -1.750000 -0.671967,
        -2.647638 -1.768991 -0.664100,
        -2.647638 -2.754631 -0.664100,
        -2.647638 -2.734252 -0.661417,
        -2.647638 -2.713872 -0.664100,
        -2.647638 -2.474969 -0.684480,
        -2.647638 -2.172522 -0.700787,
        -2.647638 -2.160008 -0.684480,
        -2.647638 -2.237092 -0.493235,
        -2.647638 -2.104331 -0.661417,
        -2.647638 -2.083951 -0.664100,
        -2.647638 -2.064961 -0.671967,
        -2.647638 -2.048653 -0.684480,
        -2.647638 -2.036140 -0.700787,
        -2.647638 -2.025591 -0.740157,
        -2.647638 -1.868110 -0.740157,
        -2.647638 -2.028274 -0.719778,
        -2.647638 -1.865427 -0.719778,
        -2.647638 -1.857561 -0.700787,
        -2.647638 -1.845048 -0.684480,
        -2.647638 -2.143701 -0.671967,
        -2.647638 -2.124710 -0.664100,
        -2.647638 -1.828740 -0.671967,
        -2.647638 -1.809750 -0.664100,
        -2.647638 -1.789370 -0.661417,
        -2.647638 -2.527420 -0.237304,
        -2.647638 -2.841077 -0.237304,
        2.665099 1.786968 -0.002817,
        2.665099 2.746063 -0.002817,
        2.685039 1.786968 -0.011077,
        2.685039 2.746063 -0.011077,
        2.702162 1.786968 -0.024216,
        2.702162 2.746063 -0.024216,
        2.715301 1.786968 -0.041339,
        2.715301 2.746063 -0.041339,
        2.723561 1.786968 -0.061279,
        2.723561 2.746063 -0.061279,
        2.726378 1.786968 -0.082677,
        2.726378 2.746063 -0.082677,
        2.647638 2.746063 -0.082677,
        2.647638 1.786968 -0.082677,
        2.647504 2.746063 -0.081658,
        2.647504 1.786968 -0.081658,
        2.647110 2.746063 -0.080709,
        2.647110 1.786968 -0.080709,
        2.646485 2.746063 -0.079893,
        2.646485 1.786968 -0.079893,
        2.645669 2.746063 -0.079268,
        2.645669 1.786968 -0.079268,
        2.644720 2.746063 -0.078874,
        2.644720 1.786968 -0.078874,
      ]
    }
    coordIndex [
      2, 3, 4, -1,
      4, 3, 5, -1,
      6, 7, 8, -1,
      8, 7, 9, -1,
      7, 2, 9, -1,
      9, 2, 4, -1,
      5, 3, 8, -1,
      8, 3, 6, -1,
      10, 11, 12, -1,
      13, 14, 15, -1,
      15, 14, 16, -1,
      17, 18, 19, -1,
      20, 21, 22, -1,
      22, 21, 19, -1,
      23, 24, 25, -1,
      25, 24, 26, -1,
      25, 27, 28, -1,
      29, 30, 31, -1,
      31, 30, 32, -1,
      31, 32, 33, -1,
      34, 35, 36, -1,
      37, 38, 39, -1,
      40, 41, 29, -1,
      29, 41, 42, -1,
      29, 42, 30, -1,
      43, 44, 45, -1,
      46, 47, 48, -1,
      34, 36, 49, -1,
      50, 51, 52, -1,
      52, 51, 53, -1,
      54, 55, 56, -1,
      40, 29, 57, -1,
      57, 29, 58, -1,
      57, 58, 59, -1,
      47, 60, 61, -1,
      23, 25, 62, -1,
      62, 25, 28, -1,
      62, 28, 63, -1,
      37, 39, 16, -1,
      16, 39, 64, -1,
      16, 64, 65, -1,
      61, 66, 47, -1,
      47, 66, 67, -1,
      47, 67, 48, -1,
      68, 45, 69, -1,
      69, 45, 46, -1,
      69, 46, 70, -1,
      70, 46, 48, -1,
      71, 72, 73, -1,
      73, 72, 74, -1,
      73, 74, 75, -1,
      75, 74, 76, -1,
      75, 76, 77, -1,
      16, 78, 71, -1,
      63, 79, 62, -1,
      62, 79, 80, -1,
      62, 80, 37, -1,
      37, 80, 81, -1,
      37, 81, 38, -1,
      33, 32, 82, -1,
      82, 32, 83, -1,
      82, 83, 84, -1,
      68, 85, 45, -1,
      45, 85, 86, -1,
      45, 86, 87, -1,
      87, 88, 45, -1,
      45, 88, 89, -1,
      45, 89, 43, -1,
      43, 89, 90, -1,
      43, 90, 91, -1,
      40, 92, 41, -1,
      41, 92, 93, -1,
      41, 93, 90, -1,
      90, 93, 94, -1,
      90, 94, 91, -1,
      49, 36, 95, -1,
      95, 36, 96, -1,
      95, 96, 52, -1,
      52, 96, 97, -1,
      52, 97, 50, -1,
      98, 16, 99, -1,
      99, 16, 71, -1,
      99, 71, 100, -1,
      100, 71, 73, -1,
      84, 101, 82, -1,
      82, 101, 102, -1,
      82, 102, 103, -1,
      103, 102, 104, -1,
      103, 104, 105, -1,
      105, 104, 106, -1,
      105, 106, 107, -1,
      108, 109, 110, -1,
      17, 15, 18, -1,
      18, 15, 16, -1,
      18, 16, 111, -1,
      111, 16, 98, -1,
      107, 112, 105, -1,
      105, 112, 113, -1,
      105, 113, 55, -1,
      55, 113, 114, -1,
      55, 114, 56, -1,
      115, 116, 56, -1,
      56, 116, 117, -1,
      56, 117, 54, -1,
      65, 118, 16, -1,
      16, 118, 119, -1,
      16, 119, 120, -1,
      55, 121, 105, -1,
      105, 121, 122, -1,
      105, 122, 123, -1,
      124, 125, 126, -1,
      126, 125, 127, -1,
      53, 78, 52, -1,
      52, 78, 16, -1,
      52, 16, 128, -1,
      128, 16, 129, -1,
      130, 131, 47, -1,
      132, 133, 60, -1,
      60, 133, 134, -1,
      135, 125, 136, -1,
      136, 125, 124, -1,
      136, 124, 137, -1,
      137, 124, 110, -1,
      137, 110, 138, -1,
      138, 110, 109, -1,
      120, 139, 16, -1,
      16, 139, 140, -1,
      16, 140, 129, -1,
      65, 141, 118, -1,
      118, 141, 142, -1,
      118, 142, 143, -1,
      143, 142, 144, -1,
      143, 144, 145, -1,
      127, 146, 126, -1,
      126, 146, 147, -1,
      126, 147, 148, -1,
      148, 149, 126, -1,
      126, 149, 10, -1,
      126, 10, 150, -1,
      150, 10, 12, -1,
      150, 12, 0, -1,
      0, 12, 151, -1,
      134, 152, 60, -1,
      60, 152, 153, -1,
      60, 153, 154, -1,
      155, 146, 156, -1,
      157, 158, 110, -1,
      110, 158, 159, -1,
      159, 160, 161, -1,
      122, 162, 123, -1,
      123, 162, 163, -1,
      123, 163, 164, -1,
      165, 166, 146, -1,
      146, 166, 167, -1,
      146, 167, 156, -1,
      77, 76, 168, -1,
      168, 76, 169, -1,
      168, 169, 170, -1,
      170, 169, 156, -1,
      156, 169, 171, -1,
      156, 171, 155, -1,
      172, 173, 174, -1,
      175, 176, 177, -1,
      177, 176, 178, -1,
      177, 178, 179, -1,
      180, 181, 182, -1,
      182, 181, 183, -1,
      182, 183, 115, -1,
      115, 183, 184, -1,
      115, 184, 116, -1,
      185, 186, 187, -1,
      187, 188, 189, -1,
      149, 190, 10, -1,
      10, 190, 191, -1,
      10, 191, 47, -1,
      47, 191, 192, -1,
      47, 192, 130, -1,
      193, 17, 194, -1,
      194, 17, 19, -1,
      194, 19, 195, -1,
      195, 19, 21, -1,
      195, 21, 127, -1,
      127, 21, 196, -1,
      127, 196, 146, -1,
      146, 196, 197, -1,
      146, 197, 165, -1,
      198, 199, 200, -1,
      200, 199, 201, -1,
      200, 201, 202, -1,
      203, 204, 205, -1,
      205, 204, 206, -1,
      45, 207, 46, -1,
      46, 207, 208, -1,
      46, 208, 209, -1,
      210, 211, 212, -1,
      212, 211, 213, -1,
      214, 185, 215, -1,
      145, 188, 143, -1,
      143, 188, 187, -1,
      143, 187, 216, -1,
      216, 187, 186, -1,
      131, 217, 47, -1,
      47, 217, 218, -1,
      47, 218, 60, -1,
      60, 218, 219, -1,
      60, 219, 132, -1,
      220, 221, 222, -1,
      223, 224, 225, -1,
      225, 224, 177, -1,
      225, 177, 226, -1,
      226, 177, 179, -1,
      227, 228, 206, -1,
      204, 212, 229, -1,
      229, 212, 46, -1,
      229, 46, 230, -1,
      230, 46, 209, -1,
      157, 110, 213, -1,
      213, 110, 231, -1,
      213, 231, 212, -1,
      212, 231, 232, -1,
      212, 232, 46, -1,
      233, 234, 189, -1,
      189, 234, 235, -1,
      189, 235, 187, -1,
      236, 237, 177, -1,
      177, 237, 238, -1,
      177, 238, 175, -1,
      223, 239, 224, -1,
      224, 239, 240, -1,
      224, 240, 241, -1,
      163, 242, 164, -1,
      164, 242, 243, -1,
      164, 243, 187, -1,
      187, 243, 244, -1,
      187, 244, 185, -1,
      185, 244, 245, -1,
      185, 245, 215, -1,
      161, 172, 159, -1,
      159, 172, 174, -1,
      159, 174, 110, -1,
      110, 174, 220, -1,
      110, 220, 108, -1,
      108, 220, 222, -1,
      227, 206, 246, -1,
      229, 247, 204, -1,
      204, 247, 248, -1,
      204, 248, 206, -1,
      206, 248, 199, -1,
      206, 199, 246, -1,
      246, 199, 198, -1,
      214, 215, 154, -1,
      154, 215, 249, -1,
      154, 249, 60, -1,
      241, 250, 224, -1,
      224, 250, 251, -1,
      224, 251, 252, -1,
      252, 251, 206, -1,
      252, 206, 253, -1,
      253, 206, 228, -1,
      254, 255, 256, -1,
      257, 258, 259, -1,
      260, 261, 262, -1,
      262, 261, 263, -1,
      264, 265, 266, -1,
      267, 268, 269, -1,
      270, 271, 272, -1,
      273, 266, 274, -1,
      274, 266, 265, -1,
      274, 265, 275, -1,
      275, 265, 276, -1,
      277, 278, 279, -1,
      279, 278, 280, -1,
      281, 282, 283, -1,
      283, 282, 284, -1,
      283, 284, 285, -1,
      285, 284, 262, -1,
      285, 262, 286, -1,
      286, 262, 263, -1,
      286, 263, 280, -1,
      280, 263, 257, -1,
      280, 257, 287, -1,
      287, 257, 259, -1,
      1, 288, 289, -1,
      289, 288, 290, -1,
      287, 254, 280, -1,
      280, 254, 256, -1,
      280, 256, 279, -1,
      279, 256, 291, -1,
      292, 293, 294, -1,
      295, 296, 283, -1,
      297, 298, 299, -1,
      267, 300, 268, -1,
      268, 300, 301, -1,
      268, 301, 302, -1,
      303, 304, 299, -1,
      299, 304, 305, -1,
      306, 307, 301, -1,
      308, 299, 309, -1,
      310, 311, 312, -1,
      313, 314, 315, -1,
      316, 317, 318, -1,
      318, 317, 319, -1,
      318, 319, 320, -1,
      290, 321, 289, -1,
      289, 321, 322, -1,
      289, 322, 269, -1,
      269, 322, 323, -1,
      269, 323, 324, -1,
      324, 325, 269, -1,
      269, 325, 326, -1,
      269, 326, 267, -1,
      308, 309, 327, -1,
      294, 310, 292, -1,
      292, 310, 312, -1,
      292, 312, 272, -1,
      272, 312, 302, -1,
      272, 302, 270, -1,
      270, 302, 301, -1,
      328, 329, 315, -1,
      315, 329, 330, -1,
      315, 330, 313, -1,
      301, 307, 256, -1,
      256, 307, 331, -1,
      256, 331, 291, -1,
      332, 333, 285, -1,
      333, 334, 285, -1,
      285, 334, 335, -1,
      285, 335, 283, -1,
      283, 335, 336, -1,
      283, 336, 295, -1,
      337, 338, 339, -1,
      340, 341, 300, -1,
      300, 341, 342, -1,
      300, 342, 301, -1,
      301, 342, 343, -1,
      301, 343, 306, -1,
      344, 345, 346, -1,
      346, 345, 347, -1,
      346, 347, 348, -1,
      348, 347, 349, -1,
      348, 349, 350, -1,
      350, 349, 351, -1,
      351, 352, 350, -1,
      350, 352, 353, -1,
      350, 353, 354, -1,
      305, 355, 299, -1,
      299, 355, 356, -1,
      299, 356, 357, -1,
      358, 359, 309, -1,
      309, 359, 360, -1,
      309, 360, 322, -1,
      322, 360, 361, -1,
      322, 361, 323, -1,
      327, 309, 362, -1,
      362, 309, 363, -1,
      362, 363, 329, -1,
      329, 363, 364, -1,
      329, 364, 330, -1,
      330, 364, 312, -1,
      330, 312, 266, -1,
      266, 312, 311, -1,
      266, 311, 264, -1,
      365, 366, 367, -1,
      368, 369, 370, -1,
      371, 346, 372, -1,
      372, 346, 373, -1,
      298, 374, 299, -1,
      299, 374, 375, -1,
      299, 375, 309, -1,
      309, 375, 376, -1,
      309, 376, 358, -1,
      354, 353, 377, -1,
      377, 353, 378, -1,
      377, 378, 379, -1,
      368, 370, 380, -1,
      381, 382, 383, -1,
      383, 382, 384, -1,
      385, 386, 387, -1,
      387, 386, 388, -1,
      387, 388, 389, -1,
      339, 338, 390, -1,
      390, 338, 391, -1,
      390, 391, 392, -1,
      373, 346, 393, -1,
      393, 346, 394, -1,
      393, 394, 395, -1,
      396, 397, 398, -1,
      399, 400, 371, -1,
      371, 400, 401, -1,
      371, 401, 346, -1,
      346, 401, 402, -1,
      346, 402, 344, -1,
      332, 285, 318, -1,
      318, 285, 403, -1,
      318, 403, 316, -1,
      357, 404, 299, -1,
      299, 404, 405, -1,
      299, 405, 297, -1,
      406, 407, 379, -1,
      379, 407, 408, -1,
      409, 410, 411, -1,
      411, 410, 412, -1,
      411, 412, 383, -1,
      383, 412, 413, -1,
      383, 413, 381, -1,
      337, 339, 387, -1,
      387, 339, 414, -1,
      387, 414, 385, -1,
      320, 415, 318, -1,
      318, 415, 340, -1,
      318, 340, 416, -1,
      416, 340, 300, -1,
      416, 300, 417, -1,
      417, 300, 418, -1,
      418, 419, 417, -1,
      417, 419, 420, -1,
      417, 420, 389, -1,
      389, 420, 421, -1,
      389, 421, 387, -1,
      395, 394, 422, -1,
      422, 394, 423, -1,
      422, 423, 424, -1,
      408, 425, 379, -1,
      379, 425, 426, -1,
      379, 426, 427, -1,
      427, 426, 428, -1,
      427, 428, 429, -1,
      430, 431, 367, -1,
      432, 433, 411, -1,
      411, 433, 434, -1,
      411, 434, 409, -1,
      435, 436, 437, -1,
      437, 436, 438, -1,
      437, 438, 439, -1,
      440, 390, 441, -1,
      441, 390, 392, -1,
      441, 392, 435, -1,
      435, 392, 442, -1,
      435, 442, 436, -1,
      380, 443, 315, -1,
      315, 443, 444, -1,
      444, 445, 315, -1,
      315, 445, 446, -1,
      315, 446, 447, -1,
      406, 379, 448, -1,
      448, 379, 367, -1,
      448, 367, 449, -1,
      378, 450, 379, -1,
      379, 450, 451, -1,
      379, 451, 367, -1,
      367, 451, 452, -1,
      367, 452, 430, -1,
      453, 454, 370, -1,
      370, 454, 455, -1,
      370, 455, 456, -1,
      456, 457, 370, -1,
      370, 457, 458, -1,
      370, 458, 380, -1,
      380, 458, 459, -1,
      380, 459, 443, -1,
      460, 461, 462, -1,
      462, 461, 383, -1,
      462, 383, 463, -1,
      463, 383, 384, -1,
      440, 464, 390, -1,
      390, 464, 465, -1,
      390, 465, 466, -1,
      447, 467, 315, -1,
      315, 467, 468, -1,
      315, 468, 328, -1,
      469, 367, 470, -1,
      470, 367, 366, -1,
      470, 366, 471, -1,
      471, 366, 468, -1,
      471, 468, 472, -1,
      472, 468, 467, -1,
      431, 473, 367, -1,
      367, 473, 474, -1,
      367, 474, 475, -1,
      399, 476, 400, -1,
      400, 476, 477, -1,
      400, 477, 478, -1,
      478, 477, 479, -1,
      478, 479, 398, -1,
      398, 479, 480, -1,
      398, 480, 396, -1,
      475, 481, 367, -1,
      367, 481, 482, -1,
      367, 482, 365, -1,
      424, 423, 483, -1,
      483, 423, 484, -1,
      483, 484, 485, -1,
      485, 484, 390, -1,
      485, 390, 486, -1,
      486, 390, 466, -1,
      486, 466, 299, -1,
      299, 466, 487, -1,
      299, 487, 303, -1,
      453, 370, 411, -1,
      411, 370, 488, -1,
      411, 488, 432, -1,
      489, 490, 491, -1,
      491, 490, 492, -1,
      491, 492, 438, -1,
      438, 492, 493, -1,
      438, 493, 439, -1,
      311, 174, 264, -1,
      264, 174, 173, -1,
      157, 266, 158, -1,
      158, 266, 273, -1,
      494, 495, 496, -1,
      496, 495, 497, -1,
      498, 499, 500, -1,
      500, 499, 501, -1,
      495, 498, 497, -1,
      497, 498, 500, -1,
      501, 499, 496, -1,
      496, 499, 494, -1,
      502, 503, 504, -1,
      504, 503, 505, -1,
      506, 507, 508, -1,
      509, 510, 506, -1,
      506, 510, 511, -1,
      506, 511, 512, -1,
      512, 513, 506, -1,
      506, 513, 514, -1,
      506, 514, 515, -1,
      515, 514, 516, -1,
      509, 506, 517, -1,
      517, 506, 508, -1,
      517, 508, 518, -1,
      516, 519, 515, -1,
      515, 519, 520, -1,
      515, 520, 521, -1,
      505, 503, 522, -1,
      522, 503, 515, -1,
      522, 515, 523, -1,
      523, 515, 521, -1,
      524, 525, 526, -1,
      502, 504, 527, -1,
      527, 504, 528, -1,
      527, 528, 529, -1,
      529, 530, 527, -1,
      527, 530, 531, -1,
      527, 531, 532, -1,
      533, 526, 534, -1,
      534, 526, 527, -1,
      534, 527, 535, -1,
      535, 527, 532, -1,
      533, 536, 526, -1,
      526, 536, 537, -1,
      526, 537, 538, -1,
      539, 524, 540, -1,
      540, 524, 526, -1,
      540, 526, 541, -1,
      541, 526, 538, -1,
      283, 542, 281, -1,
      281, 542, 543, -1,
      281, 543, 544, -1,
      233, 414, 234, -1,
      234, 414, 339, -1,
      234, 339, 235, -1,
      235, 339, 390, -1,
      235, 390, 187, -1,
      187, 390, 484, -1,
      187, 484, 164, -1,
      164, 484, 423, -1,
      164, 423, 123, -1,
      123, 423, 394, -1,
      123, 394, 105, -1,
      105, 394, 346, -1,
      105, 346, 103, -1,
      103, 346, 348, -1,
      545, 546, 547, -1,
      547, 546, 548, -1,
      549, 550, 551, -1,
      551, 550, 552, -1,
      550, 545, 552, -1,
      552, 545, 547, -1,
      548, 546, 551, -1,
      551, 546, 549, -1,
      553, 554, 555, -1,
      555, 554, 556, -1,
      555, 556, 557, -1,
      558, 559, 560, -1,
      561, 562, 563, -1,
      560, 564, 565, -1,
      566, 554, 565, -1,
      565, 554, 553, -1,
      565, 553, 560, -1,
      567, 568, 569, -1,
      570, 571, 562, -1,
      562, 571, 572, -1,
      562, 572, 573, -1,
      573, 574, 562, -1,
      562, 574, 575, -1,
      562, 575, 563, -1,
      576, 577, 578, -1,
      578, 577, 579, -1,
      578, 579, 580, -1,
      580, 579, 581, -1,
      563, 582, 583, -1,
      583, 582, 584, -1,
      585, 586, 587, -1,
      587, 586, 567, -1,
      587, 567, 588, -1,
      588, 567, 569, -1,
      589, 580, 590, -1,
      590, 580, 581, -1,
      590, 581, 591, -1,
      591, 581, 592, -1,
      593, 594, 595, -1,
      595, 594, 596, -1,
      595, 596, 597, -1,
      598, 599, 583, -1,
      583, 599, 600, -1,
      583, 600, 553, -1,
      553, 600, 601, -1,
      553, 601, 602, -1,
      602, 603, 553, -1,
      553, 603, 604, -1,
      553, 604, 560, -1,
      560, 604, 605, -1,
      560, 605, 558, -1,
      592, 606, 591, -1,
      591, 606, 607, -1,
      591, 607, 608, -1,
      609, 610, 611, -1,
      611, 610, 591, -1,
      611, 591, 612, -1,
      596, 613, 597, -1,
      597, 613, 598, -1,
      597, 598, 614, -1,
      614, 598, 583, -1,
      614, 583, 615, -1,
      615, 583, 584, -1,
      612, 591, 616, -1,
      616, 591, 608, -1,
      616, 608, 587, -1,
      587, 608, 617, -1,
      587, 617, 585, -1,
      609, 618, 610, -1,
      610, 618, 619, -1,
      610, 619, 620, -1,
      621, 622, 556, -1,
      556, 622, 580, -1,
      556, 580, 557, -1,
      557, 580, 589, -1,
      557, 589, 583, -1,
      583, 589, 610, -1,
      583, 610, 563, -1,
      563, 610, 620, -1,
      563, 620, 561, -1,
      623, 624, 625, -1,
      625, 624, 626, -1,
      627, 628, 629, -1,
      630, 631, 629, -1,
      629, 631, 632, -1,
      629, 632, 627, -1,
      627, 632, 625, -1,
      633, 634, 635, -1,
      636, 637, 638, -1,
      638, 637, 639, -1,
      638, 639, 640, -1,
      641, 642, 643, -1,
      644, 645, 635, -1,
      635, 645, 646, -1,
      635, 646, 647, -1,
      625, 648, 623, -1,
      623, 648, 649, -1,
      623, 649, 650, -1,
      647, 651, 652, -1,
      652, 651, 653, -1,
      654, 655, 656, -1,
      656, 655, 652, -1,
      656, 652, 657, -1,
      657, 652, 653, -1,
      658, 659, 631, -1,
      631, 659, 660, -1,
      631, 660, 632, -1,
      632, 660, 661, -1,
      632, 661, 662, -1,
      634, 663, 664, -1,
      664, 663, 641, -1,
      664, 641, 665, -1,
      665, 641, 643, -1,
      638, 623, 636, -1,
      636, 623, 650, -1,
      636, 650, 666, -1,
      666, 650, 667, -1,
      662, 668, 632, -1,
      632, 668, 669, -1,
      632, 669, 635, -1,
      635, 669, 670, -1,
      635, 670, 633, -1,
      634, 664, 635, -1,
      635, 664, 671, -1,
      635, 671, 644, -1,
      672, 673, 674, -1,
      674, 675, 650, -1,
      650, 675, 676, -1,
      676, 677, 650, -1,
      650, 677, 678, -1,
      650, 678, 679, -1,
      680, 681, 682, -1,
      682, 681, 683, -1,
      682, 683, 679, -1,
      679, 683, 684, -1,
      679, 684, 685, -1,
      673, 686, 674, -1,
      674, 686, 687, -1,
      674, 687, 675, -1,
      685, 688, 679, -1,
      679, 688, 689, -1,
      679, 689, 650, -1,
      650, 689, 690, -1,
      650, 690, 667, -1,
      652, 672, 647, -1,
      647, 672, 674, -1,
      647, 674, 635, -1,
      635, 674, 648, -1,
      635, 648, 691, -1,
      691, 648, 625, -1,
      691, 625, 692, -1,
      692, 625, 632, -1,
      564, 560, 630, -1,
      630, 560, 631, -1,
      576, 578, 640, -1,
      640, 578, 638, -1,
      681, 680, 568, -1,
      568, 680, 569, -1,
      655, 654, 570, -1,
      570, 654, 571, -1,
      643, 642, 593, -1,
      593, 642, 594, -1,
      272, 271, 693, -1,
      272, 693, 694, -1,
      694, 693, 695, -1,
      694, 695, 696, -1,
      696, 695, 697, -1,
      696, 697, 698, -1,
      698, 697, 699, -1,
      698, 699, 700, -1,
      700, 699, 701, -1,
      700, 701, 702, -1,
      702, 701, 703, -1,
      702, 703, 704, -1,
      705, 706, 707, -1,
      707, 706, 708, -1,
      707, 708, 709, -1,
      709, 708, 710, -1,
      709, 710, 711, -1,
      711, 710, 712, -1,
      711, 712, 713, -1,
      713, 712, 714, -1,
      713, 714, 715, -1,
      715, 714, 716, -1,
      715, 716, 109, -1,
      109, 716, 138, -1,
    ]
  }
}

Shape {
  appearance Appearance {
    material Material {
      diffuseColor 1.0000 1.0000 0.0000
      specularColor 0.5020 0.5020 0.0000
      ambientIntensity 0.2
      transparency 0.0000
      shininess 0.5
    }
  }
  geometry IndexedFaceSet {
    ccw TRUE
    solid FALSE
    coord DEF co Coordinate {
      point [
        -2.723561 1.596457 -0.682816,
        -2.726378 1.596457 -0.661417,
        -2.726378 1.596457 -0.740157,
        -2.715301 1.596457 -0.702756,
        -2.668910 1.596457 -0.740157,
        -2.685039 1.596457 -0.733018,
        -2.702162 1.596457 -0.719879,
        -2.726378 1.202756 -0.661417,
        -2.723561 1.202756 -0.682816,
        -2.726378 1.202756 -0.740157,
        -2.715301 1.202756 -0.702756,
        -2.702162 1.202756 -0.719879,
        -2.685039 1.202756 -0.733018,
        -2.668910 1.202756 -0.740157,
      ]
    }
    coordIndex [
      0, 1, 2, -1,
      0, 2, 3, -1,
      4, 5, 2, -1,
      2, 5, 6, -1,
      2, 6, 3, -1,
      7, 8, 9, -1,
      9, 8, 10, -1,
      10, 11, 9, -1,
      9, 11, 12, -1,
      9, 12, 13, -1,
    ]
  }
}

Shape {
  appearance Appearance {
    material Material {
      diffuseColor 1.0000 1.0000 1.0000
      specularColor 0.5020 0.5020 0.5020
      ambientIntensity 0.2
      transparency 0.0000
      shininess 0.5
    }
  }
  geometry IndexedFaceSet {
    ccw TRUE
    solid FALSE
    coord DEF co Coordinate {
      point [
        2.175197 -3.021654 -0.078740,
        2.175197 -3.139764 -0.078740,
        2.171260 -2.627953 -0.078740,
        2.171260 -2.627953 -0.000000,
        -2.726378 1.596457 -0.661417,
        -2.726378 1.596457 -0.740157,
        -2.726378 1.202756 -0.661417,
        -2.726378 1.202756 -0.740157,
        -2.668910 1.202756 -0.740157,
        -2.726378 2.549213 -0.082677,
        -2.726378 3.139764 -0.082677,
        -2.726378 2.549213 -0.590551,
        -2.726378 3.139764 -0.740157,
        -2.726378 -0.568898 -0.082677,
        -2.726378 0.501969 -0.082677,
        -2.726378 -0.568898 -0.740157,
        -2.726378 0.501969 -0.590551,
        -2.647638 0.501969 -0.082677,
        -2.647638 -0.568898 -0.082677,
        -2.647638 0.501969 -0.590551,
        -2.647638 -0.568898 -0.740157,
        -2.647638 1.202756 -0.740157,
        -2.647638 3.139764 -0.082677,
        -2.647638 2.549213 -0.082677,
        -2.647638 3.139764 -0.740157,
        -2.647638 2.549213 -0.590551,
        -2.647638 1.202756 -0.661417,
        -2.647638 1.596457 -0.661417,
        -2.647638 1.596457 -0.740157,
        2.253937 -3.139764 -0.082677,
        2.175197 -3.139764 -0.082677,
        2.253937 -3.139764 -0.661417,
        2.175197 -3.139764 -0.661417,
        2.253937 -2.627953 -0.082677,
        2.253937 -2.627953 -0.661417,
        2.175197 -3.021654 -0.082677,
        2.175197 -2.627953 -0.082677,
        2.175197 -2.627953 -0.661417,
        2.172279 -2.627953 -0.078874,
        2.192658 -2.627953 -0.002817,
        2.173228 -2.627953 -0.079268,
        2.212598 -2.627953 -0.011077,
        2.174044 -2.627953 -0.079893,
        2.229721 -2.627953 -0.024216,
        2.174669 -2.627953 -0.080709,
        2.242860 -2.627953 -0.041339,
        2.175063 -2.627953 -0.081658,
        2.251120 -2.627953 -0.061279,
      ]
    }
    coordIndex [
      9, 10, 11, -1,
      11, 10, 12, -1,
      13, 14, 15, -1,
      15, 14, 16, -1,
      15, 16, 7, -1,
      12, 5, 11, -1,
      11, 5, 4, -1,
      11, 4, 16, -1,
      16, 4, 6, -1,
      16, 6, 7, -1,
      17, 18, 19, -1,
      19, 18, 20, -1,
      19, 20, 21, -1,
      22, 23, 24, -1,
      24, 23, 25, -1,
      21, 26, 19, -1,
      19, 26, 27, -1,
      19, 27, 25, -1,
      25, 27, 28, -1,
      25, 28, 24, -1,
      21, 20, 8, -1,
      8, 20, 15, -1,
      8, 15, 7, -1,
      29, 30, 31, -1,
      31, 30, 32, -1,
      33, 29, 34, -1,
      34, 29, 31, -1,
      35, 36, 37, -1,
      1, 0, 30, -1,
      30, 0, 35, -1,
      30, 35, 32, -1,
      32, 35, 37, -1,
      2, 3, 38, -1,
      38, 3, 39, -1,
      38, 39, 40, -1,
      40, 39, 41, -1,
      40, 41, 42, -1,
      42, 41, 43, -1,
      42, 43, 44, -1,
      44, 43, 45, -1,
      44, 45, 46, -1,
      46, 45, 47, -1,
      46, 47, 36, -1,
      36, 47, 33, -1,
      36, 33, 37, -1,
      37, 33, 34, -1,
    ]
  }
}

Shape {
  appearance Appearance {
    material Material {
      diffuseColor 0.0000 0.5020 0.7529
      specularColor 0.0000 0.4431 0.6627
      ambientIntensity 0.2
      transparency 0.0000
      shininess 0.5
    }
  }
  geometry IndexedFaceSet {
    ccw TRUE
    solid FALSE
    coord DEF co Coordinate {
      point [
        2.429134 -2.194882 -0.078740,
        2.268772 -1.289370 -0.078740,
        2.271654 -1.289370 -0.078740,
        2.432016 -2.194882 -0.078740,
        2.429134 -2.194882 0.000000,
        2.432016 -2.194882 0.000000,
        2.268772 -1.289370 -0.000000,
        2.271654 -1.289370 0.000000,
      ]
    }
    coordIndex [
      6, 7, 1, -1,
      1, 7, 2, -1,
      5, 4, 3, -1,
      3, 4, 0, -1,
    ]
  }
}

Shape {
  appearance Appearance {
    material Material {
      diffuseColor 1.0000 1.0000 1.0000
      specularColor 0.5020 0.5020 0.5020
      ambientIntensity 0.2
      transparency 0.0000
      shininess 0.5
    }
  }
  geometry IndexedFaceSet {
    ccw TRUE
    solid FALSE
    coord DEF co Coordinate {
      point [
        2.643701 -2.234252 -0.078740,
        2.643701 -2.549213 -0.078740,
        2.429134 -2.234252 -0.078740,
        2.429134 -2.194882 -0.078740,
        2.271654 -2.234252 -0.078740,
        2.271654 -2.194882 -0.078740,
        2.271654 -1.289370 -0.078740,
        -2.253937 -0.568898 -0.078740,
        -2.253937 -1.553150 -0.078740,
        -2.643701 -1.553150 -0.078740,
        -2.519338 0.503310 -0.078740,
        -2.490157 0.541339 -0.078740,
        -2.490157 0.726581 -0.078740,
        -2.332677 0.726581 -0.078740,
        -2.529528 0.501969 -0.078740,
        -2.643701 -0.568898 -0.078740,
        -2.643701 0.501969 -0.078740,
        2.022991 -2.214567 -0.078740,
        2.019058 -2.205072 -0.078740,
        2.017717 -2.194882 -0.078740,
        -2.643701 -3.139764 -0.078740,
        -2.491499 0.531149 -0.078740,
        -2.509843 0.507243 -0.078740,
        -2.501689 0.513500 -0.078740,
        -2.495432 0.521654 -0.078740,
        2.046897 -2.232910 -0.078740,
        2.037402 -2.228977 -0.078740,
        2.029248 -2.222720 -0.078740,
        -2.332677 -3.139764 -0.078740,
        2.411417 2.746063 -0.078740,
        2.643701 2.746063 -0.078740,
        2.057087 -2.234252 -0.078740,
        2.643701 -1.250000 -0.078740,
        2.429134 -1.250000 -0.078740,
        2.643701 1.021171 -0.078740,
        2.022991 -1.269685 -0.078740,
        1.505906 2.746063 -0.078740,
        2.046897 -1.251341 -0.078740,
        2.037402 -1.255274 -0.078740,
        2.029248 -1.261531 -0.078740,
        2.017717 -1.289370 -0.078740,
        2.019058 -1.279180 -0.078740,
        1.899606 2.746063 -0.078740,
        -2.643701 3.139764 -0.078740,
        2.429134 -1.289370 -0.078740,
        2.271654 -1.250000 -0.078740,
        2.057087 -1.250000 -0.078740,
        -2.334019 2.520032 -0.078740,
        -1.984263 2.084274 -0.078740,
        -2.332677 2.509843 -0.078740,
        -2.017717 2.116142 -0.078740,
        -2.332677 2.352362 -0.078740,
        -1.938976 2.942913 -0.078740,
        -1.938976 2.746063 -0.078740,
        -2.470472 2.942913 -0.078740,
        -2.332677 1.435243 -0.078740,
        -1.987761 1.828943 -0.078740,
        -1.961604 1.867028 -0.078740,
        -1.781496 2.942913 -0.078740,
        1.348425 2.942913 -0.078740,
        -1.781496 2.746063 -0.078740,
        1.348425 2.746063 -0.078740,
        2.057087 2.746063 -0.078740,
        2.057087 3.139764 -0.078740,
        2.411417 3.139764 -0.078740,
        -2.643701 2.549213 -0.078740,
        -2.344208 2.537681 -0.078740,
        -2.352362 2.543938 -0.078740,
        -1.938995 1.955965 -0.078740,
        -1.945045 1.910161 -0.078740,
        -2.474409 3.139764 -0.078740,
        -2.337952 2.529528 -0.078740,
        -1.943788 2.001918 -0.078740,
        -1.959159 2.045488 -0.078740,
        -2.372047 2.549213 -0.078740,
        -2.361857 2.547871 -0.078740,
        2.429134 -1.250000 0.000000,
        2.643701 -1.250000 0.000000,
        2.643701 1.021171 0.000000,
        2.429134 -2.194882 0.000000,
        2.643701 -2.549213 0.000000,
        2.643701 -2.234252 0.000000,
        2.429134 -2.234252 0.000000,
        1.505906 2.746063 0.000000,
        2.643701 2.746063 0.000000,
        2.271654 -1.289370 0.000000,
        2.271654 -2.194882 0.000000,
        2.057087 -2.234252 0.000000,
        2.271654 -2.234252 0.000000,
        2.429134 -1.289370 0.000000,
        2.271654 -1.250000 0.000000,
        2.411417 2.746063 0.000000,
        2.411417 3.139764 0.000000,
        2.057087 3.139764 0.000000,
        2.037402 -1.255274 0.000000,
        2.046897 -1.251341 0.000000,
        2.057087 2.746063 0.000000,
        1.899606 2.746063 0.000000,
        1.348425 2.942913 0.000000,
        -1.781496 2.942913 0.000000,
        -1.781496 2.746063 0.000000,
        2.037402 -2.228977 0.000000,
        2.029248 -2.222720 0.000000,
        2.022991 -2.214567 0.000000,
        2.019058 -2.205072 0.000000,
        1.348425 2.746063 0.000000,
        2.057087 -1.250000 0.000000,
        2.017717 -1.289370 0.000000,
        2.019058 -1.279180 0.000000,
        2.022991 -1.269685 0.000000,
        2.029248 -1.261531 0.000000,
        -2.332677 -3.139764 0.000000,
        -2.643701 -3.139764 0.000000,
        -2.643701 -1.553150 0.000000,
        -2.332677 0.726581 0.000000,
        -1.938976 2.942913 0.000000,
        -2.470472 2.942913 0.000000,
        -2.253937 -1.553150 0.000000,
        -2.253937 -0.568898 0.000000,
        -1.938976 2.746063 0.000000,
        -2.643701 3.139764 -0.000000,
        2.046897 -2.232910 0.000000,
        -2.491499 0.531149 0.000000,
        -2.495432 0.521654 0.000000,
        -2.501689 0.513500 0.000000,
        -2.643701 2.549213 0.000000,
        2.017717 -2.194882 0.000000,
        -2.509843 0.507243 0.000000,
        -2.519338 0.503310 0.000000,
        -2.643701 -0.568898 0.000000,
        -2.529528 0.501969 0.000000,
        -2.643701 0.501969 0.000000,
        -2.332677 2.352362 0.000000,
        -2.017717 2.116142 0.000000,
        -1.984263 2.084274 0.000000,
        -1.959159 2.045488 0.000000,
        -1.943788 2.001918 0.000000,
        -2.490157 0.541339 0.000000,
        -2.490157 0.726581 0.000000,
        -2.372047 2.549213 0.000000,
        -2.361857 2.547871 0.000000,
        -2.352362 2.543938 0.000000,
        -2.344208 2.537681 0.000000,
        -2.337952 2.529528 0.000000,
        -2.334019 2.520032 0.000000,
        -2.332677 2.509843 0.000000,
        -2.474409 3.139764 -0.000000,
        -1.938995 1.955965 0.000000,
        -2.332677 1.435243 0.000000,
        -1.987761 1.828943 0.000000,
        -1.961604 1.867028 0.000000,
        -1.945045 1.910161 0.000000,
        -2.726378 -2.812992 -0.740157,
        -2.726378 -3.139764 -0.740157,
        -2.726378 -1.553150 -0.740157,
        -2.726378 -1.553150 -0.082677,
        -2.726378 -3.061024 -0.082677,
        -2.647638 -1.553150 -0.082677,
        -2.647638 -3.061024 -0.082677,
        -2.647638 -3.139764 -0.740157,
        -2.647638 -1.553150 -0.740157,
        -2.647638 -2.812992 -0.740157,
        2.665099 2.746063 -0.002817,
        2.685039 2.746063 -0.011077,
        2.702162 2.746063 -0.024216,
        2.715301 2.746063 -0.041339,
        2.723561 2.746063 -0.061279,
        2.726378 1.786968 -0.082677,
        2.726378 2.746063 -0.082677,
        2.647638 2.746063 -0.082677,
        2.647638 1.786968 -0.082677,
        2.647504 2.746063 -0.081658,
        2.647110 2.746063 -0.080709,
        2.646485 2.746063 -0.079893,
        2.645669 2.746063 -0.079268,
        2.644720 2.746063 -0.078874,
        -2.726378 1.596457 -0.740157,
        -2.668910 1.596457 -0.740157,
        -2.726378 2.549213 -0.082677,
        -2.726378 3.139764 -0.082677,
        -2.726378 2.549213 -0.590551,
        -2.726378 3.139764 -0.740157,
        -2.726378 -0.568898 -0.082677,
        -2.726378 0.501969 -0.082677,
        -2.726378 -0.568898 -0.740157,
        -2.726378 0.501969 -0.590551,
        -2.647638 0.501969 -0.082677,
        -2.647638 -0.568898 -0.082677,
        -2.647638 0.501969 -0.590551,
        -2.647638 -0.568898 -0.740157,
        -2.647638 3.139764 -0.082677,
        -2.647638 2.549213 -0.082677,
        -2.647638 3.139764 -0.740157,
        -2.647638 2.549213 -0.590551,
        -2.647638 1.596457 -0.740157,
        2.665099 -2.549213 -0.002817,
        2.665099 -2.234252 -0.002817,
        2.685039 -2.549213 -0.011077,
        2.685039 -2.234252 -0.011077,
        2.702162 -2.549213 -0.024216,
        2.702162 -2.234252 -0.024216,
        2.715301 -2.549213 -0.041339,
        2.715301 -2.234252 -0.041339,
        2.723561 -2.549213 -0.061279,
        2.723561 -2.234252 -0.061279,
        2.726378 -2.549213 -0.082677,
        2.726378 -2.234252 -0.082677,
        2.647638 -2.234252 -0.082677,
        2.647638 -2.549213 -0.082677,
        2.647504 -2.234252 -0.081658,
        2.647504 -2.549213 -0.081658,
        2.647110 -2.234252 -0.080709,
        2.647110 -2.549213 -0.080709,
        2.646485 -2.234252 -0.079893,
        2.646485 -2.549213 -0.079893,
        2.645669 -2.234252 -0.079268,
        2.645669 -2.549213 -0.079268,
        2.644720 -2.234252 -0.078874,
        2.644720 -2.549213 -0.078874,
        -2.665099 0.501969 -0.002817,
        -2.665099 -0.568898 -0.002817,
        -2.685039 0.501969 -0.011077,
        -2.685039 -0.568898 -0.011077,
        -2.702162 0.501969 -0.024216,
        -2.702162 -0.568898 -0.024216,
        -2.715301 0.501969 -0.041339,
        -2.715301 -0.568898 -0.041339,
        -2.723561 0.501969 -0.061279,
        -2.723561 -0.568898 -0.061279,
        -2.647504 -0.568898 -0.081658,
        -2.647504 0.501969 -0.081658,
        -2.647110 -0.568898 -0.080709,
        -2.647110 0.501969 -0.080709,
        -2.646485 -0.568898 -0.079893,
        -2.646485 0.501969 -0.079893,
        -2.645669 -0.568898 -0.079268,
        -2.645669 0.501969 -0.079268,
        -2.644720 -0.568898 -0.078874,
        -2.644720 0.501969 -0.078874,
        -2.665099 3.139764 -0.002817,
        -2.665099 2.549213 -0.002817,
        -2.685039 3.139764 -0.011077,
        -2.685039 2.549213 -0.011077,
        -2.702162 3.139764 -0.024216,
        -2.702162 2.549213 -0.024216,
        -2.715301 3.139764 -0.041339,
        -2.715301 2.549213 -0.041339,
        -2.723561 3.139764 -0.061279,
        -2.723561 2.549213 -0.061279,
        -2.647504 2.549213 -0.081658,
        -2.647504 3.139764 -0.081658,
        -2.647110 2.549213 -0.080709,
        -2.647110 3.139764 -0.080709,
        -2.646485 2.549213 -0.079893,
        -2.646485 3.139764 -0.079893,
        -2.645669 2.549213 -0.079268,
        -2.645669 3.139764 -0.079268,
        -2.644720 2.549213 -0.078874,
        -2.644720 3.139764 -0.078874,
        2.726378 2.746063 -0.740157,
        2.647638 2.746063 -0.740157,
        -2.644720 -3.139764 -0.078874,
        -2.647638 -3.139764 -0.078740,
        -2.647638 -3.139764 -0.082677,
        -2.647504 -3.139764 -0.081658,
        -2.665099 -3.139764 -0.002817,
        -2.685039 -3.139764 -0.011077,
        -2.702162 -3.139764 -0.024216,
        -2.715301 -3.139764 -0.041339,
        -2.723561 -3.139764 -0.061279,
        -2.726284 -3.139764 -0.078740,
        -2.647110 -3.139764 -0.080709,
        -2.646485 -3.139764 -0.079893,
        -2.645669 -3.139764 -0.079268,
        -2.726284 -3.061024 -0.078740,
        -2.723561 -1.553150 -0.061279,
        -2.715301 -1.553150 -0.041339,
        -2.702162 -1.553150 -0.024216,
        -2.685039 -1.553150 -0.011077,
        -2.665099 -1.553150 -0.002817,
        -2.647504 -1.553150 -0.081658,
        -2.647110 -1.553150 -0.080709,
        -2.646485 -1.553150 -0.079893,
        -2.645669 -1.553150 -0.079268,
        -2.644720 -1.553150 -0.078874,
        2.665099 -1.250000 -0.002817,
        2.665099 1.021171 -0.002817,
        2.685039 -1.250000 -0.011077,
        2.685039 1.021171 -0.011077,
        2.702162 -1.250000 -0.024216,
        2.702162 1.021171 -0.024216,
        2.715301 -1.250000 -0.041339,
        2.715301 1.021171 -0.041339,
        2.723561 -1.250000 -0.061279,
        2.723561 1.021171 -0.061279,
        2.726378 -1.250000 -0.082677,
        2.726378 1.021171 -0.082677,
        2.647638 1.021171 -0.082677,
        2.647638 -1.250000 -0.082677,
        2.647504 1.021171 -0.081658,
        2.647504 -1.250000 -0.081658,
        2.647110 1.021171 -0.080709,
        2.647110 -1.250000 -0.080709,
        2.646485 1.021171 -0.079893,
        2.646485 -1.250000 -0.079893,
        2.645669 1.021171 -0.079268,
        2.645669 -1.250000 -0.079268,
        2.644720 1.021171 -0.078874,
        2.644720 -1.250000 -0.078874,
        2.726378 1.786968 -0.590551,
        2.726378 1.021171 -0.590551,
        2.726378 -2.549213 -0.740157,
        2.726378 -2.234252 -0.629921,
        2.726378 -1.250000 -0.629921,
        2.647638 -2.549213 -0.740157,
        2.647638 -2.234252 -0.629921,
        2.647638 -1.250000 -0.629921,
        2.647638 1.786968 -0.590551,
        2.647638 1.021171 -0.590551,
      ]
    }
    coordIndex [
      33, 76, 44, -1,
      44, 76, 89, -1,
      4, 88, 5, -1,
      5, 88, 86, -1,
      4, 31, 88, -1,
      88, 31, 87, -1,
      90, 106, 45, -1,
      45, 106, 46, -1,
      81, 80, 195, -1,
      81, 195, 196, -1,
      196, 195, 197, -1,
      196, 197, 198, -1,
      198, 197, 199, -1,
      198, 199, 200, -1,
      200, 199, 201, -1,
      200, 201, 202, -1,
      202, 201, 203, -1,
      202, 203, 204, -1,
      204, 203, 205, -1,
      204, 205, 206, -1,
      207, 208, 209, -1,
      209, 208, 210, -1,
      209, 210, 211, -1,
      211, 210, 212, -1,
      211, 212, 213, -1,
      213, 212, 214, -1,
      213, 214, 215, -1,
      215, 214, 216, -1,
      215, 216, 217, -1,
      217, 216, 218, -1,
      217, 218, 0, -1,
      0, 218, 1, -1,
      113, 117, 9, -1,
      9, 117, 8, -1,
      157, 160, 155, -1,
      155, 160, 154, -1,
      182, 184, 187, -1,
      187, 184, 189, -1,
      15, 7, 129, -1,
      129, 7, 118, -1,
      129, 131, 219, -1,
      129, 219, 220, -1,
      220, 219, 221, -1,
      220, 221, 222, -1,
      222, 221, 223, -1,
      222, 223, 224, -1,
      224, 223, 225, -1,
      224, 225, 226, -1,
      226, 225, 227, -1,
      226, 227, 228, -1,
      228, 227, 183, -1,
      228, 183, 182, -1,
      187, 186, 229, -1,
      229, 186, 230, -1,
      229, 230, 231, -1,
      231, 230, 232, -1,
      231, 232, 233, -1,
      233, 232, 234, -1,
      233, 234, 235, -1,
      235, 234, 236, -1,
      235, 236, 237, -1,
      237, 236, 238, -1,
      237, 238, 15, -1,
      15, 238, 16, -1,
      176, 181, 177, -1,
      177, 181, 192, -1,
      177, 192, 194, -1,
      131, 130, 16, -1,
      16, 130, 14, -1,
      186, 188, 183, -1,
      183, 188, 185, -1,
      178, 180, 191, -1,
      191, 180, 193, -1,
      65, 74, 125, -1,
      125, 74, 139, -1,
      125, 120, 239, -1,
      125, 239, 240, -1,
      240, 239, 241, -1,
      240, 241, 242, -1,
      242, 241, 243, -1,
      242, 243, 244, -1,
      244, 243, 245, -1,
      244, 245, 246, -1,
      246, 245, 247, -1,
      246, 247, 248, -1,
      248, 247, 179, -1,
      248, 179, 178, -1,
      191, 190, 249, -1,
      249, 190, 250, -1,
      249, 250, 251, -1,
      251, 250, 252, -1,
      251, 252, 253, -1,
      253, 252, 254, -1,
      253, 254, 255, -1,
      255, 254, 256, -1,
      255, 256, 257, -1,
      257, 256, 258, -1,
      257, 258, 65, -1,
      65, 258, 43, -1,
      168, 259, 169, -1,
      169, 259, 260, -1,
      30, 29, 84, -1,
      84, 29, 91, -1,
      43, 120, 70, -1,
      70, 120, 146, -1,
      63, 93, 64, -1,
      64, 93, 92, -1,
      28, 111, 20, -1,
      20, 111, 112, -1,
      261, 20, 112, -1,
      262, 263, 264, -1,
      112, 265, 262, -1,
      262, 265, 266, -1,
      262, 266, 267, -1,
      267, 268, 262, -1,
      262, 268, 269, -1,
      262, 269, 270, -1,
      264, 271, 262, -1,
      262, 271, 272, -1,
      262, 272, 112, -1,
      112, 272, 273, -1,
      112, 273, 261, -1,
      190, 179, 250, -1,
      250, 179, 247, -1,
      250, 247, 252, -1,
      252, 247, 245, -1,
      252, 245, 254, -1,
      254, 245, 243, -1,
      254, 243, 256, -1,
      256, 243, 241, -1,
      256, 241, 258, -1,
      258, 241, 239, -1,
      258, 239, 43, -1,
      43, 239, 120, -1,
      274, 270, 269, -1,
      155, 156, 275, -1,
      275, 156, 274, -1,
      274, 269, 275, -1,
      275, 269, 268, -1,
      275, 268, 276, -1,
      276, 268, 267, -1,
      276, 267, 277, -1,
      277, 267, 266, -1,
      277, 266, 278, -1,
      278, 266, 265, -1,
      278, 265, 279, -1,
      279, 265, 112, -1,
      279, 112, 113, -1,
      158, 157, 280, -1,
      263, 158, 264, -1,
      264, 158, 280, -1,
      264, 280, 271, -1,
      271, 280, 281, -1,
      271, 281, 272, -1,
      272, 281, 282, -1,
      272, 282, 273, -1,
      273, 282, 283, -1,
      273, 283, 261, -1,
      261, 283, 284, -1,
      261, 284, 20, -1,
      20, 284, 9, -1,
      192, 181, 190, -1,
      190, 181, 179, -1,
      161, 159, 152, -1,
      152, 159, 153, -1,
      78, 77, 285, -1,
      78, 285, 286, -1,
      286, 285, 287, -1,
      286, 287, 288, -1,
      288, 287, 289, -1,
      288, 289, 290, -1,
      290, 289, 291, -1,
      290, 291, 292, -1,
      292, 291, 293, -1,
      292, 293, 294, -1,
      294, 293, 295, -1,
      294, 295, 296, -1,
      297, 298, 299, -1,
      299, 298, 300, -1,
      299, 300, 301, -1,
      301, 300, 302, -1,
      301, 302, 303, -1,
      303, 302, 304, -1,
      303, 304, 305, -1,
      305, 304, 306, -1,
      305, 306, 307, -1,
      307, 306, 308, -1,
      307, 308, 34, -1,
      34, 308, 32, -1,
      259, 168, 167, -1,
      167, 309, 259, -1,
      259, 309, 310, -1,
      259, 310, 311, -1,
      206, 205, 312, -1,
      312, 205, 311, -1,
      312, 311, 313, -1,
      313, 311, 310, -1,
      313, 310, 295, -1,
      295, 310, 296, -1,
      314, 208, 207, -1,
      207, 315, 314, -1,
      314, 315, 316, -1,
      314, 316, 260, -1,
      170, 169, 317, -1,
      317, 169, 260, -1,
      317, 260, 318, -1,
      318, 260, 316, -1,
      318, 316, 297, -1,
      297, 316, 298, -1,
      314, 260, 311, -1,
      311, 260, 259, -1,
      30, 84, 175, -1,
      175, 84, 162, -1,
      175, 162, 174, -1,
      174, 162, 163, -1,
      174, 163, 173, -1,
      173, 163, 164, -1,
      173, 164, 172, -1,
      172, 164, 165, -1,
      172, 165, 171, -1,
      171, 165, 166, -1,
      171, 166, 169, -1,
      169, 166, 168, -1,
      91, 29, 92, -1,
      92, 29, 64, -1,
      115, 52, 116, -1,
      116, 52, 54, -1,
      96, 62, 97, -1,
      97, 62, 42, -1,
      83, 36, 105, -1,
      105, 36, 61, -1,
      105, 61, 98, -1,
      98, 61, 59, -1,
      98, 59, 99, -1,
      99, 59, 58, -1,
      99, 58, 100, -1,
      100, 58, 60, -1,
      100, 60, 119, -1,
      119, 60, 53, -1,
      119, 53, 115, -1,
      115, 53, 52, -1,
      93, 63, 96, -1,
      96, 63, 62, -1,
      49, 145, 47, -1,
      47, 145, 144, -1,
      47, 144, 71, -1,
      71, 144, 143, -1,
      71, 143, 66, -1,
      66, 143, 142, -1,
      66, 142, 67, -1,
      67, 142, 141, -1,
      67, 141, 75, -1,
      75, 141, 140, -1,
      75, 140, 74, -1,
      74, 140, 139, -1,
      145, 49, 132, -1,
      132, 49, 51, -1,
      132, 51, 133, -1,
      133, 51, 50, -1,
      56, 149, 57, -1,
      57, 149, 150, -1,
      57, 150, 69, -1,
      69, 150, 151, -1,
      69, 151, 68, -1,
      68, 151, 147, -1,
      68, 147, 72, -1,
      72, 147, 136, -1,
      72, 136, 73, -1,
      73, 136, 135, -1,
      73, 135, 48, -1,
      48, 135, 134, -1,
      48, 134, 50, -1,
      50, 134, 133, -1,
      149, 56, 148, -1,
      148, 56, 55, -1,
      148, 55, 114, -1,
      114, 55, 13, -1,
      114, 13, 138, -1,
      138, 13, 12, -1,
      138, 12, 137, -1,
      137, 12, 11, -1,
      14, 130, 10, -1,
      10, 130, 128, -1,
      10, 128, 22, -1,
      22, 128, 127, -1,
      22, 127, 23, -1,
      23, 127, 124, -1,
      23, 124, 24, -1,
      24, 124, 123, -1,
      24, 123, 21, -1,
      21, 123, 122, -1,
      21, 122, 11, -1,
      11, 122, 137, -1,
      65, 125, 257, -1,
      257, 125, 240, -1,
      257, 240, 255, -1,
      255, 240, 242, -1,
      255, 242, 253, -1,
      253, 242, 244, -1,
      253, 244, 251, -1,
      251, 244, 246, -1,
      251, 246, 249, -1,
      249, 246, 248, -1,
      249, 248, 191, -1,
      191, 248, 178, -1,
      186, 183, 230, -1,
      230, 183, 227, -1,
      230, 227, 232, -1,
      232, 227, 225, -1,
      232, 225, 234, -1,
      234, 225, 223, -1,
      234, 223, 236, -1,
      236, 223, 221, -1,
      236, 221, 238, -1,
      238, 221, 219, -1,
      238, 219, 16, -1,
      16, 219, 131, -1,
      180, 185, 193, -1,
      193, 185, 188, -1,
      118, 7, 117, -1,
      117, 7, 8, -1,
      15, 129, 237, -1,
      237, 129, 220, -1,
      237, 220, 235, -1,
      235, 220, 222, -1,
      235, 222, 233, -1,
      233, 222, 224, -1,
      233, 224, 231, -1,
      231, 224, 226, -1,
      231, 226, 229, -1,
      229, 226, 228, -1,
      229, 228, 187, -1,
      187, 228, 182, -1,
      157, 155, 280, -1,
      280, 155, 275, -1,
      280, 275, 281, -1,
      281, 275, 276, -1,
      281, 276, 282, -1,
      282, 276, 277, -1,
      282, 277, 283, -1,
      283, 277, 278, -1,
      283, 278, 284, -1,
      284, 278, 279, -1,
      284, 279, 9, -1,
      9, 279, 113, -1,
      19, 126, 18, -1,
      18, 126, 104, -1,
      18, 104, 17, -1,
      17, 104, 103, -1,
      17, 103, 27, -1,
      27, 103, 102, -1,
      27, 102, 26, -1,
      26, 102, 101, -1,
      26, 101, 25, -1,
      25, 101, 121, -1,
      25, 121, 31, -1,
      31, 121, 87, -1,
      126, 19, 107, -1,
      107, 19, 40, -1,
      46, 106, 37, -1,
      37, 106, 95, -1,
      37, 95, 38, -1,
      38, 95, 94, -1,
      38, 94, 39, -1,
      39, 94, 110, -1,
      39, 110, 35, -1,
      35, 110, 109, -1,
      35, 109, 41, -1,
      41, 109, 108, -1,
      41, 108, 40, -1,
      40, 108, 107, -1,
      2, 82, 0, -1,
      0, 82, 81, -1,
      0, 81, 217, -1,
      217, 81, 196, -1,
      217, 196, 215, -1,
      215, 196, 198, -1,
      215, 198, 213, -1,
      213, 198, 200, -1,
      213, 200, 211, -1,
      211, 200, 202, -1,
      211, 202, 209, -1,
      209, 202, 204, -1,
      209, 204, 207, -1,
      207, 204, 206, -1,
      207, 206, 315, -1,
      315, 206, 312, -1,
      316, 313, 298, -1,
      298, 313, 295, -1,
      298, 295, 300, -1,
      300, 295, 293, -1,
      300, 293, 302, -1,
      302, 293, 291, -1,
      302, 291, 304, -1,
      304, 291, 289, -1,
      304, 289, 306, -1,
      306, 289, 287, -1,
      306, 287, 308, -1,
      308, 287, 285, -1,
      308, 285, 32, -1,
      32, 285, 77, -1,
      32, 77, 33, -1,
      33, 77, 76, -1,
      312, 313, 315, -1,
      315, 313, 316, -1,
      90, 45, 85, -1,
      85, 45, 6, -1,
      82, 2, 79, -1,
      79, 2, 3, -1,
    ]
  }
}

Shape {
  appearance Appearance {
    material Material {
      diffuseColor 0.0000 0.5020 0.7529
      specularColor 0.0000 0.4431 0.6627
      ambientIntensity 0.2
      transparency 0.0000
      shininess 0.5
    }
  }
  geometry IndexedFaceSet {
    ccw TRUE
    solid FALSE
    coord DEF co Coordinate {
      point [
        2.271654 -2.194882 -0.078740,
        2.268772 -2.194882 -0.078740,
        2.432016 -1.289370 -0.078740,
        2.429134 -1.289370 -0.078740,
        2.432016 -1.289370 0.000000,
        2.268772 -2.194882 0.000000,
        2.271654 -2.194882 0.000000,
        2.429134 -1.289370 0.000000,
      ]
    }
    coordIndex [
      0, 6, 1, -1,
      1, 6, 5, -1,
      3, 7, 2, -1,
      2, 7, 4, -1,
    ]
  }
}

Shape {
  appearance Appearance {
    material Material {
      diffuseColor 1.0000 1.0000 1.0000
      specularColor 0.5020 0.5020 0.5020
      ambientIntensity 0.2
      transparency 0.0000
      shininess 0.5
    }
  }
  geometry IndexedFaceSet {
    ccw TRUE
    solid FALSE
    coord DEF co Coordinate {
      point [
        2.643701 -2.549213 -0.078740,
        2.171260 -2.549213 -0.078740,
        2.268772 -1.289370 -0.078740,
        2.268772 -2.194882 -0.078740,
        2.175197 -3.139764 -0.078740,
        2.171260 -3.139764 -0.078740,
        2.171260 -2.627953 -0.078740,
        2.171260 -3.021654 -0.078740,
        2.432016 -2.194882 -0.078740,
        2.432016 -1.289370 -0.078740,
        2.432016 -2.194882 0.000000,
        2.432016 -1.289370 0.000000,
        2.643701 -2.549213 0.000000,
        2.171260 -2.549213 -0.000000,
        2.268772 -1.289370 -0.000000,
        2.268772 -2.194882 0.000000,
        2.171260 -3.100394 0.000000,
        2.171260 -2.627953 -0.000000,
        2.253937 -3.139764 -0.082677,
        2.175197 -3.139764 -0.082677,
        2.253937 -2.627953 -0.082677,
        2.175197 -3.021654 -0.082677,
        2.175197 -2.627953 -0.082677,
        2.172279 -2.627953 -0.078874,
        2.192658 -2.627953 -0.002817,
        2.173228 -2.627953 -0.079268,
        2.212598 -2.627953 -0.011077,
        2.174044 -2.627953 -0.079893,
        2.229721 -2.627953 -0.024216,
        2.174669 -2.627953 -0.080709,
        2.242860 -2.627953 -0.041339,
        2.175063 -2.627953 -0.081658,
        2.251120 -2.627953 -0.061279,
        2.665099 -2.549213 -0.002817,
        2.685039 -2.549213 -0.011077,
        2.702162 -2.549213 -0.024216,
        2.715301 -2.549213 -0.041339,
        2.723561 -2.549213 -0.061279,
        2.726378 -2.549213 -0.082677,
        2.647638 -2.549213 -0.082677,
        2.647504 -2.549213 -0.081658,
        2.647110 -2.549213 -0.080709,
        2.646485 -2.549213 -0.079893,
        2.645669 -2.549213 -0.079268,
        2.644720 -2.549213 -0.078874,
        2.726378 -2.549213 -0.740157,
        2.647638 -2.549213 -0.740157,
        2.433035 -1.289370 -0.078874,
        2.453415 -1.289370 -0.002817,
        2.433985 -1.289370 -0.079268,
        2.473354 -1.289370 -0.011077,
        2.433985 -2.194882 -0.079268,
        2.473354 -2.194882 -0.011077,
        2.433035 -2.194882 -0.078874,
        2.453415 -2.194882 -0.002817,
        2.585277 -2.194882 -0.166616,
        2.624647 -2.194882 -0.098425,
        2.624647 -1.289370 -0.098425,
        2.585277 -1.289370 -0.166616,
        2.267752 -2.194882 -0.078874,
        2.247373 -2.194882 -0.002817,
        2.266803 -2.194882 -0.079268,
        2.227433 -2.194882 -0.011077,
        2.266803 -1.289370 -0.079268,
        2.227433 -1.289370 -0.011077,
        2.267752 -1.289370 -0.078874,
        2.247373 -1.289370 -0.002817,
        2.115511 -1.289370 -0.166616,
        2.076141 -1.289370 -0.098425,
        2.076141 -2.194882 -0.098425,
        2.115511 -2.194882 -0.166616,
        2.171260 -3.139764 0.000000,
        2.192658 -3.139764 -0.002817,
        2.212598 -3.139764 -0.011077,
        2.251120 -3.139764 -0.061279,
        2.242860 -3.139764 -0.041339,
        2.229721 -3.139764 -0.024216,
        2.175063 -3.021654 -0.081658,
        2.174669 -3.021654 -0.080709,
        2.174044 -3.021654 -0.079893,
        2.173228 -3.021654 -0.079268,
        2.172279 -3.021654 -0.078874,
      ]
    }
    coordIndex [
      9, 11, 47, -1,
      47, 11, 48, -1,
      47, 48, 49, -1,
      49, 48, 50, -1,
      51, 52, 53, -1,
      53, 52, 54, -1,
      53, 54, 8, -1,
      8, 54, 10, -1,
      11, 10, 54, -1,
      11, 54, 48, -1,
      48, 54, 52, -1,
      48, 52, 50, -1,
      49, 51, 47, -1,
      47, 51, 53, -1,
      47, 53, 9, -1,
      9, 53, 8, -1,
      55, 56, 51, -1,
      51, 56, 52, -1,
      57, 58, 50, -1,
      50, 58, 49, -1,
      56, 57, 52, -1,
      52, 57, 50, -1,
      49, 58, 51, -1,
      51, 58, 55, -1,
      57, 56, 58, -1,
      58, 56, 55, -1,
      3, 15, 59, -1,
      59, 15, 60, -1,
      59, 60, 61, -1,
      61, 60, 62, -1,
      63, 64, 65, -1,
      65, 64, 66, -1,
      65, 66, 2, -1,
      2, 66, 14, -1,
      15, 14, 66, -1,
      15, 66, 60, -1,
      60, 66, 64, -1,
      60, 64, 62, -1,
      61, 63, 59, -1,
      59, 63, 65, -1,
      59, 65, 3, -1,
      3, 65, 2, -1,
      67, 68, 63, -1,
      63, 68, 64, -1,
      69, 70, 62, -1,
      62, 70, 61, -1,
      68, 69, 64, -1,
      64, 69, 62, -1,
      61, 70, 63, -1,
      63, 70, 67, -1,
      69, 68, 70, -1,
      70, 68, 67, -1,
      46, 45, 39, -1,
      39, 45, 38, -1,
      39, 38, 40, -1,
      40, 38, 37, -1,
      40, 37, 41, -1,
      41, 37, 36, -1,
      41, 36, 42, -1,
      42, 36, 35, -1,
      42, 35, 43, -1,
      43, 35, 34, -1,
      43, 34, 44, -1,
      44, 34, 33, -1,
      44, 33, 0, -1,
      0, 33, 12, -1,
      0, 12, 1, -1,
      1, 12, 13, -1,
      71, 5, 72, -1,
      72, 5, 4, -1,
      72, 4, 73, -1,
      18, 74, 19, -1,
      19, 74, 75, -1,
      19, 75, 4, -1,
      4, 75, 76, -1,
      4, 76, 73, -1,
      16, 71, 72, -1,
      16, 72, 17, -1,
      17, 72, 24, -1,
      24, 72, 73, -1,
      24, 73, 26, -1,
      26, 73, 76, -1,
      26, 76, 28, -1,
      28, 76, 75, -1,
      28, 75, 30, -1,
      30, 75, 74, -1,
      30, 74, 32, -1,
      32, 74, 18, -1,
      32, 18, 20, -1,
      22, 21, 31, -1,
      31, 21, 77, -1,
      31, 77, 29, -1,
      29, 77, 78, -1,
      29, 78, 27, -1,
      27, 78, 79, -1,
      27, 79, 25, -1,
      25, 79, 80, -1,
      25, 80, 23, -1,
      23, 80, 81, -1,
      23, 81, 6, -1,
      6, 81, 7, -1,
      17, 6, 13, -1,
      13, 6, 1, -1,
    ]
  }
}

Shape {
  appearance Appearance {
    material Material {
      diffuseColor 1.0000 1.0000 0.0000
      specularColor 0.5020 0.5020 0.0000
      ambientIntensity 0.2
      transparency 0.0000
      shininess 0.5
    }
  }
  geometry IndexedFaceSet {
    ccw TRUE
    solid FALSE
    coord DEF co Coordinate {
      point [
        2.726378 -2.706693 -0.665354,
        2.726378 -2.765748 -0.665354,
        2.726378 -2.706693 -0.744094,
        2.726378 -2.765748 -0.744094,
        -2.723561 1.596457 -0.682816,
        -2.726378 1.596457 -0.661417,
        -2.715301 1.596457 -0.702756,
        -2.668910 1.596457 -0.740157,
        -2.685039 1.596457 -0.733018,
        -2.702162 1.596457 -0.719879,
        -2.726378 1.202756 -0.661417,
        -2.723561 1.202756 -0.682816,
        -2.715301 1.202756 -0.702756,
        -2.702162 1.202756 -0.719879,
        -2.685039 1.202756 -0.733018,
        -2.668910 1.202756 -0.740157,
        -2.647638 1.202756 -0.740157,
        -2.647638 1.202756 -0.661417,
        -2.647638 1.596457 -0.661417,
        -2.647638 1.596457 -0.740157,
        2.253937 -3.139764 -0.661417,
        2.175197 -3.139764 -0.661417,
        2.253937 -2.627953 -0.661417,
        2.175197 -2.627953 -0.661417,
        2.254071 -3.139764 -0.662436,
        2.178014 -3.139764 -0.682816,
        2.254465 -3.139764 -0.663386,
        2.186274 -3.139764 -0.702756,
        2.255090 -3.139764 -0.664201,
        2.199413 -3.139764 -0.719879,
        2.255906 -3.139764 -0.664827,
        2.216535 -3.139764 -0.733018,
        2.256855 -3.139764 -0.665220,
        2.236476 -3.139764 -0.741277,
        2.257874 -3.139764 -0.665354,
        2.257874 -3.139764 -0.744094,
        2.257874 -2.627953 -0.665354,
        2.257874 -2.627953 -0.744094,
        2.256855 -2.627953 -0.665220,
        2.236476 -2.627953 -0.741277,
        2.255906 -2.627953 -0.664827,
        2.216535 -2.627953 -0.733018,
        2.255090 -2.627953 -0.664201,
        2.199413 -2.627953 -0.719879,
        2.254465 -2.627953 -0.663386,
        2.186274 -2.627953 -0.702756,
        2.254071 -2.627953 -0.662436,
        2.178014 -2.627953 -0.682816,
        2.647638 -2.627953 -0.744094,
        2.647638 -2.627953 -0.665354,
        2.647638 -3.139764 -0.665354,
        2.647638 -3.139764 -0.744094,
        2.695809 -2.769773 -0.744094,
        2.608268 -2.883858 -0.744094,
        2.612292 -2.914428 -0.744094,
        2.687008 -2.638502 -0.744094,
        2.703316 -2.651015 -0.744094,
        2.715829 -2.667323 -0.744094,
        2.612292 -2.853289 -0.744094,
        2.624092 -2.824803 -0.744094,
        2.695809 -2.997944 -0.744094,
        2.668017 -3.137081 -0.744094,
        2.667323 -2.986144 -0.744094,
        2.642861 -2.967375 -0.744094,
        2.624092 -2.942913 -0.744094,
        2.723695 -2.686313 -0.744094,
        2.668017 -2.630636 -0.744094,
        2.667323 -2.781572 -0.744094,
        2.642861 -2.800342 -0.744094,
        2.703316 -3.116701 -0.744094,
        2.726378 -3.061024 -0.744094,
        2.715829 -3.100394 -0.744094,
        2.723695 -3.081403 -0.744094,
        2.726378 -3.001969 -0.744094,
        2.687008 -3.129215 -0.744094,
        2.726378 -3.061024 -0.665354,
        2.726378 -3.001969 -0.665354,
        2.695809 -2.997944 -0.665354,
        2.687008 -3.129215 -0.665354,
        2.703316 -3.116701 -0.665354,
        2.715829 -3.100394 -0.665354,
        2.723695 -3.081403 -0.665354,
        2.668017 -3.137081 -0.665354,
        2.667323 -2.986144 -0.665354,
        2.642861 -2.967375 -0.665354,
        2.624092 -2.942913 -0.665354,
        2.612292 -2.914428 -0.665354,
        2.608268 -2.883858 -0.665354,
        2.612292 -2.853289 -0.665354,
        2.624092 -2.824803 -0.665354,
        2.642861 -2.800342 -0.665354,
        2.667323 -2.781572 -0.665354,
        2.668017 -2.630636 -0.665354,
        2.695809 -2.769773 -0.665354,
        2.723695 -2.686313 -0.665354,
        2.715829 -2.667323 -0.665354,
        2.687008 -2.638502 -0.665354,
        2.703316 -2.651015 -0.665354,
        -2.665099 1.596457 -0.741277,
        -2.643701 1.596457 -0.744094,
        -2.643701 1.596457 -0.665354,
        -2.644720 1.596457 -0.665220,
        -2.645669 1.596457 -0.664827,
        -2.646485 1.596457 -0.664201,
        -2.647504 1.596457 -0.662436,
        -2.647110 1.596457 -0.663386,
        -2.643701 1.202756 -0.744094,
        -2.665099 1.202756 -0.741277,
        -2.645669 1.202756 -0.664827,
        -2.646485 1.202756 -0.664201,
        -2.643701 1.202756 -0.665354,
        -2.644720 1.202756 -0.665220,
        -2.647110 1.202756 -0.663386,
        -2.647504 1.202756 -0.662436,
        -2.411417 1.596457 -0.665354,
        -2.411417 1.596457 -0.744094,
        -2.411417 1.202756 -0.744094,
        -2.411417 1.202756 -0.665354,
      ]
    }
    coordIndex [
      20, 21, 24, -1,
      24, 21, 25, -1,
      24, 25, 26, -1,
      26, 25, 27, -1,
      26, 27, 28, -1,
      28, 27, 29, -1,
      28, 29, 30, -1,
      30, 29, 31, -1,
      30, 31, 32, -1,
      32, 31, 33, -1,
      32, 33, 34, -1,
      34, 33, 35, -1,
      36, 37, 38, -1,
      38, 37, 39, -1,
      38, 39, 40, -1,
      40, 39, 41, -1,
      40, 41, 42, -1,
      42, 41, 43, -1,
      42, 43, 44, -1,
      44, 43, 45, -1,
      44, 45, 46, -1,
      46, 45, 47, -1,
      46, 47, 22, -1,
      22, 47, 23, -1,
      21, 23, 47, -1,
      21, 47, 25, -1,
      25, 47, 45, -1,
      25, 45, 27, -1,
      27, 45, 43, -1,
      27, 43, 29, -1,
      29, 43, 41, -1,
      29, 41, 31, -1,
      31, 41, 39, -1,
      31, 39, 33, -1,
      33, 39, 37, -1,
      33, 37, 35, -1,
      34, 36, 32, -1,
      32, 36, 38, -1,
      32, 38, 30, -1,
      30, 38, 40, -1,
      30, 40, 28, -1,
      28, 40, 42, -1,
      28, 42, 26, -1,
      26, 42, 44, -1,
      26, 44, 24, -1,
      24, 44, 46, -1,
      24, 46, 20, -1,
      20, 46, 22, -1,
      48, 37, 49, -1,
      49, 37, 36, -1,
      50, 34, 51, -1,
      51, 34, 35, -1,
      2, 3, 52, -1,
      35, 53, 54, -1,
      55, 56, 57, -1,
      53, 35, 58, -1,
      58, 35, 37, -1,
      58, 37, 59, -1,
      60, 61, 62, -1,
      62, 61, 51, -1,
      62, 51, 63, -1,
      63, 51, 35, -1,
      63, 35, 64, -1,
      64, 35, 54, -1,
      57, 65, 55, -1,
      55, 65, 2, -1,
      55, 2, 66, -1,
      66, 2, 52, -1,
      66, 52, 48, -1,
      48, 52, 67, -1,
      48, 67, 37, -1,
      37, 67, 68, -1,
      37, 68, 59, -1,
      69, 70, 71, -1,
      71, 70, 72, -1,
      60, 73, 61, -1,
      61, 73, 70, -1,
      61, 70, 74, -1,
      74, 70, 69, -1,
      75, 76, 77, -1,
      78, 79, 75, -1,
      75, 79, 80, -1,
      75, 80, 81, -1,
      78, 75, 82, -1,
      82, 75, 77, -1,
      82, 77, 50, -1,
      50, 77, 83, -1,
      50, 83, 34, -1,
      34, 83, 84, -1,
      34, 84, 85, -1,
      85, 86, 34, -1,
      34, 86, 87, -1,
      34, 87, 36, -1,
      36, 87, 88, -1,
      88, 89, 36, -1,
      36, 89, 90, -1,
      36, 90, 49, -1,
      49, 90, 91, -1,
      49, 91, 92, -1,
      91, 93, 92, -1,
      92, 93, 1, -1,
      92, 1, 0, -1,
      0, 94, 92, -1,
      92, 94, 95, -1,
      92, 95, 96, -1,
      96, 95, 97, -1,
      70, 73, 75, -1,
      75, 73, 76, -1,
      7, 19, 98, -1,
      98, 19, 99, -1,
      100, 99, 101, -1,
      101, 99, 19, -1,
      101, 19, 102, -1,
      102, 19, 103, -1,
      18, 104, 19, -1,
      19, 104, 105, -1,
      19, 105, 103, -1,
      106, 16, 107, -1,
      107, 16, 15, -1,
      16, 108, 109, -1,
      106, 110, 16, -1,
      16, 110, 111, -1,
      16, 111, 108, -1,
      109, 112, 16, -1,
      16, 112, 113, -1,
      16, 113, 17, -1,
      10, 5, 4, -1,
      10, 4, 11, -1,
      11, 4, 6, -1,
      11, 6, 12, -1,
      12, 6, 9, -1,
      12, 9, 13, -1,
      13, 9, 8, -1,
      13, 8, 14, -1,
      14, 8, 15, -1,
      15, 8, 7, -1,
      15, 7, 107, -1,
      7, 98, 107, -1,
      107, 98, 99, -1,
      107, 99, 106, -1,
      110, 100, 111, -1,
      111, 100, 101, -1,
      111, 101, 108, -1,
      108, 101, 102, -1,
      108, 102, 109, -1,
      109, 102, 103, -1,
      109, 103, 112, -1,
      112, 103, 105, -1,
      112, 105, 113, -1,
      113, 105, 104, -1,
      113, 104, 17, -1,
      17, 104, 18, -1,
      114, 115, 100, -1,
      100, 115, 99, -1,
      116, 117, 106, -1,
      106, 117, 110, -1,
      115, 116, 99, -1,
      99, 116, 106, -1,
      110, 117, 100, -1,
      100, 117, 114, -1,
      116, 115, 117, -1,
      117, 115, 114, -1,
    ]
  }
}

Shape {
  appearance Appearance {
    material Material {
      diffuseColor 1.0000 1.0000 1.0000
      specularColor 0.5020 0.5020 0.5020
      ambientIntensity 0.2
      transparency 0.0000
      shininess 0.5
    }
  }
  geometry IndexedFaceSet {
    ccw TRUE
    solid FALSE
    coord DEF co Coordinate {
      point [
        2.053085 1.720245 -0.078740,
        2.053085 1.720245 0.000000,
        1.520844 0.893473 -0.078740,
        1.520844 1.365914 -0.078740,
        1.659383 2.113946 -0.078740,
        2.171260 -3.100394 -0.078740,
        2.171260 -3.139764 -0.078740,
        2.131890 -3.100394 -0.078740,
        -1.953965 -0.118110 -0.078740,
        -1.953965 -2.082041 -0.078740,
        1.099699 -0.308744 -0.078740,
        1.099699 -0.118110 -0.078740,
        1.266463 -0.118110 -0.078740,
        -1.938141 -0.059055 -0.078740,
        -1.949941 -0.087541 -0.078740,
        1.478071 1.346966 -0.078740,
        1.478071 0.893473 -0.078740,
        -1.555005 -0.087541 -0.078740,
        1.092460 -0.366776 -0.078740,
        1.274375 -2.111569 -0.078740,
        1.283760 -2.123799 -0.078740,
        0.780586 -2.082041 -0.078740,
        1.295991 -2.133184 -0.078740,
        -1.342065 -2.111569 -0.078740,
        -1.332680 -2.123799 -0.078740,
        -1.837867 -2.097326 -0.078740,
        -1.235487 -1.568350 -0.078740,
        -1.547360 -0.337760 -0.078740,
        -1.550980 -0.308744 -0.078740,
        -1.550980 -0.118110 -0.078740,
        -1.610035 -0.015824 -0.078740,
        -1.585574 -0.034594 -0.078740,
        -1.566804 -0.059055 -0.078740,
        1.325519 -2.141096 -0.078740,
        1.340803 -2.139084 -0.078740,
        1.355046 -2.133184 -0.078740,
        1.367277 -2.123799 -0.078740,
        1.310234 -2.139084 -0.078740,
        -1.951953 -2.097326 -0.078740,
        -1.946053 -2.111569 -0.078740,
        -1.638521 -0.004024 -0.078740,
        -1.669091 0.000000 -0.078740,
        -1.835855 0.000000 -0.078740,
        -1.866424 -0.004024 -0.078740,
        -1.894910 -0.015824 -0.078740,
        -1.919371 -0.034594 -0.078740,
        0.780586 -1.597365 -0.078740,
        1.266463 -2.082041 -0.078740,
        1.268476 -2.097326 -0.078740,
        -1.936668 -2.123799 -0.078740,
        -1.924437 -2.133184 -0.078740,
        -1.910194 -2.139084 -0.078740,
        -1.894910 -2.141096 -0.078740,
        -1.879625 -2.139084 -0.078740,
        2.163899 2.377186 -0.078740,
        -1.865382 -2.133184 -0.078740,
        -1.853152 -2.123799 -0.078740,
        -1.843767 -2.111569 -0.078740,
        -1.835855 -2.082041 -0.078740,
        -1.349977 -2.082041 -0.078740,
        -1.347965 -2.097326 -0.078740,
        0.706246 -2.139084 -0.078740,
        0.721531 -2.141096 -0.078740,
        0.736815 -2.139084 -0.078740,
        -1.320450 -2.133184 -0.078740,
        -1.306207 -2.139084 -0.078740,
        2.163899 0.143682 -0.078740,
        1.757065 0.143682 -0.078740,
        0.778574 -2.097326 -0.078740,
        0.772674 -2.111569 -0.078740,
        1.099699 -0.000000 -0.078740,
        1.069130 -0.004024 -0.078740,
        0.985613 -0.087541 -0.078740,
        0.981589 -0.118110 -0.078740,
        0.981589 -0.308744 -0.078740,
        2.643701 1.021171 -0.078740,
        2.552089 1.021171 -0.078740,
        2.552089 1.786968 -0.078740,
        2.643701 1.786968 -0.078740,
        0.751059 -2.133184 -0.078740,
        0.763289 -2.123799 -0.078740,
        0.692004 -2.133184 -0.078740,
        1.384574 -0.118110 -0.078740,
        1.380549 -0.087541 -0.078740,
        1.368750 -0.059055 -0.078740,
        1.349980 -0.034594 -0.078740,
        1.757065 1.720245 -0.078740,
        2.053085 2.113946 -0.078740,
        0.977969 -0.337760 -0.078740,
        0.666095 -1.568350 -0.078740,
        0.662476 -1.597365 -0.078740,
        1.384574 -2.082041 -0.078740,
        -1.290922 -2.141096 -0.078740,
        -1.275637 -2.139084 -0.078740,
        1.376662 -2.111569 -0.078740,
        1.382561 -2.097326 -0.078740,
        -1.669091 -0.118110 -0.078740,
        -1.669091 -0.308744 -0.078740,
        -1.835855 -0.118110 -0.078740,
        -1.661851 -0.366776 -0.078740,
        -1.349977 -1.597365 -0.078740,
        0.664488 -2.097326 -0.078740,
        0.670388 -2.111569 -0.078740,
        1.325519 -0.015824 -0.078740,
        1.297033 -0.004024 -0.078740,
        1.266463 0.000000 -0.078740,
        0.662476 -2.082041 -0.078740,
        -1.231867 -2.082041 -0.078740,
        0.679773 -2.123799 -0.078740,
        1.040644 -0.015824 -0.078740,
        1.016183 -0.034594 -0.078740,
        0.997413 -0.059055 -0.078740,
        1.585776 2.377186 -0.078740,
        1.585776 1.928511 -0.078740,
        -1.261395 -2.133184 -0.078740,
        -1.249164 -2.123799 -0.078740,
        -1.239779 -2.111569 -0.078740,
        -1.233879 -2.097326 -0.078740,
        -1.231867 -1.597365 -0.078740,
        2.643701 1.021171 0.000000,
        1.384574 -0.118110 0.000000,
        2.163899 0.143682 0.000000,
        1.757065 0.143682 0.000000,
        2.552089 1.786968 0.000000,
        2.643701 1.786968 0.000000,
        2.131890 -3.100394 0.000000,
        2.171260 -3.100394 0.000000,
        2.053085 2.113946 0.000000,
        1.757065 1.720245 0.000000,
        1.659383 2.113946 0.000000,
        0.981589 -0.118110 0.000000,
        0.985613 -0.087541 0.000000,
        -1.231867 -1.597365 0.000000,
        1.384574 -2.082041 0.000000,
        2.552089 1.021171 0.000000,
        2.163899 2.377186 0.000000,
        0.679773 -2.123799 0.000000,
        0.670388 -2.111569 0.000000,
        0.664488 -2.097326 0.000000,
        -1.235487 -1.568350 0.000000,
        1.478071 0.893473 0.000000,
        1.585776 2.377186 0.000000,
        1.520844 1.365914 0.000000,
        1.520844 0.893473 0.000000,
        1.325519 -0.015824 0.000000,
        1.349980 -0.034594 0.000000,
        1.368750 -0.059055 0.000000,
        1.380549 -0.087541 0.000000,
        -1.547360 -0.337760 0.000000,
        -1.555005 -0.087541 0.000000,
        -1.550980 -0.118110 0.000000,
        1.325519 -2.141096 0.000000,
        1.310234 -2.139084 0.000000,
        -1.865382 -2.133184 0.000000,
        -1.879625 -2.139084 0.000000,
        -1.894910 -2.141096 0.000000,
        -1.910194 -2.139084 0.000000,
        -1.924437 -2.133184 0.000000,
        -1.936668 -2.123799 0.000000,
        -1.946053 -2.111569 0.000000,
        0.662476 -2.082041 0.000000,
        0.662476 -1.597365 0.000000,
        0.666095 -1.568350 0.000000,
        1.069130 -0.004024 0.000000,
        1.099699 -0.000000 0.000000,
        1.266463 0.000000 0.000000,
        1.297033 -0.004024 0.000000,
        -1.550980 -0.308744 0.000000,
        1.478071 1.346966 0.000000,
        1.585776 1.928511 0.000000,
        -1.610035 -0.015824 0.000000,
        -1.585574 -0.034594 0.000000,
        -1.332680 -2.123799 0.000000,
        -1.320450 -2.133184 0.000000,
        -1.306207 -2.139084 0.000000,
        0.997413 -0.059055 0.000000,
        1.016183 -0.034594 0.000000,
        1.040644 -0.015824 0.000000,
        -1.951953 -2.097326 0.000000,
        1.340803 -2.139084 0.000000,
        1.295991 -2.133184 0.000000,
        1.283760 -2.123799 0.000000,
        -1.290922 -2.141096 0.000000,
        -1.275637 -2.139084 0.000000,
        -1.669091 -0.308744 0.000000,
        -1.669091 -0.118110 0.000000,
        -1.835855 -0.118110 0.000000,
        -1.342065 -2.111569 0.000000,
        -1.837867 -2.097326 0.000000,
        -1.843767 -2.111569 0.000000,
        -1.853152 -2.123799 0.000000,
        0.977969 -0.337760 0.000000,
        0.981589 -0.308744 0.000000,
        1.382561 -2.097326 0.000000,
        1.376662 -2.111569 0.000000,
        1.367277 -2.123799 0.000000,
        1.355046 -2.133184 0.000000,
        -1.261395 -2.133184 0.000000,
        -1.249164 -2.123799 0.000000,
        -1.938141 -0.059055 0.000000,
        -1.919371 -0.034594 0.000000,
        0.772674 -2.111569 0.000000,
        1.268476 -2.097326 0.000000,
        0.778574 -2.097326 0.000000,
        1.266463 -2.082041 0.000000,
        0.780586 -2.082041 0.000000,
        0.751059 -2.133184 0.000000,
        0.763289 -2.123799 0.000000,
        1.274375 -2.111569 0.000000,
        -1.953965 -2.082041 0.000000,
        -1.953965 -0.118110 0.000000,
        -1.949941 -0.087541 0.000000,
        0.736815 -2.139084 0.000000,
        0.721531 -2.141096 0.000000,
        0.706246 -2.139084 0.000000,
        -1.566804 -0.059055 0.000000,
        -1.894910 -0.015824 0.000000,
        -1.866424 -0.004024 0.000000,
        -1.835855 0.000000 0.000000,
        -1.347965 -2.097326 0.000000,
        -1.349977 -2.082041 0.000000,
        -1.835855 -2.082041 0.000000,
        -1.349977 -1.597365 0.000000,
        -1.661851 -0.366776 0.000000,
        -1.669091 0.000000 0.000000,
        -1.638521 -0.004024 0.000000,
        -1.239779 -2.111569 0.000000,
        -1.233879 -2.097326 0.000000,
        -1.231867 -2.082041 0.000000,
        0.692004 -2.133184 0.000000,
        1.099699 -0.118110 0.000000,
        1.099699 -0.308744 0.000000,
        1.266463 -0.118110 0.000000,
        1.092460 -0.366776 0.000000,
        0.780586 -1.597365 0.000000,
        2.131890 -3.100394 -0.012250,
        -2.643701 -3.139764 -0.511811,
        -2.643701 -3.061024 -0.511811,
        -2.533465 -3.139764 -0.511811,
        -2.533465 -3.061024 -0.511811,
        -2.643701 -3.061024 -0.118110,
        -2.643701 -3.139764 -0.118110,
        -2.533465 -3.061024 -0.118110,
        -2.533465 -3.139764 -0.118110,
        -2.726378 -3.057087 -0.511811,
        -2.726378 -3.057087 -0.118110,
        -2.726378 -2.810309 -0.719778,
        -2.726378 -2.812992 -0.740157,
        -2.726378 -2.172522 -0.700787,
        -2.726378 -2.180388 -0.719778,
        -2.726378 -2.398912 -0.664100,
        -2.726378 -3.139764 -0.551181,
        -2.726378 -3.061024 -0.551181,
        -2.726331 -3.061023 -0.511811,
        -2.726378 -1.865427 -0.719778,
        -2.726378 -1.868110 -0.740157,
        -2.726378 -2.025591 -0.740157,
        -2.726378 -2.183071 -0.740157,
        -2.726378 -2.340551 -0.740157,
        -2.726378 -2.343234 -0.719778,
        -2.726378 -2.351100 -0.700787,
        -2.726378 -2.363614 -0.684480,
        -2.726378 -2.379921 -0.671967,
        -2.726378 -1.710630 -0.740157,
        -2.726378 -1.713313 -0.719778,
        -2.726378 -1.721179 -0.700787,
        -2.726378 -1.733693 -0.684480,
        -2.726378 -2.419291 -0.661417,
        -2.726378 -2.439671 -0.664100,
        -2.726378 -1.845048 -0.684480,
        -2.726378 -1.857561 -0.700787,
        -2.726378 -2.036140 -0.700787,
        -2.726378 -2.028274 -0.719778,
        -2.726378 -1.750000 -0.671967,
        -2.726378 -2.498031 -0.740157,
        -2.726378 -2.655512 -0.740157,
        -2.726378 -2.495348 -0.719778,
        -2.726378 -2.658195 -0.719778,
        -2.726378 -2.487482 -0.700787,
        -2.726378 -2.678574 -0.684480,
        -2.726378 -2.694882 -0.671967,
        -2.726378 -2.713872 -0.664100,
        -2.726378 -2.734252 -0.661417,
        -2.726378 -2.754631 -0.664100,
        -2.726378 -2.773622 -0.671967,
        -2.726378 -2.789930 -0.684480,
        -2.726378 -2.802443 -0.700787,
        -2.726378 -1.768991 -0.664100,
        -2.726378 -1.789370 -0.661417,
        -2.726378 -1.809750 -0.664100,
        -2.726378 -2.104331 -0.661417,
        -2.726378 -2.083951 -0.664100,
        -2.726378 -2.064961 -0.671967,
        -2.726378 -2.666061 -0.700787,
        -2.726378 -2.474969 -0.684480,
        -2.726378 -2.458661 -0.671967,
        -2.726378 -2.048653 -0.684480,
        -2.726378 -1.828740 -0.671967,
        -2.726378 -2.124710 -0.664100,
        -2.726378 -2.143701 -0.671967,
        -2.726378 -2.160008 -0.684480,
        -2.726331 -3.061023 -0.118110,
        -2.726378 -3.061024 -0.082677,
        -2.647638 -3.061024 -0.082677,
        -2.647638 -3.057087 -0.118110,
        -2.647638 -3.061024 -0.118110,
        -2.647638 -3.057087 -0.511811,
        -2.647638 -3.061024 -0.511811,
        -2.647638 -3.061024 -0.551181,
        -2.647638 -3.139764 -0.551181,
        -2.647638 -2.694882 -0.671967,
        -2.647638 -2.678574 -0.684480,
        -2.647638 -1.733693 -0.684480,
        -2.647638 -1.721179 -0.700787,
        -2.647638 -1.713313 -0.719778,
        -2.647638 -1.710630 -0.740157,
        -2.647638 -2.658195 -0.719778,
        -2.647638 -2.655512 -0.740157,
        -2.647638 -2.498031 -0.740157,
        -2.647638 -2.458661 -0.671967,
        -2.647638 -2.439671 -0.664100,
        -2.647638 -2.419291 -0.661417,
        -2.647638 -2.398912 -0.664100,
        -2.647638 -2.379921 -0.671967,
        -2.647638 -2.180388 -0.719778,
        -2.647638 -2.363614 -0.684480,
        -2.647638 -2.340551 -0.740157,
        -2.647638 -2.183071 -0.740157,
        -2.647638 -2.343234 -0.719778,
        -2.647638 -2.351100 -0.700787,
        -2.647638 -2.812992 -0.740157,
        -2.647638 -2.810309 -0.719778,
        -2.647638 -2.802443 -0.700787,
        -2.647638 -2.789930 -0.684480,
        -2.647638 -2.773622 -0.671967,
        -2.647638 -2.666061 -0.700787,
        -2.647638 -2.487482 -0.700787,
        -2.647638 -2.495348 -0.719778,
        -2.647638 -1.750000 -0.671967,
        -2.647638 -1.768991 -0.664100,
        -2.647638 -2.754631 -0.664100,
        -2.647638 -2.734252 -0.661417,
        -2.647638 -2.713872 -0.664100,
        -2.647638 -2.474969 -0.684480,
        -2.647638 -2.172522 -0.700787,
        -2.647638 -2.160008 -0.684480,
        -2.647638 -2.104331 -0.661417,
        -2.647638 -2.083951 -0.664100,
        -2.647638 -2.064961 -0.671967,
        -2.647638 -2.048653 -0.684480,
        -2.647638 -2.036140 -0.700787,
        -2.647638 -2.025591 -0.740157,
        -2.647638 -1.868110 -0.740157,
        -2.647638 -2.028274 -0.719778,
        -2.647638 -1.865427 -0.719778,
        -2.647638 -1.857561 -0.700787,
        -2.647638 -1.845048 -0.684480,
        -2.647638 -2.143701 -0.671967,
        -2.647638 -2.124710 -0.664100,
        -2.647638 -1.828740 -0.671967,
        -2.647638 -1.809750 -0.664100,
        -2.647638 -1.789370 -0.661417,
        2.665099 1.786968 -0.002817,
        2.685039 1.786968 -0.011077,
        2.702162 1.786968 -0.024216,
        2.715301 1.786968 -0.041339,
        2.723561 1.786968 -0.061279,
        2.726378 1.786968 -0.082677,
        2.647638 1.786968 -0.082677,
        2.647504 1.786968 -0.081658,
        2.647110 1.786968 -0.080709,
        2.646485 1.786968 -0.079893,
        2.645669 1.786968 -0.079268,
        2.644720 1.786968 -0.078874,
        -2.647638 -3.139764 -0.078740,
        -2.647638 -3.139764 -0.082677,
        -2.726284 -3.139764 -0.078740,
        -2.726284 -3.061024 -0.078740,
        2.665099 1.021171 -0.002817,
        2.685039 1.021171 -0.011077,
        2.702162 1.021171 -0.024216,
        2.715301 1.021171 -0.041339,
        2.723561 1.021171 -0.061279,
        2.726378 1.021171 -0.082677,
        2.647638 1.021171 -0.082677,
        2.647504 1.021171 -0.081658,
        2.647110 1.021171 -0.080709,
        2.646485 1.021171 -0.079893,
        2.645669 1.021171 -0.079268,
        2.644720 1.021171 -0.078874,
        2.726378 1.786968 -0.590551,
        2.726378 1.021171 -0.590551,
        2.647638 1.786968 -0.590551,
        2.647638 1.021171 -0.590551,
        2.171260 -3.139764 0.000000,
        -2.647638 -3.061024 -0.078740,
        -2.649780 -3.139569 -0.118110,
        -2.646779 -3.059541 -0.118110,
        -2.647248 -3.058795 -0.118110,
        -2.647539 -3.057963 -0.118110,
        -2.644577 -3.060925 -0.118110,
        -2.645409 -3.060634 -0.118110,
        -2.646156 -3.060165 -0.118110,
        -2.724689 -3.070848 -0.118110,
        -2.722902 -3.081535 -0.118110,
        -2.718969 -3.090257 -0.118110,
        -2.714637 -3.099862 -0.118110,
        -2.708502 -3.107578 -0.118110,
        -2.702173 -3.115537 -0.118110,
        -2.694162 -3.121844 -0.118110,
        -2.685402 -3.128740 -0.118110,
        -2.676944 -3.132511 -0.118110,
        -2.668920 -3.136089 -0.118110,
        -2.657472 -3.138170 -0.118110,
        -2.725430 -3.070282 -0.511811,
        -2.647539 -3.057963 -0.511811,
        -2.647248 -3.058795 -0.511811,
        -2.646779 -3.059541 -0.511811,
        -2.646156 -3.060165 -0.511811,
        -2.698105 -3.119356 -0.511811,
        -2.708621 -3.107643 -0.511811,
        -2.712234 -3.103619 -0.511811,
        -2.719448 -3.090483 -0.511811,
        -2.720324 -3.088888 -0.511811,
        -2.725248 -3.070946 -0.511811,
        -2.645409 -3.060634 -0.511811,
        -2.644577 -3.060925 -0.511811,
        -2.665070 -3.137148 -0.511811,
        -2.676967 -3.132537 -0.511811,
        -2.657486 -3.138077 -0.511811,
        -2.682019 -3.130578 -0.511811,
        -2.694313 -3.122002 -0.511811,
        -2.532589 -3.060925 -0.118110,
        -2.515067 -3.137691 -0.118110,
        -2.531756 -3.060634 -0.118110,
        -2.497592 -3.131576 -0.118110,
        -2.531010 -3.060165 -0.118110,
        -2.481916 -3.121726 -0.118110,
        -2.530387 -3.059541 -0.118110,
        -2.468825 -3.108635 -0.118110,
        -2.529917 -3.058795 -0.118110,
        -2.458975 -3.092959 -0.118110,
        -2.529626 -3.057963 -0.118110,
        -2.452860 -3.075484 -0.118110,
        -2.529528 -3.057087 -0.118110,
        -2.450787 -3.057087 -0.118110,
        -2.529528 -3.057087 -0.511811,
        -2.450787 -3.057087 -0.511811,
        -2.529626 -3.057963 -0.511811,
        -2.452860 -3.075484 -0.511811,
        -2.529917 -3.058795 -0.511811,
        -2.458975 -3.092959 -0.511811,
        -2.530387 -3.059541 -0.511811,
        -2.468825 -3.108635 -0.511811,
        -2.531010 -3.060165 -0.511811,
        -2.481916 -3.121726 -0.511811,
        -2.531756 -3.060634 -0.511811,
        -2.497592 -3.131576 -0.511811,
        -2.532589 -3.060925 -0.511811,
        -2.515067 -3.137691 -0.511811,
        -2.529528 -2.942913 -0.511811,
        -2.450787 -2.942913 -0.511811,
        -2.450787 -2.942913 -0.118110,
        -2.529528 -2.942913 -0.118110,
      ]
    }
    coordIndex [
      18, 233, 10, -1,
      10, 233, 231, -1,
      18, 46, 233, -1,
      233, 46, 234, -1,
      46, 21, 234, -1,
      234, 21, 205, -1,
      106, 160, 101, -1,
      101, 160, 138, -1,
      101, 138, 102, -1,
      102, 138, 137, -1,
      102, 137, 108, -1,
      108, 137, 136, -1,
      108, 136, 81, -1,
      81, 136, 229, -1,
      81, 229, 61, -1,
      61, 229, 214, -1,
      61, 214, 62, -1,
      62, 214, 213, -1,
      62, 213, 63, -1,
      63, 213, 212, -1,
      63, 212, 79, -1,
      79, 212, 206, -1,
      79, 206, 80, -1,
      80, 206, 207, -1,
      80, 207, 69, -1,
      69, 207, 201, -1,
      69, 201, 68, -1,
      68, 201, 203, -1,
      68, 203, 21, -1,
      21, 203, 205, -1,
      106, 90, 160, -1,
      160, 90, 161, -1,
      89, 162, 90, -1,
      90, 162, 161, -1,
      89, 88, 162, -1,
      162, 88, 191, -1,
      192, 191, 74, -1,
      74, 191, 88, -1,
      74, 73, 192, -1,
      192, 73, 130, -1,
      70, 164, 71, -1,
      71, 164, 163, -1,
      71, 163, 109, -1,
      109, 163, 177, -1,
      109, 177, 110, -1,
      110, 177, 176, -1,
      110, 176, 111, -1,
      111, 176, 175, -1,
      111, 175, 72, -1,
      72, 175, 131, -1,
      72, 131, 73, -1,
      73, 131, 130, -1,
      70, 105, 164, -1,
      164, 105, 165, -1,
      82, 120, 83, -1,
      83, 120, 147, -1,
      83, 147, 84, -1,
      84, 147, 146, -1,
      84, 146, 85, -1,
      85, 146, 145, -1,
      85, 145, 103, -1,
      103, 145, 144, -1,
      103, 144, 104, -1,
      104, 144, 166, -1,
      104, 166, 105, -1,
      105, 166, 165, -1,
      82, 91, 120, -1,
      120, 91, 133, -1,
      47, 204, 48, -1,
      48, 204, 202, -1,
      48, 202, 19, -1,
      19, 202, 208, -1,
      19, 208, 20, -1,
      20, 208, 181, -1,
      20, 181, 22, -1,
      22, 181, 180, -1,
      22, 180, 37, -1,
      37, 180, 152, -1,
      37, 152, 33, -1,
      33, 152, 151, -1,
      33, 151, 34, -1,
      34, 151, 179, -1,
      34, 179, 35, -1,
      35, 179, 196, -1,
      35, 196, 36, -1,
      36, 196, 195, -1,
      36, 195, 94, -1,
      94, 195, 194, -1,
      94, 194, 95, -1,
      95, 194, 193, -1,
      95, 193, 91, -1,
      91, 193, 133, -1,
      47, 12, 204, -1,
      204, 12, 232, -1,
      12, 11, 232, -1,
      232, 11, 230, -1,
      11, 10, 230, -1,
      230, 10, 231, -1,
      9, 209, 38, -1,
      38, 209, 178, -1,
      38, 178, 39, -1,
      39, 178, 159, -1,
      39, 159, 49, -1,
      49, 159, 158, -1,
      49, 158, 50, -1,
      50, 158, 157, -1,
      50, 157, 51, -1,
      51, 157, 156, -1,
      51, 156, 52, -1,
      52, 156, 155, -1,
      52, 155, 53, -1,
      53, 155, 154, -1,
      53, 154, 55, -1,
      55, 154, 153, -1,
      55, 153, 56, -1,
      56, 153, 190, -1,
      56, 190, 57, -1,
      57, 190, 189, -1,
      57, 189, 25, -1,
      25, 189, 188, -1,
      25, 188, 58, -1,
      58, 188, 221, -1,
      9, 8, 209, -1,
      209, 8, 210, -1,
      42, 218, 43, -1,
      43, 218, 217, -1,
      43, 217, 44, -1,
      44, 217, 216, -1,
      44, 216, 45, -1,
      45, 216, 200, -1,
      45, 200, 13, -1,
      13, 200, 199, -1,
      13, 199, 14, -1,
      14, 199, 211, -1,
      14, 211, 8, -1,
      8, 211, 210, -1,
      42, 41, 218, -1,
      218, 41, 224, -1,
      29, 150, 17, -1,
      17, 150, 149, -1,
      17, 149, 32, -1,
      32, 149, 215, -1,
      32, 215, 31, -1,
      31, 215, 171, -1,
      31, 171, 30, -1,
      30, 171, 170, -1,
      30, 170, 40, -1,
      40, 170, 225, -1,
      40, 225, 41, -1,
      41, 225, 224, -1,
      29, 28, 150, -1,
      150, 28, 167, -1,
      148, 167, 27, -1,
      27, 167, 28, -1,
      27, 26, 148, -1,
      148, 26, 139, -1,
      118, 132, 26, -1,
      26, 132, 139, -1,
      118, 107, 132, -1,
      132, 107, 228, -1,
      59, 220, 60, -1,
      60, 220, 219, -1,
      60, 219, 23, -1,
      23, 219, 187, -1,
      23, 187, 24, -1,
      24, 187, 172, -1,
      24, 172, 64, -1,
      64, 172, 173, -1,
      64, 173, 65, -1,
      65, 173, 174, -1,
      65, 174, 92, -1,
      92, 174, 182, -1,
      92, 182, 93, -1,
      93, 182, 183, -1,
      93, 183, 114, -1,
      114, 183, 197, -1,
      114, 197, 115, -1,
      115, 197, 198, -1,
      115, 198, 116, -1,
      116, 198, 226, -1,
      116, 226, 117, -1,
      117, 226, 227, -1,
      117, 227, 107, -1,
      107, 227, 228, -1,
      59, 100, 220, -1,
      220, 100, 222, -1,
      100, 99, 222, -1,
      222, 99, 223, -1,
      97, 184, 99, -1,
      99, 184, 223, -1,
      97, 96, 184, -1,
      184, 96, 185, -1,
      96, 98, 185, -1,
      185, 98, 186, -1,
      98, 58, 186, -1,
      186, 58, 221, -1,
      112, 54, 141, -1,
      141, 54, 135, -1,
      54, 66, 135, -1,
      135, 66, 121, -1,
      66, 67, 121, -1,
      121, 67, 122, -1,
      67, 86, 122, -1,
      122, 86, 128, -1,
      2, 16, 143, -1,
      143, 16, 140, -1,
      16, 15, 140, -1,
      140, 15, 168, -1,
      15, 113, 168, -1,
      168, 113, 169, -1,
      113, 112, 169, -1,
      169, 112, 141, -1,
      3, 2, 142, -1,
      142, 2, 143, -1,
      4, 3, 129, -1,
      129, 3, 142, -1,
      87, 4, 127, -1,
      127, 4, 129, -1,
      0, 87, 1, -1,
      1, 87, 127, -1,
      86, 0, 128, -1,
      128, 0, 1, -1,
      134, 76, 123, -1,
      123, 76, 77, -1,
      392, 390, 368, -1,
      368, 390, 367, -1,
      368, 367, 369, -1,
      369, 367, 366, -1,
      369, 366, 370, -1,
      370, 366, 365, -1,
      370, 365, 371, -1,
      371, 365, 364, -1,
      371, 364, 372, -1,
      372, 364, 363, -1,
      372, 363, 373, -1,
      373, 363, 362, -1,
      373, 362, 78, -1,
      78, 362, 124, -1,
      78, 124, 77, -1,
      77, 124, 123, -1,
      76, 134, 75, -1,
      75, 134, 119, -1,
      75, 119, 389, -1,
      389, 119, 378, -1,
      389, 378, 388, -1,
      388, 378, 379, -1,
      388, 379, 387, -1,
      387, 379, 380, -1,
      387, 380, 386, -1,
      386, 380, 381, -1,
      386, 381, 385, -1,
      385, 381, 382, -1,
      385, 382, 384, -1,
      384, 382, 383, -1,
      384, 383, 393, -1,
      393, 383, 391, -1,
      391, 390, 393, -1,
      393, 390, 392, -1,
      330, 247, 331, -1,
      331, 247, 246, -1,
      331, 246, 332, -1,
      332, 246, 286, -1,
      332, 286, 333, -1,
      333, 286, 285, -1,
      333, 285, 334, -1,
      334, 285, 284, -1,
      334, 284, 340, -1,
      340, 284, 283, -1,
      340, 283, 341, -1,
      341, 283, 282, -1,
      341, 282, 342, -1,
      342, 282, 281, -1,
      342, 281, 310, -1,
      310, 281, 280, -1,
      310, 280, 311, -1,
      311, 280, 279, -1,
      311, 279, 335, -1,
      335, 279, 293, -1,
      335, 293, 316, -1,
      316, 293, 277, -1,
      316, 277, 317, -1,
      317, 277, 275, -1,
      318, 274, 337, -1,
      337, 274, 276, -1,
      337, 276, 336, -1,
      336, 276, 278, -1,
      336, 278, 343, -1,
      343, 278, 294, -1,
      343, 294, 319, -1,
      319, 294, 295, -1,
      319, 295, 320, -1,
      320, 295, 268, -1,
      320, 268, 321, -1,
      321, 268, 267, -1,
      321, 267, 322, -1,
      322, 267, 250, -1,
      322, 250, 323, -1,
      323, 250, 262, -1,
      323, 262, 325, -1,
      325, 262, 261, -1,
      325, 261, 329, -1,
      329, 261, 260, -1,
      329, 260, 328, -1,
      328, 260, 259, -1,
      328, 259, 326, -1,
      326, 259, 258, -1,
      327, 257, 324, -1,
      324, 257, 249, -1,
      324, 249, 344, -1,
      344, 249, 248, -1,
      344, 248, 345, -1,
      345, 248, 300, -1,
      345, 300, 357, -1,
      357, 300, 299, -1,
      357, 299, 358, -1,
      358, 299, 298, -1,
      358, 298, 346, -1,
      346, 298, 290, -1,
      346, 290, 347, -1,
      347, 290, 291, -1,
      347, 291, 348, -1,
      348, 291, 292, -1,
      348, 292, 349, -1,
      349, 292, 296, -1,
      349, 296, 350, -1,
      350, 296, 271, -1,
      350, 271, 353, -1,
      353, 271, 272, -1,
      353, 272, 351, -1,
      351, 272, 256, -1,
      352, 255, 354, -1,
      354, 255, 254, -1,
      354, 254, 355, -1,
      355, 254, 270, -1,
      355, 270, 356, -1,
      356, 270, 269, -1,
      356, 269, 359, -1,
      359, 269, 297, -1,
      359, 297, 360, -1,
      360, 297, 289, -1,
      360, 289, 361, -1,
      361, 289, 288, -1,
      361, 288, 339, -1,
      339, 288, 287, -1,
      339, 287, 338, -1,
      338, 287, 273, -1,
      338, 273, 312, -1,
      312, 273, 266, -1,
      312, 266, 313, -1,
      313, 266, 265, -1,
      313, 265, 314, -1,
      314, 265, 264, -1,
      314, 264, 315, -1,
      315, 264, 263, -1,
      252, 251, 308, -1,
      308, 251, 309, -1,
      253, 252, 307, -1,
      307, 252, 308, -1,
      374, 395, 375, -1,
      375, 395, 303, -1,
      395, 374, 377, -1,
      377, 374, 376, -1,
      395, 377, 303, -1,
      303, 377, 302, -1,
      303, 302, 305, -1,
      305, 302, 301, -1,
      396, 241, 305, -1,
      397, 398, 305, -1,
      305, 398, 399, -1,
      305, 399, 304, -1,
      240, 400, 241, -1,
      241, 400, 401, -1,
      241, 401, 305, -1,
      305, 401, 402, -1,
      305, 402, 397, -1,
      301, 403, 305, -1,
      305, 403, 404, -1,
      305, 404, 405, -1,
      405, 406, 305, -1,
      305, 406, 407, -1,
      305, 407, 408, -1,
      408, 409, 305, -1,
      305, 409, 410, -1,
      305, 410, 411, -1,
      411, 412, 305, -1,
      305, 412, 413, -1,
      305, 413, 396, -1,
      414, 253, 307, -1,
      307, 306, 415, -1,
      415, 416, 307, -1,
      307, 416, 417, -1,
      307, 417, 418, -1,
      419, 420, 307, -1,
      307, 420, 421, -1,
      307, 421, 422, -1,
      422, 423, 307, -1,
      307, 423, 424, -1,
      307, 424, 414, -1,
      418, 425, 236, -1,
      236, 425, 426, -1,
      236, 426, 237, -1,
      427, 428, 307, -1,
      418, 236, 307, -1,
      307, 236, 429, -1,
      307, 429, 427, -1,
      428, 430, 307, -1,
      307, 430, 431, -1,
      307, 431, 419, -1,
      301, 245, 244, -1,
      244, 253, 301, -1,
      301, 253, 414, -1,
      301, 414, 403, -1,
      403, 414, 424, -1,
      403, 424, 404, -1,
      404, 424, 423, -1,
      404, 423, 405, -1,
      405, 423, 422, -1,
      405, 422, 406, -1,
      406, 422, 421, -1,
      406, 421, 407, -1,
      407, 421, 420, -1,
      407, 420, 408, -1,
      408, 420, 419, -1,
      408, 419, 409, -1,
      409, 419, 431, -1,
      409, 431, 410, -1,
      410, 431, 430, -1,
      410, 430, 411, -1,
      411, 430, 428, -1,
      411, 428, 412, -1,
      412, 428, 427, -1,
      412, 427, 413, -1,
      413, 427, 429, -1,
      413, 429, 396, -1,
      396, 429, 236, -1,
      396, 236, 241, -1,
      240, 237, 400, -1,
      400, 237, 426, -1,
      400, 426, 401, -1,
      401, 426, 425, -1,
      401, 425, 402, -1,
      402, 425, 418, -1,
      402, 418, 397, -1,
      397, 418, 417, -1,
      397, 417, 398, -1,
      398, 417, 416, -1,
      398, 416, 399, -1,
      399, 416, 415, -1,
      399, 415, 304, -1,
      304, 415, 306, -1,
      242, 243, 432, -1,
      432, 243, 433, -1,
      432, 433, 434, -1,
      434, 433, 435, -1,
      434, 435, 436, -1,
      436, 435, 437, -1,
      436, 437, 438, -1,
      438, 437, 439, -1,
      438, 439, 440, -1,
      440, 439, 441, -1,
      440, 441, 442, -1,
      442, 441, 443, -1,
      442, 443, 444, -1,
      444, 443, 445, -1,
      446, 447, 448, -1,
      448, 447, 449, -1,
      448, 449, 450, -1,
      450, 449, 451, -1,
      450, 451, 452, -1,
      452, 451, 453, -1,
      452, 453, 454, -1,
      454, 453, 455, -1,
      454, 455, 456, -1,
      456, 455, 457, -1,
      456, 457, 458, -1,
      458, 457, 459, -1,
      458, 459, 239, -1,
      239, 459, 238, -1,
      243, 238, 459, -1,
      243, 459, 433, -1,
      433, 459, 457, -1,
      433, 457, 435, -1,
      435, 457, 455, -1,
      435, 455, 437, -1,
      437, 455, 453, -1,
      437, 453, 439, -1,
      439, 453, 451, -1,
      439, 451, 441, -1,
      441, 451, 449, -1,
      441, 449, 443, -1,
      443, 449, 447, -1,
      443, 447, 445, -1,
      444, 446, 442, -1,
      442, 446, 448, -1,
      442, 448, 440, -1,
      440, 448, 450, -1,
      440, 450, 438, -1,
      438, 450, 452, -1,
      438, 452, 436, -1,
      436, 452, 454, -1,
      436, 454, 434, -1,
      434, 454, 456, -1,
      434, 456, 432, -1,
      432, 456, 458, -1,
      432, 458, 242, -1,
      242, 458, 239, -1,
      460, 461, 446, -1,
      446, 461, 447, -1,
      462, 463, 445, -1,
      445, 463, 444, -1,
      461, 462, 447, -1,
      447, 462, 445, -1,
      444, 463, 446, -1,
      446, 463, 460, -1,
      462, 461, 463, -1,
      463, 461, 460, -1,
      5, 6, 126, -1,
      126, 6, 394, -1,
      7, 5, 235, -1,
      235, 5, 126, -1,
      235, 126, 125, -1,
    ]
  }
}

Shape {
  appearance Appearance {
    material Material {
      diffuseColor 0.5020 0.5020 0.5020
      specularColor 0.2510 0.2510 0.2510
      ambientIntensity 0.2
      transparency 0.0000
      shininess 0.5
    }
  }
  geometry IndexedFaceSet {
    ccw TRUE
    solid FALSE
    coord DEF co Coordinate {
      point [
        2.175197 -3.021654 -0.078740,
        2.171260 -3.021654 -0.078740,
        2.175197 -3.021654 -0.082677,
        2.175063 -3.021654 -0.081658,
        2.174669 -3.021654 -0.080709,
        2.174044 -3.021654 -0.079893,
        2.173228 -3.021654 -0.079268,
        2.172279 -3.021654 -0.078874,
      ]
    }
    coordIndex [
      1, 7, 0, -1,
      0, 7, 6, -1,
      0, 6, 5, -1,
      5, 4, 0, -1,
      0, 4, 3, -1,
      0, 3, 2, -1,
    ]
  }
}

Shape {
  appearance Appearance {
    material Material {
      diffuseColor 1.0000 1.0000 1.0000
      specularColor 0.5020 0.5020 0.5020
      ambientIntensity 0.2
      transparency 0.0000
      shininess 0.5
    }
  }
  geometry IndexedFaceSet {
    ccw TRUE
    solid FALSE
    coord DEF co Coordinate {
      point [
        2.131890 -3.100394 -0.078740,
        2.131890 -3.057087 -0.078740,
        1.986500 -2.950507 -0.078740,
        1.978346 -2.944251 -0.078740,
        1.998031 -3.057087 -0.078740,
        1.968851 -2.940318 -0.078740,
        1.958661 -2.938976 -0.078740,
        1.998031 -2.978346 -0.078740,
        1.996690 -2.968157 -0.078740,
        1.992757 -2.958661 -0.078740,
        1.948472 -2.940318 -0.078740,
        1.938976 -2.944251 -0.078740,
        1.930822 -2.950507 -0.078740,
        1.924566 -2.958661 -0.078740,
        -2.563339 2.941572 -0.078740,
        -2.572835 2.937639 -0.078740,
        -2.580988 2.931382 -0.078740,
        -2.587245 2.923228 -0.078740,
        1.920633 -2.968157 -0.078740,
        1.919291 -2.978346 -0.078740,
        -2.470472 2.942913 -0.078740,
        -2.470472 2.864173 -0.078740,
        -2.591178 2.893354 -0.078740,
        -2.592520 2.903543 -0.078740,
        -2.591178 2.913733 -0.078740,
        1.919291 -3.122096 -0.078740,
        -2.474409 3.139764 -0.078740,
        -2.474409 2.942913 -0.078740,
        -2.553150 2.942913 -0.078740,
        -2.587245 2.883858 -0.078740,
        -2.580988 2.875704 -0.078740,
        -2.572835 2.869448 -0.078740,
        -2.563339 2.865515 -0.078740,
        -2.553150 2.864173 -0.078740,
        2.131890 -3.057087 0.000000,
        1.998031 -2.978346 0.000000,
        1.998031 -3.057087 0.000000,
        1.958661 -2.938976 0.000000,
        1.968851 -2.940318 0.000000,
        1.978346 -2.944251 0.000000,
        1.986500 -2.950507 0.000000,
        1.992757 -2.958661 0.000000,
        1.996690 -2.968157 0.000000,
        -2.470472 2.942913 0.000000,
        -2.470472 2.864173 0.000000,
        -2.587245 2.923228 0.000000,
        -2.580988 2.931382 0.000000,
        -2.572835 2.937639 0.000000,
        1.919291 -2.978346 0.000000,
        1.920633 -2.968157 0.000000,
        1.924566 -2.958661 0.000000,
        1.930822 -2.950507 0.000000,
        -2.587245 2.883858 0.000000,
        -2.591178 2.893354 0.000000,
        -2.592520 2.903543 0.000000,
        -2.591178 2.913733 0.000000,
        1.919291 -3.122096 0.000000,
        1.948472 -2.940318 0.000000,
        1.938976 -2.944251 0.000000,
        -2.563339 2.865515 0.000000,
        -2.572835 2.869448 0.000000,
        -2.580988 2.875704 0.000000,
        -2.474409 2.942913 -0.000000,
        -2.474409 3.139764 -0.000000,
        -2.553150 2.942913 0.000000,
        -2.563339 2.941572 0.000000,
        -2.553150 2.864173 0.000000,
        -2.470472 3.139764 -0.082677,
        -2.391732 3.139764 -0.082677,
        -2.391732 2.942913 -0.082677,
        -2.470472 2.942913 -0.082677,
        1.998031 -3.061024 -0.669291,
        1.998031 -3.139764 -0.669291,
        1.998031 -3.061024 -0.590551,
        1.998031 -3.139764 -0.590551,
        2.131890 -3.139764 -0.082677,
        1.998031 -3.139764 -0.082677,
        1.998031 -3.139764 -0.118110,
        2.086961 -3.139764 -0.513152,
        2.096457 -3.139764 -0.517085,
        2.104611 -3.139764 -0.523342,
        2.110867 -3.139764 -0.531496,
        2.114800 -3.139764 -0.540991,
        2.116142 -3.139764 -0.551181,
        2.131890 -3.139764 -0.669291,
        2.114800 -3.139764 -0.561371,
        2.076772 -3.139764 -0.511811,
        1.998031 -3.139764 -0.511811,
        2.110867 -3.139764 -0.570866,
        2.104611 -3.139764 -0.579020,
        2.096457 -3.139764 -0.585277,
        2.076772 -3.139764 -0.590551,
        2.086961 -3.139764 -0.589210,
        1.998031 -3.061024 -0.118110,
        1.998031 -3.061024 -0.082677,
        2.131890 -3.061024 -0.082677,
        2.131890 -3.061024 -0.669291,
        2.076772 -3.061024 -0.590551,
        2.086961 -3.061024 -0.589210,
        2.096457 -3.061024 -0.585277,
        2.104611 -3.061024 -0.579020,
        2.110867 -3.061024 -0.570866,
        2.114800 -3.061024 -0.540991,
        2.116142 -3.061024 -0.551181,
        2.114800 -3.061024 -0.561371,
        2.110867 -3.061024 -0.531496,
        2.104611 -3.061024 -0.523342,
        2.096457 -3.061024 -0.517085,
        1.998031 -3.061024 -0.511811,
        2.076772 -3.061024 -0.511811,
        2.086961 -3.061024 -0.513152,
        2.131890 -3.078485 -0.002817,
        2.131890 -3.098425 -0.011077,
        2.131890 -3.100394 -0.012250,
        2.131890 -3.115548 -0.024216,
        2.131890 -3.060890 -0.081658,
        2.131890 -3.060496 -0.080709,
        2.131890 -3.059870 -0.079893,
        2.131890 -3.128687 -0.041339,
        2.131890 -3.136946 -0.061279,
        2.131890 -3.059055 -0.079268,
        2.131890 -3.058106 -0.078874,
        1.998031 -3.060890 -0.081658,
        1.998031 -3.136946 -0.061279,
        1.998031 -3.060496 -0.080709,
        1.998031 -3.128687 -0.041339,
        1.998031 -3.059870 -0.079893,
        1.998031 -3.115548 -0.024216,
        1.998031 -3.059055 -0.079268,
        1.998031 -3.098425 -0.011077,
        1.998031 -3.058106 -0.078874,
        1.998031 -3.078485 -0.002817,
        1.997013 -3.060890 -0.511811,
        1.976633 -3.136946 -0.511811,
        1.996063 -3.060496 -0.511811,
        1.956693 -3.128687 -0.511811,
        1.995248 -3.059870 -0.511811,
        1.939570 -3.115548 -0.511811,
        1.994622 -3.059055 -0.511811,
        1.926431 -3.098425 -0.511811,
        1.994229 -3.058106 -0.511811,
        1.918171 -3.078485 -0.511811,
        1.994094 -3.057087 -0.511811,
        1.915354 -3.057087 -0.511811,
        1.994094 -3.057087 -0.118110,
        1.915354 -3.057087 -0.118110,
        1.994229 -3.058106 -0.118110,
        1.918171 -3.078485 -0.118110,
        1.994622 -3.059055 -0.118110,
        1.926431 -3.098425 -0.118110,
        1.995248 -3.059870 -0.118110,
        1.939570 -3.115548 -0.118110,
        1.996063 -3.060496 -0.118110,
        1.956693 -3.128687 -0.118110,
        1.997013 -3.060890 -0.118110,
        1.976633 -3.136946 -0.118110,
        1.994094 -2.978346 -0.118110,
        1.915354 -2.978346 -0.118110,
        1.915354 -2.978346 -0.511811,
        1.994094 -2.978346 -0.511811,
        -2.473391 3.139764 -0.078874,
        -2.453011 3.139764 -0.002817,
        -2.472441 3.139764 -0.079268,
        -2.433071 3.139764 -0.011077,
        -2.471626 3.139764 -0.079893,
        -2.415948 3.139764 -0.024216,
        -2.471000 3.139764 -0.080709,
        -2.402809 3.139764 -0.041339,
        -2.470607 3.139764 -0.081658,
        -2.394550 3.139764 -0.061279,
        -2.470607 2.942913 -0.081658,
        -2.394550 2.942913 -0.061279,
        -2.471000 2.942913 -0.080709,
        -2.402809 2.942913 -0.041339,
        -2.471626 2.942913 -0.079893,
        -2.415948 2.942913 -0.024216,
        -2.472441 2.942913 -0.079268,
        -2.433071 2.942913 -0.011077,
        -2.473391 2.942913 -0.078874,
        -2.453011 2.942913 -0.002817,
      ]
    }
    coordIndex [
      25, 19, 56, -1,
      56, 19, 48, -1,
      7, 35, 8, -1,
      8, 35, 42, -1,
      8, 42, 9, -1,
      9, 42, 41, -1,
      9, 41, 2, -1,
      2, 41, 40, -1,
      2, 40, 3, -1,
      3, 40, 39, -1,
      3, 39, 5, -1,
      5, 39, 38, -1,
      5, 38, 6, -1,
      6, 38, 37, -1,
      6, 37, 10, -1,
      10, 37, 57, -1,
      10, 57, 11, -1,
      11, 57, 58, -1,
      11, 58, 12, -1,
      12, 58, 51, -1,
      12, 51, 13, -1,
      13, 51, 50, -1,
      13, 50, 18, -1,
      18, 50, 49, -1,
      18, 49, 19, -1,
      19, 49, 48, -1,
      7, 4, 35, -1,
      35, 4, 36, -1,
      0, 75, 95, -1,
      0, 113, 114, -1,
      95, 115, 0, -1,
      0, 115, 116, -1,
      0, 116, 117, -1,
      114, 118, 0, -1,
      0, 118, 119, -1,
      0, 119, 75, -1,
      117, 120, 0, -1,
      0, 120, 121, -1,
      0, 121, 1, -1,
      94, 76, 122, -1,
      122, 76, 123, -1,
      122, 123, 124, -1,
      124, 123, 125, -1,
      124, 125, 126, -1,
      126, 125, 127, -1,
      126, 127, 128, -1,
      128, 127, 129, -1,
      128, 129, 130, -1,
      130, 129, 131, -1,
      130, 131, 4, -1,
      4, 131, 36, -1,
      34, 36, 131, -1,
      34, 131, 111, -1,
      111, 131, 129, -1,
      111, 129, 112, -1,
      112, 129, 113, -1,
      113, 129, 127, -1,
      113, 127, 114, -1,
      114, 127, 125, -1,
      114, 125, 118, -1,
      118, 125, 123, -1,
      118, 123, 119, -1,
      119, 123, 76, -1,
      119, 76, 75, -1,
      95, 94, 115, -1,
      115, 94, 122, -1,
      115, 122, 116, -1,
      116, 122, 124, -1,
      116, 124, 117, -1,
      117, 124, 126, -1,
      117, 126, 120, -1,
      120, 126, 128, -1,
      120, 128, 121, -1,
      121, 128, 130, -1,
      121, 130, 1, -1,
      1, 130, 4, -1,
      77, 76, 93, -1,
      93, 76, 94, -1,
      84, 96, 75, -1,
      75, 96, 95, -1,
      84, 72, 96, -1,
      96, 72, 71, -1,
      97, 91, 98, -1,
      98, 91, 92, -1,
      98, 92, 99, -1,
      99, 92, 90, -1,
      99, 90, 100, -1,
      100, 90, 89, -1,
      100, 89, 101, -1,
      101, 89, 88, -1,
      101, 88, 104, -1,
      104, 88, 85, -1,
      104, 85, 103, -1,
      103, 85, 83, -1,
      103, 83, 102, -1,
      102, 83, 82, -1,
      102, 82, 105, -1,
      105, 82, 81, -1,
      105, 81, 106, -1,
      106, 81, 80, -1,
      106, 80, 107, -1,
      107, 80, 79, -1,
      107, 79, 110, -1,
      110, 79, 78, -1,
      110, 78, 109, -1,
      109, 78, 86, -1,
      74, 91, 73, -1,
      73, 91, 97, -1,
      87, 108, 86, -1,
      86, 108, 109, -1,
      108, 87, 132, -1,
      132, 87, 133, -1,
      132, 133, 134, -1,
      134, 133, 135, -1,
      134, 135, 136, -1,
      136, 135, 137, -1,
      136, 137, 138, -1,
      138, 137, 139, -1,
      138, 139, 140, -1,
      140, 139, 141, -1,
      140, 141, 142, -1,
      142, 141, 143, -1,
      144, 145, 146, -1,
      146, 145, 147, -1,
      146, 147, 148, -1,
      148, 147, 149, -1,
      148, 149, 150, -1,
      150, 149, 151, -1,
      150, 151, 152, -1,
      152, 151, 153, -1,
      152, 153, 154, -1,
      154, 153, 155, -1,
      154, 155, 93, -1,
      93, 155, 77, -1,
      87, 77, 155, -1,
      87, 155, 133, -1,
      133, 155, 153, -1,
      133, 153, 135, -1,
      135, 153, 151, -1,
      135, 151, 137, -1,
      137, 151, 149, -1,
      137, 149, 139, -1,
      139, 149, 147, -1,
      139, 147, 141, -1,
      141, 147, 145, -1,
      141, 145, 143, -1,
      142, 144, 140, -1,
      140, 144, 146, -1,
      140, 146, 138, -1,
      138, 146, 148, -1,
      138, 148, 136, -1,
      136, 148, 150, -1,
      136, 150, 134, -1,
      134, 150, 152, -1,
      134, 152, 132, -1,
      132, 152, 154, -1,
      132, 154, 108, -1,
      108, 154, 93, -1,
      156, 157, 144, -1,
      144, 157, 145, -1,
      158, 159, 143, -1,
      143, 159, 142, -1,
      157, 158, 145, -1,
      145, 158, 143, -1,
      142, 159, 144, -1,
      144, 159, 156, -1,
      158, 157, 159, -1,
      159, 157, 156, -1,
      20, 21, 43, -1,
      43, 21, 44, -1,
      21, 33, 44, -1,
      44, 33, 66, -1,
      28, 64, 14, -1,
      14, 64, 65, -1,
      14, 65, 15, -1,
      15, 65, 47, -1,
      15, 47, 16, -1,
      16, 47, 46, -1,
      16, 46, 17, -1,
      17, 46, 45, -1,
      17, 45, 24, -1,
      24, 45, 55, -1,
      24, 55, 23, -1,
      23, 55, 54, -1,
      23, 54, 22, -1,
      22, 54, 53, -1,
      22, 53, 29, -1,
      29, 53, 52, -1,
      29, 52, 30, -1,
      30, 52, 61, -1,
      30, 61, 31, -1,
      31, 61, 60, -1,
      31, 60, 32, -1,
      32, 60, 59, -1,
      32, 59, 33, -1,
      33, 59, 66, -1,
      28, 27, 64, -1,
      64, 27, 62, -1,
      26, 63, 160, -1,
      160, 63, 161, -1,
      160, 161, 162, -1,
      162, 161, 163, -1,
      162, 163, 164, -1,
      164, 163, 165, -1,
      164, 165, 166, -1,
      166, 165, 167, -1,
      166, 167, 168, -1,
      168, 167, 169, -1,
      168, 169, 67, -1,
      67, 169, 68, -1,
      70, 69, 170, -1,
      170, 69, 171, -1,
      170, 171, 172, -1,
      172, 171, 173, -1,
      172, 173, 174, -1,
      174, 173, 175, -1,
      174, 175, 176, -1,
      176, 175, 177, -1,
      176, 177, 178, -1,
      178, 177, 179, -1,
      178, 179, 27, -1,
      27, 179, 62, -1,
      63, 62, 179, -1,
      63, 179, 161, -1,
      161, 179, 177, -1,
      161, 177, 163, -1,
      163, 177, 175, -1,
      163, 175, 165, -1,
      165, 175, 173, -1,
      165, 173, 167, -1,
      167, 173, 171, -1,
      167, 171, 169, -1,
      169, 171, 69, -1,
      169, 69, 68, -1,
      67, 70, 168, -1,
      168, 70, 170, -1,
      168, 170, 166, -1,
      166, 170, 172, -1,
      166, 172, 164, -1,
      164, 172, 174, -1,
      164, 174, 162, -1,
      162, 174, 176, -1,
      162, 176, 160, -1,
      160, 176, 178, -1,
      160, 178, 26, -1,
      26, 178, 27, -1,
    ]
  }
}

Shape {
  appearance Appearance {
    material Material {
      diffuseColor 1.0000 1.0000 0.0000
      specularColor 0.5020 0.5020 0.0000
      ambientIntensity 0.2
      transparency 0.0000
      shininess 0.5
    }
  }
  geometry IndexedFaceSet {
    ccw TRUE
    solid FALSE
    coord DEF co Coordinate {
      point [
        -2.470472 3.139764 -0.661417,
        -2.391732 3.139764 -0.661417,
        -2.391732 2.942913 -0.661417,
        -2.470472 2.942913 -0.661417,
        -2.391598 2.942913 -0.662436,
        -2.467655 2.942913 -0.682816,
        -2.391205 2.942913 -0.663386,
        -2.459396 2.942913 -0.702756,
        -2.390579 2.942913 -0.664201,
        -2.446257 2.942913 -0.719879,
        -2.389764 2.942913 -0.664827,
        -2.429134 2.942913 -0.733018,
        -2.388814 2.942913 -0.665220,
        -2.409194 2.942913 -0.741277,
        -2.387795 2.942913 -0.665354,
        -2.387795 2.942913 -0.744094,
        -2.387795 3.139764 -0.665354,
        -2.387795 3.139764 -0.744094,
        -2.388814 3.139764 -0.665220,
        -2.409194 3.139764 -0.741277,
        -2.389764 3.139764 -0.664827,
        -2.429134 3.139764 -0.733018,
        -2.390579 3.139764 -0.664201,
        -2.446257 3.139764 -0.719879,
        -2.391205 3.139764 -0.663386,
        -2.459396 3.139764 -0.702756,
        -2.391598 3.139764 -0.662436,
        -2.467655 3.139764 -0.682816,
        -2.234252 2.942913 -0.744094,
        -2.234252 2.942913 -0.665354,
        -2.234252 3.139764 -0.665354,
        -2.234252 3.139764 -0.744094,
      ]
    }
    coordIndex [
      2, 3, 4, -1,
      4, 3, 5, -1,
      4, 5, 6, -1,
      6, 5, 7, -1,
      6, 7, 8, -1,
      8, 7, 9, -1,
      8, 9, 10, -1,
      10, 9, 11, -1,
      10, 11, 12, -1,
      12, 11, 13, -1,
      12, 13, 14, -1,
      14, 13, 15, -1,
      16, 17, 18, -1,
      18, 17, 19, -1,
      18, 19, 20, -1,
      20, 19, 21, -1,
      20, 21, 22, -1,
      22, 21, 23, -1,
      22, 23, 24, -1,
      24, 23, 25, -1,
      24, 25, 26, -1,
      26, 25, 27, -1,
      26, 27, 1, -1,
      1, 27, 0, -1,
      3, 0, 27, -1,
      3, 27, 5, -1,
      5, 27, 25, -1,
      5, 25, 7, -1,
      7, 25, 23, -1,
      7, 23, 9, -1,
      9, 23, 21, -1,
      9, 21, 11, -1,
      11, 21, 19, -1,
      11, 19, 13, -1,
      13, 19, 17, -1,
      13, 17, 15, -1,
      14, 16, 12, -1,
      12, 16, 18, -1,
      12, 18, 10, -1,
      10, 18, 20, -1,
      10, 20, 8, -1,
      8, 20, 22, -1,
      8, 22, 6, -1,
      6, 22, 24, -1,
      6, 24, 4, -1,
      4, 24, 26, -1,
      4, 26, 2, -1,
      2, 26, 1, -1,
      28, 29, 15, -1,
      15, 29, 14, -1,
      30, 31, 16, -1,
      16, 31, 17, -1,
      31, 28, 17, -1,
      17, 28, 15, -1,
      14, 29, 16, -1,
      16, 29, 30, -1,
      28, 31, 29, -1,
      29, 31, 30, -1,
    ]
  }
}

Shape {
  appearance Appearance {
    material Material {
      diffuseColor 1.0000 1.0000 1.0000
      specularColor 0.5020 0.5020 0.5020
      ambientIntensity 0.2
      transparency 0.0000
      shininess 0.5
    }
  }
  geometry IndexedFaceSet {
    ccw TRUE
    solid FALSE
    coord DEF co Coordinate {
      point [
        1.820866 3.025591 -0.082677,
        1.820866 2.946850 -0.082677,
        1.584646 2.946850 -0.082677,
        1.584646 3.025591 -0.082677,
        1.505906 2.864173 -0.078740,
        1.584646 2.864173 -0.078740,
        1.584646 2.942913 -0.078740,
        1.820866 2.942913 -0.078740,
        1.820866 2.864173 -0.078740,
        1.899606 2.864173 -0.078740,
        1.899606 2.864173 0.000000,
        1.820866 2.864173 0.000000,
        1.505906 2.864173 0.000000,
        1.584646 2.864173 0.000000,
        1.584646 2.942913 0.000000,
        1.820866 2.942913 0.000000,
        1.584646 2.943932 -0.078874,
        1.584646 2.964312 -0.002817,
        1.584646 2.944882 -0.079268,
        1.584646 2.984252 -0.011077,
        1.584646 2.945697 -0.079893,
        1.584646 3.001375 -0.024216,
        1.584646 2.946323 -0.080709,
        1.584646 3.014514 -0.041339,
        1.584646 2.946716 -0.081658,
        1.584646 3.022773 -0.061279,
        1.820866 2.946716 -0.081658,
        1.820866 3.022773 -0.061279,
        1.820866 2.946323 -0.080709,
        1.820866 3.014514 -0.041339,
        1.820866 2.945697 -0.079893,
        1.820866 3.001375 -0.024216,
        1.820866 2.944882 -0.079268,
        1.820866 2.984252 -0.011077,
        1.820866 2.943932 -0.078874,
        1.820866 2.964312 -0.002817,
      ]
    }
    coordIndex [
      9, 8, 10, -1,
      10, 8, 11, -1,
      8, 7, 11, -1,
      11, 7, 15, -1,
      6, 5, 14, -1,
      14, 5, 13, -1,
      5, 4, 13, -1,
      13, 4, 12, -1,
      6, 14, 16, -1,
      16, 14, 17, -1,
      16, 17, 18, -1,
      18, 17, 19, -1,
      18, 19, 20, -1,
      20, 19, 21, -1,
      20, 21, 22, -1,
      22, 21, 23, -1,
      22, 23, 24, -1,
      24, 23, 25, -1,
      24, 25, 2, -1,
      2, 25, 3, -1,
      1, 0, 26, -1,
      26, 0, 27, -1,
      26, 27, 28, -1,
      28, 27, 29, -1,
      28, 29, 30, -1,
      30, 29, 31, -1,
      30, 31, 32, -1,
      32, 31, 33, -1,
      32, 33, 34, -1,
      34, 33, 35, -1,
      34, 35, 7, -1,
      7, 35, 15, -1,
      14, 15, 35, -1,
      14, 35, 17, -1,
      17, 35, 33, -1,
      17, 33, 19, -1,
      19, 33, 31, -1,
      19, 31, 21, -1,
      21, 31, 29, -1,
      21, 29, 23, -1,
      23, 29, 27, -1,
      23, 27, 25, -1,
      25, 27, 0, -1,
      25, 0, 3, -1,
      2, 1, 24, -1,
      24, 1, 26, -1,
      24, 26, 22, -1,
      22, 26, 28, -1,
      22, 28, 20, -1,
      20, 28, 30, -1,
      20, 30, 18, -1,
      18, 30, 32, -1,
      18, 32, 16, -1,
      16, 32, 34, -1,
      16, 34, 6, -1,
      6, 34, 7, -1,
    ]
  }
}

Shape {
  appearance Appearance {
    material Material {
      diffuseColor 1.0000 1.0000 0.0000
      specularColor 0.5020 0.5020 0.0000
      ambientIntensity 0.2
      transparency 0.0000
      shininess 0.5
    }
  }
  geometry IndexedFaceSet {
    ccw TRUE
    solid FALSE
    coord DEF co Coordinate {
      point [
        1.820866 3.025591 -0.661417,
        1.820866 2.946850 -0.661417,
        1.584646 2.946850 -0.661417,
        1.584646 3.025591 -0.661417,
        1.820866 3.025725 -0.662436,
        1.820866 2.949668 -0.682816,
        1.820866 3.026118 -0.663386,
        1.820866 2.957927 -0.702756,
        1.820866 3.026744 -0.664201,
        1.820866 2.971066 -0.719879,
        1.820866 3.027559 -0.664827,
        1.820866 2.988189 -0.733018,
        1.820866 3.028509 -0.665220,
        1.820866 3.008129 -0.741277,
        1.820866 3.029528 -0.665354,
        1.820866 3.029528 -0.744094,
        1.584646 3.029528 -0.665354,
        1.584646 3.029528 -0.744094,
        1.584646 3.028509 -0.665220,
        1.584646 3.008129 -0.741277,
        1.584646 3.027559 -0.664827,
        1.584646 2.988189 -0.733018,
        1.584646 3.026744 -0.664201,
        1.584646 2.971066 -0.719879,
        1.584646 3.026118 -0.663386,
        1.584646 2.957927 -0.702756,
        1.584646 3.025725 -0.662436,
        1.584646 2.949668 -0.682816,
        1.584646 3.143701 -0.665354,
        1.584646 3.143701 -0.744094,
        1.820866 3.143701 -0.744094,
        1.820866 3.143701 -0.665354,
      ]
    }
    coordIndex [
      0, 1, 4, -1,
      4, 1, 5, -1,
      4, 5, 6, -1,
      6, 5, 7, -1,
      6, 7, 8, -1,
      8, 7, 9, -1,
      8, 9, 10, -1,
      10, 9, 11, -1,
      10, 11, 12, -1,
      12, 11, 13, -1,
      12, 13, 14, -1,
      14, 13, 15, -1,
      16, 17, 18, -1,
      18, 17, 19, -1,
      18, 19, 20, -1,
      20, 19, 21, -1,
      20, 21, 22, -1,
      22, 21, 23, -1,
      22, 23, 24, -1,
      24, 23, 25, -1,
      24, 25, 26, -1,
      26, 25, 27, -1,
      26, 27, 3, -1,
      3, 27, 2, -1,
      1, 2, 27, -1,
      1, 27, 5, -1,
      5, 27, 25, -1,
      5, 25, 7, -1,
      7, 25, 23, -1,
      7, 23, 9, -1,
      9, 23, 21, -1,
      9, 21, 11, -1,
      11, 21, 19, -1,
      11, 19, 13, -1,
      13, 19, 17, -1,
      13, 17, 15, -1,
      14, 16, 12, -1,
      12, 16, 18, -1,
      12, 18, 10, -1,
      10, 18, 20, -1,
      10, 20, 8, -1,
      8, 20, 22, -1,
      8, 22, 6, -1,
      6, 22, 24, -1,
      6, 24, 4, -1,
      4, 24, 26, -1,
      4, 26, 0, -1,
      0, 26, 3, -1,
      28, 29, 16, -1,
      16, 29, 17, -1,
      30, 31, 15, -1,
      15, 31, 14, -1,
      29, 30, 17, -1,
      17, 30, 15, -1,
      14, 31, 16, -1,
      16, 31, 28, -1,
      30, 29, 31, -1,
      31, 29, 28, -1,
    ]
  }
}

Shape {
  appearance Appearance {
    material Material {
      diffuseColor 1.0000 1.0000 1.0000
      specularColor 0.5020 0.5020 0.5020
      ambientIntensity 0.2
      transparency 0.0000
      shininess 0.5
    }
  }
  geometry IndexedFaceSet {
    ccw TRUE
    solid FALSE
    coord DEF co Coordinate {
      point [
        -2.726378 -2.841077 -0.493235,
        -2.726378 -2.841077 -0.237304,
        -2.726378 -2.527420 -0.237304,
        -2.726378 -2.527420 -0.493235,
        -2.726378 -2.237092 -0.237304,
        -2.726378 -1.890093 -0.237304,
        -2.726378 -1.890093 -0.493235,
        -2.726378 -2.237092 -0.493235,
        -2.647638 -2.841077 -0.493235,
        -2.647638 -2.527420 -0.493235,
        -2.647638 -2.237092 -0.237304,
        -2.647638 -1.890093 -0.237304,
        -2.647638 -1.890093 -0.493235,
        -2.647638 -2.237092 -0.493235,
        -2.647638 -2.527420 -0.237304,
        -2.647638 -2.841077 -0.237304,
      ]
    }
    coordIndex [
      13, 12, 7, -1,
      7, 12, 6, -1,
      12, 11, 6, -1,
      6, 11, 5, -1,
      11, 10, 5, -1,
      5, 10, 4, -1,
      10, 13, 4, -1,
      4, 13, 7, -1,
      8, 9, 0, -1,
      0, 9, 3, -1,
      9, 14, 3, -1,
      3, 14, 2, -1,
      14, 15, 2, -1,
      2, 15, 1, -1,
      15, 8, 1, -1,
      1, 8, 0, -1,
    ]
  }
}

Shape {
  appearance Appearance {
    material Material {
      diffuseColor 1.0000 1.0000 0.0000
      specularColor 0.5020 0.5020 0.0000
      ambientIntensity 0.2
      transparency 0.0000
      shininess 0.5
    }
  }
  geometry IndexedFaceSet {
    ccw TRUE
    solid FALSE
    coord DEF co Coordinate {
      point [
        2.726378 -2.706693 -0.665354,
        2.726378 -2.765748 -0.665354,
        2.726378 -2.706693 -0.744094,
        2.726378 -2.765748 -0.744094,
        2.647638 -2.627953 -0.744094,
        2.647638 -2.627953 -0.665354,
        2.647638 -3.139764 -0.665354,
        2.647638 -3.139764 -0.744094,
        2.695809 -2.769773 -0.744094,
        2.608268 -2.883858 -0.744094,
        2.612292 -2.914428 -0.744094,
        2.687008 -2.638502 -0.744094,
        2.703316 -2.651015 -0.744094,
        2.715829 -2.667323 -0.744094,
        2.612292 -2.853289 -0.744094,
        2.624092 -2.824803 -0.744094,
        2.695809 -2.997944 -0.744094,
        2.668017 -3.137081 -0.744094,
        2.667323 -2.986144 -0.744094,
        2.642861 -2.967375 -0.744094,
        2.624092 -2.942913 -0.744094,
        2.723695 -2.686313 -0.744094,
        2.668017 -2.630636 -0.744094,
        2.667323 -2.781572 -0.744094,
        2.642861 -2.800342 -0.744094,
        2.703316 -3.116701 -0.744094,
        2.726378 -3.061024 -0.744094,
        2.715829 -3.100394 -0.744094,
        2.723695 -3.081403 -0.744094,
        2.726378 -3.001969 -0.744094,
        2.687008 -3.129215 -0.744094,
        2.726378 -3.061024 -0.665354,
        2.726378 -3.001969 -0.665354,
        2.695809 -2.997944 -0.665354,
        2.687008 -3.129215 -0.665354,
        2.703316 -3.116701 -0.665354,
        2.715829 -3.100394 -0.665354,
        2.723695 -3.081403 -0.665354,
        2.668017 -3.137081 -0.665354,
        2.667323 -2.986144 -0.665354,
        2.642861 -2.967375 -0.665354,
        2.624092 -2.942913 -0.665354,
        2.612292 -2.914428 -0.665354,
        2.608268 -2.883858 -0.665354,
        2.612292 -2.853289 -0.665354,
        2.624092 -2.824803 -0.665354,
        2.642861 -2.800342 -0.665354,
        2.667323 -2.781572 -0.665354,
        2.668017 -2.630636 -0.665354,
        2.695809 -2.769773 -0.665354,
        2.723695 -2.686313 -0.665354,
        2.715829 -2.667323 -0.665354,
        2.687008 -2.638502 -0.665354,
        2.703316 -2.651015 -0.665354,
      ]
    }
    coordIndex [
      32, 29, 33, -1,
      33, 29, 16, -1,
      33, 16, 39, -1,
      39, 16, 18, -1,
      39, 18, 40, -1,
      40, 18, 19, -1,
      40, 19, 41, -1,
      41, 19, 20, -1,
      41, 20, 42, -1,
      42, 20, 10, -1,
      42, 10, 43, -1,
      43, 10, 9, -1,
      43, 9, 44, -1,
      44, 9, 14, -1,
      44, 14, 45, -1,
      45, 14, 15, -1,
      45, 15, 46, -1,
      46, 15, 24, -1,
      46, 24, 47, -1,
      47, 24, 23, -1,
      47, 23, 49, -1,
      49, 23, 8, -1,
      49, 8, 1, -1,
      1, 8, 3, -1,
      4, 5, 48, -1,
      4, 48, 22, -1,
      22, 48, 52, -1,
      22, 52, 11, -1,
      11, 52, 53, -1,
      11, 53, 12, -1,
      12, 53, 51, -1,
      12, 51, 13, -1,
      13, 51, 50, -1,
      13, 50, 21, -1,
      21, 50, 0, -1,
      21, 0, 2, -1,
      26, 31, 37, -1,
      26, 37, 28, -1,
      28, 37, 36, -1,
      28, 36, 27, -1,
      27, 36, 35, -1,
      27, 35, 25, -1,
      25, 35, 34, -1,
      25, 34, 30, -1,
      30, 34, 38, -1,
      30, 38, 17, -1,
      17, 38, 6, -1,
      17, 6, 7, -1,
    ]
  }
}

Shape {
  appearance Appearance {
    material Material {
      diffuseColor 0.5020 0.5020 0.5020
      specularColor 0.2510 0.2510 0.2510
      ambientIntensity 0.2
      transparency 0.0000
      shininess 0.5
    }
  }
  geometry IndexedFaceSet {
    ccw TRUE
    solid FALSE
    coord DEF co Coordinate {
      point [
        2.053085 1.720245 -0.078740,
        1.659383 2.113946 -0.078740,
        2.643701 -2.234252 -0.078740,
        2.643701 -2.549213 -0.078740,
        2.175197 -3.021654 -0.078740,
        2.022991 -2.214567 -0.078740,
        2.019058 -2.205072 -0.078740,
        2.017717 -2.194882 -0.078740,
        2.046897 -2.232910 -0.078740,
        2.037402 -2.228977 -0.078740,
        2.029248 -2.222720 -0.078740,
        2.163899 2.377186 -0.078740,
        2.057087 -2.234252 -0.078740,
        2.163899 0.143682 -0.078740,
        2.643701 -1.250000 -0.078740,
        1.757065 1.720245 -0.078740,
        2.053085 2.113946 -0.078740,
        2.022991 -1.269685 -0.078740,
        2.046897 -1.251341 -0.078740,
        2.037402 -1.255274 -0.078740,
        2.029248 -1.261531 -0.078740,
        2.017717 -1.289370 -0.078740,
        2.019058 -1.279180 -0.078740,
        -2.643701 3.139764 -0.078740,
        2.057087 -1.250000 -0.078740,
        -2.470472 2.942913 -0.078740,
        1.585776 2.377186 -0.078740,
        1.585776 1.928511 -0.078740,
        -2.647638 -3.061024 -0.082677,
        -2.647638 -3.061024 -0.551181,
        -2.647638 -3.139764 -0.551181,
        -2.647638 -3.139764 -0.740157,
        -2.647638 0.501969 -0.590551,
        -2.647638 3.139764 -0.082677,
        -2.647638 3.139764 -0.740157,
        2.647638 -2.234252 -0.082677,
        2.647638 -2.549213 -0.082677,
        2.647504 -2.234252 -0.081658,
        2.647504 -2.549213 -0.081658,
        2.647110 -2.234252 -0.080709,
        2.647110 -2.549213 -0.080709,
        2.646485 -2.234252 -0.079893,
        2.646485 -2.549213 -0.079893,
        2.645669 -2.234252 -0.079268,
        2.645669 -2.549213 -0.079268,
        2.644720 -2.234252 -0.078874,
        2.644720 -2.549213 -0.078874,
        -2.647504 3.139764 -0.081658,
        -2.647110 3.139764 -0.080709,
        -2.646485 3.139764 -0.079893,
        -2.645669 3.139764 -0.079268,
        -2.644720 3.139764 -0.078874,
        2.647638 -1.250000 -0.082677,
        2.647504 -1.250000 -0.081658,
        2.647110 -1.250000 -0.080709,
        2.646485 -1.250000 -0.079893,
        2.645669 -1.250000 -0.079268,
        2.644720 -1.250000 -0.078874,
        2.647638 -2.549213 -0.740157,
        1.407480 2.942913 -0.740157,
        1.407480 3.139764 -0.740157,
        1.543341 3.139764 -0.740157,
        2.175197 -2.549213 -0.740157,
        2.175197 -3.021654 -0.740157,
        2.097491 -3.021654 -0.740157,
        -1.663386 -2.549213 -0.740157,
        -1.663386 -3.139764 -0.740157,
        -1.722441 -3.139764 -0.740157,
        -2.332677 -0.844488 -0.740157,
        -2.647638 -0.844488 -0.740157,
        -2.647638 -0.836052 -0.740157,
        1.899606 -3.021654 -0.740157,
        1.899606 -3.139764 -0.740157,
        1.543341 -3.139764 -0.740157,
        0.163591 -2.352362 -0.740157,
        0.163591 -1.204969 -0.740157,
        0.202001 -1.580665 -0.740157,
        0.202001 -1.537454 -0.740157,
        0.259860 -1.204969 -0.740157,
        0.247519 -1.205820 -0.740157,
        0.202001 -1.218172 -0.740157,
        0.202001 -1.270985 -0.740157,
        0.246348 -1.251996 -0.740157,
        0.209057 -1.541362 -0.740157,
        0.294200 -1.245779 -0.740157,
        0.332967 -1.250133 -0.740157,
        0.358847 -1.600841 -0.740157,
        0.397006 -1.587706 -0.740157,
        0.442913 -2.352362 -0.740157,
        0.362435 -1.260767 -0.740157,
        0.389685 -1.278997 -0.740157,
        0.413459 -1.305244 -0.740157,
        0.442063 -1.408421 -0.740157,
        0.438076 -1.451041 -0.740157,
        0.427380 -1.484905 -0.740157,
        0.339774 -1.558541 -0.740157,
        0.303052 -1.562660 -0.740157,
        0.368460 -1.547980 -0.740157,
        0.392622 -1.531695 -0.740157,
        0.411097 -1.512204 -0.740157,
        0.250792 -1.556860 -0.740157,
        0.429691 -1.335642 -0.740157,
        0.440185 -1.377789 -0.740157,
        0.243968 -1.597896 -0.740157,
        0.299564 -1.605687 -0.740157,
        0.310329 -1.605871 -0.740157,
        0.294650 -1.202568 -0.740157,
        0.163591 -0.836052 -0.740157,
        0.324056 -1.204969 -0.740157,
        0.442913 -0.836052 -0.740157,
        0.415478 -1.240072 -0.740157,
        0.378083 -1.218547 -0.740157,
        0.442913 -1.204969 -0.740157,
        0.334193 -1.205796 -0.740157,
        0.428675 -1.567483 -0.740157,
        0.442913 -1.552493 -0.740157,
        0.511680 -2.352362 -0.740157,
        0.458247 -1.536350 -0.740157,
        0.489213 -1.355674 -0.740157,
        0.474098 -1.311065 -0.740157,
        0.511680 -1.204969 -0.740157,
        0.451022 -1.274256 -0.740157,
        0.442913 -1.266457 -0.740157,
        0.479220 -1.498915 -0.740157,
        0.491069 -1.457242 -0.740157,
        0.494876 -1.411646 -0.740157,
        -0.086072 -1.601070 -0.740157,
        -0.162892 -1.601070 -0.740157,
        -0.086072 -1.557859 -0.740157,
        -0.162892 -1.207369 -0.740157,
        -0.076470 -1.250580 -0.740157,
        -0.332675 -2.352362 -0.740157,
        -0.318658 -1.596818 -0.740157,
        -0.269944 -1.601070 -0.740157,
        -0.273996 -1.207369 -0.740157,
        -0.332675 -1.204969 -0.740157,
        -0.076470 -1.207369 -0.740157,
        0.009843 -1.204969 -0.740157,
        0.072368 -1.250580 -0.740157,
        0.072368 -1.380213 -0.740157,
        0.009843 -1.250580 -0.740157,
        0.009843 -1.380213 -0.740157,
        -0.066868 -1.380213 -0.740157,
        -0.066868 -1.423425 -0.740157,
        0.009843 -1.557859 -0.740157,
        0.009843 -1.423425 -0.740157,
        0.072368 -1.557859 -0.740157,
        0.072368 -1.423425 -0.740157,
        0.009843 -2.352362 -0.740157,
        0.009843 -1.601070 -0.740157,
        0.125181 -1.601070 -0.740157,
        0.125181 -1.207369 -0.740157,
        0.009843 -1.207369 -0.740157,
        -0.423228 -1.542080 -0.740157,
        -0.423228 -2.352362 -0.740157,
        -0.437537 -1.528380 -0.740157,
        -0.494177 -2.352362 -0.740157,
        -0.460114 -1.493165 -0.740157,
        -0.466338 -1.323433 -0.740157,
        -0.476912 -1.362223 -0.740157,
        -0.494177 -1.204969 -0.740157,
        -0.479773 -1.399269 -0.740157,
        -0.474249 -1.451957 -0.740157,
        -0.330874 -1.213449 -0.740157,
        -0.332675 -1.214081 -0.740157,
        -0.423228 -1.204969 -0.740157,
        -0.376938 -1.229624 -0.740157,
        -0.419789 -1.258342 -0.740157,
        -0.420201 -1.258704 -0.740157,
        -0.423228 -1.262060 -0.740157,
        -0.448041 -1.289574 -0.740157,
        -0.405131 -1.559407 -0.740157,
        -0.364023 -1.583296 -0.740157,
        -0.332675 -1.592640 -0.740157,
        2.647638 0.566633 -0.740157,
        2.647638 -0.836052 -0.740157,
        2.631287 0.178204 -0.740157,
        2.447035 0.566633 -0.740157,
        2.447035 0.178204 -0.740157,
        2.097491 -0.836052 -0.740157,
        2.014306 -2.926424 -0.740157,
        2.017320 -2.926424 -0.740157,
        2.017320 -2.634346 -0.740157,
        1.793339 -1.130281 -0.740157,
        1.793339 -1.204969 -0.740157,
        1.543341 -1.204969 -0.740157,
        1.793339 -1.360412 -0.740157,
        2.011292 -2.062691 -0.740157,
        2.014306 -1.360412 -0.740157,
        2.011292 -2.465643 -0.740157,
        2.014306 -2.634346 -0.740157,
        1.793339 -2.465643 -0.740157,
        1.543341 -2.634346 -0.740157,
        1.793339 -2.062691 -0.740157,
        1.543341 -0.836052 -0.740157,
        2.014306 -0.836052 -0.740157,
        2.014306 -1.130281 -0.740157,
        2.017320 -1.360412 -0.740157,
        2.017320 -1.204969 -0.740157,
        2.097491 -1.204969 -0.740157,
        2.017320 -1.130281 -0.740157,
        0.991741 -1.204969 -0.740157,
        2.014306 -3.021654 -0.740157,
        1.543341 -2.926424 -0.740157,
        1.091785 -2.926424 -0.740157,
        0.991741 -3.139764 -0.740157,
        1.091785 -2.634346 -0.740157,
        -2.253937 1.753937 -0.740157,
        -2.647638 1.753937 -0.740157,
        -2.470472 2.942913 -0.740157,
        -2.470472 3.139764 -0.740157,
        -2.139798 2.245808 -0.740157,
        -2.139798 1.131630 -0.740157,
        -2.647638 0.566633 -0.740157,
        -2.647638 1.045276 -0.740157,
        -2.139798 0.875288 -0.740157,
        -2.253937 1.045276 -0.740157,
        -2.253937 1.131630 -0.740157,
        -2.332677 -1.204969 -0.740157,
        -2.072704 -0.836052 -0.740157,
        -2.072704 -3.139764 -0.740157,
        -2.647638 -1.238189 -0.740157,
        -1.289370 -2.352362 -0.740157,
        -1.466535 -2.352362 -0.740157,
        -1.722441 -1.204969 -0.740157,
        -0.863872 -1.601070 -0.740157,
        -1.289370 -1.204969 -0.740157,
        -0.852229 -1.571235 -0.740157,
        -0.852229 -1.204969 -0.740157,
        -0.710232 -1.207369 -0.740157,
        -0.852229 -2.352362 -0.740157,
        -0.852229 -1.601070 -0.740157,
        -0.806257 -1.601070 -0.740157,
        -0.657419 -1.207369 -0.740157,
        -0.508581 -1.601070 -0.740157,
        -0.566195 -1.601070 -0.740157,
        -0.766422 -1.490642 -0.740157,
        -0.603780 -1.490642 -0.740157,
        0.677323 -1.207369 -0.740157,
        0.677323 -1.557859 -0.740157,
        0.528485 -1.557859 -0.740157,
        0.730136 -1.601070 -0.740157,
        0.730136 -1.207369 -0.740157,
        0.875984 -1.204969 -0.740157,
        0.528485 -1.601070 -0.740157,
        0.875984 -3.139764 -0.740157,
        0.797244 -3.139764 -0.740157,
        0.797244 -2.549213 -0.740157,
        0.600394 -2.352362 -0.740157,
        1.860236 2.942913 -0.740157,
        1.860236 3.139764 -0.740157,
        2.014306 3.139764 -0.740157,
        1.545276 2.942913 -0.740157,
        2.014306 1.131630 -0.740157,
        1.543341 1.131630 -0.740157,
        1.293342 0.875288 -0.740157,
        1.293342 1.131630 -0.740157,
        1.293342 2.245808 -0.740157,
        0.875984 1.131630 -0.740157,
        0.860271 1.131630 -0.740157,
        0.860271 2.245808 -0.740157,
        0.458627 2.245808 -0.740157,
        0.442913 2.942913 -0.740157,
        0.511680 2.245808 -0.740157,
        0.511680 2.942913 -0.740157,
        0.875984 2.942913 -0.740157,
        0.442913 1.131630 -0.740157,
        0.427200 1.131630 -0.740157,
        0.427200 2.245808 -0.740157,
        0.009843 1.131630 -0.740157,
        -0.005871 1.131630 -0.740157,
        -0.005871 2.245808 -0.740157,
        -0.407515 2.245808 -0.740157,
        -0.423228 2.942913 -0.740157,
        -0.332675 2.245808 -0.740157,
        -0.332675 2.942913 -0.740157,
        0.009843 2.942913 -0.740157,
        -0.423228 1.131630 -0.740157,
        -0.438942 1.131630 -0.740157,
        -0.438942 2.245808 -0.740157,
        -0.852229 2.942913 -0.740157,
        -0.852229 1.131630 -0.740157,
        -0.872013 2.245808 -0.740157,
        -0.872013 1.131630 -0.740157,
        -0.856299 2.942913 -0.740157,
        -1.273657 2.245808 -0.740157,
        -1.289370 2.942913 -0.740157,
        -1.289370 1.131630 -0.740157,
        -1.305083 1.131630 -0.740157,
        -1.305083 2.245808 -0.740157,
        -1.722441 1.131630 -0.740157,
        -1.738154 1.131630 -0.740157,
        -1.738154 2.245808 -0.740157,
        -2.244094 2.942913 -0.740157,
        -2.072704 2.245808 -0.740157,
        -2.072704 2.942913 -0.740157,
        -1.722441 2.942913 -0.740157,
        1.543341 0.566633 -0.740157,
        0.991741 0.566633 -0.740157,
        0.991741 0.875288 -0.740157,
        1.545276 3.139764 -0.740157,
        0.991741 2.942913 -0.740157,
        0.991741 2.245808 -0.740157,
        0.891698 2.245808 -0.740157,
        0.891698 1.131630 -0.740157,
        0.891698 0.875288 -0.740157,
        0.875984 0.566633 -0.740157,
        0.458627 1.131630 -0.740157,
        0.458627 0.875288 -0.740157,
        0.860271 0.875288 -0.740157,
        0.511680 0.875288 -0.740157,
        0.511680 0.566633 -0.740157,
        0.442913 0.566633 -0.740157,
        0.163591 2.942913 -0.740157,
        0.163591 2.245808 -0.740157,
        0.025556 2.245808 -0.740157,
        0.025556 1.131630 -0.740157,
        0.025556 0.875288 -0.740157,
        0.427200 0.875288 -0.740157,
        0.163591 0.875288 -0.740157,
        0.163591 0.566633 -0.740157,
        0.009843 0.566633 -0.740157,
        -0.407515 1.131630 -0.740157,
        -0.407515 0.875288 -0.740157,
        -0.005871 0.875288 -0.740157,
        -0.332675 0.875288 -0.740157,
        -0.332675 0.566633 -0.740157,
        -0.423228 0.566633 -0.740157,
        -0.494177 2.942913 -0.740157,
        -0.494177 2.245808 -0.740157,
        -0.840586 2.245808 -0.740157,
        -0.840586 1.131630 -0.740157,
        -0.840586 0.875288 -0.740157,
        -1.273657 1.131630 -0.740157,
        -1.273657 0.875288 -0.740157,
        -0.872013 0.875288 -0.740157,
        -0.852229 0.566633 -0.740157,
        -1.289370 0.566633 -0.740157,
        -0.438942 0.875288 -0.740157,
        -0.494177 0.875288 -0.740157,
        -0.494177 0.566633 -0.740157,
        -1.706728 2.245808 -0.740157,
        -1.706728 1.131630 -0.740157,
        -1.706728 0.875288 -0.740157,
        -2.072704 0.566633 -0.740157,
        -2.072704 0.875288 -0.740157,
        -1.722441 0.566633 -0.740157,
        -1.738154 0.875288 -0.740157,
        -1.305083 0.875288 -0.740157,
        0.813947 -0.541822 -0.740157,
        0.875984 -0.836052 -0.740157,
        0.511680 -0.541822 -0.740157,
        0.511680 -0.836052 -0.740157,
        0.442913 -0.541822 -0.740157,
        0.163591 -0.541822 -0.740157,
        0.009843 -0.541822 -0.740157,
        0.009843 -0.836052 -0.740157,
        -0.257835 -0.541822 -0.740157,
        -0.332675 -0.836052 -0.740157,
        -0.257835 0.257979 -0.740157,
        0.813947 0.257979 -0.740157,
        0.511680 0.257979 -0.740157,
        0.442913 0.257979 -0.740157,
        0.163591 0.257979 -0.740157,
        0.009843 0.257979 -0.740157,
        2.177662 1.268143 -0.740157,
        2.631287 1.268143 -0.740157,
        2.647638 1.131630 -0.740157,
        2.631287 2.654491 -0.740157,
        2.647638 3.139764 -0.740157,
        2.097491 3.139764 -0.740157,
        2.177662 2.654491 -0.740157,
        2.097491 1.131630 -0.740157,
        2.631287 0.995118 -0.740157,
        2.631287 0.566633 -0.740157,
        2.647638 -1.204969 -0.740157,
        2.447035 0.995118 -0.740157,
        2.097491 0.566633 -0.740157,
        2.014306 0.566633 -0.740157,
        0.991741 -0.836052 -0.740157,
        -0.423228 -0.836052 -0.740157,
        -0.494177 -0.836052 -0.740157,
        -0.852229 -0.836052 -0.740157,
        -0.875560 0.257979 -0.740157,
        -1.289370 0.257979 -0.740157,
        -1.722441 0.257979 -0.740157,
        -2.005609 0.257979 -0.740157,
        -2.005609 -0.541822 -0.740157,
        -1.722441 -0.836052 -0.740157,
        -1.722441 -0.541822 -0.740157,
        -1.289370 -0.836052 -0.740157,
        -1.289370 -0.541822 -0.740157,
        -0.875560 -0.541822 -0.740157,
        -2.072704 -1.204969 -0.740157,
        -2.332677 -1.238189 -0.740157,
        -1.738154 2.245808 -0.078740,
        -1.738154 1.584646 -0.078740,
        -1.706728 1.584646 -0.078740,
        -2.244094 2.942913 -0.078740,
        -1.706728 2.245808 -0.078740,
        -1.305083 2.245808 -0.078740,
        -0.856299 2.942913 -0.078740,
        -1.289370 2.942913 -0.078740,
        -1.305083 1.584646 -0.078740,
        -1.273657 1.584646 -0.078740,
        -1.273657 2.245808 -0.078740,
        -2.643701 2.509843 -0.078740,
        -2.372047 2.509843 -0.078740,
        -2.470472 3.139764 -0.078740,
        -1.722441 2.942913 -0.078740,
        -0.423228 2.942913 -0.078740,
        0.009843 2.942913 -0.078740,
        -0.872013 1.584646 -0.078740,
        -0.840586 1.584646 -0.078740,
        -0.872013 2.245808 -0.078740,
        -0.840586 2.245808 -0.078740,
        -2.372047 2.332677 -0.078740,
        -2.139798 2.158491 -0.078740,
        -2.139798 2.245808 -0.078740,
        -0.438942 2.245808 -0.078740,
        0.442913 2.942913 -0.078740,
        -0.438942 1.584646 -0.078740,
        -0.407515 1.584646 -0.078740,
        -0.407515 2.245808 -0.078740,
        0.875984 2.942913 -0.078740,
        -0.005871 1.584646 -0.078740,
        0.025556 1.584646 -0.078740,
        -0.005871 2.245808 -0.078740,
        0.025556 2.245808 -0.078740,
        0.427200 2.245808 -0.078740,
        1.407480 2.942913 -0.078740,
        0.458627 2.245808 -0.078740,
        0.860271 2.245808 -0.078740,
        1.545276 2.942913 -0.078740,
        0.427200 1.584646 -0.078740,
        0.458627 1.584646 -0.078740,
        1.407480 3.139764 -0.078740,
        1.545276 3.041339 -0.078740,
        1.860236 3.041339 -0.078740,
        2.643701 3.139764 -0.078740,
        1.860236 2.942913 -0.078740,
        0.860271 1.584646 -0.078740,
        0.891698 1.584646 -0.078740,
        0.891698 2.245808 -0.078740,
        1.293342 1.584646 -0.078740,
        1.522090 1.584646 -0.078740,
        1.293342 2.245808 -0.078740,
        2.177662 2.654491 -0.078740,
        2.631287 2.654491 -0.078740,
        2.631287 1.268143 -0.078740,
        2.631287 0.995118 -0.078740,
        2.631287 0.178204 -0.078740,
        2.447035 0.178204 -0.078740,
        1.998031 0.143682 -0.078740,
        1.998031 -1.130281 -0.078740,
        2.017320 -1.130281 -0.078740,
        2.177662 1.268143 -0.078740,
        2.447035 0.995118 -0.078740,
        1.998031 -1.360412 -0.078740,
        1.998031 -2.062691 -0.078740,
        2.017320 -1.360412 -0.078740,
        2.011292 -2.062691 -0.078740,
        2.011292 -2.465643 -0.078740,
        1.998031 -2.926424 -0.078740,
        1.998031 -3.021654 -0.078740,
        2.017320 -2.926424 -0.078740,
        2.017320 -2.634346 -0.078740,
        2.175197 -2.549213 -0.078740,
        1.998031 -2.634346 -0.078740,
        1.998031 -2.465643 -0.078740,
        -1.706728 1.584646 -0.551181,
        -1.738154 1.584646 -0.551181,
        -2.254129 1.584646 -0.078740,
        -2.254129 1.584646 -0.551181,
        -2.139798 1.584646 -0.078740,
        -2.139798 1.584646 -0.551181,
        -1.273657 1.584646 -0.551181,
        -1.305083 1.584646 -0.551181,
        -0.840586 1.584646 -0.551181,
        -0.872013 1.584646 -0.551181,
        -0.407515 1.584646 -0.551181,
        -0.438942 1.584646 -0.551181,
        0.025556 1.584646 -0.551181,
        -0.005871 1.584646 -0.551181,
        0.458627 1.584646 -0.551181,
        0.427200 1.584646 -0.551181,
        0.891698 1.584646 -0.551181,
        0.860271 1.584646 -0.551181,
        1.998031 -2.634346 -0.551181,
        1.998031 -2.465643 -0.551181,
        1.998031 -2.062691 -0.551181,
        1.998031 -1.360412 -0.551181,
        1.998031 1.584646 -0.275591,
        1.998031 1.584646 -0.551181,
        1.998031 0.143682 -0.275591,
        1.998031 -1.130281 -0.551181,
        0.797244 -3.139764 -0.551181,
        1.899606 -3.139764 -0.551181,
        1.561354 1.584646 -0.078740,
        1.757065 1.584646 -0.078740,
        -2.568898 -1.513780 -0.590551,
        -2.372047 -1.513780 -0.590551,
        -2.568898 -1.238189 -0.590551,
        -2.372047 -1.238189 -0.590551,
        -2.529528 -1.513780 -0.078740,
        -2.643701 -1.513780 -0.078740,
        -2.529528 -3.061024 -0.078740,
        -2.643701 -3.061024 -0.078740,
        -2.647638 -1.159449 -0.275591,
        -2.647638 -1.159449 -0.590551,
        -2.647638 -1.513780 -0.275591,
        -2.647638 -1.238189 -0.590551,
        -2.647638 -1.513780 -0.082677,
        -2.372047 -1.238189 -0.551181,
        -2.372047 -1.513780 -0.551181,
        -2.568898 -1.159449 -0.590551,
        -2.568898 -1.159449 -0.275591,
        -2.568898 -1.513780 -0.275591,
        -2.529528 -1.513780 -0.551181,
        -2.646485 -1.513780 -0.079893,
        -2.645669 -1.513780 -0.079268,
        -2.644720 -1.513780 -0.078874,
        -2.647110 -1.513780 -0.080709,
        -2.647504 -1.513780 -0.081658,
        -2.372047 2.332677 -0.590551,
        -2.372047 2.509843 -0.590551,
        -2.647638 2.509843 -0.590551,
        -2.568898 -0.844488 -0.590551,
        -2.372047 -0.844488 -0.590551,
        -2.568898 0.501969 -0.590551,
        -2.372047 1.450049 -0.590551,
        -2.139798 1.715147 -0.590551,
        -2.139798 2.158491 -0.590551,
        -2.139798 1.715147 -0.078740,
        -2.647504 -3.061024 -0.081658,
        -2.647110 -3.061024 -0.080709,
        -2.646485 -3.061024 -0.079893,
        -2.645669 -3.061024 -0.079268,
        -2.644720 -3.061024 -0.078874,
        2.644720 3.139764 -0.078874,
        2.645669 3.139764 -0.079268,
        2.646485 3.139764 -0.079893,
        2.647110 3.139764 -0.080709,
        2.647504 3.139764 -0.081658,
        2.647638 3.139764 -0.082677,
        1.545276 3.139764 -0.590551,
        1.860236 3.139764 -0.590551,
        -1.663386 -3.139764 -0.551181,
        -2.647638 2.509843 -0.082677,
        -2.647504 2.509843 -0.081658,
        -2.647110 2.509843 -0.080709,
        -2.646485 2.509843 -0.079893,
        -2.645669 2.509843 -0.079268,
        -2.644720 2.509843 -0.078874,
        -2.647638 -0.844488 -0.590551,
        -2.647638 -0.923228 -0.590551,
        -2.647638 -0.923228 -0.275591,
        -2.647638 0.501969 -0.275591,
        -2.647638 1.045276 -0.622047,
        -2.647638 1.753937 -0.622047,
        2.647638 -2.234252 -0.275591,
        2.647638 -1.250000 -0.275591,
        1.998031 -2.926424 -0.551181,
        1.998031 -3.021654 -0.551181,
        -2.005609 0.257979 -0.551181,
        -0.875560 0.257979 -0.551181,
        0.025556 0.875288 -0.551181,
        0.427200 0.875288 -0.551181,
        -2.332677 -1.238189 -0.551181,
        1.899606 -3.021654 -0.551181,
        1.091785 -2.926424 -0.551181,
        -0.407515 0.875288 -0.551181,
        1.793339 -2.062691 -0.551181,
        1.793339 -1.360412 -0.551181,
        -0.438942 0.875288 -0.551181,
        -0.840586 0.875288 -0.551181,
        1.091785 -2.634346 -0.551181,
        1.793339 -2.465643 -0.551181,
        -0.005871 0.875288 -0.551181,
        1.293342 1.584646 -0.551181,
        1.293342 0.875288 -0.551181,
        1.793339 -1.130281 -0.551181,
        0.813947 0.257979 -0.551181,
        0.813947 -0.541822 -0.551181,
        -0.257835 -0.541822 -0.551181,
        -0.875560 -0.541822 -0.551181,
        -2.332677 -0.844488 -0.551181,
        -2.005609 -0.541822 -0.551181,
        -2.529528 -3.061024 -0.551181,
        -1.663386 -2.549213 -0.551181,
        -1.466535 -2.352362 -0.551181,
        0.600394 -2.352362 -0.551181,
        0.797244 -2.549213 -0.551181,
        -1.273657 0.875288 -0.551181,
        0.891698 0.875288 -0.551181,
        -1.305083 0.875288 -0.551181,
        -1.706728 0.875288 -0.551181,
        0.860271 0.875288 -0.551181,
        0.458627 0.875288 -0.551181,
        -0.257835 0.257979 -0.551181,
        -0.872013 0.875288 -0.551181,
        -2.372047 -0.844488 -0.551181,
        -2.139798 0.875288 -0.551181,
        -1.738154 0.875288 -0.551181,
        -2.372047 1.450049 -0.551181,
        1.757065 1.584646 -0.275591,
        1.522090 1.584646 -0.275591,
        1.561354 1.584646 -0.275591,
        2.057087 -1.250000 -0.275591,
        2.046897 -1.251341 -0.275591,
        2.037402 -1.255274 -0.275591,
        2.029248 -1.261531 -0.275591,
        2.022991 -1.269685 -0.275591,
        2.019058 -1.279180 -0.275591,
        2.017717 -1.289370 -0.275591,
        2.057087 -2.234252 -0.275591,
        2.017717 -2.194882 -0.275591,
        2.019058 -2.205072 -0.275591,
        2.022991 -2.214567 -0.275591,
        2.029248 -2.222720 -0.275591,
        2.037402 -2.228977 -0.275591,
        2.046897 -2.232910 -0.275591,
        -2.568898 0.501969 -0.275591,
        -2.568898 -0.923228 -0.275591,
        -2.568898 -0.923228 -0.590551,
      ]
    }
    coordIndex [
      59, 60, 61, -1,
      62, 63, 64, -1,
      65, 66, 67, -1,
      68, 69, 70, -1,
      71, 72, 73, -1,
      74, 75, 76, -1,
      76, 75, 77, -1,
      75, 78, 79, -1,
      79, 80, 75, -1,
      75, 80, 81, -1,
      75, 81, 77, -1,
      77, 81, 82, -1,
      77, 82, 83, -1,
      83, 82, 84, -1,
      83, 84, 85, -1,
      86, 87, 88, -1,
      85, 89, 83, -1,
      83, 89, 90, -1,
      83, 90, 91, -1,
      92, 93, 83, -1,
      83, 93, 94, -1,
      95, 96, 97, -1,
      97, 96, 98, -1,
      94, 99, 83, -1,
      83, 99, 98, -1,
      83, 98, 100, -1,
      100, 98, 96, -1,
      91, 101, 83, -1,
      83, 101, 102, -1,
      83, 102, 92, -1,
      76, 103, 74, -1,
      74, 103, 104, -1,
      74, 104, 88, -1,
      88, 104, 105, -1,
      88, 105, 86, -1,
      106, 107, 108, -1,
      108, 107, 109, -1,
      110, 111, 112, -1,
      112, 111, 113, -1,
      87, 114, 88, -1,
      88, 114, 115, -1,
      88, 115, 116, -1,
      116, 115, 117, -1,
      118, 119, 120, -1,
      120, 119, 121, -1,
      120, 121, 112, -1,
      112, 121, 122, -1,
      112, 122, 110, -1,
      117, 123, 116, -1,
      116, 123, 124, -1,
      116, 124, 125, -1,
      126, 127, 128, -1,
      128, 127, 129, -1,
      128, 129, 130, -1,
      131, 132, 133, -1,
      129, 134, 135, -1,
      130, 129, 136, -1,
      136, 129, 135, -1,
      136, 135, 137, -1,
      138, 139, 140, -1,
      140, 139, 141, -1,
      140, 141, 130, -1,
      130, 141, 142, -1,
      130, 142, 128, -1,
      128, 142, 143, -1,
      128, 143, 144, -1,
      144, 143, 145, -1,
      144, 145, 146, -1,
      146, 145, 147, -1,
      133, 127, 131, -1,
      131, 127, 126, -1,
      131, 126, 148, -1,
      148, 126, 149, -1,
      148, 149, 74, -1,
      74, 149, 150, -1,
      74, 150, 75, -1,
      75, 150, 151, -1,
      75, 151, 137, -1,
      137, 151, 152, -1,
      137, 152, 136, -1,
      153, 154, 155, -1,
      155, 154, 156, -1,
      155, 156, 157, -1,
      158, 159, 160, -1,
      160, 159, 161, -1,
      160, 161, 156, -1,
      156, 161, 162, -1,
      156, 162, 157, -1,
      134, 163, 135, -1,
      135, 163, 164, -1,
      135, 164, 165, -1,
      165, 164, 166, -1,
      165, 166, 167, -1,
      167, 168, 165, -1,
      165, 168, 169, -1,
      165, 169, 160, -1,
      160, 169, 170, -1,
      160, 170, 158, -1,
      153, 171, 154, -1,
      154, 171, 172, -1,
      154, 172, 131, -1,
      131, 172, 173, -1,
      131, 173, 132, -1,
      174, 175, 176, -1,
      177, 178, 179, -1,
      180, 181, 64, -1,
      64, 181, 182, -1,
      183, 184, 185, -1,
      185, 184, 186, -1,
      187, 186, 188, -1,
      189, 190, 191, -1,
      191, 190, 192, -1,
      191, 192, 193, -1,
      194, 195, 196, -1,
      197, 198, 199, -1,
      199, 198, 200, -1,
      196, 195, 200, -1,
      200, 195, 179, -1,
      200, 179, 199, -1,
      187, 193, 186, -1,
      186, 193, 192, -1,
      186, 192, 185, -1,
      185, 192, 201, -1,
      64, 202, 180, -1,
      180, 202, 71, -1,
      180, 71, 203, -1,
      203, 71, 73, -1,
      203, 73, 204, -1,
      204, 73, 205, -1,
      204, 205, 206, -1,
      207, 208, 209, -1,
      209, 208, 34, -1,
      209, 34, 210, -1,
      207, 211, 212, -1,
      213, 214, 215, -1,
      215, 214, 216, -1,
      215, 216, 212, -1,
      212, 216, 217, -1,
      212, 217, 207, -1,
      218, 68, 219, -1,
      220, 31, 221, -1,
      222, 223, 224, -1,
      225, 226, 227, -1,
      227, 226, 228, -1,
      227, 228, 229, -1,
      224, 226, 222, -1,
      222, 226, 225, -1,
      222, 225, 230, -1,
      230, 225, 231, -1,
      230, 231, 232, -1,
      229, 228, 233, -1,
      233, 228, 160, -1,
      233, 160, 234, -1,
      234, 160, 156, -1,
      234, 156, 235, -1,
      236, 237, 232, -1,
      232, 237, 235, -1,
      232, 235, 230, -1,
      230, 235, 156, -1,
      238, 239, 240, -1,
      241, 242, 243, -1,
      243, 242, 238, -1,
      243, 238, 120, -1,
      120, 238, 240, -1,
      120, 240, 244, -1,
      245, 246, 247, -1,
      241, 248, 244, -1,
      244, 248, 116, -1,
      244, 116, 120, -1,
      120, 116, 125, -1,
      120, 125, 118, -1,
      58, 62, 199, -1,
      199, 62, 64, -1,
      199, 64, 197, -1,
      197, 64, 182, -1,
      197, 182, 188, -1,
      188, 182, 190, -1,
      188, 190, 187, -1,
      187, 190, 189, -1,
      249, 250, 251, -1,
      252, 253, 254, -1,
      255, 256, 254, -1,
      254, 256, 257, -1,
      258, 259, 260, -1,
      261, 262, 263, -1,
      263, 262, 264, -1,
      263, 264, 260, -1,
      260, 264, 265, -1,
      260, 265, 258, -1,
      266, 267, 268, -1,
      269, 270, 271, -1,
      272, 273, 274, -1,
      274, 273, 275, -1,
      274, 275, 271, -1,
      271, 275, 276, -1,
      271, 276, 269, -1,
      277, 278, 279, -1,
      280, 281, 282, -1,
      282, 281, 283, -1,
      280, 282, 284, -1,
      284, 282, 285, -1,
      284, 285, 286, -1,
      287, 288, 289, -1,
      290, 291, 292, -1,
      207, 209, 211, -1,
      211, 209, 293, -1,
      211, 293, 294, -1,
      294, 293, 295, -1,
      294, 295, 292, -1,
      292, 295, 296, -1,
      292, 296, 290, -1,
      297, 298, 299, -1,
      300, 252, 61, -1,
      61, 252, 254, -1,
      61, 254, 59, -1,
      59, 254, 257, -1,
      59, 257, 301, -1,
      301, 257, 302, -1,
      301, 302, 265, -1,
      265, 302, 303, -1,
      265, 303, 258, -1,
      258, 303, 304, -1,
      258, 304, 305, -1,
      299, 298, 305, -1,
      305, 298, 306, -1,
      305, 306, 258, -1,
      261, 307, 266, -1,
      266, 307, 308, -1,
      259, 258, 309, -1,
      309, 258, 306, -1,
      309, 306, 310, -1,
      310, 306, 311, -1,
      310, 311, 308, -1,
      308, 311, 312, -1,
      308, 312, 266, -1,
      261, 266, 262, -1,
      262, 266, 268, -1,
      262, 268, 313, -1,
      313, 268, 314, -1,
      313, 314, 276, -1,
      276, 314, 315, -1,
      276, 315, 269, -1,
      269, 315, 316, -1,
      269, 316, 317, -1,
      267, 266, 318, -1,
      318, 266, 312, -1,
      318, 312, 319, -1,
      319, 312, 320, -1,
      319, 320, 317, -1,
      317, 320, 321, -1,
      317, 321, 269, -1,
      272, 322, 277, -1,
      277, 322, 323, -1,
      270, 269, 324, -1,
      324, 269, 321, -1,
      324, 321, 325, -1,
      325, 321, 326, -1,
      325, 326, 323, -1,
      323, 326, 327, -1,
      323, 327, 277, -1,
      272, 277, 273, -1,
      273, 277, 279, -1,
      273, 279, 328, -1,
      328, 279, 329, -1,
      328, 329, 280, -1,
      280, 329, 330, -1,
      280, 330, 281, -1,
      281, 330, 331, -1,
      281, 331, 332, -1,
      285, 333, 287, -1,
      287, 333, 334, -1,
      335, 336, 334, -1,
      334, 336, 337, -1,
      334, 337, 287, -1,
      278, 277, 338, -1,
      338, 277, 327, -1,
      338, 327, 339, -1,
      339, 327, 340, -1,
      339, 340, 332, -1,
      332, 340, 336, -1,
      332, 336, 281, -1,
      281, 336, 335, -1,
      281, 335, 283, -1,
      285, 287, 286, -1,
      286, 287, 289, -1,
      286, 289, 296, -1,
      296, 289, 341, -1,
      296, 341, 290, -1,
      290, 341, 342, -1,
      290, 342, 343, -1,
      344, 345, 346, -1,
      346, 345, 347, -1,
      288, 287, 348, -1,
      348, 287, 337, -1,
      348, 337, 343, -1,
      343, 337, 346, -1,
      343, 346, 290, -1,
      290, 346, 347, -1,
      290, 347, 291, -1,
      349, 350, 351, -1,
      351, 350, 352, -1,
      351, 352, 353, -1,
      353, 352, 109, -1,
      353, 109, 354, -1,
      354, 109, 107, -1,
      354, 107, 355, -1,
      355, 107, 356, -1,
      355, 356, 357, -1,
      357, 356, 358, -1,
      357, 358, 359, -1,
      306, 360, 311, -1,
      311, 360, 361, -1,
      311, 361, 312, -1,
      312, 361, 362, -1,
      312, 362, 320, -1,
      320, 362, 363, -1,
      320, 363, 321, -1,
      321, 363, 364, -1,
      321, 364, 326, -1,
      365, 366, 367, -1,
      367, 366, 368, -1,
      367, 368, 369, -1,
      369, 368, 370, -1,
      371, 365, 372, -1,
      372, 365, 367, -1,
      372, 367, 373, -1,
      373, 367, 174, -1,
      373, 174, 374, -1,
      374, 174, 176, -1,
      58, 199, 375, -1,
      375, 199, 179, -1,
      375, 179, 175, -1,
      175, 179, 178, -1,
      175, 178, 176, -1,
      368, 371, 370, -1,
      370, 371, 372, -1,
      370, 372, 251, -1,
      251, 372, 253, -1,
      251, 253, 249, -1,
      249, 253, 252, -1,
      373, 376, 372, -1,
      372, 376, 377, -1,
      372, 377, 253, -1,
      253, 377, 378, -1,
      253, 378, 254, -1,
      254, 378, 297, -1,
      254, 297, 255, -1,
      255, 297, 299, -1,
      376, 177, 377, -1,
      377, 177, 179, -1,
      377, 179, 378, -1,
      378, 179, 195, -1,
      378, 195, 297, -1,
      297, 195, 194, -1,
      297, 194, 298, -1,
      298, 194, 379, -1,
      298, 379, 306, -1,
      306, 379, 350, -1,
      306, 350, 360, -1,
      360, 350, 349, -1,
      192, 206, 201, -1,
      201, 206, 205, -1,
      201, 205, 243, -1,
      243, 205, 245, -1,
      243, 245, 241, -1,
      241, 245, 247, -1,
      241, 247, 248, -1,
      196, 183, 194, -1,
      194, 183, 185, -1,
      194, 185, 379, -1,
      379, 185, 201, -1,
      379, 201, 350, -1,
      350, 201, 243, -1,
      350, 243, 352, -1,
      352, 243, 120, -1,
      352, 120, 109, -1,
      109, 120, 112, -1,
      109, 112, 108, -1,
      108, 112, 113, -1,
      364, 359, 326, -1,
      326, 359, 358, -1,
      326, 358, 327, -1,
      327, 358, 380, -1,
      327, 380, 340, -1,
      340, 380, 381, -1,
      340, 381, 336, -1,
      381, 382, 336, -1,
      336, 382, 383, -1,
      336, 383, 337, -1,
      337, 383, 384, -1,
      337, 384, 346, -1,
      346, 384, 385, -1,
      346, 385, 344, -1,
      344, 385, 386, -1,
      344, 386, 219, -1,
      219, 386, 387, -1,
      219, 387, 388, -1,
      388, 387, 389, -1,
      388, 389, 390, -1,
      390, 389, 391, -1,
      390, 391, 382, -1,
      382, 391, 392, -1,
      382, 392, 383, -1,
      106, 78, 107, -1,
      107, 78, 75, -1,
      107, 75, 356, -1,
      356, 75, 137, -1,
      356, 137, 358, -1,
      358, 137, 135, -1,
      358, 135, 380, -1,
      380, 135, 165, -1,
      380, 165, 381, -1,
      381, 165, 160, -1,
      381, 160, 382, -1,
      382, 160, 228, -1,
      382, 228, 390, -1,
      390, 228, 226, -1,
      390, 226, 388, -1,
      388, 226, 224, -1,
      388, 224, 219, -1,
      219, 224, 393, -1,
      219, 393, 218, -1,
      218, 393, 394, -1,
      223, 65, 224, -1,
      224, 65, 67, -1,
      224, 67, 393, -1,
      393, 67, 220, -1,
      393, 220, 394, -1,
      394, 220, 221, -1,
      68, 70, 219, -1,
      219, 70, 213, -1,
      219, 213, 344, -1,
      344, 213, 215, -1,
      344, 215, 345, -1,
      395, 396, 397, -1,
      398, 25, 399, -1,
      400, 401, 402, -1,
      403, 404, 400, -1,
      400, 404, 405, -1,
      406, 407, 23, -1,
      23, 407, 25, -1,
      23, 25, 408, -1,
      400, 402, 399, -1,
      399, 402, 409, -1,
      399, 409, 398, -1,
      401, 400, 410, -1,
      410, 400, 405, -1,
      410, 405, 411, -1,
      412, 413, 414, -1,
      414, 413, 415, -1,
      416, 417, 407, -1,
      407, 417, 418, -1,
      407, 418, 25, -1,
      25, 418, 395, -1,
      25, 395, 399, -1,
      399, 395, 397, -1,
      419, 420, 415, -1,
      415, 420, 411, -1,
      415, 411, 414, -1,
      414, 411, 405, -1,
      421, 422, 419, -1,
      419, 422, 423, -1,
      419, 423, 420, -1,
      420, 423, 424, -1,
      425, 426, 427, -1,
      427, 426, 428, -1,
      429, 430, 428, -1,
      428, 430, 424, -1,
      428, 424, 427, -1,
      427, 424, 423, -1,
      431, 432, 433, -1,
      434, 435, 429, -1,
      429, 435, 431, -1,
      429, 431, 430, -1,
      430, 431, 433, -1,
      430, 433, 436, -1,
      433, 437, 436, -1,
      436, 437, 438, -1,
      436, 438, 439, -1,
      439, 438, 440, -1,
      441, 442, 432, -1,
      432, 442, 443, -1,
      432, 443, 433, -1,
      433, 443, 440, -1,
      444, 445, 446, -1,
      446, 445, 27, -1,
      446, 27, 26, -1,
      440, 447, 439, -1,
      439, 447, 448, -1,
      439, 448, 449, -1,
      450, 451, 14, -1,
      14, 451, 452, -1,
      453, 454, 13, -1,
      13, 454, 455, -1,
      443, 446, 440, -1,
      440, 446, 26, -1,
      440, 26, 447, -1,
      447, 26, 11, -1,
      447, 11, 456, -1,
      456, 11, 13, -1,
      14, 439, 450, -1,
      450, 439, 449, -1,
      450, 449, 457, -1,
      457, 449, 456, -1,
      457, 456, 452, -1,
      452, 456, 13, -1,
      452, 13, 14, -1,
      455, 17, 20, -1,
      458, 459, 460, -1,
      460, 459, 461, -1,
      10, 5, 462, -1,
      10, 462, 9, -1,
      463, 464, 465, -1,
      465, 464, 4, -1,
      465, 4, 466, -1,
      466, 4, 467, -1,
      466, 467, 468, -1,
      468, 467, 462, -1,
      468, 462, 469, -1,
      20, 19, 455, -1,
      455, 19, 18, -1,
      455, 18, 13, -1,
      13, 18, 24, -1,
      13, 24, 14, -1,
      3, 2, 467, -1,
      467, 2, 12, -1,
      467, 12, 462, -1,
      462, 12, 8, -1,
      462, 8, 9, -1,
      5, 6, 462, -1,
      462, 6, 7, -1,
      462, 7, 461, -1,
      461, 7, 460, -1,
      460, 7, 21, -1,
      460, 21, 455, -1,
      455, 21, 22, -1,
      455, 22, 17, -1,
      470, 397, 471, -1,
      471, 397, 396, -1,
      472, 473, 474, -1,
      474, 473, 475, -1,
      476, 404, 477, -1,
      477, 404, 403, -1,
      478, 413, 479, -1,
      479, 413, 412, -1,
      480, 422, 481, -1,
      481, 422, 421, -1,
      482, 426, 483, -1,
      483, 426, 425, -1,
      484, 435, 485, -1,
      485, 435, 434, -1,
      486, 442, 487, -1,
      487, 442, 441, -1,
      210, 34, 408, -1,
      408, 34, 33, -1,
      408, 33, 23, -1,
      49, 33, 48, -1,
      48, 33, 47, -1,
      49, 50, 33, -1,
      33, 50, 51, -1,
      33, 51, 23, -1,
      468, 469, 488, -1,
      488, 469, 489, -1,
      459, 458, 490, -1,
      490, 458, 491, -1,
      492, 493, 494, -1,
      494, 493, 495, -1,
      494, 495, 453, -1,
      453, 495, 454, -1,
      246, 245, 496, -1,
      496, 245, 205, -1,
      496, 205, 497, -1,
      497, 205, 73, -1,
      497, 73, 72, -1,
      498, 499, 15, -1,
      0, 16, 15, -1,
      15, 16, 1, -1,
      15, 1, 498, -1,
      500, 501, 502, -1,
      502, 501, 503, -1,
      504, 505, 506, -1,
      506, 505, 507, -1,
      31, 30, 29, -1,
      508, 509, 510, -1,
      510, 509, 511, -1,
      28, 512, 29, -1,
      29, 512, 510, -1,
      29, 510, 31, -1,
      31, 510, 511, -1,
      31, 511, 221, -1,
      513, 503, 514, -1,
      514, 503, 501, -1,
      515, 516, 502, -1,
      502, 516, 517, -1,
      502, 517, 500, -1,
      508, 510, 516, -1,
      516, 510, 517, -1,
      518, 514, 501, -1,
      505, 504, 512, -1,
      501, 500, 518, -1,
      518, 500, 517, -1,
      518, 517, 504, -1,
      504, 517, 510, -1,
      504, 510, 512, -1,
      519, 520, 521, -1,
      519, 521, 522, -1,
      505, 512, 521, -1,
      521, 512, 523, -1,
      521, 523, 522, -1,
      524, 525, 526, -1,
      527, 528, 529, -1,
      529, 528, 530, -1,
      529, 530, 32, -1,
      531, 532, 530, -1,
      530, 532, 524, -1,
      530, 524, 32, -1,
      32, 524, 526, -1,
      533, 472, 474, -1,
      512, 28, 534, -1,
      512, 534, 523, -1,
      523, 534, 535, -1,
      523, 535, 522, -1,
      522, 535, 536, -1,
      522, 536, 519, -1,
      519, 536, 537, -1,
      519, 537, 520, -1,
      520, 537, 538, -1,
      520, 538, 521, -1,
      521, 538, 507, -1,
      521, 507, 505, -1,
      439, 14, 57, -1,
      439, 57, 539, -1,
      539, 57, 56, -1,
      539, 56, 540, -1,
      540, 56, 55, -1,
      540, 55, 541, -1,
      541, 55, 54, -1,
      541, 54, 542, -1,
      542, 54, 53, -1,
      542, 53, 543, -1,
      543, 53, 52, -1,
      543, 52, 544, -1,
      544, 369, 370, -1,
      545, 300, 61, -1,
      61, 60, 545, -1,
      545, 60, 436, -1,
      545, 436, 546, -1,
      546, 436, 439, -1,
      540, 541, 370, -1,
      250, 546, 251, -1,
      251, 546, 439, -1,
      251, 439, 370, -1,
      370, 439, 539, -1,
      370, 539, 540, -1,
      541, 542, 370, -1,
      370, 542, 543, -1,
      370, 543, 544, -1,
      547, 30, 31, -1,
      31, 220, 547, -1,
      547, 220, 67, -1,
      547, 67, 66, -1,
      33, 548, 549, -1,
      33, 549, 47, -1,
      47, 549, 550, -1,
      47, 550, 48, -1,
      48, 550, 551, -1,
      48, 551, 49, -1,
      49, 551, 552, -1,
      49, 552, 50, -1,
      50, 552, 553, -1,
      50, 553, 51, -1,
      51, 553, 406, -1,
      51, 406, 23, -1,
      70, 69, 554, -1,
      555, 556, 554, -1,
      554, 556, 557, -1,
      554, 557, 70, -1,
      70, 557, 32, -1,
      70, 32, 213, -1,
      548, 33, 526, -1,
      526, 33, 34, -1,
      214, 213, 558, -1,
      558, 213, 32, -1,
      558, 32, 559, -1,
      559, 32, 526, -1,
      559, 526, 208, -1,
      208, 526, 34, -1,
      35, 36, 560, -1,
      560, 36, 58, -1,
      560, 58, 561, -1,
      58, 375, 561, -1,
      561, 375, 175, -1,
      561, 175, 52, -1,
      52, 175, 174, -1,
      52, 174, 544, -1,
      544, 174, 367, -1,
      544, 367, 369, -1,
      2, 3, 46, -1,
      2, 46, 45, -1,
      45, 46, 44, -1,
      45, 44, 43, -1,
      43, 44, 42, -1,
      43, 42, 41, -1,
      41, 42, 40, -1,
      41, 40, 39, -1,
      39, 40, 38, -1,
      39, 38, 37, -1,
      37, 38, 36, -1,
      37, 36, 35, -1,
      562, 563, 463, -1,
      463, 563, 464, -1,
      564, 565, 566, -1,
      566, 565, 567, -1,
      568, 513, 514, -1,
      563, 562, 569, -1,
      569, 562, 570, -1,
      571, 480, 481, -1,
      490, 491, 572, -1,
      572, 491, 573, -1,
      574, 575, 564, -1,
      572, 576, 577, -1,
      577, 576, 488, -1,
      577, 488, 489, -1,
      481, 574, 571, -1,
      571, 574, 564, -1,
      571, 564, 578, -1,
      578, 564, 566, -1,
      578, 566, 483, -1,
      483, 566, 482, -1,
      493, 579, 580, -1,
      581, 582, 573, -1,
      573, 582, 583, -1,
      573, 583, 572, -1,
      572, 583, 584, -1,
      572, 584, 576, -1,
      568, 585, 586, -1,
      586, 585, 587, -1,
      586, 587, 564, -1,
      29, 30, 588, -1,
      588, 30, 547, -1,
      588, 547, 518, -1,
      518, 547, 589, -1,
      518, 589, 514, -1,
      514, 589, 590, -1,
      514, 590, 568, -1,
      568, 590, 591, -1,
      568, 591, 585, -1,
      497, 569, 496, -1,
      496, 569, 570, -1,
      496, 570, 592, -1,
      592, 570, 576, -1,
      593, 476, 477, -1,
      594, 486, 487, -1,
      595, 596, 564, -1,
      597, 598, 599, -1,
      477, 595, 593, -1,
      593, 595, 564, -1,
      593, 564, 600, -1,
      600, 564, 575, -1,
      600, 575, 479, -1,
      479, 575, 478, -1,
      487, 597, 594, -1,
      594, 597, 599, -1,
      594, 599, 580, -1,
      580, 599, 582, -1,
      580, 582, 493, -1,
      493, 582, 581, -1,
      493, 581, 495, -1,
      484, 485, 598, -1,
      598, 485, 567, -1,
      598, 567, 599, -1,
      599, 567, 565, -1,
      599, 565, 584, -1,
      584, 565, 585, -1,
      584, 585, 576, -1,
      576, 585, 591, -1,
      576, 591, 592, -1,
      601, 586, 602, -1,
      602, 586, 564, -1,
      602, 564, 603, -1,
      603, 564, 596, -1,
      603, 596, 471, -1,
      471, 596, 470, -1,
      475, 473, 602, -1,
      602, 473, 604, -1,
      602, 604, 601, -1,
      493, 492, 579, -1,
      579, 492, 605, -1,
      445, 444, 606, -1,
      606, 444, 579, -1,
      606, 579, 607, -1,
      607, 579, 605, -1,
      607, 605, 498, -1,
      498, 605, 499, -1,
      608, 24, 609, -1,
      609, 24, 18, -1,
      609, 18, 610, -1,
      610, 18, 19, -1,
      610, 19, 611, -1,
      611, 19, 20, -1,
      611, 20, 612, -1,
      612, 20, 17, -1,
      612, 17, 613, -1,
      613, 17, 22, -1,
      613, 22, 614, -1,
      614, 22, 21, -1,
      608, 561, 24, -1,
      24, 561, 52, -1,
      24, 52, 14, -1,
      55, 52, 54, -1,
      54, 52, 53, -1,
      55, 56, 52, -1,
      52, 56, 57, -1,
      52, 57, 14, -1,
      35, 560, 615, -1,
      615, 12, 35, -1,
      35, 12, 2, -1,
      35, 2, 37, -1,
      37, 2, 39, -1,
      45, 43, 2, -1,
      2, 43, 41, -1,
      2, 41, 39, -1,
      616, 7, 617, -1,
      617, 7, 6, -1,
      617, 6, 618, -1,
      618, 6, 5, -1,
      618, 5, 619, -1,
      619, 5, 10, -1,
      619, 10, 620, -1,
      620, 10, 9, -1,
      620, 9, 621, -1,
      621, 9, 8, -1,
      621, 8, 615, -1,
      615, 8, 12, -1,
      616, 614, 7, -1,
      7, 614, 21, -1,
      561, 614, 560, -1,
      560, 614, 616, -1,
      561, 608, 614, -1,
      614, 608, 609, -1,
      614, 609, 610, -1,
      610, 611, 614, -1,
      614, 611, 612, -1,
      614, 612, 613, -1,
      617, 621, 616, -1,
      616, 621, 615, -1,
      616, 615, 560, -1,
      618, 619, 617, -1,
      617, 619, 620, -1,
      617, 620, 621, -1,
      530, 604, 473, -1,
      472, 533, 473, -1,
      473, 533, 531, -1,
      473, 531, 530, -1,
      525, 407, 526, -1,
      526, 407, 406, -1,
      553, 552, 406, -1,
      406, 552, 551, -1,
      406, 551, 550, -1,
      550, 549, 406, -1,
      406, 549, 548, -1,
      406, 548, 526, -1,
      525, 524, 407, -1,
      407, 524, 416, -1,
      417, 416, 532, -1,
      532, 416, 524, -1,
      604, 530, 601, -1,
      601, 530, 528, -1,
      529, 622, 527, -1,
      527, 622, 623, -1,
      527, 623, 624, -1,
      557, 622, 32, -1,
      32, 622, 529, -1,
      623, 622, 556, -1,
      556, 622, 557, -1,
      394, 568, 218, -1,
      218, 568, 586, -1,
      218, 586, 68, -1,
      513, 568, 503, -1,
      503, 568, 394, -1,
      503, 394, 502, -1,
      502, 394, 221, -1,
      502, 221, 511, -1,
      554, 69, 527, -1,
      527, 69, 68, -1,
      527, 68, 528, -1,
      528, 68, 586, -1,
      528, 586, 601, -1,
    ]
  }
}

Shape {
  appearance Appearance {
    material Material {
      diffuseColor 1.0000 1.0000 1.0000
      specularColor 0.5020 0.5020 0.5020
      ambientIntensity 0.2
      transparency 0.0000
      shininess 0.5
    }
  }
  geometry IndexedFaceSet {
    ccw TRUE
    solid FALSE
    coord DEF co Coordinate {
      point [
        2.643701 -2.549213 -0.078740,
        2.175197 -3.021654 -0.078740,
        2.647638 -2.549213 -0.082677,
        2.647504 -2.549213 -0.081658,
        2.647110 -2.549213 -0.080709,
        2.646485 -2.549213 -0.079893,
        2.645669 -2.549213 -0.079268,
        2.644720 -2.549213 -0.078874,
        2.647638 -2.549213 -0.740157,
        2.175197 -2.549213 -0.740157,
        2.175197 -3.021654 -0.740157,
        2.175197 -2.549213 -0.078740,
      ]
    }
    coordIndex [
      10, 9, 1, -1,
      1, 9, 11, -1,
      9, 8, 11, -1,
      11, 8, 2, -1,
      11, 2, 0, -1,
      5, 2, 4, -1,
      4, 2, 3, -1,
      5, 6, 2, -1,
      2, 6, 7, -1,
      2, 7, 0, -1,
    ]
  }
}

Shape {
  appearance Appearance {
    material Material {
      diffuseColor 0.5020 0.5020 0.5020
      specularColor 0.2510 0.2510 0.2510
      ambientIntensity 0.2
      transparency 0.0000
      shininess 0.5
    }
  }
  geometry IndexedFaceSet {
    ccw TRUE
    solid FALSE
    coord DEF co Coordinate {
      point [
        2.053085 1.720245 -0.078740,
        1.659383 2.113946 -0.078740,
        2.163899 2.377186 -0.078740,
        2.163899 0.143682 -0.078740,
        1.757065 1.720245 -0.078740,
        2.053085 2.113946 -0.078740,
        1.585776 2.377186 -0.078740,
        1.585776 1.928511 -0.078740,
        -2.253937 1.753937 -0.740157,
        -2.647638 1.753937 -0.740157,
        -2.647638 1.045276 -0.740157,
        -2.253937 1.045276 -0.740157,
        -2.253937 1.131630 -0.740157,
        1.522090 1.584646 -0.078740,
        1.998031 0.143682 -0.078740,
        1.998031 1.584646 -0.275591,
        1.998031 0.143682 -0.275591,
        1.561354 1.584646 -0.078740,
        1.757065 1.584646 -0.078740,
        -2.529528 -1.513780 -0.078740,
        -2.529528 -3.061024 -0.078740,
        -2.529528 -1.513780 -0.551181,
        -2.647638 1.045276 -0.622047,
        -2.647638 1.753937 -0.622047,
        -2.529528 -3.061024 -0.551181,
        1.757065 1.584646 -0.275591,
        1.522090 1.584646 -0.275591,
        1.561354 1.584646 -0.275591,
        -2.253937 1.045276 -0.622047,
        -2.253937 1.753937 -0.622047,
        2.163899 0.143682 -0.275591,
        1.757065 1.720245 -0.275591,
        2.053085 1.720245 -0.275591,
        1.585776 1.928511 -0.275591,
        1.659383 2.113946 -0.275591,
        1.585776 2.377186 -0.275591,
        2.163899 2.377186 -0.275591,
        2.053085 2.113946 -0.275591,
      ]
    }
    coordIndex [
      22, 28, 10, -1,
      10, 28, 11, -1,
      29, 8, 28, -1,
      28, 8, 12, -1,
      28, 12, 11, -1,
      29, 23, 8, -1,
      8, 23, 9, -1,
      29, 28, 23, -1,
      23, 28, 22, -1,
      30, 16, 3, -1,
      3, 16, 14, -1,
      31, 25, 32, -1,
      32, 25, 15, -1,
      32, 15, 16, -1,
      26, 27, 33, -1,
      33, 27, 34, -1,
      33, 34, 35, -1,
      35, 34, 36, -1,
      34, 37, 36, -1,
      36, 37, 32, -1,
      36, 32, 30, -1,
      30, 32, 16, -1,
      31, 4, 25, -1,
      25, 4, 18, -1,
      31, 32, 4, -1,
      4, 32, 0, -1,
      32, 37, 0, -1,
      0, 37, 5, -1,
      37, 34, 5, -1,
      5, 34, 1, -1,
      1, 34, 17, -1,
      17, 34, 27, -1,
      33, 7, 26, -1,
      26, 7, 13, -1,
      33, 35, 7, -1,
      7, 35, 6, -1,
      35, 36, 6, -1,
      6, 36, 2, -1,
      36, 30, 2, -1,
      2, 30, 3, -1,
      24, 21, 20, -1,
      20, 21, 19, -1,
    ]
  }
}

Shape {
  appearance Appearance {
    material Material {
      diffuseColor 1.0000 1.0000 1.0000
      specularColor 0.5020 0.5020 0.5020
      ambientIntensity 0.2
      transparency 0.0000
      shininess 0.5
    }
  }
  geometry IndexedFaceSet {
    ccw TRUE
    solid FALSE
    coord DEF co Coordinate {
      point [
        -2.647638 -3.061024 -0.082677,
        -2.647638 -3.061024 -0.551181,
        -2.529528 -3.061024 -0.078740,
        -2.643701 -3.061024 -0.078740,
        -2.647504 -3.061024 -0.081658,
        -2.647110 -3.061024 -0.080709,
        -2.646485 -3.061024 -0.079893,
        -2.645669 -3.061024 -0.079268,
        -2.644720 -3.061024 -0.078874,
        -2.529528 -3.061024 -0.551181,
      ]
    }
    coordIndex [
      0, 1, 9, -1,
      5, 3, 6, -1,
      6, 3, 8, -1,
      6, 8, 7, -1,
      9, 2, 0, -1,
      0, 2, 3, -1,
      0, 3, 4, -1,
      4, 3, 5, -1,
    ]
  }
}

Shape {
  appearance Appearance {
    material Material {
      diffuseColor 0.5020 0.5020 0.5020
      specularColor 0.2510 0.2510 0.2510
      ambientIntensity 0.2
      transparency 0.0000
      shininess 0.5
    }
  }
  geometry IndexedFaceSet {
    ccw TRUE
    solid FALSE
    coord DEF co Coordinate {
      point [
        2.320958 2.654491 -0.325932,
        2.175197 -3.021654 -0.078740,
        -2.470472 2.942913 -0.078740,
        1.407480 2.942913 -0.740157,
        1.407480 3.139764 -0.740157,
        2.175197 -3.021654 -0.740157,
        2.097491 -3.021654 -0.740157,
        -1.663386 -2.549213 -0.740157,
        -1.663386 -3.139764 -0.740157,
        1.899606 -3.021654 -0.740157,
        1.899606 -3.139764 -0.740157,
        0.163591 -2.352362 -0.740157,
        0.442913 -2.352362 -0.740157,
        0.511680 -2.352362 -0.740157,
        -0.332675 -2.352362 -0.740157,
        0.009843 -2.352362 -0.740157,
        -0.423228 -2.352362 -0.740157,
        -0.494177 -2.352362 -0.740157,
        2.631287 0.178204 -0.740157,
        2.447035 0.566633 -0.740157,
        2.447035 0.178204 -0.740157,
        2.014306 -2.926424 -0.740157,
        2.017320 -2.926424 -0.740157,
        2.017320 -2.634346 -0.740157,
        1.793339 -1.130281 -0.740157,
        1.793339 -1.204969 -0.740157,
        1.793339 -1.360412 -0.740157,
        2.011292 -2.062691 -0.740157,
        2.014306 -1.360412 -0.740157,
        2.011292 -2.465643 -0.740157,
        2.014306 -2.634346 -0.740157,
        1.793339 -2.465643 -0.740157,
        1.543341 -2.634346 -0.740157,
        1.793339 -2.062691 -0.740157,
        2.014306 -1.130281 -0.740157,
        2.017320 -1.360412 -0.740157,
        2.017320 -1.204969 -0.740157,
        2.017320 -1.130281 -0.740157,
        2.014306 -3.021654 -0.740157,
        1.543341 -2.926424 -0.740157,
        1.091785 -2.926424 -0.740157,
        1.091785 -2.634346 -0.740157,
        -2.470472 2.942913 -0.740157,
        -2.470472 3.139764 -0.740157,
        -1.289370 -2.352362 -0.740157,
        -1.466535 -2.352362 -0.740157,
        -0.852229 -2.352362 -0.740157,
        0.797244 -3.139764 -0.740157,
        0.797244 -2.549213 -0.740157,
        0.600394 -2.352362 -0.740157,
        1.860236 2.942913 -0.740157,
        1.860236 3.139764 -0.740157,
        1.545276 2.942913 -0.740157,
        0.442913 2.942913 -0.740157,
        0.511680 2.942913 -0.740157,
        0.875984 2.942913 -0.740157,
        -0.423228 2.942913 -0.740157,
        -0.332675 2.942913 -0.740157,
        0.009843 2.942913 -0.740157,
        -0.852229 2.942913 -0.740157,
        -0.856299 2.942913 -0.740157,
        -1.289370 2.942913 -0.740157,
        -2.244094 2.942913 -0.740157,
        -2.072704 2.942913 -0.740157,
        -1.722441 2.942913 -0.740157,
        1.545276 3.139764 -0.740157,
        0.991741 2.942913 -0.740157,
        0.163591 2.942913 -0.740157,
        -0.494177 2.942913 -0.740157,
        2.177662 1.268143 -0.740157,
        2.631287 1.268143 -0.740157,
        2.631287 2.654491 -0.740157,
        2.177662 2.654491 -0.740157,
        2.631287 0.995118 -0.740157,
        2.631287 0.566633 -0.740157,
        2.447035 0.995118 -0.740157,
        -2.244094 2.942913 -0.078740,
        -0.856299 2.942913 -0.078740,
        -1.289370 2.942913 -0.078740,
        -2.470472 3.139764 -0.078740,
        -1.722441 2.942913 -0.078740,
        -0.423228 2.942913 -0.078740,
        0.009843 2.942913 -0.078740,
        0.442913 2.942913 -0.078740,
        0.875984 2.942913 -0.078740,
        1.407480 2.942913 -0.078740,
        1.545276 2.942913 -0.078740,
        1.407480 3.139764 -0.078740,
        1.545276 3.041339 -0.078740,
        1.860236 3.041339 -0.078740,
        1.860236 2.942913 -0.078740,
        2.177662 2.654491 -0.078740,
        2.631287 2.654491 -0.078740,
        2.631287 1.268143 -0.078740,
        2.631287 0.995118 -0.078740,
        2.631287 0.178204 -0.078740,
        2.447035 0.178204 -0.078740,
        1.998031 -1.130281 -0.078740,
        2.017320 -1.130281 -0.078740,
        2.177662 1.268143 -0.078740,
        2.447035 0.995118 -0.078740,
        1.998031 -1.360412 -0.078740,
        1.998031 -2.062691 -0.078740,
        2.017320 -1.360412 -0.078740,
        2.011292 -2.062691 -0.078740,
        2.011292 -2.465643 -0.078740,
        1.998031 -2.926424 -0.078740,
        1.998031 -3.021654 -0.078740,
        2.017320 -2.926424 -0.078740,
        2.017320 -2.634346 -0.078740,
        1.998031 -2.634346 -0.078740,
        1.998031 -2.465643 -0.078740,
        1.998031 -2.634346 -0.551181,
        1.998031 -2.465643 -0.551181,
        1.998031 -2.062691 -0.551181,
        1.998031 -1.360412 -0.551181,
        1.998031 -1.130281 -0.551181,
        0.797244 -3.139764 -0.551181,
        1.899606 -3.139764 -0.551181,
        1.545276 3.139764 -0.590551,
        1.860236 3.139764 -0.590551,
        -1.663386 -3.139764 -0.551181,
        1.998031 -2.926424 -0.551181,
        1.998031 -3.021654 -0.551181,
        1.899606 -3.021654 -0.551181,
        1.091785 -2.926424 -0.551181,
        1.793339 -2.062691 -0.551181,
        1.793339 -1.360412 -0.551181,
        1.091785 -2.634346 -0.551181,
        1.793339 -2.465643 -0.551181,
        1.793339 -1.130281 -0.551181,
        -1.663386 -2.549213 -0.551181,
        -1.466535 -2.352362 -0.551181,
        0.600394 -2.352362 -0.551181,
        0.797244 -2.549213 -0.551181,
        2.302188 2.654491 -0.350394,
        2.404474 2.654491 -0.527559,
        2.373905 2.654491 -0.523535,
        2.345419 2.654491 -0.511735,
        2.320958 2.654491 -0.492965,
        2.302188 2.654491 -0.468504,
        2.506761 2.654491 -0.468504,
        2.487991 2.654491 -0.492965,
        2.290389 2.654491 -0.440018,
        2.286364 2.654491 -0.409449,
        2.290389 2.654491 -0.378880,
        2.463530 2.654491 -0.511735,
        2.435044 2.654491 -0.523535,
        2.345419 2.654491 -0.307162,
        2.373905 2.654491 -0.295363,
        2.404474 2.654491 -0.291339,
        2.435044 2.654491 -0.295363,
        2.463530 2.654491 -0.307162,
        2.487991 2.654491 -0.325932,
        2.506761 2.654491 -0.350394,
        2.518560 2.654491 -0.378880,
        2.522585 2.654491 -0.409449,
        2.518560 2.654491 -0.440018,
        2.302188 1.268143 -0.468504,
        2.320958 1.268143 -0.492965,
        2.506761 1.268143 -0.350394,
        2.487991 1.268143 -0.325932,
        2.404474 1.268143 -0.291339,
        2.373905 1.268143 -0.295363,
        2.345419 1.268143 -0.307162,
        2.320958 1.268143 -0.325932,
        2.302188 1.268143 -0.350394,
        2.463530 1.268143 -0.307162,
        2.435044 1.268143 -0.295363,
        2.290389 1.268143 -0.378880,
        2.286364 1.268143 -0.409449,
        2.290389 1.268143 -0.440018,
        2.435044 1.268143 -0.523535,
        2.463530 1.268143 -0.511735,
        2.487991 1.268143 -0.492965,
        2.506761 1.268143 -0.468504,
        2.345419 1.268143 -0.511735,
        2.373905 1.268143 -0.523535,
        2.404474 1.268143 -0.527559,
        2.518560 1.268143 -0.440018,
        2.522585 1.268143 -0.409449,
        2.518560 1.268143 -0.378880,
        1.545276 3.041339 -0.590551,
        1.860236 3.041339 -0.590551,
        -2.470472 2.942913 -0.322835,
        1.407480 2.942913 -0.322835,
        -2.244094 2.942913 -0.322835,
        -2.017717 2.942913 -0.606299,
        -2.017717 2.942913 -0.566929,
        -1.860236 2.942913 -0.566929,
        -1.722441 2.942913 -0.322835,
        -1.860236 2.942913 -0.606299,
        -1.427165 2.942913 -0.606299,
        -1.584646 2.942913 -0.606299,
        -1.584646 2.942913 -0.566929,
        -1.427165 2.942913 -0.566929,
        -1.289370 2.942913 -0.322835,
        -0.856299 2.942913 -0.322835,
        -0.994094 2.942913 -0.566929,
        -1.151575 2.942913 -0.566929,
        -1.151575 2.942913 -0.606299,
        -0.994094 2.942913 -0.606299,
        -0.718504 2.942913 -0.566929,
        -0.561024 2.942913 -0.566929,
        -0.423228 2.942913 -0.322835,
        -0.561024 2.942913 -0.606299,
        -0.718504 2.942913 -0.606299,
        -0.285433 2.942913 -0.606299,
        -0.285433 2.942913 -0.566929,
        -0.127953 2.942913 -0.566929,
        0.009843 2.942913 -0.322835,
        -0.127953 2.942913 -0.606299,
        0.147638 2.942913 -0.606299,
        0.147638 2.942913 -0.566929,
        0.305118 2.942913 -0.566929,
        0.442913 2.942913 -0.322835,
        0.305118 2.942913 -0.606299,
        0.580709 2.942913 -0.606299,
        0.580709 2.942913 -0.566929,
        0.738189 2.942913 -0.566929,
        0.875984 2.942913 -0.322835,
        0.738189 2.942913 -0.606299,
        1.013780 2.942913 -0.606299,
        1.013780 2.942913 -0.566929,
        1.171260 2.942913 -0.566929,
        1.171260 2.942913 -0.606299,
      ]
    }
    coordIndex [
      9, 124, 10, -1,
      10, 124, 118, -1,
      124, 9, 123, -1,
      123, 9, 38, -1,
      1, 107, 5, -1,
      5, 107, 123, -1,
      5, 123, 6, -1,
      6, 123, 38, -1,
      47, 117, 48, -1,
      48, 117, 134, -1,
      48, 134, 49, -1,
      49, 134, 133, -1,
      45, 44, 132, -1,
      132, 44, 46, -1,
      46, 17, 132, -1,
      132, 17, 16, -1,
      132, 16, 133, -1,
      16, 14, 133, -1,
      133, 14, 15, -1,
      133, 15, 11, -1,
      11, 12, 133, -1,
      133, 12, 13, -1,
      133, 13, 49, -1,
      45, 132, 7, -1,
      7, 132, 131, -1,
      7, 131, 8, -1,
      8, 131, 121, -1,
      24, 130, 25, -1,
      25, 130, 127, -1,
      25, 127, 26, -1,
      35, 103, 36, -1,
      36, 103, 98, -1,
      36, 98, 37, -1,
      37, 98, 116, -1,
      116, 98, 97, -1,
      37, 116, 34, -1,
      34, 116, 130, -1,
      34, 130, 24, -1,
      115, 101, 103, -1,
      26, 127, 28, -1,
      28, 127, 115, -1,
      28, 115, 35, -1,
      35, 115, 103, -1,
      33, 126, 31, -1,
      31, 126, 129, -1,
      27, 29, 104, -1,
      104, 29, 105, -1,
      104, 102, 114, -1,
      126, 33, 114, -1,
      114, 33, 27, -1,
      114, 27, 104, -1,
      111, 105, 113, -1,
      113, 105, 29, -1,
      113, 29, 129, -1,
      129, 29, 31, -1,
      41, 128, 40, -1,
      40, 128, 125, -1,
      23, 22, 109, -1,
      109, 22, 108, -1,
      30, 23, 112, -1,
      112, 23, 109, -1,
      112, 109, 110, -1,
      30, 112, 32, -1,
      32, 112, 128, -1,
      32, 128, 41, -1,
      122, 106, 108, -1,
      108, 22, 122, -1,
      122, 22, 21, -1,
      122, 21, 125, -1,
      125, 21, 39, -1,
      125, 39, 40, -1,
      94, 73, 95, -1,
      95, 73, 74, -1,
      95, 74, 18, -1,
      75, 73, 100, -1,
      100, 73, 94, -1,
      75, 100, 19, -1,
      19, 100, 96, -1,
      19, 96, 20, -1,
      18, 20, 95, -1,
      95, 20, 96, -1,
      71, 70, 92, -1,
      92, 70, 93, -1,
      135, 0, 91, -1,
      71, 136, 72, -1,
      72, 136, 137, -1,
      137, 138, 72, -1,
      72, 138, 139, -1,
      72, 139, 140, -1,
      141, 142, 71, -1,
      140, 143, 72, -1,
      72, 143, 144, -1,
      72, 144, 91, -1,
      91, 144, 145, -1,
      91, 145, 135, -1,
      142, 146, 71, -1,
      71, 146, 147, -1,
      71, 147, 136, -1,
      0, 148, 91, -1,
      91, 148, 149, -1,
      91, 149, 92, -1,
      92, 149, 150, -1,
      92, 150, 151, -1,
      151, 152, 92, -1,
      92, 152, 153, -1,
      92, 153, 154, -1,
      154, 155, 92, -1,
      92, 155, 156, -1,
      92, 156, 71, -1,
      71, 156, 157, -1,
      71, 157, 141, -1,
      69, 72, 99, -1,
      99, 72, 91, -1,
      158, 159, 69, -1,
      160, 161, 93, -1,
      93, 162, 99, -1,
      99, 162, 163, -1,
      163, 164, 99, -1,
      99, 164, 165, -1,
      99, 165, 166, -1,
      161, 167, 93, -1,
      93, 167, 168, -1,
      93, 168, 162, -1,
      166, 169, 99, -1,
      99, 169, 170, -1,
      99, 170, 69, -1,
      69, 170, 171, -1,
      69, 171, 158, -1,
      172, 173, 70, -1,
      70, 173, 174, -1,
      70, 174, 175, -1,
      159, 176, 69, -1,
      69, 176, 177, -1,
      69, 177, 70, -1,
      70, 177, 178, -1,
      70, 178, 172, -1,
      175, 179, 70, -1,
      70, 179, 180, -1,
      70, 180, 93, -1,
      93, 180, 181, -1,
      93, 181, 160, -1,
      88, 86, 182, -1,
      182, 86, 52, -1,
      182, 52, 119, -1,
      119, 52, 65, -1,
      120, 51, 183, -1,
      183, 51, 50, -1,
      183, 50, 89, -1,
      89, 50, 90, -1,
      86, 90, 52, -1,
      52, 90, 50, -1,
      42, 43, 184, -1,
      184, 43, 79, -1,
      184, 79, 2, -1,
      4, 3, 87, -1,
      87, 3, 185, -1,
      87, 185, 85, -1,
      184, 2, 76, -1,
      184, 186, 42, -1,
      42, 186, 62, -1,
      187, 62, 188, -1,
      188, 62, 186, -1,
      188, 186, 189, -1,
      189, 186, 190, -1,
      189, 190, 191, -1,
      191, 190, 64, -1,
      191, 64, 187, -1,
      187, 64, 63, -1,
      187, 63, 62, -1,
      192, 61, 193, -1,
      193, 61, 64, -1,
      193, 64, 194, -1,
      194, 64, 190, -1,
      194, 190, 195, -1,
      195, 190, 196, -1,
      195, 196, 192, -1,
      192, 196, 61, -1,
      197, 198, 196, -1,
      196, 198, 199, -1,
      196, 199, 61, -1,
      61, 199, 200, -1,
      61, 200, 60, -1,
      60, 200, 201, -1,
      202, 197, 203, -1,
      203, 197, 204, -1,
      203, 204, 205, -1,
      204, 56, 205, -1,
      205, 56, 68, -1,
      205, 68, 206, -1,
      206, 68, 59, -1,
      206, 59, 202, -1,
      202, 59, 60, -1,
      202, 60, 197, -1,
      197, 60, 201, -1,
      197, 201, 198, -1,
      207, 56, 208, -1,
      208, 56, 204, -1,
      208, 204, 209, -1,
      209, 204, 210, -1,
      209, 210, 211, -1,
      211, 210, 58, -1,
      211, 58, 207, -1,
      207, 58, 57, -1,
      207, 57, 56, -1,
      212, 58, 213, -1,
      213, 58, 210, -1,
      213, 210, 214, -1,
      214, 210, 215, -1,
      214, 215, 216, -1,
      216, 215, 53, -1,
      216, 53, 212, -1,
      212, 53, 67, -1,
      212, 67, 58, -1,
      217, 53, 218, -1,
      218, 53, 215, -1,
      218, 215, 219, -1,
      219, 215, 220, -1,
      219, 220, 221, -1,
      221, 220, 55, -1,
      221, 55, 217, -1,
      217, 55, 54, -1,
      217, 54, 53, -1,
      222, 55, 223, -1,
      223, 55, 220, -1,
      223, 220, 224, -1,
      224, 220, 185, -1,
      224, 185, 225, -1,
      225, 185, 3, -1,
      225, 3, 222, -1,
      222, 3, 66, -1,
      222, 66, 55, -1,
      184, 76, 186, -1,
      186, 76, 80, -1,
      186, 80, 190, -1,
      190, 80, 78, -1,
      190, 78, 196, -1,
      196, 78, 77, -1,
      196, 77, 197, -1,
      197, 77, 81, -1,
      197, 81, 204, -1,
      204, 81, 82, -1,
      204, 82, 210, -1,
      210, 82, 83, -1,
      210, 83, 215, -1,
      215, 83, 84, -1,
      215, 84, 220, -1,
      220, 84, 85, -1,
      220, 85, 185, -1,
    ]
  }
}

Shape {
  appearance Appearance {
    material Material {
      diffuseColor 1.0000 1.0000 0.0000
      specularColor 0.5020 0.5020 0.0000
      ambientIntensity 0.2
      transparency 0.0000
      shininess 0.5
    }
  }
  geometry IndexedFaceSet {
    ccw TRUE
    solid FALSE
    coord DEF co Coordinate {
      point [
        -2.017717 2.942913 -0.606299,
        -2.017717 2.942913 -0.566929,
        -1.860236 2.942913 -0.566929,
        -1.860236 2.942913 -0.606299,
        -1.427165 2.942913 -0.606299,
        -1.584646 2.942913 -0.606299,
        -1.584646 2.942913 -0.566929,
        -1.427165 2.942913 -0.566929,
        -0.994094 2.942913 -0.566929,
        -1.151575 2.942913 -0.566929,
        -1.151575 2.942913 -0.606299,
        -0.994094 2.942913 -0.606299,
        -0.718504 2.942913 -0.566929,
        -0.561024 2.942913 -0.566929,
        -0.561024 2.942913 -0.606299,
        -0.718504 2.942913 -0.606299,
        -0.285433 2.942913 -0.606299,
        -0.285433 2.942913 -0.566929,
        -0.127953 2.942913 -0.566929,
        -0.127953 2.942913 -0.606299,
        0.147638 2.942913 -0.606299,
        0.147638 2.942913 -0.566929,
        0.305118 2.942913 -0.566929,
        0.305118 2.942913 -0.606299,
        0.580709 2.942913 -0.606299,
        0.580709 2.942913 -0.566929,
        0.738189 2.942913 -0.566929,
        0.738189 2.942913 -0.606299,
        1.013780 2.942913 -0.606299,
        1.013780 2.942913 -0.566929,
        1.171260 2.942913 -0.566929,
        1.171260 2.942913 -0.606299,
        1.171260 3.139764 -0.744094,
        1.171260 3.041339 -0.744094,
        1.013780 3.139764 -0.744094,
        1.013780 3.041339 -0.744094,
        1.171260 3.139764 -0.704724,
        1.013780 3.139764 -0.704724,
        1.171260 3.041339 -0.704724,
        1.013780 3.041339 -0.704724,
        1.171260 3.041339 -0.645669,
        1.013780 3.041339 -0.645669,
        1.013780 3.038656 -0.625290,
        1.171260 3.038656 -0.625290,
        1.013780 3.030789 -0.606299,
        1.171260 3.030789 -0.606299,
        1.013780 3.018276 -0.589992,
        1.171260 3.018276 -0.589992,
        1.013780 3.001969 -0.577478,
        1.171260 3.001969 -0.577478,
        1.013780 2.982978 -0.569612,
        1.171260 2.982978 -0.569612,
        1.013780 2.962598 -0.566929,
        1.171260 2.962598 -0.566929,
        1.171260 2.962598 -0.606299,
        1.013780 2.962598 -0.606299,
        1.171260 2.972788 -0.607641,
        1.013780 2.972788 -0.607641,
        1.171260 2.982283 -0.611574,
        1.013780 2.982283 -0.611574,
        1.171260 2.990437 -0.617830,
        1.013780 2.990437 -0.617830,
        1.171260 2.996694 -0.625984,
        1.013780 2.996694 -0.625984,
        1.171260 3.000627 -0.635480,
        1.013780 3.000627 -0.635480,
        1.171260 3.001969 -0.645669,
        1.013780 3.001969 -0.645669,
        1.171260 3.001969 -0.704724,
        1.013780 3.001969 -0.704724,
        1.013780 3.003310 -0.714914,
        1.171260 3.003310 -0.714914,
        1.013780 3.007243 -0.724409,
        1.171260 3.007243 -0.724409,
        1.013780 3.013500 -0.732563,
        1.171260 3.013500 -0.732563,
        1.013780 3.021654 -0.738820,
        1.171260 3.021654 -0.738820,
        1.013780 3.031149 -0.742753,
        1.171260 3.031149 -0.742753,
        0.738189 3.139764 -0.744094,
        0.738189 3.041339 -0.744094,
        0.580709 3.139764 -0.744094,
        0.580709 3.041339 -0.744094,
        0.738189 3.139764 -0.704724,
        0.580709 3.139764 -0.704724,
        0.738189 3.041339 -0.704724,
        0.580709 3.041339 -0.704724,
        0.738189 3.041339 -0.645669,
        0.580709 3.041339 -0.645669,
        0.580709 3.038656 -0.625290,
        0.738189 3.038656 -0.625290,
        0.580709 3.030789 -0.606299,
        0.738189 3.030789 -0.606299,
        0.580709 3.018276 -0.589992,
        0.738189 3.018276 -0.589992,
        0.580709 3.001969 -0.577478,
        0.738189 3.001969 -0.577478,
        0.580709 2.982978 -0.569612,
        0.738189 2.982978 -0.569612,
        0.580709 2.962598 -0.566929,
        0.738189 2.962598 -0.566929,
        0.738189 2.962598 -0.606299,
        0.580709 2.962598 -0.606299,
        0.738189 2.972788 -0.607641,
        0.580709 2.972788 -0.607641,
        0.738189 2.982283 -0.611574,
        0.580709 2.982283 -0.611574,
        0.738189 2.990437 -0.617830,
        0.580709 2.990437 -0.617830,
        0.738189 2.996694 -0.625984,
        0.580709 2.996694 -0.625984,
        0.738189 3.000627 -0.635480,
        0.580709 3.000627 -0.635480,
        0.738189 3.001969 -0.645669,
        0.580709 3.001969 -0.645669,
        0.738189 3.001969 -0.704724,
        0.580709 3.001969 -0.704724,
        0.580709 3.003310 -0.714914,
        0.738189 3.003310 -0.714914,
        0.580709 3.007243 -0.724409,
        0.738189 3.007243 -0.724409,
        0.580709 3.013500 -0.732563,
        0.738189 3.013500 -0.732563,
        0.580709 3.021654 -0.738820,
        0.738189 3.021654 -0.738820,
        0.580709 3.031149 -0.742753,
        0.738189 3.031149 -0.742753,
        0.305118 3.139764 -0.744094,
        0.305118 3.041339 -0.744094,
        0.147638 3.139764 -0.744094,
        0.147638 3.041339 -0.744094,
        0.305118 3.139764 -0.704724,
        0.147638 3.139764 -0.704724,
        0.305118 3.041339 -0.704724,
        0.147638 3.041339 -0.704724,
        0.305118 3.041339 -0.645669,
        0.147638 3.041339 -0.645669,
        0.147638 3.038656 -0.625290,
        0.305118 3.038656 -0.625290,
        0.147638 3.030789 -0.606299,
        0.305118 3.030789 -0.606299,
        0.147638 3.018276 -0.589992,
        0.305118 3.018276 -0.589992,
        0.147638 3.001969 -0.577478,
        0.305118 3.001969 -0.577478,
        0.147638 2.982978 -0.569612,
        0.305118 2.982978 -0.569612,
        0.147638 2.962598 -0.566929,
        0.305118 2.962598 -0.566929,
        0.305118 2.962598 -0.606299,
        0.147638 2.962598 -0.606299,
        0.305118 2.972788 -0.607641,
        0.147638 2.972788 -0.607641,
        0.305118 2.982283 -0.611574,
        0.147638 2.982283 -0.611574,
        0.305118 2.990437 -0.617830,
        0.147638 2.990437 -0.617830,
        0.305118 2.996694 -0.625984,
        0.147638 2.996694 -0.625984,
        0.305118 3.000627 -0.635480,
        0.147638 3.000627 -0.635480,
        0.305118 3.001969 -0.645669,
        0.147638 3.001969 -0.645669,
        0.305118 3.001969 -0.704724,
        0.147638 3.001969 -0.704724,
        0.147638 3.003310 -0.714914,
        0.305118 3.003310 -0.714914,
        0.147638 3.007243 -0.724409,
        0.305118 3.007243 -0.724409,
        0.147638 3.013500 -0.732563,
        0.305118 3.013500 -0.732563,
        0.147638 3.021654 -0.738820,
        0.305118 3.021654 -0.738820,
        0.147638 3.031149 -0.742753,
        0.305118 3.031149 -0.742753,
        -0.127953 3.139764 -0.744094,
        -0.127953 3.041339 -0.744094,
        -0.285433 3.139764 -0.744094,
        -0.285433 3.041339 -0.744094,
        -0.127953 3.139764 -0.704724,
        -0.285433 3.139764 -0.704724,
        -0.127953 3.041339 -0.704724,
        -0.285433 3.041339 -0.704724,
        -0.127953 3.041339 -0.645669,
        -0.285433 3.041339 -0.645669,
        -0.285433 3.038656 -0.625290,
        -0.127953 3.038656 -0.625290,
        -0.285433 3.030789 -0.606299,
        -0.127953 3.030789 -0.606299,
        -0.285433 3.018276 -0.589992,
        -0.127953 3.018276 -0.589992,
        -0.285433 3.001969 -0.577478,
        -0.127953 3.001969 -0.577478,
        -0.285433 2.982978 -0.569612,
        -0.127953 2.982978 -0.569612,
        -0.285433 2.962598 -0.566929,
        -0.127953 2.962598 -0.566929,
        -0.127953 2.962598 -0.606299,
        -0.285433 2.962598 -0.606299,
        -0.127953 2.972788 -0.607641,
        -0.285433 2.972788 -0.607641,
        -0.127953 2.982283 -0.611574,
        -0.285433 2.982283 -0.611574,
        -0.127953 2.990437 -0.617830,
        -0.285433 2.990437 -0.617830,
        -0.127953 2.996694 -0.625984,
        -0.285433 2.996694 -0.625984,
        -0.127953 3.000627 -0.635480,
        -0.285433 3.000627 -0.635480,
        -0.127953 3.001969 -0.645669,
        -0.285433 3.001969 -0.645669,
        -0.127953 3.001969 -0.704724,
        -0.285433 3.001969 -0.704724,
        -0.285433 3.003310 -0.714914,
        -0.127953 3.003310 -0.714914,
        -0.285433 3.007243 -0.724409,
        -0.127953 3.007243 -0.724409,
        -0.285433 3.013500 -0.732563,
        -0.127953 3.013500 -0.732563,
        -0.285433 3.021654 -0.738820,
        -0.127953 3.021654 -0.738820,
        -0.285433 3.031149 -0.742753,
        -0.127953 3.031149 -0.742753,
        -0.561024 3.139764 -0.744094,
        -0.561024 3.041339 -0.744094,
        -0.718504 3.139764 -0.744094,
        -0.718504 3.041339 -0.744094,
        -0.561024 3.139764 -0.704724,
        -0.718504 3.139764 -0.704724,
        -0.561024 3.041339 -0.704724,
        -0.718504 3.041339 -0.704724,
        -0.561024 3.041339 -0.645669,
        -0.718504 3.041339 -0.645669,
        -0.718504 3.038656 -0.625290,
        -0.561024 3.038656 -0.625290,
        -0.718504 3.030789 -0.606299,
        -0.561024 3.030789 -0.606299,
        -0.718504 3.018276 -0.589992,
        -0.561024 3.018276 -0.589992,
        -0.718504 3.001969 -0.577478,
        -0.561024 3.001969 -0.577478,
        -0.718504 2.982978 -0.569612,
        -0.561024 2.982978 -0.569612,
        -0.718504 2.962598 -0.566929,
        -0.561024 2.962598 -0.566929,
        -0.561024 2.962598 -0.606299,
        -0.718504 2.962598 -0.606299,
        -0.561024 2.972788 -0.607641,
        -0.718504 2.972788 -0.607641,
        -0.561024 2.982283 -0.611574,
        -0.718504 2.982283 -0.611574,
        -0.561024 2.990437 -0.617830,
        -0.718504 2.990437 -0.617830,
        -0.561024 2.996694 -0.625984,
        -0.718504 2.996694 -0.625984,
        -0.561024 3.000627 -0.635480,
        -0.718504 3.000627 -0.635480,
        -0.561024 3.001969 -0.645669,
        -0.718504 3.001969 -0.645669,
        -0.561024 3.001969 -0.704724,
        -0.718504 3.001969 -0.704724,
        -0.718504 3.003310 -0.714914,
        -0.561024 3.003310 -0.714914,
        -0.718504 3.007243 -0.724409,
        -0.561024 3.007243 -0.724409,
        -0.718504 3.013500 -0.732563,
        -0.561024 3.013500 -0.732563,
        -0.718504 3.021654 -0.738820,
        -0.561024 3.021654 -0.738820,
        -0.718504 3.031149 -0.742753,
        -0.561024 3.031149 -0.742753,
        -0.994094 3.139764 -0.744094,
        -0.994094 3.041339 -0.744094,
        -1.151575 3.139764 -0.744094,
        -1.151575 3.041339 -0.744094,
        -0.994094 3.139764 -0.704724,
        -1.151575 3.139764 -0.704724,
        -0.994094 3.041339 -0.704724,
        -1.151575 3.041339 -0.704724,
        -0.994094 3.041339 -0.645669,
        -1.151575 3.041339 -0.645669,
        -1.151575 3.038656 -0.625290,
        -0.994094 3.038656 -0.625290,
        -1.151575 3.030789 -0.606299,
        -0.994094 3.030789 -0.606299,
        -1.151575 3.018276 -0.589992,
        -0.994094 3.018276 -0.589992,
        -1.151575 3.001969 -0.577478,
        -0.994094 3.001969 -0.577478,
        -1.151575 2.982978 -0.569612,
        -0.994094 2.982978 -0.569612,
        -1.151575 2.962598 -0.566929,
        -0.994094 2.962598 -0.566929,
        -0.994094 2.962598 -0.606299,
        -1.151575 2.962598 -0.606299,
        -0.994094 2.972788 -0.607641,
        -1.151575 2.972788 -0.607641,
        -0.994094 2.982283 -0.611574,
        -1.151575 2.982283 -0.611574,
        -0.994094 2.990437 -0.617830,
        -1.151575 2.990437 -0.617830,
        -0.994094 2.996694 -0.625984,
        -1.151575 2.996694 -0.625984,
        -0.994094 3.000627 -0.635480,
        -1.151575 3.000627 -0.635480,
        -0.994094 3.001969 -0.645669,
        -1.151575 3.001969 -0.645669,
        -0.994094 3.001969 -0.704724,
        -1.151575 3.001969 -0.704724,
        -1.151575 3.003310 -0.714914,
        -0.994094 3.003310 -0.714914,
        -1.151575 3.007243 -0.724409,
        -0.994094 3.007243 -0.724409,
        -1.151575 3.013500 -0.732563,
        -0.994094 3.013500 -0.732563,
        -1.151575 3.021654 -0.738820,
        -0.994094 3.021654 -0.738820,
        -1.151575 3.031149 -0.742753,
        -0.994094 3.031149 -0.742753,
        -1.427165 3.139764 -0.744094,
        -1.427165 3.041339 -0.744094,
        -1.584646 3.139764 -0.744094,
        -1.584646 3.041339 -0.744094,
        -1.427165 3.139764 -0.704724,
        -1.584646 3.139764 -0.704724,
        -1.427165 3.041339 -0.704724,
        -1.584646 3.041339 -0.704724,
        -1.427165 3.041339 -0.645669,
        -1.584646 3.041339 -0.645669,
        -1.584646 3.038656 -0.625290,
        -1.427165 3.038656 -0.625290,
        -1.584646 3.030789 -0.606299,
        -1.427165 3.030789 -0.606299,
        -1.584646 3.018276 -0.589992,
        -1.427165 3.018276 -0.589992,
        -1.584646 3.001969 -0.577478,
        -1.427165 3.001969 -0.577478,
        -1.584646 2.982978 -0.569612,
        -1.427165 2.982978 -0.569612,
        -1.584646 2.962598 -0.566929,
        -1.427165 2.962598 -0.566929,
        -1.427165 2.962598 -0.606299,
        -1.584646 2.962598 -0.606299,
        -1.427165 2.972788 -0.607641,
        -1.584646 2.972788 -0.607641,
        -1.427165 2.982283 -0.611574,
        -1.584646 2.982283 -0.611574,
        -1.427165 2.990437 -0.617830,
        -1.584646 2.990437 -0.617830,
        -1.427165 2.996694 -0.625984,
        -1.584646 2.996694 -0.625984,
        -1.427165 3.000627 -0.635480,
        -1.584646 3.000627 -0.635480,
        -1.427165 3.001969 -0.645669,
        -1.584646 3.001969 -0.645669,
        -1.427165 3.001969 -0.704724,
        -1.584646 3.001969 -0.704724,
        -1.584646 3.003310 -0.714914,
        -1.427165 3.003310 -0.714914,
        -1.584646 3.007243 -0.724409,
        -1.427165 3.007243 -0.724409,
        -1.584646 3.013500 -0.732563,
        -1.427165 3.013500 -0.732563,
        -1.584646 3.021654 -0.738820,
        -1.427165 3.021654 -0.738820,
        -1.584646 3.031149 -0.742753,
        -1.427165 3.031149 -0.742753,
        -1.860236 3.139764 -0.744094,
        -1.860236 3.041339 -0.744094,
        -2.017717 3.139764 -0.744094,
        -2.017717 3.041339 -0.744094,
        -1.860236 3.139764 -0.704724,
        -2.017717 3.139764 -0.704724,
        -1.860236 3.041339 -0.704724,
        -2.017717 3.041339 -0.704724,
        -1.860236 3.041339 -0.645669,
        -2.017717 3.041339 -0.645669,
        -2.017717 3.038656 -0.625290,
        -1.860236 3.038656 -0.625290,
        -2.017717 3.030789 -0.606299,
        -1.860236 3.030789 -0.606299,
        -2.017717 3.018276 -0.589992,
        -1.860236 3.018276 -0.589992,
        -2.017717 3.001969 -0.577478,
        -1.860236 3.001969 -0.577478,
        -2.017717 2.982978 -0.569612,
        -1.860236 2.982978 -0.569612,
        -2.017717 2.962598 -0.566929,
        -1.860236 2.962598 -0.566929,
        -1.860236 2.962598 -0.606299,
        -2.017717 2.962598 -0.606299,
        -1.860236 2.972788 -0.607641,
        -2.017717 2.972788 -0.607641,
        -1.860236 2.982283 -0.611574,
        -2.017717 2.982283 -0.611574,
        -1.860236 2.990437 -0.617830,
        -2.017717 2.990437 -0.617830,
        -1.860236 2.996694 -0.625984,
        -2.017717 2.996694 -0.625984,
        -1.860236 3.000627 -0.635480,
        -2.017717 3.000627 -0.635480,
        -1.860236 3.001969 -0.645669,
        -2.017717 3.001969 -0.645669,
        -1.860236 3.001969 -0.704724,
        -2.017717 3.001969 -0.704724,
        -2.017717 3.003310 -0.714914,
        -1.860236 3.003310 -0.714914,
        -2.017717 3.007243 -0.724409,
        -1.860236 3.007243 -0.724409,
        -2.017717 3.013500 -0.732563,
        -1.860236 3.013500 -0.732563,
        -2.017717 3.021654 -0.738820,
        -1.860236 3.021654 -0.738820,
        -2.017717 3.031149 -0.742753,
        -1.860236 3.031149 -0.742753,
      ]
    }
    coordIndex [
      32, 33, 34, -1,
      34, 33, 35, -1,
      36, 32, 37, -1,
      37, 32, 34, -1,
      38, 36, 39, -1,
      39, 36, 37, -1,
      40, 38, 41, -1,
      41, 38, 39, -1,
      40, 41, 42, -1,
      40, 42, 43, -1,
      43, 42, 44, -1,
      43, 44, 45, -1,
      45, 44, 46, -1,
      45, 46, 47, -1,
      47, 46, 48, -1,
      47, 48, 49, -1,
      49, 48, 50, -1,
      49, 50, 51, -1,
      51, 50, 52, -1,
      51, 52, 53, -1,
      30, 53, 29, -1,
      29, 53, 52, -1,
      54, 31, 55, -1,
      55, 31, 28, -1,
      54, 55, 56, -1,
      56, 55, 57, -1,
      56, 57, 58, -1,
      58, 57, 59, -1,
      58, 59, 60, -1,
      60, 59, 61, -1,
      60, 61, 62, -1,
      62, 61, 63, -1,
      62, 63, 64, -1,
      64, 63, 65, -1,
      64, 65, 66, -1,
      66, 65, 67, -1,
      68, 66, 69, -1,
      69, 66, 67, -1,
      68, 69, 70, -1,
      68, 70, 71, -1,
      71, 70, 72, -1,
      71, 72, 73, -1,
      73, 72, 74, -1,
      73, 74, 75, -1,
      75, 74, 76, -1,
      75, 76, 77, -1,
      77, 76, 78, -1,
      77, 78, 79, -1,
      79, 78, 35, -1,
      79, 35, 33, -1,
      32, 36, 33, -1,
      33, 36, 38, -1,
      33, 38, 79, -1,
      79, 38, 77, -1,
      71, 73, 38, -1,
      38, 73, 75, -1,
      38, 75, 77, -1,
      30, 31, 53, -1,
      53, 31, 54, -1,
      53, 54, 51, -1,
      51, 54, 56, -1,
      51, 56, 49, -1,
      49, 56, 58, -1,
      49, 58, 47, -1,
      47, 58, 60, -1,
      47, 60, 45, -1,
      45, 60, 62, -1,
      45, 62, 43, -1,
      43, 62, 64, -1,
      43, 64, 40, -1,
      40, 64, 66, -1,
      40, 66, 38, -1,
      38, 66, 68, -1,
      38, 68, 71, -1,
      37, 34, 39, -1,
      39, 34, 35, -1,
      39, 35, 78, -1,
      78, 76, 39, -1,
      39, 76, 74, -1,
      39, 74, 72, -1,
      28, 29, 55, -1,
      55, 29, 52, -1,
      55, 52, 57, -1,
      57, 52, 50, -1,
      57, 50, 59, -1,
      59, 50, 48, -1,
      59, 48, 61, -1,
      61, 48, 46, -1,
      61, 46, 63, -1,
      63, 46, 44, -1,
      63, 44, 65, -1,
      65, 44, 42, -1,
      65, 42, 67, -1,
      67, 42, 41, -1,
      67, 41, 69, -1,
      69, 41, 39, -1,
      69, 39, 70, -1,
      70, 39, 72, -1,
      80, 81, 82, -1,
      82, 81, 83, -1,
      84, 80, 85, -1,
      85, 80, 82, -1,
      86, 84, 87, -1,
      87, 84, 85, -1,
      88, 86, 89, -1,
      89, 86, 87, -1,
      88, 89, 90, -1,
      88, 90, 91, -1,
      91, 90, 92, -1,
      91, 92, 93, -1,
      93, 92, 94, -1,
      93, 94, 95, -1,
      95, 94, 96, -1,
      95, 96, 97, -1,
      97, 96, 98, -1,
      97, 98, 99, -1,
      99, 98, 100, -1,
      99, 100, 101, -1,
      26, 101, 25, -1,
      25, 101, 100, -1,
      102, 27, 103, -1,
      103, 27, 24, -1,
      102, 103, 104, -1,
      104, 103, 105, -1,
      104, 105, 106, -1,
      106, 105, 107, -1,
      106, 107, 108, -1,
      108, 107, 109, -1,
      108, 109, 110, -1,
      110, 109, 111, -1,
      110, 111, 112, -1,
      112, 111, 113, -1,
      112, 113, 114, -1,
      114, 113, 115, -1,
      116, 114, 117, -1,
      117, 114, 115, -1,
      116, 117, 118, -1,
      116, 118, 119, -1,
      119, 118, 120, -1,
      119, 120, 121, -1,
      121, 120, 122, -1,
      121, 122, 123, -1,
      123, 122, 124, -1,
      123, 124, 125, -1,
      125, 124, 126, -1,
      125, 126, 127, -1,
      127, 126, 83, -1,
      127, 83, 81, -1,
      80, 84, 81, -1,
      81, 84, 86, -1,
      81, 86, 127, -1,
      127, 86, 125, -1,
      119, 121, 86, -1,
      86, 121, 123, -1,
      86, 123, 125, -1,
      26, 27, 101, -1,
      101, 27, 102, -1,
      101, 102, 99, -1,
      99, 102, 104, -1,
      99, 104, 97, -1,
      97, 104, 106, -1,
      97, 106, 95, -1,
      95, 106, 108, -1,
      95, 108, 93, -1,
      93, 108, 110, -1,
      93, 110, 91, -1,
      91, 110, 112, -1,
      91, 112, 88, -1,
      88, 112, 114, -1,
      88, 114, 86, -1,
      86, 114, 116, -1,
      86, 116, 119, -1,
      85, 82, 87, -1,
      87, 82, 83, -1,
      87, 83, 126, -1,
      126, 124, 87, -1,
      87, 124, 122, -1,
      87, 122, 120, -1,
      24, 25, 103, -1,
      103, 25, 100, -1,
      103, 100, 105, -1,
      105, 100, 98, -1,
      105, 98, 107, -1,
      107, 98, 96, -1,
      107, 96, 109, -1,
      109, 96, 94, -1,
      109, 94, 111, -1,
      111, 94, 92, -1,
      111, 92, 113, -1,
      113, 92, 90, -1,
      113, 90, 115, -1,
      115, 90, 89, -1,
      115, 89, 117, -1,
      117, 89, 87, -1,
      117, 87, 118, -1,
      118, 87, 120, -1,
      128, 129, 130, -1,
      130, 129, 131, -1,
      132, 128, 133, -1,
      133, 128, 130, -1,
      134, 132, 135, -1,
      135, 132, 133, -1,
      136, 134, 137, -1,
      137, 134, 135, -1,
      136, 137, 138, -1,
      136, 138, 139, -1,
      139, 138, 140, -1,
      139, 140, 141, -1,
      141, 140, 142, -1,
      141, 142, 143, -1,
      143, 142, 144, -1,
      143, 144, 145, -1,
      145, 144, 146, -1,
      145, 146, 147, -1,
      147, 146, 148, -1,
      147, 148, 149, -1,
      22, 149, 21, -1,
      21, 149, 148, -1,
      150, 23, 151, -1,
      151, 23, 20, -1,
      150, 151, 152, -1,
      152, 151, 153, -1,
      152, 153, 154, -1,
      154, 153, 155, -1,
      154, 155, 156, -1,
      156, 155, 157, -1,
      156, 157, 158, -1,
      158, 157, 159, -1,
      158, 159, 160, -1,
      160, 159, 161, -1,
      160, 161, 162, -1,
      162, 161, 163, -1,
      164, 162, 165, -1,
      165, 162, 163, -1,
      164, 165, 166, -1,
      164, 166, 167, -1,
      167, 166, 168, -1,
      167, 168, 169, -1,
      169, 168, 170, -1,
      169, 170, 171, -1,
      171, 170, 172, -1,
      171, 172, 173, -1,
      173, 172, 174, -1,
      173, 174, 175, -1,
      175, 174, 131, -1,
      175, 131, 129, -1,
      128, 132, 129, -1,
      129, 132, 134, -1,
      129, 134, 175, -1,
      175, 134, 173, -1,
      167, 169, 134, -1,
      134, 169, 171, -1,
      134, 171, 173, -1,
      22, 23, 149, -1,
      149, 23, 150, -1,
      149, 150, 147, -1,
      147, 150, 152, -1,
      147, 152, 145, -1,
      145, 152, 154, -1,
      145, 154, 143, -1,
      143, 154, 156, -1,
      143, 156, 141, -1,
      141, 156, 158, -1,
      141, 158, 139, -1,
      139, 158, 160, -1,
      139, 160, 136, -1,
      136, 160, 162, -1,
      136, 162, 134, -1,
      134, 162, 164, -1,
      134, 164, 167, -1,
      133, 130, 135, -1,
      135, 130, 131, -1,
      135, 131, 174, -1,
      174, 172, 135, -1,
      135, 172, 170, -1,
      135, 170, 168, -1,
      20, 21, 151, -1,
      151, 21, 148, -1,
      151, 148, 153, -1,
      153, 148, 146, -1,
      153, 146, 155, -1,
      155, 146, 144, -1,
      155, 144, 157, -1,
      157, 144, 142, -1,
      157, 142, 159, -1,
      159, 142, 140, -1,
      159, 140, 161, -1,
      161, 140, 138, -1,
      161, 138, 163, -1,
      163, 138, 137, -1,
      163, 137, 165, -1,
      165, 137, 135, -1,
      165, 135, 166, -1,
      166, 135, 168, -1,
      176, 177, 178, -1,
      178, 177, 179, -1,
      180, 176, 181, -1,
      181, 176, 178, -1,
      182, 180, 183, -1,
      183, 180, 181, -1,
      184, 182, 185, -1,
      185, 182, 183, -1,
      184, 185, 186, -1,
      184, 186, 187, -1,
      187, 186, 188, -1,
      187, 188, 189, -1,
      189, 188, 190, -1,
      189, 190, 191, -1,
      191, 190, 192, -1,
      191, 192, 193, -1,
      193, 192, 194, -1,
      193, 194, 195, -1,
      195, 194, 196, -1,
      195, 196, 197, -1,
      18, 197, 17, -1,
      17, 197, 196, -1,
      198, 19, 199, -1,
      199, 19, 16, -1,
      198, 199, 200, -1,
      200, 199, 201, -1,
      200, 201, 202, -1,
      202, 201, 203, -1,
      202, 203, 204, -1,
      204, 203, 205, -1,
      204, 205, 206, -1,
      206, 205, 207, -1,
      206, 207, 208, -1,
      208, 207, 209, -1,
      208, 209, 210, -1,
      210, 209, 211, -1,
      212, 210, 213, -1,
      213, 210, 211, -1,
      212, 213, 214, -1,
      212, 214, 215, -1,
      215, 214, 216, -1,
      215, 216, 217, -1,
      217, 216, 218, -1,
      217, 218, 219, -1,
      219, 218, 220, -1,
      219, 220, 221, -1,
      221, 220, 222, -1,
      221, 222, 223, -1,
      223, 222, 179, -1,
      223, 179, 177, -1,
      176, 180, 177, -1,
      177, 180, 182, -1,
      177, 182, 223, -1,
      223, 182, 221, -1,
      215, 217, 182, -1,
      182, 217, 219, -1,
      182, 219, 221, -1,
      18, 19, 197, -1,
      197, 19, 198, -1,
      197, 198, 195, -1,
      195, 198, 200, -1,
      195, 200, 193, -1,
      193, 200, 202, -1,
      193, 202, 191, -1,
      191, 202, 204, -1,
      191, 204, 189, -1,
      189, 204, 206, -1,
      189, 206, 187, -1,
      187, 206, 208, -1,
      187, 208, 184, -1,
      184, 208, 210, -1,
      184, 210, 182, -1,
      182, 210, 212, -1,
      182, 212, 215, -1,
      181, 178, 183, -1,
      183, 178, 179, -1,
      183, 179, 222, -1,
      222, 220, 183, -1,
      183, 220, 218, -1,
      183, 218, 216, -1,
      16, 17, 199, -1,
      199, 17, 196, -1,
      199, 196, 201, -1,
      201, 196, 194, -1,
      201, 194, 203, -1,
      203, 194, 192, -1,
      203, 192, 205, -1,
      205, 192, 190, -1,
      205, 190, 207, -1,
      207, 190, 188, -1,
      207, 188, 209, -1,
      209, 188, 186, -1,
      209, 186, 211, -1,
      211, 186, 185, -1,
      211, 185, 213, -1,
      213, 185, 183, -1,
      213, 183, 214, -1,
      214, 183, 216, -1,
      224, 225, 226, -1,
      226, 225, 227, -1,
      228, 224, 229, -1,
      229, 224, 226, -1,
      230, 228, 231, -1,
      231, 228, 229, -1,
      232, 230, 233, -1,
      233, 230, 231, -1,
      232, 233, 234, -1,
      232, 234, 235, -1,
      235, 234, 236, -1,
      235, 236, 237, -1,
      237, 236, 238, -1,
      237, 238, 239, -1,
      239, 238, 240, -1,
      239, 240, 241, -1,
      241, 240, 242, -1,
      241, 242, 243, -1,
      243, 242, 244, -1,
      243, 244, 245, -1,
      13, 245, 12, -1,
      12, 245, 244, -1,
      246, 14, 247, -1,
      247, 14, 15, -1,
      246, 247, 248, -1,
      248, 247, 249, -1,
      248, 249, 250, -1,
      250, 249, 251, -1,
      250, 251, 252, -1,
      252, 251, 253, -1,
      252, 253, 254, -1,
      254, 253, 255, -1,
      254, 255, 256, -1,
      256, 255, 257, -1,
      256, 257, 258, -1,
      258, 257, 259, -1,
      260, 258, 261, -1,
      261, 258, 259, -1,
      260, 261, 262, -1,
      260, 262, 263, -1,
      263, 262, 264, -1,
      263, 264, 265, -1,
      265, 264, 266, -1,
      265, 266, 267, -1,
      267, 266, 268, -1,
      267, 268, 269, -1,
      269, 268, 270, -1,
      269, 270, 271, -1,
      271, 270, 227, -1,
      271, 227, 225, -1,
      224, 228, 225, -1,
      225, 228, 230, -1,
      225, 230, 271, -1,
      271, 230, 269, -1,
      263, 265, 230, -1,
      230, 265, 267, -1,
      230, 267, 269, -1,
      13, 14, 245, -1,
      245, 14, 246, -1,
      245, 246, 243, -1,
      243, 246, 248, -1,
      243, 248, 241, -1,
      241, 248, 250, -1,
      241, 250, 239, -1,
      239, 250, 252, -1,
      239, 252, 237, -1,
      237, 252, 254, -1,
      237, 254, 235, -1,
      235, 254, 256, -1,
      235, 256, 232, -1,
      232, 256, 258, -1,
      232, 258, 230, -1,
      230, 258, 260, -1,
      230, 260, 263, -1,
      229, 226, 231, -1,
      231, 226, 227, -1,
      231, 227, 270, -1,
      270, 268, 231, -1,
      231, 268, 266, -1,
      231, 266, 264, -1,
      15, 12, 247, -1,
      247, 12, 244, -1,
      247, 244, 249, -1,
      249, 244, 242, -1,
      249, 242, 251, -1,
      251, 242, 240, -1,
      251, 240, 253, -1,
      253, 240, 238, -1,
      253, 238, 255, -1,
      255, 238, 236, -1,
      255, 236, 257, -1,
      257, 236, 234, -1,
      257, 234, 259, -1,
      259, 234, 233, -1,
      259, 233, 261, -1,
      261, 233, 231, -1,
      261, 231, 262, -1,
      262, 231, 264, -1,
      272, 273, 274, -1,
      274, 273, 275, -1,
      276, 272, 277, -1,
      277, 272, 274, -1,
      278, 276, 279, -1,
      279, 276, 277, -1,
      280, 278, 281, -1,
      281, 278, 279, -1,
      280, 281, 282, -1,
      280, 282, 283, -1,
      283, 282, 284, -1,
      283, 284, 285, -1,
      285, 284, 286, -1,
      285, 286, 287, -1,
      287, 286, 288, -1,
      287, 288, 289, -1,
      289, 288, 290, -1,
      289, 290, 291, -1,
      291, 290, 292, -1,
      291, 292, 293, -1,
      8, 293, 9, -1,
      9, 293, 292, -1,
      294, 11, 295, -1,
      295, 11, 10, -1,
      294, 295, 296, -1,
      296, 295, 297, -1,
      296, 297, 298, -1,
      298, 297, 299, -1,
      298, 299, 300, -1,
      300, 299, 301, -1,
      300, 301, 302, -1,
      302, 301, 303, -1,
      302, 303, 304, -1,
      304, 303, 305, -1,
      304, 305, 306, -1,
      306, 305, 307, -1,
      308, 306, 309, -1,
      309, 306, 307, -1,
      308, 309, 310, -1,
      308, 310, 311, -1,
      311, 310, 312, -1,
      311, 312, 313, -1,
      313, 312, 314, -1,
      313, 314, 315, -1,
      315, 314, 316, -1,
      315, 316, 317, -1,
      317, 316, 318, -1,
      317, 318, 319, -1,
      319, 318, 275, -1,
      319, 275, 273, -1,
      272, 276, 273, -1,
      273, 276, 278, -1,
      273, 278, 319, -1,
      319, 278, 317, -1,
      311, 313, 278, -1,
      278, 313, 315, -1,
      278, 315, 317, -1,
      8, 11, 293, -1,
      293, 11, 294, -1,
      293, 294, 291, -1,
      291, 294, 296, -1,
      291, 296, 289, -1,
      289, 296, 298, -1,
      289, 298, 287, -1,
      287, 298, 300, -1,
      287, 300, 285, -1,
      285, 300, 302, -1,
      285, 302, 283, -1,
      283, 302, 304, -1,
      283, 304, 280, -1,
      280, 304, 306, -1,
      280, 306, 278, -1,
      278, 306, 308, -1,
      278, 308, 311, -1,
      277, 274, 279, -1,
      279, 274, 275, -1,
      279, 275, 318, -1,
      318, 316, 279, -1,
      279, 316, 314, -1,
      279, 314, 312, -1,
      10, 9, 295, -1,
      295, 9, 292, -1,
      295, 292, 297, -1,
      297, 292, 290, -1,
      297, 290, 299, -1,
      299, 290, 288, -1,
      299, 288, 301, -1,
      301, 288, 286, -1,
      301, 286, 303, -1,
      303, 286, 284, -1,
      303, 284, 305, -1,
      305, 284, 282, -1,
      305, 282, 307, -1,
      307, 282, 281, -1,
      307, 281, 309, -1,
      309, 281, 279, -1,
      309, 279, 310, -1,
      310, 279, 312, -1,
      320, 321, 322, -1,
      322, 321, 323, -1,
      324, 320, 325, -1,
      325, 320, 322, -1,
      326, 324, 327, -1,
      327, 324, 325, -1,
      328, 326, 329, -1,
      329, 326, 327, -1,
      328, 329, 330, -1,
      328, 330, 331, -1,
      331, 330, 332, -1,
      331, 332, 333, -1,
      333, 332, 334, -1,
      333, 334, 335, -1,
      335, 334, 336, -1,
      335, 336, 337, -1,
      337, 336, 338, -1,
      337, 338, 339, -1,
      339, 338, 340, -1,
      339, 340, 341, -1,
      7, 341, 6, -1,
      6, 341, 340, -1,
      342, 4, 343, -1,
      343, 4, 5, -1,
      342, 343, 344, -1,
      344, 343, 345, -1,
      344, 345, 346, -1,
      346, 345, 347, -1,
      346, 347, 348, -1,
      348, 347, 349, -1,
      348, 349, 350, -1,
      350, 349, 351, -1,
      350, 351, 352, -1,
      352, 351, 353, -1,
      352, 353, 354, -1,
      354, 353, 355, -1,
      356, 354, 357, -1,
      357, 354, 355, -1,
      356, 357, 358, -1,
      356, 358, 359, -1,
      359, 358, 360, -1,
      359, 360, 361, -1,
      361, 360, 362, -1,
      361, 362, 363, -1,
      363, 362, 364, -1,
      363, 364, 365, -1,
      365, 364, 366, -1,
      365, 366, 367, -1,
      367, 366, 323, -1,
      367, 323, 321, -1,
      320, 324, 321, -1,
      321, 324, 326, -1,
      321, 326, 367, -1,
      367, 326, 365, -1,
      359, 361, 326, -1,
      326, 361, 363, -1,
      326, 363, 365, -1,
      7, 4, 341, -1,
      341, 4, 342, -1,
      341, 342, 339, -1,
      339, 342, 344, -1,
      339, 344, 337, -1,
      337, 344, 346, -1,
      337, 346, 335, -1,
      335, 346, 348, -1,
      335, 348, 333, -1,
      333, 348, 350, -1,
      333, 350, 331, -1,
      331, 350, 352, -1,
      331, 352, 328, -1,
      328, 352, 354, -1,
      328, 354, 326, -1,
      326, 354, 356, -1,
      326, 356, 359, -1,
      325, 322, 327, -1,
      327, 322, 323, -1,
      327, 323, 366, -1,
      366, 364, 327, -1,
      327, 364, 362, -1,
      327, 362, 360, -1,
      5, 6, 343, -1,
      343, 6, 340, -1,
      343, 340, 345, -1,
      345, 340, 338, -1,
      345, 338, 347, -1,
      347, 338, 336, -1,
      347, 336, 349, -1,
      349, 336, 334, -1,
      349, 334, 351, -1,
      351, 334, 332, -1,
      351, 332, 353, -1,
      353, 332, 330, -1,
      353, 330, 355, -1,
      355, 330, 329, -1,
      355, 329, 357, -1,
      357, 329, 327, -1,
      357, 327, 358, -1,
      358, 327, 360, -1,
      368, 369, 370, -1,
      370, 369, 371, -1,
      372, 368, 373, -1,
      373, 368, 370, -1,
      374, 372, 375, -1,
      375, 372, 373, -1,
      376, 374, 377, -1,
      377, 374, 375, -1,
      376, 377, 378, -1,
      376, 378, 379, -1,
      379, 378, 380, -1,
      379, 380, 381, -1,
      381, 380, 382, -1,
      381, 382, 383, -1,
      383, 382, 384, -1,
      383, 384, 385, -1,
      385, 384, 386, -1,
      385, 386, 387, -1,
      387, 386, 388, -1,
      387, 388, 389, -1,
      2, 389, 1, -1,
      1, 389, 388, -1,
      390, 3, 391, -1,
      391, 3, 0, -1,
      390, 391, 392, -1,
      392, 391, 393, -1,
      392, 393, 394, -1,
      394, 393, 395, -1,
      394, 395, 396, -1,
      396, 395, 397, -1,
      396, 397, 398, -1,
      398, 397, 399, -1,
      398, 399, 400, -1,
      400, 399, 401, -1,
      400, 401, 402, -1,
      402, 401, 403, -1,
      404, 402, 405, -1,
      405, 402, 403, -1,
      404, 405, 406, -1,
      404, 406, 407, -1,
      407, 406, 408, -1,
      407, 408, 409, -1,
      409, 408, 410, -1,
      409, 410, 411, -1,
      411, 410, 412, -1,
      411, 412, 413, -1,
      413, 412, 414, -1,
      413, 414, 415, -1,
      415, 414, 371, -1,
      415, 371, 369, -1,
      368, 372, 369, -1,
      369, 372, 374, -1,
      369, 374, 415, -1,
      415, 374, 413, -1,
      407, 409, 374, -1,
      374, 409, 411, -1,
      374, 411, 413, -1,
      2, 3, 389, -1,
      389, 3, 390, -1,
      389, 390, 387, -1,
      387, 390, 392, -1,
      387, 392, 385, -1,
      385, 392, 394, -1,
      385, 394, 383, -1,
      383, 394, 396, -1,
      383, 396, 381, -1,
      381, 396, 398, -1,
      381, 398, 379, -1,
      379, 398, 400, -1,
      379, 400, 376, -1,
      376, 400, 402, -1,
      376, 402, 374, -1,
      374, 402, 404, -1,
      374, 404, 407, -1,
      373, 370, 375, -1,
      375, 370, 371, -1,
      375, 371, 414, -1,
      414, 412, 375, -1,
      375, 412, 410, -1,
      375, 410, 408, -1,
      0, 1, 391, -1,
      391, 1, 388, -1,
      391, 388, 393, -1,
      393, 388, 386, -1,
      393, 386, 395, -1,
      395, 386, 384, -1,
      395, 384, 397, -1,
      397, 384, 382, -1,
      397, 382, 399, -1,
      399, 382, 380, -1,
      399, 380, 401, -1,
      401, 380, 378, -1,
      401, 378, 403, -1,
      403, 378, 377, -1,
      403, 377, 405, -1,
      405, 377, 375, -1,
      405, 375, 406, -1,
      406, 375, 408, -1,
    ]
  }
}

Shape {
  appearance Appearance {
    material Material {
      diffuseColor 0.5020 0.5020 0.5020
      specularColor 0.2510 0.2510 0.2510
      ambientIntensity 0.2
      transparency 0.0000
      shininess 0.5
    }
  }
  geometry IndexedFaceSet {
    ccw TRUE
    solid FALSE
    coord DEF co Coordinate {
      point [
        2.320958 2.654491 -0.325932,
        -2.139798 2.245808 -0.740157,
        -2.139798 1.131630 -0.740157,
        -2.139798 0.875288 -0.740157,
        1.293342 0.875288 -0.740157,
        1.293342 1.131630 -0.740157,
        1.293342 2.245808 -0.740157,
        0.860271 1.131630 -0.740157,
        0.860271 2.245808 -0.740157,
        0.458627 2.245808 -0.740157,
        0.511680 2.245808 -0.740157,
        0.427200 1.131630 -0.740157,
        0.427200 2.245808 -0.740157,
        -0.005871 1.131630 -0.740157,
        -0.005871 2.245808 -0.740157,
        -0.407515 2.245808 -0.740157,
        -0.332675 2.245808 -0.740157,
        -0.438942 1.131630 -0.740157,
        -0.438942 2.245808 -0.740157,
        -0.872013 2.245808 -0.740157,
        -0.872013 1.131630 -0.740157,
        -1.273657 2.245808 -0.740157,
        -1.305083 1.131630 -0.740157,
        -1.305083 2.245808 -0.740157,
        -1.738154 1.131630 -0.740157,
        -1.738154 2.245808 -0.740157,
        -2.072704 2.245808 -0.740157,
        0.991741 0.875288 -0.740157,
        0.991741 2.245808 -0.740157,
        0.891698 2.245808 -0.740157,
        0.891698 1.131630 -0.740157,
        0.891698 0.875288 -0.740157,
        0.458627 1.131630 -0.740157,
        0.458627 0.875288 -0.740157,
        0.860271 0.875288 -0.740157,
        0.511680 0.875288 -0.740157,
        0.163591 2.245808 -0.740157,
        0.025556 2.245808 -0.740157,
        0.025556 1.131630 -0.740157,
        0.025556 0.875288 -0.740157,
        0.427200 0.875288 -0.740157,
        0.163591 0.875288 -0.740157,
        -0.407515 1.131630 -0.740157,
        -0.407515 0.875288 -0.740157,
        -0.005871 0.875288 -0.740157,
        -0.332675 0.875288 -0.740157,
        -0.494177 2.245808 -0.740157,
        -0.840586 2.245808 -0.740157,
        -0.840586 1.131630 -0.740157,
        -0.840586 0.875288 -0.740157,
        -1.273657 1.131630 -0.740157,
        -1.273657 0.875288 -0.740157,
        -0.872013 0.875288 -0.740157,
        -0.438942 0.875288 -0.740157,
        -0.494177 0.875288 -0.740157,
        -1.706728 2.245808 -0.740157,
        -1.706728 1.131630 -0.740157,
        -1.706728 0.875288 -0.740157,
        -2.072704 0.875288 -0.740157,
        -1.738154 0.875288 -0.740157,
        -1.305083 0.875288 -0.740157,
        0.813947 -0.541822 -0.740157,
        0.511680 -0.541822 -0.740157,
        0.442913 -0.541822 -0.740157,
        0.163591 -0.541822 -0.740157,
        0.009843 -0.541822 -0.740157,
        -0.257835 -0.541822 -0.740157,
        -0.257835 0.257979 -0.740157,
        0.813947 0.257979 -0.740157,
        0.511680 0.257979 -0.740157,
        0.442913 0.257979 -0.740157,
        0.163591 0.257979 -0.740157,
        0.009843 0.257979 -0.740157,
        -0.875560 0.257979 -0.740157,
        -1.289370 0.257979 -0.740157,
        -1.722441 0.257979 -0.740157,
        -2.005609 0.257979 -0.740157,
        -2.005609 -0.541822 -0.740157,
        -1.722441 -0.541822 -0.740157,
        -1.289370 -0.541822 -0.740157,
        -0.875560 -0.541822 -0.740157,
        -1.738154 2.245808 -0.078740,
        -1.738154 1.584646 -0.078740,
        -1.706728 1.584646 -0.078740,
        -1.706728 2.245808 -0.078740,
        -1.305083 2.245808 -0.078740,
        -1.305083 1.584646 -0.078740,
        -1.273657 1.584646 -0.078740,
        -1.273657 2.245808 -0.078740,
        -0.872013 1.584646 -0.078740,
        -0.840586 1.584646 -0.078740,
        -0.872013 2.245808 -0.078740,
        -0.840586 2.245808 -0.078740,
        -2.139798 2.158491 -0.078740,
        -2.139798 2.245808 -0.078740,
        -0.438942 2.245808 -0.078740,
        -0.438942 1.584646 -0.078740,
        -0.407515 1.584646 -0.078740,
        -0.407515 2.245808 -0.078740,
        -0.005871 1.584646 -0.078740,
        0.025556 1.584646 -0.078740,
        -0.005871 2.245808 -0.078740,
        0.025556 2.245808 -0.078740,
        0.427200 2.245808 -0.078740,
        0.458627 2.245808 -0.078740,
        0.860271 2.245808 -0.078740,
        0.427200 1.584646 -0.078740,
        0.458627 1.584646 -0.078740,
        1.545276 3.041339 -0.078740,
        1.860236 3.041339 -0.078740,
        0.860271 1.584646 -0.078740,
        0.891698 1.584646 -0.078740,
        0.891698 2.245808 -0.078740,
        1.293342 1.584646 -0.078740,
        1.293342 2.245808 -0.078740,
        -1.706728 1.584646 -0.551181,
        -1.738154 1.584646 -0.551181,
        -2.139798 1.584646 -0.078740,
        -2.139798 1.584646 -0.551181,
        -1.273657 1.584646 -0.551181,
        -1.305083 1.584646 -0.551181,
        -0.840586 1.584646 -0.551181,
        -0.872013 1.584646 -0.551181,
        -0.407515 1.584646 -0.551181,
        -0.438942 1.584646 -0.551181,
        0.025556 1.584646 -0.551181,
        -0.005871 1.584646 -0.551181,
        0.458627 1.584646 -0.551181,
        0.427200 1.584646 -0.551181,
        0.891698 1.584646 -0.551181,
        0.860271 1.584646 -0.551181,
        -2.568898 -1.238189 -0.590551,
        -2.647638 -1.159449 -0.275591,
        -2.647638 -1.159449 -0.590551,
        -2.647638 -1.238189 -0.590551,
        -2.568898 -1.159449 -0.590551,
        -2.568898 -1.159449 -0.275591,
        -2.568898 -0.844488 -0.590551,
        -2.139798 1.715147 -0.590551,
        -2.139798 2.158491 -0.590551,
        -2.139798 1.715147 -0.078740,
        1.545276 3.139764 -0.590551,
        1.860236 3.139764 -0.590551,
        -2.647638 -0.844488 -0.590551,
        -2.647638 -0.923228 -0.590551,
        -2.647638 -0.923228 -0.275591,
        -2.005609 0.257979 -0.551181,
        -0.875560 0.257979 -0.551181,
        0.025556 0.875288 -0.551181,
        0.427200 0.875288 -0.551181,
        -0.407515 0.875288 -0.551181,
        -0.438942 0.875288 -0.551181,
        -0.840586 0.875288 -0.551181,
        -0.005871 0.875288 -0.551181,
        1.293342 1.584646 -0.551181,
        1.293342 0.875288 -0.551181,
        0.813947 0.257979 -0.551181,
        0.813947 -0.541822 -0.551181,
        -0.257835 -0.541822 -0.551181,
        -0.875560 -0.541822 -0.551181,
        -2.005609 -0.541822 -0.551181,
        -1.273657 0.875288 -0.551181,
        0.891698 0.875288 -0.551181,
        -1.305083 0.875288 -0.551181,
        -1.706728 0.875288 -0.551181,
        0.860271 0.875288 -0.551181,
        0.458627 0.875288 -0.551181,
        -0.257835 0.257979 -0.551181,
        -0.872013 0.875288 -0.551181,
        -2.139798 0.875288 -0.551181,
        -1.738154 0.875288 -0.551181,
        -2.568898 -0.923228 -0.275591,
        -2.568898 -0.923228 -0.590551,
        2.302188 2.654491 -0.350394,
        2.404474 2.654491 -0.527559,
        2.373905 2.654491 -0.523535,
        2.345419 2.654491 -0.511735,
        2.320958 2.654491 -0.492965,
        2.302188 2.654491 -0.468504,
        2.506761 2.654491 -0.468504,
        2.487991 2.654491 -0.492965,
        2.290389 2.654491 -0.440018,
        2.286364 2.654491 -0.409449,
        2.290389 2.654491 -0.378880,
        2.463530 2.654491 -0.511735,
        2.435044 2.654491 -0.523535,
        2.345419 2.654491 -0.307162,
        2.373905 2.654491 -0.295363,
        2.404474 2.654491 -0.291339,
        2.435044 2.654491 -0.295363,
        2.463530 2.654491 -0.307162,
        2.487991 2.654491 -0.325932,
        2.506761 2.654491 -0.350394,
        2.518560 2.654491 -0.378880,
        2.522585 2.654491 -0.409449,
        2.518560 2.654491 -0.440018,
        2.302188 1.268143 -0.468504,
        2.320958 1.268143 -0.492965,
        2.506761 1.268143 -0.350394,
        2.487991 1.268143 -0.325932,
        2.404474 1.268143 -0.291339,
        2.373905 1.268143 -0.295363,
        2.345419 1.268143 -0.307162,
        2.320958 1.268143 -0.325932,
        2.302188 1.268143 -0.350394,
        2.463530 1.268143 -0.307162,
        2.435044 1.268143 -0.295363,
        2.290389 1.268143 -0.378880,
        2.286364 1.268143 -0.409449,
        2.290389 1.268143 -0.440018,
        2.435044 1.268143 -0.523535,
        2.463530 1.268143 -0.511735,
        2.487991 1.268143 -0.492965,
        2.506761 1.268143 -0.468504,
        2.345419 1.268143 -0.511735,
        2.373905 1.268143 -0.523535,
        2.404474 1.268143 -0.527559,
        2.518560 1.268143 -0.440018,
        2.522585 1.268143 -0.409449,
        2.518560 1.268143 -0.378880,
        1.545276 3.041339 -0.590551,
        1.860236 3.041339 -0.590551,
      ]
    }
    coordIndex [
      221, 220, 142, -1,
      142, 220, 141, -1,
      108, 220, 109, -1,
      109, 220, 221, -1,
      188, 206, 189, -1,
      189, 206, 205, -1,
      189, 205, 190, -1,
      190, 205, 199, -1,
      190, 199, 191, -1,
      191, 199, 198, -1,
      191, 198, 192, -1,
      192, 198, 219, -1,
      192, 219, 193, -1,
      193, 219, 218, -1,
      193, 218, 194, -1,
      194, 218, 217, -1,
      194, 217, 195, -1,
      195, 217, 213, -1,
      195, 213, 179, -1,
      179, 213, 212, -1,
      179, 212, 180, -1,
      180, 212, 211, -1,
      180, 211, 184, -1,
      184, 211, 210, -1,
      184, 210, 185, -1,
      185, 210, 216, -1,
      185, 216, 174, -1,
      174, 216, 215, -1,
      174, 215, 175, -1,
      175, 215, 214, -1,
      175, 214, 176, -1,
      176, 214, 197, -1,
      176, 197, 177, -1,
      177, 197, 196, -1,
      177, 196, 178, -1,
      178, 196, 209, -1,
      178, 209, 181, -1,
      181, 209, 208, -1,
      181, 208, 182, -1,
      182, 208, 207, -1,
      182, 207, 183, -1,
      183, 207, 204, -1,
      183, 204, 173, -1,
      173, 204, 203, -1,
      173, 203, 0, -1,
      0, 203, 202, -1,
      0, 202, 186, -1,
      186, 202, 201, -1,
      186, 201, 187, -1,
      187, 201, 200, -1,
      187, 200, 188, -1,
      188, 200, 206, -1,
      3, 169, 58, -1,
      58, 169, 170, -1,
      58, 170, 59, -1,
      1, 94, 93, -1,
      93, 139, 1, -1,
      1, 139, 138, -1,
      1, 138, 2, -1,
      140, 117, 138, -1,
      138, 117, 118, -1,
      138, 118, 2, -1,
      2, 118, 169, -1,
      2, 169, 3, -1,
      116, 82, 81, -1,
      59, 170, 24, -1,
      24, 170, 116, -1,
      24, 116, 25, -1,
      25, 116, 81, -1,
      25, 81, 26, -1,
      26, 81, 94, -1,
      26, 94, 1, -1,
      31, 162, 27, -1,
      27, 162, 155, -1,
      27, 155, 4, -1,
      6, 114, 28, -1,
      28, 114, 112, -1,
      28, 112, 29, -1,
      112, 111, 29, -1,
      29, 111, 129, -1,
      29, 129, 30, -1,
      30, 129, 162, -1,
      30, 162, 31, -1,
      154, 113, 114, -1,
      4, 155, 5, -1,
      5, 155, 154, -1,
      5, 154, 6, -1,
      6, 154, 114, -1,
      33, 166, 35, -1,
      35, 166, 165, -1,
      35, 165, 34, -1,
      8, 105, 10, -1,
      10, 105, 104, -1,
      10, 104, 9, -1,
      104, 107, 9, -1,
      9, 107, 127, -1,
      9, 127, 32, -1,
      32, 127, 166, -1,
      32, 166, 33, -1,
      130, 110, 105, -1,
      34, 165, 7, -1,
      7, 165, 130, -1,
      7, 130, 8, -1,
      8, 130, 105, -1,
      149, 40, 148, -1,
      148, 40, 41, -1,
      148, 41, 39, -1,
      12, 103, 36, -1,
      36, 103, 102, -1,
      36, 102, 37, -1,
      102, 100, 37, -1,
      37, 100, 125, -1,
      37, 125, 38, -1,
      38, 125, 148, -1,
      38, 148, 39, -1,
      128, 106, 103, -1,
      40, 149, 11, -1,
      11, 149, 128, -1,
      11, 128, 12, -1,
      12, 128, 103, -1,
      43, 150, 45, -1,
      45, 150, 153, -1,
      45, 153, 44, -1,
      14, 101, 16, -1,
      16, 101, 98, -1,
      16, 98, 15, -1,
      98, 97, 15, -1,
      15, 97, 123, -1,
      15, 123, 42, -1,
      42, 123, 150, -1,
      42, 150, 43, -1,
      126, 99, 101, -1,
      44, 153, 13, -1,
      13, 153, 126, -1,
      13, 126, 14, -1,
      14, 126, 101, -1,
      49, 152, 54, -1,
      54, 152, 151, -1,
      54, 151, 53, -1,
      18, 95, 46, -1,
      46, 95, 92, -1,
      46, 92, 47, -1,
      92, 90, 47, -1,
      47, 90, 121, -1,
      47, 121, 48, -1,
      48, 121, 152, -1,
      48, 152, 49, -1,
      124, 96, 95, -1,
      53, 151, 17, -1,
      17, 151, 124, -1,
      17, 124, 18, -1,
      18, 124, 95, -1,
      51, 161, 52, -1,
      52, 161, 168, -1,
      21, 19, 88, -1,
      88, 19, 91, -1,
      88, 87, 21, -1,
      21, 87, 119, -1,
      21, 119, 50, -1,
      50, 119, 161, -1,
      50, 161, 51, -1,
      122, 89, 91, -1,
      52, 168, 20, -1,
      20, 168, 122, -1,
      20, 122, 19, -1,
      19, 122, 91, -1,
      57, 164, 60, -1,
      60, 164, 163, -1,
      55, 23, 84, -1,
      84, 23, 85, -1,
      84, 83, 55, -1,
      55, 83, 115, -1,
      55, 115, 56, -1,
      56, 115, 164, -1,
      56, 164, 57, -1,
      120, 86, 85, -1,
      60, 163, 22, -1,
      22, 163, 120, -1,
      22, 120, 23, -1,
      23, 120, 85, -1,
      80, 159, 73, -1,
      73, 159, 147, -1,
      146, 76, 75, -1,
      146, 75, 147, -1,
      147, 75, 74, -1,
      147, 74, 73, -1,
      76, 146, 77, -1,
      77, 146, 160, -1,
      159, 80, 79, -1,
      159, 79, 160, -1,
      160, 79, 78, -1,
      160, 78, 77, -1,
      61, 157, 68, -1,
      68, 157, 156, -1,
      69, 68, 156, -1,
      67, 72, 167, -1,
      167, 72, 71, -1,
      167, 71, 156, -1,
      156, 71, 70, -1,
      156, 70, 69, -1,
      67, 167, 66, -1,
      66, 167, 158, -1,
      65, 66, 158, -1,
      61, 62, 157, -1,
      157, 62, 63, -1,
      157, 63, 158, -1,
      158, 63, 64, -1,
      158, 64, 65, -1,
      134, 133, 131, -1,
      131, 133, 135, -1,
      133, 132, 135, -1,
      135, 132, 136, -1,
      145, 144, 171, -1,
      171, 144, 172, -1,
      144, 143, 172, -1,
      172, 143, 137, -1,
    ]
  }
}

Shape {
  appearance Appearance {
    material Material {
      diffuseColor 0.0000 0.0000 0.0000
      specularColor 0.0000 0.0000 0.0000
      ambientIntensity 0.2
      transparency 0.0000
      shininess 0.5
    }
  }
  geometry IndexedFaceSet {
    ccw TRUE
    solid FALSE
    coord DEF co Coordinate {
      point [
        0.202001 -1.580665 -0.740157,
        0.202001 -1.537454 -0.740157,
        0.259860 -1.204969 -0.740157,
        0.247519 -1.205820 -0.740157,
        0.202001 -1.218172 -0.740157,
        0.202001 -1.270985 -0.740157,
        0.246348 -1.251996 -0.740157,
        0.209057 -1.541362 -0.740157,
        0.294200 -1.245779 -0.740157,
        0.332967 -1.250133 -0.740157,
        0.358847 -1.600841 -0.740157,
        0.397006 -1.587706 -0.740157,
        0.362435 -1.260767 -0.740157,
        0.389685 -1.278997 -0.740157,
        0.413459 -1.305244 -0.740157,
        0.442063 -1.408421 -0.740157,
        0.438076 -1.451041 -0.740157,
        0.427380 -1.484905 -0.740157,
        0.339774 -1.558541 -0.740157,
        0.303052 -1.562660 -0.740157,
        0.368460 -1.547980 -0.740157,
        0.392622 -1.531695 -0.740157,
        0.411097 -1.512204 -0.740157,
        0.250792 -1.556860 -0.740157,
        0.429691 -1.335642 -0.740157,
        0.440185 -1.377789 -0.740157,
        0.243968 -1.597896 -0.740157,
        0.299564 -1.605687 -0.740157,
        0.310329 -1.605871 -0.740157,
        0.294650 -1.202568 -0.740157,
        0.324056 -1.204969 -0.740157,
        0.415478 -1.240072 -0.740157,
        0.378083 -1.218547 -0.740157,
        0.334193 -1.205796 -0.740157,
        0.428675 -1.567483 -0.740157,
        0.442913 -1.552493 -0.740157,
        0.458247 -1.536350 -0.740157,
        0.489213 -1.355674 -0.740157,
        0.474098 -1.311065 -0.740157,
        0.451022 -1.274256 -0.740157,
        0.442913 -1.266457 -0.740157,
        0.479220 -1.498915 -0.740157,
        0.491069 -1.457242 -0.740157,
        0.494876 -1.411646 -0.740157,
        -0.086072 -1.601070 -0.740157,
        -0.162892 -1.601070 -0.740157,
        -0.086072 -1.557859 -0.740157,
        -0.162892 -1.207369 -0.740157,
        -0.076470 -1.250580 -0.740157,
        -0.318658 -1.596818 -0.740157,
        -0.269944 -1.601070 -0.740157,
        -0.273996 -1.207369 -0.740157,
        -0.076470 -1.207369 -0.740157,
        0.072368 -1.250580 -0.740157,
        0.072368 -1.380213 -0.740157,
        0.009843 -1.250580 -0.740157,
        0.009843 -1.380213 -0.740157,
        -0.066868 -1.380213 -0.740157,
        -0.066868 -1.423425 -0.740157,
        0.009843 -1.557859 -0.740157,
        0.009843 -1.423425 -0.740157,
        0.072368 -1.557859 -0.740157,
        0.072368 -1.423425 -0.740157,
        0.009843 -1.601070 -0.740157,
        0.125181 -1.601070 -0.740157,
        0.125181 -1.207369 -0.740157,
        0.009843 -1.207369 -0.740157,
        -0.423228 -1.542080 -0.740157,
        -0.437537 -1.528380 -0.740157,
        -0.460114 -1.493165 -0.740157,
        -0.466338 -1.323433 -0.740157,
        -0.476912 -1.362223 -0.740157,
        -0.479773 -1.399269 -0.740157,
        -0.474249 -1.451957 -0.740157,
        -0.330874 -1.213449 -0.740157,
        -0.332675 -1.214081 -0.740157,
        -0.376938 -1.229624 -0.740157,
        -0.419789 -1.258342 -0.740157,
        -0.420201 -1.258704 -0.740157,
        -0.423228 -1.262060 -0.740157,
        -0.448041 -1.289574 -0.740157,
        -0.405131 -1.559407 -0.740157,
        -0.364023 -1.583296 -0.740157,
        -0.332675 -1.592640 -0.740157,
        -0.863872 -1.601070 -0.740157,
        -0.852229 -1.571235 -0.740157,
        -0.710232 -1.207369 -0.740157,
        -0.852229 -1.601070 -0.740157,
        -0.806257 -1.601070 -0.740157,
        -0.657419 -1.207369 -0.740157,
        -0.508581 -1.601070 -0.740157,
        -0.566195 -1.601070 -0.740157,
        -0.766422 -1.490642 -0.740157,
        -0.603780 -1.490642 -0.740157,
        0.677323 -1.207369 -0.740157,
        0.677323 -1.557859 -0.740157,
        0.528485 -1.557859 -0.740157,
        0.730136 -1.601070 -0.740157,
        0.730136 -1.207369 -0.740157,
        0.528485 -1.601070 -0.740157,
        -0.710232 -1.207369 -0.739764,
        -0.863872 -1.601070 -0.739764,
        -0.806257 -1.601070 -0.739764,
        -0.766422 -1.490642 -0.739764,
        -0.603780 -1.490642 -0.739764,
        -0.566195 -1.601070 -0.739764,
        -0.508581 -1.601070 -0.739764,
        -0.657419 -1.207369 -0.739764,
        -0.617059 -1.447431 -0.739764,
        -0.675798 -1.282989 -0.739764,
        -0.679587 -1.269334 -0.739764,
        -0.682100 -1.255381 -0.739764,
        -0.683376 -1.255381 -0.739764,
        -0.685944 -1.269292 -0.739764,
        -0.689452 -1.282989 -0.739764,
        -0.748717 -1.447431 -0.739764,
        -0.617059 -1.447431 -0.740157,
        -0.748717 -1.447431 -0.740157,
        -0.675798 -1.282989 -0.740157,
        -0.679587 -1.269334 -0.740157,
        -0.682100 -1.255381 -0.740157,
        -0.683376 -1.255381 -0.740157,
        -0.685944 -1.269292 -0.740157,
        -0.689452 -1.282989 -0.740157,
        -0.269944 -1.601070 -0.739764,
        -0.162892 -1.601070 -0.739764,
        -0.162892 -1.207369 -0.739764,
        -0.273996 -1.207369 -0.739764,
        -0.330874 -1.213449 -0.739764,
        -0.479773 -1.399269 -0.739764,
        -0.476912 -1.362223 -0.739764,
        -0.466338 -1.323433 -0.739764,
        -0.448041 -1.289574 -0.739764,
        -0.420201 -1.258704 -0.739764,
        -0.419789 -1.258342 -0.739764,
        -0.376938 -1.229624 -0.739764,
        -0.318658 -1.596818 -0.739764,
        -0.364023 -1.583296 -0.739764,
        -0.405131 -1.559407 -0.739764,
        -0.437537 -1.528380 -0.739764,
        -0.460114 -1.493165 -0.739764,
        -0.474249 -1.451957 -0.739764,
        -0.400747 -1.305789 -0.739764,
        -0.381624 -1.285484 -0.739764,
        -0.352866 -1.266906 -0.739764,
        -0.320369 -1.255534 -0.739764,
        -0.273770 -1.250580 -0.739764,
        -0.215706 -1.250580 -0.739764,
        -0.215706 -1.557859 -0.739764,
        -0.271595 -1.557859 -0.739764,
        -0.313131 -1.553993 -0.739764,
        -0.346261 -1.543652 -0.739764,
        -0.373111 -1.527708 -0.739764,
        -0.395193 -1.505897 -0.739764,
        -0.411798 -1.478753 -0.739764,
        -0.423345 -1.441745 -0.739764,
        -0.426960 -1.400394 -0.739764,
        -0.423615 -1.361211 -0.739764,
        -0.414424 -1.330071 -0.739764,
        -0.273770 -1.250580 -0.740157,
        -0.215706 -1.250580 -0.740157,
        -0.320369 -1.255534 -0.740157,
        -0.352866 -1.266906 -0.740157,
        -0.381624 -1.285484 -0.740157,
        -0.400747 -1.305789 -0.740157,
        -0.414424 -1.330071 -0.740157,
        -0.423615 -1.361211 -0.740157,
        -0.426960 -1.400394 -0.740157,
        -0.423345 -1.441745 -0.740157,
        -0.411798 -1.478753 -0.740157,
        -0.395193 -1.505897 -0.740157,
        -0.373111 -1.527708 -0.740157,
        -0.346261 -1.543652 -0.740157,
        -0.313131 -1.553993 -0.740157,
        -0.271595 -1.557859 -0.740157,
        -0.215706 -1.557859 -0.740157,
        -0.086072 -1.557859 -0.739764,
        -0.086072 -1.601070 -0.739764,
        0.125181 -1.601070 -0.739764,
        0.125181 -1.207369 -0.739764,
        -0.076470 -1.207369 -0.739764,
        -0.076470 -1.250580 -0.739764,
        0.072368 -1.250580 -0.739764,
        0.072368 -1.380213 -0.739764,
        -0.066868 -1.380213 -0.739764,
        -0.066868 -1.423425 -0.739764,
        0.072368 -1.423425 -0.739764,
        0.072368 -1.557859 -0.739764,
        0.202001 -1.537454 -0.739764,
        0.202001 -1.580665 -0.739764,
        0.310329 -1.605871 -0.739764,
        0.299564 -1.605687 -0.739764,
        0.243968 -1.597896 -0.739764,
        0.494876 -1.411646 -0.739764,
        0.491069 -1.457242 -0.739764,
        0.479220 -1.498915 -0.739764,
        0.458247 -1.536350 -0.739764,
        0.428675 -1.567483 -0.739764,
        0.397006 -1.587706 -0.739764,
        0.358847 -1.600841 -0.739764,
        0.334193 -1.205796 -0.739764,
        0.294650 -1.202568 -0.739764,
        0.378083 -1.218547 -0.739764,
        0.415478 -1.240072 -0.739764,
        0.451022 -1.274256 -0.739764,
        0.474098 -1.311065 -0.739764,
        0.489213 -1.355674 -0.739764,
        0.247519 -1.205820 -0.739764,
        0.202001 -1.218172 -0.739764,
        0.202001 -1.270985 -0.739764,
        0.294200 -1.245779 -0.739764,
        0.246348 -1.251996 -0.739764,
        0.442063 -1.408421 -0.739764,
        0.440185 -1.377789 -0.739764,
        0.429691 -1.335642 -0.739764,
        0.413459 -1.305244 -0.739764,
        0.389685 -1.278997 -0.739764,
        0.362435 -1.260767 -0.739764,
        0.332967 -1.250133 -0.739764,
        0.303052 -1.562660 -0.739764,
        0.339774 -1.558541 -0.739764,
        0.368460 -1.547980 -0.739764,
        0.392622 -1.531695 -0.739764,
        0.411097 -1.512204 -0.739764,
        0.427380 -1.484905 -0.739764,
        0.438076 -1.451041 -0.739764,
        0.209057 -1.541362 -0.739764,
        0.250792 -1.556860 -0.739764,
        0.528485 -1.557859 -0.739764,
        0.528485 -1.601070 -0.739764,
        0.730136 -1.601070 -0.739764,
        0.730136 -1.207369 -0.739764,
        0.677323 -1.207369 -0.739764,
        0.677323 -1.557859 -0.739764,
      ]
    }
    coordIndex [
      86, 100, 85, -1,
      85, 100, 101, -1,
      85, 101, 84, -1,
      84, 101, 87, -1,
      87, 101, 102, -1,
      87, 102, 88, -1,
      102, 103, 88, -1,
      88, 103, 92, -1,
      103, 104, 92, -1,
      92, 104, 93, -1,
      104, 105, 93, -1,
      93, 105, 91, -1,
      105, 106, 91, -1,
      91, 106, 90, -1,
      106, 107, 90, -1,
      90, 107, 89, -1,
      107, 100, 89, -1,
      89, 100, 86, -1,
      108, 109, 107, -1,
      106, 105, 104, -1,
      109, 110, 107, -1,
      107, 110, 111, -1,
      107, 111, 100, -1,
      100, 111, 112, -1,
      100, 112, 113, -1,
      113, 114, 100, -1,
      100, 114, 115, -1,
      100, 115, 101, -1,
      102, 101, 103, -1,
      103, 101, 115, -1,
      103, 115, 104, -1,
      104, 115, 108, -1,
      104, 108, 106, -1,
      106, 108, 107, -1,
      108, 115, 116, -1,
      116, 115, 117, -1,
      109, 108, 118, -1,
      118, 108, 116, -1,
      109, 118, 119, -1,
      109, 119, 110, -1,
      110, 119, 120, -1,
      110, 120, 111, -1,
      112, 111, 121, -1,
      121, 111, 120, -1,
      112, 121, 122, -1,
      112, 122, 113, -1,
      113, 122, 123, -1,
      113, 123, 114, -1,
      115, 114, 117, -1,
      117, 114, 123, -1,
      124, 125, 50, -1,
      50, 125, 45, -1,
      125, 126, 45, -1,
      45, 126, 47, -1,
      126, 127, 47, -1,
      47, 127, 51, -1,
      51, 127, 128, -1,
      129, 72, 71, -1,
      129, 71, 130, -1,
      130, 71, 70, -1,
      130, 70, 131, -1,
      131, 70, 80, -1,
      131, 80, 132, -1,
      132, 80, 79, -1,
      132, 79, 133, -1,
      79, 78, 133, -1,
      133, 78, 77, -1,
      133, 77, 134, -1,
      134, 77, 76, -1,
      134, 76, 135, -1,
      135, 76, 75, -1,
      135, 75, 128, -1,
      128, 75, 74, -1,
      128, 74, 51, -1,
      124, 50, 49, -1,
      124, 49, 136, -1,
      136, 49, 83, -1,
      136, 83, 137, -1,
      83, 82, 137, -1,
      137, 82, 81, -1,
      137, 81, 138, -1,
      138, 81, 67, -1,
      138, 67, 139, -1,
      67, 68, 139, -1,
      139, 68, 69, -1,
      139, 69, 140, -1,
      140, 69, 73, -1,
      140, 73, 141, -1,
      141, 73, 72, -1,
      141, 72, 129, -1,
      131, 132, 142, -1,
      142, 132, 133, -1,
      142, 133, 143, -1,
      143, 133, 134, -1,
      143, 134, 144, -1,
      144, 134, 135, -1,
      144, 135, 145, -1,
      145, 135, 128, -1,
      145, 128, 146, -1,
      146, 128, 127, -1,
      146, 127, 147, -1,
      147, 127, 126, -1,
      147, 126, 148, -1,
      148, 126, 125, -1,
      148, 125, 149, -1,
      149, 125, 124, -1,
      149, 124, 150, -1,
      150, 124, 136, -1,
      150, 136, 151, -1,
      151, 136, 137, -1,
      151, 137, 152, -1,
      152, 137, 138, -1,
      152, 138, 153, -1,
      153, 138, 139, -1,
      153, 139, 154, -1,
      154, 139, 140, -1,
      154, 140, 155, -1,
      155, 140, 141, -1,
      155, 141, 156, -1,
      156, 141, 129, -1,
      156, 129, 157, -1,
      157, 129, 130, -1,
      157, 130, 158, -1,
      158, 130, 131, -1,
      158, 131, 142, -1,
      146, 147, 159, -1,
      159, 147, 160, -1,
      146, 159, 161, -1,
      146, 161, 145, -1,
      145, 161, 162, -1,
      145, 162, 144, -1,
      144, 162, 163, -1,
      144, 163, 143, -1,
      143, 163, 164, -1,
      143, 164, 142, -1,
      142, 164, 165, -1,
      142, 165, 158, -1,
      158, 165, 166, -1,
      158, 166, 157, -1,
      157, 166, 167, -1,
      157, 167, 156, -1,
      156, 167, 168, -1,
      156, 168, 155, -1,
      155, 168, 169, -1,
      155, 169, 154, -1,
      154, 169, 170, -1,
      154, 170, 153, -1,
      153, 170, 171, -1,
      153, 171, 152, -1,
      152, 171, 172, -1,
      152, 172, 151, -1,
      151, 172, 173, -1,
      151, 173, 150, -1,
      150, 173, 174, -1,
      150, 174, 149, -1,
      148, 149, 175, -1,
      175, 149, 174, -1,
      147, 148, 160, -1,
      160, 148, 175, -1,
      176, 177, 46, -1,
      46, 177, 44, -1,
      44, 177, 63, -1,
      63, 177, 178, -1,
      63, 178, 64, -1,
      178, 179, 64, -1,
      64, 179, 65, -1,
      65, 179, 66, -1,
      66, 179, 180, -1,
      66, 180, 52, -1,
      180, 181, 52, -1,
      52, 181, 48, -1,
      48, 181, 55, -1,
      55, 181, 182, -1,
      55, 182, 53, -1,
      182, 183, 53, -1,
      53, 183, 54, -1,
      54, 183, 56, -1,
      56, 183, 184, -1,
      56, 184, 57, -1,
      184, 185, 57, -1,
      57, 185, 58, -1,
      58, 185, 60, -1,
      60, 185, 186, -1,
      60, 186, 62, -1,
      186, 187, 62, -1,
      62, 187, 61, -1,
      61, 187, 59, -1,
      59, 187, 176, -1,
      59, 176, 46, -1,
      178, 177, 176, -1,
      176, 187, 178, -1,
      178, 187, 186, -1,
      178, 186, 179, -1,
      181, 180, 182, -1,
      182, 180, 179, -1,
      182, 179, 183, -1,
      183, 179, 186, -1,
      183, 186, 184, -1,
      184, 186, 185, -1,
      188, 189, 1, -1,
      1, 189, 0, -1,
      190, 28, 27, -1,
      190, 27, 191, -1,
      191, 27, 26, -1,
      191, 26, 192, -1,
      192, 26, 0, -1,
      192, 0, 189, -1,
      193, 43, 42, -1,
      193, 42, 194, -1,
      194, 42, 41, -1,
      194, 41, 195, -1,
      195, 41, 36, -1,
      195, 36, 196, -1,
      196, 36, 35, -1,
      196, 35, 197, -1,
      35, 34, 197, -1,
      197, 34, 11, -1,
      197, 11, 198, -1,
      198, 11, 10, -1,
      198, 10, 199, -1,
      199, 10, 28, -1,
      199, 28, 190, -1,
      200, 201, 30, -1,
      30, 201, 29, -1,
      30, 33, 200, -1,
      200, 33, 32, -1,
      200, 32, 202, -1,
      202, 32, 31, -1,
      202, 31, 203, -1,
      203, 31, 40, -1,
      203, 40, 204, -1,
      40, 39, 204, -1,
      204, 39, 38, -1,
      204, 38, 205, -1,
      205, 38, 37, -1,
      205, 37, 206, -1,
      206, 37, 43, -1,
      206, 43, 193, -1,
      29, 201, 2, -1,
      2, 201, 207, -1,
      2, 207, 3, -1,
      3, 207, 208, -1,
      3, 208, 4, -1,
      208, 209, 4, -1,
      4, 209, 5, -1,
      210, 8, 6, -1,
      210, 6, 211, -1,
      211, 6, 5, -1,
      211, 5, 209, -1,
      212, 15, 25, -1,
      212, 25, 213, -1,
      213, 25, 24, -1,
      213, 24, 214, -1,
      214, 24, 14, -1,
      214, 14, 215, -1,
      215, 14, 13, -1,
      215, 13, 216, -1,
      216, 13, 12, -1,
      216, 12, 217, -1,
      217, 12, 9, -1,
      217, 9, 218, -1,
      218, 9, 8, -1,
      218, 8, 210, -1,
      219, 19, 18, -1,
      219, 18, 220, -1,
      220, 18, 20, -1,
      220, 20, 221, -1,
      221, 20, 21, -1,
      221, 21, 222, -1,
      222, 21, 22, -1,
      222, 22, 223, -1,
      223, 22, 17, -1,
      223, 17, 224, -1,
      224, 17, 16, -1,
      224, 16, 225, -1,
      225, 16, 15, -1,
      225, 15, 212, -1,
      188, 1, 7, -1,
      188, 7, 226, -1,
      226, 7, 23, -1,
      226, 23, 227, -1,
      227, 23, 19, -1,
      227, 19, 219, -1,
      220, 190, 219, -1,
      219, 190, 191, -1,
      219, 191, 227, -1,
      227, 191, 192, -1,
      227, 192, 226, -1,
      226, 192, 189, -1,
      226, 189, 188, -1,
      209, 208, 211, -1,
      211, 208, 207, -1,
      211, 207, 210, -1,
      210, 207, 201, -1,
      210, 201, 218, -1,
      218, 201, 200, -1,
      218, 200, 217, -1,
      217, 200, 202, -1,
      217, 202, 216, -1,
      216, 202, 203, -1,
      216, 203, 215, -1,
      215, 203, 204, -1,
      215, 204, 214, -1,
      214, 204, 205, -1,
      214, 205, 213, -1,
      213, 205, 206, -1,
      213, 206, 212, -1,
      212, 206, 193, -1,
      212, 193, 225, -1,
      225, 193, 194, -1,
      225, 194, 224, -1,
      224, 194, 195, -1,
      224, 195, 223, -1,
      223, 195, 196, -1,
      223, 196, 222, -1,
      222, 196, 197, -1,
      222, 197, 221, -1,
      221, 197, 198, -1,
      221, 198, 220, -1,
      220, 198, 199, -1,
      220, 199, 190, -1,
      228, 229, 96, -1,
      96, 229, 99, -1,
      229, 230, 99, -1,
      99, 230, 97, -1,
      230, 231, 97, -1,
      97, 231, 98, -1,
      231, 232, 98, -1,
      98, 232, 94, -1,
      232, 233, 94, -1,
      94, 233, 95, -1,
      233, 228, 95, -1,
      95, 228, 96, -1,
      232, 231, 233, -1,
      233, 231, 230, -1,
      233, 230, 228, -1,
      228, 230, 229, -1,
    ]
  }
}

Shape {
  appearance Appearance {
    material Material {
      diffuseColor 0.5020 0.5020 0.5020
      specularColor 0.2510 0.2510 0.2510
      ambientIntensity 0.2
      transparency 0.0000
      shininess 0.5
    }
  }
  geometry IndexedFaceSet {
    ccw TRUE
    solid FALSE
    coord DEF co Coordinate {
      point [
        -0.617059 -1.447431 -0.740157,
        -0.748717 -1.447431 -0.740157,
        -0.675798 -1.282989 -0.740157,
        -0.679587 -1.269334 -0.740157,
        -0.682100 -1.255381 -0.740157,
        -0.683376 -1.255381 -0.740157,
        -0.685944 -1.269292 -0.740157,
        -0.689452 -1.282989 -0.740157,
        -0.273770 -1.250580 -0.740157,
        -0.215706 -1.250580 -0.740157,
        -0.320369 -1.255534 -0.740157,
        -0.352866 -1.266906 -0.740157,
        -0.381624 -1.285484 -0.740157,
        -0.400747 -1.305789 -0.740157,
        -0.414424 -1.330071 -0.740157,
        -0.423615 -1.361211 -0.740157,
        -0.426960 -1.400394 -0.740157,
        -0.423345 -1.441745 -0.740157,
        -0.411798 -1.478753 -0.740157,
        -0.395193 -1.505897 -0.740157,
        -0.373111 -1.527708 -0.740157,
        -0.346261 -1.543652 -0.740157,
        -0.313131 -1.553993 -0.740157,
        -0.271595 -1.557859 -0.740157,
        -0.215706 -1.557859 -0.740157,
      ]
    }
    coordIndex [
      0, 1, 2, -1,
      2, 1, 7, -1,
      2, 7, 3, -1,
      3, 7, 6, -1,
      3, 6, 4, -1,
      4, 6, 5, -1,
      9, 24, 8, -1,
      8, 24, 23, -1,
      8, 23, 22, -1,
      16, 15, 8, -1,
      8, 15, 14, -1,
      8, 14, 10, -1,
      22, 21, 8, -1,
      8, 21, 20, -1,
      8, 20, 19, -1,
      19, 18, 8, -1,
      8, 18, 17, -1,
      8, 17, 16, -1,
      13, 12, 14, -1,
      14, 12, 11, -1,
      14, 11, 10, -1,
    ]
  }
}
