#VRML V2.0 utf8

Shape {
  appearance Appearance {
    material Material {
      diffuseColor 0.8314 0.6706 0.1294
      specularColor 0.6667 0.5373 0.1020
      ambientIntensity 0.2
      transparency 0.0000
      shininess 0.5
    }
  }
  geometry IndexedFaceSet {
    ccw TRUE
    solid FALSE
    coord DEF co Coordinate {
      point [
        -2.293307 -1.988189 0.161417,
        -2.293307 -1.988189 0.078740,
        -2.234252 -1.988189 0.161417,
        -2.234252 -1.988189 0.078740,
        -2.293307 -0.137795 0.161417,
        -2.234252 -0.137795 0.161417,
        -2.293307 -0.137795 0.039370,
        -2.234252 -0.137795 0.039370,
        -2.293307 0.059055 0.039370,
        -2.234252 0.059055 0.039370,
        -2.293307 0.059055 -0.000000,
        -2.234252 0.059055 -0.000000,
        -2.293307 -0.216535 0.000000,
        -2.234252 -0.216535 0.000000,
        -2.293307 -0.216535 0.078740,
        -2.234252 -0.216535 0.078740,
        -2.096457 -1.988189 0.161417,
        -2.096457 -1.988189 0.078740,
        -2.037402 -1.988189 0.161417,
        -2.037402 -1.988189 0.078740,
        -2.096457 -0.137795 0.161417,
        -2.037402 -0.137795 0.161417,
        -2.096457 -0.137795 0.039370,
        -2.037402 -0.137795 0.039370,
        -2.096457 0.059055 0.039370,
        -2.037402 0.059055 0.039370,
        -2.096457 0.059055 -0.000000,
        -2.037402 0.059055 -0.000000,
        -2.096457 -0.216535 0.000000,
        -2.037402 -0.216535 0.000000,
        -2.096457 -0.216535 0.078740,
        -2.037402 -0.216535 0.078740,
        -1.899606 -1.988189 0.161417,
        -1.899606 -1.988189 0.078740,
        -1.840551 -1.988189 0.161417,
        -1.840551 -1.988189 0.078740,
        -1.899606 -0.137795 0.161417,
        -1.840551 -0.137795 0.161417,
        -1.899606 -0.137795 0.039370,
        -1.840551 -0.137795 0.039370,
        -1.899606 0.059055 0.039370,
        -1.840551 0.059055 0.039370,
        -1.899606 0.059055 -0.000000,
        -1.840551 0.059055 -0.000000,
        -1.899606 -0.216535 0.000000,
        -1.840551 -0.216535 0.000000,
        -1.899606 -0.216535 0.078740,
        -1.840551 -0.216535 0.078740,
        -1.702756 -1.988189 0.161417,
        -1.702756 -1.988189 0.078740,
        -1.643701 -1.988189 0.161417,
        -1.643701 -1.988189 0.078740,
        -1.702756 -0.137795 0.161417,
        -1.643701 -0.137795 0.161417,
        -1.702756 -0.137795 0.039370,
        -1.643701 -0.137795 0.039370,
        -1.702756 0.059055 0.039370,
        -1.643701 0.059055 0.039370,
        -1.702756 0.059055 -0.000000,
        -1.643701 0.059055 -0.000000,
        -1.702756 -0.216535 0.000000,
        -1.643701 -0.216535 0.000000,
        -1.702756 -0.216535 0.078740,
        -1.643701 -0.216535 0.078740,
        -1.505906 -1.988189 0.161417,
        -1.505906 -1.988189 0.078740,
        -1.446850 -1.988189 0.161417,
        -1.446850 -1.988189 0.078740,
        -1.505906 -0.137795 0.161417,
        -1.446850 -0.137795 0.161417,
        -1.505906 -0.137795 0.039370,
        -1.446850 -0.137795 0.039370,
        -1.505906 0.059055 0.039370,
        -1.446850 0.059055 0.039370,
        -1.505906 0.059055 -0.000000,
        -1.446850 0.059055 -0.000000,
        -1.505906 -0.216535 0.000000,
        -1.446850 -0.216535 0.000000,
        -1.505906 -0.216535 0.078740,
        -1.446850 -0.216535 0.078740,
        -1.309055 -1.988189 0.161417,
        -1.309055 -1.988189 0.078740,
        -1.250000 -1.988189 0.161417,
        -1.250000 -1.988189 0.078740,
        -1.309055 -0.137795 0.161417,
        -1.250000 -0.137795 0.161417,
        -1.309055 -0.137795 0.039370,
        -1.250000 -0.137795 0.039370,
        -1.309055 0.059055 0.039370,
        -1.250000 0.059055 0.039370,
        -1.309055 0.059055 -0.000000,
        -1.250000 0.059055 -0.000000,
        -1.309055 -0.216535 0.000000,
        -1.250000 -0.216535 0.000000,
        -1.309055 -0.216535 0.078740,
        -1.250000 -0.216535 0.078740,
        -1.112205 -1.988189 0.161417,
        -1.112205 -1.988189 0.078740,
        -1.053150 -1.988189 0.161417,
        -1.053150 -1.988189 0.078740,
        -1.112205 -0.137795 0.161417,
        -1.053150 -0.137795 0.161417,
        -1.112205 -0.137795 0.039370,
        -1.053150 -0.137795 0.039370,
        -1.112205 0.059055 0.039370,
        -1.053150 0.059055 0.039370,
        -1.112205 0.059055 -0.000000,
        -1.053150 0.059055 -0.000000,
        -1.112205 -0.216535 0.000000,
        -1.053150 -0.216535 0.000000,
        -1.112205 -0.216535 0.078740,
        -1.053150 -0.216535 0.078740,
        -0.915354 -1.988189 0.161417,
        -0.915354 -1.988189 0.078740,
        -0.856299 -1.988189 0.161417,
        -0.856299 -1.988189 0.078740,
        -0.915354 -0.137795 0.161417,
        -0.856299 -0.137795 0.161417,
        -0.915354 -0.137795 0.039370,
        -0.856299 -0.137795 0.039370,
        -0.915354 0.059055 0.039370,
        -0.856299 0.059055 0.039370,
        -0.915354 0.059055 -0.000000,
        -0.856299 0.059055 -0.000000,
        -0.915354 -0.216535 0.000000,
        -0.856299 -0.216535 0.000000,
        -0.915354 -0.216535 0.078740,
        -0.856299 -0.216535 0.078740,
        -0.718504 -1.988189 0.161417,
        -0.718504 -1.988189 0.078740,
        -0.659449 -1.988189 0.161417,
        -0.659449 -1.988189 0.078740,
        -0.718504 -0.137795 0.161417,
        -0.659449 -0.137795 0.161417,
        -0.718504 -0.137795 0.039370,
        -0.659449 -0.137795 0.039370,
        -0.718504 0.059055 0.039370,
        -0.659449 0.059055 0.039370,
        -0.718504 0.059055 -0.000000,
        -0.659449 0.059055 -0.000000,
        -0.718504 -0.216535 0.000000,
        -0.659449 -0.216535 0.000000,
        -0.718504 -0.216535 0.078740,
        -0.659449 -0.216535 0.078740,
        -0.521654 -1.988189 0.161417,
        -0.521654 -1.988189 0.078740,
        -0.462598 -1.988189 0.161417,
        -0.462598 -1.988189 0.078740,
        -0.521654 -0.137795 0.161417,
        -0.462598 -0.137795 0.161417,
        -0.521654 -0.137795 0.039370,
        -0.462598 -0.137795 0.039370,
        -0.521654 0.059055 0.039370,
        -0.462598 0.059055 0.039370,
        -0.521654 0.059055 -0.000000,
        -0.462598 0.059055 -0.000000,
        -0.521654 -0.216535 0.000000,
        -0.462598 -0.216535 0.000000,
        -0.521654 -0.216535 0.078740,
        -0.462598 -0.216535 0.078740,
        -0.324803 -1.988189 0.161417,
        -0.324803 -1.988189 0.078740,
        -0.265748 -1.988189 0.161417,
        -0.265748 -1.988189 0.078740,
        -0.324803 -0.137795 0.161417,
        -0.265748 -0.137795 0.161417,
        -0.324803 -0.137795 0.039370,
        -0.265748 -0.137795 0.039370,
        -0.324803 0.059055 0.039370,
        -0.265748 0.059055 0.039370,
        -0.324803 0.059055 -0.000000,
        -0.265748 0.059055 -0.000000,
        -0.324803 -0.216535 0.000000,
        -0.265748 -0.216535 0.000000,
        -0.324803 -0.216535 0.078740,
        -0.265748 -0.216535 0.078740,
        -0.127953 -1.988189 0.161417,
        -0.127953 -1.988189 0.078740,
        -0.068898 -1.988189 0.161417,
        -0.068898 -1.988189 0.078740,
        -0.127953 -0.137795 0.161417,
        -0.068898 -0.137795 0.161417,
        -0.127953 -0.137795 0.039370,
        -0.068898 -0.137795 0.039370,
        -0.127953 0.059055 0.039370,
        -0.068898 0.059055 0.039370,
        -0.127953 0.059055 -0.000000,
        -0.068898 0.059055 -0.000000,
        -0.127953 -0.216535 0.000000,
        -0.068898 -0.216535 0.000000,
        -0.127953 -0.216535 0.078740,
        -0.068898 -0.216535 0.078740,
        0.068898 -1.988189 0.161417,
        0.068898 -1.988189 0.078740,
        0.127953 -1.988189 0.161417,
        0.127953 -1.988189 0.078740,
        0.068898 -0.137795 0.161417,
        0.127953 -0.137795 0.161417,
        0.068898 -0.137795 0.039370,
        0.127953 -0.137795 0.039370,
        0.068898 0.059055 0.039370,
        0.127953 0.059055 0.039370,
        0.068898 0.059055 -0.000000,
        0.127953 0.059055 -0.000000,
        0.068898 -0.216535 0.000000,
        0.127953 -0.216535 0.000000,
        0.068898 -0.216535 0.078740,
        0.127953 -0.216535 0.078740,
        0.265748 -1.988189 0.161417,
        0.265748 -1.988189 0.078740,
        0.324803 -1.988189 0.161417,
        0.324803 -1.988189 0.078740,
        0.265748 -0.137795 0.161417,
        0.324803 -0.137795 0.161417,
        0.265748 -0.137795 0.039370,
        0.324803 -0.137795 0.039370,
        0.265748 0.059055 0.039370,
        0.324803 0.059055 0.039370,
        0.265748 0.059055 -0.000000,
        0.324803 0.059055 -0.000000,
        0.265748 -0.216535 0.000000,
        0.324803 -0.216535 0.000000,
        0.265748 -0.216535 0.078740,
        0.324803 -0.216535 0.078740,
        0.462598 -1.988189 0.161417,
        0.462598 -1.988189 0.078740,
        0.521654 -1.988189 0.161417,
        0.521654 -1.988189 0.078740,
        0.462598 -0.137795 0.161417,
        0.521654 -0.137795 0.161417,
        0.462598 -0.137795 0.039370,
        0.521654 -0.137795 0.039370,
        0.462598 0.059055 0.039370,
        0.521654 0.059055 0.039370,
        0.462598 0.059055 -0.000000,
        0.521654 0.059055 -0.000000,
        0.462598 -0.216535 0.000000,
        0.521654 -0.216535 0.000000,
        0.462598 -0.216535 0.078740,
        0.521654 -0.216535 0.078740,
        0.659449 -1.988189 0.161417,
        0.659449 -1.988189 0.078740,
        0.718504 -1.988189 0.161417,
        0.718504 -1.988189 0.078740,
        0.659449 -0.137795 0.161417,
        0.718504 -0.137795 0.161417,
        0.659449 -0.137795 0.039370,
        0.718504 -0.137795 0.039370,
        0.659449 0.059055 0.039370,
        0.718504 0.059055 0.039370,
        0.659449 0.059055 -0.000000,
        0.718504 0.059055 -0.000000,
        0.659449 -0.216535 0.000000,
        0.718504 -0.216535 0.000000,
        0.659449 -0.216535 0.078740,
        0.718504 -0.216535 0.078740,
        0.856299 -1.988189 0.161417,
        0.856299 -1.988189 0.078740,
        0.915354 -1.988189 0.161417,
        0.915354 -1.988189 0.078740,
        0.856299 -0.137795 0.161417,
        0.915354 -0.137795 0.161417,
        0.856299 -0.137795 0.039370,
        0.915354 -0.137795 0.039370,
        0.856299 0.059055 0.039370,
        0.915354 0.059055 0.039370,
        0.856299 0.059055 -0.000000,
        0.915354 0.059055 -0.000000,
        0.856299 -0.216535 0.000000,
        0.915354 -0.216535 0.000000,
        0.856299 -0.216535 0.078740,
        0.915354 -0.216535 0.078740,
        1.053150 -1.988189 0.161417,
        1.053150 -1.988189 0.078740,
        1.112205 -1.988189 0.161417,
        1.112205 -1.988189 0.078740,
        1.053150 -0.137795 0.161417,
        1.112205 -0.137795 0.161417,
        1.053150 -0.137795 0.039370,
        1.112205 -0.137795 0.039370,
        1.053150 0.059055 0.039370,
        1.112205 0.059055 0.039370,
        1.053150 0.059055 -0.000000,
        1.112205 0.059055 -0.000000,
        1.053150 -0.216535 0.000000,
        1.112205 -0.216535 0.000000,
        1.053150 -0.216535 0.078740,
        1.112205 -0.216535 0.078740,
        1.250000 -1.988189 0.161417,
        1.250000 -1.988189 0.078740,
        1.309055 -1.988189 0.161417,
        1.309055 -1.988189 0.078740,
        1.250000 -0.137795 0.161417,
        1.309055 -0.137795 0.161417,
        1.250000 -0.137795 0.039370,
        1.309055 -0.137795 0.039370,
        1.250000 0.059055 0.039370,
        1.309055 0.059055 0.039370,
        1.250000 0.059055 -0.000000,
        1.309055 0.059055 -0.000000,
        1.250000 -0.216535 0.000000,
        1.309055 -0.216535 0.000000,
        1.250000 -0.216535 0.078740,
        1.309055 -0.216535 0.078740,
        1.446850 -1.988189 0.161417,
        1.446850 -1.988189 0.078740,
        1.505906 -1.988189 0.161417,
        1.505906 -1.988189 0.078740,
        1.446850 -0.137795 0.161417,
        1.505906 -0.137795 0.161417,
        1.446850 -0.137795 0.039370,
        1.505906 -0.137795 0.039370,
        1.446850 0.059055 0.039370,
        1.505906 0.059055 0.039370,
        1.446850 0.059055 -0.000000,
        1.505906 0.059055 -0.000000,
        1.446850 -0.216535 0.000000,
        1.505906 -0.216535 0.000000,
        1.446850 -0.216535 0.078740,
        1.505906 -0.216535 0.078740,
        1.643701 -1.988189 0.161417,
        1.643701 -1.988189 0.078740,
        1.702756 -1.988189 0.161417,
        1.702756 -1.988189 0.078740,
        1.643701 -0.137795 0.161417,
        1.702756 -0.137795 0.161417,
        1.643701 -0.137795 0.039370,
        1.702756 -0.137795 0.039370,
        1.643701 0.059055 0.039370,
        1.702756 0.059055 0.039370,
        1.643701 0.059055 -0.000000,
        1.702756 0.059055 -0.000000,
        1.643701 -0.216535 0.000000,
        1.702756 -0.216535 0.000000,
        1.643701 -0.216535 0.078740,
        1.702756 -0.216535 0.078740,
        1.840551 -1.988189 0.161417,
        1.840551 -1.988189 0.078740,
        1.899606 -1.988189 0.161417,
        1.899606 -1.988189 0.078740,
        1.840551 -0.137795 0.161417,
        1.899606 -0.137795 0.161417,
        1.840551 -0.137795 0.039370,
        1.899606 -0.137795 0.039370,
        1.840551 0.059055 0.039370,
        1.899606 0.059055 0.039370,
        1.840551 0.059055 -0.000000,
        1.899606 0.059055 -0.000000,
        1.840551 -0.216535 0.000000,
        1.899606 -0.216535 0.000000,
        1.840551 -0.216535 0.078740,
        1.899606 -0.216535 0.078740,
        2.037402 -1.988189 0.161417,
        2.037402 -1.988189 0.078740,
        2.096457 -1.988189 0.161417,
        2.096457 -1.988189 0.078740,
        2.037402 -0.137795 0.161417,
        2.096457 -0.137795 0.161417,
        2.037402 -0.137795 0.039370,
        2.096457 -0.137795 0.039370,
        2.037402 0.059055 0.039370,
        2.096457 0.059055 0.039370,
        2.037402 0.059055 -0.000000,
        2.096457 0.059055 -0.000000,
        2.037402 -0.216535 0.000000,
        2.096457 -0.216535 0.000000,
        2.037402 -0.216535 0.078740,
        2.096457 -0.216535 0.078740,
        2.234252 -1.988189 0.161417,
        2.234252 -1.988189 0.078740,
        2.293307 -1.988189 0.161417,
        2.293307 -1.988189 0.078740,
        2.234252 -0.137795 0.161417,
        2.293307 -0.137795 0.161417,
        2.234252 -0.137795 0.039370,
        2.293307 -0.137795 0.039370,
        2.234252 0.059055 0.039370,
        2.293307 0.059055 0.039370,
        2.234252 0.059055 -0.000000,
        2.293307 0.059055 -0.000000,
        2.234252 -0.216535 0.000000,
        2.293307 -0.216535 0.000000,
        2.234252 -0.216535 0.078740,
        2.293307 -0.216535 0.078740,
        -2.293307 -1.887240 0.649606,
        -2.234252 -1.887240 0.649606,
        -2.234252 -1.895309 0.654817,
        -2.293307 -1.895309 0.654817,
        -2.234252 -1.901878 0.661826,
        -2.293307 -1.901878 0.661826,
        -2.234252 -1.906552 0.670218,
        -2.293307 -1.906552 0.670218,
        -2.234252 -1.909056 0.679492,
        -2.293307 -1.909056 0.679492,
        -2.234252 -1.909239 0.689096,
        -2.293307 -1.909239 0.689096,
        -2.234252 -1.907091 0.698458,
        -2.293307 -1.907091 0.698458,
        -2.234252 -1.902740 0.707022,
        -2.293307 -1.902740 0.707022,
        -2.234252 -1.896444 0.714277,
        -2.293307 -1.896444 0.714277,
        -2.234252 -1.888580 0.719792,
        -2.293307 -1.888580 0.719792,
        -2.234252 -1.879613 0.723237,
        -2.293307 -1.879613 0.723237,
        -2.234252 -1.870079 0.724409,
        -2.293307 -1.870079 0.724409,
        -2.293307 -0.295276 0.724409,
        -2.234252 -0.295276 0.724409,
        -2.293307 -0.295276 0.645669,
        -2.234252 -0.295276 0.645669,
        -2.293307 -1.751969 0.645669,
        -2.234252 -1.751969 0.645669,
        -2.293307 -1.779752 0.597547,
        -2.234252 -1.779752 0.597547,
        -2.096457 -1.887240 0.649606,
        -2.037402 -1.887240 0.649606,
        -2.037402 -1.895309 0.654817,
        -2.096457 -1.895309 0.654817,
        -2.037402 -1.901878 0.661826,
        -2.096457 -1.901878 0.661826,
        -2.037402 -1.906552 0.670218,
        -2.096457 -1.906552 0.670218,
        -2.037402 -1.909056 0.679492,
        -2.096457 -1.909056 0.679492,
        -2.037402 -1.909239 0.689096,
        -2.096457 -1.909239 0.689096,
        -2.037402 -1.907091 0.698458,
        -2.096457 -1.907091 0.698458,
        -2.037402 -1.902740 0.707022,
        -2.096457 -1.902740 0.707022,
        -2.037402 -1.896444 0.714277,
        -2.096457 -1.896444 0.714277,
        -2.037402 -1.888580 0.719792,
        -2.096457 -1.888580 0.719792,
        -2.037402 -1.879613 0.723237,
        -2.096457 -1.879613 0.723237,
        -2.037402 -1.870079 0.724409,
        -2.096457 -1.870079 0.724409,
        -2.096457 -0.295276 0.724409,
        -2.037402 -0.295276 0.724409,
        -2.096457 -0.295276 0.645669,
        -2.037402 -0.295276 0.645669,
        -2.096457 -1.751969 0.645669,
        -2.037402 -1.751969 0.645669,
        -2.096457 -1.779752 0.597547,
        -2.037402 -1.779752 0.597547,
        -1.899606 -1.887240 0.649606,
        -1.840551 -1.887240 0.649606,
        -1.840551 -1.895309 0.654817,
        -1.899606 -1.895309 0.654817,
        -1.840551 -1.901878 0.661826,
        -1.899606 -1.901878 0.661826,
        -1.840551 -1.906552 0.670218,
        -1.899606 -1.906552 0.670218,
        -1.840551 -1.909056 0.679492,
        -1.899606 -1.909056 0.679492,
        -1.840551 -1.909239 0.689096,
        -1.899606 -1.909239 0.689096,
        -1.840551 -1.907091 0.698458,
        -1.899606 -1.907091 0.698458,
        -1.840551 -1.902740 0.707022,
        -1.899606 -1.902740 0.707022,
        -1.840551 -1.896444 0.714277,
        -1.899606 -1.896444 0.714277,
        -1.840551 -1.888580 0.719792,
        -1.899606 -1.888580 0.719792,
        -1.840551 -1.879613 0.723237,
        -1.899606 -1.879613 0.723237,
        -1.840551 -1.870079 0.724409,
        -1.899606 -1.870079 0.724409,
        -1.899606 -0.295276 0.724409,
        -1.840551 -0.295276 0.724409,
        -1.899606 -0.295276 0.645669,
        -1.840551 -0.295276 0.645669,
        -1.899606 -1.751969 0.645669,
        -1.840551 -1.751969 0.645669,
        -1.899606 -1.779752 0.597547,
        -1.840551 -1.779752 0.597547,
        -1.702756 -1.887240 0.649606,
        -1.643701 -1.887240 0.649606,
        -1.643701 -1.895309 0.654817,
        -1.702756 -1.895309 0.654817,
        -1.643701 -1.901878 0.661826,
        -1.702756 -1.901878 0.661826,
        -1.643701 -1.906552 0.670218,
        -1.702756 -1.906552 0.670218,
        -1.643701 -1.909056 0.679492,
        -1.702756 -1.909056 0.679492,
        -1.643701 -1.909239 0.689096,
        -1.702756 -1.909239 0.689096,
        -1.643701 -1.907091 0.698458,
        -1.702756 -1.907091 0.698458,
        -1.643701 -1.902740 0.707022,
        -1.702756 -1.902740 0.707022,
        -1.643701 -1.896444 0.714277,
        -1.702756 -1.896444 0.714277,
        -1.643701 -1.888580 0.719792,
        -1.702756 -1.888580 0.719792,
        -1.643701 -1.879613 0.723237,
        -1.702756 -1.879613 0.723237,
        -1.643701 -1.870079 0.724409,
        -1.702756 -1.870079 0.724409,
        -1.702756 -0.295276 0.724409,
        -1.643701 -0.295276 0.724409,
        -1.702756 -0.295276 0.645669,
        -1.643701 -0.295276 0.645669,
        -1.702756 -1.751969 0.645669,
        -1.643701 -1.751969 0.645669,
        -1.702756 -1.779752 0.597547,
        -1.643701 -1.779752 0.597547,
      ]
    }
    coordIndex [
      0, 1, 2, -1,
      2, 1, 3, -1,
      4, 0, 5, -1,
      5, 0, 2, -1,
      6, 4, 7, -1,
      7, 4, 5, -1,
      8, 6, 9, -1,
      9, 6, 7, -1,
      10, 8, 11, -1,
      11, 8, 9, -1,
      12, 10, 13, -1,
      13, 10, 11, -1,
      14, 12, 15, -1,
      15, 12, 13, -1,
      1, 14, 3, -1,
      3, 14, 15, -1,
      1, 0, 14, -1,
      14, 0, 4, -1,
      14, 4, 12, -1,
      12, 4, 6, -1,
      12, 6, 10, -1,
      10, 6, 8, -1,
      2, 3, 5, -1,
      5, 3, 15, -1,
      5, 15, 7, -1,
      7, 15, 13, -1,
      7, 13, 9, -1,
      9, 13, 11, -1,
      16, 17, 18, -1,
      18, 17, 19, -1,
      20, 16, 21, -1,
      21, 16, 18, -1,
      22, 20, 23, -1,
      23, 20, 21, -1,
      24, 22, 25, -1,
      25, 22, 23, -1,
      26, 24, 27, -1,
      27, 24, 25, -1,
      28, 26, 29, -1,
      29, 26, 27, -1,
      30, 28, 31, -1,
      31, 28, 29, -1,
      17, 30, 19, -1,
      19, 30, 31, -1,
      17, 16, 30, -1,
      30, 16, 20, -1,
      30, 20, 28, -1,
      28, 20, 22, -1,
      28, 22, 26, -1,
      26, 22, 24, -1,
      18, 19, 21, -1,
      21, 19, 31, -1,
      21, 31, 23, -1,
      23, 31, 29, -1,
      23, 29, 25, -1,
      25, 29, 27, -1,
      32, 33, 34, -1,
      34, 33, 35, -1,
      36, 32, 37, -1,
      37, 32, 34, -1,
      38, 36, 39, -1,
      39, 36, 37, -1,
      40, 38, 41, -1,
      41, 38, 39, -1,
      42, 40, 43, -1,
      43, 40, 41, -1,
      44, 42, 45, -1,
      45, 42, 43, -1,
      46, 44, 47, -1,
      47, 44, 45, -1,
      33, 46, 35, -1,
      35, 46, 47, -1,
      33, 32, 46, -1,
      46, 32, 36, -1,
      46, 36, 44, -1,
      44, 36, 38, -1,
      44, 38, 42, -1,
      42, 38, 40, -1,
      34, 35, 37, -1,
      37, 35, 47, -1,
      37, 47, 39, -1,
      39, 47, 45, -1,
      39, 45, 41, -1,
      41, 45, 43, -1,
      48, 49, 50, -1,
      50, 49, 51, -1,
      52, 48, 53, -1,
      53, 48, 50, -1,
      54, 52, 55, -1,
      55, 52, 53, -1,
      56, 54, 57, -1,
      57, 54, 55, -1,
      58, 56, 59, -1,
      59, 56, 57, -1,
      60, 58, 61, -1,
      61, 58, 59, -1,
      62, 60, 63, -1,
      63, 60, 61, -1,
      49, 62, 51, -1,
      51, 62, 63, -1,
      49, 48, 62, -1,
      62, 48, 52, -1,
      62, 52, 60, -1,
      60, 52, 54, -1,
      60, 54, 58, -1,
      58, 54, 56, -1,
      50, 51, 53, -1,
      53, 51, 63, -1,
      53, 63, 55, -1,
      55, 63, 61, -1,
      55, 61, 57, -1,
      57, 61, 59, -1,
      64, 65, 66, -1,
      66, 65, 67, -1,
      68, 64, 69, -1,
      69, 64, 66, -1,
      70, 68, 71, -1,
      71, 68, 69, -1,
      72, 70, 73, -1,
      73, 70, 71, -1,
      74, 72, 75, -1,
      75, 72, 73, -1,
      76, 74, 77, -1,
      77, 74, 75, -1,
      78, 76, 79, -1,
      79, 76, 77, -1,
      65, 78, 67, -1,
      67, 78, 79, -1,
      65, 64, 78, -1,
      78, 64, 68, -1,
      78, 68, 76, -1,
      76, 68, 70, -1,
      76, 70, 74, -1,
      74, 70, 72, -1,
      66, 67, 69, -1,
      69, 67, 79, -1,
      69, 79, 71, -1,
      71, 79, 77, -1,
      71, 77, 73, -1,
      73, 77, 75, -1,
      80, 81, 82, -1,
      82, 81, 83, -1,
      84, 80, 85, -1,
      85, 80, 82, -1,
      86, 84, 87, -1,
      87, 84, 85, -1,
      88, 86, 89, -1,
      89, 86, 87, -1,
      90, 88, 91, -1,
      91, 88, 89, -1,
      92, 90, 93, -1,
      93, 90, 91, -1,
      94, 92, 95, -1,
      95, 92, 93, -1,
      81, 94, 83, -1,
      83, 94, 95, -1,
      81, 80, 94, -1,
      94, 80, 84, -1,
      94, 84, 92, -1,
      92, 84, 86, -1,
      92, 86, 90, -1,
      90, 86, 88, -1,
      82, 83, 85, -1,
      85, 83, 95, -1,
      85, 95, 87, -1,
      87, 95, 93, -1,
      87, 93, 89, -1,
      89, 93, 91, -1,
      96, 97, 98, -1,
      98, 97, 99, -1,
      100, 96, 101, -1,
      101, 96, 98, -1,
      102, 100, 103, -1,
      103, 100, 101, -1,
      104, 102, 105, -1,
      105, 102, 103, -1,
      106, 104, 107, -1,
      107, 104, 105, -1,
      108, 106, 109, -1,
      109, 106, 107, -1,
      110, 108, 111, -1,
      111, 108, 109, -1,
      97, 110, 99, -1,
      99, 110, 111, -1,
      97, 96, 110, -1,
      110, 96, 100, -1,
      110, 100, 108, -1,
      108, 100, 102, -1,
      108, 102, 106, -1,
      106, 102, 104, -1,
      98, 99, 101, -1,
      101, 99, 111, -1,
      101, 111, 103, -1,
      103, 111, 109, -1,
      103, 109, 105, -1,
      105, 109, 107, -1,
      112, 113, 114, -1,
      114, 113, 115, -1,
      116, 112, 117, -1,
      117, 112, 114, -1,
      118, 116, 119, -1,
      119, 116, 117, -1,
      120, 118, 121, -1,
      121, 118, 119, -1,
      122, 120, 123, -1,
      123, 120, 121, -1,
      124, 122, 125, -1,
      125, 122, 123, -1,
      126, 124, 127, -1,
      127, 124, 125, -1,
      113, 126, 115, -1,
      115, 126, 127, -1,
      113, 112, 126, -1,
      126, 112, 116, -1,
      126, 116, 124, -1,
      124, 116, 118, -1,
      124, 118, 122, -1,
      122, 118, 120, -1,
      114, 115, 117, -1,
      117, 115, 127, -1,
      117, 127, 119, -1,
      119, 127, 125, -1,
      119, 125, 121, -1,
      121, 125, 123, -1,
      128, 129, 130, -1,
      130, 129, 131, -1,
      132, 128, 133, -1,
      133, 128, 130, -1,
      134, 132, 135, -1,
      135, 132, 133, -1,
      136, 134, 137, -1,
      137, 134, 135, -1,
      138, 136, 139, -1,
      139, 136, 137, -1,
      140, 138, 141, -1,
      141, 138, 139, -1,
      142, 140, 143, -1,
      143, 140, 141, -1,
      129, 142, 131, -1,
      131, 142, 143, -1,
      129, 128, 142, -1,
      142, 128, 132, -1,
      142, 132, 140, -1,
      140, 132, 134, -1,
      140, 134, 138, -1,
      138, 134, 136, -1,
      130, 131, 133, -1,
      133, 131, 143, -1,
      133, 143, 135, -1,
      135, 143, 141, -1,
      135, 141, 137, -1,
      137, 141, 139, -1,
      144, 145, 146, -1,
      146, 145, 147, -1,
      148, 144, 149, -1,
      149, 144, 146, -1,
      150, 148, 151, -1,
      151, 148, 149, -1,
      152, 150, 153, -1,
      153, 150, 151, -1,
      154, 152, 155, -1,
      155, 152, 153, -1,
      156, 154, 157, -1,
      157, 154, 155, -1,
      158, 156, 159, -1,
      159, 156, 157, -1,
      145, 158, 147, -1,
      147, 158, 159, -1,
      145, 144, 158, -1,
      158, 144, 148, -1,
      158, 148, 156, -1,
      156, 148, 150, -1,
      156, 150, 154, -1,
      154, 150, 152, -1,
      146, 147, 149, -1,
      149, 147, 159, -1,
      149, 159, 151, -1,
      151, 159, 157, -1,
      151, 157, 153, -1,
      153, 157, 155, -1,
      160, 161, 162, -1,
      162, 161, 163, -1,
      164, 160, 165, -1,
      165, 160, 162, -1,
      166, 164, 167, -1,
      167, 164, 165, -1,
      168, 166, 169, -1,
      169, 166, 167, -1,
      170, 168, 171, -1,
      171, 168, 169, -1,
      172, 170, 173, -1,
      173, 170, 171, -1,
      174, 172, 175, -1,
      175, 172, 173, -1,
      161, 174, 163, -1,
      163, 174, 175, -1,
      161, 160, 174, -1,
      174, 160, 164, -1,
      174, 164, 172, -1,
      172, 164, 166, -1,
      172, 166, 170, -1,
      170, 166, 168, -1,
      162, 163, 165, -1,
      165, 163, 175, -1,
      165, 175, 167, -1,
      167, 175, 173, -1,
      167, 173, 169, -1,
      169, 173, 171, -1,
      176, 177, 178, -1,
      178, 177, 179, -1,
      180, 176, 181, -1,
      181, 176, 178, -1,
      182, 180, 183, -1,
      183, 180, 181, -1,
      184, 182, 185, -1,
      185, 182, 183, -1,
      186, 184, 187, -1,
      187, 184, 185, -1,
      188, 186, 189, -1,
      189, 186, 187, -1,
      190, 188, 191, -1,
      191, 188, 189, -1,
      177, 190, 179, -1,
      179, 190, 191, -1,
      177, 176, 190, -1,
      190, 176, 180, -1,
      190, 180, 188, -1,
      188, 180, 182, -1,
      188, 182, 186, -1,
      186, 182, 184, -1,
      178, 179, 181, -1,
      181, 179, 191, -1,
      181, 191, 183, -1,
      183, 191, 189, -1,
      183, 189, 185, -1,
      185, 189, 187, -1,
      192, 193, 194, -1,
      194, 193, 195, -1,
      196, 192, 197, -1,
      197, 192, 194, -1,
      198, 196, 199, -1,
      199, 196, 197, -1,
      200, 198, 201, -1,
      201, 198, 199, -1,
      202, 200, 203, -1,
      203, 200, 201, -1,
      204, 202, 205, -1,
      205, 202, 203, -1,
      206, 204, 207, -1,
      207, 204, 205, -1,
      193, 206, 195, -1,
      195, 206, 207, -1,
      193, 192, 206, -1,
      206, 192, 196, -1,
      206, 196, 204, -1,
      204, 196, 198, -1,
      204, 198, 202, -1,
      202, 198, 200, -1,
      194, 195, 197, -1,
      197, 195, 207, -1,
      197, 207, 199, -1,
      199, 207, 205, -1,
      199, 205, 201, -1,
      201, 205, 203, -1,
      208, 209, 210, -1,
      210, 209, 211, -1,
      212, 208, 213, -1,
      213, 208, 210, -1,
      214, 212, 215, -1,
      215, 212, 213, -1,
      216, 214, 217, -1,
      217, 214, 215, -1,
      218, 216, 219, -1,
      219, 216, 217, -1,
      220, 218, 221, -1,
      221, 218, 219, -1,
      222, 220, 223, -1,
      223, 220, 221, -1,
      209, 222, 211, -1,
      211, 222, 223, -1,
      209, 208, 222, -1,
      222, 208, 212, -1,
      222, 212, 220, -1,
      220, 212, 214, -1,
      220, 214, 218, -1,
      218, 214, 216, -1,
      210, 211, 213, -1,
      213, 211, 223, -1,
      213, 223, 215, -1,
      215, 223, 221, -1,
      215, 221, 217, -1,
      217, 221, 219, -1,
      224, 225, 226, -1,
      226, 225, 227, -1,
      228, 224, 229, -1,
      229, 224, 226, -1,
      230, 228, 231, -1,
      231, 228, 229, -1,
      232, 230, 233, -1,
      233, 230, 231, -1,
      234, 232, 235, -1,
      235, 232, 233, -1,
      236, 234, 237, -1,
      237, 234, 235, -1,
      238, 236, 239, -1,
      239, 236, 237, -1,
      225, 238, 227, -1,
      227, 238, 239, -1,
      225, 224, 238, -1,
      238, 224, 228, -1,
      238, 228, 236, -1,
      236, 228, 230, -1,
      236, 230, 234, -1,
      234, 230, 232, -1,
      226, 227, 229, -1,
      229, 227, 239, -1,
      229, 239, 231, -1,
      231, 239, 237, -1,
      231, 237, 233, -1,
      233, 237, 235, -1,
      240, 241, 242, -1,
      242, 241, 243, -1,
      244, 240, 245, -1,
      245, 240, 242, -1,
      246, 244, 247, -1,
      247, 244, 245, -1,
      248, 246, 249, -1,
      249, 246, 247, -1,
      250, 248, 251, -1,
      251, 248, 249, -1,
      252, 250, 253, -1,
      253, 250, 251, -1,
      254, 252, 255, -1,
      255, 252, 253, -1,
      241, 254, 243, -1,
      243, 254, 255, -1,
      241, 240, 254, -1,
      254, 240, 244, -1,
      254, 244, 252, -1,
      252, 244, 246, -1,
      252, 246, 250, -1,
      250, 246, 248, -1,
      242, 243, 245, -1,
      245, 243, 255, -1,
      245, 255, 247, -1,
      247, 255, 253, -1,
      247, 253, 249, -1,
      249, 253, 251, -1,
      256, 257, 258, -1,
      258, 257, 259, -1,
      260, 256, 261, -1,
      261, 256, 258, -1,
      262, 260, 263, -1,
      263, 260, 261, -1,
      264, 262, 265, -1,
      265, 262, 263, -1,
      266, 264, 267, -1,
      267, 264, 265, -1,
      268, 266, 269, -1,
      269, 266, 267, -1,
      270, 268, 271, -1,
      271, 268, 269, -1,
      257, 270, 259, -1,
      259, 270, 271, -1,
      257, 256, 270, -1,
      270, 256, 260, -1,
      270, 260, 268, -1,
      268, 260, 262, -1,
      268, 262, 266, -1,
      266, 262, 264, -1,
      258, 259, 261, -1,
      261, 259, 271, -1,
      261, 271, 263, -1,
      263, 271, 269, -1,
      263, 269, 265, -1,
      265, 269, 267, -1,
      272, 273, 274, -1,
      274, 273, 275, -1,
      276, 272, 277, -1,
      277, 272, 274, -1,
      278, 276, 279, -1,
      279, 276, 277, -1,
      280, 278, 281, -1,
      281, 278, 279, -1,
      282, 280, 283, -1,
      283, 280, 281, -1,
      284, 282, 285, -1,
      285, 282, 283, -1,
      286, 284, 287, -1,
      287, 284, 285, -1,
      273, 286, 275, -1,
      275, 286, 287, -1,
      273, 272, 286, -1,
      286, 272, 276, -1,
      286, 276, 284, -1,
      284, 276, 278, -1,
      284, 278, 282, -1,
      282, 278, 280, -1,
      274, 275, 277, -1,
      277, 275, 287, -1,
      277, 287, 279, -1,
      279, 287, 285, -1,
      279, 285, 281, -1,
      281, 285, 283, -1,
      288, 289, 290, -1,
      290, 289, 291, -1,
      292, 288, 293, -1,
      293, 288, 290, -1,
      294, 292, 295, -1,
      295, 292, 293, -1,
      296, 294, 297, -1,
      297, 294, 295, -1,
      298, 296, 299, -1,
      299, 296, 297, -1,
      300, 298, 301, -1,
      301, 298, 299, -1,
      302, 300, 303, -1,
      303, 300, 301, -1,
      289, 302, 291, -1,
      291, 302, 303, -1,
      289, 288, 302, -1,
      302, 288, 292, -1,
      302, 292, 300, -1,
      300, 292, 294, -1,
      300, 294, 298, -1,
      298, 294, 296, -1,
      290, 291, 293, -1,
      293, 291, 303, -1,
      293, 303, 295, -1,
      295, 303, 301, -1,
      295, 301, 297, -1,
      297, 301, 299, -1,
      304, 305, 306, -1,
      306, 305, 307, -1,
      308, 304, 309, -1,
      309, 304, 306, -1,
      310, 308, 311, -1,
      311, 308, 309, -1,
      312, 310, 313, -1,
      313, 310, 311, -1,
      314, 312, 315, -1,
      315, 312, 313, -1,
      316, 314, 317, -1,
      317, 314, 315, -1,
      318, 316, 319, -1,
      319, 316, 317, -1,
      305, 318, 307, -1,
      307, 318, 319, -1,
      305, 304, 318, -1,
      318, 304, 308, -1,
      318, 308, 316, -1,
      316, 308, 310, -1,
      316, 310, 314, -1,
      314, 310, 312, -1,
      306, 307, 309, -1,
      309, 307, 319, -1,
      309, 319, 311, -1,
      311, 319, 317, -1,
      311, 317, 313, -1,
      313, 317, 315, -1,
      320, 321, 322, -1,
      322, 321, 323, -1,
      324, 320, 325, -1,
      325, 320, 322, -1,
      326, 324, 327, -1,
      327, 324, 325, -1,
      328, 326, 329, -1,
      329, 326, 327, -1,
      330, 328, 331, -1,
      331, 328, 329, -1,
      332, 330, 333, -1,
      333, 330, 331, -1,
      334, 332, 335, -1,
      335, 332, 333, -1,
      321, 334, 323, -1,
      323, 334, 335, -1,
      321, 320, 334, -1,
      334, 320, 324, -1,
      334, 324, 332, -1,
      332, 324, 326, -1,
      332, 326, 330, -1,
      330, 326, 328, -1,
      322, 323, 325, -1,
      325, 323, 335, -1,
      325, 335, 327, -1,
      327, 335, 333, -1,
      327, 333, 329, -1,
      329, 333, 331, -1,
      336, 337, 338, -1,
      338, 337, 339, -1,
      340, 336, 341, -1,
      341, 336, 338, -1,
      342, 340, 343, -1,
      343, 340, 341, -1,
      344, 342, 345, -1,
      345, 342, 343, -1,
      346, 344, 347, -1,
      347, 344, 345, -1,
      348, 346, 349, -1,
      349, 346, 347, -1,
      350, 348, 351, -1,
      351, 348, 349, -1,
      337, 350, 339, -1,
      339, 350, 351, -1,
      337, 336, 350, -1,
      350, 336, 340, -1,
      350, 340, 348, -1,
      348, 340, 342, -1,
      348, 342, 346, -1,
      346, 342, 344, -1,
      338, 339, 341, -1,
      341, 339, 351, -1,
      341, 351, 343, -1,
      343, 351, 349, -1,
      343, 349, 345, -1,
      345, 349, 347, -1,
      352, 353, 354, -1,
      354, 353, 355, -1,
      356, 352, 357, -1,
      357, 352, 354, -1,
      358, 356, 359, -1,
      359, 356, 357, -1,
      360, 358, 361, -1,
      361, 358, 359, -1,
      362, 360, 363, -1,
      363, 360, 361, -1,
      364, 362, 365, -1,
      365, 362, 363, -1,
      366, 364, 367, -1,
      367, 364, 365, -1,
      353, 366, 355, -1,
      355, 366, 367, -1,
      353, 352, 366, -1,
      366, 352, 356, -1,
      366, 356, 364, -1,
      364, 356, 358, -1,
      364, 358, 362, -1,
      362, 358, 360, -1,
      354, 355, 357, -1,
      357, 355, 367, -1,
      357, 367, 359, -1,
      359, 367, 365, -1,
      359, 365, 361, -1,
      361, 365, 363, -1,
      368, 369, 370, -1,
      370, 369, 371, -1,
      372, 368, 373, -1,
      373, 368, 370, -1,
      374, 372, 375, -1,
      375, 372, 373, -1,
      376, 374, 377, -1,
      377, 374, 375, -1,
      378, 376, 379, -1,
      379, 376, 377, -1,
      380, 378, 381, -1,
      381, 378, 379, -1,
      382, 380, 383, -1,
      383, 380, 381, -1,
      369, 382, 371, -1,
      371, 382, 383, -1,
      369, 368, 382, -1,
      382, 368, 372, -1,
      382, 372, 380, -1,
      380, 372, 374, -1,
      380, 374, 378, -1,
      378, 374, 376, -1,
      370, 371, 373, -1,
      373, 371, 383, -1,
      373, 383, 375, -1,
      375, 383, 381, -1,
      375, 381, 377, -1,
      377, 381, 379, -1,
      384, 385, 386, -1,
      384, 386, 387, -1,
      387, 386, 388, -1,
      387, 388, 389, -1,
      389, 388, 390, -1,
      389, 390, 391, -1,
      391, 390, 392, -1,
      391, 392, 393, -1,
      393, 392, 394, -1,
      393, 394, 395, -1,
      395, 394, 396, -1,
      395, 396, 397, -1,
      397, 396, 398, -1,
      397, 398, 399, -1,
      399, 398, 400, -1,
      399, 400, 401, -1,
      401, 400, 402, -1,
      401, 402, 403, -1,
      403, 402, 404, -1,
      403, 404, 405, -1,
      405, 404, 406, -1,
      405, 406, 407, -1,
      408, 407, 409, -1,
      409, 407, 406, -1,
      410, 408, 411, -1,
      411, 408, 409, -1,
      412, 410, 413, -1,
      413, 410, 411, -1,
      414, 412, 415, -1,
      415, 412, 413, -1,
      384, 414, 385, -1,
      385, 414, 415, -1,
      408, 410, 407, -1,
      407, 410, 412, -1,
      407, 412, 414, -1,
      414, 384, 407, -1,
      407, 384, 387, -1,
      407, 387, 389, -1,
      389, 391, 407, -1,
      407, 391, 393, -1,
      407, 393, 395, -1,
      399, 401, 397, -1,
      397, 401, 403, -1,
      397, 403, 395, -1,
      395, 403, 405, -1,
      395, 405, 407, -1,
      411, 409, 413, -1,
      413, 409, 406, -1,
      404, 402, 394, -1,
      390, 388, 406, -1,
      415, 413, 385, -1,
      385, 413, 406, -1,
      385, 406, 386, -1,
      386, 406, 388, -1,
      394, 402, 396, -1,
      396, 402, 400, -1,
      396, 400, 398, -1,
      404, 394, 406, -1,
      406, 394, 392, -1,
      406, 392, 390, -1,
      416, 417, 418, -1,
      416, 418, 419, -1,
      419, 418, 420, -1,
      419, 420, 421, -1,
      421, 420, 422, -1,
      421, 422, 423, -1,
      423, 422, 424, -1,
      423, 424, 425, -1,
      425, 424, 426, -1,
      425, 426, 427, -1,
      427, 426, 428, -1,
      427, 428, 429, -1,
      429, 428, 430, -1,
      429, 430, 431, -1,
      431, 430, 432, -1,
      431, 432, 433, -1,
      433, 432, 434, -1,
      433, 434, 435, -1,
      435, 434, 436, -1,
      435, 436, 437, -1,
      437, 436, 438, -1,
      437, 438, 439, -1,
      440, 439, 441, -1,
      441, 439, 438, -1,
      442, 440, 443, -1,
      443, 440, 441, -1,
      444, 442, 445, -1,
      445, 442, 443, -1,
      446, 444, 447, -1,
      447, 444, 445, -1,
      416, 446, 417, -1,
      417, 446, 447, -1,
      440, 442, 439, -1,
      439, 442, 444, -1,
      439, 444, 446, -1,
      446, 416, 439, -1,
      439, 416, 419, -1,
      439, 419, 421, -1,
      421, 423, 439, -1,
      439, 423, 425, -1,
      439, 425, 427, -1,
      431, 433, 429, -1,
      429, 433, 435, -1,
      429, 435, 427, -1,
      427, 435, 437, -1,
      427, 437, 439, -1,
      443, 441, 445, -1,
      445, 441, 438, -1,
      436, 434, 426, -1,
      422, 420, 438, -1,
      447, 445, 417, -1,
      417, 445, 438, -1,
      417, 438, 418, -1,
      418, 438, 420, -1,
      426, 434, 428, -1,
      428, 434, 432, -1,
      428, 432, 430, -1,
      436, 426, 438, -1,
      438, 426, 424, -1,
      438, 424, 422, -1,
      448, 449, 450, -1,
      448, 450, 451, -1,
      451, 450, 452, -1,
      451, 452, 453, -1,
      453, 452, 454, -1,
      453, 454, 455, -1,
      455, 454, 456, -1,
      455, 456, 457, -1,
      457, 456, 458, -1,
      457, 458, 459, -1,
      459, 458, 460, -1,
      459, 460, 461, -1,
      461, 460, 462, -1,
      461, 462, 463, -1,
      463, 462, 464, -1,
      463, 464, 465, -1,
      465, 464, 466, -1,
      465, 466, 467, -1,
      467, 466, 468, -1,
      467, 468, 469, -1,
      469, 468, 470, -1,
      469, 470, 471, -1,
      472, 471, 473, -1,
      473, 471, 470, -1,
      474, 472, 475, -1,
      475, 472, 473, -1,
      476, 474, 477, -1,
      477, 474, 475, -1,
      478, 476, 479, -1,
      479, 476, 477, -1,
      448, 478, 449, -1,
      449, 478, 479, -1,
      472, 474, 471, -1,
      471, 474, 476, -1,
      471, 476, 478, -1,
      478, 448, 471, -1,
      471, 448, 451, -1,
      471, 451, 453, -1,
      453, 455, 471, -1,
      471, 455, 457, -1,
      471, 457, 459, -1,
      463, 465, 461, -1,
      461, 465, 467, -1,
      461, 467, 459, -1,
      459, 467, 469, -1,
      459, 469, 471, -1,
      475, 473, 477, -1,
      477, 473, 470, -1,
      468, 466, 458, -1,
      454, 452, 470, -1,
      479, 477, 449, -1,
      449, 477, 470, -1,
      449, 470, 450, -1,
      450, 470, 452, -1,
      458, 466, 460, -1,
      460, 466, 464, -1,
      460, 464, 462, -1,
      468, 458, 470, -1,
      470, 458, 456, -1,
      470, 456, 454, -1,
      480, 481, 482, -1,
      480, 482, 483, -1,
      483, 482, 484, -1,
      483, 484, 485, -1,
      485, 484, 486, -1,
      485, 486, 487, -1,
      487, 486, 488, -1,
      487, 488, 489, -1,
      489, 488, 490, -1,
      489, 490, 491, -1,
      491, 490, 492, -1,
      491, 492, 493, -1,
      493, 492, 494, -1,
      493, 494, 495, -1,
      495, 494, 496, -1,
      495, 496, 497, -1,
      497, 496, 498, -1,
      497, 498, 499, -1,
      499, 498, 500, -1,
      499, 500, 501, -1,
      501, 500, 502, -1,
      501, 502, 503, -1,
      504, 503, 505, -1,
      505, 503, 502, -1,
      506, 504, 507, -1,
      507, 504, 505, -1,
      508, 506, 509, -1,
      509, 506, 507, -1,
      510, 508, 511, -1,
      511, 508, 509, -1,
      480, 510, 481, -1,
      481, 510, 511, -1,
      504, 506, 503, -1,
      503, 506, 508, -1,
      503, 508, 510, -1,
      510, 480, 503, -1,
      503, 480, 483, -1,
      503, 483, 485, -1,
      485, 487, 503, -1,
      503, 487, 489, -1,
      503, 489, 491, -1,
      495, 497, 493, -1,
      493, 497, 499, -1,
      493, 499, 491, -1,
      491, 499, 501, -1,
      491, 501, 503, -1,
      507, 505, 509, -1,
      509, 505, 502, -1,
      500, 498, 490, -1,
      486, 484, 502, -1,
      511, 509, 481, -1,
      481, 509, 502, -1,
      481, 502, 482, -1,
      482, 502, 484, -1,
      490, 498, 492, -1,
      492, 498, 496, -1,
      492, 496, 494, -1,
      500, 490, 502, -1,
      502, 490, 488, -1,
      502, 488, 486, -1,
    ]
  }
}

Shape {
  appearance Appearance {
    material Material {
      diffuseColor 0.8314 0.8314 0.8196
      specularColor 0.6667 0.6667 0.6549
      ambientIntensity 0.2
      transparency 0.0000
      shininess 0.5
    }
  }
  geometry IndexedFaceSet {
    ccw TRUE
    solid FALSE
    coord DEF co Coordinate {
      point [
        2.996063 -1.594488 0.059055,
        2.996063 -1.594488 0.011811,
        3.000139 -1.593952 0.011811,
        3.000139 -1.593952 0.059055,
        3.003937 -1.592378 0.011811,
        3.003937 -1.592378 0.059055,
        3.007199 -1.589876 0.011811,
        3.007199 -1.589876 0.059055,
        3.009701 -1.586614 0.011811,
        3.009701 -1.586614 0.059055,
        3.011274 -1.582816 0.011811,
        3.011274 -1.582816 0.059055,
        3.011811 -1.578740 0.011811,
        3.011811 -1.578740 0.059055,
        3.011811 -0.980315 0.011811,
        3.011811 -0.980315 0.059055,
        3.011274 -0.976239 0.011811,
        3.011274 -0.976239 0.059055,
        3.009701 -0.972441 0.011811,
        3.009701 -0.972441 0.059055,
        3.007199 -0.969180 0.011811,
        3.007199 -0.969180 0.059055,
        3.003937 -0.966677 0.011811,
        3.003937 -0.966677 0.059055,
        3.000139 -0.965104 0.011811,
        3.000139 -0.965104 0.059055,
        2.996063 -0.964567 0.011811,
        2.996063 -0.964567 0.059055,
        2.870079 -0.964567 0.011811,
        2.870079 -0.964567 0.059055,
        2.866003 -0.965104 0.011811,
        2.866003 -0.965104 0.059055,
        2.862205 -0.966677 0.011811,
        2.862205 -0.966677 0.059055,
        2.858943 -0.969180 0.011811,
        2.858943 -0.969180 0.059055,
        2.856441 -0.972441 0.011811,
        2.856441 -0.972441 0.059055,
        2.854867 -0.976239 0.011811,
        2.854867 -0.976239 0.059055,
        2.854331 -0.980315 0.011811,
        2.854331 -0.980315 0.059055,
        2.854331 -1.263780 0.011811,
        2.854331 -1.263780 0.059055,
        2.853794 -1.267856 0.059055,
        2.853794 -1.267856 0.011811,
        2.852221 -1.271654 0.059055,
        2.852221 -1.271654 0.011811,
        2.849718 -1.274915 0.059055,
        2.849718 -1.274915 0.011811,
        2.846457 -1.277418 0.059055,
        2.846457 -1.277418 0.011811,
        2.842659 -1.278991 0.059055,
        2.842659 -1.278991 0.011811,
        2.838583 -1.279528 0.059055,
        2.838583 -1.279528 0.011811,
        2.657480 -1.279528 0.704724,
        2.736220 -1.279528 0.704724,
        2.657480 -1.279528 0.051181,
        2.736220 -1.279528 0.059055,
        2.696850 -1.279528 0.011811,
        2.686661 -1.279528 0.013152,
        2.677165 -1.279528 0.017085,
        2.669011 -1.279528 0.023342,
        2.662755 -1.279528 0.031496,
        2.658822 -1.279528 0.040991,
        2.657480 -2.027559 0.059055,
        2.657480 -2.027559 0.704724,
        2.657480 -1.594488 0.059055,
        2.657480 -1.594488 0.051181,
        2.736220 -1.594488 0.059055,
        2.658822 -1.594488 0.040991,
        2.696850 -1.594488 0.011811,
        2.686661 -1.594488 0.013152,
        2.677165 -1.594488 0.017085,
        2.662755 -1.594488 0.031496,
        2.669011 -1.594488 0.023342,
        2.736220 -2.027559 0.059055,
        2.736220 -2.027559 0.704724,
      ]
    }
    coordIndex [
      0, 1, 2, -1,
      0, 2, 3, -1,
      3, 2, 4, -1,
      3, 4, 5, -1,
      5, 4, 6, -1,
      5, 6, 7, -1,
      7, 6, 8, -1,
      7, 8, 9, -1,
      9, 8, 10, -1,
      9, 10, 11, -1,
      11, 10, 12, -1,
      11, 12, 13, -1,
      14, 15, 12, -1,
      12, 15, 13, -1,
      15, 14, 16, -1,
      15, 16, 17, -1,
      17, 16, 18, -1,
      17, 18, 19, -1,
      19, 18, 20, -1,
      19, 20, 21, -1,
      21, 20, 22, -1,
      21, 22, 23, -1,
      23, 22, 24, -1,
      23, 24, 25, -1,
      25, 24, 26, -1,
      25, 26, 27, -1,
      28, 29, 26, -1,
      26, 29, 27, -1,
      29, 28, 30, -1,
      29, 30, 31, -1,
      31, 30, 32, -1,
      31, 32, 33, -1,
      33, 32, 34, -1,
      33, 34, 35, -1,
      35, 34, 36, -1,
      35, 36, 37, -1,
      37, 36, 38, -1,
      37, 38, 39, -1,
      39, 38, 40, -1,
      39, 40, 41, -1,
      42, 43, 40, -1,
      40, 43, 41, -1,
      43, 42, 44, -1,
      44, 42, 45, -1,
      44, 45, 46, -1,
      46, 45, 47, -1,
      46, 47, 48, -1,
      48, 47, 49, -1,
      48, 49, 50, -1,
      50, 49, 51, -1,
      50, 51, 52, -1,
      52, 51, 53, -1,
      52, 53, 54, -1,
      54, 53, 55, -1,
      56, 57, 58, -1,
      58, 57, 59, -1,
      54, 55, 59, -1,
      59, 55, 60, -1,
      60, 61, 59, -1,
      59, 61, 62, -1,
      59, 62, 63, -1,
      63, 64, 59, -1,
      59, 64, 65, -1,
      59, 65, 58, -1,
      66, 67, 68, -1,
      68, 67, 56, -1,
      68, 56, 69, -1,
      69, 56, 58, -1,
      68, 69, 70, -1,
      70, 69, 71, -1,
      1, 0, 72, -1,
      72, 0, 70, -1,
      72, 70, 73, -1,
      73, 70, 74, -1,
      71, 75, 70, -1,
      70, 75, 76, -1,
      70, 76, 74, -1,
      72, 60, 1, -1,
      1, 60, 55, -1,
      1, 55, 53, -1,
      8, 6, 53, -1,
      12, 51, 49, -1,
      6, 4, 53, -1,
      53, 4, 2, -1,
      53, 2, 1, -1,
      49, 47, 12, -1,
      12, 47, 45, -1,
      12, 45, 42, -1,
      51, 12, 53, -1,
      53, 12, 10, -1,
      53, 10, 8, -1,
      18, 16, 20, -1,
      20, 16, 14, -1,
      20, 14, 22, -1,
      42, 40, 28, -1,
      28, 40, 38, -1,
      28, 38, 36, -1,
      42, 28, 12, -1,
      12, 28, 26, -1,
      12, 26, 14, -1,
      14, 26, 24, -1,
      14, 24, 22, -1,
      36, 34, 28, -1,
      28, 34, 32, -1,
      28, 32, 30, -1,
      0, 52, 70, -1,
      70, 52, 54, -1,
      70, 54, 59, -1,
      13, 44, 46, -1,
      0, 3, 52, -1,
      52, 3, 5, -1,
      52, 5, 7, -1,
      46, 48, 13, -1,
      13, 48, 50, -1,
      13, 50, 11, -1,
      11, 50, 52, -1,
      11, 52, 9, -1,
      9, 52, 7, -1,
      25, 27, 15, -1,
      15, 27, 29, -1,
      15, 29, 13, -1,
      13, 29, 43, -1,
      13, 43, 44, -1,
      17, 19, 21, -1,
      37, 39, 29, -1,
      29, 39, 41, -1,
      29, 41, 43, -1,
      31, 33, 29, -1,
      29, 33, 35, -1,
      29, 35, 37, -1,
      17, 21, 15, -1,
      15, 21, 23, -1,
      15, 23, 25, -1,
      66, 68, 77, -1,
      77, 68, 70, -1,
      59, 57, 70, -1,
      70, 57, 78, -1,
      70, 78, 77, -1,
      56, 67, 57, -1,
      57, 67, 78, -1,
      66, 77, 67, -1,
      67, 77, 78, -1,
      60, 72, 73, -1,
      60, 73, 61, -1,
      61, 73, 74, -1,
      61, 74, 62, -1,
      62, 74, 76, -1,
      62, 76, 63, -1,
      63, 76, 75, -1,
      63, 75, 64, -1,
      64, 75, 71, -1,
      64, 71, 65, -1,
      65, 71, 69, -1,
      65, 69, 58, -1,
    ]
  }
}

Shape {
  appearance Appearance {
    material Material {
      diffuseColor 0.8314 0.6706 0.1294
      specularColor 0.6667 0.5373 0.1020
      ambientIntensity 0.2
      transparency 0.0000
      shininess 0.5
    }
  }
  geometry IndexedFaceSet {
    ccw TRUE
    solid FALSE
    coord DEF co Coordinate {
      point [
        -1.505906 -1.887240 0.649606,
        -1.446850 -1.887240 0.649606,
        -1.446850 -1.895309 0.654817,
        -1.505906 -1.895309 0.654817,
        -1.446850 -1.901878 0.661826,
        -1.505906 -1.901878 0.661826,
        -1.446850 -1.906552 0.670218,
        -1.505906 -1.906552 0.670218,
        -1.446850 -1.909056 0.679492,
        -1.505906 -1.909056 0.679492,
        -1.446850 -1.909239 0.689096,
        -1.505906 -1.909239 0.689096,
        -1.446850 -1.907091 0.698458,
        -1.505906 -1.907091 0.698458,
        -1.446850 -1.902740 0.707022,
        -1.505906 -1.902740 0.707022,
        -1.446850 -1.896444 0.714277,
        -1.505906 -1.896444 0.714277,
        -1.446850 -1.888580 0.719792,
        -1.505906 -1.888580 0.719792,
        -1.446850 -1.879613 0.723237,
        -1.505906 -1.879613 0.723237,
        -1.446850 -1.870079 0.724409,
        -1.505906 -1.870079 0.724409,
        -1.505906 -0.295276 0.724409,
        -1.446850 -0.295276 0.724409,
        -1.505906 -0.295276 0.645669,
        -1.446850 -0.295276 0.645669,
        -1.505906 -1.751969 0.645669,
        -1.446850 -1.751969 0.645669,
        -1.505906 -1.779752 0.597547,
        -1.446850 -1.779752 0.597547,
        -1.309055 -1.887240 0.649606,
        -1.250000 -1.887240 0.649606,
        -1.250000 -1.895309 0.654817,
        -1.309055 -1.895309 0.654817,
        -1.250000 -1.901878 0.661826,
        -1.309055 -1.901878 0.661826,
        -1.250000 -1.906552 0.670218,
        -1.309055 -1.906552 0.670218,
        -1.250000 -1.909056 0.679492,
        -1.309055 -1.909056 0.679492,
        -1.250000 -1.909239 0.689096,
        -1.309055 -1.909239 0.689096,
        -1.250000 -1.907091 0.698458,
        -1.309055 -1.907091 0.698458,
        -1.250000 -1.902740 0.707022,
        -1.309055 -1.902740 0.707022,
        -1.250000 -1.896444 0.714277,
        -1.309055 -1.896444 0.714277,
        -1.250000 -1.888580 0.719792,
        -1.309055 -1.888580 0.719792,
        -1.250000 -1.879613 0.723237,
        -1.309055 -1.879613 0.723237,
        -1.250000 -1.870079 0.724409,
        -1.309055 -1.870079 0.724409,
        -1.309055 -0.295276 0.724409,
        -1.250000 -0.295276 0.724409,
        -1.309055 -0.295276 0.645669,
        -1.250000 -0.295276 0.645669,
        -1.309055 -1.751969 0.645669,
        -1.250000 -1.751969 0.645669,
        -1.309055 -1.779752 0.597547,
        -1.250000 -1.779752 0.597547,
        -1.112205 -1.887240 0.649606,
        -1.053150 -1.887240 0.649606,
        -1.053150 -1.895309 0.654817,
        -1.112205 -1.895309 0.654817,
        -1.053150 -1.901878 0.661826,
        -1.112205 -1.901878 0.661826,
        -1.053150 -1.906552 0.670218,
        -1.112205 -1.906552 0.670218,
        -1.053150 -1.909056 0.679492,
        -1.112205 -1.909056 0.679492,
        -1.053150 -1.909239 0.689096,
        -1.112205 -1.909239 0.689096,
        -1.053150 -1.907091 0.698458,
        -1.112205 -1.907091 0.698458,
        -1.053150 -1.902740 0.707022,
        -1.112205 -1.902740 0.707022,
        -1.053150 -1.896444 0.714277,
        -1.112205 -1.896444 0.714277,
        -1.053150 -1.888580 0.719792,
        -1.112205 -1.888580 0.719792,
        -1.053150 -1.879613 0.723237,
        -1.112205 -1.879613 0.723237,
        -1.053150 -1.870079 0.724409,
        -1.112205 -1.870079 0.724409,
        -1.112205 -0.295276 0.724409,
        -1.053150 -0.295276 0.724409,
        -1.112205 -0.295276 0.645669,
        -1.053150 -0.295276 0.645669,
        -1.112205 -1.751969 0.645669,
        -1.053150 -1.751969 0.645669,
        -1.112205 -1.779752 0.597547,
        -1.053150 -1.779752 0.597547,
        -0.915354 -1.887240 0.649606,
        -0.856299 -1.887240 0.649606,
        -0.856299 -1.895309 0.654817,
        -0.915354 -1.895309 0.654817,
        -0.856299 -1.901878 0.661826,
        -0.915354 -1.901878 0.661826,
        -0.856299 -1.906552 0.670218,
        -0.915354 -1.906552 0.670218,
        -0.856299 -1.909056 0.679492,
        -0.915354 -1.909056 0.679492,
        -0.856299 -1.909239 0.689096,
        -0.915354 -1.909239 0.689096,
        -0.856299 -1.907091 0.698458,
        -0.915354 -1.907091 0.698458,
        -0.856299 -1.902740 0.707022,
        -0.915354 -1.902740 0.707022,
        -0.856299 -1.896444 0.714277,
        -0.915354 -1.896444 0.714277,
        -0.856299 -1.888580 0.719792,
        -0.915354 -1.888580 0.719792,
        -0.856299 -1.879613 0.723237,
        -0.915354 -1.879613 0.723237,
        -0.856299 -1.870079 0.724409,
        -0.915354 -1.870079 0.724409,
        -0.915354 -0.295276 0.724409,
        -0.856299 -0.295276 0.724409,
        -0.915354 -0.295276 0.645669,
        -0.856299 -0.295276 0.645669,
        -0.915354 -1.751969 0.645669,
        -0.856299 -1.751969 0.645669,
        -0.915354 -1.779752 0.597547,
        -0.856299 -1.779752 0.597547,
        -0.718504 -1.887240 0.649606,
        -0.659449 -1.887240 0.649606,
        -0.659449 -1.895309 0.654817,
        -0.718504 -1.895309 0.654817,
        -0.659449 -1.901878 0.661826,
        -0.718504 -1.901878 0.661826,
        -0.659449 -1.906552 0.670218,
        -0.718504 -1.906552 0.670218,
        -0.659449 -1.909056 0.679492,
        -0.718504 -1.909056 0.679492,
        -0.659449 -1.909239 0.689096,
        -0.718504 -1.909239 0.689096,
        -0.659449 -1.907091 0.698458,
        -0.718504 -1.907091 0.698458,
        -0.659449 -1.902740 0.707022,
        -0.718504 -1.902740 0.707022,
        -0.659449 -1.896444 0.714277,
        -0.718504 -1.896444 0.714277,
        -0.659449 -1.888580 0.719792,
        -0.718504 -1.888580 0.719792,
        -0.659449 -1.879613 0.723237,
        -0.718504 -1.879613 0.723237,
        -0.659449 -1.870079 0.724409,
        -0.718504 -1.870079 0.724409,
        -0.718504 -0.295276 0.724409,
        -0.659449 -0.295276 0.724409,
        -0.718504 -0.295276 0.645669,
        -0.659449 -0.295276 0.645669,
        -0.718504 -1.751969 0.645669,
        -0.659449 -1.751969 0.645669,
        -0.718504 -1.779752 0.597547,
        -0.659449 -1.779752 0.597547,
        -0.521654 -1.887240 0.649606,
        -0.462598 -1.887240 0.649606,
        -0.462598 -1.895309 0.654817,
        -0.521654 -1.895309 0.654817,
        -0.462598 -1.901878 0.661826,
        -0.521654 -1.901878 0.661826,
        -0.462598 -1.906552 0.670218,
        -0.521654 -1.906552 0.670218,
        -0.462598 -1.909056 0.679492,
        -0.521654 -1.909056 0.679492,
        -0.462598 -1.909239 0.689096,
        -0.521654 -1.909239 0.689096,
        -0.462598 -1.907091 0.698458,
        -0.521654 -1.907091 0.698458,
        -0.462598 -1.902740 0.707022,
        -0.521654 -1.902740 0.707022,
        -0.462598 -1.896444 0.714277,
        -0.521654 -1.896444 0.714277,
        -0.462598 -1.888580 0.719792,
        -0.521654 -1.888580 0.719792,
        -0.462598 -1.879613 0.723237,
        -0.521654 -1.879613 0.723237,
        -0.462598 -1.870079 0.724409,
        -0.521654 -1.870079 0.724409,
        -0.521654 -0.295276 0.724409,
        -0.462598 -0.295276 0.724409,
        -0.521654 -0.295276 0.645669,
        -0.462598 -0.295276 0.645669,
        -0.521654 -1.751969 0.645669,
        -0.462598 -1.751969 0.645669,
        -0.521654 -1.779752 0.597547,
        -0.462598 -1.779752 0.597547,
        -0.324803 -1.887240 0.649606,
        -0.265748 -1.887240 0.649606,
        -0.265748 -1.895309 0.654817,
        -0.324803 -1.895309 0.654817,
        -0.265748 -1.901878 0.661826,
        -0.324803 -1.901878 0.661826,
        -0.265748 -1.906552 0.670218,
        -0.324803 -1.906552 0.670218,
        -0.265748 -1.909056 0.679492,
        -0.324803 -1.909056 0.679492,
        -0.265748 -1.909239 0.689096,
        -0.324803 -1.909239 0.689096,
        -0.265748 -1.907091 0.698458,
        -0.324803 -1.907091 0.698458,
        -0.265748 -1.902740 0.707022,
        -0.324803 -1.902740 0.707022,
        -0.265748 -1.896444 0.714277,
        -0.324803 -1.896444 0.714277,
        -0.265748 -1.888580 0.719792,
        -0.324803 -1.888580 0.719792,
        -0.265748 -1.879613 0.723237,
        -0.324803 -1.879613 0.723237,
        -0.265748 -1.870079 0.724409,
        -0.324803 -1.870079 0.724409,
        -0.324803 -0.295276 0.724409,
        -0.265748 -0.295276 0.724409,
        -0.324803 -0.295276 0.645669,
        -0.265748 -0.295276 0.645669,
        -0.324803 -1.751969 0.645669,
        -0.265748 -1.751969 0.645669,
        -0.324803 -1.779752 0.597547,
        -0.265748 -1.779752 0.597547,
        -0.127953 -1.887240 0.649606,
        -0.068898 -1.887240 0.649606,
        -0.068898 -1.895309 0.654817,
        -0.127953 -1.895309 0.654817,
        -0.068898 -1.901878 0.661826,
        -0.127953 -1.901878 0.661826,
        -0.068898 -1.906552 0.670218,
        -0.127953 -1.906552 0.670218,
        -0.068898 -1.909056 0.679492,
        -0.127953 -1.909056 0.679492,
        -0.068898 -1.909239 0.689096,
        -0.127953 -1.909239 0.689096,
        -0.068898 -1.907091 0.698458,
        -0.127953 -1.907091 0.698458,
        -0.068898 -1.902740 0.707022,
        -0.127953 -1.902740 0.707022,
        -0.068898 -1.896444 0.714277,
        -0.127953 -1.896444 0.714277,
        -0.068898 -1.888580 0.719792,
        -0.127953 -1.888580 0.719792,
        -0.068898 -1.879613 0.723237,
        -0.127953 -1.879613 0.723237,
        -0.068898 -1.870079 0.724409,
        -0.127953 -1.870079 0.724409,
        -0.127953 -0.295276 0.724409,
        -0.068898 -0.295276 0.724409,
        -0.127953 -0.295276 0.645669,
        -0.068898 -0.295276 0.645669,
        -0.127953 -1.751969 0.645669,
        -0.068898 -1.751969 0.645669,
        -0.127953 -1.779752 0.597547,
        -0.068898 -1.779752 0.597547,
        0.068898 -1.887240 0.649606,
        0.127953 -1.887240 0.649606,
        0.127953 -1.895309 0.654817,
        0.068898 -1.895309 0.654817,
        0.127953 -1.901878 0.661826,
        0.068898 -1.901878 0.661826,
        0.127953 -1.906552 0.670218,
        0.068898 -1.906552 0.670218,
        0.127953 -1.909056 0.679492,
        0.068898 -1.909056 0.679492,
        0.127953 -1.909239 0.689096,
        0.068898 -1.909239 0.689096,
        0.127953 -1.907091 0.698458,
        0.068898 -1.907091 0.698458,
        0.127953 -1.902740 0.707022,
        0.068898 -1.902740 0.707022,
        0.127953 -1.896444 0.714277,
        0.068898 -1.896444 0.714277,
        0.127953 -1.888580 0.719792,
        0.068898 -1.888580 0.719792,
        0.127953 -1.879613 0.723237,
        0.068898 -1.879613 0.723237,
        0.127953 -1.870079 0.724409,
        0.068898 -1.870079 0.724409,
        0.068898 -0.295276 0.724409,
        0.127953 -0.295276 0.724409,
        0.068898 -0.295276 0.645669,
        0.127953 -0.295276 0.645669,
        0.068898 -1.751969 0.645669,
        0.127953 -1.751969 0.645669,
        0.068898 -1.779752 0.597547,
        0.127953 -1.779752 0.597547,
        0.265748 -1.887240 0.649606,
        0.324803 -1.887240 0.649606,
        0.324803 -1.895309 0.654817,
        0.265748 -1.895309 0.654817,
        0.324803 -1.901878 0.661826,
        0.265748 -1.901878 0.661826,
        0.324803 -1.906552 0.670218,
        0.265748 -1.906552 0.670218,
        0.324803 -1.909056 0.679492,
        0.265748 -1.909056 0.679492,
        0.324803 -1.909239 0.689096,
        0.265748 -1.909239 0.689096,
        0.324803 -1.907091 0.698458,
        0.265748 -1.907091 0.698458,
        0.324803 -1.902740 0.707022,
        0.265748 -1.902740 0.707022,
        0.324803 -1.896444 0.714277,
        0.265748 -1.896444 0.714277,
        0.324803 -1.888580 0.719792,
        0.265748 -1.888580 0.719792,
        0.324803 -1.879613 0.723237,
        0.265748 -1.879613 0.723237,
        0.324803 -1.870079 0.724409,
        0.265748 -1.870079 0.724409,
        0.265748 -0.295276 0.724409,
        0.324803 -0.295276 0.724409,
        0.265748 -0.295276 0.645669,
        0.324803 -0.295276 0.645669,
        0.265748 -1.751969 0.645669,
        0.324803 -1.751969 0.645669,
        0.265748 -1.779752 0.597547,
        0.324803 -1.779752 0.597547,
        0.462598 -1.887240 0.649606,
        0.521654 -1.887240 0.649606,
        0.521654 -1.895309 0.654817,
        0.462598 -1.895309 0.654817,
        0.521654 -1.901878 0.661826,
        0.462598 -1.901878 0.661826,
        0.521654 -1.906552 0.670218,
        0.462598 -1.906552 0.670218,
        0.521654 -1.909056 0.679492,
        0.462598 -1.909056 0.679492,
        0.521654 -1.909239 0.689096,
        0.462598 -1.909239 0.689096,
        0.521654 -1.907091 0.698458,
        0.462598 -1.907091 0.698458,
        0.521654 -1.902740 0.707022,
        0.462598 -1.902740 0.707022,
        0.521654 -1.896444 0.714277,
        0.462598 -1.896444 0.714277,
        0.521654 -1.888580 0.719792,
        0.462598 -1.888580 0.719792,
        0.521654 -1.879613 0.723237,
        0.462598 -1.879613 0.723237,
        0.521654 -1.870079 0.724409,
        0.462598 -1.870079 0.724409,
        0.462598 -0.295276 0.724409,
        0.521654 -0.295276 0.724409,
        0.462598 -0.295276 0.645669,
        0.521654 -0.295276 0.645669,
        0.462598 -1.751969 0.645669,
        0.521654 -1.751969 0.645669,
        0.462598 -1.779752 0.597547,
        0.521654 -1.779752 0.597547,
        0.659449 -1.887240 0.649606,
        0.718504 -1.887240 0.649606,
        0.718504 -1.895309 0.654817,
        0.659449 -1.895309 0.654817,
        0.718504 -1.901878 0.661826,
        0.659449 -1.901878 0.661826,
        0.718504 -1.906552 0.670218,
        0.659449 -1.906552 0.670218,
        0.718504 -1.909056 0.679492,
        0.659449 -1.909056 0.679492,
        0.718504 -1.909239 0.689096,
        0.659449 -1.909239 0.689096,
        0.718504 -1.907091 0.698458,
        0.659449 -1.907091 0.698458,
        0.718504 -1.902740 0.707022,
        0.659449 -1.902740 0.707022,
        0.718504 -1.896444 0.714277,
        0.659449 -1.896444 0.714277,
        0.718504 -1.888580 0.719792,
        0.659449 -1.888580 0.719792,
        0.718504 -1.879613 0.723237,
        0.659449 -1.879613 0.723237,
        0.718504 -1.870079 0.724409,
        0.659449 -1.870079 0.724409,
        0.659449 -0.295276 0.724409,
        0.718504 -0.295276 0.724409,
        0.659449 -0.295276 0.645669,
        0.718504 -0.295276 0.645669,
        0.659449 -1.751969 0.645669,
        0.718504 -1.751969 0.645669,
        0.659449 -1.779752 0.597547,
        0.718504 -1.779752 0.597547,
        0.856299 -1.887240 0.649606,
        0.915354 -1.887240 0.649606,
        0.915354 -1.895309 0.654817,
        0.856299 -1.895309 0.654817,
        0.915354 -1.901878 0.661826,
        0.856299 -1.901878 0.661826,
        0.915354 -1.906552 0.670218,
        0.856299 -1.906552 0.670218,
        0.915354 -1.909056 0.679492,
        0.856299 -1.909056 0.679492,
        0.915354 -1.909239 0.689096,
        0.856299 -1.909239 0.689096,
        0.915354 -1.907091 0.698458,
        0.856299 -1.907091 0.698458,
        0.915354 -1.902740 0.707022,
        0.856299 -1.902740 0.707022,
        0.915354 -1.896444 0.714277,
        0.856299 -1.896444 0.714277,
        0.915354 -1.888580 0.719792,
        0.856299 -1.888580 0.719792,
        0.915354 -1.879613 0.723237,
        0.856299 -1.879613 0.723237,
        0.915354 -1.870079 0.724409,
        0.856299 -1.870079 0.724409,
        0.856299 -0.295276 0.724409,
        0.915354 -0.295276 0.724409,
        0.856299 -0.295276 0.645669,
        0.915354 -0.295276 0.645669,
        0.856299 -1.751969 0.645669,
        0.915354 -1.751969 0.645669,
        0.856299 -1.779752 0.597547,
        0.915354 -1.779752 0.597547,
        1.053150 -1.887240 0.649606,
        1.112205 -1.887240 0.649606,
        1.112205 -1.895309 0.654817,
        1.053150 -1.895309 0.654817,
        1.112205 -1.901878 0.661826,
        1.053150 -1.901878 0.661826,
        1.112205 -1.906552 0.670218,
        1.053150 -1.906552 0.670218,
        1.112205 -1.909056 0.679492,
        1.053150 -1.909056 0.679492,
        1.112205 -1.909239 0.689096,
        1.053150 -1.909239 0.689096,
        1.112205 -1.907091 0.698458,
        1.053150 -1.907091 0.698458,
        1.112205 -1.902740 0.707022,
        1.053150 -1.902740 0.707022,
        1.112205 -1.896444 0.714277,
        1.053150 -1.896444 0.714277,
        1.112205 -1.888580 0.719792,
        1.053150 -1.888580 0.719792,
        1.112205 -1.879613 0.723237,
        1.053150 -1.879613 0.723237,
        1.112205 -1.870079 0.724409,
        1.053150 -1.870079 0.724409,
        1.053150 -0.295276 0.724409,
        1.112205 -0.295276 0.724409,
        1.053150 -0.295276 0.645669,
        1.112205 -0.295276 0.645669,
        1.053150 -1.751969 0.645669,
        1.112205 -1.751969 0.645669,
        1.053150 -1.779752 0.597547,
        1.112205 -1.779752 0.597547,
        1.250000 -1.887240 0.649606,
        1.309055 -1.887240 0.649606,
        1.309055 -1.895309 0.654817,
        1.250000 -1.895309 0.654817,
        1.309055 -1.901878 0.661826,
        1.250000 -1.901878 0.661826,
        1.309055 -1.906552 0.670218,
        1.250000 -1.906552 0.670218,
        1.309055 -1.909056 0.679492,
        1.250000 -1.909056 0.679492,
        1.309055 -1.909239 0.689096,
        1.250000 -1.909239 0.689096,
        1.309055 -1.907091 0.698458,
        1.250000 -1.907091 0.698458,
        1.309055 -1.902740 0.707022,
        1.250000 -1.902740 0.707022,
        1.309055 -1.896444 0.714277,
        1.250000 -1.896444 0.714277,
        1.309055 -1.888580 0.719792,
        1.250000 -1.888580 0.719792,
        1.309055 -1.879613 0.723237,
        1.250000 -1.879613 0.723237,
        1.309055 -1.870079 0.724409,
        1.250000 -1.870079 0.724409,
        1.250000 -0.295276 0.724409,
        1.309055 -0.295276 0.724409,
        1.250000 -0.295276 0.645669,
        1.309055 -0.295276 0.645669,
        1.250000 -1.751969 0.645669,
        1.309055 -1.751969 0.645669,
        1.250000 -1.779752 0.597547,
        1.309055 -1.779752 0.597547,
        1.446850 -1.887240 0.649606,
        1.505906 -1.887240 0.649606,
        1.505906 -1.895309 0.654817,
        1.446850 -1.895309 0.654817,
        1.505906 -1.901878 0.661826,
        1.446850 -1.901878 0.661826,
        1.505906 -1.906552 0.670218,
        1.446850 -1.906552 0.670218,
        1.505906 -1.909056 0.679492,
        1.446850 -1.909056 0.679492,
        1.505906 -1.909239 0.689096,
        1.446850 -1.909239 0.689096,
        1.505906 -1.907091 0.698458,
        1.446850 -1.907091 0.698458,
        1.505906 -1.902740 0.707022,
        1.446850 -1.902740 0.707022,
        1.505906 -1.896444 0.714277,
        1.446850 -1.896444 0.714277,
        1.505906 -1.888580 0.719792,
        1.446850 -1.888580 0.719792,
        1.505906 -1.879613 0.723237,
        1.446850 -1.879613 0.723237,
        1.505906 -1.870079 0.724409,
        1.446850 -1.870079 0.724409,
        1.446850 -0.295276 0.724409,
        1.505906 -0.295276 0.724409,
        1.446850 -0.295276 0.645669,
        1.505906 -0.295276 0.645669,
        1.446850 -1.751969 0.645669,
        1.505906 -1.751969 0.645669,
        1.446850 -1.779752 0.597547,
        1.505906 -1.779752 0.597547,
        1.643701 -1.887240 0.649606,
        1.702756 -1.887240 0.649606,
        1.702756 -1.895309 0.654817,
        1.643701 -1.895309 0.654817,
        1.702756 -1.901878 0.661826,
        1.643701 -1.901878 0.661826,
        1.702756 -1.906552 0.670218,
        1.643701 -1.906552 0.670218,
        1.702756 -1.909056 0.679492,
        1.643701 -1.909056 0.679492,
        1.702756 -1.909239 0.689096,
        1.643701 -1.909239 0.689096,
        1.702756 -1.907091 0.698458,
        1.643701 -1.907091 0.698458,
        1.702756 -1.902740 0.707022,
        1.643701 -1.902740 0.707022,
        1.702756 -1.896444 0.714277,
        1.643701 -1.896444 0.714277,
        1.702756 -1.888580 0.719792,
        1.643701 -1.888580 0.719792,
        1.702756 -1.879613 0.723237,
        1.643701 -1.879613 0.723237,
        1.702756 -1.870079 0.724409,
        1.643701 -1.870079 0.724409,
        1.643701 -0.295276 0.724409,
        1.702756 -0.295276 0.724409,
        1.643701 -0.295276 0.645669,
        1.702756 -0.295276 0.645669,
        1.643701 -1.751969 0.645669,
        1.702756 -1.751969 0.645669,
        1.643701 -1.779752 0.597547,
        1.702756 -1.779752 0.597547,
        1.840551 -1.887240 0.649606,
        1.899606 -1.887240 0.649606,
        1.899606 -1.895309 0.654817,
        1.840551 -1.895309 0.654817,
        1.899606 -1.901878 0.661826,
        1.840551 -1.901878 0.661826,
        1.899606 -1.906552 0.670218,
        1.840551 -1.906552 0.670218,
        1.899606 -1.909056 0.679492,
        1.840551 -1.909056 0.679492,
        1.899606 -1.909239 0.689096,
        1.840551 -1.909239 0.689096,
        1.899606 -1.907091 0.698458,
        1.840551 -1.907091 0.698458,
        1.899606 -1.902740 0.707022,
        1.840551 -1.902740 0.707022,
        1.899606 -1.896444 0.714277,
        1.840551 -1.896444 0.714277,
        1.899606 -1.888580 0.719792,
        1.840551 -1.888580 0.719792,
        1.899606 -1.879613 0.723237,
        1.840551 -1.879613 0.723237,
        1.899606 -1.870079 0.724409,
        1.840551 -1.870079 0.724409,
        1.840551 -0.295276 0.724409,
        1.899606 -0.295276 0.724409,
        1.840551 -0.295276 0.645669,
        1.899606 -0.295276 0.645669,
        1.840551 -1.751969 0.645669,
        1.899606 -1.751969 0.645669,
        1.840551 -1.779752 0.597547,
        1.899606 -1.779752 0.597547,
        2.037402 -1.887240 0.649606,
        2.096457 -1.887240 0.649606,
        2.096457 -1.895309 0.654817,
        2.037402 -1.895309 0.654817,
        2.096457 -1.901878 0.661826,
        2.037402 -1.901878 0.661826,
        2.096457 -1.906552 0.670218,
        2.037402 -1.906552 0.670218,
        2.096457 -1.909056 0.679492,
        2.037402 -1.909056 0.679492,
        2.096457 -1.909239 0.689096,
        2.037402 -1.909239 0.689096,
        2.096457 -1.907091 0.698458,
        2.037402 -1.907091 0.698458,
        2.096457 -1.902740 0.707022,
        2.037402 -1.902740 0.707022,
        2.096457 -1.896444 0.714277,
        2.037402 -1.896444 0.714277,
        2.096457 -1.888580 0.719792,
        2.037402 -1.888580 0.719792,
        2.096457 -1.879613 0.723237,
        2.037402 -1.879613 0.723237,
        2.096457 -1.870079 0.724409,
        2.037402 -1.870079 0.724409,
        2.037402 -0.295276 0.724409,
        2.096457 -0.295276 0.724409,
        2.037402 -0.295276 0.645669,
        2.096457 -0.295276 0.645669,
        2.037402 -1.751969 0.645669,
        2.096457 -1.751969 0.645669,
        2.037402 -1.779752 0.597547,
        2.096457 -1.779752 0.597547,
        2.234252 -1.887240 0.649606,
        2.293307 -1.887240 0.649606,
        2.293307 -1.895309 0.654817,
        2.234252 -1.895309 0.654817,
        2.293307 -1.901878 0.661826,
        2.234252 -1.901878 0.661826,
        2.293307 -1.906552 0.670218,
        2.234252 -1.906552 0.670218,
        2.293307 -1.909056 0.679492,
        2.234252 -1.909056 0.679492,
        2.293307 -1.909239 0.689096,
        2.234252 -1.909239 0.689096,
        2.293307 -1.907091 0.698458,
        2.234252 -1.907091 0.698458,
        2.293307 -1.902740 0.707022,
        2.234252 -1.902740 0.707022,
        2.293307 -1.896444 0.714277,
        2.234252 -1.896444 0.714277,
        2.293307 -1.888580 0.719792,
        2.234252 -1.888580 0.719792,
        2.293307 -1.879613 0.723237,
        2.234252 -1.879613 0.723237,
        2.293307 -1.870079 0.724409,
        2.234252 -1.870079 0.724409,
        2.234252 -0.295276 0.724409,
        2.293307 -0.295276 0.724409,
        2.234252 -0.295276 0.645669,
        2.293307 -0.295276 0.645669,
        2.234252 -1.751969 0.645669,
        2.293307 -1.751969 0.645669,
        2.234252 -1.779752 0.597547,
        2.293307 -1.779752 0.597547,
      ]
    }
    coordIndex [
      0, 1, 2, -1,
      0, 2, 3, -1,
      3, 2, 4, -1,
      3, 4, 5, -1,
      5, 4, 6, -1,
      5, 6, 7, -1,
      7, 6, 8, -1,
      7, 8, 9, -1,
      9, 8, 10, -1,
      9, 10, 11, -1,
      11, 10, 12, -1,
      11, 12, 13, -1,
      13, 12, 14, -1,
      13, 14, 15, -1,
      15, 14, 16, -1,
      15, 16, 17, -1,
      17, 16, 18, -1,
      17, 18, 19, -1,
      19, 18, 20, -1,
      19, 20, 21, -1,
      21, 20, 22, -1,
      21, 22, 23, -1,
      24, 23, 25, -1,
      25, 23, 22, -1,
      26, 24, 27, -1,
      27, 24, 25, -1,
      28, 26, 29, -1,
      29, 26, 27, -1,
      30, 28, 31, -1,
      31, 28, 29, -1,
      0, 30, 1, -1,
      1, 30, 31, -1,
      24, 26, 23, -1,
      23, 26, 28, -1,
      23, 28, 30, -1,
      30, 0, 23, -1,
      23, 0, 3, -1,
      23, 3, 5, -1,
      5, 7, 23, -1,
      23, 7, 9, -1,
      23, 9, 11, -1,
      15, 17, 13, -1,
      13, 17, 19, -1,
      13, 19, 11, -1,
      11, 19, 21, -1,
      11, 21, 23, -1,
      27, 25, 29, -1,
      29, 25, 22, -1,
      20, 18, 10, -1,
      6, 4, 22, -1,
      31, 29, 1, -1,
      1, 29, 22, -1,
      1, 22, 2, -1,
      2, 22, 4, -1,
      10, 18, 12, -1,
      12, 18, 16, -1,
      12, 16, 14, -1,
      20, 10, 22, -1,
      22, 10, 8, -1,
      22, 8, 6, -1,
      32, 33, 34, -1,
      32, 34, 35, -1,
      35, 34, 36, -1,
      35, 36, 37, -1,
      37, 36, 38, -1,
      37, 38, 39, -1,
      39, 38, 40, -1,
      39, 40, 41, -1,
      41, 40, 42, -1,
      41, 42, 43, -1,
      43, 42, 44, -1,
      43, 44, 45, -1,
      45, 44, 46, -1,
      45, 46, 47, -1,
      47, 46, 48, -1,
      47, 48, 49, -1,
      49, 48, 50, -1,
      49, 50, 51, -1,
      51, 50, 52, -1,
      51, 52, 53, -1,
      53, 52, 54, -1,
      53, 54, 55, -1,
      56, 55, 57, -1,
      57, 55, 54, -1,
      58, 56, 59, -1,
      59, 56, 57, -1,
      60, 58, 61, -1,
      61, 58, 59, -1,
      62, 60, 63, -1,
      63, 60, 61, -1,
      32, 62, 33, -1,
      33, 62, 63, -1,
      56, 58, 55, -1,
      55, 58, 60, -1,
      55, 60, 62, -1,
      62, 32, 55, -1,
      55, 32, 35, -1,
      55, 35, 37, -1,
      37, 39, 55, -1,
      55, 39, 41, -1,
      55, 41, 43, -1,
      47, 49, 45, -1,
      45, 49, 51, -1,
      45, 51, 43, -1,
      43, 51, 53, -1,
      43, 53, 55, -1,
      59, 57, 61, -1,
      61, 57, 54, -1,
      52, 50, 42, -1,
      38, 36, 54, -1,
      63, 61, 33, -1,
      33, 61, 54, -1,
      33, 54, 34, -1,
      34, 54, 36, -1,
      42, 50, 44, -1,
      44, 50, 48, -1,
      44, 48, 46, -1,
      52, 42, 54, -1,
      54, 42, 40, -1,
      54, 40, 38, -1,
      64, 65, 66, -1,
      64, 66, 67, -1,
      67, 66, 68, -1,
      67, 68, 69, -1,
      69, 68, 70, -1,
      69, 70, 71, -1,
      71, 70, 72, -1,
      71, 72, 73, -1,
      73, 72, 74, -1,
      73, 74, 75, -1,
      75, 74, 76, -1,
      75, 76, 77, -1,
      77, 76, 78, -1,
      77, 78, 79, -1,
      79, 78, 80, -1,
      79, 80, 81, -1,
      81, 80, 82, -1,
      81, 82, 83, -1,
      83, 82, 84, -1,
      83, 84, 85, -1,
      85, 84, 86, -1,
      85, 86, 87, -1,
      88, 87, 89, -1,
      89, 87, 86, -1,
      90, 88, 91, -1,
      91, 88, 89, -1,
      92, 90, 93, -1,
      93, 90, 91, -1,
      94, 92, 95, -1,
      95, 92, 93, -1,
      64, 94, 65, -1,
      65, 94, 95, -1,
      88, 90, 87, -1,
      87, 90, 92, -1,
      87, 92, 94, -1,
      94, 64, 87, -1,
      87, 64, 67, -1,
      87, 67, 69, -1,
      69, 71, 87, -1,
      87, 71, 73, -1,
      87, 73, 75, -1,
      79, 81, 77, -1,
      77, 81, 83, -1,
      77, 83, 75, -1,
      75, 83, 85, -1,
      75, 85, 87, -1,
      91, 89, 93, -1,
      93, 89, 86, -1,
      84, 82, 74, -1,
      70, 68, 86, -1,
      95, 93, 65, -1,
      65, 93, 86, -1,
      65, 86, 66, -1,
      66, 86, 68, -1,
      74, 82, 76, -1,
      76, 82, 80, -1,
      76, 80, 78, -1,
      84, 74, 86, -1,
      86, 74, 72, -1,
      86, 72, 70, -1,
      96, 97, 98, -1,
      96, 98, 99, -1,
      99, 98, 100, -1,
      99, 100, 101, -1,
      101, 100, 102, -1,
      101, 102, 103, -1,
      103, 102, 104, -1,
      103, 104, 105, -1,
      105, 104, 106, -1,
      105, 106, 107, -1,
      107, 106, 108, -1,
      107, 108, 109, -1,
      109, 108, 110, -1,
      109, 110, 111, -1,
      111, 110, 112, -1,
      111, 112, 113, -1,
      113, 112, 114, -1,
      113, 114, 115, -1,
      115, 114, 116, -1,
      115, 116, 117, -1,
      117, 116, 118, -1,
      117, 118, 119, -1,
      120, 119, 121, -1,
      121, 119, 118, -1,
      122, 120, 123, -1,
      123, 120, 121, -1,
      124, 122, 125, -1,
      125, 122, 123, -1,
      126, 124, 127, -1,
      127, 124, 125, -1,
      96, 126, 97, -1,
      97, 126, 127, -1,
      120, 122, 119, -1,
      119, 122, 124, -1,
      119, 124, 126, -1,
      126, 96, 119, -1,
      119, 96, 99, -1,
      119, 99, 101, -1,
      101, 103, 119, -1,
      119, 103, 105, -1,
      119, 105, 107, -1,
      111, 113, 109, -1,
      109, 113, 115, -1,
      109, 115, 107, -1,
      107, 115, 117, -1,
      107, 117, 119, -1,
      123, 121, 125, -1,
      125, 121, 118, -1,
      116, 114, 106, -1,
      102, 100, 118, -1,
      127, 125, 97, -1,
      97, 125, 118, -1,
      97, 118, 98, -1,
      98, 118, 100, -1,
      106, 114, 108, -1,
      108, 114, 112, -1,
      108, 112, 110, -1,
      116, 106, 118, -1,
      118, 106, 104, -1,
      118, 104, 102, -1,
      128, 129, 130, -1,
      128, 130, 131, -1,
      131, 130, 132, -1,
      131, 132, 133, -1,
      133, 132, 134, -1,
      133, 134, 135, -1,
      135, 134, 136, -1,
      135, 136, 137, -1,
      137, 136, 138, -1,
      137, 138, 139, -1,
      139, 138, 140, -1,
      139, 140, 141, -1,
      141, 140, 142, -1,
      141, 142, 143, -1,
      143, 142, 144, -1,
      143, 144, 145, -1,
      145, 144, 146, -1,
      145, 146, 147, -1,
      147, 146, 148, -1,
      147, 148, 149, -1,
      149, 148, 150, -1,
      149, 150, 151, -1,
      152, 151, 153, -1,
      153, 151, 150, -1,
      154, 152, 155, -1,
      155, 152, 153, -1,
      156, 154, 157, -1,
      157, 154, 155, -1,
      158, 156, 159, -1,
      159, 156, 157, -1,
      128, 158, 129, -1,
      129, 158, 159, -1,
      152, 154, 151, -1,
      151, 154, 156, -1,
      151, 156, 158, -1,
      158, 128, 151, -1,
      151, 128, 131, -1,
      151, 131, 133, -1,
      133, 135, 151, -1,
      151, 135, 137, -1,
      151, 137, 139, -1,
      143, 145, 141, -1,
      141, 145, 147, -1,
      141, 147, 139, -1,
      139, 147, 149, -1,
      139, 149, 151, -1,
      155, 153, 157, -1,
      157, 153, 150, -1,
      148, 146, 138, -1,
      134, 132, 150, -1,
      159, 157, 129, -1,
      129, 157, 150, -1,
      129, 150, 130, -1,
      130, 150, 132, -1,
      138, 146, 140, -1,
      140, 146, 144, -1,
      140, 144, 142, -1,
      148, 138, 150, -1,
      150, 138, 136, -1,
      150, 136, 134, -1,
      160, 161, 162, -1,
      160, 162, 163, -1,
      163, 162, 164, -1,
      163, 164, 165, -1,
      165, 164, 166, -1,
      165, 166, 167, -1,
      167, 166, 168, -1,
      167, 168, 169, -1,
      169, 168, 170, -1,
      169, 170, 171, -1,
      171, 170, 172, -1,
      171, 172, 173, -1,
      173, 172, 174, -1,
      173, 174, 175, -1,
      175, 174, 176, -1,
      175, 176, 177, -1,
      177, 176, 178, -1,
      177, 178, 179, -1,
      179, 178, 180, -1,
      179, 180, 181, -1,
      181, 180, 182, -1,
      181, 182, 183, -1,
      184, 183, 185, -1,
      185, 183, 182, -1,
      186, 184, 187, -1,
      187, 184, 185, -1,
      188, 186, 189, -1,
      189, 186, 187, -1,
      190, 188, 191, -1,
      191, 188, 189, -1,
      160, 190, 161, -1,
      161, 190, 191, -1,
      184, 186, 183, -1,
      183, 186, 188, -1,
      183, 188, 190, -1,
      190, 160, 183, -1,
      183, 160, 163, -1,
      183, 163, 165, -1,
      165, 167, 183, -1,
      183, 167, 169, -1,
      183, 169, 171, -1,
      175, 177, 173, -1,
      173, 177, 179, -1,
      173, 179, 171, -1,
      171, 179, 181, -1,
      171, 181, 183, -1,
      187, 185, 189, -1,
      189, 185, 182, -1,
      180, 178, 170, -1,
      166, 164, 182, -1,
      191, 189, 161, -1,
      161, 189, 182, -1,
      161, 182, 162, -1,
      162, 182, 164, -1,
      170, 178, 172, -1,
      172, 178, 176, -1,
      172, 176, 174, -1,
      180, 170, 182, -1,
      182, 170, 168, -1,
      182, 168, 166, -1,
      192, 193, 194, -1,
      192, 194, 195, -1,
      195, 194, 196, -1,
      195, 196, 197, -1,
      197, 196, 198, -1,
      197, 198, 199, -1,
      199, 198, 200, -1,
      199, 200, 201, -1,
      201, 200, 202, -1,
      201, 202, 203, -1,
      203, 202, 204, -1,
      203, 204, 205, -1,
      205, 204, 206, -1,
      205, 206, 207, -1,
      207, 206, 208, -1,
      207, 208, 209, -1,
      209, 208, 210, -1,
      209, 210, 211, -1,
      211, 210, 212, -1,
      211, 212, 213, -1,
      213, 212, 214, -1,
      213, 214, 215, -1,
      216, 215, 217, -1,
      217, 215, 214, -1,
      218, 216, 219, -1,
      219, 216, 217, -1,
      220, 218, 221, -1,
      221, 218, 219, -1,
      222, 220, 223, -1,
      223, 220, 221, -1,
      192, 222, 193, -1,
      193, 222, 223, -1,
      216, 218, 215, -1,
      215, 218, 220, -1,
      215, 220, 222, -1,
      222, 192, 215, -1,
      215, 192, 195, -1,
      215, 195, 197, -1,
      197, 199, 215, -1,
      215, 199, 201, -1,
      215, 201, 203, -1,
      207, 209, 205, -1,
      205, 209, 211, -1,
      205, 211, 203, -1,
      203, 211, 213, -1,
      203, 213, 215, -1,
      219, 217, 221, -1,
      221, 217, 214, -1,
      212, 210, 202, -1,
      198, 196, 214, -1,
      223, 221, 193, -1,
      193, 221, 214, -1,
      193, 214, 194, -1,
      194, 214, 196, -1,
      202, 210, 204, -1,
      204, 210, 208, -1,
      204, 208, 206, -1,
      212, 202, 214, -1,
      214, 202, 200, -1,
      214, 200, 198, -1,
      224, 225, 226, -1,
      224, 226, 227, -1,
      227, 226, 228, -1,
      227, 228, 229, -1,
      229, 228, 230, -1,
      229, 230, 231, -1,
      231, 230, 232, -1,
      231, 232, 233, -1,
      233, 232, 234, -1,
      233, 234, 235, -1,
      235, 234, 236, -1,
      235, 236, 237, -1,
      237, 236, 238, -1,
      237, 238, 239, -1,
      239, 238, 240, -1,
      239, 240, 241, -1,
      241, 240, 242, -1,
      241, 242, 243, -1,
      243, 242, 244, -1,
      243, 244, 245, -1,
      245, 244, 246, -1,
      245, 246, 247, -1,
      248, 247, 249, -1,
      249, 247, 246, -1,
      250, 248, 251, -1,
      251, 248, 249, -1,
      252, 250, 253, -1,
      253, 250, 251, -1,
      254, 252, 255, -1,
      255, 252, 253, -1,
      224, 254, 225, -1,
      225, 254, 255, -1,
      248, 250, 247, -1,
      247, 250, 252, -1,
      247, 252, 254, -1,
      254, 224, 247, -1,
      247, 224, 227, -1,
      247, 227, 229, -1,
      229, 231, 247, -1,
      247, 231, 233, -1,
      247, 233, 235, -1,
      239, 241, 237, -1,
      237, 241, 243, -1,
      237, 243, 235, -1,
      235, 243, 245, -1,
      235, 245, 247, -1,
      251, 249, 253, -1,
      253, 249, 246, -1,
      244, 242, 234, -1,
      230, 228, 246, -1,
      255, 253, 225, -1,
      225, 253, 246, -1,
      225, 246, 226, -1,
      226, 246, 228, -1,
      234, 242, 236, -1,
      236, 242, 240, -1,
      236, 240, 238, -1,
      244, 234, 246, -1,
      246, 234, 232, -1,
      246, 232, 230, -1,
      256, 257, 258, -1,
      256, 258, 259, -1,
      259, 258, 260, -1,
      259, 260, 261, -1,
      261, 260, 262, -1,
      261, 262, 263, -1,
      263, 262, 264, -1,
      263, 264, 265, -1,
      265, 264, 266, -1,
      265, 266, 267, -1,
      267, 266, 268, -1,
      267, 268, 269, -1,
      269, 268, 270, -1,
      269, 270, 271, -1,
      271, 270, 272, -1,
      271, 272, 273, -1,
      273, 272, 274, -1,
      273, 274, 275, -1,
      275, 274, 276, -1,
      275, 276, 277, -1,
      277, 276, 278, -1,
      277, 278, 279, -1,
      280, 279, 281, -1,
      281, 279, 278, -1,
      282, 280, 283, -1,
      283, 280, 281, -1,
      284, 282, 285, -1,
      285, 282, 283, -1,
      286, 284, 287, -1,
      287, 284, 285, -1,
      256, 286, 257, -1,
      257, 286, 287, -1,
      280, 282, 279, -1,
      279, 282, 284, -1,
      279, 284, 286, -1,
      286, 256, 279, -1,
      279, 256, 259, -1,
      279, 259, 261, -1,
      261, 263, 279, -1,
      279, 263, 265, -1,
      279, 265, 267, -1,
      271, 273, 269, -1,
      269, 273, 275, -1,
      269, 275, 267, -1,
      267, 275, 277, -1,
      267, 277, 279, -1,
      283, 281, 285, -1,
      285, 281, 278, -1,
      276, 274, 266, -1,
      262, 260, 278, -1,
      287, 285, 257, -1,
      257, 285, 278, -1,
      257, 278, 258, -1,
      258, 278, 260, -1,
      266, 274, 268, -1,
      268, 274, 272, -1,
      268, 272, 270, -1,
      276, 266, 278, -1,
      278, 266, 264, -1,
      278, 264, 262, -1,
      288, 289, 290, -1,
      288, 290, 291, -1,
      291, 290, 292, -1,
      291, 292, 293, -1,
      293, 292, 294, -1,
      293, 294, 295, -1,
      295, 294, 296, -1,
      295, 296, 297, -1,
      297, 296, 298, -1,
      297, 298, 299, -1,
      299, 298, 300, -1,
      299, 300, 301, -1,
      301, 300, 302, -1,
      301, 302, 303, -1,
      303, 302, 304, -1,
      303, 304, 305, -1,
      305, 304, 306, -1,
      305, 306, 307, -1,
      307, 306, 308, -1,
      307, 308, 309, -1,
      309, 308, 310, -1,
      309, 310, 311, -1,
      312, 311, 313, -1,
      313, 311, 310, -1,
      314, 312, 315, -1,
      315, 312, 313, -1,
      316, 314, 317, -1,
      317, 314, 315, -1,
      318, 316, 319, -1,
      319, 316, 317, -1,
      288, 318, 289, -1,
      289, 318, 319, -1,
      312, 314, 311, -1,
      311, 314, 316, -1,
      311, 316, 318, -1,
      318, 288, 311, -1,
      311, 288, 291, -1,
      311, 291, 293, -1,
      293, 295, 311, -1,
      311, 295, 297, -1,
      311, 297, 299, -1,
      303, 305, 301, -1,
      301, 305, 307, -1,
      301, 307, 299, -1,
      299, 307, 309, -1,
      299, 309, 311, -1,
      315, 313, 317, -1,
      317, 313, 310, -1,
      308, 306, 298, -1,
      294, 292, 310, -1,
      319, 317, 289, -1,
      289, 317, 310, -1,
      289, 310, 290, -1,
      290, 310, 292, -1,
      298, 306, 300, -1,
      300, 306, 304, -1,
      300, 304, 302, -1,
      308, 298, 310, -1,
      310, 298, 296, -1,
      310, 296, 294, -1,
      320, 321, 322, -1,
      320, 322, 323, -1,
      323, 322, 324, -1,
      323, 324, 325, -1,
      325, 324, 326, -1,
      325, 326, 327, -1,
      327, 326, 328, -1,
      327, 328, 329, -1,
      329, 328, 330, -1,
      329, 330, 331, -1,
      331, 330, 332, -1,
      331, 332, 333, -1,
      333, 332, 334, -1,
      333, 334, 335, -1,
      335, 334, 336, -1,
      335, 336, 337, -1,
      337, 336, 338, -1,
      337, 338, 339, -1,
      339, 338, 340, -1,
      339, 340, 341, -1,
      341, 340, 342, -1,
      341, 342, 343, -1,
      344, 343, 345, -1,
      345, 343, 342, -1,
      346, 344, 347, -1,
      347, 344, 345, -1,
      348, 346, 349, -1,
      349, 346, 347, -1,
      350, 348, 351, -1,
      351, 348, 349, -1,
      320, 350, 321, -1,
      321, 350, 351, -1,
      344, 346, 343, -1,
      343, 346, 348, -1,
      343, 348, 350, -1,
      350, 320, 343, -1,
      343, 320, 323, -1,
      343, 323, 325, -1,
      325, 327, 343, -1,
      343, 327, 329, -1,
      343, 329, 331, -1,
      335, 337, 333, -1,
      333, 337, 339, -1,
      333, 339, 331, -1,
      331, 339, 341, -1,
      331, 341, 343, -1,
      347, 345, 349, -1,
      349, 345, 342, -1,
      340, 338, 330, -1,
      326, 324, 342, -1,
      351, 349, 321, -1,
      321, 349, 342, -1,
      321, 342, 322, -1,
      322, 342, 324, -1,
      330, 338, 332, -1,
      332, 338, 336, -1,
      332, 336, 334, -1,
      340, 330, 342, -1,
      342, 330, 328, -1,
      342, 328, 326, -1,
      352, 353, 354, -1,
      352, 354, 355, -1,
      355, 354, 356, -1,
      355, 356, 357, -1,
      357, 356, 358, -1,
      357, 358, 359, -1,
      359, 358, 360, -1,
      359, 360, 361, -1,
      361, 360, 362, -1,
      361, 362, 363, -1,
      363, 362, 364, -1,
      363, 364, 365, -1,
      365, 364, 366, -1,
      365, 366, 367, -1,
      367, 366, 368, -1,
      367, 368, 369, -1,
      369, 368, 370, -1,
      369, 370, 371, -1,
      371, 370, 372, -1,
      371, 372, 373, -1,
      373, 372, 374, -1,
      373, 374, 375, -1,
      376, 375, 377, -1,
      377, 375, 374, -1,
      378, 376, 379, -1,
      379, 376, 377, -1,
      380, 378, 381, -1,
      381, 378, 379, -1,
      382, 380, 383, -1,
      383, 380, 381, -1,
      352, 382, 353, -1,
      353, 382, 383, -1,
      376, 378, 375, -1,
      375, 378, 380, -1,
      375, 380, 382, -1,
      382, 352, 375, -1,
      375, 352, 355, -1,
      375, 355, 357, -1,
      357, 359, 375, -1,
      375, 359, 361, -1,
      375, 361, 363, -1,
      367, 369, 365, -1,
      365, 369, 371, -1,
      365, 371, 363, -1,
      363, 371, 373, -1,
      363, 373, 375, -1,
      379, 377, 381, -1,
      381, 377, 374, -1,
      372, 370, 362, -1,
      358, 356, 374, -1,
      383, 381, 353, -1,
      353, 381, 374, -1,
      353, 374, 354, -1,
      354, 374, 356, -1,
      362, 370, 364, -1,
      364, 370, 368, -1,
      364, 368, 366, -1,
      372, 362, 374, -1,
      374, 362, 360, -1,
      374, 360, 358, -1,
      384, 385, 386, -1,
      384, 386, 387, -1,
      387, 386, 388, -1,
      387, 388, 389, -1,
      389, 388, 390, -1,
      389, 390, 391, -1,
      391, 390, 392, -1,
      391, 392, 393, -1,
      393, 392, 394, -1,
      393, 394, 395, -1,
      395, 394, 396, -1,
      395, 396, 397, -1,
      397, 396, 398, -1,
      397, 398, 399, -1,
      399, 398, 400, -1,
      399, 400, 401, -1,
      401, 400, 402, -1,
      401, 402, 403, -1,
      403, 402, 404, -1,
      403, 404, 405, -1,
      405, 404, 406, -1,
      405, 406, 407, -1,
      408, 407, 409, -1,
      409, 407, 406, -1,
      410, 408, 411, -1,
      411, 408, 409, -1,
      412, 410, 413, -1,
      413, 410, 411, -1,
      414, 412, 415, -1,
      415, 412, 413, -1,
      384, 414, 385, -1,
      385, 414, 415, -1,
      408, 410, 407, -1,
      407, 410, 412, -1,
      407, 412, 414, -1,
      414, 384, 407, -1,
      407, 384, 387, -1,
      407, 387, 389, -1,
      389, 391, 407, -1,
      407, 391, 393, -1,
      407, 393, 395, -1,
      399, 401, 397, -1,
      397, 401, 403, -1,
      397, 403, 395, -1,
      395, 403, 405, -1,
      395, 405, 407, -1,
      411, 409, 413, -1,
      413, 409, 406, -1,
      404, 402, 394, -1,
      390, 388, 406, -1,
      415, 413, 385, -1,
      385, 413, 406, -1,
      385, 406, 386, -1,
      386, 406, 388, -1,
      394, 402, 396, -1,
      396, 402, 400, -1,
      396, 400, 398, -1,
      404, 394, 406, -1,
      406, 394, 392, -1,
      406, 392, 390, -1,
      416, 417, 418, -1,
      416, 418, 419, -1,
      419, 418, 420, -1,
      419, 420, 421, -1,
      421, 420, 422, -1,
      421, 422, 423, -1,
      423, 422, 424, -1,
      423, 424, 425, -1,
      425, 424, 426, -1,
      425, 426, 427, -1,
      427, 426, 428, -1,
      427, 428, 429, -1,
      429, 428, 430, -1,
      429, 430, 431, -1,
      431, 430, 432, -1,
      431, 432, 433, -1,
      433, 432, 434, -1,
      433, 434, 435, -1,
      435, 434, 436, -1,
      435, 436, 437, -1,
      437, 436, 438, -1,
      437, 438, 439, -1,
      440, 439, 441, -1,
      441, 439, 438, -1,
      442, 440, 443, -1,
      443, 440, 441, -1,
      444, 442, 445, -1,
      445, 442, 443, -1,
      446, 444, 447, -1,
      447, 444, 445, -1,
      416, 446, 417, -1,
      417, 446, 447, -1,
      440, 442, 439, -1,
      439, 442, 444, -1,
      439, 444, 446, -1,
      446, 416, 439, -1,
      439, 416, 419, -1,
      439, 419, 421, -1,
      421, 423, 439, -1,
      439, 423, 425, -1,
      439, 425, 427, -1,
      431, 433, 429, -1,
      429, 433, 435, -1,
      429, 435, 427, -1,
      427, 435, 437, -1,
      427, 437, 439, -1,
      443, 441, 445, -1,
      445, 441, 438, -1,
      436, 434, 426, -1,
      422, 420, 438, -1,
      447, 445, 417, -1,
      417, 445, 438, -1,
      417, 438, 418, -1,
      418, 438, 420, -1,
      426, 434, 428, -1,
      428, 434, 432, -1,
      428, 432, 430, -1,
      436, 426, 438, -1,
      438, 426, 424, -1,
      438, 424, 422, -1,
      448, 449, 450, -1,
      448, 450, 451, -1,
      451, 450, 452, -1,
      451, 452, 453, -1,
      453, 452, 454, -1,
      453, 454, 455, -1,
      455, 454, 456, -1,
      455, 456, 457, -1,
      457, 456, 458, -1,
      457, 458, 459, -1,
      459, 458, 460, -1,
      459, 460, 461, -1,
      461, 460, 462, -1,
      461, 462, 463, -1,
      463, 462, 464, -1,
      463, 464, 465, -1,
      465, 464, 466, -1,
      465, 466, 467, -1,
      467, 466, 468, -1,
      467, 468, 469, -1,
      469, 468, 470, -1,
      469, 470, 471, -1,
      472, 471, 473, -1,
      473, 471, 470, -1,
      474, 472, 475, -1,
      475, 472, 473, -1,
      476, 474, 477, -1,
      477, 474, 475, -1,
      478, 476, 479, -1,
      479, 476, 477, -1,
      448, 478, 449, -1,
      449, 478, 479, -1,
      472, 474, 471, -1,
      471, 474, 476, -1,
      471, 476, 478, -1,
      478, 448, 471, -1,
      471, 448, 451, -1,
      471, 451, 453, -1,
      453, 455, 471, -1,
      471, 455, 457, -1,
      471, 457, 459, -1,
      463, 465, 461, -1,
      461, 465, 467, -1,
      461, 467, 459, -1,
      459, 467, 469, -1,
      459, 469, 471, -1,
      475, 473, 477, -1,
      477, 473, 470, -1,
      468, 466, 458, -1,
      454, 452, 470, -1,
      479, 477, 449, -1,
      449, 477, 470, -1,
      449, 470, 450, -1,
      450, 470, 452, -1,
      458, 466, 460, -1,
      460, 466, 464, -1,
      460, 464, 462, -1,
      468, 458, 470, -1,
      470, 458, 456, -1,
      470, 456, 454, -1,
      480, 481, 482, -1,
      480, 482, 483, -1,
      483, 482, 484, -1,
      483, 484, 485, -1,
      485, 484, 486, -1,
      485, 486, 487, -1,
      487, 486, 488, -1,
      487, 488, 489, -1,
      489, 488, 490, -1,
      489, 490, 491, -1,
      491, 490, 492, -1,
      491, 492, 493, -1,
      493, 492, 494, -1,
      493, 494, 495, -1,
      495, 494, 496, -1,
      495, 496, 497, -1,
      497, 496, 498, -1,
      497, 498, 499, -1,
      499, 498, 500, -1,
      499, 500, 501, -1,
      501, 500, 502, -1,
      501, 502, 503, -1,
      504, 503, 505, -1,
      505, 503, 502, -1,
      506, 504, 507, -1,
      507, 504, 505, -1,
      508, 506, 509, -1,
      509, 506, 507, -1,
      510, 508, 511, -1,
      511, 508, 509, -1,
      480, 510, 481, -1,
      481, 510, 511, -1,
      504, 506, 503, -1,
      503, 506, 508, -1,
      503, 508, 510, -1,
      510, 480, 503, -1,
      503, 480, 483, -1,
      503, 483, 485, -1,
      485, 487, 503, -1,
      503, 487, 489, -1,
      503, 489, 491, -1,
      495, 497, 493, -1,
      493, 497, 499, -1,
      493, 499, 491, -1,
      491, 499, 501, -1,
      491, 501, 503, -1,
      507, 505, 509, -1,
      509, 505, 502, -1,
      500, 498, 490, -1,
      486, 484, 502, -1,
      511, 509, 481, -1,
      481, 509, 502, -1,
      481, 502, 482, -1,
      482, 502, 484, -1,
      490, 498, 492, -1,
      492, 498, 496, -1,
      492, 496, 494, -1,
      500, 490, 502, -1,
      502, 490, 488, -1,
      502, 488, 486, -1,
      512, 513, 514, -1,
      512, 514, 515, -1,
      515, 514, 516, -1,
      515, 516, 517, -1,
      517, 516, 518, -1,
      517, 518, 519, -1,
      519, 518, 520, -1,
      519, 520, 521, -1,
      521, 520, 522, -1,
      521, 522, 523, -1,
      523, 522, 524, -1,
      523, 524, 525, -1,
      525, 524, 526, -1,
      525, 526, 527, -1,
      527, 526, 528, -1,
      527, 528, 529, -1,
      529, 528, 530, -1,
      529, 530, 531, -1,
      531, 530, 532, -1,
      531, 532, 533, -1,
      533, 532, 534, -1,
      533, 534, 535, -1,
      536, 535, 537, -1,
      537, 535, 534, -1,
      538, 536, 539, -1,
      539, 536, 537, -1,
      540, 538, 541, -1,
      541, 538, 539, -1,
      542, 540, 543, -1,
      543, 540, 541, -1,
      512, 542, 513, -1,
      513, 542, 543, -1,
      536, 538, 535, -1,
      535, 538, 540, -1,
      535, 540, 542, -1,
      542, 512, 535, -1,
      535, 512, 515, -1,
      535, 515, 517, -1,
      517, 519, 535, -1,
      535, 519, 521, -1,
      535, 521, 523, -1,
      527, 529, 525, -1,
      525, 529, 531, -1,
      525, 531, 523, -1,
      523, 531, 533, -1,
      523, 533, 535, -1,
      539, 537, 541, -1,
      541, 537, 534, -1,
      532, 530, 522, -1,
      518, 516, 534, -1,
      543, 541, 513, -1,
      513, 541, 534, -1,
      513, 534, 514, -1,
      514, 534, 516, -1,
      522, 530, 524, -1,
      524, 530, 528, -1,
      524, 528, 526, -1,
      532, 522, 534, -1,
      534, 522, 520, -1,
      534, 520, 518, -1,
      544, 545, 546, -1,
      544, 546, 547, -1,
      547, 546, 548, -1,
      547, 548, 549, -1,
      549, 548, 550, -1,
      549, 550, 551, -1,
      551, 550, 552, -1,
      551, 552, 553, -1,
      553, 552, 554, -1,
      553, 554, 555, -1,
      555, 554, 556, -1,
      555, 556, 557, -1,
      557, 556, 558, -1,
      557, 558, 559, -1,
      559, 558, 560, -1,
      559, 560, 561, -1,
      561, 560, 562, -1,
      561, 562, 563, -1,
      563, 562, 564, -1,
      563, 564, 565, -1,
      565, 564, 566, -1,
      565, 566, 567, -1,
      568, 567, 569, -1,
      569, 567, 566, -1,
      570, 568, 571, -1,
      571, 568, 569, -1,
      572, 570, 573, -1,
      573, 570, 571, -1,
      574, 572, 575, -1,
      575, 572, 573, -1,
      544, 574, 545, -1,
      545, 574, 575, -1,
      568, 570, 567, -1,
      567, 570, 572, -1,
      567, 572, 574, -1,
      574, 544, 567, -1,
      567, 544, 547, -1,
      567, 547, 549, -1,
      549, 551, 567, -1,
      567, 551, 553, -1,
      567, 553, 555, -1,
      559, 561, 557, -1,
      557, 561, 563, -1,
      557, 563, 555, -1,
      555, 563, 565, -1,
      555, 565, 567, -1,
      571, 569, 573, -1,
      573, 569, 566, -1,
      564, 562, 554, -1,
      550, 548, 566, -1,
      575, 573, 545, -1,
      545, 573, 566, -1,
      545, 566, 546, -1,
      546, 566, 548, -1,
      554, 562, 556, -1,
      556, 562, 560, -1,
      556, 560, 558, -1,
      564, 554, 566, -1,
      566, 554, 552, -1,
      566, 552, 550, -1,
      576, 577, 578, -1,
      576, 578, 579, -1,
      579, 578, 580, -1,
      579, 580, 581, -1,
      581, 580, 582, -1,
      581, 582, 583, -1,
      583, 582, 584, -1,
      583, 584, 585, -1,
      585, 584, 586, -1,
      585, 586, 587, -1,
      587, 586, 588, -1,
      587, 588, 589, -1,
      589, 588, 590, -1,
      589, 590, 591, -1,
      591, 590, 592, -1,
      591, 592, 593, -1,
      593, 592, 594, -1,
      593, 594, 595, -1,
      595, 594, 596, -1,
      595, 596, 597, -1,
      597, 596, 598, -1,
      597, 598, 599, -1,
      600, 599, 601, -1,
      601, 599, 598, -1,
      602, 600, 603, -1,
      603, 600, 601, -1,
      604, 602, 605, -1,
      605, 602, 603, -1,
      606, 604, 607, -1,
      607, 604, 605, -1,
      576, 606, 577, -1,
      577, 606, 607, -1,
      600, 602, 599, -1,
      599, 602, 604, -1,
      599, 604, 606, -1,
      606, 576, 599, -1,
      599, 576, 579, -1,
      599, 579, 581, -1,
      581, 583, 599, -1,
      599, 583, 585, -1,
      599, 585, 587, -1,
      591, 593, 589, -1,
      589, 593, 595, -1,
      589, 595, 587, -1,
      587, 595, 597, -1,
      587, 597, 599, -1,
      603, 601, 605, -1,
      605, 601, 598, -1,
      596, 594, 586, -1,
      582, 580, 598, -1,
      607, 605, 577, -1,
      577, 605, 598, -1,
      577, 598, 578, -1,
      578, 598, 580, -1,
      586, 594, 588, -1,
      588, 594, 592, -1,
      588, 592, 590, -1,
      596, 586, 598, -1,
      598, 586, 584, -1,
      598, 584, 582, -1,
      608, 609, 610, -1,
      608, 610, 611, -1,
      611, 610, 612, -1,
      611, 612, 613, -1,
      613, 612, 614, -1,
      613, 614, 615, -1,
      615, 614, 616, -1,
      615, 616, 617, -1,
      617, 616, 618, -1,
      617, 618, 619, -1,
      619, 618, 620, -1,
      619, 620, 621, -1,
      621, 620, 622, -1,
      621, 622, 623, -1,
      623, 622, 624, -1,
      623, 624, 625, -1,
      625, 624, 626, -1,
      625, 626, 627, -1,
      627, 626, 628, -1,
      627, 628, 629, -1,
      629, 628, 630, -1,
      629, 630, 631, -1,
      632, 631, 633, -1,
      633, 631, 630, -1,
      634, 632, 635, -1,
      635, 632, 633, -1,
      636, 634, 637, -1,
      637, 634, 635, -1,
      638, 636, 639, -1,
      639, 636, 637, -1,
      608, 638, 609, -1,
      609, 638, 639, -1,
      632, 634, 631, -1,
      631, 634, 636, -1,
      631, 636, 638, -1,
      638, 608, 631, -1,
      631, 608, 611, -1,
      631, 611, 613, -1,
      613, 615, 631, -1,
      631, 615, 617, -1,
      631, 617, 619, -1,
      623, 625, 621, -1,
      621, 625, 627, -1,
      621, 627, 619, -1,
      619, 627, 629, -1,
      619, 629, 631, -1,
      635, 633, 637, -1,
      637, 633, 630, -1,
      628, 626, 618, -1,
      614, 612, 630, -1,
      639, 637, 609, -1,
      609, 637, 630, -1,
      609, 630, 610, -1,
      610, 630, 612, -1,
      618, 626, 620, -1,
      620, 626, 624, -1,
      620, 624, 622, -1,
      628, 618, 630, -1,
      630, 618, 616, -1,
      630, 616, 614, -1,
    ]
  }
}

Shape {
  appearance Appearance {
    material Material {
      diffuseColor 0.8314 0.8314 0.8196
      specularColor 0.6667 0.6667 0.6549
      ambientIntensity 0.2
      transparency 0.0000
      shininess 0.5
    }
  }
  geometry IndexedFaceSet {
    ccw TRUE
    solid FALSE
    coord DEF co Coordinate {
      point [
        -3.011811 -1.578740 0.059055,
        -3.011811 -1.578740 0.011811,
        -3.011274 -1.582816 0.011811,
        -3.011274 -1.582816 0.059055,
        -3.009701 -1.586614 0.011811,
        -3.009701 -1.586614 0.059055,
        -3.007199 -1.589876 0.011811,
        -3.007199 -1.589876 0.059055,
        -3.003937 -1.592378 0.011811,
        -3.003937 -1.592378 0.059055,
        -3.000139 -1.593952 0.011811,
        -3.000139 -1.593952 0.059055,
        -2.996063 -1.594488 0.011811,
        -2.996063 -1.594488 0.059055,
        -3.011811 -0.980315 0.059055,
        -3.011811 -0.980315 0.011811,
        -2.996063 -0.964567 0.059055,
        -2.996063 -0.964567 0.011811,
        -3.000139 -0.965104 0.011811,
        -3.000139 -0.965104 0.059055,
        -3.003937 -0.966677 0.011811,
        -3.003937 -0.966677 0.059055,
        -3.007199 -0.969180 0.011811,
        -3.007199 -0.969180 0.059055,
        -3.009701 -0.972441 0.011811,
        -3.009701 -0.972441 0.059055,
        -3.011274 -0.976239 0.011811,
        -3.011274 -0.976239 0.059055,
        -2.870079 -0.964567 0.059055,
        -2.870079 -0.964567 0.011811,
        -2.854331 -0.980315 0.059055,
        -2.854331 -0.980315 0.011811,
        -2.854867 -0.976239 0.011811,
        -2.854867 -0.976239 0.059055,
        -2.856441 -0.972441 0.011811,
        -2.856441 -0.972441 0.059055,
        -2.858943 -0.969180 0.011811,
        -2.858943 -0.969180 0.059055,
        -2.862205 -0.966677 0.011811,
        -2.862205 -0.966677 0.059055,
        -2.866003 -0.965104 0.011811,
        -2.866003 -0.965104 0.059055,
        -2.854331 -1.263780 0.059055,
        -2.854331 -1.263780 0.011811,
        -2.838583 -1.279528 0.059055,
        -2.838583 -1.279528 0.011811,
        -2.842659 -1.278991 0.059055,
        -2.842659 -1.278991 0.011811,
        -2.846457 -1.277418 0.059055,
        -2.846457 -1.277418 0.011811,
        -2.849718 -1.274915 0.059055,
        -2.849718 -1.274915 0.011811,
        -2.852221 -1.271654 0.059055,
        -2.852221 -1.271654 0.011811,
        -2.853794 -1.267856 0.059055,
        -2.853794 -1.267856 0.011811,
        -2.696850 -1.279528 0.011811,
        -2.736220 -1.279528 0.059055,
        -2.686661 -1.279528 0.013152,
        -2.677165 -1.279528 0.017085,
        -2.736220 -1.279528 0.704724,
        -2.657480 -1.279528 0.704724,
        -2.657480 -1.279528 0.051181,
        -2.658822 -1.279528 0.040991,
        -2.662755 -1.279528 0.031496,
        -2.669011 -1.279528 0.023342,
        -2.657480 -1.594488 0.051181,
        -2.657480 -1.594488 0.059055,
        -2.657480 -2.027559 0.059055,
        -2.657480 -2.027559 0.704724,
        -2.736220 -1.594488 0.059055,
        -2.696850 -1.594488 0.011811,
        -2.686661 -1.594488 0.013152,
        -2.677165 -1.594488 0.017085,
        -2.669011 -1.594488 0.023342,
        -2.662755 -1.594488 0.031496,
        -2.658822 -1.594488 0.040991,
        -2.736220 -2.027559 0.059055,
        -2.736220 -2.027559 0.704724,
      ]
    }
    coordIndex [
      0, 1, 2, -1,
      0, 2, 3, -1,
      3, 2, 4, -1,
      3, 4, 5, -1,
      5, 4, 6, -1,
      5, 6, 7, -1,
      7, 6, 8, -1,
      7, 8, 9, -1,
      9, 8, 10, -1,
      9, 10, 11, -1,
      11, 10, 12, -1,
      11, 12, 13, -1,
      14, 15, 0, -1,
      0, 15, 1, -1,
      16, 17, 18, -1,
      16, 18, 19, -1,
      19, 18, 20, -1,
      19, 20, 21, -1,
      21, 20, 22, -1,
      21, 22, 23, -1,
      23, 22, 24, -1,
      23, 24, 25, -1,
      25, 24, 26, -1,
      25, 26, 27, -1,
      27, 26, 15, -1,
      27, 15, 14, -1,
      28, 29, 16, -1,
      16, 29, 17, -1,
      30, 31, 32, -1,
      30, 32, 33, -1,
      33, 32, 34, -1,
      33, 34, 35, -1,
      35, 34, 36, -1,
      35, 36, 37, -1,
      37, 36, 38, -1,
      37, 38, 39, -1,
      39, 38, 40, -1,
      39, 40, 41, -1,
      41, 40, 29, -1,
      41, 29, 28, -1,
      42, 43, 30, -1,
      30, 43, 31, -1,
      44, 45, 46, -1,
      46, 45, 47, -1,
      46, 47, 48, -1,
      48, 47, 49, -1,
      48, 49, 50, -1,
      50, 49, 51, -1,
      50, 51, 52, -1,
      52, 51, 53, -1,
      52, 53, 54, -1,
      54, 53, 55, -1,
      54, 55, 42, -1,
      42, 55, 43, -1,
      45, 44, 56, -1,
      56, 44, 57, -1,
      56, 57, 58, -1,
      58, 57, 59, -1,
      60, 61, 57, -1,
      57, 61, 62, -1,
      57, 62, 63, -1,
      63, 64, 57, -1,
      57, 64, 65, -1,
      57, 65, 59, -1,
      66, 62, 67, -1,
      67, 62, 61, -1,
      67, 61, 68, -1,
      68, 61, 69, -1,
      66, 67, 70, -1,
      13, 12, 70, -1,
      70, 12, 71, -1,
      71, 72, 70, -1,
      70, 72, 73, -1,
      70, 73, 74, -1,
      74, 75, 70, -1,
      70, 75, 76, -1,
      70, 76, 66, -1,
      8, 6, 47, -1,
      1, 55, 53, -1,
      56, 71, 45, -1,
      45, 71, 12, -1,
      45, 12, 47, -1,
      47, 12, 10, -1,
      47, 10, 8, -1,
      53, 51, 1, -1,
      1, 51, 49, -1,
      1, 49, 2, -1,
      2, 49, 47, -1,
      2, 47, 4, -1,
      4, 47, 6, -1,
      18, 17, 15, -1,
      15, 17, 29, -1,
      15, 29, 1, -1,
      1, 29, 43, -1,
      1, 43, 55, -1,
      26, 24, 22, -1,
      34, 32, 29, -1,
      29, 32, 31, -1,
      29, 31, 43, -1,
      40, 38, 29, -1,
      29, 38, 36, -1,
      29, 36, 34, -1,
      26, 22, 15, -1,
      15, 22, 20, -1,
      15, 20, 18, -1,
      14, 0, 16, -1,
      46, 13, 44, -1,
      44, 13, 70, -1,
      44, 70, 57, -1,
      5, 7, 46, -1,
      7, 9, 46, -1,
      46, 9, 11, -1,
      46, 11, 13, -1,
      48, 50, 0, -1,
      0, 50, 52, -1,
      48, 0, 46, -1,
      46, 0, 3, -1,
      46, 3, 5, -1,
      16, 0, 28, -1,
      33, 35, 28, -1,
      23, 16, 21, -1,
      21, 16, 19, -1,
      52, 54, 0, -1,
      0, 54, 42, -1,
      0, 42, 28, -1,
      28, 42, 30, -1,
      28, 30, 33, -1,
      23, 25, 16, -1,
      16, 25, 27, -1,
      16, 27, 14, -1,
      35, 37, 28, -1,
      28, 37, 39, -1,
      28, 39, 41, -1,
      67, 68, 70, -1,
      70, 68, 77, -1,
      77, 78, 70, -1,
      70, 78, 60, -1,
      70, 60, 57, -1,
      69, 61, 78, -1,
      78, 61, 60, -1,
      77, 68, 78, -1,
      78, 68, 69, -1,
      62, 66, 76, -1,
      62, 76, 63, -1,
      63, 76, 75, -1,
      63, 75, 64, -1,
      64, 75, 74, -1,
      64, 74, 65, -1,
      65, 74, 73, -1,
      65, 73, 59, -1,
      59, 73, 72, -1,
      59, 72, 58, -1,
      58, 72, 71, -1,
      58, 71, 56, -1,
    ]
  }
}

Shape {
  appearance Appearance {
    material Material {
      diffuseColor 0.2078 0.2078 0.2078
      specularColor 0.0157 0.0157 0.0157
      ambientIntensity 0.2
      transparency 0.0000
      shininess 0.5
    }
  }
  geometry IndexedFaceSet {
    ccw TRUE
    solid FALSE
    coord DEF co Coordinate {
      point [
        2.618110 -0.314961 0.787402,
        2.618110 -0.767717 0.787402,
        2.795276 -0.767717 0.787402,
        -2.795276 -0.767717 0.787402,
        -2.618110 -0.767717 0.787402,
        -2.795276 0.019685 0.787402,
        -2.618110 -0.314961 0.787402,
        2.795276 0.019685 0.787402,
        2.793302 0.037206 0.787402,
        2.787478 0.053849 0.787402,
        2.778097 0.068779 0.787402,
        2.765629 0.081246 0.787402,
        2.750700 0.090628 0.787402,
        -2.716535 0.098425 0.787402,
        2.716535 0.098425 0.787402,
        2.734057 0.096451 0.787402,
        -2.736915 0.095742 0.787402,
        -2.755906 0.087876 0.787402,
        -2.772213 0.075363 0.787402,
        -2.784726 0.059055 0.787402,
        -2.792593 0.040065 0.787402,
        -2.618110 -0.728346 0.314961,
        -2.795276 -0.728346 0.314961,
        -2.618110 -0.393701 0.314961,
        -2.795276 -0.216535 0.314961,
        2.618110 -0.393701 0.314961,
        2.795276 -0.216535 0.314961,
        2.618110 -0.728346 0.314961,
        2.795276 -0.728346 0.314961,
        -2.795276 -0.846457 0.527559,
        -2.618110 -0.846457 0.527559,
        2.618110 -0.846457 0.527559,
        2.795276 -0.846457 0.527559,
        -2.795276 0.019685 0.625000,
        -2.795276 -0.835907 0.748031,
        -2.795276 -0.823394 0.764339,
        -2.795276 -0.807087 0.776852,
        -2.795276 -0.788096 0.784719,
        -2.795276 -0.846457 0.708661,
        -2.795276 -0.843774 0.729041,
        2.795276 0.019685 0.625000,
        2.795276 -0.846457 0.708661,
        2.795276 -0.807087 0.776852,
        2.795276 -0.823394 0.764339,
        2.795276 -0.835907 0.748031,
        2.795276 -0.788096 0.784719,
        2.795276 -0.843774 0.729041,
        2.716535 0.098425 0.728346,
        -2.716535 0.098425 0.728346,
        -2.784726 0.059055 0.676673,
        -2.772213 0.075363 0.698077,
        -2.764469 0.082154 0.706990,
        -2.755906 0.087876 0.714501,
        -2.792593 0.040065 0.651748,
        -2.746668 0.092431 0.720480,
        -2.736915 0.095742 0.724825,
        -2.726813 0.097752 0.727462,
        2.725352 0.097930 0.727696,
        2.787478 0.053849 0.669840,
        2.793302 0.037206 0.647997,
        2.734057 0.096451 0.725756,
        2.742542 0.094007 0.722547,
        2.778097 0.068779 0.689435,
        2.750700 0.090628 0.718112,
        2.765629 0.081246 0.705800,
        2.618110 -0.846457 0.708661,
        -2.618110 -0.846457 0.708661,
        -2.618110 -0.393701 0.708661,
        -2.618110 -0.788096 0.784719,
        -2.618110 -0.807087 0.776852,
        -2.618110 -0.823394 0.764339,
        -2.618110 -0.835907 0.748031,
        -2.618110 -0.843774 0.729041,
        2.618110 -0.393701 0.708661,
        2.618110 -0.788096 0.784719,
        2.618110 -0.843774 0.729041,
        2.618110 -0.835907 0.748031,
        2.618110 -0.823394 0.764339,
        2.618110 -0.807087 0.776852,
      ]
    }
    coordIndex [
      0, 1, 2, -1,
      3, 4, 5, -1,
      5, 4, 6, -1,
      2, 7, 0, -1,
      0, 7, 8, -1,
      0, 8, 9, -1,
      9, 10, 0, -1,
      0, 10, 11, -1,
      0, 11, 12, -1,
      13, 6, 14, -1,
      14, 6, 0, -1,
      14, 0, 15, -1,
      15, 0, 12, -1,
      13, 16, 6, -1,
      6, 16, 17, -1,
      6, 17, 18, -1,
      18, 19, 6, -1,
      6, 19, 20, -1,
      6, 20, 5, -1,
      21, 22, 23, -1,
      23, 22, 24, -1,
      23, 24, 25, -1,
      25, 24, 26, -1,
      25, 26, 27, -1,
      27, 26, 28, -1,
      29, 22, 30, -1,
      30, 22, 21, -1,
      31, 27, 32, -1,
      32, 27, 28, -1,
      3, 5, 33, -1,
      33, 24, 22, -1,
      34, 35, 36, -1,
      37, 3, 38, -1,
      38, 3, 33, -1,
      38, 33, 29, -1,
      29, 33, 22, -1,
      37, 38, 36, -1,
      36, 38, 39, -1,
      36, 39, 34, -1,
      28, 26, 32, -1,
      32, 26, 40, -1,
      32, 40, 41, -1,
      41, 40, 7, -1,
      41, 7, 2, -1,
      42, 43, 44, -1,
      2, 45, 41, -1,
      41, 45, 42, -1,
      41, 42, 46, -1,
      46, 42, 44, -1,
      47, 48, 14, -1,
      14, 48, 13, -1,
      48, 47, 40, -1,
      49, 50, 48, -1,
      48, 50, 51, -1,
      48, 51, 52, -1,
      26, 24, 40, -1,
      40, 24, 33, -1,
      40, 33, 48, -1,
      48, 33, 53, -1,
      48, 53, 49, -1,
      52, 54, 48, -1,
      48, 54, 55, -1,
      48, 55, 56, -1,
      57, 58, 47, -1,
      47, 58, 59, -1,
      47, 59, 40, -1,
      57, 60, 58, -1,
      58, 60, 61, -1,
      58, 61, 62, -1,
      62, 61, 63, -1,
      62, 63, 64, -1,
      65, 31, 41, -1,
      41, 31, 32, -1,
      38, 29, 66, -1,
      66, 29, 30, -1,
      6, 4, 67, -1,
      67, 4, 68, -1,
      21, 23, 30, -1,
      30, 23, 67, -1,
      68, 69, 67, -1,
      67, 69, 70, -1,
      67, 70, 71, -1,
      71, 72, 67, -1,
      67, 72, 66, -1,
      67, 66, 30, -1,
      67, 23, 73, -1,
      73, 23, 25, -1,
      74, 1, 73, -1,
      73, 1, 0, -1,
      25, 27, 31, -1,
      75, 76, 73, -1,
      25, 31, 73, -1,
      73, 31, 65, -1,
      73, 65, 75, -1,
      76, 77, 73, -1,
      73, 77, 78, -1,
      73, 78, 74, -1,
      73, 0, 67, -1,
      67, 0, 6, -1,
      38, 66, 72, -1,
      38, 72, 39, -1,
      39, 72, 71, -1,
      39, 71, 34, -1,
      34, 71, 70, -1,
      34, 70, 35, -1,
      35, 70, 69, -1,
      35, 69, 36, -1,
      36, 69, 68, -1,
      36, 68, 37, -1,
      37, 68, 4, -1,
      37, 4, 3, -1,
      65, 41, 46, -1,
      65, 46, 75, -1,
      75, 46, 44, -1,
      75, 44, 76, -1,
      76, 44, 43, -1,
      76, 43, 77, -1,
      77, 43, 42, -1,
      77, 42, 78, -1,
      78, 42, 45, -1,
      78, 45, 74, -1,
      74, 45, 2, -1,
      74, 2, 1, -1,
      47, 14, 57, -1,
      57, 14, 15, -1,
      57, 15, 60, -1,
      60, 15, 61, -1,
      61, 15, 12, -1,
      61, 12, 63, -1,
      63, 12, 11, -1,
      63, 11, 64, -1,
      64, 11, 10, -1,
      64, 10, 62, -1,
      62, 10, 9, -1,
      62, 9, 58, -1,
      58, 9, 8, -1,
      58, 8, 59, -1,
      59, 8, 7, -1,
      59, 7, 40, -1,
      33, 5, 20, -1,
      33, 20, 53, -1,
      53, 20, 19, -1,
      53, 19, 49, -1,
      49, 19, 18, -1,
      49, 18, 50, -1,
      17, 52, 18, -1,
      18, 52, 51, -1,
      18, 51, 50, -1,
      16, 13, 48, -1,
      48, 56, 16, -1,
      16, 56, 55, -1,
      16, 55, 17, -1,
      17, 55, 54, -1,
      17, 54, 52, -1,
    ]
  }
}

Shape {
  appearance Appearance {
    material Material {
      diffuseColor 0.8431 0.8157 0.7529
      specularColor 0.2510 0.2431 0.2275
      ambientIntensity 0.2
      transparency 0.0000
      shininess 0.5
    }
  }
  geometry IndexedFaceSet {
    ccw TRUE
    solid FALSE
    coord DEF co Coordinate {
      point [
        2.814961 -0.098425 0.629921,
        2.814961 -0.098425 0.787402,
        2.972441 -0.098425 0.629921,
        3.051181 -0.098425 0.787402,
        2.972441 -0.098425 0.157480,
        3.051181 -0.098425 0.059055,
        2.795276 -0.098425 0.157480,
        2.795276 -0.098425 0.059055,
        -2.795276 -0.098425 0.157480,
        -2.795276 -0.098425 0.059055,
        -2.972441 -0.098425 0.157480,
        -3.051181 -0.098425 0.059055,
        -2.972441 -0.098425 0.629921,
        -3.051181 -0.098425 0.787402,
        -2.814961 -0.098425 0.629921,
        -2.814961 -0.098425 0.787402,
        2.559055 -1.240157 0.649606,
        2.559055 -0.413386 0.649606,
        2.559055 -1.240157 0.629921,
        2.559055 -0.413386 0.629921,
        -2.559055 -1.240157 0.629921,
        -2.559055 -0.413386 0.629921,
        -2.559055 -1.240157 0.649606,
        -2.559055 -0.413386 0.649606,
        0.242874 -0.730171 0.000000,
        0.221693 -0.730171 0.000000,
        0.081935 -0.729250 0.000000,
        0.084106 -0.729485 0.000000,
        0.066216 -0.729250 0.000000,
        0.061186 -0.729893 0.000000,
        0.005272 -0.730171 0.000000,
        0.052162 -0.733485 0.000000,
        0.043966 -0.739323 0.000000,
        0.036294 -0.748155 0.000000,
        0.031043 -0.758699 0.000000,
        0.027793 -0.773545 0.000000,
        0.027374 -0.786348 0.000000,
        0.005272 -0.887652 0.000000,
        0.099811 -0.767246 0.000000,
        0.103754 -0.783137 0.000000,
        0.047635 -0.825028 0.000000,
        0.105654 -0.812135 0.000000,
        0.048370 -0.839984 0.000000,
        0.103320 -0.841127 0.000000,
        0.147096 -0.887652 0.000000,
        0.242874 -0.887652 0.000000,
        2.460630 -2.027559 0.000000,
        2.460630 -0.729250 0.000000,
        0.057931 -0.864488 0.000000,
        0.099868 -0.853011 0.000000,
        0.221693 -0.870154 0.000000,
        0.147096 -0.870154 0.000000,
        0.105748 -0.877858 0.000000,
        0.114010 -0.869200 0.000000,
        0.119933 -0.859185 0.000000,
        0.125246 -0.842159 0.000000,
        0.054133 -0.859896 0.000000,
        0.051123 -0.853309 0.000000,
        0.111579 -0.748149 0.000000,
        0.102789 -0.738817 0.000000,
        0.093763 -0.732878 0.000000,
        0.127757 -0.813977 0.000000,
        0.125333 -0.782959 0.000000,
        0.119522 -0.762182 0.000000,
        0.079914 -0.871424 0.000000,
        0.074342 -0.871996 0.000000,
        -0.099254 -0.729250 0.000000,
        -0.084059 -0.730171 0.000000,
        -0.084059 -0.747669 0.000000,
        -0.088664 -0.870154 0.000000,
        -0.088664 -0.887652 0.000000,
        -0.099254 -2.027559 0.000000,
        -0.015909 -0.813977 0.000000,
        -0.015909 -0.870154 0.000000,
        -0.078533 -0.813977 0.000000,
        -0.078533 -0.796479 0.000000,
        -0.015909 -0.796479 0.000000,
        -0.015909 -0.747669 0.000000,
        0.085088 -0.869624 0.000000,
        0.095801 -0.860288 0.000000,
        0.090078 -0.866415 0.000000,
        0.048810 -0.770900 0.000000,
        0.051490 -0.761048 0.000000,
        0.072066 -0.745875 0.000000,
        0.054073 -0.755972 0.000000,
        0.066059 -0.746813 0.000000,
        0.057312 -0.751894 0.000000,
        0.061382 -0.748765 0.000000,
        0.080143 -0.746704 0.000000,
        0.085433 -0.748885 0.000000,
        0.047635 -0.786348 0.000000,
        0.090332 -0.752494 0.000000,
        0.095055 -0.758053 0.000000,
        0.068611 -0.871165 0.000000,
        0.063554 -0.868946 0.000000,
        0.073421 -0.745827 0.000000,
        0.026454 -0.825028 0.000000,
        0.028537 -0.846369 0.000000,
        0.032704 -0.861032 0.000000,
        0.037915 -0.870720 0.000000,
        0.046023 -0.879309 0.000000,
        0.055528 -0.885423 0.000000,
        0.064845 -0.888533 0.000000,
        0.074342 -0.889493 0.000000,
        0.086476 -0.888013 0.000000,
        0.096744 -0.884041 0.000000,
        2.460630 -0.216535 0.000000,
        -0.099254 -0.216535 0.000000,
        0.073421 -0.728330 0.000000,
        -0.182990 -0.741109 0.000000,
        -0.191049 -0.748268 0.000000,
        -0.266139 -0.729250 0.000000,
        -0.197811 -0.758156 0.000000,
        -0.203798 -0.774375 0.000000,
        -0.295874 -0.838842 0.000000,
        -0.255353 -0.838842 0.000000,
        -0.242460 -0.887652 0.000000,
        -0.220358 -0.887652 0.000000,
        -0.202016 -0.848586 0.000000,
        -0.196370 -0.860919 0.000000,
        -0.109845 -0.730171 0.000000,
        -0.109845 -0.887652 0.000000,
        -0.141157 -0.887652 0.000000,
        -0.150887 -0.887170 0.000000,
        -0.168141 -0.883261 0.000000,
        -0.141157 -0.730171 0.000000,
        -0.158360 -0.731542 0.000000,
        -0.172417 -0.735423 0.000000,
        -0.189761 -0.869434 0.000000,
        -0.180631 -0.876968 0.000000,
        -0.207409 -0.805041 0.000000,
        -0.207465 -0.809372 0.000000,
        -0.205936 -0.831990 0.000000,
        -0.266405 -0.728330 0.000000,
        -0.284823 -0.728330 0.000000,
        -0.308768 -0.887652 0.000000,
        -0.330870 -0.887652 0.000000,
        -2.460630 -2.027559 0.000000,
        -0.285089 -0.729250 0.000000,
        -2.460630 -0.729250 0.000000,
        -2.460630 -0.216535 0.000000,
        2.813619 -0.856646 0.787402,
        2.809686 -0.866142 0.787402,
        3.051181 -2.027559 0.787402,
        -3.051181 -2.027559 0.787402,
        -2.809686 -0.866142 0.787402,
        -2.813619 -0.856646 0.787402,
        -2.814961 -0.846457 0.787402,
        -2.599767 -0.856646 0.787402,
        -2.603700 -0.866142 0.787402,
        2.603700 -0.866142 0.787402,
        -2.618110 -0.880552 0.787402,
        -2.627606 -0.884485 0.787402,
        -2.460630 -1.948819 0.787402,
        2.803430 -0.874296 0.787402,
        2.795276 -0.880552 0.787402,
        2.578740 -2.027559 0.787402,
        -2.785780 -0.884485 0.787402,
        -2.578740 -2.027559 0.787402,
        -2.795276 -0.880552 0.787402,
        -2.803430 -0.874296 0.787402,
        2.460630 -1.948819 0.787402,
        2.618110 -0.880552 0.787402,
        2.609956 -0.874296 0.787402,
        2.814961 -0.846457 0.787402,
        2.785780 -0.884485 0.787402,
        2.775591 -0.885827 0.787402,
        -2.609956 -0.874296 0.787402,
        -2.637795 -0.885827 0.787402,
        -2.775591 -0.885827 0.787402,
        2.637795 -0.885827 0.787402,
        2.627606 -0.884485 0.787402,
        2.597084 -0.442566 0.787402,
        2.593150 -0.433071 0.787402,
        2.598425 -0.452756 0.787402,
        2.598425 -0.846457 0.787402,
        2.586894 -0.424917 0.787402,
        2.578740 -0.418661 0.787402,
        2.569245 -0.414727 0.787402,
        -2.598425 -0.452756 0.787402,
        -2.559055 -0.413386 0.787402,
        -2.597084 -0.442566 0.787402,
        -2.569245 -0.414727 0.787402,
        2.559055 -0.413386 0.787402,
        2.599767 -0.856646 0.787402,
        -2.598425 -0.846457 0.787402,
        -2.578740 -0.418661 0.787402,
        -2.586894 -0.424917 0.787402,
        -2.593150 -0.433071 0.787402,
        2.972441 -1.633858 0.629921,
        2.740157 -1.279528 0.629921,
        2.740157 -1.633858 0.629921,
        2.814961 -0.846457 0.629921,
        2.653543 -1.633858 0.629921,
        2.559055 -1.633858 0.629921,
        2.653543 -1.279528 0.629921,
        2.813619 -0.856646 0.629921,
        2.809686 -0.866142 0.629921,
        2.603700 -0.866142 0.629921,
        2.609956 -0.874296 0.629921,
        2.785780 -0.884485 0.629921,
        2.795276 -0.880552 0.629921,
        2.803430 -0.874296 0.629921,
        2.597084 -0.442566 0.629921,
        2.598425 -0.452756 0.629921,
        2.598425 -0.846457 0.629921,
        2.599767 -0.856646 0.629921,
        2.578740 -0.418661 0.629921,
        2.586894 -0.424917 0.629921,
        2.593150 -0.433071 0.629921,
        2.618110 -0.880552 0.629921,
        2.627606 -0.884485 0.629921,
        2.637795 -0.885827 0.629921,
        2.775591 -0.885827 0.629921,
        2.569245 -0.414727 0.629921,
        -2.972441 -2.027559 0.295276,
        -3.051181 -2.027559 0.059055,
        -2.740157 -2.027559 0.708661,
        -2.799213 -2.027559 0.295276,
        -2.740157 -2.027559 0.059055,
        -2.799213 -2.027559 0.098425,
        -2.972441 -2.027559 0.098425,
        2.653543 -2.027559 0.708661,
        2.740157 -2.027559 0.708661,
        2.972441 -2.027559 0.295276,
        3.051181 -2.027559 0.059055,
        2.972441 -2.027559 0.098425,
        2.740157 -2.027559 0.059055,
        2.799213 -2.027559 0.098425,
        2.799213 -2.027559 0.295276,
        -2.653543 -2.027559 0.708661,
        -2.578740 -2.027559 0.090551,
        -2.653543 -2.027559 0.059055,
        -2.460630 -2.027559 0.059055,
        2.214567 -2.027559 0.078740,
        2.653543 -2.027559 0.059055,
        2.578740 -2.027559 0.157480,
        2.460630 -2.027559 0.059055,
        2.312992 -2.027559 0.157480,
        2.312992 -2.027559 0.078740,
        2.017717 -2.027559 0.078740,
        2.017717 -2.027559 0.157480,
        1.919291 -2.027559 0.157480,
        1.919291 -2.027559 0.078740,
        1.820866 -2.027559 0.078740,
        2.116142 -2.027559 0.078740,
        2.116142 -2.027559 0.157480,
        2.214567 -2.027559 0.157480,
        1.427165 -2.027559 0.078740,
        1.427165 -2.027559 0.090551,
        1.328740 -2.027559 0.090551,
        1.328740 -2.027559 0.078740,
        1.230315 -2.027559 0.078740,
        1.820866 -2.027559 0.157480,
        1.722441 -2.027559 0.157480,
        1.722441 -2.027559 0.078740,
        1.624016 -2.027559 0.078740,
        1.525591 -2.027559 0.078740,
        1.525591 -2.027559 0.090551,
        1.624016 -2.027559 0.090551,
        1.033465 -2.027559 0.078740,
        1.033465 -2.027559 0.090551,
        0.935039 -2.027559 0.090551,
        0.935039 -2.027559 0.078740,
        0.836614 -2.027559 0.078740,
        1.131890 -2.027559 0.078740,
        1.131890 -2.027559 0.090551,
        1.230315 -2.027559 0.090551,
        0.639764 -2.027559 0.078740,
        0.639764 -2.027559 0.090551,
        0.541339 -2.027559 0.090551,
        0.541339 -2.027559 0.078740,
        0.442913 -2.027559 0.078740,
        0.738189 -2.027559 0.078740,
        0.738189 -2.027559 0.090551,
        0.836614 -2.027559 0.090551,
        0.246063 -2.027559 0.078740,
        0.246063 -2.027559 0.090551,
        0.147638 -2.027559 0.090551,
        0.147638 -2.027559 0.078740,
        0.049213 -2.027559 0.078740,
        0.344488 -2.027559 0.078740,
        0.344488 -2.027559 0.090551,
        0.442913 -2.027559 0.090551,
        0.049213 -2.027559 0.090551,
        -0.049213 -2.027559 0.090551,
        -0.049213 -2.027559 0.078740,
        -0.147638 -2.027559 0.078740,
        -0.344488 -2.027559 0.078740,
        -0.344488 -2.027559 0.090551,
        -0.442913 -2.027559 0.090551,
        -0.442913 -2.027559 0.078740,
        -0.541339 -2.027559 0.078740,
        -0.738189 -2.027559 0.078740,
        -0.738189 -2.027559 0.090551,
        -0.836614 -2.027559 0.090551,
        -0.246063 -2.027559 0.078740,
        -0.246063 -2.027559 0.090551,
        -0.147638 -2.027559 0.090551,
        -0.836614 -2.027559 0.078740,
        -0.935039 -2.027559 0.078740,
        -0.541339 -2.027559 0.090551,
        -0.639764 -2.027559 0.090551,
        -0.639764 -2.027559 0.078740,
        -1.131890 -2.027559 0.078740,
        -1.131890 -2.027559 0.090551,
        -1.230315 -2.027559 0.090551,
        -1.230315 -2.027559 0.078740,
        -1.328740 -2.027559 0.078740,
        -1.033465 -2.027559 0.078740,
        -1.033465 -2.027559 0.090551,
        -0.935039 -2.027559 0.090551,
        -1.525591 -2.027559 0.078740,
        -1.525591 -2.027559 0.090551,
        -1.624016 -2.027559 0.090551,
        -1.624016 -2.027559 0.078740,
        -1.722441 -2.027559 0.078740,
        -1.427165 -2.027559 0.078740,
        -1.427165 -2.027559 0.090551,
        -1.328740 -2.027559 0.090551,
        -1.919291 -2.027559 0.078740,
        -1.919291 -2.027559 0.090551,
        -2.017717 -2.027559 0.090551,
        -2.017717 -2.027559 0.078740,
        -2.116142 -2.027559 0.078740,
        -1.820866 -2.027559 0.078740,
        -1.820866 -2.027559 0.090551,
        -1.722441 -2.027559 0.090551,
        -2.116142 -2.027559 0.090551,
        -2.214567 -2.027559 0.090551,
        -2.214567 -2.027559 0.078740,
        -2.312992 -2.027559 0.078740,
        -2.312992 -2.027559 0.090551,
        -1.722441 -1.960630 0.157480,
        -1.722441 -0.177165 0.157480,
        -1.820866 -1.960630 0.157480,
        -1.820866 -0.177165 0.157480,
        -1.919291 -1.960630 0.157480,
        -1.919291 -0.177165 0.157480,
        -2.017717 -1.960630 0.157480,
        -2.017717 -0.177165 0.157480,
        -1.919291 -0.177165 0.078740,
        -1.820866 -0.177165 0.078740,
        -2.116142 -1.960630 0.157480,
        -2.116142 -0.177165 0.157480,
        -2.214567 -1.960630 0.157480,
        -2.214567 -0.177165 0.157480,
        -2.116142 -0.177165 0.078740,
        -2.017717 -0.177165 0.078740,
        -2.799213 -1.633858 0.157480,
        -2.740157 -1.633858 0.157480,
        -2.740157 -1.279528 0.157480,
        -2.653543 -1.633858 0.157480,
        -2.559055 -1.633858 0.157480,
        -2.653543 -1.279528 0.157480,
        -2.559055 -1.240157 0.157480,
        -2.799213 -0.846457 0.157480,
        -2.480315 -1.960630 0.157480,
        -2.312992 -1.960630 0.157480,
        -2.480315 -1.240157 0.157480,
        -2.312992 -0.177165 0.157480,
        -2.677165 -0.177165 0.157480,
        -2.677165 -0.688976 0.157480,
        -2.795276 -0.688976 0.157480,
        -2.972441 -0.846457 0.157480,
        -2.793263 -0.704261 0.157480,
        -2.787364 -0.718504 0.157480,
        -2.679178 -0.704261 0.157480,
        -2.685077 -0.718504 0.157480,
        -2.736220 -0.748031 0.157480,
        -2.720936 -0.746019 0.157480,
        -2.706693 -0.740120 0.157480,
        -2.694462 -0.730735 0.157480,
        -2.751505 -0.746019 0.157480,
        -2.765748 -0.740120 0.157480,
        -2.777979 -0.730735 0.157480,
        -2.312992 -0.177165 0.078740,
        -2.214567 -0.177165 0.078740,
        -2.460630 -0.177165 0.059055,
        -2.460630 -0.177165 0.007874,
        -2.460630 -0.216535 0.007874,
        -2.653543 -1.279528 0.059055,
        -2.795276 -0.688976 0.059055,
        -2.740157 -1.279528 0.059055,
        -2.793263 -0.704261 0.059055,
        -2.787364 -0.718504 0.059055,
        -2.777979 -0.730735 0.059055,
        -2.765748 -0.740120 0.059055,
        -2.706693 -0.740120 0.059055,
        -2.694462 -0.730735 0.059055,
        -2.685077 -0.718504 0.059055,
        -2.679178 -0.704261 0.059055,
        -2.677165 -0.688976 0.059055,
        -2.677165 -0.177165 0.059055,
        -2.751505 -0.746019 0.059055,
        -2.736220 -0.748031 0.059055,
        -2.720936 -0.746019 0.059055,
        -1.131890 -1.960630 0.157480,
        -1.131890 -0.177165 0.157480,
        -1.230315 -1.960630 0.157480,
        -1.230315 -0.177165 0.157480,
        -1.328740 -1.960630 0.157480,
        -1.328740 -0.177165 0.157480,
        -1.427165 -1.960630 0.157480,
        -1.427165 -0.177165 0.157480,
        -1.328740 -0.177165 0.078740,
        -1.230315 -0.177165 0.078740,
        -1.525591 -1.960630 0.157480,
        -1.525591 -0.177165 0.157480,
        -1.624016 -1.960630 0.157480,
        -1.624016 -0.177165 0.157480,
        -1.722441 -0.177165 0.078740,
        -1.624016 -0.177165 0.078740,
        -1.525591 -0.177165 0.078740,
        -1.427165 -0.177165 0.078740,
        -0.935039 -1.960630 0.157480,
        -0.935039 -0.177165 0.157480,
        -1.033465 -1.960630 0.157480,
        -1.033465 -0.177165 0.157480,
        -1.131890 -0.177165 0.078740,
        -1.033465 -0.177165 0.078740,
        -0.738189 -1.960630 0.157480,
        -0.738189 -0.177165 0.157480,
        -0.836614 -1.960630 0.157480,
        -0.836614 -0.177165 0.157480,
        -0.935039 -0.177165 0.078740,
        -0.836614 -0.177165 0.078740,
        -0.541339 -1.960630 0.157480,
        -0.541339 -0.177165 0.157480,
        -0.639764 -1.960630 0.157480,
        -0.639764 -0.177165 0.157480,
        -0.738189 -0.177165 0.078740,
        -0.639764 -0.177165 0.078740,
        -0.344488 -1.960630 0.157480,
        -0.344488 -0.177165 0.157480,
        -0.442913 -1.960630 0.157480,
        -0.442913 -0.177165 0.157480,
        -0.541339 -0.177165 0.078740,
        -0.442913 -0.177165 0.078740,
        0.049213 -1.960630 0.157480,
        0.049213 -0.177165 0.157480,
        -0.049213 -1.960630 0.157480,
        -0.049213 -0.177165 0.157480,
        -0.147638 -1.960630 0.157480,
        -0.147638 -0.177165 0.157480,
        -0.246063 -1.960630 0.157480,
        -0.246063 -0.177165 0.157480,
        -0.147638 -0.177165 0.078740,
        -0.049213 -0.177165 0.078740,
        -0.344488 -0.177165 0.078740,
        -0.246063 -0.177165 0.078740,
        -2.799213 -1.633858 0.295276,
        -2.972441 -1.633858 0.295276,
        -2.972441 -1.633858 0.629921,
        -2.740157 -1.633858 0.629921,
        -2.972441 -0.846457 0.098425,
        -2.653543 -1.633858 0.629921,
        -2.559055 -1.633858 0.629921,
        -2.653543 -1.279528 0.629921,
        -2.569245 -0.414727 0.629921,
        -2.597084 -0.442566 0.629921,
        -2.740157 -1.279528 0.629921,
        -2.803430 -0.874296 0.629921,
        -2.795276 -0.880552 0.629921,
        -2.603700 -0.866142 0.629921,
        -2.609956 -0.874296 0.629921,
        -2.618110 -0.880552 0.629921,
        -2.814961 -0.846457 0.629921,
        -2.813619 -0.856646 0.629921,
        -2.809686 -0.866142 0.629921,
        -2.785780 -0.884485 0.629921,
        -2.775591 -0.885827 0.629921,
        -2.637795 -0.885827 0.629921,
        -2.627606 -0.884485 0.629921,
        -2.599767 -0.856646 0.629921,
        -2.598425 -0.846457 0.629921,
        -2.598425 -0.452756 0.629921,
        -2.593150 -0.433071 0.629921,
        -2.586894 -0.424917 0.629921,
        -2.578740 -0.418661 0.629921,
        -2.740157 -1.279528 0.708661,
        -2.653543 -1.279528 0.708661,
        2.799213 -1.633858 0.157480,
        2.740157 -1.633858 0.157480,
        2.799213 -1.633858 0.295276,
        2.972441 -1.633858 0.295276,
        2.972441 -0.846457 0.157480,
        2.972441 -0.846457 0.098425,
        2.559055 -1.633858 0.157480,
        2.653543 -1.633858 0.157480,
        2.740157 -1.279528 0.157480,
        2.559055 -1.240157 0.157480,
        2.480315 -1.961943 0.157480,
        2.480315 -1.240157 0.157480,
        2.312992 -0.177165 0.157480,
        2.694462 -0.730735 0.157480,
        2.685077 -0.718504 0.157480,
        2.679178 -0.704261 0.157480,
        2.677165 -0.688976 0.157480,
        2.677165 -0.177165 0.157480,
        2.799213 -0.846457 0.157480,
        2.653543 -1.279528 0.157480,
        2.720936 -0.746019 0.157480,
        2.706693 -0.740120 0.157480,
        2.795276 -0.688976 0.157480,
        2.793263 -0.704261 0.157480,
        2.787364 -0.718504 0.157480,
        2.777979 -0.730735 0.157480,
        2.765748 -0.740120 0.157480,
        2.751505 -0.746019 0.157480,
        2.736220 -0.748031 0.157480,
        2.740157 -1.279528 0.059055,
        2.653543 -1.279528 0.059055,
        2.460630 -0.177165 0.059055,
        2.677165 -0.177165 0.059055,
        2.677165 -0.688976 0.059055,
        2.679178 -0.704261 0.059055,
        2.685077 -0.718504 0.059055,
        2.694462 -0.730735 0.059055,
        2.751505 -0.746019 0.059055,
        2.765748 -0.740120 0.059055,
        2.777979 -0.730735 0.059055,
        2.706693 -0.740120 0.059055,
        2.720936 -0.746019 0.059055,
        2.736220 -0.748031 0.059055,
        2.787364 -0.718504 0.059055,
        2.793263 -0.704261 0.059055,
        2.795276 -0.688976 0.059055,
        2.740157 -1.279528 0.708661,
        2.653543 -1.279528 0.708661,
        -2.214567 -1.948819 0.649606,
        -2.214567 -0.413386 0.649606,
        -2.116142 -1.948819 0.649606,
        -2.116142 -0.413386 0.649606,
        -2.411417 -0.846457 0.649606,
        -2.411417 -0.413386 0.649606,
        -2.312992 -0.413386 0.649606,
        -2.460630 -1.948819 0.649606,
        -2.480315 -1.961943 0.649606,
        -2.480315 -1.240157 0.649606,
        -2.312992 -1.948819 0.649606,
        -2.509843 -0.413386 0.649606,
        -2.509843 -0.846457 0.649606,
        -2.312992 -0.413386 0.728346,
        -2.214567 -0.413386 0.728346,
        -2.312992 -1.948819 0.728346,
        -2.214567 -1.948819 0.728346,
        -2.017717 -1.948819 0.649606,
        -2.017717 -0.413386 0.649606,
        -1.919291 -1.948819 0.649606,
        -1.919291 -0.413386 0.649606,
        -2.116142 -0.413386 0.728346,
        -2.017717 -0.413386 0.728346,
        -2.116142 -1.948819 0.728346,
        -2.017717 -1.948819 0.728346,
        -1.820866 -1.948819 0.649606,
        -1.820866 -0.413386 0.649606,
        -1.722441 -1.948819 0.649606,
        -1.722441 -0.413386 0.649606,
        -1.919291 -0.413386 0.728346,
        -1.820866 -0.413386 0.728346,
        -1.919291 -1.948819 0.728346,
        -1.820866 -1.948819 0.728346,
        -1.624016 -1.948819 0.649606,
        -1.624016 -0.413386 0.649606,
        -1.525591 -1.948819 0.649606,
        -1.525591 -0.413386 0.649606,
        -1.722441 -0.413386 0.728346,
        -1.624016 -0.413386 0.728346,
        -1.722441 -1.948819 0.728346,
        -1.624016 -1.948819 0.728346,
        -1.427165 -1.948819 0.649606,
        -1.427165 -0.413386 0.649606,
        -1.328740 -1.948819 0.649606,
        -1.328740 -0.413386 0.649606,
        -1.525591 -0.413386 0.728346,
        -1.427165 -0.413386 0.728346,
        -1.525591 -1.948819 0.728346,
        -1.427165 -1.948819 0.728346,
        -1.230315 -1.948819 0.649606,
        -1.230315 -0.413386 0.649606,
        -1.131890 -1.948819 0.649606,
        -1.131890 -0.413386 0.649606,
        -1.328740 -0.413386 0.728346,
        -1.230315 -0.413386 0.728346,
        -1.328740 -1.948819 0.728346,
        -1.230315 -1.948819 0.728346,
        -1.033465 -1.948819 0.649606,
        -1.033465 -0.413386 0.649606,
        -0.935039 -1.948819 0.649606,
        -0.935039 -0.413386 0.649606,
        -1.131890 -0.413386 0.728346,
        -1.033465 -0.413386 0.728346,
        -1.131890 -1.948819 0.728346,
        -1.033465 -1.948819 0.728346,
        -0.836614 -1.948819 0.649606,
        -0.836614 -0.413386 0.649606,
        -0.738189 -1.948819 0.649606,
        -0.738189 -0.413386 0.649606,
        -0.935039 -0.413386 0.728346,
        -0.836614 -0.413386 0.728346,
        -0.935039 -1.948819 0.728346,
        -0.836614 -1.948819 0.728346,
        -0.639764 -1.948819 0.649606,
        -0.639764 -0.413386 0.649606,
        -0.541339 -1.948819 0.649606,
        -0.541339 -0.413386 0.649606,
        -0.738189 -0.413386 0.728346,
        -0.639764 -0.413386 0.728346,
        -0.738189 -1.948819 0.728346,
        -0.639764 -1.948819 0.728346,
        -0.442913 -1.948819 0.649606,
        -0.442913 -0.413386 0.649606,
        -0.344488 -1.948819 0.649606,
        -0.344488 -0.413386 0.649606,
        -0.541339 -0.413386 0.728346,
        -0.442913 -0.413386 0.728346,
        -0.541339 -1.948819 0.728346,
        -0.442913 -1.948819 0.728346,
        -0.246063 -1.948819 0.649606,
        -0.246063 -0.413386 0.649606,
        -0.147638 -1.948819 0.649606,
        -0.147638 -0.413386 0.649606,
        -0.344488 -0.413386 0.728346,
        -0.246063 -0.413386 0.728346,
        -0.344488 -1.948819 0.728346,
        -0.246063 -1.948819 0.728346,
        -0.049213 -1.948819 0.649606,
        -0.049213 -0.413386 0.649606,
        0.049213 -1.948819 0.649606,
        0.049213 -0.413386 0.649606,
        -0.147638 -0.413386 0.728346,
        -0.049213 -0.413386 0.728346,
        -0.147638 -1.948819 0.728346,
        -0.049213 -1.948819 0.728346,
        0.147638 -1.948819 0.649606,
        0.147638 -0.413386 0.649606,
        0.246063 -1.948819 0.649606,
        0.246063 -0.413386 0.649606,
        0.049213 -0.413386 0.728346,
        0.147638 -0.413386 0.728346,
        0.049213 -1.948819 0.728346,
        0.147638 -1.948819 0.728346,
        0.344488 -1.948819 0.649606,
        0.344488 -0.413386 0.649606,
        0.442913 -1.948819 0.649606,
        0.442913 -0.413386 0.649606,
        0.246063 -0.413386 0.728346,
        0.344488 -0.413386 0.728346,
        0.246063 -1.948819 0.728346,
        0.344488 -1.948819 0.728346,
        0.541339 -1.948819 0.649606,
        0.541339 -0.413386 0.649606,
        0.639764 -1.948819 0.649606,
        0.639764 -0.413386 0.649606,
        0.442913 -0.413386 0.728346,
        0.541339 -0.413386 0.728346,
        0.442913 -1.948819 0.728346,
        0.541339 -1.948819 0.728346,
        0.738189 -1.948819 0.649606,
        0.738189 -0.413386 0.649606,
        0.836614 -1.948819 0.649606,
        0.836614 -0.413386 0.649606,
        0.639764 -0.413386 0.728346,
        0.738189 -0.413386 0.728346,
        0.639764 -1.948819 0.728346,
        0.738189 -1.948819 0.728346,
        0.935039 -1.948819 0.649606,
        0.935039 -0.413386 0.649606,
        1.033465 -1.948819 0.649606,
        1.033465 -0.413386 0.649606,
        0.836614 -0.413386 0.728346,
        0.935039 -0.413386 0.728346,
        0.836614 -1.948819 0.728346,
        0.935039 -1.948819 0.728346,
        1.131890 -1.948819 0.649606,
        1.131890 -0.413386 0.649606,
        1.230315 -1.948819 0.649606,
        1.230315 -0.413386 0.649606,
        1.033465 -0.413386 0.728346,
        1.131890 -0.413386 0.728346,
        1.033465 -1.948819 0.728346,
        1.131890 -1.948819 0.728346,
        1.328740 -1.948819 0.649606,
        1.328740 -0.413386 0.649606,
        1.427165 -1.948819 0.649606,
        1.427165 -0.413386 0.649606,
        1.230315 -0.413386 0.728346,
        1.328740 -0.413386 0.728346,
        1.230315 -1.948819 0.728346,
        1.328740 -1.948819 0.728346,
        1.525591 -1.948819 0.649606,
        1.525591 -0.413386 0.649606,
        1.624016 -1.948819 0.649606,
        1.624016 -0.413386 0.649606,
        1.427165 -0.413386 0.728346,
        1.525591 -0.413386 0.728346,
        1.427165 -1.948819 0.728346,
        1.525591 -1.948819 0.728346,
        2.312992 -1.948819 0.649606,
        2.480315 -1.240157 0.649606,
        2.460630 -1.948819 0.649606,
        2.480315 -1.961943 0.649606,
        2.312992 -0.413386 0.649606,
        2.411417 -0.413386 0.649606,
        2.411417 -0.846457 0.649606,
        2.509843 -0.413386 0.649606,
        2.509843 -0.846457 0.649606,
        2.509843 -0.846457 0.728346,
        2.411417 -0.846457 0.728346,
        2.509843 -0.413386 0.728346,
        2.411417 -0.413386 0.728346,
        1.722441 -1.948819 0.649606,
        1.722441 -0.413386 0.649606,
        1.820866 -1.948819 0.649606,
        1.820866 -0.413386 0.649606,
        1.624016 -0.413386 0.728346,
        1.722441 -0.413386 0.728346,
        1.624016 -1.948819 0.728346,
        1.722441 -1.948819 0.728346,
        1.919291 -1.948819 0.649606,
        1.919291 -0.413386 0.649606,
        2.017717 -1.948819 0.649606,
        2.017717 -0.413386 0.649606,
        1.820866 -0.413386 0.728346,
        1.919291 -0.413386 0.728346,
        1.820866 -1.948819 0.728346,
        1.919291 -1.948819 0.728346,
        2.116142 -1.948819 0.649606,
        2.116142 -0.413386 0.649606,
        2.214567 -1.948819 0.649606,
        2.214567 -0.413386 0.649606,
        2.017717 -0.413386 0.728346,
        2.116142 -0.413386 0.728346,
        2.017717 -1.948819 0.728346,
        2.116142 -1.948819 0.728346,
        2.214567 -0.413386 0.728346,
        2.312992 -0.413386 0.728346,
        2.214567 -1.948819 0.728346,
        2.312992 -1.948819 0.728346,
        -2.411417 -0.846457 0.728346,
        -2.509843 -0.846457 0.728346,
        -2.411417 -0.413386 0.728346,
        -2.509843 -0.413386 0.728346,
        0.246063 -1.960630 0.157480,
        0.246063 -0.177165 0.157480,
        0.147638 -1.960630 0.157480,
        0.147638 -0.177165 0.157480,
        0.049213 -0.177165 0.078740,
        0.147638 -0.177165 0.078740,
        0.442913 -1.960630 0.157480,
        0.442913 -0.177165 0.157480,
        0.344488 -1.960630 0.157480,
        0.344488 -0.177165 0.157480,
        0.246063 -0.177165 0.078740,
        0.344488 -0.177165 0.078740,
        0.639764 -1.960630 0.157480,
        0.639764 -0.177165 0.157480,
        0.541339 -1.960630 0.157480,
        0.541339 -0.177165 0.157480,
        0.442913 -0.177165 0.078740,
        0.541339 -0.177165 0.078740,
        0.836614 -1.960630 0.157480,
        0.836614 -0.177165 0.157480,
        0.738189 -1.960630 0.157480,
        0.738189 -0.177165 0.157480,
        0.639764 -0.177165 0.078740,
        0.738189 -0.177165 0.078740,
        1.033465 -1.960630 0.157480,
        1.033465 -0.177165 0.157480,
        0.935039 -1.960630 0.157480,
        0.935039 -0.177165 0.157480,
        0.836614 -0.177165 0.078740,
        0.935039 -0.177165 0.078740,
        1.230315 -1.960630 0.157480,
        1.230315 -0.177165 0.157480,
        1.131890 -1.960630 0.157480,
        1.131890 -0.177165 0.157480,
        1.033465 -0.177165 0.078740,
        1.131890 -0.177165 0.078740,
        1.427165 -1.960630 0.157480,
        1.427165 -0.177165 0.157480,
        1.328740 -1.960630 0.157480,
        1.328740 -0.177165 0.157480,
        1.230315 -0.177165 0.078740,
        1.328740 -0.177165 0.078740,
        1.624016 -1.960630 0.157480,
        1.624016 -0.177165 0.157480,
        1.525591 -1.960630 0.157480,
        1.525591 -0.177165 0.157480,
        1.427165 -0.177165 0.078740,
        1.525591 -0.177165 0.078740,
        2.460630 -0.216535 0.007874,
        2.460630 -0.177165 0.007874,
        2.214567 -0.177165 0.157480,
        2.116142 -0.177165 0.157480,
        2.214567 -0.177165 0.078740,
        2.312992 -0.177165 0.078740,
        2.017717 -0.177165 0.157480,
        1.919291 -0.177165 0.157480,
        2.017717 -0.177165 0.078740,
        2.116142 -0.177165 0.078740,
        1.820866 -0.177165 0.157480,
        1.722441 -0.177165 0.157480,
        1.820866 -0.177165 0.078740,
        1.919291 -0.177165 0.078740,
        1.624016 -0.177165 0.078740,
        1.722441 -0.177165 0.078740,
      ]
    }
    coordIndex [
      0, 1, 2, -1,
      2, 1, 3, -1,
      2, 3, 4, -1,
      4, 3, 5, -1,
      4, 5, 6, -1,
      6, 5, 7, -1,
      8, 9, 10, -1,
      10, 9, 11, -1,
      10, 11, 12, -1,
      12, 11, 13, -1,
      12, 13, 14, -1,
      14, 13, 15, -1,
      16, 17, 18, -1,
      18, 17, 19, -1,
      20, 21, 22, -1,
      22, 21, 23, -1,
      24, 25, 26, -1,
      26, 25, 27, -1,
      28, 29, 30, -1,
      30, 29, 31, -1,
      31, 32, 30, -1,
      30, 32, 33, -1,
      30, 33, 34, -1,
      34, 35, 30, -1,
      30, 35, 36, -1,
      30, 36, 37, -1,
      38, 39, 40, -1,
      40, 39, 41, -1,
      40, 41, 42, -1,
      42, 41, 43, -1,
      44, 45, 46, -1,
      46, 45, 47, -1,
      48, 43, 49, -1,
      25, 50, 51, -1,
      52, 53, 51, -1,
      51, 53, 54, -1,
      51, 54, 55, -1,
      48, 56, 43, -1,
      43, 56, 57, -1,
      43, 57, 42, -1,
      58, 59, 25, -1,
      25, 59, 60, -1,
      25, 60, 27, -1,
      55, 61, 51, -1,
      51, 61, 62, -1,
      51, 62, 25, -1,
      25, 62, 63, -1,
      25, 63, 58, -1,
      49, 64, 65, -1,
      66, 67, 68, -1,
      68, 69, 66, -1,
      66, 69, 70, -1,
      66, 70, 71, -1,
      71, 70, 37, -1,
      72, 73, 74, -1,
      74, 73, 69, -1,
      74, 69, 75, -1,
      75, 69, 68, -1,
      75, 68, 76, -1,
      76, 68, 77, -1,
      64, 49, 78, -1,
      78, 49, 79, -1,
      78, 79, 80, -1,
      81, 82, 83, -1,
      83, 82, 84, -1,
      83, 84, 85, -1,
      85, 84, 86, -1,
      85, 86, 87, -1,
      88, 89, 90, -1,
      90, 89, 91, -1,
      90, 91, 92, -1,
      65, 93, 49, -1,
      49, 93, 94, -1,
      49, 94, 48, -1,
      81, 83, 90, -1,
      90, 83, 95, -1,
      90, 95, 88, -1,
      92, 38, 90, -1,
      90, 38, 40, -1,
      90, 40, 36, -1,
      36, 40, 96, -1,
      36, 96, 37, -1,
      37, 96, 97, -1,
      97, 98, 37, -1,
      37, 98, 99, -1,
      37, 99, 71, -1,
      71, 99, 100, -1,
      71, 100, 101, -1,
      101, 102, 71, -1,
      71, 102, 103, -1,
      71, 103, 104, -1,
      46, 71, 44, -1,
      44, 71, 104, -1,
      44, 104, 51, -1,
      51, 104, 105, -1,
      51, 105, 52, -1,
      45, 24, 47, -1,
      47, 24, 26, -1,
      47, 26, 106, -1,
      106, 26, 107, -1,
      26, 108, 107, -1,
      107, 108, 28, -1,
      107, 28, 66, -1,
      66, 28, 30, -1,
      66, 30, 67, -1,
      109, 110, 111, -1,
      111, 110, 112, -1,
      111, 112, 113, -1,
      114, 115, 116, -1,
      71, 116, 117, -1,
      118, 119, 117, -1,
      120, 66, 121, -1,
      121, 66, 71, -1,
      121, 71, 122, -1,
      122, 71, 117, -1,
      122, 117, 123, -1,
      123, 117, 124, -1,
      125, 126, 111, -1,
      111, 126, 127, -1,
      111, 127, 109, -1,
      119, 128, 117, -1,
      117, 128, 129, -1,
      117, 129, 124, -1,
      113, 130, 111, -1,
      111, 130, 131, -1,
      111, 131, 117, -1,
      117, 131, 132, -1,
      117, 132, 118, -1,
      120, 125, 66, -1,
      66, 125, 111, -1,
      66, 111, 107, -1,
      107, 111, 133, -1,
      107, 133, 134, -1,
      114, 116, 135, -1,
      135, 116, 71, -1,
      135, 71, 136, -1,
      136, 71, 137, -1,
      136, 137, 138, -1,
      138, 137, 139, -1,
      138, 139, 134, -1,
      134, 139, 140, -1,
      134, 140, 107, -1,
      141, 142, 143, -1,
      144, 145, 146, -1,
      144, 146, 13, -1,
      13, 146, 147, -1,
      13, 147, 15, -1,
      148, 149, 150, -1,
      151, 152, 153, -1,
      142, 154, 143, -1,
      143, 154, 155, -1,
      143, 155, 156, -1,
      153, 157, 158, -1,
      158, 157, 159, -1,
      158, 159, 144, -1,
      144, 159, 160, -1,
      144, 160, 145, -1,
      161, 162, 153, -1,
      153, 162, 163, -1,
      153, 163, 150, -1,
      141, 143, 164, -1,
      164, 143, 3, -1,
      164, 3, 1, -1,
      156, 155, 161, -1,
      161, 155, 165, -1,
      161, 165, 166, -1,
      150, 149, 153, -1,
      153, 149, 167, -1,
      153, 167, 151, -1,
      152, 168, 153, -1,
      153, 168, 169, -1,
      153, 169, 157, -1,
      166, 170, 161, -1,
      161, 170, 171, -1,
      161, 171, 162, -1,
      172, 173, 174, -1,
      174, 173, 175, -1,
      173, 176, 175, -1,
      175, 176, 177, -1,
      175, 177, 178, -1,
      179, 180, 181, -1,
      181, 180, 182, -1,
      178, 183, 175, -1,
      175, 183, 180, -1,
      175, 180, 184, -1,
      184, 180, 179, -1,
      184, 179, 150, -1,
      150, 179, 185, -1,
      150, 185, 148, -1,
      182, 186, 181, -1,
      181, 186, 187, -1,
      181, 187, 188, -1,
      2, 189, 190, -1,
      190, 189, 191, -1,
      192, 0, 2, -1,
      193, 194, 195, -1,
      195, 194, 18, -1,
      192, 2, 196, -1,
      196, 2, 190, -1,
      196, 190, 197, -1,
      18, 198, 199, -1,
      200, 201, 190, -1,
      190, 201, 202, -1,
      190, 202, 197, -1,
      203, 204, 19, -1,
      19, 204, 205, -1,
      19, 205, 18, -1,
      18, 205, 206, -1,
      18, 206, 198, -1,
      207, 208, 209, -1,
      199, 210, 18, -1,
      18, 210, 211, -1,
      18, 211, 195, -1,
      195, 211, 212, -1,
      195, 212, 190, -1,
      190, 212, 213, -1,
      190, 213, 200, -1,
      203, 19, 209, -1,
      209, 19, 214, -1,
      209, 214, 207, -1,
      215, 144, 216, -1,
      217, 218, 219, -1,
      219, 218, 220, -1,
      219, 220, 216, -1,
      216, 220, 221, -1,
      216, 221, 215, -1,
      156, 222, 223, -1,
      156, 223, 143, -1,
      143, 223, 224, -1,
      143, 224, 225, -1,
      225, 224, 226, -1,
      225, 226, 227, -1,
      227, 226, 228, -1,
      227, 228, 223, -1,
      223, 228, 229, -1,
      223, 229, 224, -1,
      215, 218, 144, -1,
      144, 218, 217, -1,
      144, 217, 158, -1,
      158, 217, 230, -1,
      158, 230, 231, -1,
      231, 230, 232, -1,
      231, 232, 233, -1,
      234, 71, 46, -1,
      222, 156, 235, -1,
      235, 156, 236, -1,
      235, 236, 237, -1,
      237, 236, 238, -1,
      237, 238, 46, -1,
      46, 238, 239, -1,
      46, 239, 234, -1,
      240, 241, 242, -1,
      243, 244, 71, -1,
      242, 243, 240, -1,
      240, 243, 71, -1,
      240, 71, 245, -1,
      245, 71, 234, -1,
      245, 234, 246, -1,
      246, 234, 247, -1,
      248, 249, 250, -1,
      251, 252, 71, -1,
      253, 254, 244, -1,
      244, 254, 255, -1,
      244, 255, 71, -1,
      71, 255, 256, -1,
      250, 251, 248, -1,
      248, 251, 71, -1,
      248, 71, 257, -1,
      257, 71, 256, -1,
      257, 256, 258, -1,
      258, 256, 259, -1,
      260, 261, 262, -1,
      263, 264, 71, -1,
      262, 263, 260, -1,
      260, 263, 71, -1,
      260, 71, 265, -1,
      265, 71, 252, -1,
      265, 252, 266, -1,
      266, 252, 267, -1,
      268, 269, 270, -1,
      271, 272, 71, -1,
      270, 271, 268, -1,
      268, 271, 71, -1,
      268, 71, 273, -1,
      273, 71, 264, -1,
      273, 264, 274, -1,
      274, 264, 275, -1,
      276, 277, 278, -1,
      279, 280, 71, -1,
      278, 279, 276, -1,
      276, 279, 71, -1,
      276, 71, 281, -1,
      281, 71, 272, -1,
      281, 272, 282, -1,
      282, 272, 283, -1,
      284, 285, 280, -1,
      280, 285, 286, -1,
      280, 286, 71, -1,
      71, 286, 287, -1,
      71, 287, 137, -1,
      288, 289, 290, -1,
      291, 292, 137, -1,
      293, 294, 295, -1,
      290, 291, 288, -1,
      288, 291, 137, -1,
      288, 137, 296, -1,
      296, 137, 287, -1,
      296, 287, 297, -1,
      297, 287, 298, -1,
      299, 300, 137, -1,
      301, 302, 292, -1,
      292, 302, 303, -1,
      292, 303, 137, -1,
      137, 303, 293, -1,
      137, 293, 299, -1,
      299, 293, 295, -1,
      304, 305, 306, -1,
      307, 308, 137, -1,
      306, 307, 304, -1,
      304, 307, 137, -1,
      304, 137, 309, -1,
      309, 137, 300, -1,
      309, 300, 310, -1,
      310, 300, 311, -1,
      312, 313, 314, -1,
      315, 316, 137, -1,
      314, 315, 312, -1,
      312, 315, 137, -1,
      312, 137, 317, -1,
      317, 137, 308, -1,
      317, 308, 318, -1,
      318, 308, 319, -1,
      320, 321, 322, -1,
      323, 324, 137, -1,
      322, 323, 320, -1,
      320, 323, 137, -1,
      320, 137, 325, -1,
      325, 137, 316, -1,
      325, 316, 326, -1,
      326, 316, 327, -1,
      328, 329, 324, -1,
      324, 329, 330, -1,
      324, 330, 137, -1,
      137, 330, 331, -1,
      137, 331, 233, -1,
      233, 331, 332, -1,
      233, 332, 231, -1,
      333, 334, 335, -1,
      335, 334, 336, -1,
      337, 338, 339, -1,
      339, 338, 340, -1,
      341, 320, 342, -1,
      342, 320, 325, -1,
      335, 336, 326, -1,
      326, 336, 342, -1,
      326, 342, 325, -1,
      338, 337, 341, -1,
      341, 337, 321, -1,
      341, 321, 320, -1,
      343, 344, 345, -1,
      345, 344, 346, -1,
      347, 324, 348, -1,
      348, 324, 323, -1,
      339, 340, 322, -1,
      322, 340, 348, -1,
      322, 348, 323, -1,
      344, 343, 347, -1,
      347, 343, 328, -1,
      347, 328, 324, -1,
      349, 350, 351, -1,
      352, 353, 354, -1,
      354, 353, 355, -1,
      354, 355, 351, -1,
      351, 355, 356, -1,
      351, 356, 349, -1,
      357, 358, 359, -1,
      359, 358, 360, -1,
      360, 361, 362, -1,
      8, 10, 363, -1,
      363, 10, 364, -1,
      363, 364, 365, -1,
      365, 364, 366, -1,
      360, 362, 359, -1,
      359, 362, 367, -1,
      359, 367, 368, -1,
      369, 356, 370, -1,
      370, 356, 355, -1,
      370, 355, 371, -1,
      371, 355, 359, -1,
      371, 359, 372, -1,
      372, 359, 368, -1,
      369, 373, 356, -1,
      356, 373, 374, -1,
      356, 374, 364, -1,
      364, 374, 375, -1,
      364, 375, 366, -1,
      376, 331, 377, -1,
      377, 331, 330, -1,
      345, 346, 329, -1,
      329, 346, 377, -1,
      329, 377, 330, -1,
      360, 358, 376, -1,
      376, 358, 332, -1,
      376, 332, 331, -1,
      139, 137, 233, -1,
      378, 379, 380, -1,
      140, 139, 380, -1,
      380, 139, 233, -1,
      380, 233, 378, -1,
      378, 233, 381, -1,
      381, 233, 232, -1,
      11, 9, 382, -1,
      219, 216, 383, -1,
      383, 216, 11, -1,
      383, 11, 384, -1,
      384, 11, 382, -1,
      384, 385, 383, -1,
      383, 385, 386, -1,
      383, 386, 387, -1,
      381, 388, 389, -1,
      389, 390, 381, -1,
      381, 390, 391, -1,
      381, 391, 378, -1,
      378, 391, 392, -1,
      378, 392, 393, -1,
      387, 394, 383, -1,
      383, 394, 395, -1,
      383, 395, 381, -1,
      381, 395, 396, -1,
      381, 396, 388, -1,
      397, 398, 399, -1,
      399, 398, 400, -1,
      401, 402, 403, -1,
      403, 402, 404, -1,
      405, 308, 406, -1,
      406, 308, 307, -1,
      399, 400, 306, -1,
      306, 400, 406, -1,
      306, 406, 307, -1,
      402, 401, 405, -1,
      405, 401, 319, -1,
      405, 319, 308, -1,
      407, 408, 409, -1,
      409, 408, 410, -1,
      411, 316, 412, -1,
      412, 316, 315, -1,
      409, 410, 314, -1,
      314, 410, 412, -1,
      314, 412, 315, -1,
      334, 333, 411, -1,
      411, 333, 327, -1,
      411, 327, 316, -1,
      413, 312, 414, -1,
      414, 312, 317, -1,
      403, 404, 318, -1,
      318, 404, 414, -1,
      318, 414, 317, -1,
      408, 407, 413, -1,
      413, 407, 313, -1,
      413, 313, 312, -1,
      415, 416, 417, -1,
      417, 416, 418, -1,
      419, 304, 420, -1,
      420, 304, 309, -1,
      417, 418, 310, -1,
      310, 418, 420, -1,
      310, 420, 309, -1,
      398, 397, 419, -1,
      419, 397, 305, -1,
      419, 305, 304, -1,
      421, 422, 423, -1,
      423, 422, 424, -1,
      425, 300, 426, -1,
      426, 300, 299, -1,
      423, 424, 295, -1,
      295, 424, 426, -1,
      295, 426, 299, -1,
      416, 415, 425, -1,
      425, 415, 311, -1,
      425, 311, 300, -1,
      427, 428, 429, -1,
      429, 428, 430, -1,
      431, 293, 432, -1,
      432, 293, 303, -1,
      429, 430, 302, -1,
      302, 430, 432, -1,
      302, 432, 303, -1,
      422, 421, 431, -1,
      431, 421, 294, -1,
      431, 294, 293, -1,
      433, 434, 435, -1,
      435, 434, 436, -1,
      437, 292, 438, -1,
      438, 292, 291, -1,
      435, 436, 290, -1,
      290, 436, 438, -1,
      290, 438, 291, -1,
      428, 427, 437, -1,
      437, 427, 301, -1,
      437, 301, 292, -1,
      439, 440, 441, -1,
      441, 440, 442, -1,
      443, 444, 445, -1,
      445, 444, 446, -1,
      447, 287, 448, -1,
      448, 287, 286, -1,
      441, 442, 285, -1,
      285, 442, 448, -1,
      285, 448, 286, -1,
      444, 443, 447, -1,
      447, 443, 298, -1,
      447, 298, 287, -1,
      449, 288, 450, -1,
      450, 288, 296, -1,
      445, 446, 297, -1,
      297, 446, 450, -1,
      297, 450, 296, -1,
      434, 433, 449, -1,
      449, 433, 289, -1,
      449, 289, 288, -1,
      350, 349, 451, -1,
      452, 453, 451, -1,
      451, 453, 454, -1,
      451, 454, 350, -1,
      144, 13, 216, -1,
      216, 13, 11, -1,
      10, 12, 364, -1,
      364, 12, 453, -1,
      364, 453, 455, -1,
      455, 453, 452, -1,
      455, 452, 221, -1,
      221, 452, 215, -1,
      456, 457, 352, -1,
      352, 457, 353, -1,
      457, 456, 20, -1,
      20, 456, 458, -1,
      459, 21, 460, -1,
      454, 453, 461, -1,
      461, 453, 12, -1,
      461, 462, 463, -1,
      464, 20, 465, -1,
      465, 20, 466, -1,
      14, 467, 12, -1,
      12, 467, 468, -1,
      12, 468, 461, -1,
      461, 468, 469, -1,
      461, 469, 462, -1,
      463, 470, 461, -1,
      461, 470, 471, -1,
      461, 471, 458, -1,
      458, 471, 472, -1,
      458, 472, 20, -1,
      20, 472, 473, -1,
      20, 473, 466, -1,
      464, 474, 20, -1,
      20, 474, 475, -1,
      20, 475, 21, -1,
      21, 475, 476, -1,
      21, 476, 460, -1,
      477, 478, 460, -1,
      460, 478, 479, -1,
      460, 479, 459, -1,
      480, 461, 481, -1,
      481, 461, 458, -1,
      381, 354, 383, -1,
      383, 354, 351, -1,
      481, 458, 456, -1,
      354, 381, 352, -1,
      352, 381, 232, -1,
      352, 232, 456, -1,
      456, 232, 230, -1,
      456, 230, 481, -1,
      383, 351, 350, -1,
      461, 480, 454, -1,
      454, 480, 217, -1,
      454, 217, 350, -1,
      350, 217, 219, -1,
      350, 219, 383, -1,
      217, 480, 230, -1,
      230, 480, 481, -1,
      482, 483, 484, -1,
      484, 483, 191, -1,
      484, 191, 485, -1,
      485, 191, 189, -1,
      3, 143, 5, -1,
      5, 143, 225, -1,
      226, 224, 485, -1,
      2, 4, 189, -1,
      189, 4, 486, -1,
      189, 486, 485, -1,
      485, 486, 487, -1,
      485, 487, 226, -1,
      194, 193, 488, -1,
      488, 193, 489, -1,
      490, 483, 482, -1,
      491, 488, 489, -1,
      236, 492, 238, -1,
      238, 492, 493, -1,
      238, 493, 494, -1,
      495, 496, 493, -1,
      493, 496, 497, -1,
      493, 497, 494, -1,
      494, 497, 498, -1,
      494, 498, 499, -1,
      482, 500, 490, -1,
      490, 500, 491, -1,
      490, 491, 501, -1,
      501, 491, 489, -1,
      486, 4, 6, -1,
      491, 502, 493, -1,
      493, 502, 503, -1,
      493, 503, 495, -1,
      6, 504, 486, -1,
      486, 504, 505, -1,
      486, 505, 500, -1,
      500, 505, 506, -1,
      500, 506, 491, -1,
      491, 506, 507, -1,
      491, 507, 508, -1,
      508, 509, 491, -1,
      491, 509, 510, -1,
      491, 510, 502, -1,
      5, 225, 511, -1,
      511, 225, 227, -1,
      235, 237, 512, -1,
      512, 237, 513, -1,
      514, 515, 513, -1,
      513, 515, 516, -1,
      513, 516, 512, -1,
      512, 516, 517, -1,
      512, 517, 518, -1,
      519, 520, 511, -1,
      511, 520, 521, -1,
      518, 522, 512, -1,
      512, 522, 523, -1,
      512, 523, 511, -1,
      511, 523, 524, -1,
      511, 524, 519, -1,
      521, 525, 511, -1,
      511, 525, 526, -1,
      511, 526, 5, -1,
      5, 526, 527, -1,
      5, 527, 7, -1,
      190, 528, 195, -1,
      195, 528, 529, -1,
      501, 512, 490, -1,
      490, 512, 511, -1,
      512, 501, 489, -1,
      195, 529, 193, -1,
      193, 529, 222, -1,
      193, 222, 489, -1,
      489, 222, 235, -1,
      489, 235, 512, -1,
      528, 190, 191, -1,
      490, 511, 483, -1,
      483, 511, 227, -1,
      483, 227, 191, -1,
      191, 227, 223, -1,
      191, 223, 528, -1,
      528, 223, 529, -1,
      529, 223, 222, -1,
      530, 531, 532, -1,
      532, 531, 533, -1,
      534, 535, 536, -1,
      537, 538, 539, -1,
      537, 539, 540, -1,
      23, 541, 542, -1,
      536, 540, 534, -1,
      534, 540, 539, -1,
      534, 539, 542, -1,
      542, 539, 22, -1,
      542, 22, 23, -1,
      543, 544, 545, -1,
      545, 544, 546, -1,
      544, 531, 546, -1,
      546, 531, 530, -1,
      540, 536, 545, -1,
      545, 536, 543, -1,
      547, 548, 549, -1,
      549, 548, 550, -1,
      551, 552, 553, -1,
      553, 552, 554, -1,
      552, 548, 554, -1,
      554, 548, 547, -1,
      532, 533, 553, -1,
      553, 533, 551, -1,
      555, 556, 557, -1,
      557, 556, 558, -1,
      559, 560, 561, -1,
      561, 560, 562, -1,
      560, 556, 562, -1,
      562, 556, 555, -1,
      549, 550, 561, -1,
      561, 550, 559, -1,
      563, 564, 565, -1,
      565, 564, 566, -1,
      567, 568, 569, -1,
      569, 568, 570, -1,
      568, 564, 570, -1,
      570, 564, 563, -1,
      557, 558, 569, -1,
      569, 558, 567, -1,
      571, 572, 573, -1,
      573, 572, 574, -1,
      575, 576, 577, -1,
      577, 576, 578, -1,
      576, 572, 578, -1,
      578, 572, 571, -1,
      565, 566, 577, -1,
      577, 566, 575, -1,
      579, 580, 581, -1,
      581, 580, 582, -1,
      583, 584, 585, -1,
      585, 584, 586, -1,
      584, 580, 586, -1,
      586, 580, 579, -1,
      573, 574, 585, -1,
      585, 574, 583, -1,
      587, 588, 589, -1,
      589, 588, 590, -1,
      591, 592, 593, -1,
      593, 592, 594, -1,
      592, 588, 594, -1,
      594, 588, 587, -1,
      581, 582, 593, -1,
      593, 582, 591, -1,
      595, 596, 597, -1,
      597, 596, 598, -1,
      599, 600, 601, -1,
      601, 600, 602, -1,
      600, 596, 602, -1,
      602, 596, 595, -1,
      589, 590, 601, -1,
      601, 590, 599, -1,
      603, 604, 605, -1,
      605, 604, 606, -1,
      607, 608, 609, -1,
      609, 608, 610, -1,
      608, 604, 610, -1,
      610, 604, 603, -1,
      597, 598, 609, -1,
      609, 598, 607, -1,
      611, 612, 613, -1,
      613, 612, 614, -1,
      615, 616, 617, -1,
      617, 616, 618, -1,
      616, 612, 618, -1,
      618, 612, 611, -1,
      605, 606, 617, -1,
      617, 606, 615, -1,
      619, 620, 621, -1,
      621, 620, 622, -1,
      623, 624, 625, -1,
      625, 624, 626, -1,
      624, 620, 626, -1,
      626, 620, 619, -1,
      613, 614, 625, -1,
      625, 614, 623, -1,
      627, 628, 629, -1,
      629, 628, 630, -1,
      631, 632, 633, -1,
      633, 632, 634, -1,
      632, 628, 634, -1,
      634, 628, 627, -1,
      621, 622, 633, -1,
      633, 622, 631, -1,
      635, 636, 637, -1,
      637, 636, 638, -1,
      639, 640, 641, -1,
      641, 640, 642, -1,
      640, 636, 642, -1,
      642, 636, 635, -1,
      629, 630, 641, -1,
      641, 630, 639, -1,
      643, 644, 645, -1,
      645, 644, 646, -1,
      647, 648, 649, -1,
      649, 648, 650, -1,
      648, 644, 650, -1,
      650, 644, 643, -1,
      637, 638, 649, -1,
      649, 638, 647, -1,
      651, 652, 653, -1,
      653, 652, 654, -1,
      655, 656, 657, -1,
      657, 656, 658, -1,
      656, 652, 658, -1,
      658, 652, 651, -1,
      645, 646, 657, -1,
      657, 646, 655, -1,
      659, 660, 661, -1,
      661, 660, 662, -1,
      663, 664, 665, -1,
      665, 664, 666, -1,
      664, 660, 666, -1,
      666, 660, 659, -1,
      653, 654, 665, -1,
      665, 654, 663, -1,
      667, 668, 669, -1,
      669, 668, 670, -1,
      671, 672, 673, -1,
      673, 672, 674, -1,
      672, 668, 674, -1,
      674, 668, 667, -1,
      661, 662, 673, -1,
      673, 662, 671, -1,
      675, 676, 677, -1,
      677, 676, 678, -1,
      679, 680, 681, -1,
      681, 680, 682, -1,
      680, 676, 682, -1,
      682, 676, 675, -1,
      669, 670, 681, -1,
      681, 670, 679, -1,
      683, 684, 685, -1,
      685, 684, 686, -1,
      687, 688, 689, -1,
      689, 688, 690, -1,
      688, 684, 690, -1,
      690, 684, 683, -1,
      677, 678, 689, -1,
      689, 678, 687, -1,
      691, 692, 693, -1,
      693, 692, 694, -1,
      695, 696, 697, -1,
      697, 696, 698, -1,
      696, 692, 698, -1,
      698, 692, 691, -1,
      685, 686, 697, -1,
      697, 686, 695, -1,
      699, 700, 701, -1,
      701, 700, 702, -1,
      703, 704, 705, -1,
      706, 17, 707, -1,
      707, 17, 16, -1,
      707, 16, 705, -1,
      705, 16, 700, -1,
      705, 700, 703, -1,
      703, 700, 699, -1,
      708, 709, 710, -1,
      710, 709, 711, -1,
      709, 705, 711, -1,
      711, 705, 704, -1,
      706, 707, 710, -1,
      710, 707, 708, -1,
      709, 708, 705, -1,
      705, 708, 707, -1,
      712, 713, 714, -1,
      714, 713, 715, -1,
      716, 717, 718, -1,
      718, 717, 719, -1,
      717, 713, 719, -1,
      719, 713, 712, -1,
      693, 694, 718, -1,
      718, 694, 716, -1,
      720, 721, 722, -1,
      722, 721, 723, -1,
      724, 725, 726, -1,
      726, 725, 727, -1,
      725, 721, 727, -1,
      727, 721, 720, -1,
      714, 715, 726, -1,
      726, 715, 724, -1,
      728, 729, 730, -1,
      730, 729, 731, -1,
      732, 733, 734, -1,
      734, 733, 735, -1,
      733, 729, 735, -1,
      735, 729, 728, -1,
      722, 723, 734, -1,
      734, 723, 732, -1,
      736, 737, 738, -1,
      738, 737, 739, -1,
      737, 703, 739, -1,
      739, 703, 699, -1,
      730, 731, 738, -1,
      738, 731, 736, -1,
      740, 741, 742, -1,
      742, 741, 743, -1,
      534, 740, 535, -1,
      535, 740, 742, -1,
      743, 741, 541, -1,
      541, 741, 542, -1,
      740, 534, 741, -1,
      741, 534, 542, -1,
      744, 745, 746, -1,
      746, 745, 747, -1,
      748, 280, 749, -1,
      749, 280, 279, -1,
      746, 747, 278, -1,
      278, 747, 749, -1,
      278, 749, 279, -1,
      440, 439, 748, -1,
      748, 439, 284, -1,
      748, 284, 280, -1,
      750, 751, 752, -1,
      752, 751, 753, -1,
      754, 276, 755, -1,
      755, 276, 281, -1,
      752, 753, 282, -1,
      282, 753, 755, -1,
      282, 755, 281, -1,
      745, 744, 754, -1,
      754, 744, 277, -1,
      754, 277, 276, -1,
      756, 757, 758, -1,
      758, 757, 759, -1,
      760, 272, 761, -1,
      761, 272, 271, -1,
      758, 759, 270, -1,
      270, 759, 761, -1,
      270, 761, 271, -1,
      751, 750, 760, -1,
      760, 750, 283, -1,
      760, 283, 272, -1,
      762, 763, 764, -1,
      764, 763, 765, -1,
      766, 268, 767, -1,
      767, 268, 273, -1,
      764, 765, 274, -1,
      274, 765, 767, -1,
      274, 767, 273, -1,
      757, 756, 766, -1,
      766, 756, 269, -1,
      766, 269, 268, -1,
      768, 769, 770, -1,
      770, 769, 771, -1,
      772, 264, 773, -1,
      773, 264, 263, -1,
      770, 771, 262, -1,
      262, 771, 773, -1,
      262, 773, 263, -1,
      763, 762, 772, -1,
      772, 762, 275, -1,
      772, 275, 264, -1,
      774, 775, 776, -1,
      776, 775, 777, -1,
      778, 260, 779, -1,
      779, 260, 265, -1,
      776, 777, 266, -1,
      266, 777, 779, -1,
      266, 779, 265, -1,
      769, 768, 778, -1,
      778, 768, 261, -1,
      778, 261, 260, -1,
      780, 781, 782, -1,
      782, 781, 783, -1,
      784, 252, 785, -1,
      785, 252, 251, -1,
      782, 783, 250, -1,
      250, 783, 785, -1,
      250, 785, 251, -1,
      775, 774, 784, -1,
      784, 774, 267, -1,
      784, 267, 252, -1,
      786, 787, 788, -1,
      788, 787, 789, -1,
      790, 248, 791, -1,
      791, 248, 257, -1,
      788, 789, 258, -1,
      258, 789, 791, -1,
      258, 791, 257, -1,
      781, 780, 790, -1,
      790, 780, 249, -1,
      790, 249, 248, -1,
      47, 106, 792, -1,
      46, 47, 237, -1,
      237, 47, 792, -1,
      237, 792, 513, -1,
      513, 792, 793, -1,
      247, 794, 246, -1,
      246, 794, 795, -1,
      796, 234, 797, -1,
      797, 234, 239, -1,
      239, 238, 797, -1,
      797, 238, 494, -1,
      794, 247, 796, -1,
      796, 247, 234, -1,
      241, 798, 242, -1,
      242, 798, 799, -1,
      800, 240, 801, -1,
      801, 240, 245, -1,
      245, 246, 801, -1,
      801, 246, 795, -1,
      798, 241, 800, -1,
      800, 241, 240, -1,
      253, 802, 254, -1,
      254, 802, 803, -1,
      804, 244, 805, -1,
      805, 244, 243, -1,
      243, 242, 805, -1,
      805, 242, 799, -1,
      802, 253, 804, -1,
      804, 253, 244, -1,
      806, 256, 807, -1,
      807, 256, 255, -1,
      255, 254, 807, -1,
      807, 254, 803, -1,
      787, 786, 806, -1,
      806, 786, 259, -1,
      806, 259, 256, -1,
      476, 475, 179, -1,
      179, 475, 185, -1,
      169, 168, 471, -1,
      471, 168, 472, -1,
      467, 14, 147, -1,
      147, 14, 15, -1,
      164, 1, 192, -1,
      192, 1, 0, -1,
      213, 212, 166, -1,
      166, 212, 170, -1,
      174, 175, 204, -1,
      204, 175, 205, -1,
      551, 533, 531, -1,
      544, 543, 180, -1,
      17, 706, 183, -1,
      183, 706, 710, -1,
      183, 710, 711, -1,
      541, 23, 743, -1,
      743, 23, 180, -1,
      743, 180, 742, -1,
      742, 180, 543, -1,
      742, 543, 535, -1,
      535, 543, 536, -1,
      671, 662, 660, -1,
      647, 638, 636, -1,
      631, 622, 620, -1,
      567, 558, 556, -1,
      704, 703, 711, -1,
      711, 703, 737, -1,
      711, 737, 183, -1,
      183, 737, 736, -1,
      607, 598, 596, -1,
      183, 600, 599, -1,
      550, 548, 559, -1,
      559, 548, 552, -1,
      731, 729, 736, -1,
      736, 729, 733, -1,
      736, 733, 183, -1,
      183, 733, 732, -1,
      183, 624, 623, -1,
      590, 588, 599, -1,
      599, 588, 592, -1,
      599, 592, 183, -1,
      183, 592, 591, -1,
      723, 721, 732, -1,
      732, 721, 725, -1,
      732, 725, 183, -1,
      183, 725, 724, -1,
      614, 612, 623, -1,
      623, 612, 616, -1,
      623, 616, 183, -1,
      183, 616, 615, -1,
      582, 580, 591, -1,
      591, 580, 584, -1,
      591, 584, 183, -1,
      183, 584, 583, -1,
      715, 713, 724, -1,
      724, 713, 717, -1,
      724, 717, 183, -1,
      183, 717, 716, -1,
      606, 604, 615, -1,
      615, 604, 608, -1,
      615, 608, 183, -1,
      183, 608, 607, -1,
      183, 607, 600, -1,
      600, 607, 596, -1,
      574, 572, 583, -1,
      583, 572, 576, -1,
      583, 576, 183, -1,
      183, 576, 575, -1,
      694, 692, 716, -1,
      716, 692, 696, -1,
      716, 696, 183, -1,
      183, 696, 695, -1,
      556, 560, 567, -1,
      567, 560, 183, -1,
      567, 183, 568, -1,
      568, 183, 575, -1,
      568, 575, 564, -1,
      564, 575, 566, -1,
      686, 684, 695, -1,
      695, 684, 688, -1,
      695, 688, 183, -1,
      183, 688, 687, -1,
      531, 544, 551, -1,
      551, 544, 180, -1,
      551, 180, 552, -1,
      552, 180, 183, -1,
      552, 183, 559, -1,
      559, 183, 560, -1,
      678, 676, 687, -1,
      687, 676, 680, -1,
      687, 680, 183, -1,
      183, 680, 679, -1,
      664, 663, 183, -1,
      660, 664, 671, -1,
      671, 664, 183, -1,
      671, 183, 672, -1,
      672, 183, 679, -1,
      672, 679, 668, -1,
      668, 679, 670, -1,
      654, 652, 663, -1,
      663, 652, 656, -1,
      663, 656, 183, -1,
      183, 656, 655, -1,
      183, 640, 639, -1,
      636, 640, 647, -1,
      647, 640, 183, -1,
      647, 183, 648, -1,
      648, 183, 655, -1,
      648, 655, 644, -1,
      644, 655, 646, -1,
      630, 628, 639, -1,
      639, 628, 632, -1,
      639, 632, 183, -1,
      183, 632, 631, -1,
      183, 631, 624, -1,
      624, 631, 620, -1,
    ]
  }
}

Shape {
  appearance Appearance {
    material Material {
      diffuseColor 0.2078 0.2078 0.2078
      specularColor 0.0157 0.0157 0.0157
      ambientIntensity 0.2
      transparency 0.0000
      shininess 0.5
    }
  }
  geometry IndexedFaceSet {
    ccw TRUE
    solid FALSE
    coord DEF co Coordinate {
      point [
        0.242874 -0.730171 0.000000,
        0.221693 -0.730171 0.000000,
        0.081935 -0.729250 0.000000,
        0.084106 -0.729485 0.000000,
        0.066216 -0.729250 0.000000,
        0.061186 -0.729893 0.000000,
        0.005272 -0.730171 0.000000,
        0.052162 -0.733485 0.000000,
        0.043966 -0.739323 0.000000,
        0.036294 -0.748155 0.000000,
        0.031043 -0.758699 0.000000,
        0.027793 -0.773545 0.000000,
        0.027374 -0.786348 0.000000,
        0.005272 -0.887652 0.000000,
        0.099811 -0.767246 0.000000,
        0.103754 -0.783137 0.000000,
        0.047635 -0.825028 0.000000,
        0.105654 -0.812135 0.000000,
        0.048370 -0.839984 0.000000,
        0.103320 -0.841127 0.000000,
        0.147096 -0.887652 0.000000,
        0.242874 -0.887652 0.000000,
        0.057931 -0.864488 0.000000,
        0.099868 -0.853011 0.000000,
        0.221693 -0.870154 0.000000,
        0.147096 -0.870154 0.000000,
        0.105748 -0.877858 0.000000,
        0.114010 -0.869200 0.000000,
        0.119933 -0.859185 0.000000,
        0.125246 -0.842159 0.000000,
        0.054133 -0.859896 0.000000,
        0.051123 -0.853309 0.000000,
        0.111579 -0.748149 0.000000,
        0.102789 -0.738817 0.000000,
        0.093763 -0.732878 0.000000,
        0.127757 -0.813977 0.000000,
        0.125333 -0.782959 0.000000,
        0.119522 -0.762182 0.000000,
        0.079914 -0.871424 0.000000,
        0.074342 -0.871996 0.000000,
        -0.084059 -0.730171 0.000000,
        -0.084059 -0.747669 0.000000,
        -0.088664 -0.870154 0.000000,
        -0.088664 -0.887652 0.000000,
        -0.015909 -0.813977 0.000000,
        -0.015909 -0.870154 0.000000,
        -0.078533 -0.813977 0.000000,
        -0.078533 -0.796479 0.000000,
        -0.015909 -0.796479 0.000000,
        -0.015909 -0.747669 0.000000,
        0.085088 -0.869624 0.000000,
        0.095801 -0.860288 0.000000,
        0.090078 -0.866415 0.000000,
        0.048810 -0.770900 0.000000,
        0.051490 -0.761048 0.000000,
        0.072066 -0.745875 0.000000,
        0.054073 -0.755972 0.000000,
        0.066059 -0.746813 0.000000,
        0.057312 -0.751894 0.000000,
        0.061382 -0.748765 0.000000,
        0.080143 -0.746704 0.000000,
        0.085433 -0.748885 0.000000,
        0.047635 -0.786348 0.000000,
        0.090332 -0.752494 0.000000,
        0.095055 -0.758053 0.000000,
        0.068611 -0.871165 0.000000,
        0.063554 -0.868946 0.000000,
        0.073421 -0.745827 0.000000,
        0.026454 -0.825028 0.000000,
        0.028537 -0.846369 0.000000,
        0.032704 -0.861032 0.000000,
        0.037915 -0.870720 0.000000,
        0.046023 -0.879309 0.000000,
        0.055528 -0.885423 0.000000,
        0.064845 -0.888533 0.000000,
        0.074342 -0.889493 0.000000,
        0.086476 -0.888013 0.000000,
        0.096744 -0.884041 0.000000,
        0.073421 -0.728330 0.000000,
        -0.182990 -0.741109 0.000000,
        -0.191049 -0.748268 0.000000,
        -0.266139 -0.729250 0.000000,
        -0.197811 -0.758156 0.000000,
        -0.203798 -0.774375 0.000000,
        -0.295874 -0.838842 0.000000,
        -0.255353 -0.838842 0.000000,
        -0.242460 -0.887652 0.000000,
        -0.220358 -0.887652 0.000000,
        -0.202016 -0.848586 0.000000,
        -0.196370 -0.860919 0.000000,
        -0.109845 -0.730171 0.000000,
        -0.109845 -0.887652 0.000000,
        -0.141157 -0.887652 0.000000,
        -0.150887 -0.887170 0.000000,
        -0.168141 -0.883261 0.000000,
        -0.141157 -0.730171 0.000000,
        -0.158360 -0.731542 0.000000,
        -0.172417 -0.735423 0.000000,
        -0.189761 -0.869434 0.000000,
        -0.180631 -0.876968 0.000000,
        -0.207409 -0.805041 0.000000,
        -0.207465 -0.809372 0.000000,
        -0.205936 -0.831990 0.000000,
        -0.266405 -0.728330 0.000000,
        -0.284823 -0.728330 0.000000,
        -0.308768 -0.887652 0.000000,
        -0.330870 -0.887652 0.000000,
        -0.285089 -0.729250 0.000000,
        -0.295874 -0.838842 0.003937,
        -0.308768 -0.887652 0.003937,
        -0.255353 -0.838842 0.003937,
        -0.242460 -0.887652 0.003937,
        -0.220358 -0.887652 0.003937,
        -0.266405 -0.728330 0.003937,
        -0.284823 -0.728330 0.003937,
        -0.330870 -0.887652 0.003937,
        -0.259958 -0.821344 0.003937,
        -0.274693 -0.765167 0.003937,
        -0.291270 -0.821344 0.003937,
        -0.276535 -0.765167 0.003937,
        -0.274693 -0.765167 0.000000,
        -0.276535 -0.765167 0.000000,
        -0.259958 -0.821344 0.000000,
        -0.291270 -0.821344 0.000000,
        -0.109845 -0.887652 0.003937,
        -0.141157 -0.887652 0.003937,
        -0.109845 -0.730171 0.003937,
        -0.141157 -0.730171 0.003937,
        -0.207465 -0.809372 0.003937,
        -0.207409 -0.805041 0.003937,
        -0.203798 -0.774375 0.003937,
        -0.197811 -0.758156 0.003937,
        -0.191049 -0.748268 0.003937,
        -0.182990 -0.741109 0.003937,
        -0.172417 -0.735423 0.003937,
        -0.158360 -0.731542 0.003937,
        -0.150887 -0.887170 0.003937,
        -0.168141 -0.883261 0.003937,
        -0.180631 -0.876968 0.003937,
        -0.189761 -0.869434 0.003937,
        -0.196370 -0.860919 0.003937,
        -0.202016 -0.848586 0.003937,
        -0.205936 -0.831990 0.003937,
        -0.131027 -0.747669 0.003937,
        -0.131027 -0.870154 0.003937,
        -0.141157 -0.870154 0.003937,
        -0.153606 -0.868922 0.003937,
        -0.162232 -0.866057 0.003937,
        -0.169243 -0.861793 0.003937,
        -0.174688 -0.856348 0.003937,
        -0.178896 -0.849408 0.003937,
        -0.182991 -0.836473 0.003937,
        -0.141157 -0.747669 0.003937,
        -0.144708 -0.747767 0.003937,
        -0.156418 -0.749687 0.003937,
        -0.164457 -0.753061 0.003937,
        -0.171106 -0.757982 0.003937,
        -0.176169 -0.764083 0.003937,
        -0.180384 -0.772780 0.003937,
        -0.183900 -0.787357 0.003937,
        -0.185362 -0.809372 0.003937,
        -0.131027 -0.747669 0.000000,
        -0.141157 -0.747669 0.000000,
        -0.131027 -0.870154 0.000000,
        -0.141157 -0.870154 0.000000,
        -0.185362 -0.809372 0.000000,
        -0.182991 -0.836473 0.000000,
        -0.178896 -0.849408 0.000000,
        -0.174688 -0.856348 0.000000,
        -0.169243 -0.861793 0.000000,
        -0.162232 -0.866057 0.000000,
        -0.153606 -0.868922 0.000000,
        -0.144708 -0.747767 0.000000,
        -0.156418 -0.749687 0.000000,
        -0.164457 -0.753061 0.000000,
        -0.171106 -0.757982 0.000000,
        -0.176169 -0.764083 0.000000,
        -0.180384 -0.772780 0.000000,
        -0.183900 -0.787357 0.000000,
        0.005272 -0.730171 0.003937,
        0.005272 -0.887652 0.003937,
        -0.084059 -0.730171 0.003937,
        -0.084059 -0.747669 0.003937,
        -0.015909 -0.747669 0.003937,
        -0.015909 -0.796479 0.003937,
        -0.078533 -0.796479 0.003937,
        -0.078533 -0.813977 0.003937,
        -0.015909 -0.813977 0.003937,
        -0.015909 -0.870154 0.003937,
        -0.088664 -0.870154 0.003937,
        -0.088664 -0.887652 0.003937,
        0.127757 -0.813977 0.003937,
        0.125246 -0.842159 0.003937,
        0.119933 -0.859185 0.003937,
        0.114010 -0.869200 0.003937,
        0.105748 -0.877858 0.003937,
        0.096744 -0.884041 0.003937,
        0.086476 -0.888013 0.003937,
        0.074342 -0.889493 0.003937,
        0.073421 -0.728330 0.003937,
        0.084106 -0.729485 0.003937,
        0.093763 -0.732878 0.003937,
        0.102789 -0.738817 0.003937,
        0.111579 -0.748149 0.003937,
        0.119522 -0.762182 0.003937,
        0.125333 -0.782959 0.003937,
        0.061186 -0.729893 0.003937,
        0.052162 -0.733485 0.003937,
        0.043966 -0.739323 0.003937,
        0.036294 -0.748155 0.003937,
        0.031043 -0.758699 0.003937,
        0.027793 -0.773545 0.003937,
        0.027374 -0.786348 0.003937,
        0.047635 -0.786348 0.003937,
        0.073421 -0.745827 0.003937,
        0.072066 -0.745875 0.003937,
        0.066059 -0.746813 0.003937,
        0.061382 -0.748765 0.003937,
        0.057312 -0.751894 0.003937,
        0.054073 -0.755972 0.003937,
        0.051490 -0.761048 0.003937,
        0.048810 -0.770900 0.003937,
        0.105654 -0.812135 0.003937,
        0.103754 -0.783137 0.003937,
        0.099811 -0.767246 0.003937,
        0.095055 -0.758053 0.003937,
        0.090332 -0.752494 0.003937,
        0.085433 -0.748885 0.003937,
        0.080143 -0.746704 0.003937,
        0.074342 -0.871996 0.003937,
        0.079914 -0.871424 0.003937,
        0.085088 -0.869624 0.003937,
        0.090078 -0.866415 0.003937,
        0.095801 -0.860288 0.003937,
        0.099868 -0.853011 0.003937,
        0.103320 -0.841127 0.003937,
        0.047635 -0.825028 0.003937,
        0.048370 -0.839984 0.003937,
        0.051123 -0.853309 0.003937,
        0.054133 -0.859896 0.003937,
        0.057931 -0.864488 0.003937,
        0.063554 -0.868946 0.003937,
        0.068611 -0.871165 0.003937,
        0.026454 -0.825028 0.003937,
        0.064845 -0.888533 0.003937,
        0.055528 -0.885423 0.003937,
        0.046023 -0.879309 0.003937,
        0.037915 -0.870720 0.003937,
        0.032704 -0.861032 0.003937,
        0.028537 -0.846369 0.003937,
        0.242874 -0.730171 0.003937,
        0.242874 -0.887652 0.003937,
        0.221693 -0.730171 0.003937,
        0.221693 -0.870154 0.003937,
        0.147096 -0.870154 0.003937,
        0.147096 -0.887652 0.003937,
      ]
    }
    coordIndex [
      108, 84, 109, -1,
      109, 84, 105, -1,
      110, 85, 108, -1,
      108, 85, 84, -1,
      111, 86, 110, -1,
      110, 86, 85, -1,
      112, 87, 111, -1,
      111, 87, 86, -1,
      87, 112, 81, -1,
      81, 112, 113, -1,
      81, 113, 103, -1,
      114, 104, 113, -1,
      113, 104, 103, -1,
      104, 114, 107, -1,
      107, 114, 115, -1,
      107, 115, 106, -1,
      115, 109, 106, -1,
      106, 109, 105, -1,
      116, 117, 113, -1,
      118, 115, 114, -1,
      113, 117, 114, -1,
      114, 117, 119, -1,
      114, 119, 118, -1,
      112, 111, 110, -1,
      109, 115, 108, -1,
      108, 115, 118, -1,
      108, 118, 110, -1,
      110, 118, 116, -1,
      110, 116, 112, -1,
      112, 116, 113, -1,
      117, 120, 119, -1,
      119, 120, 121, -1,
      116, 122, 117, -1,
      117, 122, 120, -1,
      118, 123, 116, -1,
      116, 123, 122, -1,
      121, 123, 119, -1,
      119, 123, 118, -1,
      124, 91, 125, -1,
      125, 91, 92, -1,
      126, 90, 124, -1,
      124, 90, 91, -1,
      127, 95, 126, -1,
      126, 95, 90, -1,
      128, 101, 100, -1,
      128, 100, 129, -1,
      129, 100, 83, -1,
      129, 83, 130, -1,
      130, 83, 82, -1,
      130, 82, 131, -1,
      131, 82, 80, -1,
      131, 80, 132, -1,
      132, 80, 79, -1,
      132, 79, 133, -1,
      133, 79, 97, -1,
      133, 97, 134, -1,
      134, 97, 96, -1,
      134, 96, 135, -1,
      135, 96, 95, -1,
      135, 95, 127, -1,
      125, 92, 93, -1,
      125, 93, 136, -1,
      136, 93, 94, -1,
      136, 94, 137, -1,
      137, 94, 99, -1,
      137, 99, 138, -1,
      138, 99, 98, -1,
      138, 98, 139, -1,
      139, 98, 89, -1,
      139, 89, 140, -1,
      140, 89, 88, -1,
      140, 88, 141, -1,
      141, 88, 102, -1,
      141, 102, 142, -1,
      142, 102, 101, -1,
      142, 101, 128, -1,
      127, 126, 143, -1,
      143, 126, 144, -1,
      144, 126, 124, -1,
      144, 124, 145, -1,
      145, 124, 125, -1,
      145, 125, 146, -1,
      146, 125, 136, -1,
      146, 136, 147, -1,
      147, 136, 137, -1,
      147, 137, 148, -1,
      148, 137, 138, -1,
      148, 138, 149, -1,
      149, 138, 139, -1,
      149, 139, 150, -1,
      150, 139, 140, -1,
      150, 140, 151, -1,
      143, 152, 127, -1,
      127, 152, 153, -1,
      127, 153, 135, -1,
      135, 153, 154, -1,
      135, 154, 134, -1,
      134, 154, 155, -1,
      134, 155, 133, -1,
      133, 155, 156, -1,
      133, 156, 132, -1,
      132, 156, 157, -1,
      132, 157, 131, -1,
      131, 157, 158, -1,
      131, 158, 130, -1,
      130, 158, 159, -1,
      130, 159, 129, -1,
      129, 159, 160, -1,
      140, 141, 151, -1,
      151, 141, 142, -1,
      151, 142, 160, -1,
      160, 142, 128, -1,
      160, 128, 129, -1,
      143, 161, 152, -1,
      152, 161, 162, -1,
      144, 163, 143, -1,
      143, 163, 161, -1,
      145, 164, 144, -1,
      144, 164, 163, -1,
      160, 165, 166, -1,
      160, 166, 151, -1,
      151, 166, 167, -1,
      151, 167, 150, -1,
      150, 167, 168, -1,
      150, 168, 149, -1,
      149, 168, 169, -1,
      149, 169, 148, -1,
      148, 169, 170, -1,
      148, 170, 147, -1,
      147, 170, 171, -1,
      147, 171, 146, -1,
      146, 171, 164, -1,
      146, 164, 145, -1,
      152, 162, 172, -1,
      152, 172, 153, -1,
      153, 172, 173, -1,
      153, 173, 154, -1,
      154, 173, 174, -1,
      154, 174, 155, -1,
      155, 174, 175, -1,
      155, 175, 156, -1,
      156, 175, 176, -1,
      156, 176, 157, -1,
      157, 176, 177, -1,
      157, 177, 158, -1,
      158, 177, 178, -1,
      158, 178, 159, -1,
      159, 178, 165, -1,
      159, 165, 160, -1,
      179, 6, 180, -1,
      180, 6, 13, -1,
      181, 40, 179, -1,
      179, 40, 6, -1,
      182, 41, 181, -1,
      181, 41, 40, -1,
      183, 49, 182, -1,
      182, 49, 41, -1,
      184, 48, 183, -1,
      183, 48, 49, -1,
      185, 47, 184, -1,
      184, 47, 48, -1,
      186, 46, 185, -1,
      185, 46, 47, -1,
      187, 44, 186, -1,
      186, 44, 46, -1,
      188, 45, 187, -1,
      187, 45, 44, -1,
      189, 42, 188, -1,
      188, 42, 45, -1,
      190, 43, 189, -1,
      189, 43, 42, -1,
      190, 180, 43, -1,
      43, 180, 13, -1,
      180, 190, 189, -1,
      189, 188, 180, -1,
      180, 188, 187, -1,
      180, 187, 179, -1,
      182, 181, 183, -1,
      183, 181, 179, -1,
      183, 179, 184, -1,
      184, 179, 187, -1,
      184, 187, 185, -1,
      185, 187, 186, -1,
      191, 35, 29, -1,
      191, 29, 192, -1,
      192, 29, 28, -1,
      192, 28, 193, -1,
      193, 28, 27, -1,
      193, 27, 194, -1,
      194, 27, 26, -1,
      194, 26, 195, -1,
      195, 26, 77, -1,
      195, 77, 196, -1,
      196, 77, 76, -1,
      196, 76, 197, -1,
      197, 76, 75, -1,
      197, 75, 198, -1,
      78, 2, 199, -1,
      199, 2, 200, -1,
      2, 3, 200, -1,
      200, 3, 34, -1,
      200, 34, 201, -1,
      201, 34, 33, -1,
      201, 33, 202, -1,
      202, 33, 32, -1,
      202, 32, 203, -1,
      203, 32, 37, -1,
      203, 37, 204, -1,
      204, 37, 36, -1,
      204, 36, 205, -1,
      205, 36, 35, -1,
      205, 35, 191, -1,
      78, 199, 4, -1,
      4, 199, 206, -1,
      4, 206, 5, -1,
      5, 206, 207, -1,
      5, 207, 7, -1,
      7, 207, 208, -1,
      7, 208, 8, -1,
      8, 208, 209, -1,
      8, 209, 9, -1,
      9, 209, 210, -1,
      9, 210, 10, -1,
      10, 210, 211, -1,
      10, 211, 11, -1,
      11, 211, 212, -1,
      11, 212, 12, -1,
      213, 62, 212, -1,
      212, 62, 12, -1,
      214, 67, 55, -1,
      214, 55, 215, -1,
      215, 55, 57, -1,
      215, 57, 216, -1,
      216, 57, 59, -1,
      216, 59, 217, -1,
      217, 59, 58, -1,
      217, 58, 218, -1,
      218, 58, 56, -1,
      218, 56, 219, -1,
      219, 56, 54, -1,
      219, 54, 220, -1,
      220, 54, 53, -1,
      220, 53, 221, -1,
      221, 53, 62, -1,
      221, 62, 213, -1,
      222, 17, 15, -1,
      222, 15, 223, -1,
      223, 15, 14, -1,
      223, 14, 224, -1,
      224, 14, 64, -1,
      224, 64, 225, -1,
      225, 64, 63, -1,
      225, 63, 226, -1,
      226, 63, 61, -1,
      226, 61, 227, -1,
      227, 61, 60, -1,
      227, 60, 228, -1,
      228, 60, 67, -1,
      228, 67, 214, -1,
      229, 39, 38, -1,
      229, 38, 230, -1,
      230, 38, 50, -1,
      230, 50, 231, -1,
      231, 50, 52, -1,
      231, 52, 232, -1,
      232, 52, 51, -1,
      232, 51, 233, -1,
      233, 51, 23, -1,
      233, 23, 234, -1,
      234, 23, 19, -1,
      234, 19, 235, -1,
      235, 19, 17, -1,
      235, 17, 222, -1,
      236, 16, 18, -1,
      236, 18, 237, -1,
      237, 18, 31, -1,
      237, 31, 238, -1,
      238, 31, 30, -1,
      238, 30, 239, -1,
      239, 30, 22, -1,
      239, 22, 240, -1,
      240, 22, 66, -1,
      240, 66, 241, -1,
      241, 66, 65, -1,
      241, 65, 242, -1,
      242, 65, 39, -1,
      242, 39, 229, -1,
      243, 68, 236, -1,
      236, 68, 16, -1,
      198, 75, 74, -1,
      198, 74, 244, -1,
      244, 74, 73, -1,
      244, 73, 245, -1,
      245, 73, 72, -1,
      245, 72, 246, -1,
      246, 72, 71, -1,
      246, 71, 247, -1,
      247, 71, 70, -1,
      247, 70, 248, -1,
      248, 70, 69, -1,
      248, 69, 249, -1,
      249, 69, 68, -1,
      249, 68, 243, -1,
      213, 212, 221, -1,
      221, 212, 211, -1,
      221, 211, 220, -1,
      220, 211, 210, -1,
      220, 210, 219, -1,
      219, 210, 209, -1,
      219, 209, 218, -1,
      218, 209, 208, -1,
      218, 208, 217, -1,
      217, 208, 207, -1,
      217, 207, 216, -1,
      216, 207, 206, -1,
      216, 206, 215, -1,
      215, 206, 199, -1,
      243, 236, 249, -1,
      249, 236, 237, -1,
      249, 237, 248, -1,
      248, 237, 238, -1,
      248, 238, 247, -1,
      247, 238, 239, -1,
      247, 239, 246, -1,
      246, 239, 240, -1,
      246, 240, 245, -1,
      245, 240, 241, -1,
      245, 241, 244, -1,
      244, 241, 242, -1,
      244, 242, 198, -1,
      198, 242, 229, -1,
      198, 229, 197, -1,
      197, 229, 230, -1,
      197, 230, 196, -1,
      196, 230, 231, -1,
      196, 231, 195, -1,
      195, 231, 232, -1,
      195, 232, 194, -1,
      194, 232, 233, -1,
      194, 233, 193, -1,
      193, 233, 234, -1,
      193, 234, 192, -1,
      192, 234, 235, -1,
      192, 235, 191, -1,
      191, 235, 222, -1,
      191, 222, 205, -1,
      205, 222, 223, -1,
      205, 223, 204, -1,
      204, 223, 224, -1,
      204, 224, 203, -1,
      203, 224, 225, -1,
      203, 225, 202, -1,
      202, 225, 226, -1,
      202, 226, 201, -1,
      201, 226, 227, -1,
      201, 227, 200, -1,
      200, 227, 228, -1,
      200, 228, 199, -1,
      199, 228, 214, -1,
      199, 214, 215, -1,
      250, 0, 251, -1,
      251, 0, 21, -1,
      252, 1, 250, -1,
      250, 1, 0, -1,
      253, 24, 252, -1,
      252, 24, 1, -1,
      254, 25, 253, -1,
      253, 25, 24, -1,
      255, 20, 254, -1,
      254, 20, 25, -1,
      255, 251, 20, -1,
      20, 251, 21, -1,
      252, 250, 253, -1,
      253, 250, 251, -1,
      253, 251, 254, -1,
      254, 251, 255, -1,
    ]
  }
}

Shape {
  appearance Appearance {
    material Material {
      diffuseColor 0.8431 0.8157 0.7529
      specularColor 0.2510 0.2431 0.2275
      ambientIntensity 0.2
      transparency 0.0000
      shininess 0.5
    }
  }
  geometry IndexedFaceSet {
    ccw TRUE
    solid FALSE
    coord DEF co Coordinate {
      point [
        2.795276 -0.098425 0.157480,
        2.795276 -0.098425 0.059055,
        -2.795276 -0.098425 0.157480,
        -2.795276 -0.098425 0.059055,
        2.559055 -1.240157 0.649606,
        2.559055 -0.413386 0.649606,
        2.559055 -1.240157 0.629921,
        2.559055 -0.413386 0.629921,
        -2.559055 -1.240157 0.629921,
        -2.559055 -0.413386 0.629921,
        -2.559055 -1.240157 0.649606,
        -2.559055 -0.413386 0.649606,
        2.460630 -0.216535 0.000000,
        -0.099254 -0.216535 0.000000,
        -2.460630 -0.216535 0.000000,
        2.813619 -0.856646 0.787402,
        2.809686 -0.866142 0.787402,
        -2.809686 -0.866142 0.787402,
        -2.813619 -0.856646 0.787402,
        -2.814961 -0.846457 0.787402,
        -2.599767 -0.856646 0.787402,
        -2.603700 -0.866142 0.787402,
        2.603700 -0.866142 0.787402,
        -2.618110 -0.880552 0.787402,
        -2.627606 -0.884485 0.787402,
        -2.460630 -1.948819 0.787402,
        2.803430 -0.874296 0.787402,
        2.795276 -0.880552 0.787402,
        2.578740 -2.027559 0.787402,
        -2.785780 -0.884485 0.787402,
        -2.578740 -2.027559 0.787402,
        -2.795276 -0.880552 0.787402,
        -2.803430 -0.874296 0.787402,
        2.460630 -1.948819 0.787402,
        2.618110 -0.880552 0.787402,
        2.609956 -0.874296 0.787402,
        2.814961 -0.846457 0.787402,
        2.785780 -0.884485 0.787402,
        2.775591 -0.885827 0.787402,
        -2.609956 -0.874296 0.787402,
        -2.637795 -0.885827 0.787402,
        -2.775591 -0.885827 0.787402,
        2.637795 -0.885827 0.787402,
        2.627606 -0.884485 0.787402,
        2.597084 -0.442566 0.787402,
        2.593150 -0.433071 0.787402,
        2.598425 -0.452756 0.787402,
        2.598425 -0.846457 0.787402,
        2.586894 -0.424917 0.787402,
        2.578740 -0.418661 0.787402,
        2.569245 -0.414727 0.787402,
        -2.598425 -0.452756 0.787402,
        -2.559055 -0.413386 0.787402,
        -2.597084 -0.442566 0.787402,
        -2.569245 -0.414727 0.787402,
        2.559055 -0.413386 0.787402,
        2.599767 -0.856646 0.787402,
        -2.598425 -0.846457 0.787402,
        -2.578740 -0.418661 0.787402,
        -2.586894 -0.424917 0.787402,
        -2.593150 -0.433071 0.787402,
        2.814961 -0.846457 0.629921,
        2.559055 -1.633858 0.629921,
        2.813619 -0.856646 0.629921,
        2.809686 -0.866142 0.629921,
        2.603700 -0.866142 0.629921,
        2.609956 -0.874296 0.629921,
        2.785780 -0.884485 0.629921,
        2.795276 -0.880552 0.629921,
        2.803430 -0.874296 0.629921,
        2.597084 -0.442566 0.629921,
        2.598425 -0.452756 0.629921,
        2.598425 -0.846457 0.629921,
        2.599767 -0.856646 0.629921,
        2.578740 -0.418661 0.629921,
        2.586894 -0.424917 0.629921,
        2.593150 -0.433071 0.629921,
        2.618110 -0.880552 0.629921,
        2.627606 -0.884485 0.629921,
        2.637795 -0.885827 0.629921,
        2.775591 -0.885827 0.629921,
        2.569245 -0.414727 0.629921,
        -2.972441 -2.027559 0.295276,
        -2.799213 -2.027559 0.295276,
        -2.799213 -2.027559 0.098425,
        -2.972441 -2.027559 0.098425,
        2.972441 -2.027559 0.295276,
        2.972441 -2.027559 0.098425,
        2.799213 -2.027559 0.098425,
        2.799213 -2.027559 0.295276,
        -2.578740 -2.027559 0.090551,
        2.578740 -2.027559 0.157480,
        1.427165 -2.027559 0.090551,
        1.328740 -2.027559 0.090551,
        1.525591 -2.027559 0.090551,
        1.624016 -2.027559 0.090551,
        1.033465 -2.027559 0.090551,
        0.935039 -2.027559 0.090551,
        1.131890 -2.027559 0.090551,
        1.230315 -2.027559 0.090551,
        0.639764 -2.027559 0.090551,
        0.541339 -2.027559 0.090551,
        0.738189 -2.027559 0.090551,
        0.836614 -2.027559 0.090551,
        0.246063 -2.027559 0.090551,
        0.147638 -2.027559 0.090551,
        0.344488 -2.027559 0.090551,
        0.442913 -2.027559 0.090551,
        0.049213 -2.027559 0.090551,
        -0.049213 -2.027559 0.090551,
        -0.344488 -2.027559 0.090551,
        -0.442913 -2.027559 0.090551,
        -0.738189 -2.027559 0.090551,
        -0.836614 -2.027559 0.090551,
        -0.246063 -2.027559 0.090551,
        -0.147638 -2.027559 0.090551,
        -0.541339 -2.027559 0.090551,
        -0.639764 -2.027559 0.090551,
        -1.131890 -2.027559 0.090551,
        -1.230315 -2.027559 0.090551,
        -1.033465 -2.027559 0.090551,
        -0.935039 -2.027559 0.090551,
        -1.525591 -2.027559 0.090551,
        -1.624016 -2.027559 0.090551,
        -1.427165 -2.027559 0.090551,
        -1.328740 -2.027559 0.090551,
        -1.919291 -2.027559 0.090551,
        -2.017717 -2.027559 0.090551,
        -1.820866 -2.027559 0.090551,
        -1.722441 -2.027559 0.090551,
        -2.116142 -2.027559 0.090551,
        -2.214567 -2.027559 0.090551,
        -2.312992 -2.027559 0.090551,
        -1.722441 -1.960630 0.157480,
        -1.722441 -0.177165 0.157480,
        -1.820866 -1.960630 0.157480,
        -1.820866 -0.177165 0.157480,
        -1.919291 -1.960630 0.157480,
        -1.919291 -0.177165 0.157480,
        -2.017717 -1.960630 0.157480,
        -2.017717 -0.177165 0.157480,
        -1.919291 -0.177165 0.078740,
        -1.820866 -0.177165 0.078740,
        -2.116142 -1.960630 0.157480,
        -2.116142 -0.177165 0.157480,
        -2.214567 -1.960630 0.157480,
        -2.214567 -0.177165 0.157480,
        -2.116142 -0.177165 0.078740,
        -2.017717 -0.177165 0.078740,
        -2.799213 -1.633858 0.157480,
        -2.559055 -1.633858 0.157480,
        -2.559055 -1.240157 0.157480,
        -2.799213 -0.846457 0.157480,
        -2.480315 -1.960630 0.157480,
        -2.312992 -1.960630 0.157480,
        -2.480315 -1.240157 0.157480,
        -2.312992 -0.177165 0.157480,
        -2.677165 -0.177165 0.157480,
        -2.677165 -0.688976 0.157480,
        -2.795276 -0.688976 0.157480,
        -2.972441 -0.846457 0.157480,
        -2.793263 -0.704261 0.157480,
        -2.787364 -0.718504 0.157480,
        -2.679178 -0.704261 0.157480,
        -2.685077 -0.718504 0.157480,
        -2.736220 -0.748031 0.157480,
        -2.720936 -0.746019 0.157480,
        -2.706693 -0.740120 0.157480,
        -2.694462 -0.730735 0.157480,
        -2.751505 -0.746019 0.157480,
        -2.765748 -0.740120 0.157480,
        -2.777979 -0.730735 0.157480,
        -2.312992 -0.177165 0.078740,
        -2.214567 -0.177165 0.078740,
        -2.460630 -0.177165 0.059055,
        -2.460630 -0.177165 0.007874,
        -2.460630 -0.216535 0.007874,
        -2.795276 -0.688976 0.059055,
        -2.793263 -0.704261 0.059055,
        -2.787364 -0.718504 0.059055,
        -2.777979 -0.730735 0.059055,
        -2.765748 -0.740120 0.059055,
        -2.706693 -0.740120 0.059055,
        -2.694462 -0.730735 0.059055,
        -2.685077 -0.718504 0.059055,
        -2.679178 -0.704261 0.059055,
        -2.677165 -0.688976 0.059055,
        -2.677165 -0.177165 0.059055,
        -2.751505 -0.746019 0.059055,
        -2.736220 -0.748031 0.059055,
        -2.720936 -0.746019 0.059055,
        -1.131890 -1.960630 0.157480,
        -1.131890 -0.177165 0.157480,
        -1.230315 -1.960630 0.157480,
        -1.230315 -0.177165 0.157480,
        -1.328740 -1.960630 0.157480,
        -1.328740 -0.177165 0.157480,
        -1.427165 -1.960630 0.157480,
        -1.427165 -0.177165 0.157480,
        -1.328740 -0.177165 0.078740,
        -1.230315 -0.177165 0.078740,
        -1.525591 -1.960630 0.157480,
        -1.525591 -0.177165 0.157480,
        -1.624016 -1.960630 0.157480,
        -1.624016 -0.177165 0.157480,
        -1.722441 -0.177165 0.078740,
        -1.624016 -0.177165 0.078740,
        -1.525591 -0.177165 0.078740,
        -1.427165 -0.177165 0.078740,
        -0.935039 -1.960630 0.157480,
        -0.935039 -0.177165 0.157480,
        -1.033465 -1.960630 0.157480,
        -1.033465 -0.177165 0.157480,
        -1.131890 -0.177165 0.078740,
        -1.033465 -0.177165 0.078740,
        -0.738189 -1.960630 0.157480,
        -0.738189 -0.177165 0.157480,
        -0.836614 -1.960630 0.157480,
        -0.836614 -0.177165 0.157480,
        -0.935039 -0.177165 0.078740,
        -0.836614 -0.177165 0.078740,
        -0.541339 -1.960630 0.157480,
        -0.541339 -0.177165 0.157480,
        -0.639764 -1.960630 0.157480,
        -0.639764 -0.177165 0.157480,
        -0.738189 -0.177165 0.078740,
        -0.639764 -0.177165 0.078740,
        -0.344488 -1.960630 0.157480,
        -0.344488 -0.177165 0.157480,
        -0.442913 -1.960630 0.157480,
        -0.442913 -0.177165 0.157480,
        -0.541339 -0.177165 0.078740,
        -0.442913 -0.177165 0.078740,
        0.049213 -1.960630 0.157480,
        0.049213 -0.177165 0.157480,
        -0.049213 -1.960630 0.157480,
        -0.049213 -0.177165 0.157480,
        -0.147638 -1.960630 0.157480,
        -0.147638 -0.177165 0.157480,
        -0.246063 -1.960630 0.157480,
        -0.246063 -0.177165 0.157480,
        -0.147638 -0.177165 0.078740,
        -0.049213 -0.177165 0.078740,
        -0.344488 -0.177165 0.078740,
        -0.246063 -0.177165 0.078740,
        -2.799213 -1.633858 0.295276,
        -2.972441 -1.633858 0.295276,
        -2.972441 -0.846457 0.098425,
        -2.559055 -1.633858 0.629921,
        -2.569245 -0.414727 0.629921,
        -2.597084 -0.442566 0.629921,
        -2.803430 -0.874296 0.629921,
        -2.795276 -0.880552 0.629921,
        -2.603700 -0.866142 0.629921,
        -2.609956 -0.874296 0.629921,
        -2.618110 -0.880552 0.629921,
        -2.814961 -0.846457 0.629921,
        -2.813619 -0.856646 0.629921,
        -2.809686 -0.866142 0.629921,
        -2.785780 -0.884485 0.629921,
        -2.775591 -0.885827 0.629921,
        -2.637795 -0.885827 0.629921,
        -2.627606 -0.884485 0.629921,
        -2.599767 -0.856646 0.629921,
        -2.598425 -0.846457 0.629921,
        -2.598425 -0.452756 0.629921,
        -2.593150 -0.433071 0.629921,
        -2.586894 -0.424917 0.629921,
        -2.578740 -0.418661 0.629921,
        2.799213 -1.633858 0.157480,
        2.799213 -1.633858 0.295276,
        2.972441 -1.633858 0.295276,
        2.972441 -0.846457 0.157480,
        2.972441 -0.846457 0.098425,
        2.559055 -1.633858 0.157480,
        2.559055 -1.240157 0.157480,
        2.480315 -1.961943 0.157480,
        2.480315 -1.240157 0.157480,
        2.312992 -0.177165 0.157480,
        2.694462 -0.730735 0.157480,
        2.685077 -0.718504 0.157480,
        2.679178 -0.704261 0.157480,
        2.677165 -0.688976 0.157480,
        2.677165 -0.177165 0.157480,
        2.799213 -0.846457 0.157480,
        2.720936 -0.746019 0.157480,
        2.706693 -0.740120 0.157480,
        2.795276 -0.688976 0.157480,
        2.793263 -0.704261 0.157480,
        2.787364 -0.718504 0.157480,
        2.777979 -0.730735 0.157480,
        2.765748 -0.740120 0.157480,
        2.751505 -0.746019 0.157480,
        2.736220 -0.748031 0.157480,
        2.460630 -0.177165 0.059055,
        2.677165 -0.177165 0.059055,
        2.677165 -0.688976 0.059055,
        2.679178 -0.704261 0.059055,
        2.685077 -0.718504 0.059055,
        2.694462 -0.730735 0.059055,
        2.751505 -0.746019 0.059055,
        2.765748 -0.740120 0.059055,
        2.777979 -0.730735 0.059055,
        2.706693 -0.740120 0.059055,
        2.720936 -0.746019 0.059055,
        2.736220 -0.748031 0.059055,
        2.787364 -0.718504 0.059055,
        2.793263 -0.704261 0.059055,
        2.795276 -0.688976 0.059055,
        -2.214567 -1.948819 0.649606,
        -2.116142 -1.948819 0.649606,
        -2.460630 -1.948819 0.649606,
        -2.480315 -1.961943 0.649606,
        -2.480315 -1.240157 0.649606,
        -2.312992 -1.948819 0.649606,
        -2.312992 -1.948819 0.728346,
        -2.214567 -1.948819 0.728346,
        -2.017717 -1.948819 0.649606,
        -1.919291 -1.948819 0.649606,
        -2.116142 -1.948819 0.728346,
        -2.017717 -1.948819 0.728346,
        -1.820866 -1.948819 0.649606,
        -1.722441 -1.948819 0.649606,
        -1.919291 -1.948819 0.728346,
        -1.820866 -1.948819 0.728346,
        -1.624016 -1.948819 0.649606,
        -1.525591 -1.948819 0.649606,
        -1.722441 -1.948819 0.728346,
        -1.624016 -1.948819 0.728346,
        -1.427165 -1.948819 0.649606,
        -1.328740 -1.948819 0.649606,
        -1.525591 -1.948819 0.728346,
        -1.427165 -1.948819 0.728346,
        -1.230315 -1.948819 0.649606,
        -1.131890 -1.948819 0.649606,
        -1.328740 -1.948819 0.728346,
        -1.230315 -1.948819 0.728346,
        -1.033465 -1.948819 0.649606,
        -0.935039 -1.948819 0.649606,
        -1.131890 -1.948819 0.728346,
        -1.033465 -1.948819 0.728346,
        -0.836614 -1.948819 0.649606,
        -0.738189 -1.948819 0.649606,
        -0.935039 -1.948819 0.728346,
        -0.836614 -1.948819 0.728346,
        -0.639764 -1.948819 0.649606,
        -0.541339 -1.948819 0.649606,
        -0.738189 -1.948819 0.728346,
        -0.639764 -1.948819 0.728346,
        -0.442913 -1.948819 0.649606,
        -0.344488 -1.948819 0.649606,
        -0.541339 -1.948819 0.728346,
        -0.442913 -1.948819 0.728346,
        -0.246063 -1.948819 0.649606,
        -0.147638 -1.948819 0.649606,
        -0.344488 -1.948819 0.728346,
        -0.246063 -1.948819 0.728346,
        -0.049213 -1.948819 0.649606,
        0.049213 -1.948819 0.649606,
        -0.147638 -1.948819 0.728346,
        -0.049213 -1.948819 0.728346,
        0.147638 -1.948819 0.649606,
        0.246063 -1.948819 0.649606,
        0.049213 -1.948819 0.728346,
        0.147638 -1.948819 0.728346,
        0.344488 -1.948819 0.649606,
        0.442913 -1.948819 0.649606,
        0.246063 -1.948819 0.728346,
        0.344488 -1.948819 0.728346,
        0.541339 -1.948819 0.649606,
        0.639764 -1.948819 0.649606,
        0.442913 -1.948819 0.728346,
        0.541339 -1.948819 0.728346,
        0.738189 -1.948819 0.649606,
        0.836614 -1.948819 0.649606,
        0.639764 -1.948819 0.728346,
        0.738189 -1.948819 0.728346,
        0.935039 -1.948819 0.649606,
        1.033465 -1.948819 0.649606,
        0.836614 -1.948819 0.728346,
        0.935039 -1.948819 0.728346,
        1.131890 -1.948819 0.649606,
        1.230315 -1.948819 0.649606,
        1.033465 -1.948819 0.728346,
        1.131890 -1.948819 0.728346,
        1.328740 -1.948819 0.649606,
        1.427165 -1.948819 0.649606,
        1.230315 -1.948819 0.728346,
        1.328740 -1.948819 0.728346,
        1.525591 -1.948819 0.649606,
        1.624016 -1.948819 0.649606,
        1.427165 -1.948819 0.728346,
        1.525591 -1.948819 0.728346,
        2.312992 -1.948819 0.649606,
        2.480315 -1.240157 0.649606,
        2.460630 -1.948819 0.649606,
        2.480315 -1.961943 0.649606,
        1.722441 -1.948819 0.649606,
        1.820866 -1.948819 0.649606,
        1.624016 -1.948819 0.728346,
        1.722441 -1.948819 0.728346,
        1.919291 -1.948819 0.649606,
        2.017717 -1.948819 0.649606,
        1.820866 -1.948819 0.728346,
        1.919291 -1.948819 0.728346,
        2.116142 -1.948819 0.649606,
        2.214567 -1.948819 0.649606,
        2.017717 -1.948819 0.728346,
        2.116142 -1.948819 0.728346,
        2.214567 -1.948819 0.728346,
        2.312992 -1.948819 0.728346,
        0.246063 -1.960630 0.157480,
        0.246063 -0.177165 0.157480,
        0.147638 -1.960630 0.157480,
        0.147638 -0.177165 0.157480,
        0.049213 -0.177165 0.078740,
        0.147638 -0.177165 0.078740,
        0.442913 -1.960630 0.157480,
        0.442913 -0.177165 0.157480,
        0.344488 -1.960630 0.157480,
        0.344488 -0.177165 0.157480,
        0.246063 -0.177165 0.078740,
        0.344488 -0.177165 0.078740,
        0.639764 -1.960630 0.157480,
        0.639764 -0.177165 0.157480,
        0.541339 -1.960630 0.157480,
        0.541339 -0.177165 0.157480,
        0.442913 -0.177165 0.078740,
        0.541339 -0.177165 0.078740,
        0.836614 -1.960630 0.157480,
        0.836614 -0.177165 0.157480,
        0.738189 -1.960630 0.157480,
        0.738189 -0.177165 0.157480,
        0.639764 -0.177165 0.078740,
        0.738189 -0.177165 0.078740,
        1.033465 -1.960630 0.157480,
        1.033465 -0.177165 0.157480,
        0.935039 -1.960630 0.157480,
        0.935039 -0.177165 0.157480,
        0.836614 -0.177165 0.078740,
        0.935039 -0.177165 0.078740,
        1.230315 -1.960630 0.157480,
        1.230315 -0.177165 0.157480,
        1.131890 -1.960630 0.157480,
        1.131890 -0.177165 0.157480,
        1.033465 -0.177165 0.078740,
        1.131890 -0.177165 0.078740,
        1.427165 -1.960630 0.157480,
        1.427165 -0.177165 0.157480,
        1.328740 -1.960630 0.157480,
        1.328740 -0.177165 0.157480,
        1.230315 -0.177165 0.078740,
        1.328740 -0.177165 0.078740,
        1.624016 -1.960630 0.157480,
        1.624016 -0.177165 0.157480,
        1.525591 -1.960630 0.157480,
        1.525591 -0.177165 0.157480,
        1.427165 -0.177165 0.078740,
        1.525591 -0.177165 0.078740,
        2.460630 -0.216535 0.007874,
        2.460630 -0.177165 0.007874,
        2.214567 -0.177165 0.157480,
        2.116142 -0.177165 0.157480,
        2.214567 -0.177165 0.078740,
        2.312992 -0.177165 0.078740,
        2.017717 -0.177165 0.157480,
        1.919291 -0.177165 0.157480,
        2.017717 -0.177165 0.078740,
        2.116142 -0.177165 0.078740,
        1.820866 -0.177165 0.157480,
        1.722441 -0.177165 0.157480,
        1.820866 -0.177165 0.078740,
        1.919291 -0.177165 0.078740,
        1.624016 -0.177165 0.078740,
        1.722441 -0.177165 0.078740,
        -0.274693 -0.765167 0.000000,
        -0.276535 -0.765167 0.000000,
        -0.259958 -0.821344 0.000000,
        -0.291270 -0.821344 0.000000,
        -0.131027 -0.747669 0.000000,
        -0.141157 -0.747669 0.000000,
        -0.131027 -0.870154 0.000000,
        -0.141157 -0.870154 0.000000,
        -0.185362 -0.809372 0.000000,
        -0.182991 -0.836473 0.000000,
        -0.178896 -0.849408 0.000000,
        -0.174688 -0.856348 0.000000,
        -0.169243 -0.861793 0.000000,
        -0.162232 -0.866057 0.000000,
        -0.153606 -0.868922 0.000000,
        -0.144708 -0.747767 0.000000,
        -0.156418 -0.749687 0.000000,
        -0.164457 -0.753061 0.000000,
        -0.171106 -0.757982 0.000000,
        -0.176169 -0.764083 0.000000,
        -0.180384 -0.772780 0.000000,
        -0.183900 -0.787357 0.000000,
        -2.480315 -1.961943 0.156168,
        2.799213 -0.846457 0.098425,
        -2.799213 -0.846457 0.098425,
      ]
    }
    coordIndex [
      475, 477, 476, -1,
      476, 477, 478, -1,
      491, 490, 495, -1,
      479, 481, 480, -1,
      480, 481, 482, -1,
      480, 482, 490, -1,
      484, 483, 482, -1,
      482, 483, 490, -1,
      490, 483, 496, -1,
      490, 496, 495, -1,
      482, 489, 484, -1,
      484, 489, 488, -1,
      484, 488, 485, -1,
      485, 488, 487, -1,
      485, 487, 486, -1,
      494, 493, 495, -1,
      495, 493, 492, -1,
      495, 492, 491, -1,
      8, 151, 248, -1,
      248, 151, 150, -1,
      155, 313, 153, -1,
      153, 313, 312, -1,
      153, 312, 497, -1,
      10, 313, 8, -1,
      8, 313, 155, -1,
      8, 155, 151, -1,
      274, 275, 62, -1,
      62, 275, 6, -1,
      394, 277, 396, -1,
      396, 277, 276, -1,
      275, 277, 6, -1,
      6, 277, 394, -1,
      6, 394, 4, -1,
      392, 389, 390, -1,
      399, 400, 33, -1,
      332, 329, 330, -1,
      404, 401, 402, -1,
      340, 337, 338, -1,
      407, 408, 33, -1,
      348, 345, 346, -1,
      402, 407, 404, -1,
      404, 407, 33, -1,
      404, 33, 403, -1,
      403, 33, 400, -1,
      403, 400, 398, -1,
      398, 400, 397, -1,
      393, 395, 410, -1,
      410, 395, 33, -1,
      410, 33, 409, -1,
      409, 33, 408, -1,
      409, 408, 406, -1,
      406, 408, 405, -1,
      311, 314, 25, -1,
      25, 314, 315, -1,
      25, 315, 316, -1,
      360, 357, 358, -1,
      309, 310, 316, -1,
      316, 310, 319, -1,
      316, 319, 25, -1,
      25, 319, 320, -1,
      317, 318, 320, -1,
      320, 318, 323, -1,
      320, 323, 25, -1,
      25, 323, 324, -1,
      376, 373, 374, -1,
      321, 322, 324, -1,
      324, 322, 327, -1,
      324, 327, 25, -1,
      25, 327, 328, -1,
      384, 381, 382, -1,
      335, 336, 25, -1,
      330, 335, 332, -1,
      332, 335, 25, -1,
      332, 25, 331, -1,
      331, 25, 328, -1,
      331, 328, 326, -1,
      326, 328, 325, -1,
      385, 386, 388, -1,
      388, 386, 391, -1,
      343, 344, 25, -1,
      351, 352, 25, -1,
      338, 343, 340, -1,
      340, 343, 25, -1,
      340, 25, 339, -1,
      339, 25, 336, -1,
      339, 336, 334, -1,
      334, 336, 333, -1,
      346, 351, 348, -1,
      348, 351, 25, -1,
      348, 25, 347, -1,
      347, 25, 344, -1,
      347, 344, 342, -1,
      342, 344, 341, -1,
      349, 350, 352, -1,
      352, 350, 355, -1,
      352, 355, 25, -1,
      25, 355, 356, -1,
      25, 363, 364, -1,
      25, 379, 380, -1,
      353, 354, 356, -1,
      356, 354, 359, -1,
      356, 359, 25, -1,
      25, 359, 360, -1,
      25, 360, 363, -1,
      363, 360, 358, -1,
      361, 362, 364, -1,
      364, 362, 367, -1,
      364, 367, 25, -1,
      25, 367, 368, -1,
      365, 366, 368, -1,
      368, 366, 371, -1,
      368, 371, 25, -1,
      25, 371, 372, -1,
      382, 387, 384, -1,
      384, 387, 25, -1,
      384, 25, 383, -1,
      383, 25, 380, -1,
      383, 380, 378, -1,
      378, 380, 377, -1,
      374, 379, 376, -1,
      376, 379, 25, -1,
      376, 25, 375, -1,
      375, 25, 372, -1,
      375, 372, 370, -1,
      370, 372, 369, -1,
      390, 399, 392, -1,
      392, 399, 33, -1,
      392, 33, 391, -1,
      391, 33, 25, -1,
      391, 25, 388, -1,
      388, 25, 387, -1,
      311, 25, 312, -1,
      312, 25, 30, -1,
      312, 30, 497, -1,
      497, 30, 90, -1,
      276, 91, 396, -1,
      396, 91, 28, -1,
      396, 28, 395, -1,
      395, 28, 33, -1,
      95, 453, 94, -1,
      94, 453, 455, -1,
      92, 447, 93, -1,
      93, 447, 449, -1,
      99, 441, 98, -1,
      98, 441, 443, -1,
      96, 435, 97, -1,
      97, 435, 437, -1,
      103, 429, 102, -1,
      102, 429, 431, -1,
      100, 423, 101, -1,
      101, 423, 425, -1,
      107, 417, 106, -1,
      106, 417, 419, -1,
      104, 411, 105, -1,
      105, 411, 413, -1,
      108, 233, 109, -1,
      109, 233, 235, -1,
      115, 237, 114, -1,
      114, 237, 239, -1,
      110, 227, 111, -1,
      111, 227, 229, -1,
      116, 221, 117, -1,
      117, 221, 223, -1,
      112, 215, 113, -1,
      113, 215, 217, -1,
      121, 209, 120, -1,
      120, 209, 211, -1,
      118, 191, 119, -1,
      119, 191, 193, -1,
      125, 195, 124, -1,
      124, 195, 197, -1,
      122, 201, 123, -1,
      123, 201, 203, -1,
      129, 133, 128, -1,
      128, 133, 135, -1,
      126, 137, 127, -1,
      127, 137, 139, -1,
      130, 143, 131, -1,
      131, 143, 145, -1,
      154, 153, 132, -1,
      132, 153, 497, -1,
      132, 497, 90, -1,
      89, 270, 86, -1,
      86, 270, 271, -1,
      498, 284, 269, -1,
      270, 89, 269, -1,
      269, 89, 88, -1,
      269, 88, 498, -1,
      273, 272, 498, -1,
      498, 272, 284, -1,
      273, 498, 87, -1,
      87, 498, 88, -1,
      82, 246, 83, -1,
      83, 246, 245, -1,
      152, 499, 149, -1,
      149, 499, 84, -1,
      149, 84, 245, -1,
      245, 84, 83, -1,
      499, 247, 84, -1,
      84, 247, 85, -1,
      247, 499, 160, -1,
      160, 499, 152, -1,
      11, 9, 249, -1,
      11, 249, 52, -1,
      52, 249, 54, -1,
      54, 249, 268, -1,
      54, 268, 58, -1,
      58, 268, 267, -1,
      58, 267, 59, -1,
      59, 267, 266, -1,
      59, 266, 60, -1,
      60, 266, 250, -1,
      60, 250, 53, -1,
      53, 250, 265, -1,
      53, 265, 51, -1,
      5, 55, 50, -1,
      81, 7, 5, -1,
      5, 50, 81, -1,
      81, 50, 49, -1,
      81, 49, 74, -1,
      74, 49, 48, -1,
      74, 48, 75, -1,
      75, 48, 45, -1,
      75, 45, 76, -1,
      76, 45, 44, -1,
      76, 44, 70, -1,
      70, 44, 46, -1,
      70, 46, 71, -1,
      36, 61, 15, -1,
      15, 61, 63, -1,
      15, 63, 16, -1,
      16, 63, 64, -1,
      16, 64, 26, -1,
      26, 64, 69, -1,
      26, 69, 27, -1,
      27, 69, 68, -1,
      27, 68, 37, -1,
      37, 68, 67, -1,
      37, 67, 38, -1,
      38, 67, 80, -1,
      72, 47, 73, -1,
      73, 47, 56, -1,
      73, 56, 65, -1,
      65, 56, 22, -1,
      65, 22, 66, -1,
      66, 22, 35, -1,
      66, 35, 77, -1,
      77, 35, 34, -1,
      77, 34, 78, -1,
      78, 34, 43, -1,
      78, 43, 79, -1,
      79, 43, 42, -1,
      41, 260, 29, -1,
      29, 260, 259, -1,
      29, 259, 31, -1,
      31, 259, 252, -1,
      31, 252, 32, -1,
      32, 252, 251, -1,
      32, 251, 17, -1,
      17, 251, 258, -1,
      17, 258, 18, -1,
      18, 258, 257, -1,
      18, 257, 19, -1,
      19, 257, 256, -1,
      261, 40, 262, -1,
      262, 40, 24, -1,
      262, 24, 255, -1,
      255, 24, 23, -1,
      255, 23, 254, -1,
      254, 23, 39, -1,
      254, 39, 253, -1,
      253, 39, 21, -1,
      253, 21, 263, -1,
      263, 21, 20, -1,
      263, 20, 264, -1,
      264, 20, 57, -1,
      14, 176, 13, -1,
      13, 176, 459, -1,
      13, 459, 12, -1,
      459, 176, 460, -1,
      460, 176, 175, -1,
      283, 282, 295, -1,
      295, 282, 296, -1,
      287, 308, 288, -1,
      288, 308, 307, -1,
      288, 307, 289, -1,
      289, 307, 306, -1,
      289, 306, 290, -1,
      290, 306, 302, -1,
      290, 302, 291, -1,
      291, 302, 301, -1,
      291, 301, 292, -1,
      292, 301, 300, -1,
      292, 300, 293, -1,
      293, 300, 305, -1,
      293, 305, 285, -1,
      285, 305, 304, -1,
      285, 304, 286, -1,
      286, 304, 303, -1,
      286, 303, 279, -1,
      279, 303, 299, -1,
      279, 299, 280, -1,
      280, 299, 298, -1,
      280, 298, 281, -1,
      281, 298, 297, -1,
      281, 297, 282, -1,
      282, 297, 296, -1,
      308, 287, 1, -1,
      1, 287, 0, -1,
      158, 186, 163, -1,
      163, 186, 185, -1,
      163, 185, 164, -1,
      164, 185, 184, -1,
      164, 184, 168, -1,
      168, 184, 183, -1,
      168, 183, 167, -1,
      167, 183, 182, -1,
      167, 182, 166, -1,
      166, 182, 190, -1,
      166, 190, 165, -1,
      165, 190, 189, -1,
      165, 189, 169, -1,
      169, 189, 188, -1,
      169, 188, 170, -1,
      170, 188, 181, -1,
      170, 181, 171, -1,
      171, 181, 180, -1,
      171, 180, 162, -1,
      162, 180, 179, -1,
      162, 179, 161, -1,
      161, 179, 178, -1,
      161, 178, 159, -1,
      159, 178, 177, -1,
      187, 186, 157, -1,
      157, 186, 158, -1,
      177, 3, 159, -1,
      159, 3, 2, -1,
      187, 157, 174, -1,
      174, 157, 156, -1,
      174, 156, 175, -1,
      200, 194, 192, -1,
      146, 144, 173, -1,
      173, 144, 147, -1,
      232, 230, 228, -1,
      416, 414, 412, -1,
      421, 422, 460, -1,
      428, 426, 424, -1,
      433, 434, 460, -1,
      243, 244, 460, -1,
      213, 214, 460, -1,
      212, 210, 214, -1,
      214, 210, 219, -1,
      214, 219, 460, -1,
      460, 219, 220, -1,
      440, 460, 439, -1,
      439, 460, 434, -1,
      439, 434, 430, -1,
      430, 434, 432, -1,
      451, 452, 460, -1,
      156, 172, 175, -1,
      175, 172, 173, -1,
      175, 173, 460, -1,
      460, 173, 147, -1,
      460, 147, 148, -1,
      240, 238, 244, -1,
      244, 238, 241, -1,
      244, 241, 460, -1,
      460, 241, 242, -1,
      446, 444, 442, -1,
      218, 216, 220, -1,
      220, 216, 225, -1,
      220, 225, 460, -1,
      460, 225, 226, -1,
      420, 418, 422, -1,
      422, 418, 427, -1,
      422, 427, 460, -1,
      460, 427, 428, -1,
      460, 428, 433, -1,
      433, 428, 424, -1,
      442, 451, 446, -1,
      446, 451, 460, -1,
      446, 460, 445, -1,
      445, 460, 440, -1,
      445, 440, 436, -1,
      436, 440, 438, -1,
      473, 474, 460, -1,
      140, 138, 148, -1,
      148, 138, 141, -1,
      148, 141, 460, -1,
      460, 141, 142, -1,
      236, 234, 242, -1,
      242, 234, 415, -1,
      242, 415, 460, -1,
      460, 415, 416, -1,
      460, 416, 421, -1,
      421, 416, 412, -1,
      458, 456, 454, -1,
      224, 222, 226, -1,
      226, 222, 231, -1,
      226, 231, 460, -1,
      460, 231, 232, -1,
      460, 232, 243, -1,
      243, 232, 228, -1,
      454, 473, 458, -1,
      458, 473, 460, -1,
      458, 460, 457, -1,
      457, 460, 452, -1,
      457, 452, 448, -1,
      448, 452, 450, -1,
      467, 468, 460, -1,
      136, 134, 142, -1,
      142, 134, 205, -1,
      142, 205, 460, -1,
      460, 205, 206, -1,
      472, 466, 465, -1,
      465, 467, 472, -1,
      472, 467, 460, -1,
      472, 460, 471, -1,
      471, 460, 474, -1,
      471, 474, 469, -1,
      469, 474, 470, -1,
      204, 202, 206, -1,
      206, 202, 207, -1,
      206, 207, 460, -1,
      460, 207, 208, -1,
      462, 461, 468, -1,
      468, 461, 463, -1,
      468, 463, 460, -1,
      460, 463, 464, -1,
      460, 464, 294, -1,
      294, 464, 278, -1,
      294, 278, 295, -1,
      295, 278, 283, -1,
      198, 196, 208, -1,
      208, 196, 199, -1,
      208, 199, 460, -1,
      460, 199, 200, -1,
      460, 200, 213, -1,
      213, 200, 192, -1,
    ]
  }
}
