#VRML V2.0 utf8

Shape {
  appearance Appearance {
    material Material {
      diffuseColor 1.0000 1.0000 0.0000
      specularColor 0.5020 0.5020 0.0000
      ambientIntensity 0.2
      transparency 0.0000
      shininess 0.5
    }
  }
  geometry IndexedFaceSet {
    ccw TRUE
    solid FALSE
    coord DEF co Coordinate {
      point [
        -0.246063 0.413386 0.007874,
        -0.246063 0.551181 0.007874,
        -0.246063 0.413386 0.000000,
        -0.246063 0.551181 0.000000,
        -0.147638 0.413386 0.007874,
        -0.147638 0.413386 0.000000,
        -0.147638 0.551181 0.007874,
        -0.147638 0.551181 0.000000,
        0.147638 0.413386 0.007874,
        0.147638 0.551181 0.007874,
        0.147638 0.413386 0.000000,
        0.147638 0.551181 0.000000,
        0.246063 0.413386 0.007874,
        0.246063 0.413386 0.000000,
        0.246063 0.551181 0.007874,
        0.246063 0.551181 0.000000,
        -0.049213 0.413386 0.007874,
        -0.049213 0.551181 0.007874,
        -0.049213 0.413386 0.000000,
        -0.049213 0.551181 0.000000,
        0.049213 0.413386 0.007874,
        0.049213 0.413386 0.000000,
        0.049213 0.551181 0.007874,
        0.049213 0.551181 0.000000,
        -0.380124 0.501969 0.000000,
        -0.379883 0.506106 0.007874,
        -0.379883 0.506106 0.000000,
        -0.379164 0.510187 0.007874,
        -0.379164 0.510187 0.000000,
        -0.377976 0.514157 0.007874,
        -0.377976 0.514157 0.000000,
        -0.376334 0.517962 0.007874,
        -0.376334 0.517962 0.000000,
        -0.374262 0.521551 0.007874,
        -0.374262 0.521551 0.000000,
        -0.371787 0.524875 0.007874,
        -0.371787 0.524875 0.000000,
        -0.368943 0.527889 0.007874,
        -0.368943 0.527889 0.000000,
        -0.365769 0.530553 0.007874,
        -0.365769 0.530553 0.000000,
        -0.362306 0.532831 0.007874,
        -0.362306 0.532831 0.000000,
        -0.358603 0.534691 0.007874,
        -0.358603 0.534691 0.000000,
        -0.354709 0.536108 0.007874,
        -0.354709 0.536108 0.000000,
        -0.350676 0.537063 0.007874,
        -0.350676 0.537063 0.000000,
        -0.346560 0.537544 0.007874,
        -0.346560 0.537544 0.000000,
        -0.342416 0.537544 0.007874,
        -0.342416 0.537544 0.000000,
        -0.338300 0.537063 0.007874,
        -0.338300 0.537063 0.000000,
        -0.334268 0.536108 0.007874,
        -0.334268 0.536108 0.000000,
        -0.330373 0.534691 0.007874,
        -0.330373 0.534691 0.000000,
        -0.326670 0.532831 0.007874,
        -0.326670 0.532831 0.000000,
        -0.323207 0.530553 0.007874,
        -0.323207 0.530553 0.000000,
        -0.320033 0.527889 0.007874,
        -0.320033 0.527889 0.000000,
        -0.317189 0.524875 0.007874,
        -0.317189 0.524875 0.000000,
        -0.314715 0.521551 0.007874,
        -0.314715 0.521551 0.000000,
        -0.312643 0.517962 0.007874,
        -0.312643 0.517962 0.000000,
        -0.311001 0.514157 0.007874,
        -0.311001 0.514157 0.000000,
        -0.309813 0.510187 0.007874,
        -0.309813 0.510187 0.000000,
        -0.309093 0.506106 0.007874,
        -0.309093 0.506106 0.000000,
        -0.308852 0.501969 0.007874,
        -0.308852 0.501969 0.000000,
        -0.309093 0.497831 0.007874,
        -0.309093 0.497831 0.000000,
        -0.309813 0.493750 0.007874,
        -0.309813 0.493750 0.000000,
        -0.311001 0.489780 0.007874,
        -0.311001 0.489780 0.000000,
        -0.312643 0.485975 0.007874,
        -0.312643 0.485975 0.000000,
        -0.314715 0.482386 0.007874,
        -0.314715 0.482386 0.000000,
        -0.317189 0.479062 0.007874,
        -0.317189 0.479062 0.000000,
        -0.320033 0.476048 0.007874,
        -0.320033 0.476048 0.000000,
        -0.323207 0.473384 0.007874,
        -0.323207 0.473384 0.000000,
        -0.326670 0.471106 0.007874,
        -0.326670 0.471106 0.000000,
        -0.330373 0.469247 0.007874,
        -0.330373 0.469247 0.000000,
        -0.334268 0.467829 0.007874,
        -0.334268 0.467829 0.000000,
        -0.338300 0.466874 0.007874,
        -0.338300 0.466874 0.000000,
        -0.342416 0.466393 0.007874,
        -0.342416 0.466393 0.000000,
        -0.346560 0.466393 0.007874,
        -0.346560 0.466393 0.000000,
        -0.350676 0.466874 0.007874,
        -0.350676 0.466874 0.000000,
        -0.354709 0.467829 0.007874,
        -0.354709 0.467829 0.000000,
        -0.358603 0.469247 0.007874,
        -0.358603 0.469247 0.000000,
        -0.362306 0.471106 0.007874,
        -0.362306 0.471106 0.000000,
        -0.365769 0.473384 0.007874,
        -0.365769 0.473384 0.000000,
        -0.368943 0.476048 0.007874,
        -0.368943 0.476048 0.000000,
        -0.371787 0.479062 0.007874,
        -0.371787 0.479062 0.000000,
        -0.374262 0.482386 0.007874,
        -0.374262 0.482386 0.000000,
        -0.376334 0.485975 0.007874,
        -0.376334 0.485975 0.000000,
        -0.377976 0.489780 0.007874,
        -0.377976 0.489780 0.000000,
        -0.379164 0.493750 0.007874,
        -0.379164 0.493750 0.000000,
        -0.379883 0.497831 0.007874,
        -0.379883 0.497831 0.000000,
        -0.380124 0.501969 0.007874,
        -0.344488 0.501969 0.007874,
        -0.344488 0.501969 0.000000,
      ]
    }
    coordIndex [
      0, 1, 2, -1,
      2, 1, 3, -1,
      4, 0, 5, -1,
      5, 0, 2, -1,
      6, 4, 7, -1,
      7, 4, 5, -1,
      1, 6, 3, -1,
      3, 6, 7, -1,
      4, 6, 0, -1,
      0, 6, 1, -1,
      7, 5, 3, -1,
      3, 5, 2, -1,
      8, 9, 10, -1,
      10, 9, 11, -1,
      12, 8, 13, -1,
      13, 8, 10, -1,
      14, 12, 15, -1,
      15, 12, 13, -1,
      9, 14, 11, -1,
      11, 14, 15, -1,
      12, 14, 8, -1,
      8, 14, 9, -1,
      15, 13, 11, -1,
      11, 13, 10, -1,
      16, 17, 18, -1,
      18, 17, 19, -1,
      20, 16, 21, -1,
      21, 16, 18, -1,
      22, 20, 23, -1,
      23, 20, 21, -1,
      17, 22, 19, -1,
      19, 22, 23, -1,
      20, 22, 16, -1,
      16, 22, 17, -1,
      23, 21, 19, -1,
      19, 21, 18, -1,
      24, 25, 26, -1,
      26, 25, 27, -1,
      26, 27, 28, -1,
      28, 27, 29, -1,
      28, 29, 30, -1,
      30, 29, 31, -1,
      30, 31, 32, -1,
      32, 31, 33, -1,
      32, 33, 34, -1,
      34, 33, 35, -1,
      34, 35, 36, -1,
      36, 35, 37, -1,
      36, 37, 38, -1,
      38, 37, 39, -1,
      38, 39, 40, -1,
      40, 39, 41, -1,
      40, 41, 42, -1,
      42, 41, 43, -1,
      42, 43, 44, -1,
      44, 43, 45, -1,
      44, 45, 46, -1,
      46, 45, 47, -1,
      46, 47, 48, -1,
      48, 47, 49, -1,
      48, 49, 50, -1,
      50, 49, 51, -1,
      50, 51, 52, -1,
      52, 51, 53, -1,
      52, 53, 54, -1,
      54, 53, 55, -1,
      54, 55, 56, -1,
      56, 55, 57, -1,
      56, 57, 58, -1,
      58, 57, 59, -1,
      58, 59, 60, -1,
      60, 59, 61, -1,
      60, 61, 62, -1,
      62, 61, 63, -1,
      62, 63, 64, -1,
      64, 63, 65, -1,
      64, 65, 66, -1,
      66, 65, 67, -1,
      66, 67, 68, -1,
      68, 67, 69, -1,
      68, 69, 70, -1,
      70, 69, 71, -1,
      70, 71, 72, -1,
      72, 71, 73, -1,
      72, 73, 74, -1,
      74, 73, 75, -1,
      74, 75, 76, -1,
      76, 75, 77, -1,
      76, 77, 78, -1,
      78, 77, 79, -1,
      78, 79, 80, -1,
      80, 79, 81, -1,
      80, 81, 82, -1,
      82, 81, 83, -1,
      82, 83, 84, -1,
      84, 83, 85, -1,
      84, 85, 86, -1,
      86, 85, 87, -1,
      86, 87, 88, -1,
      88, 87, 89, -1,
      88, 89, 90, -1,
      90, 89, 91, -1,
      90, 91, 92, -1,
      92, 91, 93, -1,
      92, 93, 94, -1,
      94, 93, 95, -1,
      94, 95, 96, -1,
      96, 95, 97, -1,
      96, 97, 98, -1,
      98, 97, 99, -1,
      98, 99, 100, -1,
      100, 99, 101, -1,
      100, 101, 102, -1,
      102, 101, 103, -1,
      102, 103, 104, -1,
      104, 103, 105, -1,
      104, 105, 106, -1,
      106, 105, 107, -1,
      106, 107, 108, -1,
      108, 107, 109, -1,
      108, 109, 110, -1,
      110, 109, 111, -1,
      110, 111, 112, -1,
      112, 111, 113, -1,
      112, 113, 114, -1,
      114, 113, 115, -1,
      114, 115, 116, -1,
      116, 115, 117, -1,
      116, 117, 118, -1,
      118, 117, 119, -1,
      118, 119, 120, -1,
      120, 119, 121, -1,
      120, 121, 122, -1,
      122, 121, 123, -1,
      122, 123, 124, -1,
      124, 123, 125, -1,
      124, 125, 126, -1,
      126, 125, 127, -1,
      126, 127, 128, -1,
      128, 127, 129, -1,
      128, 129, 130, -1,
      130, 129, 131, -1,
      130, 131, 24, -1,
      24, 131, 25, -1,
      81, 79, 132, -1,
      132, 79, 77, -1,
      132, 77, 75, -1,
      87, 85, 132, -1,
      132, 85, 83, -1,
      132, 83, 81, -1,
      93, 91, 132, -1,
      132, 91, 89, -1,
      132, 89, 87, -1,
      99, 97, 132, -1,
      132, 97, 95, -1,
      132, 95, 93, -1,
      105, 103, 132, -1,
      132, 103, 101, -1,
      132, 101, 99, -1,
      111, 109, 132, -1,
      132, 109, 107, -1,
      132, 107, 105, -1,
      117, 115, 132, -1,
      132, 115, 113, -1,
      132, 113, 111, -1,
      123, 121, 132, -1,
      132, 121, 119, -1,
      132, 119, 117, -1,
      129, 127, 132, -1,
      132, 127, 125, -1,
      132, 125, 123, -1,
      27, 25, 132, -1,
      132, 25, 131, -1,
      132, 131, 129, -1,
      33, 31, 132, -1,
      132, 31, 29, -1,
      132, 29, 27, -1,
      39, 37, 132, -1,
      132, 37, 35, -1,
      132, 35, 33, -1,
      45, 43, 132, -1,
      132, 43, 41, -1,
      132, 41, 39, -1,
      51, 49, 132, -1,
      132, 49, 47, -1,
      132, 47, 45, -1,
      57, 55, 132, -1,
      132, 55, 53, -1,
      132, 53, 51, -1,
      63, 61, 132, -1,
      132, 61, 59, -1,
      132, 59, 57, -1,
      69, 67, 132, -1,
      132, 67, 65, -1,
      132, 65, 63, -1,
      75, 73, 132, -1,
      132, 73, 71, -1,
      132, 71, 69, -1,
      74, 76, 133, -1,
      133, 76, 78, -1,
      133, 78, 80, -1,
      68, 70, 133, -1,
      133, 70, 72, -1,
      133, 72, 74, -1,
      62, 64, 133, -1,
      133, 64, 66, -1,
      133, 66, 68, -1,
      56, 58, 133, -1,
      133, 58, 60, -1,
      133, 60, 62, -1,
      50, 52, 133, -1,
      133, 52, 54, -1,
      133, 54, 56, -1,
      44, 46, 133, -1,
      133, 46, 48, -1,
      133, 48, 50, -1,
      38, 40, 133, -1,
      133, 40, 42, -1,
      133, 42, 44, -1,
      32, 34, 133, -1,
      133, 34, 36, -1,
      133, 36, 38, -1,
      26, 28, 133, -1,
      133, 28, 30, -1,
      133, 30, 32, -1,
      128, 130, 133, -1,
      133, 130, 24, -1,
      133, 24, 26, -1,
      122, 124, 133, -1,
      133, 124, 126, -1,
      133, 126, 128, -1,
      116, 118, 133, -1,
      133, 118, 120, -1,
      133, 120, 122, -1,
      110, 112, 133, -1,
      133, 112, 114, -1,
      133, 114, 116, -1,
      104, 106, 133, -1,
      133, 106, 108, -1,
      133, 108, 110, -1,
      98, 100, 133, -1,
      133, 100, 102, -1,
      133, 102, 104, -1,
      92, 94, 133, -1,
      133, 94, 96, -1,
      133, 96, 98, -1,
      86, 88, 133, -1,
      133, 88, 90, -1,
      133, 90, 92, -1,
      80, 82, 133, -1,
      133, 82, 84, -1,
      133, 84, 86, -1,
    ]
  }
}

Shape {
  appearance Appearance {
    material Material {
      diffuseColor 0.2510 0.2510 0.2510
      specularColor 0.1255 0.1255 0.1255
      ambientIntensity 0.2
      transparency 0.0000
      shininess 0.5
    }
  }
  geometry IndexedFaceSet {
    ccw TRUE
    solid FALSE
    coord DEF co Coordinate {
      point [
        0.562619 -0.590551 0.362205,
        0.590551 -0.590551 0.362205,
        0.590551 -0.516952 0.362205,
        0.497554 -0.590551 0.362205,
        0.562619 -0.516952 0.362205,
        0.460067 -0.590551 0.362205,
        0.497554 -0.516952 0.362205,
        -0.590551 -0.590551 0.362205,
        -0.112578 -0.590551 0.362205,
        -0.112578 -0.516952 0.362205,
        0.392311 -0.500881 0.362205,
        0.390551 -0.501093 0.362205,
        0.400598 -0.501093 0.362205,
        0.109639 -0.451931 0.362205,
        0.110179 -0.449320 0.362205,
        -0.112578 -0.449320 0.362205,
        0.273321 -0.428788 0.362205,
        0.280925 -0.435426 0.362205,
        0.307487 -0.396872 0.362205,
        0.307487 -0.437581 0.362205,
        0.234847 -0.392733 0.362205,
        0.241002 -0.396872 0.362205,
        0.247542 -0.401269 0.362205,
        0.256855 -0.412010 0.362205,
        0.262913 -0.423756 0.362205,
        0.264907 -0.424444 0.362205,
        0.181585 -0.393284 0.362205,
        0.194708 -0.388212 0.362205,
        -0.112578 -0.025911 0.362205,
        0.307487 -0.025911 0.362205,
        0.208831 -0.386467 0.362205,
        0.220563 -0.387700 0.362205,
        0.122869 -0.423186 0.362205,
        0.125695 -0.420578 0.362205,
        -0.112578 -0.396872 0.362205,
        0.175798 -0.396872 0.362205,
        0.174674 -0.397569 0.362205,
        0.135284 -0.414260 0.362205,
        0.145931 -0.410549 0.362205,
        0.155602 -0.409524 0.362205,
        0.167985 -0.403297 0.362205,
        0.158876 -0.409702 0.362205,
        0.162149 -0.410093 0.362205,
        -0.112578 -0.437581 0.362205,
        0.111958 -0.440730 0.362205,
        0.113481 -0.437581 0.362205,
        0.116820 -0.430681 0.362205,
        0.144217 -0.500325 0.362205,
        0.138970 -0.498650 0.362205,
        -0.112578 -0.501093 0.362205,
        0.128891 -0.493256 0.362205,
        0.121445 -0.486662 0.362205,
        0.120148 -0.485157 0.362205,
        0.114207 -0.475936 0.362205,
        0.110512 -0.465255 0.362205,
        0.109490 -0.455636 0.362205,
        0.151291 -0.511643 0.362205,
        0.147061 -0.506417 0.362205,
        0.144576 -0.501093 0.362205,
        0.183046 -0.516952 0.362205,
        0.178132 -0.518836 0.362205,
        0.307487 -0.590551 0.362205,
        0.171258 -0.519680 0.362205,
        0.170141 -0.519659 0.362205,
        0.163422 -0.518607 0.362205,
        0.159489 -0.516952 0.362205,
        0.156857 -0.515844 0.362205,
        0.197936 -0.501093 0.362205,
        0.197922 -0.501155 0.362205,
        0.307487 -0.516952 0.362205,
        0.194565 -0.507507 0.362205,
        0.190153 -0.512459 0.362205,
        0.184482 -0.516401 0.362205,
        0.192606 -0.472145 0.362205,
        0.230748 -0.452220 0.362205,
        0.187644 -0.467624 0.362205,
        0.181606 -0.464384 0.362205,
        0.291062 -0.462615 0.362205,
        0.289589 -0.471931 0.362205,
        0.307487 -0.501093 0.362205,
        0.285852 -0.480857 0.362205,
        0.272203 -0.495033 0.362205,
        0.263458 -0.499116 0.362205,
        0.254658 -0.500894 0.362205,
        0.273311 -0.458880 0.362205,
        0.271985 -0.453409 0.362205,
        0.269791 -0.449320 0.362205,
        0.128129 -0.449320 0.362205,
        0.232863 -0.498872 0.362205,
        0.231774 -0.497798 0.362205,
        0.232668 -0.485413 0.362205,
        0.234440 -0.484214 0.362205,
        0.239572 -0.467306 0.362205,
        0.236406 -0.483485 0.362205,
        0.289943 -0.452341 0.362205,
        0.291093 -0.461044 0.362205,
        0.307487 -0.449320 0.362205,
        0.280561 -0.488085 0.362205,
        0.279688 -0.489002 0.362205,
        0.237865 -0.500894 0.362205,
        0.236677 -0.500733 0.362205,
        0.234776 -0.500095 0.362205,
        0.129783 -0.466371 0.362205,
        0.133206 -0.472204 0.362205,
        0.147659 -0.475117 0.362205,
        0.138312 -0.477444 0.362205,
        0.144502 -0.481254 0.362205,
        0.158192 -0.465700 0.362205,
        0.152369 -0.469740 0.362205,
        0.127423 -0.455067 0.362205,
        0.127755 -0.459398 0.362205,
        0.229610 -0.492070 0.362205,
        0.229650 -0.491227 0.362205,
        0.199722 -0.488370 0.362205,
        0.230151 -0.489044 0.362205,
        0.231189 -0.487059 0.362205,
        0.164481 -0.463300 0.362205,
        0.171258 -0.462467 0.362205,
        0.174737 -0.462674 0.362205,
        0.230565 -0.495996 0.362205,
        0.229847 -0.494060 0.362205,
        0.199574 -0.494125 0.362205,
        0.199722 -0.491216 0.362205,
        0.238433 -0.483246 0.362205,
        0.238711 -0.483266 0.362205,
        0.239565 -0.483455 0.362205,
        0.267675 -0.476375 0.362205,
        0.270805 -0.471934 0.362205,
        0.272764 -0.466860 0.362205,
        0.273445 -0.461329 0.362205,
        0.240141 -0.483531 0.362205,
        0.252950 -0.483531 0.362205,
        0.258025 -0.482563 0.362205,
        0.263052 -0.480244 0.362205,
        0.267266 -0.476814 0.362205,
        0.248965 -0.439126 0.362205,
        0.130702 -0.441843 0.362205,
        0.128268 -0.448192 0.362205,
        0.251243 -0.439126 0.362205,
        0.269347 -0.448492 0.362205,
        0.266028 -0.444781 0.362205,
        0.261612 -0.441701 0.362205,
        0.256643 -0.439791 0.362205,
        0.133664 -0.437581 0.362205,
        0.170973 -0.430872 0.362205,
        0.168874 -0.429727 0.362205,
        0.244115 -0.424157 0.362205,
        0.238154 -0.416086 0.362205,
        0.235073 -0.413164 0.362205,
        0.226985 -0.407787 0.362205,
        0.218001 -0.404549 0.362205,
        0.162489 -0.427411 0.362205,
        0.155887 -0.426602 0.362205,
        0.152978 -0.426751 0.362205,
        0.248676 -0.437581 0.362205,
        0.247930 -0.433592 0.362205,
        0.209115 -0.403546 0.362205,
        0.207628 -0.403572 0.362205,
        0.174847 -0.422621 0.362205,
        0.198151 -0.405028 0.362205,
        0.181051 -0.414865 0.362205,
        0.188895 -0.408917 0.362205,
        0.145948 -0.428403 0.362205,
        0.139596 -0.431759 0.362205,
        0.134644 -0.436171 0.362205,
        0.282421 -0.437581 0.362205,
        0.286607 -0.443612 0.362205,
        0.288789 -0.449320 0.362205,
        0.456286 -0.496191 0.362205,
        0.456286 -0.500755 0.362205,
        0.460067 -0.501093 0.362205,
        0.447418 -0.501093 0.362205,
        0.439922 -0.482723 0.362205,
        0.439922 -0.496191 0.362205,
        0.447418 -0.482723 0.362205,
        0.447418 -0.496191 0.362205,
        0.454239 -0.482723 0.362205,
        0.454239 -0.478139 0.362205,
        0.439922 -0.465326 0.362205,
        0.439922 -0.478139 0.362205,
        0.447418 -0.465326 0.362205,
        0.447418 -0.478139 0.362205,
        0.455375 -0.465326 0.362205,
        0.447418 -0.500755 0.362205,
        0.434754 -0.500755 0.362205,
        0.432052 -0.501093 0.362205,
        0.434754 -0.460720 0.362205,
        0.381785 -0.495703 0.362205,
        0.382300 -0.495904 0.362205,
        0.382300 -0.485289 0.362205,
        0.381435 -0.484402 0.362205,
        0.380842 -0.483473 0.362205,
        0.379982 -0.494574 0.362205,
        0.378294 -0.449320 0.362205,
        0.380753 -0.476577 0.362205,
        0.381654 -0.475216 0.362205,
        0.382256 -0.485259 0.362205,
        0.382300 -0.449320 0.362205,
        0.380263 -0.481966 0.362205,
        0.380013 -0.479878 0.362205,
        0.380186 -0.478195 0.362205,
        0.379982 -0.499752 0.362205,
        0.378294 -0.501093 0.362205,
        0.382300 -0.500568 0.362205,
        0.382300 -0.501093 0.362205,
        0.383491 -0.500987 0.362205,
        0.384505 -0.501093 0.362205,
        0.387739 -0.501431 0.362205,
        0.382300 -0.516952 0.362205,
        0.400598 -0.516952 0.362205,
        0.397922 -0.472776 0.362205,
        0.397922 -0.477647 0.362205,
        0.398506 -0.496454 0.362205,
        0.397607 -0.497787 0.362205,
        0.382300 -0.474625 0.362205,
        0.383226 -0.473779 0.362205,
        0.384437 -0.473033 0.362205,
        0.399088 -0.494856 0.362205,
        0.387120 -0.471992 0.362205,
        0.391147 -0.471507 0.362205,
        0.400598 -0.449320 0.362205,
        0.394665 -0.471819 0.362205,
        0.396070 -0.499159 0.362205,
        0.394938 -0.499857 0.362205,
        0.397615 -0.488249 0.362205,
        0.398480 -0.489493 0.362205,
        0.399045 -0.490945 0.362205,
        0.399293 -0.492978 0.362205,
        0.390656 -0.475580 0.362205,
        0.389172 -0.475691 0.362205,
        0.385181 -0.479428 0.362205,
        0.387830 -0.476046 0.362205,
        0.386706 -0.476644 0.362205,
        0.385227 -0.480095 0.362205,
        0.385426 -0.480874 0.362205,
        0.385787 -0.481550 0.362205,
        0.386276 -0.482089 0.362205,
        0.388044 -0.483194 0.362205,
        0.394164 -0.476007 0.362205,
        0.391147 -0.484545 0.362205,
        0.397000 -0.477107 0.362205,
        0.393089 -0.485330 0.362205,
        0.396419 -0.487183 0.362205,
        0.385949 -0.477313 0.362205,
        0.385519 -0.477951 0.362205,
        0.385272 -0.478628 0.362205,
        0.384922 -0.496929 0.362205,
        0.387606 -0.488188 0.362205,
        0.384617 -0.486818 0.362205,
        0.388231 -0.497337 0.362205,
        0.388452 -0.497336 0.362205,
        0.390899 -0.489567 0.362205,
        0.391023 -0.497048 0.362205,
        0.394146 -0.493469 0.362205,
        0.394097 -0.492845 0.362205,
        0.392317 -0.496574 0.362205,
        0.392774 -0.496296 0.362205,
        0.393349 -0.495786 0.362205,
        0.393787 -0.495139 0.362205,
        0.394042 -0.494425 0.362205,
        0.393869 -0.492062 0.362205,
        0.393481 -0.491397 0.362205,
        0.392856 -0.490746 0.362205,
        0.497554 -0.437581 0.362205,
        0.484552 -0.437244 0.362205,
        0.478841 -0.437244 0.362205,
        0.474758 -0.426294 0.362205,
        0.460067 -0.426294 0.362205,
        0.460067 -0.437581 0.362205,
        0.469303 -0.397209 0.362205,
        0.497554 -0.396872 0.362205,
        0.460067 -0.396872 0.362205,
        0.458087 -0.426294 0.362205,
        0.454239 -0.437244 0.362205,
        0.447418 -0.437581 0.362205,
        0.448528 -0.437244 0.362205,
        0.447418 -0.396872 0.362205,
        0.460067 -0.406949 0.362205,
        0.463777 -0.397209 0.362205,
        0.413713 -0.437244 0.362205,
        0.413713 -0.397209 0.362205,
        0.405239 -0.401815 0.362205,
        0.405239 -0.397209 0.362205,
        0.425134 -0.397209 0.362205,
        0.432052 -0.396872 0.362205,
        0.400598 -0.396872 0.362205,
        0.400598 -0.397209 0.362205,
        0.400598 -0.437581 0.362205,
        0.432052 -0.437581 0.362205,
        0.406150 -0.437244 0.362205,
        0.431590 -0.436399 0.362205,
        0.424724 -0.437244 0.362205,
        0.406150 -0.432680 0.362205,
        0.445221 -0.423941 0.362205,
        0.443252 -0.428083 0.362205,
        0.441650 -0.403857 0.362205,
        0.444136 -0.407337 0.362205,
        0.440270 -0.431636 0.362205,
        0.436141 -0.434606 0.362205,
        0.432052 -0.436217 0.362205,
        0.440270 -0.402510 0.362205,
        0.431244 -0.397883 0.362205,
        0.432052 -0.398179 0.362205,
        0.436076 -0.399648 0.362205,
        0.445627 -0.411146 0.362205,
        0.446308 -0.416715 0.362205,
        0.446189 -0.419252 0.362205,
        0.389786 -0.419212 0.362205,
        0.389786 -0.432680 0.362205,
        0.400598 -0.419212 0.362205,
        0.400598 -0.432680 0.362205,
        0.404104 -0.419212 0.362205,
        0.404104 -0.414627 0.362205,
        0.400598 -0.414627 0.362205,
        0.400598 -0.401815 0.362205,
        0.389786 -0.414627 0.362205,
        0.389786 -0.401815 0.362205,
        0.384618 -0.397209 0.362205,
        0.382300 -0.396872 0.362205,
        0.384618 -0.437244 0.362205,
        0.378294 -0.437581 0.362205,
        0.376605 -0.403574 0.362205,
        0.376605 -0.430633 0.362205,
        0.376159 -0.403334 0.362205,
        0.374896 -0.431401 0.362205,
        0.374896 -0.402853 0.362205,
        0.372681 -0.432397 0.362205,
        0.368156 -0.433243 0.362205,
        0.354033 -0.426388 0.362205,
        0.355984 -0.429098 0.362205,
        0.356762 -0.429868 0.362205,
        0.359375 -0.431720 0.362205,
        0.356260 -0.405642 0.362205,
        0.354085 -0.408664 0.362205,
        0.358990 -0.403389 0.362205,
        0.362138 -0.401932 0.362205,
        0.372098 -0.401789 0.362205,
        0.367169 -0.401200 0.362205,
        0.352098 -0.419154 0.362205,
        0.365622 -0.401262 0.362205,
        0.352054 -0.417677 0.362205,
        0.352733 -0.412105 0.362205,
        0.362225 -0.432824 0.362205,
        0.366269 -0.433314 0.362205,
        0.352739 -0.423160 0.362205,
        0.376605 -0.398171 0.362205,
        0.378294 -0.396872 0.362205,
        0.374896 -0.397674 0.362205,
        0.374896 -0.396872 0.362205,
        0.372429 -0.396957 0.362205,
        0.371366 -0.396872 0.362205,
        0.367201 -0.396534 0.362205,
        0.374896 -0.025911 0.362205,
        0.367118 -0.396534 0.362205,
        0.346021 -0.025911 0.362205,
        0.364365 -0.396872 0.362205,
        0.362020 -0.437581 0.362205,
        0.358770 -0.436913 0.362205,
        0.346021 -0.437581 0.362205,
        0.354991 -0.435132 0.362205,
        0.351768 -0.432454 0.362205,
        0.346021 -0.396872 0.362205,
        0.349508 -0.406223 0.362205,
        0.352412 -0.402428 0.362205,
        0.351137 -0.431748 0.362205,
        0.348831 -0.428257 0.362205,
        0.347284 -0.423961 0.362205,
        0.353364 -0.401518 0.362205,
        0.357106 -0.398883 0.362205,
        0.361282 -0.397250 0.362205,
        0.346630 -0.417984 0.362205,
        0.346700 -0.415898 0.362205,
        0.347607 -0.410670 0.362205,
        0.363109 -0.437806 0.362205,
        0.346021 -0.449320 0.362205,
        0.365522 -0.437919 0.362205,
        0.374896 -0.449320 0.362205,
        0.369054 -0.437581 0.362205,
        0.376605 -0.435586 0.362205,
        0.375922 -0.435926 0.362205,
        0.374896 -0.437581 0.362205,
        0.374896 -0.436263 0.362205,
        0.371624 -0.437336 0.362205,
        0.345412 -0.496191 0.362205,
        0.345412 -0.500755 0.362205,
        0.346021 -0.501093 0.362205,
        0.323880 -0.500755 0.362205,
        0.345202 -0.501093 0.362205,
        0.345202 -0.500755 0.362205,
        0.323880 -0.460720 0.362205,
        0.344502 -0.460720 0.362205,
        0.344502 -0.465326 0.362205,
        0.345202 -0.449320 0.362205,
        0.345202 -0.496191 0.362205,
        0.329048 -0.482723 0.362205,
        0.329048 -0.496191 0.362205,
        0.343366 -0.482723 0.362205,
        0.343366 -0.478139 0.362205,
        0.329048 -0.478139 0.362205,
        0.329048 -0.465326 0.362205,
        0.356417 -0.501093 0.362205,
        0.356189 -0.501059 0.362205,
        0.353006 -0.474168 0.362205,
        0.353006 -0.479039 0.362205,
        0.373187 -0.482355 0.362205,
        0.373187 -0.500755 0.362205,
        0.374896 -0.501093 0.362205,
        0.368172 -0.500755 0.362205,
        0.354282 -0.500318 0.362205,
        0.352668 -0.499179 0.362205,
        0.352119 -0.498623 0.362205,
        0.367946 -0.472404 0.362205,
        0.369619 -0.473350 0.362205,
        0.351074 -0.497087 0.362205,
        0.350464 -0.495395 0.362205,
        0.350212 -0.493100 0.362205,
        0.365819 -0.471769 0.362205,
        0.370962 -0.474620 0.362205,
        0.371993 -0.476230 0.362205,
        0.372784 -0.478491 0.362205,
        0.368172 -0.496334 0.362205,
        0.368039 -0.496334 0.362205,
        0.367204 -0.497595 0.362205,
        0.365613 -0.499281 0.362205,
        0.350226 -0.492507 0.362205,
        0.350543 -0.490340 0.362205,
        0.351229 -0.488570 0.362205,
        0.352229 -0.487133 0.362205,
        0.353763 -0.485800 0.362205,
        0.355896 -0.484705 0.362205,
        0.356484 -0.476856 0.362205,
        0.359699 -0.483767 0.362205,
        0.364107 -0.475765 0.362205,
        0.362380 -0.475580 0.362205,
        0.359626 -0.475843 0.362205,
        0.354008 -0.473585 0.362205,
        0.357731 -0.472133 0.362205,
        0.362851 -0.471507 0.362205,
        0.368172 -0.482580 0.362205,
        0.368005 -0.480403 0.362205,
        0.367490 -0.478601 0.362205,
        0.366904 -0.477562 0.362205,
        0.366149 -0.476752 0.362205,
        0.365263 -0.476174 0.362205,
        0.361965 -0.501093 0.362205,
        0.361719 -0.501178 0.362205,
        0.374896 -0.516952 0.362205,
        0.346021 -0.516952 0.362205,
        0.359279 -0.501431 0.362205,
        0.358562 -0.501413 0.362205,
        0.424152 -0.472162 0.362205,
        0.429350 -0.472162 0.362205,
        0.432052 -0.449320 0.362205,
        0.447418 -0.449320 0.362205,
        0.447418 -0.460720 0.362205,
        0.460067 -0.449320 0.362205,
        0.455375 -0.460720 0.362205,
        0.412950 -0.501093 0.362205,
        0.413119 -0.500694 0.362205,
        0.401903 -0.472162 0.362205,
        0.407511 -0.472162 0.362205,
        0.414982 -0.493653 0.362205,
        0.416343 -0.493694 0.362205,
        0.415596 -0.496007 0.362205,
        0.415729 -0.496007 0.362205,
        0.415959 -0.495027 0.362205,
        0.432052 -0.516952 0.362205,
        0.408262 -0.513974 0.362205,
        0.406170 -0.514223 0.362205,
        0.405038 -0.514181 0.362205,
        0.402937 -0.513813 0.362205,
        0.402937 -0.509352 0.362205,
        0.403963 -0.509688 0.362205,
        0.405782 -0.509925 0.362205,
        0.413948 -0.509721 0.362205,
        0.412106 -0.511852 0.362205,
        0.406741 -0.509841 0.362205,
        0.407845 -0.509496 0.362205,
        0.408784 -0.508922 0.362205,
        0.411982 -0.511963 0.362205,
        0.410234 -0.513204 0.362205,
        0.409823 -0.507850 0.362205,
        0.410919 -0.505893 0.362205,
        0.417943 -0.501093 0.362205,
        0.416374 -0.505074 0.362205,
        0.416364 -0.505099 0.362205,
        0.460067 -0.516952 0.362205,
        0.447418 -0.590551 0.362205,
        0.447418 -0.516952 0.362205,
        0.432052 -0.590551 0.362205,
        0.400598 -0.590551 0.362205,
        0.382300 -0.590551 0.362205,
        0.378294 -0.590551 0.362205,
        0.378294 -0.516952 0.362205,
        0.374896 -0.590551 0.362205,
        0.346021 -0.590551 0.362205,
        0.345202 -0.590551 0.362205,
        0.345202 -0.516952 0.362205,
        0.363777 -0.500469 0.362205,
        0.562619 -0.501093 0.362205,
        0.497554 -0.501093 0.362205,
        0.463848 -0.500755 0.362205,
        0.495357 -0.487452 0.362205,
        0.493388 -0.491595 0.362205,
        0.490406 -0.495147 0.362205,
        0.494272 -0.470848 0.362205,
        0.495763 -0.474657 0.362205,
        0.497554 -0.449320 0.362205,
        0.496443 -0.480226 0.362205,
        0.496324 -0.482763 0.362205,
        0.486277 -0.498117 0.362205,
        0.481726 -0.499910 0.362205,
        0.474860 -0.500755 0.362205,
        0.463848 -0.460720 0.362205,
        0.475270 -0.460720 0.362205,
        0.481380 -0.461395 0.362205,
        0.486211 -0.463159 0.362205,
        0.490406 -0.466022 0.362205,
        0.491785 -0.467368 0.362205,
        0.524893 -0.489805 0.362205,
        0.508222 -0.489805 0.362205,
        0.528977 -0.500755 0.362205,
        0.504374 -0.500755 0.362205,
        0.534687 -0.500755 0.362205,
        0.498664 -0.500755 0.362205,
        0.513913 -0.460720 0.362205,
        0.519439 -0.460720 0.362205,
        0.345202 -0.437581 0.362205,
        0.382300 -0.437581 0.362205,
        0.344993 -0.432680 0.362205,
        0.344993 -0.437244 0.362205,
        0.323880 -0.437244 0.362205,
        0.329048 -0.397209 0.362205,
        0.345202 -0.396872 0.362205,
        0.323880 -0.397209 0.362205,
        0.329048 -0.432680 0.362205,
        0.400598 -0.437244 0.362205,
        0.562619 -0.449320 0.362205,
        0.562619 -0.437581 0.362205,
        0.562619 -0.396872 0.362205,
        0.590551 -0.501093 0.362205,
        0.590551 -0.449320 0.362205,
        0.590551 -0.437581 0.362205,
        0.590551 -0.396872 0.362205,
        0.345202 -0.025911 0.362205,
        0.590551 -0.025911 0.362205,
        0.562619 -0.025911 0.362205,
        0.497554 -0.025911 0.362205,
        0.460067 -0.025911 0.362205,
        0.447418 -0.025911 0.362205,
        0.432052 -0.025911 0.362205,
        0.400598 -0.025911 0.362205,
        0.382300 -0.025911 0.362205,
        0.378294 -0.025911 0.362205,
        -0.334646 0.393701 0.362205,
        -0.336658 0.378416 0.362205,
        -0.342557 0.364173 0.362205,
        -0.351943 0.351943 0.362205,
        -0.364173 0.342557 0.362205,
        -0.378416 0.336658 0.362205,
        -0.393701 0.334646 0.362205,
        -0.408985 0.336658 0.362205,
        -0.590551 -0.025911 0.362205,
        -0.423228 0.342557 0.362205,
        -0.435459 0.351943 0.362205,
        -0.590551 -0.516952 0.362205,
        -0.590551 -0.501093 0.362205,
        -0.590551 -0.449320 0.362205,
        -0.590551 -0.437581 0.362205,
        -0.590551 -0.396872 0.362205,
        -0.450744 0.408985 0.362205,
        -0.444844 0.423228 0.362205,
        -0.590551 0.590551 0.362205,
        -0.435459 0.435459 0.362205,
        -0.423228 0.444844 0.362205,
        -0.408985 0.450744 0.362205,
        -0.393701 0.452756 0.362205,
        -0.112578 0.590551 0.362205,
        -0.378416 0.450744 0.362205,
        -0.364173 0.444844 0.362205,
        -0.351943 0.435459 0.362205,
        -0.342557 0.423228 0.362205,
        -0.336658 0.408985 0.362205,
        -0.444844 0.364173 0.362205,
        -0.450744 0.378416 0.362205,
        -0.452756 0.393701 0.362205,
        0.590551 0.590551 0.362205,
        0.562619 0.590551 0.362205,
        0.497554 0.590551 0.362205,
        0.460067 0.590551 0.362205,
        0.447418 0.590551 0.362205,
        0.432052 0.590551 0.362205,
        0.400598 0.590551 0.362205,
        0.382300 0.590551 0.362205,
        0.378294 0.590551 0.362205,
        0.374896 0.590551 0.362205,
        0.346021 0.590551 0.362205,
        0.345202 0.590551 0.362205,
        0.307487 0.590551 0.362205,
        0.590551 0.590551 0.007874,
        0.590551 -0.590551 0.007874,
        -0.590551 0.590551 0.007874,
        -0.590551 -0.590551 0.007874,
      ]
    }
    coordIndex [
      0, 1, 2, -1,
      3, 0, 4, -1,
      5, 3, 6, -1,
      7, 8, 9, -1,
      10, 11, 12, -1,
      13, 14, 15, -1,
      16, 17, 18, -1,
      18, 17, 19, -1,
      20, 21, 18, -1,
      18, 21, 22, -1,
      18, 22, 23, -1,
      23, 24, 18, -1,
      18, 24, 25, -1,
      18, 25, 16, -1,
      26, 27, 28, -1,
      28, 27, 29, -1,
      29, 27, 30, -1,
      29, 30, 31, -1,
      32, 33, 34, -1,
      26, 28, 35, -1,
      35, 28, 34, -1,
      35, 34, 36, -1,
      33, 37, 34, -1,
      34, 37, 38, -1,
      34, 38, 36, -1,
      36, 38, 39, -1,
      36, 39, 40, -1,
      40, 39, 41, -1,
      40, 41, 42, -1,
      15, 14, 43, -1,
      14, 44, 43, -1,
      43, 44, 45, -1,
      43, 45, 34, -1,
      34, 45, 46, -1,
      34, 46, 32, -1,
      47, 48, 49, -1,
      48, 50, 49, -1,
      49, 50, 51, -1,
      49, 51, 52, -1,
      52, 53, 49, -1,
      49, 53, 54, -1,
      49, 54, 15, -1,
      15, 54, 55, -1,
      15, 55, 13, -1,
      56, 57, 49, -1,
      49, 57, 58, -1,
      49, 58, 47, -1,
      59, 60, 61, -1,
      60, 62, 61, -1,
      61, 62, 63, -1,
      61, 63, 8, -1,
      8, 63, 64, -1,
      8, 64, 9, -1,
      9, 64, 65, -1,
      9, 65, 49, -1,
      49, 65, 66, -1,
      49, 66, 56, -1,
      67, 68, 69, -1,
      68, 70, 69, -1,
      69, 70, 71, -1,
      69, 71, 72, -1,
      73, 74, 75, -1,
      75, 74, 76, -1,
      77, 78, 79, -1,
      79, 78, 80, -1,
      81, 82, 79, -1,
      79, 82, 83, -1,
      84, 85, 74, -1,
      74, 85, 86, -1,
      74, 86, 87, -1,
      67, 88, 89, -1,
      90, 91, 92, -1,
      92, 91, 93, -1,
      94, 95, 96, -1,
      96, 95, 77, -1,
      80, 97, 79, -1,
      79, 97, 98, -1,
      79, 98, 81, -1,
      99, 100, 67, -1,
      67, 100, 101, -1,
      67, 101, 88, -1,
      102, 103, 104, -1,
      104, 103, 105, -1,
      104, 105, 106, -1,
      107, 87, 108, -1,
      108, 87, 109, -1,
      108, 109, 104, -1,
      104, 109, 110, -1,
      104, 110, 102, -1,
      111, 112, 113, -1,
      113, 112, 114, -1,
      113, 114, 92, -1,
      92, 114, 115, -1,
      92, 115, 90, -1,
      107, 116, 87, -1,
      87, 116, 117, -1,
      87, 117, 74, -1,
      74, 117, 118, -1,
      74, 118, 76, -1,
      89, 119, 67, -1,
      67, 119, 120, -1,
      67, 120, 121, -1,
      121, 120, 111, -1,
      121, 111, 122, -1,
      122, 111, 113, -1,
      93, 123, 92, -1,
      92, 123, 124, -1,
      92, 124, 125, -1,
      126, 127, 92, -1,
      92, 127, 128, -1,
      92, 128, 74, -1,
      74, 128, 129, -1,
      74, 129, 84, -1,
      125, 130, 92, -1,
      92, 130, 131, -1,
      92, 131, 132, -1,
      132, 133, 92, -1,
      92, 133, 134, -1,
      92, 134, 126, -1,
      135, 136, 137, -1,
      137, 87, 135, -1,
      135, 87, 86, -1,
      135, 86, 138, -1,
      138, 86, 139, -1,
      139, 140, 138, -1,
      138, 140, 141, -1,
      138, 141, 142, -1,
      143, 144, 145, -1,
      146, 147, 144, -1,
      147, 148, 144, -1,
      144, 148, 149, -1,
      144, 149, 150, -1,
      145, 151, 143, -1,
      143, 151, 152, -1,
      143, 152, 153, -1,
      136, 135, 143, -1,
      143, 135, 154, -1,
      143, 154, 144, -1,
      144, 154, 155, -1,
      144, 155, 146, -1,
      150, 156, 144, -1,
      144, 156, 157, -1,
      144, 157, 158, -1,
      158, 157, 159, -1,
      158, 159, 160, -1,
      160, 159, 161, -1,
      162, 163, 153, -1,
      153, 163, 164, -1,
      153, 164, 143, -1,
      17, 165, 19, -1,
      19, 165, 166, -1,
      19, 166, 96, -1,
      96, 166, 167, -1,
      96, 167, 94, -1,
      168, 169, 170, -1,
      170, 169, 171, -1,
      172, 173, 174, -1,
      174, 173, 175, -1,
      174, 175, 176, -1,
      176, 175, 168, -1,
      176, 168, 177, -1,
      178, 179, 180, -1,
      180, 179, 181, -1,
      180, 181, 182, -1,
      169, 183, 171, -1,
      171, 183, 184, -1,
      171, 184, 185, -1,
      185, 184, 186, -1,
      187, 188, 189, -1,
      190, 191, 192, -1,
      193, 194, 195, -1,
      187, 189, 192, -1,
      192, 189, 196, -1,
      192, 196, 190, -1,
      193, 195, 197, -1,
      191, 198, 192, -1,
      192, 198, 199, -1,
      192, 199, 193, -1,
      193, 199, 200, -1,
      193, 200, 194, -1,
      201, 202, 203, -1,
      203, 202, 204, -1,
      203, 204, 205, -1,
      205, 204, 206, -1,
      207, 208, 11, -1,
      11, 208, 209, -1,
      11, 209, 12, -1,
      210, 211, 12, -1,
      212, 213, 12, -1,
      195, 214, 197, -1,
      197, 214, 215, -1,
      197, 215, 216, -1,
      212, 12, 217, -1,
      216, 218, 197, -1,
      197, 218, 219, -1,
      197, 219, 220, -1,
      220, 219, 221, -1,
      220, 221, 210, -1,
      213, 222, 12, -1,
      12, 222, 223, -1,
      12, 223, 10, -1,
      224, 225, 211, -1,
      211, 225, 226, -1,
      211, 226, 12, -1,
      12, 226, 227, -1,
      12, 227, 217, -1,
      228, 229, 230, -1,
      230, 229, 231, -1,
      230, 231, 232, -1,
      230, 233, 228, -1,
      228, 233, 234, -1,
      228, 234, 235, -1,
      235, 236, 228, -1,
      228, 236, 237, -1,
      228, 237, 238, -1,
      238, 237, 239, -1,
      238, 239, 240, -1,
      240, 239, 241, -1,
      240, 241, 211, -1,
      211, 241, 242, -1,
      211, 242, 224, -1,
      243, 244, 232, -1,
      232, 244, 245, -1,
      232, 245, 230, -1,
      246, 247, 188, -1,
      188, 247, 248, -1,
      188, 248, 189, -1,
      246, 249, 247, -1,
      247, 249, 250, -1,
      247, 250, 251, -1,
      251, 250, 252, -1,
      251, 253, 254, -1,
      252, 255, 251, -1,
      251, 255, 256, -1,
      251, 256, 257, -1,
      257, 258, 251, -1,
      251, 258, 259, -1,
      251, 259, 253, -1,
      254, 260, 251, -1,
      251, 260, 261, -1,
      251, 261, 262, -1,
      263, 264, 265, -1,
      266, 267, 265, -1,
      265, 267, 268, -1,
      265, 268, 263, -1,
      264, 263, 269, -1,
      269, 263, 270, -1,
      269, 270, 271, -1,
      267, 272, 268, -1,
      268, 272, 273, -1,
      268, 273, 274, -1,
      274, 273, 275, -1,
      274, 275, 276, -1,
      276, 275, 277, -1,
      276, 277, 271, -1,
      271, 277, 278, -1,
      271, 278, 269, -1,
      279, 280, 281, -1,
      281, 280, 282, -1,
      283, 284, 280, -1,
      280, 284, 285, -1,
      280, 285, 282, -1,
      282, 285, 286, -1,
      287, 288, 289, -1,
      290, 291, 288, -1,
      288, 291, 279, -1,
      288, 279, 289, -1,
      289, 279, 292, -1,
      293, 294, 274, -1,
      295, 296, 276, -1,
      294, 297, 274, -1,
      274, 297, 298, -1,
      274, 298, 288, -1,
      288, 298, 299, -1,
      288, 299, 290, -1,
      295, 276, 300, -1,
      283, 301, 284, -1,
      284, 301, 302, -1,
      284, 302, 276, -1,
      276, 302, 303, -1,
      276, 303, 300, -1,
      296, 304, 276, -1,
      276, 304, 305, -1,
      276, 305, 274, -1,
      274, 305, 306, -1,
      274, 306, 293, -1,
      307, 308, 309, -1,
      309, 308, 310, -1,
      309, 310, 311, -1,
      310, 292, 311, -1,
      311, 292, 279, -1,
      311, 279, 312, -1,
      312, 279, 281, -1,
      312, 281, 313, -1,
      313, 281, 314, -1,
      313, 314, 315, -1,
      315, 314, 316, -1,
      286, 285, 317, -1,
      317, 285, 318, -1,
      317, 318, 319, -1,
      320, 321, 322, -1,
      322, 321, 323, -1,
      322, 323, 324, -1,
      324, 323, 325, -1,
      324, 325, 326, -1,
      326, 325, 327, -1,
      328, 329, 325, -1,
      325, 329, 330, -1,
      325, 330, 331, -1,
      332, 333, 334, -1,
      334, 333, 335, -1,
      336, 337, 338, -1,
      338, 337, 339, -1,
      338, 339, 340, -1,
      340, 339, 335, -1,
      340, 335, 341, -1,
      341, 335, 333, -1,
      331, 342, 325, -1,
      325, 342, 343, -1,
      325, 343, 327, -1,
      336, 338, 325, -1,
      325, 338, 344, -1,
      325, 344, 328, -1,
      345, 346, 347, -1,
      347, 346, 348, -1,
      347, 348, 349, -1,
      349, 348, 350, -1,
      351, 352, 353, -1,
      353, 352, 354, -1,
      353, 354, 355, -1,
      356, 357, 358, -1,
      358, 357, 359, -1,
      358, 359, 360, -1,
      361, 362, 363, -1,
      360, 364, 358, -1,
      358, 364, 365, -1,
      358, 365, 366, -1,
      363, 367, 361, -1,
      361, 367, 368, -1,
      361, 368, 369, -1,
      370, 371, 361, -1,
      361, 371, 372, -1,
      361, 372, 362, -1,
      373, 374, 375, -1,
      375, 374, 376, -1,
      375, 376, 377, -1,
      322, 378, 320, -1,
      320, 378, 379, -1,
      320, 379, 380, -1,
      380, 379, 381, -1,
      380, 381, 382, -1,
      383, 384, 385, -1,
      386, 79, 387, -1,
      385, 384, 387, -1,
      387, 384, 388, -1,
      387, 388, 386, -1,
      77, 79, 96, -1,
      96, 79, 386, -1,
      96, 386, 389, -1,
      390, 391, 392, -1,
      392, 391, 393, -1,
      392, 393, 374, -1,
      394, 395, 396, -1,
      396, 395, 393, -1,
      396, 393, 397, -1,
      397, 393, 391, -1,
      397, 391, 398, -1,
      398, 391, 399, -1,
      385, 400, 401, -1,
      393, 383, 374, -1,
      374, 383, 385, -1,
      374, 385, 402, -1,
      402, 385, 403, -1,
      404, 405, 406, -1,
      406, 405, 407, -1,
      401, 408, 385, -1,
      385, 408, 409, -1,
      385, 409, 410, -1,
      411, 412, 376, -1,
      410, 413, 385, -1,
      385, 413, 414, -1,
      385, 414, 415, -1,
      411, 376, 416, -1,
      412, 417, 376, -1,
      376, 417, 418, -1,
      376, 418, 419, -1,
      420, 421, 407, -1,
      407, 421, 422, -1,
      407, 422, 423, -1,
      415, 424, 385, -1,
      385, 424, 425, -1,
      385, 425, 403, -1,
      403, 425, 426, -1,
      403, 426, 427, -1,
      427, 428, 403, -1,
      403, 428, 429, -1,
      403, 429, 430, -1,
      430, 429, 431, -1,
      432, 433, 431, -1,
      431, 433, 434, -1,
      431, 434, 430, -1,
      402, 435, 374, -1,
      374, 435, 436, -1,
      374, 436, 376, -1,
      376, 436, 437, -1,
      376, 437, 416, -1,
      438, 439, 431, -1,
      431, 439, 440, -1,
      431, 440, 441, -1,
      441, 442, 431, -1,
      431, 442, 443, -1,
      431, 443, 432, -1,
      444, 445, 446, -1,
      446, 445, 447, -1,
      447, 445, 448, -1,
      447, 448, 449, -1,
      450, 451, 452, -1,
      451, 185, 452, -1,
      452, 185, 186, -1,
      452, 186, 453, -1,
      453, 186, 454, -1,
      453, 454, 455, -1,
      455, 454, 456, -1,
      455, 456, 182, -1,
      457, 458, 12, -1,
      12, 458, 459, -1,
      210, 12, 220, -1,
      220, 12, 459, -1,
      220, 459, 452, -1,
      452, 459, 460, -1,
      452, 460, 450, -1,
      450, 460, 461, -1,
      450, 461, 462, -1,
      463, 464, 461, -1,
      461, 464, 465, -1,
      461, 465, 462, -1,
      466, 467, 209, -1,
      209, 467, 468, -1,
      209, 468, 469, -1,
      469, 470, 209, -1,
      209, 470, 471, -1,
      209, 471, 12, -1,
      12, 471, 472, -1,
      12, 472, 473, -1,
      466, 474, 475, -1,
      473, 476, 12, -1,
      12, 476, 477, -1,
      12, 477, 478, -1,
      475, 479, 466, -1,
      466, 479, 480, -1,
      466, 480, 467, -1,
      478, 481, 12, -1,
      12, 481, 482, -1,
      12, 482, 457, -1,
      483, 484, 466, -1,
      466, 484, 485, -1,
      466, 485, 474, -1,
      5, 486, 487, -1,
      487, 486, 488, -1,
      487, 488, 489, -1,
      489, 488, 466, -1,
      489, 466, 490, -1,
      490, 466, 209, -1,
      490, 209, 491, -1,
      491, 209, 208, -1,
      491, 208, 492, -1,
      492, 208, 493, -1,
      492, 493, 494, -1,
      494, 493, 446, -1,
      494, 446, 495, -1,
      495, 446, 447, -1,
      495, 447, 496, -1,
      496, 447, 497, -1,
      496, 497, 61, -1,
      61, 497, 69, -1,
      61, 69, 59, -1,
      59, 69, 72, -1,
      449, 400, 447, -1,
      447, 400, 385, -1,
      447, 385, 497, -1,
      497, 385, 387, -1,
      497, 387, 69, -1,
      69, 387, 79, -1,
      69, 79, 67, -1,
      67, 79, 83, -1,
      67, 83, 99, -1,
      207, 206, 208, -1,
      208, 206, 204, -1,
      208, 204, 493, -1,
      493, 204, 202, -1,
      493, 202, 446, -1,
      446, 202, 406, -1,
      446, 406, 444, -1,
      444, 406, 407, -1,
      444, 407, 498, -1,
      498, 407, 423, -1,
      486, 170, 488, -1,
      488, 170, 171, -1,
      488, 171, 466, -1,
      466, 171, 185, -1,
      466, 185, 483, -1,
      483, 185, 451, -1,
      3, 4, 6, -1,
      6, 4, 499, -1,
      6, 499, 500, -1,
      201, 192, 202, -1,
      202, 192, 193, -1,
      202, 193, 406, -1,
      406, 193, 376, -1,
      406, 376, 404, -1,
      404, 376, 419, -1,
      181, 177, 182, -1,
      182, 177, 168, -1,
      182, 168, 455, -1,
      455, 168, 170, -1,
      455, 170, 501, -1,
      502, 503, 500, -1,
      500, 503, 504, -1,
      505, 506, 507, -1,
      507, 506, 508, -1,
      507, 508, 500, -1,
      500, 508, 509, -1,
      500, 509, 502, -1,
      504, 510, 500, -1,
      500, 510, 511, -1,
      500, 511, 512, -1,
      5, 6, 486, -1,
      486, 6, 500, -1,
      486, 500, 170, -1,
      170, 500, 512, -1,
      170, 512, 501, -1,
      501, 513, 455, -1,
      455, 513, 514, -1,
      455, 514, 507, -1,
      507, 514, 515, -1,
      507, 515, 516, -1,
      516, 517, 507, -1,
      507, 517, 518, -1,
      507, 518, 505, -1,
      519, 520, 521, -1,
      521, 520, 522, -1,
      523, 521, 499, -1,
      499, 521, 522, -1,
      499, 522, 500, -1,
      500, 522, 524, -1,
      500, 524, 507, -1,
      507, 524, 525, -1,
      507, 525, 526, -1,
      373, 356, 374, -1,
      374, 356, 358, -1,
      374, 358, 392, -1,
      392, 358, 527, -1,
      507, 263, 455, -1,
      455, 263, 268, -1,
      455, 268, 453, -1,
      453, 268, 274, -1,
      453, 274, 452, -1,
      452, 274, 288, -1,
      452, 288, 220, -1,
      220, 288, 287, -1,
      220, 287, 197, -1,
      197, 287, 528, -1,
      197, 528, 193, -1,
      193, 528, 320, -1,
      193, 320, 376, -1,
      376, 320, 380, -1,
      376, 380, 377, -1,
      377, 380, 382, -1,
      529, 530, 527, -1,
      527, 530, 531, -1,
      532, 533, 534, -1,
      534, 533, 18, -1,
      534, 18, 531, -1,
      531, 18, 19, -1,
      531, 19, 527, -1,
      527, 19, 96, -1,
      527, 96, 392, -1,
      392, 96, 389, -1,
      392, 389, 390, -1,
      366, 370, 358, -1,
      358, 370, 361, -1,
      358, 361, 527, -1,
      527, 361, 533, -1,
      527, 533, 529, -1,
      529, 533, 532, -1,
      529, 532, 535, -1,
      289, 536, 287, -1,
      287, 536, 319, -1,
      287, 319, 528, -1,
      528, 319, 318, -1,
      528, 318, 320, -1,
      320, 318, 346, -1,
      320, 346, 321, -1,
      321, 346, 345, -1,
      523, 499, 526, -1,
      526, 499, 537, -1,
      526, 537, 507, -1,
      507, 537, 538, -1,
      507, 538, 263, -1,
      263, 538, 539, -1,
      263, 539, 270, -1,
      0, 2, 4, -1,
      4, 2, 540, -1,
      4, 540, 499, -1,
      499, 540, 541, -1,
      499, 541, 537, -1,
      537, 541, 542, -1,
      537, 542, 538, -1,
      538, 542, 543, -1,
      538, 543, 539, -1,
      369, 355, 361, -1,
      361, 355, 354, -1,
      361, 354, 533, -1,
      533, 354, 544, -1,
      533, 544, 18, -1,
      18, 544, 29, -1,
      18, 29, 20, -1,
      20, 29, 31, -1,
      543, 545, 539, -1,
      539, 545, 546, -1,
      539, 546, 270, -1,
      270, 546, 547, -1,
      270, 547, 271, -1,
      271, 547, 548, -1,
      271, 548, 276, -1,
      276, 548, 549, -1,
      276, 549, 284, -1,
      284, 549, 550, -1,
      284, 550, 285, -1,
      285, 550, 551, -1,
      285, 551, 318, -1,
      318, 551, 552, -1,
      318, 552, 346, -1,
      346, 552, 553, -1,
      346, 553, 348, -1,
      348, 553, 352, -1,
      348, 352, 350, -1,
      350, 352, 351, -1,
      554, 555, 28, -1,
      28, 555, 556, -1,
      556, 557, 28, -1,
      28, 557, 558, -1,
      28, 558, 559, -1,
      560, 561, 562, -1,
      562, 561, 563, -1,
      562, 563, 564, -1,
      7, 9, 565, -1,
      565, 9, 49, -1,
      565, 49, 566, -1,
      566, 49, 15, -1,
      566, 15, 567, -1,
      567, 15, 43, -1,
      567, 43, 568, -1,
      568, 43, 34, -1,
      568, 34, 569, -1,
      569, 34, 28, -1,
      569, 28, 562, -1,
      562, 28, 559, -1,
      562, 559, 560, -1,
      570, 571, 572, -1,
      572, 571, 573, -1,
      572, 573, 574, -1,
      574, 575, 572, -1,
      572, 575, 576, -1,
      572, 576, 577, -1,
      577, 576, 578, -1,
      577, 578, 579, -1,
      579, 580, 577, -1,
      577, 580, 581, -1,
      577, 581, 582, -1,
      564, 583, 562, -1,
      562, 583, 584, -1,
      562, 584, 572, -1,
      572, 584, 585, -1,
      572, 585, 570, -1,
      545, 586, 546, -1,
      546, 586, 587, -1,
      546, 587, 547, -1,
      547, 587, 588, -1,
      547, 588, 548, -1,
      548, 588, 589, -1,
      548, 589, 549, -1,
      549, 589, 590, -1,
      549, 590, 550, -1,
      550, 590, 591, -1,
      550, 591, 551, -1,
      551, 591, 592, -1,
      551, 592, 552, -1,
      552, 592, 593, -1,
      552, 593, 553, -1,
      553, 593, 594, -1,
      553, 594, 352, -1,
      352, 594, 595, -1,
      352, 595, 354, -1,
      354, 595, 596, -1,
      354, 596, 544, -1,
      544, 596, 597, -1,
      544, 597, 29, -1,
      29, 597, 598, -1,
      29, 598, 28, -1,
      28, 598, 577, -1,
      28, 577, 554, -1,
      554, 577, 582, -1,
      586, 1, 599, -1,
      599, 1, 600, -1,
      572, 586, 601, -1,
      601, 586, 599, -1,
      7, 572, 602, -1,
      602, 572, 601, -1,
      1, 7, 600, -1,
      600, 7, 602, -1,
      602, 601, 600, -1,
      600, 601, 599, -1,
    ]
  }
}

Shape {
  appearance Appearance {
    material Material {
      diffuseColor 0.6667 0.6667 0.6667
      specularColor 0.3333 0.3333 0.3333
      ambientIntensity 0.2
      transparency 0.0000
      shininess 0.5
    }
  }
  geometry IndexedFaceSet {
    ccw TRUE
    solid FALSE
    coord DEF co Coordinate {
      point [
        -0.334646 0.393701 0.362205,
        -0.336658 0.378416 0.362205,
        -0.342557 0.364173 0.362205,
        -0.351943 0.351943 0.362205,
        -0.364173 0.342557 0.362205,
        -0.378416 0.336658 0.362205,
        -0.393701 0.334646 0.362205,
        -0.408985 0.336658 0.362205,
        -0.423228 0.342557 0.362205,
        -0.435459 0.351943 0.362205,
        -0.450744 0.408985 0.362205,
        -0.444844 0.423228 0.362205,
        -0.435459 0.435459 0.362205,
        -0.423228 0.444844 0.362205,
        -0.408985 0.450744 0.362205,
        -0.393701 0.452756 0.362205,
        -0.378416 0.450744 0.362205,
        -0.364173 0.444844 0.362205,
        -0.351943 0.435459 0.362205,
        -0.342557 0.423228 0.362205,
        -0.336658 0.408985 0.362205,
        -0.444844 0.364173 0.362205,
        -0.450744 0.378416 0.362205,
        -0.452756 0.393701 0.362205,
        -0.334646 0.393701 0.358268,
        -0.336658 0.408985 0.358268,
        -0.342557 0.423228 0.358268,
        -0.351943 0.435459 0.358268,
        -0.364173 0.444844 0.358268,
        -0.378416 0.450744 0.358268,
        -0.393701 0.452756 0.358268,
        -0.408985 0.450744 0.358268,
        -0.423228 0.444844 0.358268,
        -0.435459 0.435459 0.358268,
        -0.444844 0.423228 0.358268,
        -0.450744 0.408985 0.358268,
        -0.452756 0.393701 0.358268,
        -0.450744 0.378416 0.358268,
        -0.444844 0.364173 0.358268,
        -0.435459 0.351943 0.358268,
        -0.423228 0.342557 0.358268,
        -0.408985 0.336658 0.358268,
        -0.393701 0.334646 0.358268,
        -0.378416 0.336658 0.358268,
        -0.364173 0.342557 0.358268,
        -0.351943 0.351943 0.358268,
        -0.342557 0.364173 0.358268,
        -0.336658 0.378416 0.358268,
        -0.393701 0.393701 0.358268,
      ]
    }
    coordIndex [
      24, 0, 25, -1,
      25, 0, 20, -1,
      25, 20, 26, -1,
      26, 20, 19, -1,
      26, 19, 27, -1,
      27, 19, 18, -1,
      27, 18, 28, -1,
      28, 18, 17, -1,
      28, 17, 29, -1,
      29, 17, 16, -1,
      29, 16, 30, -1,
      30, 16, 15, -1,
      30, 15, 31, -1,
      31, 15, 14, -1,
      31, 14, 32, -1,
      32, 14, 13, -1,
      32, 13, 33, -1,
      33, 13, 12, -1,
      33, 12, 34, -1,
      34, 12, 11, -1,
      34, 11, 35, -1,
      35, 11, 10, -1,
      35, 10, 36, -1,
      36, 10, 23, -1,
      36, 23, 37, -1,
      37, 23, 22, -1,
      37, 22, 38, -1,
      38, 22, 21, -1,
      38, 21, 39, -1,
      39, 21, 9, -1,
      39, 9, 40, -1,
      40, 9, 8, -1,
      40, 8, 41, -1,
      41, 8, 7, -1,
      41, 7, 42, -1,
      42, 7, 6, -1,
      42, 6, 43, -1,
      43, 6, 5, -1,
      43, 5, 44, -1,
      44, 5, 4, -1,
      44, 4, 45, -1,
      45, 4, 3, -1,
      45, 3, 46, -1,
      46, 3, 2, -1,
      46, 2, 47, -1,
      47, 2, 1, -1,
      47, 1, 24, -1,
      24, 1, 0, -1,
      46, 47, 48, -1,
      48, 47, 24, -1,
      48, 24, 25, -1,
      43, 44, 48, -1,
      48, 44, 45, -1,
      48, 45, 46, -1,
      40, 41, 48, -1,
      48, 41, 42, -1,
      48, 42, 43, -1,
      37, 38, 48, -1,
      48, 38, 39, -1,
      48, 39, 40, -1,
      34, 35, 48, -1,
      48, 35, 36, -1,
      48, 36, 37, -1,
      31, 32, 48, -1,
      48, 32, 33, -1,
      48, 33, 34, -1,
      28, 29, 48, -1,
      48, 29, 30, -1,
      48, 30, 31, -1,
      25, 26, 48, -1,
      48, 26, 27, -1,
      48, 27, 28, -1,
    ]
  }
}

Shape {
  appearance Appearance {
    material Material {
      diffuseColor 1.0000 1.0000 1.0000
      specularColor 0.5020 0.5020 0.5020
      ambientIntensity 0.2
      transparency 0.0000
      shininess 0.5
    }
  }
  geometry IndexedFaceSet {
    ccw TRUE
    solid FALSE
    coord DEF co Coordinate {
      point [
        0.413713 -0.437244 0.362205,
        0.413713 -0.397209 0.362205,
        0.405239 -0.401815 0.362205,
        0.405239 -0.397209 0.362205,
        0.425134 -0.397209 0.362205,
        0.400598 -0.397209 0.362205,
        0.406150 -0.437244 0.362205,
        0.431590 -0.436399 0.362205,
        0.424724 -0.437244 0.362205,
        0.406150 -0.432680 0.362205,
        0.445221 -0.423941 0.362205,
        0.443252 -0.428083 0.362205,
        0.441650 -0.403857 0.362205,
        0.444136 -0.407337 0.362205,
        0.440270 -0.431636 0.362205,
        0.436141 -0.434606 0.362205,
        0.432052 -0.436217 0.362205,
        0.440270 -0.402510 0.362205,
        0.431244 -0.397883 0.362205,
        0.432052 -0.398179 0.362205,
        0.436076 -0.399648 0.362205,
        0.445627 -0.411146 0.362205,
        0.446308 -0.416715 0.362205,
        0.446189 -0.419252 0.362205,
        0.389786 -0.419212 0.362205,
        0.389786 -0.432680 0.362205,
        0.400598 -0.419212 0.362205,
        0.400598 -0.432680 0.362205,
        0.404104 -0.419212 0.362205,
        0.404104 -0.414627 0.362205,
        0.400598 -0.414627 0.362205,
        0.400598 -0.401815 0.362205,
        0.389786 -0.414627 0.362205,
        0.389786 -0.401815 0.362205,
        0.384618 -0.397209 0.362205,
        0.384618 -0.437244 0.362205,
        0.376605 -0.403574 0.362205,
        0.376605 -0.430633 0.362205,
        0.376159 -0.403334 0.362205,
        0.374896 -0.431401 0.362205,
        0.374896 -0.402853 0.362205,
        0.372681 -0.432397 0.362205,
        0.368156 -0.433243 0.362205,
        0.354033 -0.426388 0.362205,
        0.355984 -0.429098 0.362205,
        0.356762 -0.429868 0.362205,
        0.359375 -0.431720 0.362205,
        0.356260 -0.405642 0.362205,
        0.354085 -0.408664 0.362205,
        0.358990 -0.403389 0.362205,
        0.362138 -0.401932 0.362205,
        0.372098 -0.401789 0.362205,
        0.367169 -0.401200 0.362205,
        0.352098 -0.419154 0.362205,
        0.365622 -0.401262 0.362205,
        0.352054 -0.417677 0.362205,
        0.352733 -0.412105 0.362205,
        0.362225 -0.432824 0.362205,
        0.366269 -0.433314 0.362205,
        0.352739 -0.423160 0.362205,
        0.376605 -0.398171 0.362205,
        0.374896 -0.397674 0.362205,
        0.372429 -0.396957 0.362205,
        0.371366 -0.396872 0.362205,
        0.367201 -0.396534 0.362205,
        0.367118 -0.396534 0.362205,
        0.364365 -0.396872 0.362205,
        0.362020 -0.437581 0.362205,
        0.358770 -0.436913 0.362205,
        0.354991 -0.435132 0.362205,
        0.351768 -0.432454 0.362205,
        0.349508 -0.406223 0.362205,
        0.352412 -0.402428 0.362205,
        0.351137 -0.431748 0.362205,
        0.348831 -0.428257 0.362205,
        0.347284 -0.423961 0.362205,
        0.353364 -0.401518 0.362205,
        0.357106 -0.398883 0.362205,
        0.361282 -0.397250 0.362205,
        0.346630 -0.417984 0.362205,
        0.346700 -0.415898 0.362205,
        0.347607 -0.410670 0.362205,
        0.363109 -0.437806 0.362205,
        0.365522 -0.437919 0.362205,
        0.369054 -0.437581 0.362205,
        0.376605 -0.435586 0.362205,
        0.375922 -0.435926 0.362205,
        0.374896 -0.436263 0.362205,
        0.371624 -0.437336 0.362205,
        0.344993 -0.432680 0.362205,
        0.344993 -0.437244 0.362205,
        0.323880 -0.437244 0.362205,
        0.329048 -0.397209 0.362205,
        0.323880 -0.397209 0.362205,
        0.329048 -0.432680 0.362205,
        0.400598 -0.437244 0.362205,
        0.344993 -0.432680 0.362598,
        0.344993 -0.437244 0.362598,
        0.329048 -0.432680 0.362598,
        0.329048 -0.397209 0.362598,
        0.323880 -0.397209 0.362598,
        0.323880 -0.437244 0.362598,
        0.375922 -0.435926 0.362598,
        0.371624 -0.437336 0.362598,
        0.365522 -0.437919 0.362598,
        0.376605 -0.435586 0.362598,
        0.376605 -0.430633 0.362598,
        0.372681 -0.432397 0.362598,
        0.368156 -0.433243 0.362598,
        0.366269 -0.433314 0.362598,
        0.362225 -0.432824 0.362598,
        0.359375 -0.431720 0.362598,
        0.356762 -0.429868 0.362598,
        0.355984 -0.429098 0.362598,
        0.354033 -0.426388 0.362598,
        0.352739 -0.423160 0.362598,
        0.352098 -0.419154 0.362598,
        0.352054 -0.417677 0.362598,
        0.352733 -0.412105 0.362598,
        0.354085 -0.408664 0.362598,
        0.356260 -0.405642 0.362598,
        0.358990 -0.403389 0.362598,
        0.362138 -0.401932 0.362598,
        0.365622 -0.401262 0.362598,
        0.367169 -0.401200 0.362598,
        0.376605 -0.403574 0.362598,
        0.376159 -0.403334 0.362598,
        0.372098 -0.401789 0.362598,
        0.376605 -0.398171 0.362598,
        0.367118 -0.396534 0.362598,
        0.367201 -0.396534 0.362598,
        0.372429 -0.396957 0.362598,
        0.361282 -0.397250 0.362598,
        0.357106 -0.398883 0.362598,
        0.353364 -0.401518 0.362598,
        0.352412 -0.402428 0.362598,
        0.349508 -0.406223 0.362598,
        0.347607 -0.410670 0.362598,
        0.346700 -0.415898 0.362598,
        0.346630 -0.417984 0.362598,
        0.347284 -0.423961 0.362598,
        0.348831 -0.428257 0.362598,
        0.351137 -0.431748 0.362598,
        0.351768 -0.432454 0.362598,
        0.354991 -0.435132 0.362598,
        0.363109 -0.437806 0.362598,
        0.358770 -0.436913 0.362598,
        0.406150 -0.432680 0.362598,
        0.406150 -0.437244 0.362598,
        0.389786 -0.432680 0.362598,
        0.389786 -0.419212 0.362598,
        0.404104 -0.419212 0.362598,
        0.404104 -0.414627 0.362598,
        0.389786 -0.414627 0.362598,
        0.389786 -0.401815 0.362598,
        0.405239 -0.401815 0.362598,
        0.405239 -0.397209 0.362598,
        0.384618 -0.397209 0.362598,
        0.384618 -0.437244 0.362598,
        0.438589 -0.426031 0.362598,
        0.436596 -0.428504 0.362598,
        0.440270 -0.431636 0.362598,
        0.435859 -0.429173 0.362598,
        0.436141 -0.434606 0.362598,
        0.433207 -0.430910 0.362598,
        0.431590 -0.436399 0.362598,
        0.429783 -0.432131 0.362598,
        0.424724 -0.437244 0.362598,
        0.424694 -0.432680 0.362598,
        0.413713 -0.437244 0.362598,
        0.418881 -0.432680 0.362598,
        0.413713 -0.397209 0.362598,
        0.418881 -0.401815 0.362598,
        0.425134 -0.397209 0.362598,
        0.424929 -0.401815 0.362598,
        0.431244 -0.397883 0.362598,
        0.430083 -0.402383 0.362598,
        0.436076 -0.399648 0.362598,
        0.433556 -0.403635 0.362598,
        0.440270 -0.402510 0.362598,
        0.436483 -0.405580 0.362598,
        0.441650 -0.403857 0.362598,
        0.437798 -0.406911 0.362598,
        0.444136 -0.407337 0.362598,
        0.439301 -0.409215 0.362598,
        0.445627 -0.411146 0.362598,
        0.440379 -0.412246 0.362598,
        0.446308 -0.416715 0.362598,
        0.440874 -0.416858 0.362598,
        0.446189 -0.419252 0.362598,
        0.440742 -0.419388 0.362598,
        0.445221 -0.423941 0.362598,
        0.439966 -0.423057 0.362598,
        0.443252 -0.428083 0.362598,
        0.424929 -0.401815 0.362205,
        0.418881 -0.401815 0.362205,
        0.418881 -0.432680 0.362205,
        0.424694 -0.432680 0.362205,
        0.436596 -0.428504 0.362205,
        0.435859 -0.429173 0.362205,
        0.433207 -0.430910 0.362205,
        0.429783 -0.432131 0.362205,
        0.440874 -0.416858 0.362205,
        0.440742 -0.419388 0.362205,
        0.439966 -0.423057 0.362205,
        0.438589 -0.426031 0.362205,
        0.436483 -0.405580 0.362205,
        0.437798 -0.406911 0.362205,
        0.439301 -0.409215 0.362205,
        0.440379 -0.412246 0.362205,
        0.430083 -0.402383 0.362205,
        0.433556 -0.403635 0.362205,
      ]
    }
    coordIndex [
      96, 97, 89, -1,
      89, 97, 90, -1,
      98, 96, 94, -1,
      94, 96, 89, -1,
      99, 98, 92, -1,
      92, 98, 94, -1,
      100, 99, 93, -1,
      93, 99, 92, -1,
      101, 100, 91, -1,
      91, 100, 93, -1,
      97, 101, 90, -1,
      90, 101, 91, -1,
      99, 100, 98, -1,
      98, 100, 101, -1,
      98, 101, 96, -1,
      96, 101, 97, -1,
      87, 102, 88, -1,
      88, 102, 103, -1,
      88, 103, 84, -1,
      84, 103, 104, -1,
      84, 104, 83, -1,
      87, 86, 102, -1,
      102, 86, 85, -1,
      102, 85, 105, -1,
      106, 105, 37, -1,
      37, 105, 85, -1,
      106, 37, 39, -1,
      106, 39, 107, -1,
      39, 41, 107, -1,
      107, 41, 42, -1,
      107, 42, 108, -1,
      108, 42, 58, -1,
      108, 58, 109, -1,
      109, 58, 57, -1,
      109, 57, 110, -1,
      110, 57, 46, -1,
      110, 46, 111, -1,
      111, 46, 45, -1,
      111, 45, 112, -1,
      112, 45, 44, -1,
      112, 44, 113, -1,
      113, 44, 43, -1,
      113, 43, 114, -1,
      114, 43, 59, -1,
      114, 59, 115, -1,
      115, 59, 53, -1,
      115, 53, 116, -1,
      116, 53, 55, -1,
      116, 55, 117, -1,
      117, 55, 56, -1,
      117, 56, 118, -1,
      118, 56, 48, -1,
      118, 48, 119, -1,
      119, 48, 47, -1,
      119, 47, 120, -1,
      120, 47, 49, -1,
      120, 49, 121, -1,
      121, 49, 50, -1,
      121, 50, 122, -1,
      122, 50, 54, -1,
      122, 54, 123, -1,
      123, 54, 52, -1,
      123, 52, 124, -1,
      36, 125, 126, -1,
      124, 52, 51, -1,
      124, 51, 127, -1,
      127, 51, 40, -1,
      127, 40, 126, -1,
      126, 40, 38, -1,
      126, 38, 36, -1,
      128, 125, 60, -1,
      60, 125, 36, -1,
      65, 129, 130, -1,
      128, 60, 61, -1,
      128, 61, 131, -1,
      61, 62, 131, -1,
      131, 62, 63, -1,
      131, 63, 130, -1,
      130, 63, 64, -1,
      130, 64, 65, -1,
      129, 65, 66, -1,
      129, 66, 132, -1,
      66, 78, 132, -1,
      132, 78, 77, -1,
      132, 77, 133, -1,
      133, 77, 76, -1,
      133, 76, 134, -1,
      134, 76, 72, -1,
      134, 72, 135, -1,
      135, 72, 71, -1,
      135, 71, 136, -1,
      136, 71, 81, -1,
      136, 81, 137, -1,
      137, 81, 80, -1,
      137, 80, 138, -1,
      138, 80, 79, -1,
      138, 79, 139, -1,
      139, 79, 75, -1,
      139, 75, 140, -1,
      140, 75, 74, -1,
      140, 74, 141, -1,
      141, 74, 73, -1,
      141, 73, 142, -1,
      142, 73, 70, -1,
      142, 70, 143, -1,
      68, 144, 69, -1,
      69, 144, 143, -1,
      69, 143, 70, -1,
      67, 145, 68, -1,
      68, 145, 146, -1,
      68, 146, 144, -1,
      67, 82, 145, -1,
      145, 82, 83, -1,
      145, 83, 104, -1,
      126, 125, 128, -1,
      121, 134, 120, -1,
      120, 134, 135, -1,
      120, 135, 119, -1,
      119, 135, 136, -1,
      119, 136, 118, -1,
      126, 128, 127, -1,
      127, 128, 131, -1,
      127, 131, 124, -1,
      124, 131, 130, -1,
      124, 130, 123, -1,
      123, 130, 129, -1,
      123, 129, 122, -1,
      122, 129, 132, -1,
      122, 132, 121, -1,
      121, 132, 133, -1,
      121, 133, 134, -1,
      105, 106, 102, -1,
      102, 106, 107, -1,
      102, 107, 103, -1,
      103, 107, 108, -1,
      103, 108, 104, -1,
      104, 108, 109, -1,
      104, 109, 145, -1,
      145, 109, 110, -1,
      145, 110, 146, -1,
      146, 110, 111, -1,
      146, 111, 144, -1,
      144, 111, 112, -1,
      144, 112, 143, -1,
      143, 112, 113, -1,
      143, 113, 142, -1,
      142, 113, 114, -1,
      142, 114, 141, -1,
      139, 117, 138, -1,
      138, 117, 118, -1,
      138, 118, 137, -1,
      137, 118, 136, -1,
      141, 114, 140, -1,
      140, 114, 115, -1,
      140, 115, 139, -1,
      139, 115, 116, -1,
      139, 116, 117, -1,
      147, 148, 9, -1,
      9, 148, 6, -1,
      25, 149, 27, -1,
      27, 149, 147, -1,
      27, 147, 9, -1,
      150, 149, 24, -1,
      24, 149, 25, -1,
      28, 151, 26, -1,
      26, 151, 150, -1,
      26, 150, 24, -1,
      152, 151, 29, -1,
      29, 151, 28, -1,
      32, 153, 30, -1,
      30, 153, 152, -1,
      30, 152, 29, -1,
      154, 153, 33, -1,
      33, 153, 32, -1,
      2, 155, 31, -1,
      31, 155, 154, -1,
      31, 154, 33, -1,
      156, 155, 3, -1,
      3, 155, 2, -1,
      34, 157, 5, -1,
      5, 157, 156, -1,
      5, 156, 3, -1,
      158, 157, 35, -1,
      35, 157, 34, -1,
      6, 148, 95, -1,
      95, 148, 158, -1,
      95, 158, 35, -1,
      158, 148, 147, -1,
      147, 149, 158, -1,
      158, 149, 150, -1,
      158, 150, 157, -1,
      155, 156, 154, -1,
      154, 156, 157, -1,
      154, 157, 153, -1,
      153, 157, 150, -1,
      153, 150, 152, -1,
      152, 150, 151, -1,
      159, 160, 161, -1,
      161, 160, 162, -1,
      161, 162, 163, -1,
      163, 162, 164, -1,
      163, 164, 165, -1,
      165, 164, 166, -1,
      165, 166, 167, -1,
      167, 166, 168, -1,
      167, 168, 169, -1,
      169, 168, 170, -1,
      169, 170, 171, -1,
      171, 170, 172, -1,
      171, 172, 173, -1,
      173, 172, 174, -1,
      173, 174, 175, -1,
      175, 174, 176, -1,
      175, 176, 177, -1,
      177, 176, 178, -1,
      177, 178, 179, -1,
      179, 178, 180, -1,
      179, 180, 181, -1,
      181, 180, 182, -1,
      181, 182, 183, -1,
      183, 182, 184, -1,
      183, 184, 185, -1,
      185, 184, 186, -1,
      185, 186, 187, -1,
      187, 186, 188, -1,
      187, 188, 189, -1,
      189, 188, 190, -1,
      189, 190, 191, -1,
      191, 190, 192, -1,
      191, 192, 193, -1,
      193, 192, 159, -1,
      193, 159, 161, -1,
      167, 169, 8, -1,
      8, 169, 0, -1,
      14, 161, 163, -1,
      167, 8, 7, -1,
      167, 7, 165, -1,
      165, 7, 16, -1,
      165, 16, 163, -1,
      163, 16, 15, -1,
      163, 15, 14, -1,
      161, 14, 11, -1,
      161, 11, 193, -1,
      193, 11, 10, -1,
      193, 10, 191, -1,
      191, 10, 23, -1,
      191, 23, 189, -1,
      189, 23, 22, -1,
      189, 22, 187, -1,
      187, 22, 21, -1,
      187, 21, 185, -1,
      185, 21, 13, -1,
      185, 13, 183, -1,
      183, 13, 12, -1,
      183, 12, 181, -1,
      181, 12, 17, -1,
      181, 17, 179, -1,
      179, 17, 20, -1,
      19, 175, 20, -1,
      20, 175, 177, -1,
      20, 177, 179, -1,
      19, 18, 175, -1,
      175, 18, 4, -1,
      175, 4, 173, -1,
      171, 173, 1, -1,
      1, 173, 4, -1,
      169, 171, 0, -1,
      0, 171, 1, -1,
      174, 172, 194, -1,
      194, 172, 195, -1,
      172, 170, 195, -1,
      195, 170, 196, -1,
      170, 168, 196, -1,
      196, 168, 197, -1,
      160, 198, 199, -1,
      160, 199, 162, -1,
      162, 199, 200, -1,
      162, 200, 164, -1,
      164, 200, 201, -1,
      164, 201, 166, -1,
      166, 201, 197, -1,
      166, 197, 168, -1,
      188, 202, 203, -1,
      188, 203, 190, -1,
      190, 203, 204, -1,
      190, 204, 192, -1,
      192, 204, 205, -1,
      192, 205, 159, -1,
      159, 205, 198, -1,
      159, 198, 160, -1,
      180, 206, 207, -1,
      180, 207, 182, -1,
      182, 207, 208, -1,
      182, 208, 184, -1,
      184, 208, 209, -1,
      184, 209, 186, -1,
      186, 209, 202, -1,
      186, 202, 188, -1,
      174, 194, 210, -1,
      174, 210, 176, -1,
      176, 210, 211, -1,
      176, 211, 178, -1,
      178, 211, 206, -1,
      178, 206, 180, -1,
    ]
  }
}

Shape {
  appearance Appearance {
    material Material {
      diffuseColor 0.2510 0.2510 0.2510
      specularColor 0.1255 0.1255 0.1255
      ambientIntensity 0.2
      transparency 0.0000
      shininess 0.5
    }
  }
  geometry IndexedFaceSet {
    ccw TRUE
    solid FALSE
    coord DEF co Coordinate {
      point [
        0.424929 -0.401815 0.362205,
        0.418881 -0.401815 0.362205,
        0.418881 -0.432680 0.362205,
        0.424694 -0.432680 0.362205,
        0.436596 -0.428504 0.362205,
        0.435859 -0.429173 0.362205,
        0.433207 -0.430910 0.362205,
        0.429783 -0.432131 0.362205,
        0.440874 -0.416858 0.362205,
        0.440742 -0.419388 0.362205,
        0.439966 -0.423057 0.362205,
        0.438589 -0.426031 0.362205,
        0.436483 -0.405580 0.362205,
        0.437798 -0.406911 0.362205,
        0.439301 -0.409215 0.362205,
        0.440379 -0.412246 0.362205,
        0.430083 -0.402383 0.362205,
        0.433556 -0.403635 0.362205,
      ]
    }
    coordIndex [
      1, 2, 0, -1,
      0, 2, 3, -1,
      0, 3, 7, -1,
      7, 6, 0, -1,
      0, 6, 5, -1,
      0, 5, 4, -1,
      4, 11, 0, -1,
      0, 11, 10, -1,
      0, 10, 9, -1,
      9, 8, 0, -1,
      0, 8, 15, -1,
      0, 15, 14, -1,
      14, 13, 0, -1,
      0, 13, 12, -1,
      0, 12, 16, -1,
      16, 12, 17, -1,
    ]
  }
}

Shape {
  appearance Appearance {
    material Material {
      diffuseColor 1.0000 1.0000 1.0000
      specularColor 0.5020 0.5020 0.5020
      ambientIntensity 0.2
      transparency 0.0000
      shininess 0.5
    }
  }
  geometry IndexedFaceSet {
    ccw TRUE
    solid FALSE
    coord DEF co Coordinate {
      point [
        0.484552 -0.437244 0.362205,
        0.478841 -0.437244 0.362205,
        0.474758 -0.426294 0.362205,
        0.460067 -0.426294 0.362205,
        0.469303 -0.397209 0.362205,
        0.458087 -0.426294 0.362205,
        0.454239 -0.437244 0.362205,
        0.448528 -0.437244 0.362205,
        0.460067 -0.406949 0.362205,
        0.463777 -0.397209 0.362205,
        0.459724 -0.421770 0.362598,
        0.458087 -0.426294 0.362598,
        0.473161 -0.421770 0.362598,
        0.474758 -0.426294 0.362598,
        0.465711 -0.405130 0.362598,
        0.463777 -0.397209 0.362598,
        0.448528 -0.437244 0.362598,
        0.454239 -0.437244 0.362598,
        0.466058 -0.403935 0.362598,
        0.466366 -0.402326 0.362598,
        0.469303 -0.397209 0.362598,
        0.466489 -0.402326 0.362598,
        0.466813 -0.404020 0.362598,
        0.467113 -0.405130 0.362598,
        0.484552 -0.437244 0.362598,
        0.478841 -0.437244 0.362598,
        0.459724 -0.421770 0.362205,
        0.473161 -0.421770 0.362205,
        0.467113 -0.405130 0.362205,
        0.466489 -0.402326 0.362205,
        0.466813 -0.404020 0.362205,
        0.466366 -0.402326 0.362205,
        0.465711 -0.405130 0.362205,
        0.466058 -0.403935 0.362205,
      ]
    }
    coordIndex [
      10, 11, 12, -1,
      12, 11, 13, -1,
      14, 15, 10, -1,
      10, 15, 16, -1,
      10, 16, 11, -1,
      11, 16, 17, -1,
      14, 18, 15, -1,
      15, 18, 19, -1,
      15, 19, 20, -1,
      20, 19, 21, -1,
      20, 21, 22, -1,
      22, 23, 20, -1,
      20, 23, 12, -1,
      20, 12, 24, -1,
      24, 12, 13, -1,
      24, 13, 25, -1,
      20, 24, 4, -1,
      4, 24, 0, -1,
      15, 20, 9, -1,
      9, 20, 4, -1,
      7, 16, 8, -1,
      8, 16, 15, -1,
      8, 15, 9, -1,
      17, 16, 6, -1,
      6, 16, 7, -1,
      11, 17, 5, -1,
      5, 17, 6, -1,
      2, 13, 3, -1,
      3, 13, 11, -1,
      3, 11, 5, -1,
      25, 13, 1, -1,
      1, 13, 2, -1,
      24, 25, 0, -1,
      0, 25, 1, -1,
      10, 12, 26, -1,
      26, 12, 27, -1,
      12, 23, 27, -1,
      27, 23, 28, -1,
      21, 29, 30, -1,
      21, 30, 22, -1,
      22, 30, 28, -1,
      22, 28, 23, -1,
      21, 19, 29, -1,
      29, 19, 31, -1,
      14, 32, 33, -1,
      14, 33, 18, -1,
      18, 33, 31, -1,
      18, 31, 19, -1,
      14, 10, 32, -1,
      32, 10, 26, -1,
    ]
  }
}

Shape {
  appearance Appearance {
    material Material {
      diffuseColor 0.2510 0.2510 0.2510
      specularColor 0.1255 0.1255 0.1255
      ambientIntensity 0.2
      transparency 0.0000
      shininess 0.5
    }
  }
  geometry IndexedFaceSet {
    ccw TRUE
    solid FALSE
    coord DEF co Coordinate {
      point [
        0.459724 -0.421770 0.362205,
        0.473161 -0.421770 0.362205,
        0.467113 -0.405130 0.362205,
        0.466489 -0.402326 0.362205,
        0.466813 -0.404020 0.362205,
        0.466366 -0.402326 0.362205,
        0.465711 -0.405130 0.362205,
        0.466058 -0.403935 0.362205,
      ]
    }
    coordIndex [
      3, 5, 4, -1,
      4, 5, 7, -1,
      4, 7, 2, -1,
      2, 7, 6, -1,
      2, 6, 1, -1,
      1, 6, 0, -1,
    ]
  }
}

Shape {
  appearance Appearance {
    material Material {
      diffuseColor 1.0000 1.0000 1.0000
      specularColor 0.5020 0.5020 0.5020
      ambientIntensity 0.2
      transparency 0.0000
      shininess 0.5
    }
  }
  geometry IndexedFaceSet {
    ccw TRUE
    solid FALSE
    coord DEF co Coordinate {
      point [
        0.345412 -0.496191 0.362205,
        0.345412 -0.500755 0.362205,
        0.323880 -0.500755 0.362205,
        0.345202 -0.500755 0.362205,
        0.323880 -0.460720 0.362205,
        0.344502 -0.460720 0.362205,
        0.344502 -0.465326 0.362205,
        0.345202 -0.496191 0.362205,
        0.329048 -0.482723 0.362205,
        0.329048 -0.496191 0.362205,
        0.343366 -0.482723 0.362205,
        0.343366 -0.478139 0.362205,
        0.329048 -0.478139 0.362205,
        0.329048 -0.465326 0.362205,
        0.356417 -0.501093 0.362205,
        0.356189 -0.501059 0.362205,
        0.353006 -0.474168 0.362205,
        0.353006 -0.479039 0.362205,
        0.373187 -0.482355 0.362205,
        0.373187 -0.500755 0.362205,
        0.368172 -0.500755 0.362205,
        0.354282 -0.500318 0.362205,
        0.352668 -0.499179 0.362205,
        0.352119 -0.498623 0.362205,
        0.367946 -0.472404 0.362205,
        0.369619 -0.473350 0.362205,
        0.351074 -0.497087 0.362205,
        0.350464 -0.495395 0.362205,
        0.350212 -0.493100 0.362205,
        0.365819 -0.471769 0.362205,
        0.370962 -0.474620 0.362205,
        0.371993 -0.476230 0.362205,
        0.372784 -0.478491 0.362205,
        0.368172 -0.496334 0.362205,
        0.368039 -0.496334 0.362205,
        0.367204 -0.497595 0.362205,
        0.365613 -0.499281 0.362205,
        0.350226 -0.492507 0.362205,
        0.350543 -0.490340 0.362205,
        0.351229 -0.488570 0.362205,
        0.352229 -0.487133 0.362205,
        0.353763 -0.485800 0.362205,
        0.355896 -0.484705 0.362205,
        0.356484 -0.476856 0.362205,
        0.359699 -0.483767 0.362205,
        0.364107 -0.475765 0.362205,
        0.362380 -0.475580 0.362205,
        0.359626 -0.475843 0.362205,
        0.354008 -0.473585 0.362205,
        0.357731 -0.472133 0.362205,
        0.362851 -0.471507 0.362205,
        0.368172 -0.482580 0.362205,
        0.368005 -0.480403 0.362205,
        0.367490 -0.478601 0.362205,
        0.366904 -0.477562 0.362205,
        0.366149 -0.476752 0.362205,
        0.365263 -0.476174 0.362205,
        0.361965 -0.501093 0.362205,
        0.361719 -0.501178 0.362205,
        0.359279 -0.501431 0.362205,
        0.358562 -0.501413 0.362205,
        0.363777 -0.500469 0.362205,
        0.345412 -0.496191 0.362598,
        0.345412 -0.500755 0.362598,
        0.329048 -0.496191 0.362598,
        0.329048 -0.482723 0.362598,
        0.343366 -0.482723 0.362598,
        0.343366 -0.478139 0.362598,
        0.329048 -0.478139 0.362598,
        0.329048 -0.465326 0.362598,
        0.344502 -0.465326 0.362598,
        0.344502 -0.460720 0.362598,
        0.323880 -0.460720 0.362598,
        0.323880 -0.500755 0.362598,
        0.361480 -0.487308 0.362598,
        0.368172 -0.486407 0.362598,
        0.373187 -0.482355 0.362598,
        0.368172 -0.500755 0.362598,
        0.373187 -0.500755 0.362598,
        0.368172 -0.496334 0.362598,
        0.368172 -0.482580 0.362598,
        0.357305 -0.488552 0.362598,
        0.358509 -0.487989 0.362598,
        0.368039 -0.496334 0.362598,
        0.365505 -0.495500 0.362598,
        0.367204 -0.497595 0.362598,
        0.364111 -0.496485 0.362598,
        0.368172 -0.489150 0.362598,
        0.367883 -0.491576 0.362598,
        0.367179 -0.493384 0.362598,
        0.366023 -0.494983 0.362598,
        0.358885 -0.497126 0.362598,
        0.359279 -0.501431 0.362598,
        0.360579 -0.497317 0.362598,
        0.361719 -0.501178 0.362598,
        0.362612 -0.497068 0.362598,
        0.363777 -0.500469 0.362598,
        0.365613 -0.499281 0.362598,
        0.368005 -0.480403 0.362598,
        0.372784 -0.478491 0.362598,
        0.367490 -0.478601 0.362598,
        0.371993 -0.476230 0.362598,
        0.366904 -0.477562 0.362598,
        0.370962 -0.474620 0.362598,
        0.366149 -0.476752 0.362598,
        0.369619 -0.473350 0.362598,
        0.365263 -0.476174 0.362598,
        0.367946 -0.472404 0.362598,
        0.364107 -0.475765 0.362598,
        0.365819 -0.471769 0.362598,
        0.362380 -0.475580 0.362598,
        0.362851 -0.471507 0.362598,
        0.359626 -0.475843 0.362598,
        0.357731 -0.472133 0.362598,
        0.356484 -0.476856 0.362598,
        0.354008 -0.473585 0.362598,
        0.353006 -0.479039 0.362598,
        0.353006 -0.474168 0.362598,
        0.356325 -0.495598 0.362598,
        0.352668 -0.499179 0.362598,
        0.356752 -0.496027 0.362598,
        0.354282 -0.500318 0.362598,
        0.357751 -0.496709 0.362598,
        0.356189 -0.501059 0.362598,
        0.358562 -0.501413 0.362598,
        0.355341 -0.491895 0.362598,
        0.350226 -0.492507 0.362598,
        0.355298 -0.492691 0.362598,
        0.350212 -0.493100 0.362598,
        0.355426 -0.493842 0.362598,
        0.350464 -0.495395 0.362598,
        0.355755 -0.494753 0.362598,
        0.351074 -0.497087 0.362598,
        0.352119 -0.498623 0.362598,
        0.359699 -0.483767 0.362598,
        0.355896 -0.484705 0.362598,
        0.356629 -0.489068 0.362598,
        0.353763 -0.485800 0.362598,
        0.356028 -0.489811 0.362598,
        0.352229 -0.487133 0.362598,
        0.355588 -0.490746 0.362598,
        0.351229 -0.488570 0.362598,
        0.350543 -0.490340 0.362598,
        0.356629 -0.489068 0.362205,
        0.357305 -0.488552 0.362205,
        0.358509 -0.487989 0.362205,
        0.361480 -0.487308 0.362205,
        0.355298 -0.492691 0.362205,
        0.355341 -0.491895 0.362205,
        0.355588 -0.490746 0.362205,
        0.356028 -0.489811 0.362205,
        0.356752 -0.496027 0.362205,
        0.356325 -0.495598 0.362205,
        0.355755 -0.494753 0.362205,
        0.355426 -0.493842 0.362205,
        0.360579 -0.497317 0.362205,
        0.358885 -0.497126 0.362205,
        0.357751 -0.496709 0.362205,
        0.366023 -0.494983 0.362205,
        0.365505 -0.495500 0.362205,
        0.364111 -0.496485 0.362205,
        0.362612 -0.497068 0.362205,
        0.368172 -0.489150 0.362205,
        0.367883 -0.491576 0.362205,
        0.367179 -0.493384 0.362205,
        0.368172 -0.486407 0.362205,
      ]
    }
    coordIndex [
      62, 63, 0, -1,
      0, 63, 1, -1,
      9, 64, 7, -1,
      7, 64, 62, -1,
      7, 62, 0, -1,
      65, 64, 8, -1,
      8, 64, 9, -1,
      66, 65, 10, -1,
      10, 65, 8, -1,
      67, 66, 11, -1,
      11, 66, 10, -1,
      68, 67, 12, -1,
      12, 67, 11, -1,
      69, 68, 13, -1,
      13, 68, 12, -1,
      70, 69, 6, -1,
      6, 69, 13, -1,
      71, 70, 5, -1,
      5, 70, 6, -1,
      72, 71, 4, -1,
      4, 71, 5, -1,
      73, 72, 2, -1,
      2, 72, 4, -1,
      1, 63, 3, -1,
      3, 63, 73, -1,
      3, 73, 2, -1,
      73, 63, 62, -1,
      62, 64, 73, -1,
      73, 64, 65, -1,
      73, 65, 72, -1,
      70, 71, 69, -1,
      69, 71, 72, -1,
      69, 72, 68, -1,
      68, 72, 65, -1,
      68, 65, 67, -1,
      67, 65, 66, -1,
      74, 75, 76, -1,
      77, 78, 79, -1,
      79, 78, 76, -1,
      80, 81, 82, -1,
      83, 84, 85, -1,
      85, 84, 86, -1,
      75, 87, 76, -1,
      76, 87, 88, -1,
      76, 88, 79, -1,
      79, 88, 89, -1,
      79, 89, 83, -1,
      83, 89, 90, -1,
      83, 90, 84, -1,
      91, 92, 93, -1,
      93, 92, 94, -1,
      93, 94, 95, -1,
      95, 94, 96, -1,
      95, 96, 86, -1,
      86, 96, 97, -1,
      86, 97, 85, -1,
      82, 74, 80, -1,
      80, 74, 76, -1,
      80, 76, 98, -1,
      98, 76, 99, -1,
      98, 99, 100, -1,
      100, 99, 101, -1,
      100, 101, 102, -1,
      102, 101, 103, -1,
      102, 103, 104, -1,
      104, 103, 105, -1,
      104, 105, 106, -1,
      106, 105, 107, -1,
      106, 107, 108, -1,
      108, 107, 109, -1,
      108, 109, 110, -1,
      110, 109, 111, -1,
      110, 111, 112, -1,
      112, 111, 113, -1,
      112, 113, 114, -1,
      114, 113, 115, -1,
      114, 115, 116, -1,
      116, 115, 117, -1,
      118, 119, 120, -1,
      120, 119, 121, -1,
      120, 121, 122, -1,
      122, 121, 123, -1,
      122, 123, 91, -1,
      91, 123, 124, -1,
      91, 124, 92, -1,
      125, 126, 127, -1,
      127, 126, 128, -1,
      127, 128, 129, -1,
      129, 128, 130, -1,
      129, 130, 131, -1,
      131, 130, 132, -1,
      131, 132, 118, -1,
      118, 132, 133, -1,
      118, 133, 119, -1,
      80, 134, 81, -1,
      81, 134, 135, -1,
      81, 135, 136, -1,
      136, 135, 137, -1,
      136, 137, 138, -1,
      138, 137, 139, -1,
      138, 139, 140, -1,
      140, 139, 141, -1,
      140, 141, 125, -1,
      125, 141, 142, -1,
      125, 142, 126, -1,
      111, 50, 49, -1,
      111, 49, 113, -1,
      113, 49, 48, -1,
      113, 48, 115, -1,
      115, 48, 16, -1,
      115, 16, 117, -1,
      116, 117, 17, -1,
      17, 117, 16, -1,
      116, 17, 43, -1,
      116, 43, 114, -1,
      114, 43, 47, -1,
      114, 47, 112, -1,
      112, 47, 46, -1,
      112, 46, 110, -1,
      110, 46, 45, -1,
      110, 45, 108, -1,
      108, 45, 56, -1,
      108, 56, 106, -1,
      106, 56, 55, -1,
      106, 55, 104, -1,
      104, 55, 54, -1,
      104, 54, 102, -1,
      102, 54, 53, -1,
      102, 53, 100, -1,
      100, 53, 52, -1,
      100, 52, 98, -1,
      98, 52, 51, -1,
      98, 51, 80, -1,
      134, 80, 44, -1,
      44, 80, 51, -1,
      134, 44, 42, -1,
      134, 42, 135, -1,
      135, 42, 41, -1,
      135, 41, 137, -1,
      137, 41, 40, -1,
      137, 40, 139, -1,
      139, 40, 39, -1,
      139, 39, 141, -1,
      141, 39, 38, -1,
      141, 38, 142, -1,
      142, 38, 37, -1,
      142, 37, 126, -1,
      126, 37, 28, -1,
      126, 28, 128, -1,
      128, 28, 27, -1,
      128, 27, 130, -1,
      130, 27, 26, -1,
      130, 26, 132, -1,
      132, 26, 23, -1,
      132, 23, 133, -1,
      133, 23, 22, -1,
      133, 22, 119, -1,
      59, 92, 124, -1,
      119, 22, 21, -1,
      119, 21, 121, -1,
      121, 21, 15, -1,
      121, 15, 123, -1,
      123, 15, 14, -1,
      123, 14, 124, -1,
      124, 14, 60, -1,
      124, 60, 59, -1,
      92, 59, 58, -1,
      92, 58, 94, -1,
      94, 58, 57, -1,
      94, 57, 96, -1,
      57, 61, 96, -1,
      96, 61, 36, -1,
      96, 36, 97, -1,
      97, 36, 35, -1,
      97, 35, 85, -1,
      85, 35, 34, -1,
      85, 34, 83, -1,
      79, 83, 33, -1,
      33, 83, 34, -1,
      77, 79, 20, -1,
      20, 79, 33, -1,
      78, 77, 19, -1,
      19, 77, 20, -1,
      76, 78, 18, -1,
      18, 78, 19, -1,
      76, 18, 32, -1,
      76, 32, 99, -1,
      99, 32, 31, -1,
      99, 31, 101, -1,
      101, 31, 30, -1,
      101, 30, 103, -1,
      103, 30, 25, -1,
      103, 25, 105, -1,
      105, 25, 24, -1,
      105, 24, 107, -1,
      107, 24, 29, -1,
      107, 29, 109, -1,
      109, 29, 50, -1,
      109, 50, 111, -1,
      136, 143, 144, -1,
      136, 144, 81, -1,
      81, 144, 145, -1,
      81, 145, 82, -1,
      82, 145, 146, -1,
      82, 146, 74, -1,
      127, 147, 148, -1,
      127, 148, 125, -1,
      125, 148, 149, -1,
      125, 149, 140, -1,
      140, 149, 150, -1,
      140, 150, 138, -1,
      138, 150, 143, -1,
      138, 143, 136, -1,
      120, 151, 152, -1,
      120, 152, 118, -1,
      118, 152, 153, -1,
      118, 153, 131, -1,
      131, 153, 154, -1,
      131, 154, 129, -1,
      129, 154, 147, -1,
      129, 147, 127, -1,
      93, 155, 156, -1,
      93, 156, 91, -1,
      91, 156, 157, -1,
      91, 157, 122, -1,
      122, 157, 151, -1,
      122, 151, 120, -1,
      90, 158, 159, -1,
      90, 159, 84, -1,
      84, 159, 160, -1,
      84, 160, 86, -1,
      86, 160, 161, -1,
      86, 161, 95, -1,
      95, 161, 155, -1,
      95, 155, 93, -1,
      87, 162, 163, -1,
      87, 163, 88, -1,
      88, 163, 164, -1,
      88, 164, 89, -1,
      89, 164, 158, -1,
      89, 158, 90, -1,
      87, 75, 162, -1,
      162, 75, 165, -1,
      75, 74, 165, -1,
      165, 74, 146, -1,
    ]
  }
}

Shape {
  appearance Appearance {
    material Material {
      diffuseColor 0.2510 0.2510 0.2510
      specularColor 0.1255 0.1255 0.1255
      ambientIntensity 0.2
      transparency 0.0000
      shininess 0.5
    }
  }
  geometry IndexedFaceSet {
    ccw TRUE
    solid FALSE
    coord DEF co Coordinate {
      point [
        0.356629 -0.489068 0.362205,
        0.357305 -0.488552 0.362205,
        0.358509 -0.487989 0.362205,
        0.361480 -0.487308 0.362205,
        0.355298 -0.492691 0.362205,
        0.355341 -0.491895 0.362205,
        0.355588 -0.490746 0.362205,
        0.356028 -0.489811 0.362205,
        0.356752 -0.496027 0.362205,
        0.356325 -0.495598 0.362205,
        0.355755 -0.494753 0.362205,
        0.355426 -0.493842 0.362205,
        0.360579 -0.497317 0.362205,
        0.358885 -0.497126 0.362205,
        0.357751 -0.496709 0.362205,
        0.366023 -0.494983 0.362205,
        0.365505 -0.495500 0.362205,
        0.364111 -0.496485 0.362205,
        0.362612 -0.497068 0.362205,
        0.368172 -0.489150 0.362205,
        0.367883 -0.491576 0.362205,
        0.367179 -0.493384 0.362205,
        0.368172 -0.486407 0.362205,
      ]
    }
    coordIndex [
      19, 22, 3, -1,
      16, 15, 3, -1,
      18, 2, 1, -1,
      2, 18, 3, -1,
      3, 18, 17, -1,
      3, 17, 16, -1,
      15, 21, 3, -1,
      3, 21, 20, -1,
      3, 20, 19, -1,
      6, 5, 18, -1,
      18, 5, 4, -1,
      18, 4, 11, -1,
      14, 13, 8, -1,
      8, 13, 12, -1,
      8, 12, 18, -1,
      1, 0, 18, -1,
      18, 0, 7, -1,
      18, 7, 6, -1,
      11, 10, 18, -1,
      18, 10, 9, -1,
      18, 9, 8, -1,
    ]
  }
}

Shape {
  appearance Appearance {
    material Material {
      diffuseColor 1.0000 1.0000 1.0000
      specularColor 0.5020 0.5020 0.5020
      ambientIntensity 0.2
      transparency 0.0000
      shininess 0.5
    }
  }
  geometry IndexedFaceSet {
    ccw TRUE
    solid FALSE
    coord DEF co Coordinate {
      point [
        0.392311 -0.500881 0.362205,
        0.390551 -0.501093 0.362205,
        0.456286 -0.496191 0.362205,
        0.456286 -0.500755 0.362205,
        0.439922 -0.482723 0.362205,
        0.439922 -0.496191 0.362205,
        0.447418 -0.482723 0.362205,
        0.447418 -0.496191 0.362205,
        0.454239 -0.482723 0.362205,
        0.454239 -0.478139 0.362205,
        0.439922 -0.465326 0.362205,
        0.439922 -0.478139 0.362205,
        0.447418 -0.465326 0.362205,
        0.447418 -0.478139 0.362205,
        0.455375 -0.465326 0.362205,
        0.447418 -0.500755 0.362205,
        0.434754 -0.500755 0.362205,
        0.434754 -0.460720 0.362205,
        0.381785 -0.495703 0.362205,
        0.382300 -0.495904 0.362205,
        0.382300 -0.485289 0.362205,
        0.381435 -0.484402 0.362205,
        0.380842 -0.483473 0.362205,
        0.379982 -0.494574 0.362205,
        0.380753 -0.476577 0.362205,
        0.381654 -0.475216 0.362205,
        0.382256 -0.485259 0.362205,
        0.380263 -0.481966 0.362205,
        0.380013 -0.479878 0.362205,
        0.380186 -0.478195 0.362205,
        0.379982 -0.499752 0.362205,
        0.382300 -0.500568 0.362205,
        0.383491 -0.500987 0.362205,
        0.384505 -0.501093 0.362205,
        0.387739 -0.501431 0.362205,
        0.397922 -0.472776 0.362205,
        0.397922 -0.477647 0.362205,
        0.398506 -0.496454 0.362205,
        0.397607 -0.497787 0.362205,
        0.382300 -0.474625 0.362205,
        0.383226 -0.473779 0.362205,
        0.384437 -0.473033 0.362205,
        0.399088 -0.494856 0.362205,
        0.387120 -0.471992 0.362205,
        0.391147 -0.471507 0.362205,
        0.394665 -0.471819 0.362205,
        0.396070 -0.499159 0.362205,
        0.394938 -0.499857 0.362205,
        0.397615 -0.488249 0.362205,
        0.398480 -0.489493 0.362205,
        0.399045 -0.490945 0.362205,
        0.399293 -0.492978 0.362205,
        0.390656 -0.475580 0.362205,
        0.389172 -0.475691 0.362205,
        0.385181 -0.479428 0.362205,
        0.387830 -0.476046 0.362205,
        0.386706 -0.476644 0.362205,
        0.385227 -0.480095 0.362205,
        0.385426 -0.480874 0.362205,
        0.385787 -0.481550 0.362205,
        0.386276 -0.482089 0.362205,
        0.388044 -0.483194 0.362205,
        0.394164 -0.476007 0.362205,
        0.391147 -0.484545 0.362205,
        0.397000 -0.477107 0.362205,
        0.393089 -0.485330 0.362205,
        0.396419 -0.487183 0.362205,
        0.385949 -0.477313 0.362205,
        0.385519 -0.477951 0.362205,
        0.385272 -0.478628 0.362205,
        0.384922 -0.496929 0.362205,
        0.387606 -0.488188 0.362205,
        0.384617 -0.486818 0.362205,
        0.388231 -0.497337 0.362205,
        0.388452 -0.497336 0.362205,
        0.390899 -0.489567 0.362205,
        0.391023 -0.497048 0.362205,
        0.394146 -0.493469 0.362205,
        0.394097 -0.492845 0.362205,
        0.392317 -0.496574 0.362205,
        0.392774 -0.496296 0.362205,
        0.393349 -0.495786 0.362205,
        0.393787 -0.495139 0.362205,
        0.394042 -0.494425 0.362205,
        0.393869 -0.492062 0.362205,
        0.393481 -0.491397 0.362205,
        0.392856 -0.490746 0.362205,
        0.424152 -0.472162 0.362205,
        0.429350 -0.472162 0.362205,
        0.447418 -0.460720 0.362205,
        0.455375 -0.460720 0.362205,
        0.412950 -0.501093 0.362205,
        0.413119 -0.500694 0.362205,
        0.401903 -0.472162 0.362205,
        0.407511 -0.472162 0.362205,
        0.414982 -0.493653 0.362205,
        0.416343 -0.493694 0.362205,
        0.415596 -0.496007 0.362205,
        0.415729 -0.496007 0.362205,
        0.415959 -0.495027 0.362205,
        0.408262 -0.513974 0.362205,
        0.406170 -0.514223 0.362205,
        0.405038 -0.514181 0.362205,
        0.402937 -0.513813 0.362205,
        0.402937 -0.509352 0.362205,
        0.403963 -0.509688 0.362205,
        0.405782 -0.509925 0.362205,
        0.413948 -0.509721 0.362205,
        0.412106 -0.511852 0.362205,
        0.406741 -0.509841 0.362205,
        0.407845 -0.509496 0.362205,
        0.408784 -0.508922 0.362205,
        0.411982 -0.511963 0.362205,
        0.410234 -0.513204 0.362205,
        0.409823 -0.507850 0.362205,
        0.410919 -0.505893 0.362205,
        0.417943 -0.501093 0.362205,
        0.416374 -0.505074 0.362205,
        0.416364 -0.505099 0.362205,
        0.463848 -0.500755 0.362205,
        0.495357 -0.487452 0.362205,
        0.493388 -0.491595 0.362205,
        0.490406 -0.495147 0.362205,
        0.494272 -0.470848 0.362205,
        0.495763 -0.474657 0.362205,
        0.496443 -0.480226 0.362205,
        0.496324 -0.482763 0.362205,
        0.486277 -0.498117 0.362205,
        0.481726 -0.499910 0.362205,
        0.474860 -0.500755 0.362205,
        0.463848 -0.460720 0.362205,
        0.475270 -0.460720 0.362205,
        0.481380 -0.461395 0.362205,
        0.486211 -0.463159 0.362205,
        0.490406 -0.466022 0.362205,
        0.491785 -0.467368 0.362205,
        0.388231 -0.497337 0.362598,
        0.381785 -0.495703 0.362598,
        0.384922 -0.496929 0.362598,
        0.379982 -0.494574 0.362598,
        0.379982 -0.499752 0.362598,
        0.383491 -0.500987 0.362598,
        0.387739 -0.501431 0.362598,
        0.392311 -0.500881 0.362598,
        0.394938 -0.499857 0.362598,
        0.396070 -0.499159 0.362598,
        0.397607 -0.497787 0.362598,
        0.398506 -0.496454 0.362598,
        0.399088 -0.494856 0.362598,
        0.399293 -0.492978 0.362598,
        0.399045 -0.490945 0.362598,
        0.398480 -0.489493 0.362598,
        0.397615 -0.488249 0.362598,
        0.396419 -0.487183 0.362598,
        0.393089 -0.485330 0.362598,
        0.391147 -0.484545 0.362598,
        0.388044 -0.483194 0.362598,
        0.386276 -0.482089 0.362598,
        0.385787 -0.481550 0.362598,
        0.385426 -0.480874 0.362598,
        0.385227 -0.480095 0.362598,
        0.385181 -0.479428 0.362598,
        0.385272 -0.478628 0.362598,
        0.385519 -0.477951 0.362598,
        0.385949 -0.477313 0.362598,
        0.386706 -0.476644 0.362598,
        0.387830 -0.476046 0.362598,
        0.389172 -0.475691 0.362598,
        0.390656 -0.475580 0.362598,
        0.394164 -0.476007 0.362598,
        0.397000 -0.477107 0.362598,
        0.397922 -0.477647 0.362598,
        0.397922 -0.472776 0.362598,
        0.394665 -0.471819 0.362598,
        0.391147 -0.471507 0.362598,
        0.387120 -0.471992 0.362598,
        0.384437 -0.473033 0.362598,
        0.383226 -0.473779 0.362598,
        0.381654 -0.475216 0.362598,
        0.380753 -0.476577 0.362598,
        0.380186 -0.478195 0.362598,
        0.380013 -0.479878 0.362598,
        0.380263 -0.481966 0.362598,
        0.380842 -0.483473 0.362598,
        0.381435 -0.484402 0.362598,
        0.387606 -0.488188 0.362598,
        0.384617 -0.486818 0.362598,
        0.382256 -0.485259 0.362598,
        0.390899 -0.489567 0.362598,
        0.392856 -0.490746 0.362598,
        0.393481 -0.491397 0.362598,
        0.393869 -0.492062 0.362598,
        0.394097 -0.492845 0.362598,
        0.394146 -0.493469 0.362598,
        0.394042 -0.494425 0.362598,
        0.393787 -0.495139 0.362598,
        0.393349 -0.495786 0.362598,
        0.392774 -0.496296 0.362598,
        0.392317 -0.496574 0.362598,
        0.391023 -0.497048 0.362598,
        0.388452 -0.497336 0.362598,
        0.424152 -0.472162 0.362598,
        0.429350 -0.472162 0.362598,
        0.416343 -0.493694 0.362598,
        0.415959 -0.495027 0.362598,
        0.415729 -0.496007 0.362598,
        0.415596 -0.496007 0.362598,
        0.414982 -0.493653 0.362598,
        0.407511 -0.472162 0.362598,
        0.401903 -0.472162 0.362598,
        0.413119 -0.500694 0.362598,
        0.410919 -0.505893 0.362598,
        0.409823 -0.507850 0.362598,
        0.408784 -0.508922 0.362598,
        0.407845 -0.509496 0.362598,
        0.406741 -0.509841 0.362598,
        0.405782 -0.509925 0.362598,
        0.403963 -0.509688 0.362598,
        0.402937 -0.509352 0.362598,
        0.402937 -0.513813 0.362598,
        0.405038 -0.514181 0.362598,
        0.406170 -0.514223 0.362598,
        0.408262 -0.513974 0.362598,
        0.410234 -0.513204 0.362598,
        0.411982 -0.511963 0.362598,
        0.412106 -0.511852 0.362598,
        0.413948 -0.509721 0.362598,
        0.416364 -0.505099 0.362598,
        0.416374 -0.505074 0.362598,
        0.456286 -0.496191 0.362598,
        0.456286 -0.500755 0.362598,
        0.439922 -0.496191 0.362598,
        0.439922 -0.482723 0.362598,
        0.454239 -0.482723 0.362598,
        0.454239 -0.478139 0.362598,
        0.439922 -0.478139 0.362598,
        0.439922 -0.465326 0.362598,
        0.455375 -0.465326 0.362598,
        0.455375 -0.460720 0.362598,
        0.434754 -0.460720 0.362598,
        0.434754 -0.500755 0.362598,
        0.488724 -0.489542 0.362598,
        0.486731 -0.492015 0.362598,
        0.490406 -0.495147 0.362598,
        0.485994 -0.492685 0.362598,
        0.486277 -0.498117 0.362598,
        0.483343 -0.494421 0.362598,
        0.481726 -0.499910 0.362598,
        0.479919 -0.495643 0.362598,
        0.474860 -0.500755 0.362598,
        0.474830 -0.496191 0.362598,
        0.463848 -0.500755 0.362598,
        0.469017 -0.496191 0.362598,
        0.463848 -0.460720 0.362598,
        0.469017 -0.465326 0.362598,
        0.475270 -0.460720 0.362598,
        0.475065 -0.465326 0.362598,
        0.481380 -0.461395 0.362598,
        0.480219 -0.465894 0.362598,
        0.486211 -0.463159 0.362598,
        0.483691 -0.467147 0.362598,
        0.490406 -0.466022 0.362598,
        0.486619 -0.469092 0.362598,
        0.491785 -0.467368 0.362598,
        0.487933 -0.470422 0.362598,
        0.494272 -0.470848 0.362598,
        0.489436 -0.472726 0.362598,
        0.495763 -0.474657 0.362598,
        0.490515 -0.475757 0.362598,
        0.496443 -0.480226 0.362598,
        0.491009 -0.480369 0.362598,
        0.496324 -0.482763 0.362598,
        0.490877 -0.482899 0.362598,
        0.495357 -0.487452 0.362598,
        0.490102 -0.486569 0.362598,
        0.493388 -0.491595 0.362598,
        0.475065 -0.465326 0.362205,
        0.469017 -0.465326 0.362205,
        0.469017 -0.496191 0.362205,
        0.474830 -0.496191 0.362205,
        0.486731 -0.492015 0.362205,
        0.485994 -0.492685 0.362205,
        0.483343 -0.494421 0.362205,
        0.479919 -0.495643 0.362205,
        0.491009 -0.480369 0.362205,
        0.490877 -0.482899 0.362205,
        0.490102 -0.486569 0.362205,
        0.488724 -0.489542 0.362205,
        0.486619 -0.469092 0.362205,
        0.487933 -0.470422 0.362205,
        0.489436 -0.472726 0.362205,
        0.490515 -0.475757 0.362205,
        0.480219 -0.465894 0.362205,
        0.483691 -0.467147 0.362205,
      ]
    }
    coordIndex [
      136, 73, 70, -1,
      19, 137, 70, -1,
      70, 137, 138, -1,
      70, 138, 136, -1,
      19, 18, 137, -1,
      137, 18, 23, -1,
      137, 23, 139, -1,
      140, 139, 30, -1,
      30, 139, 23, -1,
      141, 140, 31, -1,
      31, 140, 30, -1,
      34, 142, 33, -1,
      33, 142, 141, -1,
      33, 141, 32, -1,
      32, 141, 31, -1,
      143, 142, 1, -1,
      1, 142, 34, -1,
      1, 0, 143, -1,
      143, 0, 47, -1,
      143, 47, 144, -1,
      144, 47, 46, -1,
      144, 46, 145, -1,
      145, 46, 38, -1,
      145, 38, 146, -1,
      146, 38, 37, -1,
      146, 37, 147, -1,
      147, 37, 42, -1,
      147, 42, 148, -1,
      148, 42, 51, -1,
      148, 51, 149, -1,
      149, 51, 50, -1,
      149, 50, 150, -1,
      150, 50, 49, -1,
      150, 49, 151, -1,
      151, 49, 48, -1,
      151, 48, 152, -1,
      152, 48, 66, -1,
      152, 66, 153, -1,
      153, 66, 65, -1,
      153, 65, 154, -1,
      154, 65, 63, -1,
      154, 63, 155, -1,
      155, 63, 61, -1,
      155, 61, 156, -1,
      156, 61, 60, -1,
      156, 60, 157, -1,
      157, 60, 59, -1,
      157, 59, 158, -1,
      158, 59, 58, -1,
      158, 58, 159, -1,
      159, 58, 57, -1,
      159, 57, 160, -1,
      160, 57, 54, -1,
      160, 54, 161, -1,
      161, 54, 69, -1,
      161, 69, 162, -1,
      162, 69, 68, -1,
      162, 68, 163, -1,
      163, 68, 67, -1,
      163, 67, 164, -1,
      164, 67, 56, -1,
      164, 56, 165, -1,
      165, 56, 55, -1,
      165, 55, 166, -1,
      166, 55, 53, -1,
      166, 53, 167, -1,
      167, 53, 52, -1,
      167, 52, 168, -1,
      168, 52, 62, -1,
      168, 62, 169, -1,
      169, 62, 64, -1,
      169, 64, 170, -1,
      170, 64, 36, -1,
      170, 36, 171, -1,
      172, 171, 35, -1,
      35, 171, 36, -1,
      172, 35, 45, -1,
      172, 45, 173, -1,
      173, 45, 44, -1,
      173, 44, 174, -1,
      174, 44, 43, -1,
      174, 43, 175, -1,
      175, 43, 41, -1,
      175, 41, 176, -1,
      176, 41, 40, -1,
      176, 40, 177, -1,
      177, 40, 178, -1,
      178, 40, 39, -1,
      39, 25, 178, -1,
      178, 25, 24, -1,
      178, 24, 179, -1,
      179, 24, 29, -1,
      179, 29, 180, -1,
      180, 29, 28, -1,
      180, 28, 181, -1,
      181, 28, 27, -1,
      181, 27, 182, -1,
      182, 27, 22, -1,
      182, 22, 183, -1,
      183, 22, 21, -1,
      183, 21, 184, -1,
      71, 185, 186, -1,
      184, 21, 26, -1,
      184, 26, 187, -1,
      187, 26, 20, -1,
      187, 20, 186, -1,
      186, 20, 72, -1,
      186, 72, 71, -1,
      185, 71, 75, -1,
      185, 75, 188, -1,
      188, 75, 86, -1,
      188, 86, 189, -1,
      189, 86, 85, -1,
      189, 85, 190, -1,
      190, 85, 84, -1,
      190, 84, 191, -1,
      191, 84, 78, -1,
      191, 78, 192, -1,
      192, 78, 77, -1,
      192, 77, 193, -1,
      193, 77, 83, -1,
      193, 83, 194, -1,
      194, 83, 82, -1,
      194, 82, 195, -1,
      195, 82, 81, -1,
      195, 81, 196, -1,
      196, 81, 80, -1,
      196, 80, 197, -1,
      197, 80, 79, -1,
      197, 79, 198, -1,
      198, 79, 76, -1,
      198, 76, 199, -1,
      199, 76, 74, -1,
      199, 74, 200, -1,
      200, 74, 73, -1,
      200, 73, 136, -1,
      163, 164, 177, -1,
      177, 164, 176, -1,
      176, 164, 165, -1,
      176, 165, 175, -1,
      195, 146, 147, -1,
      188, 155, 185, -1,
      185, 155, 156, -1,
      195, 147, 194, -1,
      194, 147, 148, -1,
      194, 148, 193, -1,
      193, 148, 149, -1,
      193, 149, 192, -1,
      192, 149, 150, -1,
      192, 150, 191, -1,
      191, 150, 151, -1,
      191, 151, 190, -1,
      190, 151, 152, -1,
      190, 152, 189, -1,
      189, 152, 153, -1,
      189, 153, 188, -1,
      188, 153, 154, -1,
      188, 154, 155, -1,
      146, 195, 145, -1,
      145, 195, 196, -1,
      145, 196, 144, -1,
      142, 136, 141, -1,
      141, 136, 138, -1,
      141, 138, 140, -1,
      140, 138, 137, -1,
      140, 137, 139, -1,
      165, 166, 175, -1,
      175, 166, 167, -1,
      175, 167, 174, -1,
      174, 167, 168, -1,
      174, 168, 173, -1,
      173, 168, 169, -1,
      173, 169, 172, -1,
      172, 169, 170, -1,
      172, 170, 171, -1,
      196, 197, 144, -1,
      144, 197, 198, -1,
      144, 198, 143, -1,
      143, 198, 199, -1,
      143, 199, 142, -1,
      142, 199, 200, -1,
      142, 200, 136, -1,
      177, 178, 163, -1,
      163, 178, 179, -1,
      163, 179, 162, -1,
      162, 179, 180, -1,
      162, 180, 161, -1,
      161, 180, 181, -1,
      161, 181, 160, -1,
      160, 181, 182, -1,
      160, 182, 159, -1,
      159, 182, 183, -1,
      159, 183, 158, -1,
      158, 183, 184, -1,
      158, 184, 157, -1,
      157, 184, 187, -1,
      157, 187, 156, -1,
      156, 187, 186, -1,
      156, 186, 185, -1,
      201, 202, 87, -1,
      87, 202, 88, -1,
      203, 201, 96, -1,
      96, 201, 87, -1,
      203, 96, 99, -1,
      203, 99, 204, -1,
      204, 99, 98, -1,
      204, 98, 205, -1,
      206, 205, 97, -1,
      97, 205, 98, -1,
      207, 206, 95, -1,
      95, 206, 97, -1,
      208, 207, 94, -1,
      94, 207, 95, -1,
      209, 208, 93, -1,
      93, 208, 94, -1,
      210, 209, 92, -1,
      92, 209, 93, -1,
      115, 211, 91, -1,
      91, 211, 210, -1,
      91, 210, 92, -1,
      211, 115, 114, -1,
      211, 114, 212, -1,
      212, 114, 111, -1,
      212, 111, 213, -1,
      213, 111, 110, -1,
      213, 110, 214, -1,
      214, 110, 109, -1,
      214, 109, 215, -1,
      215, 109, 106, -1,
      215, 106, 216, -1,
      216, 106, 105, -1,
      216, 105, 217, -1,
      217, 105, 104, -1,
      217, 104, 218, -1,
      219, 218, 103, -1,
      103, 218, 104, -1,
      219, 103, 102, -1,
      219, 102, 220, -1,
      220, 102, 101, -1,
      220, 101, 221, -1,
      221, 101, 100, -1,
      221, 100, 222, -1,
      222, 100, 113, -1,
      222, 113, 223, -1,
      223, 113, 112, -1,
      223, 112, 224, -1,
      224, 112, 108, -1,
      224, 108, 225, -1,
      225, 108, 107, -1,
      225, 107, 226, -1,
      226, 107, 118, -1,
      226, 118, 227, -1,
      227, 118, 117, -1,
      227, 117, 228, -1,
      88, 202, 116, -1,
      116, 202, 228, -1,
      116, 228, 117, -1,
      204, 205, 228, -1,
      202, 201, 228, -1,
      228, 201, 203, -1,
      228, 203, 204, -1,
      208, 209, 207, -1,
      207, 209, 210, -1,
      207, 210, 206, -1,
      205, 206, 228, -1,
      228, 206, 210, -1,
      228, 210, 227, -1,
      227, 210, 211, -1,
      227, 211, 226, -1,
      226, 211, 212, -1,
      226, 212, 225, -1,
      225, 212, 213, -1,
      218, 219, 217, -1,
      217, 219, 220, -1,
      217, 220, 216, -1,
      216, 220, 221, -1,
      216, 221, 215, -1,
      215, 221, 222, -1,
      215, 222, 214, -1,
      214, 222, 223, -1,
      214, 223, 213, -1,
      213, 223, 224, -1,
      213, 224, 225, -1,
      229, 230, 2, -1,
      2, 230, 3, -1,
      5, 231, 7, -1,
      7, 231, 229, -1,
      7, 229, 2, -1,
      232, 231, 4, -1,
      4, 231, 5, -1,
      8, 233, 6, -1,
      6, 233, 232, -1,
      6, 232, 4, -1,
      234, 233, 9, -1,
      9, 233, 8, -1,
      11, 235, 13, -1,
      13, 235, 234, -1,
      13, 234, 9, -1,
      236, 235, 10, -1,
      10, 235, 11, -1,
      14, 237, 12, -1,
      12, 237, 236, -1,
      12, 236, 10, -1,
      238, 237, 90, -1,
      90, 237, 14, -1,
      17, 239, 89, -1,
      89, 239, 238, -1,
      89, 238, 90, -1,
      240, 239, 16, -1,
      16, 239, 17, -1,
      3, 230, 15, -1,
      15, 230, 240, -1,
      15, 240, 16, -1,
      240, 230, 229, -1,
      229, 231, 240, -1,
      240, 231, 232, -1,
      240, 232, 239, -1,
      237, 238, 236, -1,
      236, 238, 239, -1,
      236, 239, 235, -1,
      235, 239, 232, -1,
      235, 232, 234, -1,
      234, 232, 233, -1,
      241, 242, 243, -1,
      243, 242, 244, -1,
      243, 244, 245, -1,
      245, 244, 246, -1,
      245, 246, 247, -1,
      247, 246, 248, -1,
      247, 248, 249, -1,
      249, 248, 250, -1,
      249, 250, 251, -1,
      251, 250, 252, -1,
      251, 252, 253, -1,
      253, 252, 254, -1,
      253, 254, 255, -1,
      255, 254, 256, -1,
      255, 256, 257, -1,
      257, 256, 258, -1,
      257, 258, 259, -1,
      259, 258, 260, -1,
      259, 260, 261, -1,
      261, 260, 262, -1,
      261, 262, 263, -1,
      263, 262, 264, -1,
      263, 264, 265, -1,
      265, 264, 266, -1,
      265, 266, 267, -1,
      267, 266, 268, -1,
      267, 268, 269, -1,
      269, 268, 270, -1,
      269, 270, 271, -1,
      271, 270, 272, -1,
      271, 272, 273, -1,
      273, 272, 274, -1,
      273, 274, 275, -1,
      275, 274, 241, -1,
      275, 241, 243, -1,
      249, 251, 129, -1,
      129, 251, 119, -1,
      249, 129, 128, -1,
      249, 128, 247, -1,
      247, 128, 127, -1,
      247, 127, 245, -1,
      245, 127, 122, -1,
      245, 122, 243, -1,
      243, 122, 121, -1,
      243, 121, 275, -1,
      275, 121, 120, -1,
      275, 120, 273, -1,
      273, 120, 126, -1,
      273, 126, 271, -1,
      271, 126, 125, -1,
      271, 125, 269, -1,
      269, 125, 124, -1,
      269, 124, 267, -1,
      267, 124, 123, -1,
      267, 123, 265, -1,
      265, 123, 135, -1,
      265, 135, 263, -1,
      263, 135, 134, -1,
      263, 134, 261, -1,
      261, 134, 133, -1,
      261, 133, 259, -1,
      259, 133, 132, -1,
      259, 132, 257, -1,
      257, 132, 131, -1,
      257, 131, 255, -1,
      253, 255, 130, -1,
      130, 255, 131, -1,
      251, 253, 119, -1,
      119, 253, 130, -1,
      256, 254, 276, -1,
      276, 254, 277, -1,
      254, 252, 277, -1,
      277, 252, 278, -1,
      252, 250, 278, -1,
      278, 250, 279, -1,
      242, 280, 281, -1,
      242, 281, 244, -1,
      244, 281, 282, -1,
      244, 282, 246, -1,
      246, 282, 283, -1,
      246, 283, 248, -1,
      248, 283, 279, -1,
      248, 279, 250, -1,
      270, 284, 285, -1,
      270, 285, 272, -1,
      272, 285, 286, -1,
      272, 286, 274, -1,
      274, 286, 287, -1,
      274, 287, 241, -1,
      241, 287, 280, -1,
      241, 280, 242, -1,
      262, 288, 289, -1,
      262, 289, 264, -1,
      264, 289, 290, -1,
      264, 290, 266, -1,
      266, 290, 291, -1,
      266, 291, 268, -1,
      268, 291, 284, -1,
      268, 284, 270, -1,
      256, 276, 292, -1,
      256, 292, 258, -1,
      258, 292, 293, -1,
      258, 293, 260, -1,
      260, 293, 288, -1,
      260, 288, 262, -1,
    ]
  }
}

Shape {
  appearance Appearance {
    material Material {
      diffuseColor 0.2510 0.2510 0.2510
      specularColor 0.1255 0.1255 0.1255
      ambientIntensity 0.2
      transparency 0.0000
      shininess 0.5
    }
  }
  geometry IndexedFaceSet {
    ccw TRUE
    solid FALSE
    coord DEF co Coordinate {
      point [
        0.475065 -0.465326 0.362205,
        0.469017 -0.465326 0.362205,
        0.469017 -0.496191 0.362205,
        0.474830 -0.496191 0.362205,
        0.486731 -0.492015 0.362205,
        0.485994 -0.492685 0.362205,
        0.483343 -0.494421 0.362205,
        0.479919 -0.495643 0.362205,
        0.491009 -0.480369 0.362205,
        0.490877 -0.482899 0.362205,
        0.490102 -0.486569 0.362205,
        0.488724 -0.489542 0.362205,
        0.486619 -0.469092 0.362205,
        0.487933 -0.470422 0.362205,
        0.489436 -0.472726 0.362205,
        0.490515 -0.475757 0.362205,
        0.480219 -0.465894 0.362205,
        0.483691 -0.467147 0.362205,
      ]
    }
    coordIndex [
      1, 2, 0, -1,
      0, 2, 3, -1,
      0, 3, 7, -1,
      7, 6, 0, -1,
      0, 6, 5, -1,
      0, 5, 4, -1,
      4, 11, 0, -1,
      0, 11, 10, -1,
      0, 10, 9, -1,
      9, 8, 0, -1,
      0, 8, 15, -1,
      0, 15, 14, -1,
      14, 13, 0, -1,
      0, 13, 12, -1,
      0, 12, 16, -1,
      16, 12, 17, -1,
    ]
  }
}

Shape {
  appearance Appearance {
    material Material {
      diffuseColor 1.0000 1.0000 1.0000
      specularColor 0.5020 0.5020 0.5020
      ambientIntensity 0.2
      transparency 0.0000
      shininess 0.5
    }
  }
  geometry IndexedFaceSet {
    ccw TRUE
    solid FALSE
    coord DEF co Coordinate {
      point [
        0.524893 -0.489805 0.362205,
        0.508222 -0.489805 0.362205,
        0.528977 -0.500755 0.362205,
        0.504374 -0.500755 0.362205,
        0.534687 -0.500755 0.362205,
        0.498664 -0.500755 0.362205,
        0.513913 -0.460720 0.362205,
        0.519439 -0.460720 0.362205,
        0.509860 -0.485281 0.362598,
        0.508222 -0.489805 0.362598,
        0.523297 -0.485281 0.362598,
        0.524893 -0.489805 0.362598,
        0.515847 -0.468641 0.362598,
        0.513913 -0.460720 0.362598,
        0.498664 -0.500755 0.362598,
        0.504374 -0.500755 0.362598,
        0.516193 -0.467446 0.362598,
        0.516502 -0.465837 0.362598,
        0.519439 -0.460720 0.362598,
        0.516624 -0.465837 0.362598,
        0.516948 -0.467531 0.362598,
        0.517249 -0.468641 0.362598,
        0.534687 -0.500755 0.362598,
        0.528977 -0.500755 0.362598,
        0.509860 -0.485281 0.362205,
        0.523297 -0.485281 0.362205,
        0.517249 -0.468641 0.362205,
        0.516624 -0.465837 0.362205,
        0.516948 -0.467531 0.362205,
        0.516502 -0.465837 0.362205,
        0.515847 -0.468641 0.362205,
        0.516193 -0.467446 0.362205,
      ]
    }
    coordIndex [
      8, 9, 10, -1,
      10, 9, 11, -1,
      12, 13, 8, -1,
      8, 13, 14, -1,
      8, 14, 9, -1,
      9, 14, 15, -1,
      12, 16, 13, -1,
      13, 16, 17, -1,
      13, 17, 18, -1,
      18, 17, 19, -1,
      18, 19, 20, -1,
      20, 21, 18, -1,
      18, 21, 10, -1,
      18, 10, 22, -1,
      22, 10, 11, -1,
      22, 11, 23, -1,
      18, 22, 7, -1,
      7, 22, 4, -1,
      13, 18, 6, -1,
      6, 18, 7, -1,
      14, 13, 5, -1,
      5, 13, 6, -1,
      15, 14, 3, -1,
      3, 14, 5, -1,
      9, 15, 1, -1,
      1, 15, 3, -1,
      11, 9, 0, -1,
      0, 9, 1, -1,
      23, 11, 2, -1,
      2, 11, 0, -1,
      22, 23, 4, -1,
      4, 23, 2, -1,
      8, 10, 24, -1,
      24, 10, 25, -1,
      10, 21, 25, -1,
      25, 21, 26, -1,
      19, 27, 28, -1,
      19, 28, 20, -1,
      20, 28, 26, -1,
      20, 26, 21, -1,
      19, 17, 27, -1,
      27, 17, 29, -1,
      12, 30, 31, -1,
      12, 31, 16, -1,
      16, 31, 29, -1,
      16, 29, 17, -1,
      12, 8, 30, -1,
      30, 8, 24, -1,
    ]
  }
}

Shape {
  appearance Appearance {
    material Material {
      diffuseColor 0.2510 0.2510 0.2510
      specularColor 0.1255 0.1255 0.1255
      ambientIntensity 0.2
      transparency 0.0000
      shininess 0.5
    }
  }
  geometry IndexedFaceSet {
    ccw TRUE
    solid FALSE
    coord DEF co Coordinate {
      point [
        0.509860 -0.485281 0.362205,
        0.523297 -0.485281 0.362205,
        0.517249 -0.468641 0.362205,
        0.516624 -0.465837 0.362205,
        0.516948 -0.467531 0.362205,
        0.516502 -0.465837 0.362205,
        0.515847 -0.468641 0.362205,
        0.516193 -0.467446 0.362205,
      ]
    }
    coordIndex [
      3, 5, 4, -1,
      4, 5, 7, -1,
      4, 7, 2, -1,
      2, 7, 6, -1,
      2, 6, 1, -1,
      1, 6, 0, -1,
    ]
  }
}

Shape {
  appearance Appearance {
    material Material {
      diffuseColor 1.0000 1.0000 1.0000
      specularColor 0.5020 0.5020 0.5020
      ambientIntensity 0.2
      transparency 0.0000
      shininess 0.5
    }
  }
  geometry IndexedFaceSet {
    ccw TRUE
    solid FALSE
    coord DEF co Coordinate {
      point [
        0.109639 -0.451931 0.362205,
        0.110179 -0.449320 0.362205,
        0.273321 -0.428788 0.362205,
        0.280925 -0.435426 0.362205,
        0.234847 -0.392733 0.362205,
        0.241002 -0.396872 0.362205,
        0.247542 -0.401269 0.362205,
        0.256855 -0.412010 0.362205,
        0.262913 -0.423756 0.362205,
        0.264907 -0.424444 0.362205,
        0.181585 -0.393284 0.362205,
        0.194708 -0.388212 0.362205,
        0.208831 -0.386467 0.362205,
        0.220563 -0.387700 0.362205,
        0.122869 -0.423186 0.362205,
        0.125695 -0.420578 0.362205,
        0.175798 -0.396872 0.362205,
        0.174674 -0.397569 0.362205,
        0.135284 -0.414260 0.362205,
        0.145931 -0.410549 0.362205,
        0.155602 -0.409524 0.362205,
        0.167985 -0.403297 0.362205,
        0.158876 -0.409702 0.362205,
        0.162149 -0.410093 0.362205,
        0.111958 -0.440730 0.362205,
        0.113481 -0.437581 0.362205,
        0.116820 -0.430681 0.362205,
        0.144217 -0.500325 0.362205,
        0.138970 -0.498650 0.362205,
        0.128891 -0.493256 0.362205,
        0.121445 -0.486662 0.362205,
        0.120148 -0.485157 0.362205,
        0.114207 -0.475936 0.362205,
        0.110512 -0.465255 0.362205,
        0.109490 -0.455636 0.362205,
        0.151291 -0.511643 0.362205,
        0.147061 -0.506417 0.362205,
        0.144576 -0.501093 0.362205,
        0.183046 -0.516952 0.362205,
        0.178132 -0.518836 0.362205,
        0.171258 -0.519680 0.362205,
        0.170141 -0.519659 0.362205,
        0.163422 -0.518607 0.362205,
        0.159489 -0.516952 0.362205,
        0.156857 -0.515844 0.362205,
        0.197936 -0.501093 0.362205,
        0.197922 -0.501155 0.362205,
        0.194565 -0.507507 0.362205,
        0.190153 -0.512459 0.362205,
        0.184482 -0.516401 0.362205,
        0.192606 -0.472145 0.362205,
        0.230748 -0.452220 0.362205,
        0.187644 -0.467624 0.362205,
        0.181606 -0.464384 0.362205,
        0.291062 -0.462615 0.362205,
        0.289589 -0.471931 0.362205,
        0.285852 -0.480857 0.362205,
        0.272203 -0.495033 0.362205,
        0.263458 -0.499116 0.362205,
        0.254658 -0.500894 0.362205,
        0.273311 -0.458880 0.362205,
        0.271985 -0.453409 0.362205,
        0.269791 -0.449320 0.362205,
        0.128129 -0.449320 0.362205,
        0.232863 -0.498872 0.362205,
        0.231774 -0.497798 0.362205,
        0.232668 -0.485413 0.362205,
        0.234440 -0.484214 0.362205,
        0.239572 -0.467306 0.362205,
        0.236406 -0.483485 0.362205,
        0.289943 -0.452341 0.362205,
        0.291093 -0.461044 0.362205,
        0.280561 -0.488085 0.362205,
        0.279688 -0.489002 0.362205,
        0.237865 -0.500894 0.362205,
        0.236677 -0.500733 0.362205,
        0.234776 -0.500095 0.362205,
        0.129783 -0.466371 0.362205,
        0.133206 -0.472204 0.362205,
        0.147659 -0.475117 0.362205,
        0.138312 -0.477444 0.362205,
        0.144502 -0.481254 0.362205,
        0.158192 -0.465700 0.362205,
        0.152369 -0.469740 0.362205,
        0.127423 -0.455067 0.362205,
        0.127755 -0.459398 0.362205,
        0.229610 -0.492070 0.362205,
        0.229650 -0.491227 0.362205,
        0.199722 -0.488370 0.362205,
        0.230151 -0.489044 0.362205,
        0.231189 -0.487059 0.362205,
        0.164481 -0.463300 0.362205,
        0.171258 -0.462467 0.362205,
        0.174737 -0.462674 0.362205,
        0.230565 -0.495996 0.362205,
        0.229847 -0.494060 0.362205,
        0.199574 -0.494125 0.362205,
        0.199722 -0.491216 0.362205,
        0.238433 -0.483246 0.362205,
        0.238711 -0.483266 0.362205,
        0.239565 -0.483455 0.362205,
        0.267675 -0.476375 0.362205,
        0.270805 -0.471934 0.362205,
        0.272764 -0.466860 0.362205,
        0.273445 -0.461329 0.362205,
        0.240141 -0.483531 0.362205,
        0.252950 -0.483531 0.362205,
        0.258025 -0.482563 0.362205,
        0.263052 -0.480244 0.362205,
        0.267266 -0.476814 0.362205,
        0.248965 -0.439126 0.362205,
        0.130702 -0.441843 0.362205,
        0.128268 -0.448192 0.362205,
        0.251243 -0.439126 0.362205,
        0.269347 -0.448492 0.362205,
        0.266028 -0.444781 0.362205,
        0.261612 -0.441701 0.362205,
        0.256643 -0.439791 0.362205,
        0.133664 -0.437581 0.362205,
        0.170973 -0.430872 0.362205,
        0.168874 -0.429727 0.362205,
        0.244115 -0.424157 0.362205,
        0.238154 -0.416086 0.362205,
        0.235073 -0.413164 0.362205,
        0.226985 -0.407787 0.362205,
        0.218001 -0.404549 0.362205,
        0.162489 -0.427411 0.362205,
        0.155887 -0.426602 0.362205,
        0.152978 -0.426751 0.362205,
        0.248676 -0.437581 0.362205,
        0.247930 -0.433592 0.362205,
        0.209115 -0.403546 0.362205,
        0.207628 -0.403572 0.362205,
        0.174847 -0.422621 0.362205,
        0.198151 -0.405028 0.362205,
        0.181051 -0.414865 0.362205,
        0.188895 -0.408917 0.362205,
        0.145948 -0.428403 0.362205,
        0.139596 -0.431759 0.362205,
        0.134644 -0.436171 0.362205,
        0.282421 -0.437581 0.362205,
        0.286607 -0.443612 0.362205,
        0.288789 -0.449320 0.362205,
        0.147061 -0.506417 0.362598,
        0.151291 -0.511643 0.362598,
        0.144502 -0.481254 0.362598,
        0.199722 -0.488370 0.362598,
        0.175931 -0.481576 0.362598,
        0.178231 -0.483110 0.362598,
        0.239572 -0.467306 0.362598,
        0.230748 -0.452220 0.362598,
        0.192606 -0.472145 0.362598,
        0.173282 -0.480644 0.362598,
        0.170973 -0.480400 0.362598,
        0.174737 -0.462674 0.362598,
        0.171258 -0.462467 0.362598,
        0.166151 -0.481509 0.362598,
        0.138312 -0.477444 0.362598,
        0.138970 -0.498650 0.362598,
        0.144217 -0.500325 0.362598,
        0.163644 -0.499830 0.362598,
        0.165928 -0.501382 0.362598,
        0.156857 -0.515844 0.362598,
        0.168569 -0.502337 0.362598,
        0.181606 -0.464384 0.362598,
        0.164481 -0.463300 0.362598,
        0.158192 -0.465700 0.362598,
        0.163867 -0.482982 0.362598,
        0.152369 -0.469740 0.362598,
        0.161977 -0.484998 0.362598,
        0.147659 -0.475117 0.362598,
        0.160630 -0.487456 0.362598,
        0.159949 -0.490184 0.362598,
        0.248965 -0.439126 0.362598,
        0.251243 -0.439126 0.362598,
        0.262913 -0.423756 0.362598,
        0.256643 -0.439791 0.362598,
        0.264907 -0.424444 0.362598,
        0.261612 -0.441701 0.362598,
        0.273321 -0.428788 0.362598,
        0.280925 -0.435426 0.362598,
        0.168874 -0.429727 0.362598,
        0.170973 -0.430872 0.362598,
        0.162149 -0.410093 0.362598,
        0.174847 -0.422621 0.362598,
        0.167985 -0.403297 0.362598,
        0.181051 -0.414865 0.362598,
        0.174674 -0.397569 0.362598,
        0.188895 -0.408917 0.362598,
        0.181585 -0.393284 0.362598,
        0.236677 -0.500733 0.362598,
        0.237865 -0.500894 0.362598,
        0.240141 -0.483531 0.362598,
        0.194708 -0.388212 0.362598,
        0.198151 -0.405028 0.362598,
        0.208831 -0.386467 0.362598,
        0.247542 -0.401269 0.362598,
        0.238154 -0.416086 0.362598,
        0.256855 -0.412010 0.362598,
        0.244115 -0.424157 0.362598,
        0.247930 -0.433592 0.362598,
        0.133206 -0.472204 0.362598,
        0.121445 -0.486662 0.362598,
        0.128891 -0.493256 0.362598,
        0.128268 -0.448192 0.362598,
        0.109639 -0.451931 0.362598,
        0.127423 -0.455067 0.362598,
        0.109490 -0.455636 0.362598,
        0.127755 -0.459398 0.362598,
        0.110512 -0.465255 0.362598,
        0.129783 -0.466371 0.362598,
        0.114207 -0.475936 0.362598,
        0.120148 -0.485157 0.362598,
        0.168669 -0.480643 0.362598,
        0.187644 -0.467624 0.362598,
        0.266028 -0.444781 0.362598,
        0.269347 -0.448492 0.362598,
        0.286607 -0.443612 0.362598,
        0.271985 -0.453409 0.362598,
        0.289943 -0.452341 0.362598,
        0.273311 -0.458880 0.362598,
        0.291093 -0.461044 0.362598,
        0.273445 -0.461329 0.362598,
        0.252950 -0.483531 0.362598,
        0.254658 -0.500894 0.362598,
        0.258025 -0.482563 0.362598,
        0.263458 -0.499116 0.362598,
        0.263052 -0.480244 0.362598,
        0.272203 -0.495033 0.362598,
        0.267266 -0.476814 0.362598,
        0.279688 -0.489002 0.362598,
        0.267675 -0.476375 0.362598,
        0.280561 -0.488085 0.362598,
        0.270805 -0.471934 0.362598,
        0.285852 -0.480857 0.362598,
        0.272764 -0.466860 0.362598,
        0.289589 -0.471931 0.362598,
        0.291062 -0.462615 0.362598,
        0.162489 -0.427411 0.362598,
        0.158876 -0.409702 0.362598,
        0.155887 -0.426602 0.362598,
        0.155602 -0.409524 0.362598,
        0.152978 -0.426751 0.362598,
        0.145931 -0.410549 0.362598,
        0.145948 -0.428403 0.362598,
        0.135284 -0.414260 0.362598,
        0.139596 -0.431759 0.362598,
        0.125695 -0.420578 0.362598,
        0.134644 -0.436171 0.362598,
        0.122869 -0.423186 0.362598,
        0.130702 -0.441843 0.362598,
        0.116820 -0.430681 0.362598,
        0.111958 -0.440730 0.362598,
        0.161817 -0.497777 0.362598,
        0.160588 -0.495436 0.362598,
        0.159949 -0.492817 0.362598,
        0.229650 -0.491227 0.362598,
        0.229610 -0.492070 0.362598,
        0.238711 -0.483266 0.362598,
        0.207628 -0.403572 0.362598,
        0.209115 -0.403546 0.362598,
        0.220563 -0.387700 0.362598,
        0.218001 -0.404549 0.362598,
        0.234847 -0.392733 0.362598,
        0.226985 -0.407787 0.362598,
        0.235073 -0.413164 0.362598,
        0.180075 -0.485146 0.362598,
        0.181324 -0.487476 0.362598,
        0.199722 -0.491216 0.362598,
        0.181989 -0.490114 0.362598,
        0.199574 -0.494125 0.362598,
        0.181987 -0.492883 0.362598,
        0.197922 -0.501155 0.362598,
        0.181281 -0.495607 0.362598,
        0.194565 -0.507507 0.362598,
        0.179933 -0.498042 0.362598,
        0.190153 -0.512459 0.362598,
        0.178040 -0.500058 0.362598,
        0.184482 -0.516401 0.362598,
        0.175812 -0.501496 0.362598,
        0.178132 -0.518836 0.362598,
        0.173299 -0.502359 0.362598,
        0.171258 -0.519680 0.362598,
        0.170973 -0.502602 0.362598,
        0.170141 -0.519659 0.362598,
        0.163422 -0.518607 0.362598,
        0.231774 -0.497798 0.362598,
        0.232863 -0.498872 0.362598,
        0.229847 -0.494060 0.362598,
        0.230565 -0.495996 0.362598,
        0.239565 -0.483455 0.362598,
        0.234776 -0.500095 0.362598,
        0.238433 -0.483246 0.362598,
        0.236406 -0.483485 0.362598,
        0.234440 -0.484214 0.362598,
        0.232668 -0.485413 0.362598,
        0.231189 -0.487059 0.362598,
        0.230151 -0.489044 0.362598,
        0.170973 -0.480400 0.362205,
        0.173282 -0.480644 0.362205,
        0.175931 -0.481576 0.362205,
        0.178231 -0.483110 0.362205,
        0.180075 -0.485146 0.362205,
        0.181324 -0.487476 0.362205,
        0.181989 -0.490114 0.362205,
        0.181987 -0.492883 0.362205,
        0.181281 -0.495607 0.362205,
        0.179933 -0.498042 0.362205,
        0.178040 -0.500058 0.362205,
        0.175812 -0.501496 0.362205,
        0.173299 -0.502359 0.362205,
        0.170973 -0.502602 0.362205,
        0.168569 -0.502337 0.362205,
        0.165928 -0.501382 0.362205,
        0.163644 -0.499830 0.362205,
        0.161817 -0.497777 0.362205,
        0.160588 -0.495436 0.362205,
        0.159949 -0.492817 0.362205,
        0.159949 -0.490184 0.362205,
        0.160630 -0.487456 0.362205,
        0.161977 -0.484998 0.362205,
        0.163867 -0.482982 0.362205,
        0.166151 -0.481509 0.362205,
        0.168669 -0.480643 0.362205,
      ]
    }
    coordIndex [
      143, 144, 145, -1,
      146, 147, 148, -1,
      149, 150, 151, -1,
      147, 146, 152, -1,
      152, 146, 149, -1,
      152, 149, 153, -1,
      154, 155, 156, -1,
      157, 158, 145, -1,
      145, 158, 159, -1,
      145, 159, 143, -1,
      160, 144, 161, -1,
      161, 144, 162, -1,
      161, 162, 163, -1,
      154, 156, 164, -1,
      155, 165, 156, -1,
      156, 165, 166, -1,
      156, 166, 167, -1,
      167, 166, 168, -1,
      167, 168, 169, -1,
      169, 168, 170, -1,
      169, 170, 171, -1,
      171, 170, 145, -1,
      171, 145, 172, -1,
      173, 174, 175, -1,
      175, 174, 176, -1,
      175, 176, 177, -1,
      177, 176, 178, -1,
      177, 178, 179, -1,
      179, 178, 180, -1,
      181, 182, 183, -1,
      183, 182, 184, -1,
      183, 184, 185, -1,
      185, 184, 186, -1,
      185, 186, 187, -1,
      187, 186, 188, -1,
      187, 188, 189, -1,
      190, 191, 192, -1,
      189, 188, 193, -1,
      193, 188, 194, -1,
      193, 194, 195, -1,
      196, 197, 198, -1,
      198, 197, 199, -1,
      198, 199, 175, -1,
      175, 199, 200, -1,
      175, 200, 173, -1,
      201, 202, 157, -1,
      157, 202, 203, -1,
      157, 203, 158, -1,
      204, 205, 206, -1,
      206, 205, 207, -1,
      206, 207, 208, -1,
      208, 207, 209, -1,
      208, 209, 210, -1,
      210, 209, 211, -1,
      210, 211, 201, -1,
      201, 211, 212, -1,
      201, 212, 202, -1,
      153, 149, 213, -1,
      213, 149, 151, -1,
      213, 151, 156, -1,
      156, 151, 214, -1,
      156, 214, 164, -1,
      178, 215, 180, -1,
      180, 215, 216, -1,
      180, 216, 217, -1,
      217, 216, 218, -1,
      217, 218, 219, -1,
      219, 218, 220, -1,
      219, 220, 221, -1,
      221, 220, 222, -1,
      192, 191, 223, -1,
      223, 191, 224, -1,
      223, 224, 225, -1,
      225, 224, 226, -1,
      225, 226, 227, -1,
      227, 226, 228, -1,
      227, 228, 229, -1,
      229, 228, 230, -1,
      229, 230, 231, -1,
      231, 230, 232, -1,
      231, 232, 233, -1,
      233, 232, 234, -1,
      233, 234, 235, -1,
      235, 234, 236, -1,
      235, 236, 222, -1,
      222, 236, 237, -1,
      222, 237, 221, -1,
      181, 183, 238, -1,
      238, 183, 239, -1,
      238, 239, 240, -1,
      240, 239, 241, -1,
      240, 241, 242, -1,
      242, 241, 243, -1,
      242, 243, 244, -1,
      244, 243, 245, -1,
      244, 245, 246, -1,
      246, 245, 247, -1,
      246, 247, 248, -1,
      248, 247, 249, -1,
      248, 249, 250, -1,
      250, 249, 251, -1,
      250, 251, 204, -1,
      204, 251, 252, -1,
      204, 252, 205, -1,
      160, 253, 144, -1,
      144, 253, 254, -1,
      144, 254, 145, -1,
      145, 254, 255, -1,
      145, 255, 172, -1,
      256, 257, 258, -1,
      194, 259, 195, -1,
      195, 259, 260, -1,
      195, 260, 261, -1,
      261, 260, 262, -1,
      261, 262, 263, -1,
      263, 262, 264, -1,
      263, 264, 196, -1,
      196, 264, 265, -1,
      196, 265, 197, -1,
      148, 266, 146, -1,
      146, 266, 267, -1,
      146, 267, 268, -1,
      268, 267, 269, -1,
      268, 269, 270, -1,
      270, 269, 271, -1,
      270, 271, 272, -1,
      272, 271, 273, -1,
      272, 273, 274, -1,
      274, 273, 275, -1,
      274, 275, 276, -1,
      276, 275, 277, -1,
      276, 277, 278, -1,
      278, 277, 279, -1,
      278, 279, 280, -1,
      280, 279, 281, -1,
      280, 281, 282, -1,
      282, 281, 283, -1,
      282, 283, 284, -1,
      284, 283, 163, -1,
      284, 163, 285, -1,
      285, 163, 162, -1,
      258, 286, 287, -1,
      257, 288, 258, -1,
      258, 288, 289, -1,
      258, 289, 286, -1,
      192, 290, 190, -1,
      190, 290, 258, -1,
      190, 258, 291, -1,
      291, 258, 287, -1,
      258, 292, 256, -1,
      256, 292, 293, -1,
      256, 293, 294, -1,
      294, 295, 256, -1,
      256, 295, 296, -1,
      256, 296, 297, -1,
      221, 71, 70, -1,
      140, 180, 217, -1,
      221, 70, 219, -1,
      219, 70, 142, -1,
      219, 142, 217, -1,
      217, 142, 141, -1,
      217, 141, 140, -1,
      140, 3, 180, -1,
      180, 3, 2, -1,
      180, 2, 179, -1,
      179, 2, 9, -1,
      179, 9, 177, -1,
      177, 9, 8, -1,
      177, 8, 175, -1,
      175, 8, 7, -1,
      175, 7, 198, -1,
      198, 7, 6, -1,
      198, 6, 196, -1,
      263, 196, 5, -1,
      5, 196, 6, -1,
      5, 4, 263, -1,
      263, 4, 13, -1,
      263, 13, 261, -1,
      261, 13, 12, -1,
      261, 12, 195, -1,
      17, 187, 16, -1,
      16, 187, 189, -1,
      16, 189, 10, -1,
      10, 189, 193, -1,
      10, 193, 11, -1,
      11, 193, 195, -1,
      11, 195, 12, -1,
      187, 17, 21, -1,
      187, 21, 185, -1,
      185, 21, 23, -1,
      185, 23, 183, -1,
      183, 23, 22, -1,
      183, 22, 239, -1,
      239, 22, 20, -1,
      239, 20, 241, -1,
      241, 20, 19, -1,
      241, 19, 243, -1,
      243, 19, 18, -1,
      243, 18, 245, -1,
      245, 18, 15, -1,
      245, 15, 247, -1,
      247, 15, 14, -1,
      247, 14, 249, -1,
      34, 207, 205, -1,
      249, 14, 26, -1,
      249, 26, 251, -1,
      251, 26, 25, -1,
      251, 25, 252, -1,
      25, 24, 252, -1,
      252, 24, 1, -1,
      252, 1, 205, -1,
      205, 1, 0, -1,
      205, 0, 34, -1,
      207, 34, 33, -1,
      207, 33, 209, -1,
      209, 33, 32, -1,
      209, 32, 211, -1,
      211, 32, 31, -1,
      211, 31, 212, -1,
      212, 31, 30, -1,
      212, 30, 202, -1,
      202, 30, 29, -1,
      202, 29, 203, -1,
      203, 29, 28, -1,
      203, 28, 158, -1,
      158, 28, 27, -1,
      158, 27, 159, -1,
      159, 27, 37, -1,
      159, 37, 143, -1,
      37, 36, 143, -1,
      143, 36, 35, -1,
      143, 35, 144, -1,
      144, 35, 44, -1,
      144, 44, 162, -1,
      162, 44, 43, -1,
      162, 43, 285, -1,
      43, 42, 285, -1,
      285, 42, 41, -1,
      285, 41, 284, -1,
      284, 41, 40, -1,
      284, 40, 282, -1,
      97, 268, 270, -1,
      282, 40, 39, -1,
      282, 39, 280, -1,
      280, 39, 38, -1,
      280, 38, 278, -1,
      38, 49, 278, -1,
      278, 49, 48, -1,
      278, 48, 276, -1,
      276, 48, 47, -1,
      276, 47, 274, -1,
      274, 47, 46, -1,
      274, 46, 272, -1,
      272, 46, 45, -1,
      272, 45, 270, -1,
      270, 45, 96, -1,
      270, 96, 97, -1,
      146, 268, 88, -1,
      88, 268, 97, -1,
      149, 146, 68, -1,
      68, 146, 88, -1,
      150, 149, 51, -1,
      51, 149, 68, -1,
      151, 150, 50, -1,
      50, 150, 51, -1,
      151, 50, 52, -1,
      151, 52, 214, -1,
      214, 52, 53, -1,
      214, 53, 164, -1,
      164, 53, 93, -1,
      164, 93, 154, -1,
      154, 93, 92, -1,
      154, 92, 155, -1,
      155, 92, 91, -1,
      155, 91, 165, -1,
      165, 91, 82, -1,
      165, 82, 166, -1,
      166, 82, 83, -1,
      166, 83, 168, -1,
      168, 83, 79, -1,
      168, 79, 170, -1,
      170, 79, 81, -1,
      170, 81, 145, -1,
      145, 81, 80, -1,
      145, 80, 157, -1,
      157, 80, 78, -1,
      157, 78, 201, -1,
      201, 78, 77, -1,
      201, 77, 210, -1,
      210, 77, 85, -1,
      210, 85, 208, -1,
      208, 85, 84, -1,
      208, 84, 206, -1,
      206, 84, 204, -1,
      204, 84, 63, -1,
      63, 112, 204, -1,
      204, 112, 111, -1,
      204, 111, 250, -1,
      250, 111, 118, -1,
      250, 118, 248, -1,
      118, 139, 248, -1,
      248, 139, 138, -1,
      248, 138, 246, -1,
      246, 138, 137, -1,
      246, 137, 244, -1,
      244, 137, 128, -1,
      244, 128, 242, -1,
      242, 128, 127, -1,
      242, 127, 240, -1,
      240, 127, 126, -1,
      240, 126, 238, -1,
      238, 126, 120, -1,
      238, 120, 181, -1,
      181, 120, 119, -1,
      181, 119, 182, -1,
      182, 119, 133, -1,
      182, 133, 184, -1,
      184, 133, 135, -1,
      184, 135, 186, -1,
      186, 135, 136, -1,
      186, 136, 188, -1,
      188, 136, 134, -1,
      188, 134, 194, -1,
      194, 134, 132, -1,
      194, 132, 259, -1,
      259, 132, 131, -1,
      259, 131, 260, -1,
      110, 173, 129, -1,
      129, 173, 200, -1,
      129, 200, 130, -1,
      130, 200, 199, -1,
      130, 199, 121, -1,
      121, 199, 197, -1,
      121, 197, 122, -1,
      122, 197, 265, -1,
      122, 265, 123, -1,
      123, 265, 264, -1,
      123, 264, 124, -1,
      124, 264, 262, -1,
      124, 262, 125, -1,
      125, 262, 260, -1,
      125, 260, 131, -1,
      174, 173, 113, -1,
      113, 173, 110, -1,
      174, 113, 117, -1,
      174, 117, 176, -1,
      176, 117, 116, -1,
      176, 116, 178, -1,
      178, 116, 115, -1,
      178, 115, 215, -1,
      215, 115, 114, -1,
      215, 114, 216, -1,
      216, 114, 62, -1,
      216, 62, 218, -1,
      62, 61, 218, -1,
      218, 61, 60, -1,
      218, 60, 220, -1,
      220, 60, 104, -1,
      220, 104, 222, -1,
      222, 104, 103, -1,
      222, 103, 235, -1,
      235, 103, 102, -1,
      235, 102, 233, -1,
      233, 102, 101, -1,
      233, 101, 231, -1,
      231, 101, 109, -1,
      231, 109, 229, -1,
      229, 109, 108, -1,
      229, 108, 227, -1,
      227, 108, 107, -1,
      227, 107, 225, -1,
      225, 107, 106, -1,
      225, 106, 223, -1,
      192, 223, 105, -1,
      105, 223, 106, -1,
      192, 105, 100, -1,
      192, 100, 290, -1,
      290, 100, 99, -1,
      290, 99, 258, -1,
      258, 99, 98, -1,
      258, 98, 292, -1,
      292, 98, 69, -1,
      292, 69, 293, -1,
      293, 69, 67, -1,
      293, 67, 294, -1,
      294, 67, 66, -1,
      294, 66, 295, -1,
      295, 66, 90, -1,
      295, 90, 296, -1,
      296, 90, 89, -1,
      296, 89, 297, -1,
      297, 89, 87, -1,
      297, 87, 256, -1,
      256, 87, 86, -1,
      256, 86, 257, -1,
      257, 86, 95, -1,
      257, 95, 288, -1,
      288, 95, 94, -1,
      288, 94, 289, -1,
      289, 94, 65, -1,
      289, 65, 286, -1,
      286, 65, 64, -1,
      286, 64, 287, -1,
      287, 64, 76, -1,
      287, 76, 291, -1,
      291, 76, 75, -1,
      291, 75, 190, -1,
      190, 75, 74, -1,
      190, 74, 191, -1,
      224, 191, 59, -1,
      59, 191, 74, -1,
      224, 59, 58, -1,
      224, 58, 226, -1,
      226, 58, 57, -1,
      226, 57, 228, -1,
      228, 57, 73, -1,
      228, 73, 230, -1,
      230, 73, 72, -1,
      230, 72, 232, -1,
      232, 72, 56, -1,
      232, 56, 234, -1,
      234, 56, 55, -1,
      234, 55, 236, -1,
      236, 55, 54, -1,
      236, 54, 237, -1,
      237, 54, 71, -1,
      237, 71, 221, -1,
      153, 298, 299, -1,
      153, 299, 152, -1,
      152, 299, 300, -1,
      152, 300, 147, -1,
      147, 300, 301, -1,
      147, 301, 148, -1,
      148, 301, 302, -1,
      148, 302, 266, -1,
      266, 302, 303, -1,
      266, 303, 267, -1,
      267, 303, 304, -1,
      267, 304, 269, -1,
      269, 304, 305, -1,
      269, 305, 271, -1,
      271, 305, 306, -1,
      271, 306, 273, -1,
      273, 306, 307, -1,
      273, 307, 275, -1,
      275, 307, 308, -1,
      275, 308, 277, -1,
      277, 308, 309, -1,
      277, 309, 279, -1,
      279, 309, 310, -1,
      279, 310, 281, -1,
      281, 310, 311, -1,
      281, 311, 283, -1,
      283, 311, 312, -1,
      283, 312, 163, -1,
      163, 312, 313, -1,
      163, 313, 161, -1,
      161, 313, 314, -1,
      161, 314, 160, -1,
      160, 314, 315, -1,
      160, 315, 253, -1,
      253, 315, 316, -1,
      253, 316, 254, -1,
      254, 316, 317, -1,
      254, 317, 255, -1,
      255, 317, 318, -1,
      255, 318, 172, -1,
      172, 318, 319, -1,
      172, 319, 171, -1,
      171, 319, 320, -1,
      171, 320, 169, -1,
      169, 320, 321, -1,
      169, 321, 167, -1,
      167, 321, 322, -1,
      167, 322, 156, -1,
      156, 322, 323, -1,
      156, 323, 213, -1,
      213, 323, 298, -1,
      213, 298, 153, -1,
    ]
  }
}

Shape {
  appearance Appearance {
    material Material {
      diffuseColor 0.2510 0.2510 0.2510
      specularColor 0.1255 0.1255 0.1255
      ambientIntensity 0.2
      transparency 0.0000
      shininess 0.5
    }
  }
  geometry IndexedFaceSet {
    ccw TRUE
    solid FALSE
    coord DEF co Coordinate {
      point [
        0.170973 -0.480400 0.362205,
        0.173282 -0.480644 0.362205,
        0.175931 -0.481576 0.362205,
        0.178231 -0.483110 0.362205,
        0.180075 -0.485146 0.362205,
        0.181324 -0.487476 0.362205,
        0.181989 -0.490114 0.362205,
        0.181987 -0.492883 0.362205,
        0.181281 -0.495607 0.362205,
        0.179933 -0.498042 0.362205,
        0.178040 -0.500058 0.362205,
        0.175812 -0.501496 0.362205,
        0.173299 -0.502359 0.362205,
        0.170973 -0.502602 0.362205,
        0.168569 -0.502337 0.362205,
        0.165928 -0.501382 0.362205,
        0.163644 -0.499830 0.362205,
        0.161817 -0.497777 0.362205,
        0.160588 -0.495436 0.362205,
        0.159949 -0.492817 0.362205,
        0.159949 -0.490184 0.362205,
        0.160630 -0.487456 0.362205,
        0.161977 -0.484998 0.362205,
        0.163867 -0.482982 0.362205,
        0.166151 -0.481509 0.362205,
        0.168669 -0.480643 0.362205,
      ]
    }
    coordIndex [
      25, 13, 0, -1,
      0, 13, 12, -1,
      0, 12, 1, -1,
      22, 21, 20, -1,
      18, 17, 25, -1,
      25, 17, 16, -1,
      5, 4, 10, -1,
      10, 4, 3, -1,
      16, 15, 25, -1,
      25, 15, 14, -1,
      25, 14, 13, -1,
      8, 7, 6, -1,
      12, 11, 1, -1,
      1, 11, 10, -1,
      1, 10, 2, -1,
      2, 10, 3, -1,
      18, 25, 19, -1,
      19, 25, 24, -1,
      19, 24, 20, -1,
      20, 24, 23, -1,
      20, 23, 22, -1,
      5, 10, 6, -1,
      6, 10, 9, -1,
      6, 9, 8, -1,
    ]
  }
}

Shape {
  appearance Appearance {
    material Material {
      diffuseColor 1.0000 1.0000 0.0000
      specularColor 0.5020 0.5020 0.0000
      ambientIntensity 0.2
      transparency 0.0000
      shininess 0.5
    }
  }
  geometry IndexedFaceSet {
    ccw TRUE
    solid FALSE
    coord DEF co Coordinate {
      point [
        0.413386 -0.442913 0.007874,
        0.413386 -0.344488 0.007874,
        0.413386 -0.442913 0.000000,
        0.413386 -0.344488 0.000000,
        0.551181 -0.442913 0.007874,
        0.551181 -0.442913 0.000000,
        0.551181 -0.344488 0.007874,
        0.551181 -0.344488 0.000000,
        0.413386 -0.246063 0.007874,
        0.413386 -0.147638 0.007874,
        0.413386 -0.246063 0.000000,
        0.413386 -0.147638 0.000000,
        0.551181 -0.246063 0.007874,
        0.551181 -0.246063 0.000000,
        0.551181 -0.147638 0.007874,
        0.551181 -0.147638 0.000000,
        0.413386 -0.049213 0.007874,
        0.413386 0.049213 0.007874,
        0.413386 -0.049213 0.000000,
        0.413386 0.049213 0.000000,
        0.551181 -0.049213 0.007874,
        0.551181 -0.049213 0.000000,
        0.551181 0.049213 0.007874,
        0.551181 0.049213 0.000000,
        0.413386 0.147638 0.007874,
        0.413386 0.246063 0.007874,
        0.413386 0.147638 0.000000,
        0.413386 0.246063 0.000000,
        0.551181 0.147638 0.007874,
        0.551181 0.147638 0.000000,
        0.551181 0.246063 0.007874,
        0.551181 0.246063 0.000000,
        -0.246063 -0.413386 0.007874,
        -0.147638 -0.413386 0.007874,
        -0.246063 -0.413386 0.000000,
        -0.147638 -0.413386 0.000000,
        -0.246063 -0.551181 0.007874,
        -0.246063 -0.551181 0.000000,
        -0.147638 -0.551181 0.007874,
        -0.147638 -0.551181 0.000000,
        -0.049213 -0.413386 0.007874,
        0.049213 -0.413386 0.007874,
        -0.049213 -0.413386 0.000000,
        0.049213 -0.413386 0.000000,
        -0.049213 -0.551181 0.007874,
        -0.049213 -0.551181 0.000000,
        0.049213 -0.551181 0.007874,
        0.049213 -0.551181 0.000000,
        0.147638 -0.413386 0.007874,
        0.246063 -0.413386 0.007874,
        0.147638 -0.413386 0.000000,
        0.246063 -0.413386 0.000000,
        0.147638 -0.551181 0.007874,
        0.147638 -0.551181 0.000000,
        0.246063 -0.551181 0.007874,
        0.246063 -0.551181 0.000000,
        -0.413386 0.442913 0.007874,
        -0.413386 0.344488 0.007874,
        -0.413386 0.442913 0.000000,
        -0.413386 0.344488 0.000000,
        -0.551181 0.442913 0.007874,
        -0.551181 0.442913 0.000000,
        -0.551181 0.344488 0.007874,
        -0.551181 0.344488 0.000000,
        -0.413386 0.246063 0.007874,
        -0.413386 0.147638 0.007874,
        -0.413386 0.246063 0.000000,
        -0.413386 0.147638 0.000000,
        -0.551181 0.246063 0.007874,
        -0.551181 0.246063 0.000000,
        -0.551181 0.147638 0.007874,
        -0.551181 0.147638 0.000000,
        -0.413386 0.049213 0.007874,
        -0.413386 -0.049213 0.007874,
        -0.413386 0.049213 0.000000,
        -0.413386 -0.049213 0.000000,
        -0.551181 0.049213 0.007874,
        -0.551181 0.049213 0.000000,
        -0.551181 -0.049213 0.007874,
        -0.551181 -0.049213 0.000000,
        -0.413386 -0.147638 0.007874,
        -0.413386 -0.246063 0.007874,
        -0.413386 -0.147638 0.000000,
        -0.413386 -0.246063 0.000000,
        -0.551181 -0.147638 0.007874,
        -0.551181 -0.147638 0.000000,
        -0.551181 -0.246063 0.007874,
        -0.551181 -0.246063 0.000000,
        -0.413386 -0.442913 0.007874,
        -0.551181 -0.442913 0.007874,
        -0.413386 -0.442913 0.000000,
        -0.551181 -0.442913 0.000000,
        -0.413386 -0.344488 0.007874,
        -0.413386 -0.344488 0.000000,
        -0.551181 -0.344488 0.007874,
        -0.551181 -0.344488 0.000000,
        0.413386 0.442913 0.007874,
        0.551181 0.442913 0.007874,
        0.413386 0.442913 0.000000,
        0.551181 0.442913 0.000000,
        0.413386 0.344488 0.007874,
        0.413386 0.344488 0.000000,
        0.551181 0.344488 0.007874,
        0.551181 0.344488 0.000000,
      ]
    }
    coordIndex [
      0, 1, 2, -1,
      2, 1, 3, -1,
      4, 0, 5, -1,
      5, 0, 2, -1,
      6, 4, 7, -1,
      7, 4, 5, -1,
      1, 6, 3, -1,
      3, 6, 7, -1,
      4, 6, 0, -1,
      0, 6, 1, -1,
      7, 5, 3, -1,
      3, 5, 2, -1,
      8, 9, 10, -1,
      10, 9, 11, -1,
      12, 8, 13, -1,
      13, 8, 10, -1,
      14, 12, 15, -1,
      15, 12, 13, -1,
      9, 14, 11, -1,
      11, 14, 15, -1,
      12, 14, 8, -1,
      8, 14, 9, -1,
      15, 13, 11, -1,
      11, 13, 10, -1,
      16, 17, 18, -1,
      18, 17, 19, -1,
      20, 16, 21, -1,
      21, 16, 18, -1,
      22, 20, 23, -1,
      23, 20, 21, -1,
      17, 22, 19, -1,
      19, 22, 23, -1,
      20, 22, 16, -1,
      16, 22, 17, -1,
      23, 21, 19, -1,
      19, 21, 18, -1,
      24, 25, 26, -1,
      26, 25, 27, -1,
      28, 24, 29, -1,
      29, 24, 26, -1,
      30, 28, 31, -1,
      31, 28, 29, -1,
      25, 30, 27, -1,
      27, 30, 31, -1,
      28, 30, 24, -1,
      24, 30, 25, -1,
      31, 29, 27, -1,
      27, 29, 26, -1,
      32, 33, 34, -1,
      34, 33, 35, -1,
      36, 32, 37, -1,
      37, 32, 34, -1,
      38, 36, 39, -1,
      39, 36, 37, -1,
      33, 38, 35, -1,
      35, 38, 39, -1,
      36, 38, 32, -1,
      32, 38, 33, -1,
      39, 37, 35, -1,
      35, 37, 34, -1,
      40, 41, 42, -1,
      42, 41, 43, -1,
      44, 40, 45, -1,
      45, 40, 42, -1,
      46, 44, 47, -1,
      47, 44, 45, -1,
      41, 46, 43, -1,
      43, 46, 47, -1,
      44, 46, 40, -1,
      40, 46, 41, -1,
      47, 45, 43, -1,
      43, 45, 42, -1,
      48, 49, 50, -1,
      50, 49, 51, -1,
      52, 48, 53, -1,
      53, 48, 50, -1,
      54, 52, 55, -1,
      55, 52, 53, -1,
      49, 54, 51, -1,
      51, 54, 55, -1,
      52, 54, 48, -1,
      48, 54, 49, -1,
      55, 53, 51, -1,
      51, 53, 50, -1,
      56, 57, 58, -1,
      58, 57, 59, -1,
      60, 56, 61, -1,
      61, 56, 58, -1,
      62, 60, 63, -1,
      63, 60, 61, -1,
      57, 62, 59, -1,
      59, 62, 63, -1,
      60, 62, 56, -1,
      56, 62, 57, -1,
      63, 61, 59, -1,
      59, 61, 58, -1,
      64, 65, 66, -1,
      66, 65, 67, -1,
      68, 64, 69, -1,
      69, 64, 66, -1,
      70, 68, 71, -1,
      71, 68, 69, -1,
      65, 70, 67, -1,
      67, 70, 71, -1,
      68, 70, 64, -1,
      64, 70, 65, -1,
      71, 69, 67, -1,
      67, 69, 66, -1,
      72, 73, 74, -1,
      74, 73, 75, -1,
      76, 72, 77, -1,
      77, 72, 74, -1,
      78, 76, 79, -1,
      79, 76, 77, -1,
      73, 78, 75, -1,
      75, 78, 79, -1,
      76, 78, 72, -1,
      72, 78, 73, -1,
      79, 77, 75, -1,
      75, 77, 74, -1,
      80, 81, 82, -1,
      82, 81, 83, -1,
      84, 80, 85, -1,
      85, 80, 82, -1,
      86, 84, 87, -1,
      87, 84, 85, -1,
      81, 86, 83, -1,
      83, 86, 87, -1,
      84, 86, 80, -1,
      80, 86, 81, -1,
      87, 85, 83, -1,
      83, 85, 82, -1,
      88, 89, 90, -1,
      90, 89, 91, -1,
      92, 88, 93, -1,
      93, 88, 90, -1,
      94, 92, 95, -1,
      95, 92, 93, -1,
      89, 94, 91, -1,
      91, 94, 95, -1,
      92, 94, 88, -1,
      88, 94, 89, -1,
      95, 93, 91, -1,
      91, 93, 90, -1,
      96, 97, 98, -1,
      98, 97, 99, -1,
      100, 96, 101, -1,
      101, 96, 98, -1,
      102, 100, 103, -1,
      103, 100, 101, -1,
      97, 102, 99, -1,
      99, 102, 103, -1,
      100, 102, 96, -1,
      96, 102, 97, -1,
      103, 101, 99, -1,
      99, 101, 98, -1,
    ]
  }
}
