#VRML V2.0 utf8

Shape {
  appearance Appearance {
    material Material {
      diffuseColor 0.2510 0.2510 0.2510
      specularColor 0.1255 0.1255 0.1255
      ambientIntensity 0.2
      transparency 0.0000
      shininess 0.5
    }
  }
  geometry IndexedFaceSet {
    ccw TRUE
    solid FALSE
    coord DEF co Coordinate {
      point [
        -0.153049 0.251619 0.295276,
        -0.153262 0.251535 0.295276,
        -0.153262 0.249115 0.295276,
        -0.140316 0.278974 0.295276,
        -0.147920 0.259687 0.295276,
        -0.138515 0.259687 0.295276,
        -0.165012 0.259827 0.295276,
        -0.166180 0.259687 0.295276,
        -0.159484 0.259687 0.295276,
        -0.207184 0.328943 0.295276,
        -0.207184 0.305296 0.295276,
        -0.201548 0.305296 0.295276,
        -0.185693 0.328917 0.295276,
        -0.183640 0.329168 0.295276,
        -0.194269 0.329168 0.295276,
        -0.178800 0.302192 0.295276,
        -0.180513 0.302028 0.295276,
        -0.171683 0.302028 0.295276,
        -0.210629 0.259912 0.295276,
        -0.210629 0.283007 0.295276,
        -0.221558 0.283007 0.295276,
        -0.201548 0.283007 0.295276,
        -0.201548 0.283532 0.295276,
        -0.207184 0.283532 0.295276,
        -0.301454 0.282000 0.295276,
        -0.298145 0.278986 0.295276,
        -0.290448 0.283007 0.295276,
        -0.336416 0.317548 0.295276,
        -0.330700 0.319553 0.295276,
        -0.330700 0.329168 0.295276,
        -0.244384 0.307923 0.295276,
        -0.239304 0.303507 0.295276,
        -0.221558 0.329168 0.295276,
        -0.221558 0.302028 0.295276,
        -0.269985 0.331927 0.295276,
        -0.265881 0.329168 0.295276,
        -0.261521 0.326237 0.295276,
        -0.255315 0.319080 0.295276,
        -0.251274 0.311245 0.295276,
        -0.249998 0.310807 0.295276,
        -0.279507 0.335282 0.295276,
        -0.221558 0.393701 0.295276,
        -0.287329 0.336104 0.295276,
        -0.330700 0.393701 0.295276,
        -0.296745 0.334941 0.295276,
        -0.314560 0.324884 0.295276,
        -0.310100 0.328704 0.295276,
        -0.309351 0.329168 0.295276,
        -0.305494 0.331559 0.295276,
        -0.329322 0.320037 0.295276,
        -0.322814 0.320733 0.295276,
        -0.320632 0.320615 0.295276,
        -0.318450 0.320354 0.295276,
        -0.344637 0.311625 0.295276,
        -0.342802 0.313322 0.295276,
        -0.393701 0.329168 0.295276,
        -0.353462 0.292398 0.295276,
        -0.351931 0.299869 0.295276,
        -0.393701 0.302028 0.295276,
        -0.350892 0.302028 0.295276,
        -0.348702 0.306577 0.295276,
        -0.353556 0.289992 0.295276,
        -0.393701 0.283007 0.295276,
        -0.352861 0.283519 0.295276,
        -0.333844 0.261293 0.295276,
        -0.340571 0.264876 0.295276,
        -0.393701 0.259687 0.295276,
        -0.350383 0.276402 0.295276,
        -0.352683 0.283007 0.295276,
        -0.330700 0.260293 0.295276,
        -0.345586 0.269308 0.295276,
        -0.346411 0.270263 0.295276,
        -0.330166 0.259687 0.295276,
        -0.330700 0.259687 0.295276,
        -0.328508 0.256137 0.295276,
        -0.330700 0.249115 0.295276,
        -0.325688 0.252653 0.295276,
        -0.321978 0.249853 0.295276,
        -0.301059 -0.244413 0.295276,
        -0.330700 -0.393701 0.295276,
        -0.293009 -0.254904 0.295276,
        -0.282519 -0.262953 0.295276,
        -0.221558 0.249115 0.295276,
        -0.257193 -0.168435 0.295276,
        -0.244083 -0.170161 0.295276,
        -0.231867 -0.262953 0.295276,
        -0.244083 -0.268013 0.295276,
        -0.221558 -0.393701 0.295276,
        -0.257193 -0.269739 0.295276,
        -0.270302 -0.268013 0.295276,
        -0.301059 -0.193761 0.295276,
        -0.293009 -0.183271 0.295276,
        -0.282519 -0.175221 0.295276,
        -0.270302 -0.170161 0.295276,
        -0.306119 -0.232197 0.295276,
        -0.307844 -0.219087 0.295276,
        -0.306119 -0.205977 0.295276,
        -0.304519 0.249115 0.295276,
        -0.307794 0.247859 0.295276,
        -0.312378 0.247295 0.295276,
        -0.313121 0.247309 0.295276,
        -0.317601 0.248011 0.295276,
        -0.320223 0.249115 0.295276,
        -0.294592 0.259687 0.295276,
        -0.294602 0.259644 0.295276,
        -0.296840 0.255410 0.295276,
        -0.299780 0.252110 0.295276,
        -0.303561 0.249482 0.295276,
        -0.271447 0.270132 0.295276,
        -0.270267 0.270934 0.295276,
        -0.266835 0.282212 0.295276,
        -0.268957 0.271423 0.295276,
        -0.233475 0.279184 0.295276,
        -0.235953 0.273227 0.295276,
        -0.221558 0.259687 0.295276,
        -0.268802 0.259935 0.295276,
        -0.270068 0.260370 0.295276,
        -0.271337 0.261193 0.295276,
        -0.272025 0.261874 0.295276,
        -0.239509 0.268359 0.295276,
        -0.240049 0.267790 0.295276,
        -0.245031 0.263758 0.295276,
        -0.250857 0.261022 0.295276,
        -0.256777 0.259820 0.295276,
        -0.267973 0.259820 0.295276,
        -0.273476 0.265702 0.295276,
        -0.273450 0.266252 0.295276,
        -0.293401 0.268169 0.295276,
        -0.273119 0.267708 0.295276,
        -0.272430 0.269033 0.295276,
        -0.267594 0.271585 0.295276,
        -0.267409 0.271572 0.295276,
        -0.266840 0.271446 0.295276,
        -0.272833 0.263074 0.295276,
        -0.273315 0.264364 0.295276,
        -0.293500 0.264331 0.295276,
        -0.293401 0.266272 0.295276,
        -0.248100 0.276165 0.295276,
        -0.246013 0.279126 0.295276,
        -0.266455 0.271395 0.295276,
        -0.257916 0.271395 0.295276,
        -0.254531 0.272041 0.295276,
        -0.251181 0.273587 0.295276,
        -0.248371 0.275874 0.295276,
        -0.310059 0.285300 0.295276,
        -0.305479 0.284160 0.295276,
        -0.260769 0.302028 0.295276,
        -0.330700 0.302028 0.295276,
        -0.330700 0.283007 0.295276,
        -0.321485 0.283007 0.295276,
        -0.321089 0.283282 0.295276,
        -0.316896 0.284882 0.295276,
        -0.312378 0.285438 0.295276,
        -0.244707 0.282509 0.295276,
        -0.244645 0.283007 0.295276,
        -0.267300 0.283007 0.295276,
        -0.244253 0.286196 0.295276,
        -0.244343 0.287831 0.295276,
        -0.249197 0.297228 0.295276,
        -0.252141 0.299281 0.295276,
        -0.245227 0.291478 0.295276,
        -0.246985 0.294756 0.295276,
        -0.260572 0.300998 0.295276,
        -0.272717 0.292269 0.295276,
        -0.259054 0.300998 0.295276,
        -0.255454 0.300555 0.295276,
        -0.303330 0.283007 0.295276,
        -0.330215 0.272913 0.295276,
        -0.328110 0.277004 0.295276,
        -0.324970 0.280589 0.295276,
        -0.340027 0.282833 0.295276,
        -0.337746 0.278947 0.295276,
        -0.334342 0.275454 0.295276,
        -0.330700 0.273212 0.295276,
        -0.341037 0.294955 0.295276,
        -0.341601 0.290371 0.295276,
        -0.341379 0.287482 0.295276,
        -0.340077 0.283007 0.295276,
        -0.333486 0.305909 0.295276,
        -0.336786 0.302969 0.295276,
        -0.337440 0.302028 0.295276,
        -0.339414 0.299188 0.295276,
        -0.312567 0.306501 0.295276,
        -0.313965 0.307263 0.295276,
        -0.263893 0.311132 0.295276,
        -0.267900 0.316484 0.295276,
        -0.269790 0.318269 0.295276,
        -0.275176 0.321865 0.295276,
        -0.281161 0.324037 0.295276,
        -0.318221 0.308807 0.295276,
        -0.322624 0.309348 0.295276,
        -0.324565 0.309248 0.295276,
        -0.261308 0.304859 0.295276,
        -0.287139 0.324719 0.295276,
        -0.288071 0.324703 0.295276,
        -0.309954 0.312051 0.295276,
        -0.294393 0.323746 0.295276,
        -0.305807 0.317213 0.295276,
        -0.300569 0.321167 0.295276,
        -0.329252 0.308146 0.295276,
        -0.330700 0.307381 0.295276,
        -0.238272 0.302028 0.295276,
        -0.235504 0.298058 0.295276,
        -0.233267 0.292242 0.295276,
        -0.232487 0.286386 0.295276,
        -0.232506 0.285396 0.295276,
        -0.232878 0.283007 0.295276,
        -0.076620 0.267213 0.295276,
        -0.087734 0.267213 0.295276,
        -0.090300 0.259912 0.295276,
        -0.097034 0.279848 0.295276,
        -0.096041 0.277309 0.295276,
        -0.085311 0.283007 0.295276,
        -0.098691 0.282169 0.295276,
        -0.073898 0.259912 0.295276,
        -0.119838 0.259687 0.295276,
        -0.070091 0.259912 0.295276,
        0.393701 0.259687 0.295276,
        -0.078887 0.283007 0.295276,
        0.393701 0.283007 0.295276,
        -0.080257 0.286602 0.295276,
        -0.097624 0.266019 0.295276,
        -0.099613 0.263651 0.295276,
        -0.094107 0.259912 0.295276,
        -0.102367 0.261670 0.295276,
        -0.105402 0.260475 0.295276,
        -0.109976 0.259912 0.295276,
        -0.095587 0.273598 0.295276,
        -0.095667 0.271906 0.295276,
        -0.096312 0.268780 0.295276,
        -0.117317 0.259912 0.295276,
        -0.117317 0.283007 0.295276,
        -0.119838 0.283007 0.295276,
        -0.117317 0.286602 0.295276,
        -0.119838 0.302028 0.295276,
        -0.109703 0.286602 0.295276,
        -0.105630 0.286152 0.295276,
        0.393701 0.302028 0.295276,
        -0.083941 0.286602 0.295276,
        -0.102408 0.284976 0.295276,
        -0.099613 0.283068 0.295276,
        -0.099550 0.283007 0.295276,
        -0.207184 0.271933 0.295276,
        -0.207184 0.262955 0.295276,
        -0.201548 0.262955 0.295276,
        -0.196274 0.262955 0.295276,
        -0.196274 0.259912 0.295276,
        -0.195869 0.259687 0.295276,
        -0.201548 0.259687 0.295276,
        -0.195869 0.283007 0.295276,
        -0.197639 0.271933 0.295276,
        -0.201548 0.271933 0.295276,
        -0.207184 0.283007 0.295276,
        -0.207184 0.274990 0.295276,
        -0.201548 0.274990 0.295276,
        -0.197639 0.274990 0.295276,
        -0.196881 0.283532 0.295276,
        -0.196881 0.286602 0.295276,
        -0.195869 0.302028 0.295276,
        -0.201548 0.286602 0.295276,
        -0.201548 0.302028 0.295276,
        -0.210629 0.286602 0.295276,
        -0.201548 0.259912 0.295276,
        -0.110044 0.309553 0.295276,
        -0.119838 0.309553 0.295276,
        -0.107322 0.302253 0.295276,
        -0.103515 0.302253 0.295276,
        -0.113681 0.328943 0.295276,
        0.393701 0.329168 0.295276,
        -0.119838 0.329168 0.295276,
        -0.121158 0.309553 0.295276,
        -0.123723 0.302253 0.295276,
        -0.128270 0.302028 0.295276,
        -0.127530 0.302253 0.295276,
        -0.128270 0.329168 0.295276,
        -0.119838 0.322450 0.295276,
        -0.117365 0.328943 0.295276,
        -0.159484 0.314274 0.295276,
        -0.166692 0.314274 0.295276,
        -0.159484 0.305296 0.295276,
        -0.166692 0.305296 0.295276,
        -0.153262 0.329168 0.295276,
        -0.159484 0.329168 0.295276,
        -0.156390 0.328943 0.295276,
        -0.159484 0.328943 0.295276,
        -0.156390 0.325873 0.295276,
        -0.155783 0.305296 0.295276,
        -0.153262 0.302028 0.295276,
        -0.155783 0.302253 0.295276,
        -0.159484 0.302028 0.295276,
        -0.157147 0.314274 0.295276,
        -0.157147 0.317331 0.295276,
        -0.159484 0.317331 0.295276,
        -0.159484 0.325873 0.295276,
        -0.166692 0.325873 0.295276,
        -0.166692 0.317331 0.295276,
        -0.170137 0.328943 0.295276,
        -0.171683 0.329168 0.295276,
        -0.170137 0.302253 0.295276,
        -0.175479 0.328302 0.295276,
        -0.178267 0.329111 0.295276,
        -0.178970 0.329168 0.295276,
        -0.159484 0.302253 0.295276,
        -0.175479 0.324699 0.295276,
        -0.175935 0.303131 0.295276,
        -0.181113 0.304920 0.295276,
        -0.178096 0.305484 0.295276,
        -0.175479 0.306661 0.295276,
        -0.175479 0.303358 0.295276,
        -0.191818 0.314313 0.295276,
        -0.175776 0.324860 0.295276,
        -0.178484 0.325890 0.295276,
        -0.190528 0.309491 0.295276,
        -0.189227 0.307684 0.295276,
        -0.188707 0.307169 0.295276,
        -0.186965 0.305935 0.295276,
        -0.185064 0.305199 0.295276,
        -0.182370 0.304873 0.295276,
        -0.189043 0.323321 0.295276,
        -0.190494 0.321304 0.295276,
        -0.187223 0.324822 0.295276,
        -0.185124 0.325794 0.295276,
        -0.181770 0.326282 0.295276,
        -0.182802 0.326241 0.295276,
        -0.191846 0.315298 0.295276,
        -0.191395 0.319010 0.295276,
        -0.191390 0.311643 0.295276,
        -0.194269 0.393701 0.295276,
        -0.181804 0.329393 0.295276,
        -0.171683 0.393701 0.295276,
        -0.181752 0.329393 0.295276,
        -0.193544 0.322934 0.295276,
        -0.191608 0.325463 0.295276,
        -0.190972 0.326072 0.295276,
        -0.188477 0.327828 0.295276,
        -0.195869 0.329168 0.295276,
        -0.194811 0.319969 0.295276,
        -0.194269 0.321238 0.295276,
        -0.194269 0.309003 0.295276,
        -0.195026 0.311108 0.295276,
        -0.195463 0.315093 0.295276,
        -0.195416 0.316484 0.295276,
        -0.187370 0.302474 0.295276,
        -0.189889 0.303661 0.295276,
        -0.194269 0.302028 0.295276,
        -0.192038 0.305446 0.295276,
        -0.192458 0.305917 0.295276,
        -0.193995 0.308244 0.295276,
        -0.182868 0.301803 0.295276,
        -0.171683 0.283007 0.295276,
        -0.185202 0.302028 0.295276,
        -0.194269 0.283007 0.295276,
        -0.184477 0.301879 0.295276,
        -0.210629 0.302253 0.295276,
        -0.210629 0.328943 0.295276,
        -0.201548 0.329168 0.295276,
        -0.196554 0.305296 0.295276,
        -0.196554 0.302253 0.295276,
        -0.201548 0.302253 0.295276,
        -0.231867 -0.175221 0.295276,
        -0.221558 -0.183131 0.295276,
        -0.201548 0.249115 0.295276,
        -0.221376 -0.183271 0.295276,
        -0.213327 -0.193761 0.295276,
        -0.208267 -0.205977 0.295276,
        -0.206541 -0.219087 0.295276,
        -0.201548 -0.393701 0.295276,
        -0.208267 -0.232197 0.295276,
        -0.213327 -0.244413 0.295276,
        -0.221376 -0.254904 0.295276,
        -0.221558 -0.255043 0.295276,
        -0.129735 0.311121 0.295276,
        -0.131048 0.308359 0.295276,
        -0.138515 0.329168 0.295276,
        -0.138515 0.328297 0.295276,
        -0.135832 0.327317 0.295276,
        -0.138515 0.302938 0.295276,
        -0.138515 0.302028 0.295276,
        -0.135791 0.304011 0.295276,
        -0.133036 0.305992 0.295276,
        -0.133036 0.325409 0.295276,
        -0.132115 0.324510 0.295276,
        -0.130457 0.322189 0.295276,
        -0.129464 0.319650 0.295276,
        -0.129011 0.315939 0.295276,
        -0.129090 0.314247 0.295276,
        -0.143127 0.328943 0.295276,
        -0.139053 0.328493 0.295276,
        -0.138825 0.302816 0.295276,
        -0.143400 0.302253 0.295276,
        -0.150741 0.302253 0.295276,
        -0.150741 0.328943 0.295276,
        -0.184019 0.260109 0.295276,
        -0.185235 0.259687 0.295276,
        -0.181101 0.259912 0.295276,
        -0.182798 0.260904 0.295276,
        -0.189077 0.259706 0.295276,
        -0.190350 0.260198 0.295276,
        -0.194269 0.259687 0.295276,
        -0.192495 0.262348 0.295276,
        -0.192904 0.263473 0.295276,
        -0.191212 0.274390 0.295276,
        -0.191212 0.277637 0.295276,
        -0.190543 0.278026 0.295276,
        -0.188060 0.278994 0.295276,
        -0.183813 0.276573 0.295276,
        -0.184963 0.276696 0.295276,
        -0.186750 0.271238 0.295276,
        -0.191730 0.268993 0.295276,
        -0.190707 0.269882 0.295276,
        -0.189286 0.270612 0.295276,
        -0.188894 0.275844 0.295276,
        -0.186800 0.276520 0.295276,
        -0.191437 0.260963 0.295276,
        -0.191797 0.261326 0.295276,
        -0.172122 0.276929 0.295276,
        -0.181101 0.262859 0.295276,
        -0.181190 0.262859 0.295276,
        -0.181738 0.262030 0.295276,
        -0.171712 0.270243 0.295276,
        -0.173228 0.264033 0.295276,
        -0.171683 0.270223 0.295276,
        -0.172026 0.263280 0.295276,
        -0.171683 0.263146 0.295276,
        -0.193075 0.265016 0.295276,
        -0.193066 0.265410 0.295276,
        -0.192854 0.266855 0.295276,
        -0.192397 0.268035 0.295276,
        -0.181101 0.272029 0.295276,
        -0.181213 0.273483 0.295276,
        -0.181557 0.274683 0.295276,
        -0.181948 0.275375 0.295276,
        -0.172719 0.276021 0.295276,
        -0.179241 0.277336 0.295276,
        -0.173094 0.274942 0.295276,
        -0.178554 0.276263 0.295276,
        -0.178027 0.274756 0.295276,
        -0.182451 0.275915 0.295276,
        -0.183042 0.276300 0.295276,
        -0.184649 0.279411 0.295276,
        -0.182670 0.279236 0.295276,
        -0.181252 0.278813 0.295276,
        -0.180137 0.278183 0.295276,
        -0.172259 0.270815 0.295276,
        -0.172650 0.271424 0.295276,
        -0.177758 0.272179 0.295276,
        -0.173037 0.272427 0.295276,
        -0.173207 0.273830 0.295276,
        -0.185389 0.259634 0.295276,
        -0.171683 0.249115 0.295276,
        -0.194269 0.249115 0.295276,
        -0.187167 0.259463 0.295276,
        -0.188926 0.259687 0.295276,
        -0.187030 0.259462 0.295276,
        -0.173228 0.260581 0.295276,
        -0.177758 0.259912 0.295276,
        -0.171683 0.260037 0.295276,
        -0.171683 0.259687 0.295276,
        -0.170887 0.259757 0.295276,
        -0.170213 0.259687 0.295276,
        -0.168056 0.259462 0.295276,
        -0.159484 0.283007 0.295276,
        -0.161268 0.278565 0.295276,
        -0.161268 0.275318 0.295276,
        -0.160902 0.267430 0.295276,
        -0.160522 0.266464 0.295276,
        -0.161472 0.268250 0.295276,
        -0.171683 0.277331 0.295276,
        -0.171065 0.277896 0.295276,
        -0.170256 0.278394 0.295276,
        -0.168468 0.279088 0.295276,
        -0.165784 0.279411 0.295276,
        -0.163439 0.279203 0.295276,
        -0.160354 0.265097 0.295276,
        -0.160488 0.263856 0.295276,
        -0.160873 0.262790 0.295276,
        -0.161470 0.261900 0.295276,
        -0.162503 0.260977 0.295276,
        -0.163259 0.260509 0.295276,
        -0.166112 0.276696 0.295276,
        -0.167102 0.276622 0.295276,
        -0.169762 0.274130 0.295276,
        -0.167996 0.276385 0.295276,
        -0.168745 0.275986 0.295276,
        -0.169731 0.273686 0.295276,
        -0.169599 0.273167 0.295276,
        -0.169358 0.272715 0.295276,
        -0.169032 0.272357 0.295276,
        -0.167854 0.271620 0.295276,
        -0.163774 0.276411 0.295276,
        -0.165784 0.270719 0.295276,
        -0.161883 0.275678 0.295276,
        -0.164490 0.270196 0.295276,
        -0.162270 0.268961 0.295276,
        -0.169250 0.275541 0.295276,
        -0.169537 0.275115 0.295276,
        -0.169702 0.274664 0.295276,
        -0.169935 0.262463 0.295276,
        -0.168145 0.268291 0.295276,
        -0.170138 0.269204 0.295276,
        -0.167729 0.262191 0.295276,
        -0.167581 0.262192 0.295276,
        -0.165950 0.267371 0.295276,
        -0.165867 0.262384 0.295276,
        -0.163785 0.264770 0.295276,
        -0.163818 0.265186 0.295276,
        -0.165005 0.262700 0.295276,
        -0.164700 0.262885 0.295276,
        -0.164317 0.263225 0.295276,
        -0.164024 0.263657 0.295276,
        -0.163855 0.264132 0.295276,
        -0.163970 0.265708 0.295276,
        -0.164228 0.266151 0.295276,
        -0.164645 0.266585 0.295276,
        -0.149895 0.264647 0.295276,
        -0.149485 0.263078 0.295276,
        -0.149396 0.263078 0.295276,
        -0.138515 0.283007 0.295276,
        -0.153262 0.283007 0.295276,
        -0.143781 0.278974 0.295276,
        -0.153262 0.274333 0.295276,
        -0.148987 0.264620 0.295276,
        -0.149243 0.263731 0.295276,
        -0.153262 0.259687 0.295276,
        -0.153262 0.265359 0.295276,
        -0.158614 0.278974 0.295276,
        -0.154875 0.278974 0.295276,
        -0.151136 0.259953 0.295276,
        -0.151249 0.259687 0.295276,
        -0.152603 0.256487 0.295276,
        -0.159484 0.249115 0.295276,
        -0.157925 0.251207 0.295276,
        -0.157925 0.254181 0.295276,
        -0.157241 0.253957 0.295276,
        -0.156028 0.253799 0.295276,
        -0.155388 0.253855 0.295276,
        -0.154653 0.254085 0.295276,
        -0.154027 0.254468 0.295276,
        -0.154363 0.251103 0.295276,
        -0.155769 0.250934 0.295276,
        -0.156510 0.250961 0.295276,
        -0.153342 0.255173 0.295276,
        -0.153262 0.255315 0.295276,
        -0.148967 0.257033 0.295276,
        -0.149009 0.256927 0.295276,
        -0.138515 0.249115 0.295276,
        -0.150614 0.253893 0.295276,
        -0.151843 0.252487 0.295276,
        -0.151884 0.252449 0.295276,
        -0.133268 0.271933 0.295276,
        -0.133268 0.262955 0.295276,
        -0.128270 0.262955 0.295276,
        -0.122359 0.262955 0.295276,
        -0.122359 0.259912 0.295276,
        -0.128270 0.259687 0.295276,
        -0.123723 0.271933 0.295276,
        -0.128270 0.271933 0.295276,
        -0.133268 0.283007 0.295276,
        -0.133268 0.274990 0.295276,
        -0.128270 0.274990 0.295276,
        -0.133268 0.283532 0.295276,
        -0.128270 0.283007 0.295276,
        -0.123723 0.274990 0.295276,
        -0.136713 0.259912 0.295276,
        -0.136713 0.283007 0.295276,
        -0.136713 0.286602 0.295276,
        -0.128270 0.259912 0.295276,
        -0.159484 0.393701 0.295276,
        -0.153262 0.393701 0.295276,
        -0.138515 0.393701 0.295276,
        -0.128270 0.393701 0.295276,
        -0.119838 0.393701 0.295276,
        0.393701 0.393701 0.295276,
        -0.201548 0.393701 0.295276,
        -0.195869 0.393701 0.295276,
        -0.393701 0.393701 0.295276,
        -0.128270 0.286602 0.295276,
        -0.122966 0.286602 0.295276,
        -0.122966 0.283532 0.295276,
        -0.128270 0.283532 0.295276,
        -0.128270 0.249115 0.295276,
        -0.119838 0.249115 0.295276,
        0.393701 0.249115 0.295276,
        -0.195869 0.249115 0.295276,
        -0.195869 -0.393701 0.295276,
        -0.194269 -0.393701 0.295276,
        -0.171683 -0.393701 0.295276,
        -0.159484 -0.393701 0.295276,
        -0.153262 -0.393701 0.295276,
        -0.138515 -0.393701 0.295276,
        -0.128270 -0.393701 0.295276,
        -0.119838 -0.393701 0.295276,
        0.393701 -0.393701 0.295276,
        -0.393701 -0.393701 0.295276,
        -0.393701 0.249115 0.295276,
        -0.330405 0.260199 0.295276,
        0.393701 0.393701 0.000000,
        0.393701 -0.393701 0.000000,
        0.344488 0.393701 0.072047,
        0.344488 0.393701 0.000000,
        0.246063 0.393701 0.000000,
        0.147638 0.393701 0.000000,
        0.246063 0.393701 0.072047,
        0.147638 0.393701 0.072047,
        0.049213 0.393701 0.000000,
        -0.049213 0.393701 0.000000,
        0.049213 0.393701 0.072047,
        -0.049213 0.393701 0.072047,
        -0.344488 0.393701 0.000000,
        -0.393701 0.393701 0.000000,
        -0.344488 0.393701 0.072047,
        -0.246063 0.393701 0.072047,
        -0.147638 0.393701 0.072047,
        -0.246063 0.393701 0.000000,
        -0.147638 0.393701 0.000000,
        -0.393701 -0.393701 0.000000,
        -0.344488 -0.393701 0.000000,
        -0.344488 -0.393701 0.072047,
        -0.246063 -0.393701 0.000000,
        -0.147638 -0.393701 0.000000,
        -0.246063 -0.393701 0.072047,
        -0.147638 -0.393701 0.072047,
        -0.049213 -0.393701 0.072047,
        -0.049213 -0.393701 0.000000,
        0.049213 -0.393701 0.000000,
        0.049213 -0.393701 0.072047,
        0.147638 -0.393701 0.072047,
        0.344488 -0.393701 0.000000,
        0.344488 -0.393701 0.072047,
        0.246063 -0.393701 0.072047,
        0.246063 -0.393701 0.000000,
        0.147638 -0.393701 0.000000,
        -0.344488 -0.324803 0.000000,
        -0.147638 -0.324803 0.000000,
        -0.308013 -0.277267 0.000000,
        -0.319882 -0.282184 0.000000,
        -0.236220 -0.059055 0.000000,
        0.141044 -0.300197 0.000000,
        0.133224 -0.290005 0.000000,
        0.247740 -0.312066 0.000000,
        0.342811 0.312066 0.000000,
        0.344488 0.324803 0.000000,
        -0.337895 0.300197 0.000000,
        -0.330074 0.290005 0.000000,
        -0.236220 0.157480 0.000000,
        -0.319882 0.282184 0.000000,
        -0.308013 0.277267 0.000000,
        -0.342811 0.312066 0.000000,
        -0.344488 0.324803 0.000000,
        -0.246063 -0.324803 0.000000,
        -0.137795 -0.157480 0.000000,
        -0.247740 -0.312066 0.000000,
        -0.252656 -0.300197 0.000000,
        -0.295276 -0.275591 0.000000,
        0.337895 -0.300197 0.000000,
        0.236220 -0.157480 0.000000,
        0.236220 0.157480 0.000000,
        -0.247740 0.312066 0.000000,
        -0.141044 0.300197 0.000000,
        -0.133224 0.290005 0.000000,
        0.330074 -0.290005 0.000000,
        0.319882 -0.282184 0.000000,
        0.308013 -0.277267 0.000000,
        0.246063 -0.324803 0.000000,
        0.147638 -0.324803 0.000000,
        0.145961 -0.312066 0.000000,
        0.344488 -0.324803 0.000000,
        0.342811 -0.312066 0.000000,
        0.337895 0.300197 0.000000,
        0.330074 0.290005 0.000000,
        0.319882 0.282184 0.000000,
        -0.330074 -0.290005 0.000000,
        -0.337895 -0.300197 0.000000,
        -0.342811 -0.312066 0.000000,
        0.295276 -0.275591 0.000000,
        0.282539 -0.277267 0.000000,
        0.270669 -0.282184 0.000000,
        0.085688 -0.277267 0.000000,
        0.073819 -0.282184 0.000000,
        -0.063627 -0.290005 0.000000,
        -0.098425 -0.275591 0.000000,
        -0.111162 -0.277267 0.000000,
        -0.123031 -0.282184 0.000000,
        -0.133224 -0.290005 0.000000,
        -0.141044 -0.300197 0.000000,
        -0.145961 -0.312066 0.000000,
        0.085688 0.277267 0.000000,
        0.282539 0.277267 0.000000,
        0.295276 0.275591 0.000000,
        0.308013 0.277267 0.000000,
        0.111162 -0.277267 0.000000,
        0.098425 -0.275591 0.000000,
        0.063627 -0.290005 0.000000,
        0.055806 -0.300197 0.000000,
        -0.055806 -0.300197 0.000000,
        -0.050889 -0.312066 0.000000,
        -0.295276 0.275591 0.000000,
        -0.282539 0.277267 0.000000,
        -0.270669 0.282184 0.000000,
        -0.063627 0.290005 0.000000,
        0.050889 0.312066 0.000000,
        0.055806 0.300197 0.000000,
        0.098425 0.275591 0.000000,
        0.111162 0.277267 0.000000,
        0.123031 0.282184 0.000000,
        -0.246063 0.324803 0.000000,
        -0.147638 0.324803 0.000000,
        -0.145961 0.312066 0.000000,
        0.123031 -0.282184 0.000000,
        0.252656 -0.300197 0.000000,
        0.260477 -0.290005 0.000000,
        -0.073819 -0.282184 0.000000,
        -0.085688 -0.277267 0.000000,
        0.252656 0.300197 0.000000,
        0.260477 0.290005 0.000000,
        0.145961 0.312066 0.000000,
        -0.260477 -0.290005 0.000000,
        -0.270669 -0.282184 0.000000,
        -0.282539 -0.277267 0.000000,
        0.049213 -0.324803 0.000000,
        0.063627 0.290005 0.000000,
        0.073819 0.282184 0.000000,
        0.133224 0.290005 0.000000,
        0.141044 0.300197 0.000000,
        0.270669 0.282184 0.000000,
        0.050889 -0.312066 0.000000,
        -0.049213 -0.324803 0.000000,
        -0.049213 0.324803 0.000000,
        0.049213 0.324803 0.000000,
        -0.050889 0.312066 0.000000,
        -0.055806 0.300197 0.000000,
        -0.123031 0.282184 0.000000,
        -0.111162 0.277267 0.000000,
        -0.252656 0.300197 0.000000,
        -0.260477 0.290005 0.000000,
        -0.098425 0.275591 0.000000,
        -0.085688 0.277267 0.000000,
        -0.073819 0.282184 0.000000,
        0.147638 0.324803 0.000000,
        0.246063 0.324803 0.000000,
        0.247740 0.312066 0.000000,
      ]
    }
    coordIndex [
      0, 1, 2, -1,
      3, 4, 5, -1,
      6, 7, 8, -1,
      9, 10, 11, -1,
      12, 13, 14, -1,
      15, 16, 17, -1,
      18, 19, 20, -1,
      21, 22, 23, -1,
      24, 25, 26, -1,
      27, 28, 29, -1,
      30, 31, 32, -1,
      32, 31, 33, -1,
      34, 35, 32, -1,
      32, 35, 36, -1,
      32, 36, 37, -1,
      37, 38, 32, -1,
      32, 38, 39, -1,
      32, 39, 30, -1,
      40, 34, 41, -1,
      40, 41, 42, -1,
      42, 41, 43, -1,
      42, 43, 44, -1,
      45, 46, 29, -1,
      29, 46, 47, -1,
      29, 47, 43, -1,
      43, 47, 48, -1,
      43, 48, 44, -1,
      28, 49, 29, -1,
      29, 49, 50, -1,
      29, 50, 45, -1,
      45, 50, 51, -1,
      45, 51, 52, -1,
      53, 54, 55, -1,
      56, 57, 58, -1,
      58, 57, 59, -1,
      58, 59, 55, -1,
      55, 59, 60, -1,
      55, 60, 53, -1,
      56, 58, 61, -1,
      61, 58, 62, -1,
      61, 62, 63, -1,
      64, 65, 66, -1,
      66, 67, 62, -1,
      62, 67, 68, -1,
      62, 68, 63, -1,
      64, 66, 69, -1,
      65, 70, 66, -1,
      66, 70, 71, -1,
      66, 71, 67, -1,
      72, 73, 74, -1,
      74, 73, 75, -1,
      74, 75, 76, -1,
      76, 75, 77, -1,
      78, 79, 80, -1,
      80, 79, 81, -1,
      82, 83, 84, -1,
      85, 86, 87, -1,
      87, 86, 88, -1,
      87, 88, 79, -1,
      79, 88, 89, -1,
      79, 89, 81, -1,
      90, 91, 75, -1,
      75, 91, 92, -1,
      75, 92, 93, -1,
      78, 94, 79, -1,
      79, 94, 95, -1,
      79, 95, 75, -1,
      75, 95, 96, -1,
      75, 96, 90, -1,
      82, 97, 83, -1,
      83, 97, 98, -1,
      83, 98, 93, -1,
      93, 98, 99, -1,
      99, 100, 93, -1,
      93, 100, 101, -1,
      93, 101, 75, -1,
      75, 101, 102, -1,
      75, 102, 77, -1,
      103, 104, 82, -1,
      82, 104, 105, -1,
      105, 106, 82, -1,
      82, 106, 107, -1,
      82, 107, 97, -1,
      108, 109, 110, -1,
      110, 109, 111, -1,
      112, 113, 114, -1,
      115, 116, 103, -1,
      103, 116, 117, -1,
      103, 117, 118, -1,
      113, 119, 114, -1,
      114, 119, 120, -1,
      114, 120, 121, -1,
      121, 122, 114, -1,
      114, 122, 123, -1,
      114, 123, 103, -1,
      103, 123, 124, -1,
      103, 124, 115, -1,
      125, 126, 127, -1,
      127, 126, 128, -1,
      127, 128, 110, -1,
      110, 128, 129, -1,
      110, 129, 108, -1,
      111, 130, 110, -1,
      110, 130, 131, -1,
      110, 131, 132, -1,
      118, 133, 103, -1,
      103, 133, 134, -1,
      103, 134, 135, -1,
      135, 134, 125, -1,
      135, 125, 136, -1,
      136, 125, 127, -1,
      110, 137, 138, -1,
      132, 139, 110, -1,
      110, 139, 140, -1,
      110, 140, 141, -1,
      141, 142, 110, -1,
      110, 142, 143, -1,
      110, 143, 137, -1,
      144, 145, 146, -1,
      147, 148, 149, -1,
      149, 150, 147, -1,
      147, 150, 151, -1,
      147, 151, 152, -1,
      138, 153, 110, -1,
      110, 153, 154, -1,
      110, 154, 155, -1,
      155, 154, 156, -1,
      155, 156, 157, -1,
      155, 158, 159, -1,
      157, 160, 155, -1,
      155, 160, 161, -1,
      155, 161, 158, -1,
      162, 163, 164, -1,
      164, 163, 155, -1,
      164, 155, 165, -1,
      165, 155, 159, -1,
      162, 146, 163, -1,
      163, 146, 145, -1,
      163, 145, 26, -1,
      26, 145, 166, -1,
      26, 166, 24, -1,
      167, 168, 148, -1,
      148, 168, 169, -1,
      148, 169, 149, -1,
      170, 171, 148, -1,
      171, 172, 148, -1,
      148, 172, 173, -1,
      148, 173, 167, -1,
      174, 175, 148, -1,
      175, 176, 148, -1,
      148, 176, 177, -1,
      148, 177, 170, -1,
      178, 179, 147, -1,
      147, 179, 180, -1,
      147, 180, 148, -1,
      148, 180, 181, -1,
      148, 181, 174, -1,
      147, 182, 183, -1,
      184, 185, 182, -1,
      185, 186, 182, -1,
      182, 186, 187, -1,
      182, 187, 188, -1,
      183, 189, 147, -1,
      147, 189, 190, -1,
      147, 190, 191, -1,
      152, 144, 147, -1,
      147, 144, 146, -1,
      147, 146, 182, -1,
      182, 146, 192, -1,
      182, 192, 184, -1,
      188, 193, 182, -1,
      182, 193, 194, -1,
      182, 194, 195, -1,
      195, 194, 196, -1,
      195, 196, 197, -1,
      197, 196, 198, -1,
      191, 199, 147, -1,
      147, 199, 200, -1,
      147, 200, 178, -1,
      31, 201, 33, -1,
      33, 201, 202, -1,
      33, 202, 203, -1,
      203, 204, 20, -1,
      20, 204, 205, -1,
      20, 205, 206, -1,
      207, 208, 209, -1,
      210, 211, 212, -1,
      210, 212, 213, -1,
      214, 215, 216, -1,
      216, 215, 217, -1,
      216, 217, 218, -1,
      218, 217, 219, -1,
      218, 219, 220, -1,
      221, 222, 223, -1,
      223, 222, 224, -1,
      223, 224, 225, -1,
      225, 226, 223, -1,
      223, 226, 215, -1,
      223, 215, 209, -1,
      209, 215, 214, -1,
      209, 214, 207, -1,
      211, 227, 212, -1,
      212, 227, 228, -1,
      212, 228, 223, -1,
      223, 228, 229, -1,
      223, 229, 221, -1,
      230, 231, 232, -1,
      232, 231, 233, -1,
      232, 233, 234, -1,
      234, 233, 235, -1,
      234, 235, 236, -1,
      219, 237, 220, -1,
      220, 237, 234, -1,
      220, 234, 238, -1,
      238, 234, 236, -1,
      236, 239, 238, -1,
      238, 239, 240, -1,
      238, 240, 212, -1,
      212, 240, 241, -1,
      212, 241, 213, -1,
      242, 243, 244, -1,
      245, 246, 247, -1,
      247, 246, 248, -1,
      247, 249, 245, -1,
      245, 249, 250, -1,
      245, 250, 244, -1,
      244, 250, 251, -1,
      244, 251, 242, -1,
      252, 253, 254, -1,
      23, 252, 21, -1,
      21, 252, 254, -1,
      21, 254, 249, -1,
      249, 254, 255, -1,
      249, 255, 250, -1,
      22, 21, 256, -1,
      256, 21, 249, -1,
      256, 249, 257, -1,
      257, 249, 258, -1,
      257, 258, 259, -1,
      259, 258, 260, -1,
      259, 260, 261, -1,
      203, 20, 33, -1,
      33, 20, 19, -1,
      33, 19, 261, -1,
      246, 262, 248, -1,
      248, 262, 18, -1,
      248, 18, 114, -1,
      114, 18, 20, -1,
      114, 20, 112, -1,
      112, 20, 206, -1,
      263, 264, 265, -1,
      265, 264, 234, -1,
      265, 234, 266, -1,
      266, 234, 237, -1,
      266, 237, 267, -1,
      267, 237, 268, -1,
      267, 268, 269, -1,
      264, 270, 234, -1,
      234, 270, 271, -1,
      234, 271, 272, -1,
      272, 271, 273, -1,
      272, 273, 274, -1,
      274, 273, 275, -1,
      274, 275, 269, -1,
      269, 275, 276, -1,
      269, 276, 267, -1,
      277, 278, 279, -1,
      279, 278, 280, -1,
      281, 282, 283, -1,
      283, 282, 284, -1,
      283, 285, 281, -1,
      281, 285, 286, -1,
      281, 286, 287, -1,
      287, 286, 288, -1,
      287, 288, 289, -1,
      277, 279, 290, -1,
      290, 279, 286, -1,
      290, 286, 291, -1,
      291, 286, 285, -1,
      291, 285, 292, -1,
      285, 293, 292, -1,
      292, 293, 294, -1,
      292, 294, 295, -1,
      284, 282, 296, -1,
      296, 282, 297, -1,
      296, 297, 298, -1,
      299, 297, 300, -1,
      300, 297, 301, -1,
      288, 302, 289, -1,
      289, 302, 298, -1,
      289, 298, 17, -1,
      17, 298, 297, -1,
      17, 297, 303, -1,
      303, 297, 299, -1,
      15, 17, 304, -1,
      305, 306, 303, -1,
      303, 306, 307, -1,
      303, 307, 17, -1,
      17, 307, 308, -1,
      17, 308, 304, -1,
      309, 310, 311, -1,
      312, 313, 303, -1,
      303, 313, 314, -1,
      303, 314, 315, -1,
      315, 316, 303, -1,
      303, 316, 317, -1,
      303, 317, 305, -1,
      318, 319, 320, -1,
      320, 319, 321, -1,
      311, 322, 309, -1,
      309, 322, 323, -1,
      309, 323, 324, -1,
      324, 323, 321, -1,
      324, 321, 325, -1,
      325, 321, 319, -1,
      310, 309, 303, -1,
      303, 309, 326, -1,
      303, 326, 312, -1,
      327, 328, 329, -1,
      329, 328, 330, -1,
      329, 330, 301, -1,
      14, 331, 332, -1,
      332, 333, 14, -1,
      14, 333, 334, -1,
      14, 334, 12, -1,
      335, 336, 14, -1,
      14, 336, 337, -1,
      14, 337, 331, -1,
      338, 339, 258, -1,
      258, 339, 340, -1,
      258, 340, 335, -1,
      335, 340, 341, -1,
      335, 341, 336, -1,
      342, 343, 344, -1,
      343, 345, 344, -1,
      344, 345, 346, -1,
      344, 346, 347, -1,
      16, 348, 349, -1,
      342, 344, 350, -1,
      350, 344, 351, -1,
      350, 351, 352, -1,
      261, 260, 33, -1,
      33, 260, 353, -1,
      33, 353, 32, -1,
      32, 353, 354, -1,
      32, 354, 355, -1,
      354, 9, 355, -1,
      355, 9, 11, -1,
      355, 11, 335, -1,
      335, 11, 356, -1,
      335, 356, 258, -1,
      258, 356, 357, -1,
      258, 357, 260, -1,
      260, 357, 358, -1,
      260, 358, 353, -1,
      84, 359, 82, -1,
      82, 359, 360, -1,
      82, 360, 361, -1,
      361, 360, 362, -1,
      362, 363, 361, -1,
      361, 363, 364, -1,
      361, 364, 365, -1,
      366, 365, 367, -1,
      367, 368, 366, -1,
      366, 368, 369, -1,
      366, 369, 87, -1,
      87, 369, 370, -1,
      87, 370, 85, -1,
      371, 372, 272, -1,
      373, 374, 274, -1,
      274, 374, 375, -1,
      376, 377, 378, -1,
      378, 377, 272, -1,
      378, 272, 379, -1,
      379, 272, 372, -1,
      375, 380, 274, -1,
      274, 380, 381, -1,
      274, 381, 382, -1,
      382, 383, 274, -1,
      274, 383, 384, -1,
      274, 384, 272, -1,
      272, 384, 385, -1,
      272, 385, 371, -1,
      281, 386, 373, -1,
      373, 386, 387, -1,
      373, 387, 374, -1,
      376, 388, 377, -1,
      377, 388, 389, -1,
      377, 389, 287, -1,
      287, 389, 390, -1,
      287, 390, 281, -1,
      281, 390, 391, -1,
      281, 391, 386, -1,
      392, 393, 394, -1,
      392, 394, 395, -1,
      396, 397, 398, -1,
      398, 399, 400, -1,
      401, 402, 351, -1,
      351, 402, 403, -1,
      351, 403, 404, -1,
      405, 406, 407, -1,
      408, 409, 401, -1,
      401, 409, 410, -1,
      401, 410, 411, -1,
      411, 410, 407, -1,
      411, 407, 412, -1,
      412, 407, 406, -1,
      397, 413, 398, -1,
      398, 413, 414, -1,
      398, 414, 399, -1,
      415, 349, 351, -1,
      351, 349, 348, -1,
      351, 348, 352, -1,
      416, 417, 394, -1,
      394, 417, 418, -1,
      394, 418, 395, -1,
      419, 420, 421, -1,
      421, 420, 422, -1,
      421, 422, 423, -1,
      400, 424, 398, -1,
      398, 424, 425, -1,
      398, 425, 351, -1,
      351, 425, 426, -1,
      351, 426, 401, -1,
      401, 426, 427, -1,
      401, 427, 408, -1,
      428, 429, 407, -1,
      407, 429, 430, -1,
      407, 430, 431, -1,
      432, 433, 434, -1,
      434, 433, 435, -1,
      434, 435, 436, -1,
      431, 437, 407, -1,
      407, 437, 438, -1,
      407, 438, 405, -1,
      404, 439, 351, -1,
      351, 439, 440, -1,
      351, 440, 415, -1,
      415, 440, 441, -1,
      415, 441, 432, -1,
      432, 441, 442, -1,
      432, 442, 433, -1,
      443, 444, 445, -1,
      445, 444, 446, -1,
      445, 446, 436, -1,
      436, 446, 447, -1,
      436, 447, 434, -1,
      393, 448, 449, -1,
      450, 451, 452, -1,
      449, 448, 450, -1,
      450, 448, 453, -1,
      450, 453, 451, -1,
      419, 443, 420, -1,
      420, 443, 445, -1,
      420, 445, 454, -1,
      454, 445, 455, -1,
      454, 455, 456, -1,
      456, 455, 457, -1,
      456, 457, 458, -1,
      458, 457, 459, -1,
      460, 459, 449, -1,
      449, 459, 457, -1,
      449, 457, 393, -1,
      393, 457, 455, -1,
      393, 455, 394, -1,
      461, 462, 463, -1,
      464, 465, 463, -1,
      464, 463, 466, -1,
      415, 467, 349, -1,
      349, 467, 468, -1,
      349, 468, 469, -1,
      469, 470, 349, -1,
      349, 470, 471, -1,
      349, 471, 461, -1,
      461, 471, 472, -1,
      461, 472, 462, -1,
      473, 474, 8, -1,
      8, 474, 475, -1,
      8, 475, 476, -1,
      476, 477, 8, -1,
      8, 477, 478, -1,
      8, 478, 6, -1,
      479, 480, 481, -1,
      481, 480, 482, -1,
      481, 482, 483, -1,
      481, 484, 479, -1,
      479, 484, 485, -1,
      479, 485, 486, -1,
      486, 487, 479, -1,
      479, 487, 488, -1,
      479, 488, 489, -1,
      489, 488, 490, -1,
      489, 490, 491, -1,
      491, 490, 492, -1,
      491, 492, 463, -1,
      463, 492, 493, -1,
      463, 493, 466, -1,
      494, 495, 483, -1,
      483, 495, 496, -1,
      483, 496, 481, -1,
      497, 498, 423, -1,
      423, 498, 499, -1,
      423, 499, 421, -1,
      497, 500, 498, -1,
      498, 500, 501, -1,
      498, 501, 502, -1,
      502, 501, 503, -1,
      502, 504, 505, -1,
      503, 506, 502, -1,
      502, 506, 507, -1,
      502, 507, 508, -1,
      508, 509, 502, -1,
      502, 509, 510, -1,
      502, 510, 504, -1,
      505, 511, 502, -1,
      502, 511, 512, -1,
      502, 512, 513, -1,
      514, 515, 516, -1,
      517, 518, 519, -1,
      519, 518, 520, -1,
      519, 520, 521, -1,
      521, 520, 514, -1,
      521, 514, 522, -1,
      522, 514, 516, -1,
      523, 524, 8, -1,
      8, 524, 525, -1,
      465, 473, 463, -1,
      463, 473, 8, -1,
      463, 8, 461, -1,
      461, 8, 525, -1,
      461, 525, 518, -1,
      518, 525, 526, -1,
      518, 526, 520, -1,
      527, 524, 528, -1,
      528, 524, 523, -1,
      528, 523, 529, -1,
      530, 531, 532, -1,
      460, 449, 7, -1,
      7, 449, 530, -1,
      7, 530, 8, -1,
      8, 530, 532, -1,
      8, 532, 523, -1,
      523, 532, 533, -1,
      523, 533, 534, -1,
      534, 535, 523, -1,
      523, 535, 536, -1,
      523, 536, 537, -1,
      1, 538, 2, -1,
      2, 538, 539, -1,
      2, 539, 530, -1,
      530, 539, 540, -1,
      530, 540, 531, -1,
      537, 541, 523, -1,
      523, 541, 542, -1,
      523, 542, 529, -1,
      543, 544, 545, -1,
      543, 545, 4, -1,
      544, 546, 545, -1,
      545, 546, 547, -1,
      545, 547, 2, -1,
      2, 547, 548, -1,
      2, 548, 0, -1,
      549, 550, 551, -1,
      552, 553, 215, -1,
      215, 553, 554, -1,
      226, 230, 215, -1,
      215, 230, 232, -1,
      215, 232, 552, -1,
      552, 232, 555, -1,
      552, 555, 551, -1,
      551, 555, 556, -1,
      551, 556, 549, -1,
      557, 558, 559, -1,
      560, 557, 561, -1,
      561, 557, 559, -1,
      561, 559, 232, -1,
      232, 559, 562, -1,
      232, 562, 555, -1,
      563, 564, 517, -1,
      517, 564, 565, -1,
      553, 566, 554, -1,
      554, 566, 563, -1,
      554, 563, 5, -1,
      5, 563, 517, -1,
      5, 517, 3, -1,
      3, 517, 519, -1,
      301, 297, 329, -1,
      329, 297, 282, -1,
      329, 282, 567, -1,
      567, 282, 281, -1,
      567, 281, 568, -1,
      568, 281, 373, -1,
      568, 373, 569, -1,
      569, 373, 274, -1,
      569, 274, 570, -1,
      570, 274, 269, -1,
      570, 269, 571, -1,
      571, 269, 268, -1,
      571, 268, 572, -1,
      34, 32, 41, -1,
      41, 32, 355, -1,
      41, 355, 573, -1,
      573, 355, 335, -1,
      573, 335, 574, -1,
      574, 335, 14, -1,
      574, 14, 327, -1,
      327, 14, 13, -1,
      327, 13, 328, -1,
      43, 575, 29, -1,
      29, 575, 55, -1,
      29, 55, 27, -1,
      27, 55, 54, -1,
      16, 349, 17, -1,
      17, 349, 461, -1,
      17, 461, 289, -1,
      289, 461, 518, -1,
      289, 518, 287, -1,
      287, 518, 517, -1,
      287, 517, 377, -1,
      377, 517, 565, -1,
      377, 565, 272, -1,
      272, 565, 576, -1,
      272, 576, 234, -1,
      234, 576, 577, -1,
      234, 577, 232, -1,
      232, 577, 578, -1,
      232, 578, 561, -1,
      561, 578, 579, -1,
      561, 579, 560, -1,
      347, 338, 344, -1,
      344, 338, 258, -1,
      344, 258, 351, -1,
      351, 258, 249, -1,
      351, 249, 398, -1,
      398, 249, 247, -1,
      4, 545, 5, -1,
      5, 545, 580, -1,
      5, 580, 554, -1,
      554, 580, 581, -1,
      554, 581, 215, -1,
      215, 581, 582, -1,
      215, 582, 217, -1,
      103, 82, 114, -1,
      114, 82, 361, -1,
      114, 361, 248, -1,
      248, 361, 583, -1,
      248, 583, 247, -1,
      247, 583, 450, -1,
      247, 450, 398, -1,
      398, 450, 452, -1,
      398, 452, 396, -1,
      365, 366, 361, -1,
      361, 366, 584, -1,
      361, 584, 583, -1,
      583, 584, 585, -1,
      583, 585, 450, -1,
      450, 585, 586, -1,
      450, 586, 449, -1,
      449, 586, 587, -1,
      449, 587, 530, -1,
      530, 587, 588, -1,
      530, 588, 2, -1,
      2, 588, 589, -1,
      2, 589, 545, -1,
      545, 589, 590, -1,
      545, 590, 580, -1,
      580, 590, 591, -1,
      580, 591, 581, -1,
      581, 591, 592, -1,
      581, 592, 582, -1,
      593, 79, 594, -1,
      594, 79, 75, -1,
      594, 75, 66, -1,
      66, 75, 73, -1,
      66, 73, 69, -1,
      69, 73, 72, -1,
      69, 72, 595, -1,
      572, 268, 596, -1,
      596, 268, 237, -1,
      596, 237, 219, -1,
      592, 597, 582, -1,
      582, 597, 596, -1,
      582, 596, 217, -1,
      217, 596, 219, -1,
      571, 572, 598, -1,
      598, 572, 596, -1,
      598, 596, 599, -1,
      600, 601, 602, -1,
      602, 601, 603, -1,
      604, 605, 606, -1,
      606, 605, 607, -1,
      608, 609, 610, -1,
      610, 609, 575, -1,
      610, 575, 611, -1,
      611, 575, 612, -1,
      611, 612, 613, -1,
      613, 612, 614, -1,
      575, 43, 612, -1,
      612, 43, 41, -1,
      612, 41, 573, -1,
      568, 569, 606, -1,
      606, 569, 570, -1,
      606, 570, 603, -1,
      603, 570, 571, -1,
      603, 571, 602, -1,
      602, 571, 598, -1,
      573, 574, 612, -1,
      612, 574, 327, -1,
      612, 327, 607, -1,
      607, 327, 329, -1,
      607, 329, 606, -1,
      606, 329, 567, -1,
      606, 567, 568, -1,
      609, 615, 593, -1,
      593, 594, 609, -1,
      609, 594, 66, -1,
      609, 66, 62, -1,
      62, 58, 609, -1,
      609, 58, 55, -1,
      609, 55, 575, -1,
      615, 616, 617, -1,
      618, 619, 620, -1,
      620, 619, 621, -1,
      622, 623, 624, -1,
      625, 626, 592, -1,
      589, 588, 620, -1,
      620, 588, 587, -1,
      620, 587, 586, -1,
      624, 625, 622, -1,
      622, 625, 592, -1,
      622, 592, 621, -1,
      621, 592, 591, -1,
      621, 591, 620, -1,
      620, 591, 590, -1,
      620, 590, 589, -1,
      627, 597, 628, -1,
      628, 597, 592, -1,
      628, 592, 629, -1,
      629, 592, 626, -1,
      629, 626, 630, -1,
      630, 626, 631, -1,
      586, 585, 620, -1,
      620, 585, 584, -1,
      620, 584, 366, -1,
      366, 87, 620, -1,
      620, 87, 79, -1,
      620, 79, 617, -1,
      617, 79, 593, -1,
      617, 593, 615, -1,
      632, 616, 615, -1,
      633, 619, 618, -1,
      634, 635, 636, -1,
      637, 638, 639, -1,
      597, 640, 596, -1,
      596, 640, 641, -1,
      596, 641, 599, -1,
      642, 643, 644, -1,
      644, 643, 645, -1,
      644, 645, 646, -1,
      644, 636, 642, -1,
      642, 636, 615, -1,
      642, 615, 647, -1,
      647, 615, 609, -1,
      647, 609, 648, -1,
      648, 609, 608, -1,
      618, 649, 650, -1,
      650, 649, 651, -1,
      650, 651, 652, -1,
      634, 636, 653, -1,
      654, 655, 656, -1,
      657, 658, 659, -1,
      654, 660, 655, -1,
      655, 660, 661, -1,
      655, 661, 662, -1,
      630, 631, 663, -1,
      663, 631, 664, -1,
      663, 664, 639, -1,
      639, 664, 665, -1,
      639, 665, 637, -1,
      627, 666, 597, -1,
      597, 666, 667, -1,
      597, 667, 640, -1,
      640, 667, 654, -1,
      640, 654, 668, -1,
      668, 654, 656, -1,
      668, 656, 669, -1,
      669, 656, 670, -1,
      635, 671, 636, -1,
      636, 671, 672, -1,
      636, 672, 615, -1,
      615, 672, 673, -1,
      615, 673, 632, -1,
      662, 674, 655, -1,
      655, 674, 675, -1,
      655, 675, 676, -1,
      677, 678, 679, -1,
      680, 681, 650, -1,
      650, 681, 682, -1,
      682, 683, 650, -1,
      650, 683, 684, -1,
      650, 684, 618, -1,
      618, 684, 685, -1,
      618, 685, 633, -1,
      656, 644, 686, -1,
      687, 688, 656, -1,
      656, 688, 689, -1,
      656, 689, 670, -1,
      690, 691, 655, -1,
      655, 691, 677, -1,
      678, 692, 679, -1,
      679, 692, 693, -1,
      679, 693, 694, -1,
      694, 693, 695, -1,
      646, 696, 644, -1,
      644, 696, 697, -1,
      644, 697, 698, -1,
      699, 700, 701, -1,
      686, 702, 656, -1,
      656, 702, 703, -1,
      656, 703, 704, -1,
      613, 614, 705, -1,
      705, 614, 706, -1,
      705, 706, 657, -1,
      657, 706, 707, -1,
      657, 707, 658, -1,
      638, 708, 639, -1,
      639, 708, 690, -1,
      639, 690, 709, -1,
      709, 690, 655, -1,
      709, 655, 710, -1,
      710, 655, 676, -1,
      677, 679, 655, -1,
      655, 679, 711, -1,
      655, 711, 650, -1,
      650, 711, 712, -1,
      650, 712, 680, -1,
      713, 714, 715, -1,
      652, 716, 650, -1,
      650, 716, 717, -1,
      650, 717, 636, -1,
      636, 717, 718, -1,
      636, 718, 653, -1,
      719, 624, 623, -1,
      701, 720, 699, -1,
      699, 720, 721, -1,
      699, 721, 686, -1,
      704, 722, 656, -1,
      656, 722, 723, -1,
      656, 723, 687, -1,
      687, 723, 715, -1,
      687, 715, 724, -1,
      724, 715, 714, -1,
      693, 725, 695, -1,
      695, 725, 719, -1,
      695, 719, 726, -1,
      726, 719, 623, -1,
      605, 604, 727, -1,
      727, 604, 728, -1,
      727, 728, 729, -1,
      729, 728, 700, -1,
      729, 700, 730, -1,
      730, 700, 699, -1,
      659, 731, 657, -1,
      657, 731, 732, -1,
      657, 732, 733, -1,
      733, 732, 644, -1,
      733, 644, 734, -1,
      734, 644, 698, -1,
      732, 735, 644, -1,
      644, 735, 736, -1,
      644, 736, 686, -1,
      686, 736, 737, -1,
      686, 737, 699, -1,
      601, 600, 738, -1,
      738, 600, 739, -1,
      738, 739, 715, -1,
      715, 739, 740, -1,
      715, 740, 713, -1,
    ]
  }
}

Shape {
  appearance Appearance {
    material Material {
      diffuseColor 0.0000 0.0000 0.0000
      specularColor 0.0000 0.0000 0.0000
      ambientIntensity 0.2
      transparency 0.0000
      shininess 0.5
    }
  }
  geometry IndexedFaceSet {
    ccw TRUE
    solid FALSE
    coord DEF co Coordinate {
      point [
        -0.301059 -0.244413 0.295276,
        -0.293009 -0.254904 0.295276,
        -0.282519 -0.262953 0.295276,
        -0.257193 -0.168435 0.295276,
        -0.244083 -0.170161 0.295276,
        -0.231867 -0.262953 0.295276,
        -0.244083 -0.268013 0.295276,
        -0.257193 -0.269739 0.295276,
        -0.270302 -0.268013 0.295276,
        -0.301059 -0.193761 0.295276,
        -0.293009 -0.183271 0.295276,
        -0.282519 -0.175221 0.295276,
        -0.270302 -0.170161 0.295276,
        -0.306119 -0.232197 0.295276,
        -0.307844 -0.219087 0.295276,
        -0.306119 -0.205977 0.295276,
        -0.231867 -0.175221 0.295276,
        -0.221558 -0.183131 0.295276,
        -0.221376 -0.183271 0.295276,
        -0.213327 -0.193761 0.295276,
        -0.208267 -0.205977 0.295276,
        -0.206541 -0.219087 0.295276,
        -0.208267 -0.232197 0.295276,
        -0.213327 -0.244413 0.295276,
        -0.221376 -0.254904 0.295276,
        -0.221558 -0.255043 0.295276,
        -0.221376 -0.183271 0.291339,
        -0.231867 -0.175221 0.291339,
        -0.244083 -0.170161 0.291339,
        -0.257193 -0.168435 0.291339,
        -0.270302 -0.170161 0.291339,
        -0.282519 -0.175221 0.291339,
        -0.293009 -0.183271 0.291339,
        -0.301059 -0.193761 0.291339,
        -0.306119 -0.205977 0.291339,
        -0.307844 -0.219087 0.291339,
        -0.306119 -0.232197 0.291339,
        -0.301059 -0.244413 0.291339,
        -0.293009 -0.254904 0.291339,
        -0.282519 -0.262953 0.291339,
        -0.270302 -0.268013 0.291339,
        -0.257193 -0.269739 0.291339,
        -0.244083 -0.268013 0.291339,
        -0.231867 -0.262953 0.291339,
        -0.221376 -0.254904 0.291339,
        -0.213327 -0.244413 0.291339,
        -0.208267 -0.232197 0.291339,
        -0.206541 -0.219087 0.291339,
        -0.208267 -0.205977 0.291339,
        -0.213327 -0.193761 0.291339,
        -0.257193 -0.219087 0.291339,
      ]
    }
    coordIndex [
      26, 17, 27, -1,
      27, 17, 16, -1,
      27, 16, 28, -1,
      28, 16, 4, -1,
      28, 4, 29, -1,
      29, 4, 3, -1,
      29, 3, 30, -1,
      30, 3, 12, -1,
      30, 12, 31, -1,
      31, 12, 11, -1,
      31, 11, 32, -1,
      32, 11, 10, -1,
      32, 10, 33, -1,
      33, 10, 9, -1,
      33, 9, 34, -1,
      34, 9, 15, -1,
      34, 15, 35, -1,
      35, 15, 14, -1,
      35, 14, 36, -1,
      36, 14, 13, -1,
      36, 13, 37, -1,
      37, 13, 0, -1,
      37, 0, 38, -1,
      38, 0, 1, -1,
      38, 1, 39, -1,
      39, 1, 2, -1,
      39, 2, 40, -1,
      40, 2, 8, -1,
      40, 8, 41, -1,
      41, 8, 7, -1,
      41, 7, 42, -1,
      42, 7, 6, -1,
      42, 6, 43, -1,
      6, 5, 43, -1,
      43, 5, 25, -1,
      43, 25, 44, -1,
      44, 25, 24, -1,
      44, 24, 45, -1,
      45, 24, 23, -1,
      45, 23, 46, -1,
      46, 23, 22, -1,
      46, 22, 47, -1,
      47, 22, 21, -1,
      47, 21, 48, -1,
      48, 21, 20, -1,
      48, 20, 49, -1,
      49, 20, 19, -1,
      49, 19, 26, -1,
      26, 19, 18, -1,
      26, 18, 17, -1,
      45, 46, 50, -1,
      50, 46, 47, -1,
      50, 47, 48, -1,
      42, 43, 50, -1,
      50, 43, 44, -1,
      50, 44, 45, -1,
      39, 40, 50, -1,
      50, 40, 41, -1,
      50, 41, 42, -1,
      36, 37, 50, -1,
      50, 37, 38, -1,
      50, 38, 39, -1,
      33, 34, 50, -1,
      50, 34, 35, -1,
      50, 35, 36, -1,
      30, 31, 50, -1,
      50, 31, 32, -1,
      50, 32, 33, -1,
      27, 28, 50, -1,
      50, 28, 29, -1,
      50, 29, 30, -1,
      48, 49, 50, -1,
      50, 49, 26, -1,
      50, 26, 27, -1,
    ]
  }
}

Shape {
  appearance Appearance {
    material Material {
      diffuseColor 0.7529 0.7529 0.7529
      specularColor 0.3765 0.3765 0.3765
      ambientIntensity 0.2
      transparency 0.0000
      shininess 0.5
    }
  }
  geometry IndexedFaceSet {
    ccw TRUE
    solid FALSE
    coord DEF co Coordinate {
      point [
        0.344488 0.393701 0.072047,
        0.344488 0.393701 0.000000,
        0.246063 0.393701 0.000000,
        0.147638 0.393701 0.000000,
        0.246063 0.393701 0.072047,
        0.147638 0.393701 0.072047,
        0.049213 0.393701 0.000000,
        -0.049213 0.393701 0.000000,
        0.049213 0.393701 0.072047,
        -0.049213 0.393701 0.072047,
        -0.344488 0.393701 0.000000,
        -0.344488 0.393701 0.072047,
        -0.246063 0.393701 0.072047,
        -0.147638 0.393701 0.072047,
        -0.246063 0.393701 0.000000,
        -0.147638 0.393701 0.000000,
        -0.344488 -0.393701 0.000000,
        -0.344488 -0.393701 0.072047,
        -0.246063 -0.393701 0.000000,
        -0.147638 -0.393701 0.000000,
        -0.246063 -0.393701 0.072047,
        -0.147638 -0.393701 0.072047,
        -0.049213 -0.393701 0.072047,
        -0.049213 -0.393701 0.000000,
        0.049213 -0.393701 0.000000,
        0.049213 -0.393701 0.072047,
        0.147638 -0.393701 0.072047,
        0.344488 -0.393701 0.000000,
        0.344488 -0.393701 0.072047,
        0.246063 -0.393701 0.072047,
        0.246063 -0.393701 0.000000,
        0.147638 -0.393701 0.000000,
        -0.344488 -0.324803 0.000000,
        -0.147638 -0.324803 0.000000,
        -0.308013 -0.277267 0.000000,
        -0.319882 -0.282184 0.000000,
        -0.236220 -0.059055 0.000000,
        0.141044 -0.300197 0.000000,
        0.133224 -0.290005 0.000000,
        0.247740 -0.312066 0.000000,
        0.342811 0.312066 0.000000,
        0.344488 0.324803 0.000000,
        -0.337895 0.300197 0.000000,
        -0.330074 0.290005 0.000000,
        -0.236220 0.157480 0.000000,
        -0.319882 0.282184 0.000000,
        -0.308013 0.277267 0.000000,
        -0.342811 0.312066 0.000000,
        -0.344488 0.324803 0.000000,
        -0.246063 -0.324803 0.000000,
        -0.137795 -0.157480 0.000000,
        -0.247740 -0.312066 0.000000,
        -0.252656 -0.300197 0.000000,
        -0.295276 -0.275591 0.000000,
        0.337895 -0.300197 0.000000,
        0.236220 -0.157480 0.000000,
        0.236220 0.157480 0.000000,
        -0.247740 0.312066 0.000000,
        -0.141044 0.300197 0.000000,
        -0.133224 0.290005 0.000000,
        0.330074 -0.290005 0.000000,
        0.319882 -0.282184 0.000000,
        0.308013 -0.277267 0.000000,
        0.246063 -0.324803 0.000000,
        0.147638 -0.324803 0.000000,
        0.145961 -0.312066 0.000000,
        0.344488 -0.324803 0.000000,
        0.342811 -0.312066 0.000000,
        0.337895 0.300197 0.000000,
        0.330074 0.290005 0.000000,
        0.319882 0.282184 0.000000,
        -0.330074 -0.290005 0.000000,
        -0.337895 -0.300197 0.000000,
        -0.342811 -0.312066 0.000000,
        0.295276 -0.275591 0.000000,
        0.282539 -0.277267 0.000000,
        0.270669 -0.282184 0.000000,
        0.085688 -0.277267 0.000000,
        0.073819 -0.282184 0.000000,
        -0.063627 -0.290005 0.000000,
        -0.098425 -0.275591 0.000000,
        -0.111162 -0.277267 0.000000,
        -0.123031 -0.282184 0.000000,
        -0.133224 -0.290005 0.000000,
        -0.141044 -0.300197 0.000000,
        -0.145961 -0.312066 0.000000,
        0.085688 0.277267 0.000000,
        0.282539 0.277267 0.000000,
        0.295276 0.275591 0.000000,
        0.308013 0.277267 0.000000,
        0.111162 -0.277267 0.000000,
        0.098425 -0.275591 0.000000,
        0.063627 -0.290005 0.000000,
        0.055806 -0.300197 0.000000,
        -0.055806 -0.300197 0.000000,
        -0.050889 -0.312066 0.000000,
        -0.295276 0.275591 0.000000,
        -0.282539 0.277267 0.000000,
        -0.270669 0.282184 0.000000,
        -0.063627 0.290005 0.000000,
        0.050889 0.312066 0.000000,
        0.055806 0.300197 0.000000,
        0.098425 0.275591 0.000000,
        0.111162 0.277267 0.000000,
        0.123031 0.282184 0.000000,
        -0.246063 0.324803 0.000000,
        -0.147638 0.324803 0.000000,
        -0.145961 0.312066 0.000000,
        0.123031 -0.282184 0.000000,
        0.252656 -0.300197 0.000000,
        0.260477 -0.290005 0.000000,
        -0.073819 -0.282184 0.000000,
        -0.085688 -0.277267 0.000000,
        0.252656 0.300197 0.000000,
        0.260477 0.290005 0.000000,
        0.145961 0.312066 0.000000,
        -0.260477 -0.290005 0.000000,
        -0.270669 -0.282184 0.000000,
        -0.282539 -0.277267 0.000000,
        0.049213 -0.324803 0.000000,
        0.063627 0.290005 0.000000,
        0.073819 0.282184 0.000000,
        0.133224 0.290005 0.000000,
        0.141044 0.300197 0.000000,
        0.270669 0.282184 0.000000,
        0.050889 -0.312066 0.000000,
        -0.049213 -0.324803 0.000000,
        -0.049213 0.324803 0.000000,
        0.049213 0.324803 0.000000,
        -0.050889 0.312066 0.000000,
        -0.055806 0.300197 0.000000,
        -0.123031 0.282184 0.000000,
        -0.111162 0.277267 0.000000,
        -0.252656 0.300197 0.000000,
        -0.260477 0.290005 0.000000,
        -0.098425 0.275591 0.000000,
        -0.085688 0.277267 0.000000,
        -0.073819 0.282184 0.000000,
        0.147638 0.324803 0.000000,
        0.246063 0.324803 0.000000,
        0.247740 0.312066 0.000000,
        0.147638 0.397638 0.072047,
        0.049213 0.397638 0.072047,
        0.049213 0.397638 -0.007874,
        0.049213 0.324803 -0.007874,
        0.050889 0.312066 -0.007874,
        0.055806 0.300197 -0.007874,
        0.063627 0.290005 -0.007874,
        0.073819 0.282184 -0.007874,
        0.085688 0.277267 -0.007874,
        0.098425 0.275591 -0.007874,
        0.111162 0.277267 -0.007874,
        0.123031 0.282184 -0.007874,
        0.133224 0.290005 -0.007874,
        0.141044 0.300197 -0.007874,
        0.145961 0.312066 -0.007874,
        0.147638 0.324803 -0.007874,
        0.147638 0.397638 -0.007874,
        -0.049213 0.397638 0.072047,
        -0.147638 0.397638 0.072047,
        -0.147638 0.397638 -0.007874,
        -0.147638 0.324803 -0.007874,
        -0.145961 0.312066 -0.007874,
        -0.141044 0.300197 -0.007874,
        -0.133224 0.290005 -0.007874,
        -0.123031 0.282184 -0.007874,
        -0.111162 0.277267 -0.007874,
        -0.098425 0.275591 -0.007874,
        -0.085688 0.277267 -0.007874,
        -0.073819 0.282184 -0.007874,
        -0.063627 0.290005 -0.007874,
        -0.055806 0.300197 -0.007874,
        -0.050889 0.312066 -0.007874,
        -0.049213 0.324803 -0.007874,
        -0.049213 0.397638 -0.007874,
        0.344488 0.397638 0.072047,
        0.246063 0.397638 0.072047,
        0.246063 0.324803 -0.007874,
        0.247740 0.312066 -0.007874,
        0.252656 0.300197 -0.007874,
        0.260477 0.290005 -0.007874,
        0.270669 0.282184 -0.007874,
        0.282539 0.277267 -0.007874,
        0.295276 0.275591 -0.007874,
        0.308013 0.277267 -0.007874,
        0.319882 0.282184 -0.007874,
        0.330074 0.290005 -0.007874,
        0.337895 0.300197 -0.007874,
        0.342811 0.312066 -0.007874,
        0.344488 0.324803 -0.007874,
        0.344488 0.397638 -0.007874,
        0.246063 0.397638 -0.007874,
        -0.246063 0.397638 0.072047,
        -0.344488 0.397638 0.072047,
        -0.344488 0.397638 -0.007874,
        -0.344488 0.324803 -0.007874,
        -0.342811 0.312066 -0.007874,
        -0.337895 0.300197 -0.007874,
        -0.330074 0.290005 -0.007874,
        -0.319882 0.282184 -0.007874,
        -0.308013 0.277267 -0.007874,
        -0.295276 0.275591 -0.007874,
        -0.282539 0.277267 -0.007874,
        -0.270669 0.282184 -0.007874,
        -0.260477 0.290005 -0.007874,
        -0.252656 0.300197 -0.007874,
        -0.247740 0.312066 -0.007874,
        -0.246063 0.324803 -0.007874,
        -0.246063 0.397638 -0.007874,
        0.049213 -0.397638 0.072047,
        0.147638 -0.397638 0.072047,
        0.147638 -0.324803 -0.007874,
        0.145961 -0.312066 -0.007874,
        0.141044 -0.300197 -0.007874,
        0.133224 -0.290005 -0.007874,
        0.123031 -0.282184 -0.007874,
        0.111162 -0.277267 -0.007874,
        0.098425 -0.275591 -0.007874,
        0.085688 -0.277267 -0.007874,
        0.073819 -0.282184 -0.007874,
        0.063627 -0.290005 -0.007874,
        0.055806 -0.300197 -0.007874,
        0.050889 -0.312066 -0.007874,
        0.049213 -0.324803 -0.007874,
        0.049213 -0.397638 -0.007874,
        0.147638 -0.397638 -0.007874,
        -0.147638 -0.397638 0.072047,
        -0.049213 -0.397638 0.072047,
        -0.049213 -0.324803 -0.007874,
        -0.050889 -0.312066 -0.007874,
        -0.055806 -0.300197 -0.007874,
        -0.063627 -0.290005 -0.007874,
        -0.073819 -0.282184 -0.007874,
        -0.085688 -0.277267 -0.007874,
        -0.098425 -0.275591 -0.007874,
        -0.111162 -0.277267 -0.007874,
        -0.123031 -0.282184 -0.007874,
        -0.133224 -0.290005 -0.007874,
        -0.141044 -0.300197 -0.007874,
        -0.145961 -0.312066 -0.007874,
        -0.147638 -0.324803 -0.007874,
        -0.147638 -0.397638 -0.007874,
        -0.049213 -0.397638 -0.007874,
        0.246063 -0.397638 0.072047,
        0.344488 -0.397638 0.072047,
        0.344488 -0.324803 -0.007874,
        0.342811 -0.312066 -0.007874,
        0.337895 -0.300197 -0.007874,
        0.330074 -0.290005 -0.007874,
        0.319882 -0.282184 -0.007874,
        0.308013 -0.277267 -0.007874,
        0.295276 -0.275591 -0.007874,
        0.282539 -0.277267 -0.007874,
        0.270669 -0.282184 -0.007874,
        0.260477 -0.290005 -0.007874,
        0.252656 -0.300197 -0.007874,
        0.247740 -0.312066 -0.007874,
        0.246063 -0.324803 -0.007874,
        0.246063 -0.397638 -0.007874,
        0.344488 -0.397638 -0.007874,
        -0.344488 -0.397638 0.072047,
        -0.246063 -0.397638 0.072047,
        -0.246063 -0.324803 -0.007874,
        -0.247740 -0.312066 -0.007874,
        -0.252656 -0.300197 -0.007874,
        -0.260477 -0.290005 -0.007874,
        -0.270669 -0.282184 -0.007874,
        -0.282539 -0.277267 -0.007874,
        -0.295276 -0.275591 -0.007874,
        -0.308013 -0.277267 -0.007874,
        -0.319882 -0.282184 -0.007874,
        -0.330074 -0.290005 -0.007874,
        -0.337895 -0.300197 -0.007874,
        -0.342811 -0.312066 -0.007874,
        -0.344488 -0.324803 -0.007874,
        -0.344488 -0.397638 -0.007874,
        -0.246063 -0.397638 -0.007874,
        -0.236220 -0.059055 -0.007874,
        -0.236220 0.157480 -0.007874,
        -0.137795 -0.157480 -0.007874,
        0.236220 -0.157480 -0.007874,
        0.236220 0.157480 -0.007874,
      ]
    }
    coordIndex [
      5, 141, 8, -1,
      8, 141, 142, -1,
      8, 142, 6, -1,
      6, 142, 143, -1,
      6, 143, 128, -1,
      128, 143, 144, -1,
      128, 144, 145, -1,
      128, 145, 100, -1,
      100, 145, 146, -1,
      100, 146, 101, -1,
      101, 146, 147, -1,
      101, 147, 120, -1,
      120, 147, 148, -1,
      120, 148, 121, -1,
      121, 148, 149, -1,
      121, 149, 86, -1,
      86, 149, 150, -1,
      86, 150, 102, -1,
      102, 150, 151, -1,
      102, 151, 103, -1,
      103, 151, 152, -1,
      103, 152, 104, -1,
      104, 152, 153, -1,
      104, 153, 122, -1,
      122, 153, 154, -1,
      122, 154, 123, -1,
      123, 154, 155, -1,
      123, 155, 115, -1,
      115, 155, 156, -1,
      115, 156, 138, -1,
      138, 156, 3, -1,
      3, 156, 157, -1,
      3, 157, 5, -1,
      5, 157, 141, -1,
      143, 142, 157, -1,
      157, 142, 141, -1,
      143, 157, 144, -1,
      144, 157, 156, -1,
      150, 149, 156, -1,
      156, 149, 148, -1,
      156, 148, 147, -1,
      154, 153, 155, -1,
      155, 153, 152, -1,
      155, 152, 156, -1,
      156, 152, 151, -1,
      156, 151, 150, -1,
      147, 146, 156, -1,
      156, 146, 145, -1,
      156, 145, 144, -1,
      9, 158, 13, -1,
      13, 158, 159, -1,
      13, 159, 15, -1,
      15, 159, 160, -1,
      15, 160, 106, -1,
      106, 160, 161, -1,
      106, 161, 162, -1,
      106, 162, 107, -1,
      107, 162, 163, -1,
      107, 163, 58, -1,
      58, 163, 164, -1,
      58, 164, 59, -1,
      59, 164, 165, -1,
      59, 165, 131, -1,
      131, 165, 166, -1,
      131, 166, 132, -1,
      132, 166, 167, -1,
      132, 167, 135, -1,
      135, 167, 168, -1,
      135, 168, 136, -1,
      136, 168, 169, -1,
      136, 169, 137, -1,
      137, 169, 170, -1,
      137, 170, 99, -1,
      99, 170, 171, -1,
      99, 171, 130, -1,
      130, 171, 172, -1,
      130, 172, 129, -1,
      129, 172, 173, -1,
      129, 173, 127, -1,
      127, 173, 7, -1,
      7, 173, 174, -1,
      7, 174, 9, -1,
      9, 174, 158, -1,
      160, 159, 174, -1,
      174, 159, 158, -1,
      170, 169, 165, -1,
      164, 163, 173, -1,
      160, 174, 161, -1,
      161, 174, 173, -1,
      161, 173, 162, -1,
      162, 173, 163, -1,
      170, 165, 171, -1,
      169, 168, 165, -1,
      165, 168, 167, -1,
      165, 167, 166, -1,
      164, 173, 165, -1,
      165, 173, 172, -1,
      165, 172, 171, -1,
      175, 176, 0, -1,
      0, 176, 4, -1,
      139, 177, 178, -1,
      139, 178, 140, -1,
      140, 178, 179, -1,
      140, 179, 113, -1,
      113, 179, 180, -1,
      113, 180, 114, -1,
      114, 180, 181, -1,
      114, 181, 124, -1,
      124, 181, 182, -1,
      124, 182, 87, -1,
      87, 182, 183, -1,
      87, 183, 88, -1,
      88, 183, 184, -1,
      88, 184, 89, -1,
      89, 184, 185, -1,
      89, 185, 70, -1,
      70, 185, 186, -1,
      70, 186, 69, -1,
      69, 186, 187, -1,
      69, 187, 68, -1,
      68, 187, 188, -1,
      68, 188, 40, -1,
      40, 188, 189, -1,
      40, 189, 41, -1,
      41, 189, 1, -1,
      1, 189, 190, -1,
      1, 190, 0, -1,
      0, 190, 175, -1,
      4, 176, 2, -1,
      2, 176, 191, -1,
      2, 191, 139, -1,
      139, 191, 177, -1,
      191, 176, 190, -1,
      190, 176, 175, -1,
      177, 191, 190, -1,
      190, 189, 177, -1,
      177, 189, 188, -1,
      177, 188, 187, -1,
      184, 183, 177, -1,
      177, 180, 178, -1,
      178, 180, 179, -1,
      187, 186, 177, -1,
      177, 186, 185, -1,
      177, 185, 184, -1,
      183, 182, 177, -1,
      177, 182, 181, -1,
      177, 181, 180, -1,
      12, 192, 11, -1,
      11, 192, 193, -1,
      11, 193, 10, -1,
      10, 193, 194, -1,
      10, 194, 48, -1,
      48, 194, 195, -1,
      48, 195, 196, -1,
      48, 196, 47, -1,
      47, 196, 197, -1,
      47, 197, 42, -1,
      42, 197, 198, -1,
      42, 198, 43, -1,
      43, 198, 199, -1,
      43, 199, 45, -1,
      45, 199, 200, -1,
      45, 200, 46, -1,
      46, 200, 201, -1,
      46, 201, 96, -1,
      96, 201, 202, -1,
      96, 202, 97, -1,
      97, 202, 203, -1,
      97, 203, 98, -1,
      98, 203, 204, -1,
      98, 204, 134, -1,
      134, 204, 205, -1,
      134, 205, 133, -1,
      133, 205, 206, -1,
      133, 206, 57, -1,
      57, 206, 207, -1,
      57, 207, 105, -1,
      105, 207, 14, -1,
      14, 207, 208, -1,
      14, 208, 12, -1,
      12, 208, 192, -1,
      194, 193, 208, -1,
      208, 193, 192, -1,
      200, 199, 206, -1,
      206, 199, 207, -1,
      207, 199, 198, -1,
      207, 198, 197, -1,
      194, 208, 195, -1,
      195, 208, 207, -1,
      195, 207, 196, -1,
      196, 207, 197, -1,
      203, 206, 204, -1,
      204, 206, 205, -1,
      203, 202, 206, -1,
      206, 202, 201, -1,
      206, 201, 200, -1,
      209, 210, 25, -1,
      25, 210, 26, -1,
      64, 211, 212, -1,
      64, 212, 65, -1,
      65, 212, 213, -1,
      65, 213, 37, -1,
      37, 213, 214, -1,
      37, 214, 38, -1,
      38, 214, 215, -1,
      38, 215, 108, -1,
      108, 215, 216, -1,
      108, 216, 90, -1,
      90, 216, 217, -1,
      90, 217, 91, -1,
      91, 217, 218, -1,
      91, 218, 77, -1,
      77, 218, 219, -1,
      77, 219, 78, -1,
      78, 219, 220, -1,
      78, 220, 92, -1,
      92, 220, 221, -1,
      92, 221, 93, -1,
      93, 221, 222, -1,
      93, 222, 125, -1,
      125, 222, 223, -1,
      125, 223, 119, -1,
      119, 223, 24, -1,
      24, 223, 224, -1,
      24, 224, 25, -1,
      25, 224, 209, -1,
      26, 210, 31, -1,
      31, 210, 225, -1,
      31, 225, 64, -1,
      64, 225, 211, -1,
      225, 210, 224, -1,
      224, 210, 209, -1,
      211, 225, 224, -1,
      224, 223, 211, -1,
      211, 223, 222, -1,
      211, 222, 221, -1,
      214, 213, 212, -1,
      221, 220, 211, -1,
      211, 220, 219, -1,
      211, 219, 218, -1,
      218, 217, 211, -1,
      211, 217, 216, -1,
      211, 216, 212, -1,
      212, 216, 215, -1,
      212, 215, 214, -1,
      226, 227, 21, -1,
      21, 227, 22, -1,
      126, 228, 229, -1,
      126, 229, 95, -1,
      95, 229, 230, -1,
      95, 230, 94, -1,
      94, 230, 231, -1,
      94, 231, 79, -1,
      79, 231, 232, -1,
      79, 232, 111, -1,
      111, 232, 233, -1,
      111, 233, 112, -1,
      112, 233, 234, -1,
      112, 234, 80, -1,
      80, 234, 235, -1,
      80, 235, 81, -1,
      81, 235, 236, -1,
      81, 236, 82, -1,
      82, 236, 237, -1,
      82, 237, 83, -1,
      83, 237, 238, -1,
      83, 238, 84, -1,
      84, 238, 239, -1,
      84, 239, 85, -1,
      85, 239, 240, -1,
      85, 240, 33, -1,
      33, 240, 19, -1,
      19, 240, 241, -1,
      19, 241, 21, -1,
      21, 241, 226, -1,
      22, 227, 23, -1,
      23, 227, 242, -1,
      23, 242, 126, -1,
      126, 242, 228, -1,
      242, 227, 241, -1,
      241, 227, 226, -1,
      242, 241, 228, -1,
      228, 241, 240, -1,
      234, 233, 240, -1,
      240, 233, 232, -1,
      240, 232, 231, -1,
      238, 237, 239, -1,
      239, 237, 236, -1,
      239, 236, 240, -1,
      240, 236, 235, -1,
      240, 235, 234, -1,
      231, 230, 240, -1,
      240, 230, 229, -1,
      240, 229, 228, -1,
      29, 243, 28, -1,
      28, 243, 244, -1,
      66, 245, 246, -1,
      66, 246, 67, -1,
      67, 246, 247, -1,
      67, 247, 54, -1,
      54, 247, 248, -1,
      54, 248, 60, -1,
      60, 248, 249, -1,
      60, 249, 61, -1,
      61, 249, 250, -1,
      61, 250, 62, -1,
      62, 250, 251, -1,
      62, 251, 74, -1,
      74, 251, 252, -1,
      74, 252, 75, -1,
      75, 252, 253, -1,
      75, 253, 76, -1,
      76, 253, 254, -1,
      76, 254, 110, -1,
      110, 254, 255, -1,
      110, 255, 109, -1,
      109, 255, 256, -1,
      109, 256, 39, -1,
      39, 256, 257, -1,
      39, 257, 63, -1,
      63, 257, 30, -1,
      30, 257, 258, -1,
      30, 258, 29, -1,
      29, 258, 243, -1,
      28, 244, 27, -1,
      27, 244, 259, -1,
      27, 259, 66, -1,
      66, 259, 245, -1,
      259, 244, 258, -1,
      258, 244, 243, -1,
      259, 258, 245, -1,
      245, 258, 257, -1,
      245, 257, 256, -1,
      256, 255, 245, -1,
      245, 255, 254, -1,
      245, 254, 253, -1,
      253, 252, 245, -1,
      245, 252, 251, -1,
      245, 251, 246, -1,
      246, 251, 250, -1,
      250, 249, 246, -1,
      246, 249, 248, -1,
      246, 248, 247, -1,
      260, 261, 17, -1,
      17, 261, 20, -1,
      49, 262, 263, -1,
      49, 263, 51, -1,
      51, 263, 264, -1,
      51, 264, 52, -1,
      52, 264, 265, -1,
      52, 265, 116, -1,
      116, 265, 266, -1,
      116, 266, 117, -1,
      117, 266, 267, -1,
      117, 267, 118, -1,
      118, 267, 268, -1,
      118, 268, 53, -1,
      53, 268, 269, -1,
      53, 269, 34, -1,
      34, 269, 270, -1,
      34, 270, 35, -1,
      35, 270, 271, -1,
      35, 271, 71, -1,
      71, 271, 272, -1,
      71, 272, 72, -1,
      72, 272, 273, -1,
      72, 273, 73, -1,
      73, 273, 274, -1,
      73, 274, 32, -1,
      32, 274, 16, -1,
      16, 274, 275, -1,
      16, 275, 17, -1,
      17, 275, 260, -1,
      20, 261, 18, -1,
      18, 261, 276, -1,
      18, 276, 49, -1,
      49, 276, 262, -1,
      276, 261, 275, -1,
      275, 261, 260, -1,
      276, 275, 262, -1,
      262, 275, 274, -1,
      262, 274, 263, -1,
      266, 265, 274, -1,
      274, 265, 264, -1,
      274, 264, 263, -1,
      273, 268, 274, -1,
      274, 268, 267, -1,
      274, 267, 266, -1,
      273, 272, 268, -1,
      268, 272, 271, -1,
      268, 271, 269, -1,
      269, 271, 270, -1,
      36, 44, 277, -1,
      277, 44, 278, -1,
      279, 280, 50, -1,
      50, 280, 55, -1,
      280, 281, 55, -1,
      55, 281, 56, -1,
      281, 278, 56, -1,
      56, 278, 44, -1,
      280, 279, 281, -1,
      281, 279, 277, -1,
      281, 277, 278, -1,
    ]
  }
}

Shape {
  appearance Appearance {
    material Material {
      diffuseColor 1.0000 1.0000 1.0000
      specularColor 0.5020 0.5020 0.5020
      ambientIntensity 0.2
      transparency 0.0000
      shininess 0.5
    }
  }
  geometry IndexedFaceSet {
    ccw TRUE
    solid FALSE
    coord DEF co Coordinate {
      point [
        -0.207184 0.328943 0.295276,
        -0.207184 0.305296 0.295276,
        -0.201548 0.305296 0.295276,
        -0.185693 0.328917 0.295276,
        -0.183640 0.329168 0.295276,
        -0.178800 0.302192 0.295276,
        -0.180513 0.302028 0.295276,
        -0.159484 0.314274 0.295276,
        -0.166692 0.314274 0.295276,
        -0.159484 0.305296 0.295276,
        -0.166692 0.305296 0.295276,
        -0.156390 0.328943 0.295276,
        -0.159484 0.328943 0.295276,
        -0.156390 0.325873 0.295276,
        -0.155783 0.305296 0.295276,
        -0.155783 0.302253 0.295276,
        -0.157147 0.314274 0.295276,
        -0.157147 0.317331 0.295276,
        -0.159484 0.317331 0.295276,
        -0.159484 0.325873 0.295276,
        -0.166692 0.325873 0.295276,
        -0.166692 0.317331 0.295276,
        -0.170137 0.328943 0.295276,
        -0.170137 0.302253 0.295276,
        -0.175479 0.328302 0.295276,
        -0.178267 0.329111 0.295276,
        -0.178970 0.329168 0.295276,
        -0.159484 0.302253 0.295276,
        -0.175479 0.324699 0.295276,
        -0.175935 0.303131 0.295276,
        -0.181113 0.304920 0.295276,
        -0.178096 0.305484 0.295276,
        -0.175479 0.306661 0.295276,
        -0.175479 0.303358 0.295276,
        -0.191818 0.314313 0.295276,
        -0.175776 0.324860 0.295276,
        -0.178484 0.325890 0.295276,
        -0.190528 0.309491 0.295276,
        -0.189227 0.307684 0.295276,
        -0.188707 0.307169 0.295276,
        -0.186965 0.305935 0.295276,
        -0.185064 0.305199 0.295276,
        -0.182370 0.304873 0.295276,
        -0.189043 0.323321 0.295276,
        -0.190494 0.321304 0.295276,
        -0.187223 0.324822 0.295276,
        -0.185124 0.325794 0.295276,
        -0.181770 0.326282 0.295276,
        -0.182802 0.326241 0.295276,
        -0.191846 0.315298 0.295276,
        -0.191395 0.319010 0.295276,
        -0.191390 0.311643 0.295276,
        -0.181804 0.329393 0.295276,
        -0.181752 0.329393 0.295276,
        -0.193544 0.322934 0.295276,
        -0.191608 0.325463 0.295276,
        -0.190972 0.326072 0.295276,
        -0.188477 0.327828 0.295276,
        -0.194811 0.319969 0.295276,
        -0.194269 0.321238 0.295276,
        -0.194269 0.309003 0.295276,
        -0.195026 0.311108 0.295276,
        -0.195463 0.315093 0.295276,
        -0.195416 0.316484 0.295276,
        -0.187370 0.302474 0.295276,
        -0.189889 0.303661 0.295276,
        -0.192038 0.305446 0.295276,
        -0.192458 0.305917 0.295276,
        -0.193995 0.308244 0.295276,
        -0.182868 0.301803 0.295276,
        -0.185202 0.302028 0.295276,
        -0.184477 0.301879 0.295276,
        -0.210629 0.302253 0.295276,
        -0.210629 0.328943 0.295276,
        -0.196554 0.305296 0.295276,
        -0.196554 0.302253 0.295276,
        -0.201548 0.302253 0.295276,
        -0.129735 0.311121 0.295276,
        -0.131048 0.308359 0.295276,
        -0.138515 0.328297 0.295276,
        -0.135832 0.327317 0.295276,
        -0.138515 0.302938 0.295276,
        -0.135791 0.304011 0.295276,
        -0.133036 0.305992 0.295276,
        -0.133036 0.325409 0.295276,
        -0.132115 0.324510 0.295276,
        -0.130457 0.322189 0.295276,
        -0.129464 0.319650 0.295276,
        -0.129011 0.315939 0.295276,
        -0.129090 0.314247 0.295276,
        -0.143127 0.328943 0.295276,
        -0.139053 0.328493 0.295276,
        -0.138825 0.302816 0.295276,
        -0.143400 0.302253 0.295276,
        -0.150741 0.302253 0.295276,
        -0.150741 0.328943 0.295276,
        -0.196554 0.305296 0.299213,
        -0.196554 0.302253 0.299213,
        -0.207184 0.305296 0.299213,
        -0.207184 0.328943 0.299213,
        -0.210629 0.328943 0.299213,
        -0.210629 0.302253 0.299213,
        -0.182868 0.301803 0.299213,
        -0.178800 0.302192 0.299213,
        -0.175935 0.303131 0.299213,
        -0.175479 0.303358 0.299213,
        -0.175479 0.306661 0.299213,
        -0.178096 0.305484 0.299213,
        -0.181113 0.304920 0.299213,
        -0.182370 0.304873 0.299213,
        -0.185064 0.305199 0.299213,
        -0.186965 0.305935 0.299213,
        -0.188707 0.307169 0.299213,
        -0.189227 0.307684 0.299213,
        -0.190528 0.309491 0.299213,
        -0.191390 0.311643 0.299213,
        -0.191818 0.314313 0.299213,
        -0.191846 0.315298 0.299213,
        -0.191395 0.319010 0.299213,
        -0.190494 0.321304 0.299213,
        -0.189043 0.323321 0.299213,
        -0.187223 0.324822 0.299213,
        -0.185124 0.325794 0.299213,
        -0.182802 0.326241 0.299213,
        -0.181770 0.326282 0.299213,
        -0.178484 0.325890 0.299213,
        -0.175776 0.324860 0.299213,
        -0.175479 0.324699 0.299213,
        -0.175479 0.328302 0.299213,
        -0.181804 0.329393 0.299213,
        -0.181752 0.329393 0.299213,
        -0.178267 0.329111 0.299213,
        -0.185693 0.328917 0.299213,
        -0.188477 0.327828 0.299213,
        -0.190972 0.326072 0.299213,
        -0.191608 0.325463 0.299213,
        -0.193544 0.322934 0.299213,
        -0.194811 0.319969 0.299213,
        -0.195416 0.316484 0.299213,
        -0.195463 0.315093 0.299213,
        -0.195026 0.311108 0.299213,
        -0.193995 0.308244 0.299213,
        -0.192458 0.305917 0.299213,
        -0.192038 0.305446 0.299213,
        -0.184477 0.301879 0.299213,
        -0.189889 0.303661 0.299213,
        -0.187370 0.302474 0.299213,
        -0.155783 0.305296 0.299213,
        -0.155783 0.302253 0.299213,
        -0.166692 0.305296 0.299213,
        -0.166692 0.314274 0.299213,
        -0.157147 0.314274 0.299213,
        -0.157147 0.317331 0.299213,
        -0.166692 0.317331 0.299213,
        -0.166692 0.325873 0.299213,
        -0.156390 0.325873 0.299213,
        -0.156390 0.328943 0.299213,
        -0.170137 0.328943 0.299213,
        -0.170137 0.302253 0.299213,
        -0.134157 0.309729 0.299213,
        -0.135485 0.308080 0.299213,
        -0.133036 0.305992 0.299213,
        -0.135977 0.307634 0.299213,
        -0.135791 0.304011 0.299213,
        -0.137744 0.306476 0.299213,
        -0.138825 0.302816 0.299213,
        -0.140027 0.305661 0.299213,
        -0.143400 0.302253 0.299213,
        -0.143420 0.305296 0.299213,
        -0.150741 0.302253 0.299213,
        -0.147295 0.305296 0.299213,
        -0.150741 0.328943 0.299213,
        -0.147295 0.325873 0.299213,
        -0.143127 0.328943 0.299213,
        -0.143263 0.325873 0.299213,
        -0.139053 0.328493 0.299213,
        -0.139828 0.325494 0.299213,
        -0.135832 0.327317 0.299213,
        -0.137513 0.324659 0.299213,
        -0.133036 0.325409 0.299213,
        -0.135561 0.323362 0.299213,
        -0.132115 0.324510 0.299213,
        -0.134684 0.322475 0.299213,
        -0.130457 0.322189 0.299213,
        -0.133682 0.320939 0.299213,
        -0.129464 0.319650 0.299213,
        -0.132963 0.318919 0.299213,
        -0.129011 0.315939 0.299213,
        -0.132633 0.315844 0.299213,
        -0.129090 0.314247 0.299213,
        -0.132721 0.314157 0.299213,
        -0.129735 0.311121 0.299213,
        -0.133239 0.311711 0.299213,
        -0.131048 0.308359 0.299213,
        -0.143263 0.325873 0.295276,
        -0.147295 0.325873 0.295276,
        -0.147295 0.305296 0.295276,
        -0.143420 0.305296 0.295276,
        -0.135485 0.308080 0.295276,
        -0.135977 0.307634 0.295276,
        -0.137744 0.306476 0.295276,
        -0.140027 0.305661 0.295276,
        -0.132633 0.315844 0.295276,
        -0.132721 0.314157 0.295276,
        -0.133239 0.311711 0.295276,
        -0.134157 0.309729 0.295276,
        -0.135561 0.323362 0.295276,
        -0.134684 0.322475 0.295276,
        -0.133682 0.320939 0.295276,
        -0.132963 0.318919 0.295276,
        -0.139828 0.325494 0.295276,
        -0.137513 0.324659 0.295276,
      ]
    }
    coordIndex [
      96, 97, 74, -1,
      74, 97, 75, -1,
      1, 98, 2, -1,
      2, 98, 96, -1,
      2, 96, 74, -1,
      99, 98, 0, -1,
      0, 98, 1, -1,
      100, 99, 73, -1,
      73, 99, 0, -1,
      101, 100, 72, -1,
      72, 100, 73, -1,
      101, 72, 97, -1,
      97, 72, 76, -1,
      97, 76, 75, -1,
      99, 100, 98, -1,
      98, 100, 101, -1,
      98, 101, 96, -1,
      96, 101, 97, -1,
      69, 6, 102, -1,
      102, 6, 103, -1,
      6, 5, 103, -1,
      103, 5, 29, -1,
      103, 29, 104, -1,
      104, 29, 33, -1,
      104, 33, 105, -1,
      106, 105, 32, -1,
      32, 105, 33, -1,
      106, 32, 31, -1,
      106, 31, 107, -1,
      107, 31, 30, -1,
      107, 30, 108, -1,
      108, 30, 42, -1,
      108, 42, 109, -1,
      109, 42, 41, -1,
      109, 41, 110, -1,
      110, 41, 40, -1,
      110, 40, 111, -1,
      111, 40, 39, -1,
      111, 39, 112, -1,
      112, 39, 38, -1,
      112, 38, 113, -1,
      113, 38, 37, -1,
      113, 37, 114, -1,
      114, 37, 51, -1,
      114, 51, 115, -1,
      115, 51, 34, -1,
      115, 34, 116, -1,
      116, 34, 49, -1,
      116, 49, 117, -1,
      117, 49, 50, -1,
      117, 50, 118, -1,
      118, 50, 44, -1,
      118, 44, 119, -1,
      119, 44, 43, -1,
      119, 43, 120, -1,
      120, 43, 45, -1,
      120, 45, 121, -1,
      121, 45, 46, -1,
      121, 46, 122, -1,
      122, 46, 48, -1,
      122, 48, 123, -1,
      123, 48, 47, -1,
      123, 47, 124, -1,
      124, 47, 36, -1,
      124, 36, 125, -1,
      125, 36, 35, -1,
      125, 35, 126, -1,
      126, 35, 28, -1,
      126, 28, 127, -1,
      128, 127, 24, -1,
      24, 127, 28, -1,
      52, 129, 130, -1,
      128, 24, 25, -1,
      128, 25, 131, -1,
      131, 25, 26, -1,
      131, 26, 130, -1,
      130, 26, 53, -1,
      130, 53, 52, -1,
      129, 52, 4, -1,
      129, 4, 132, -1,
      4, 3, 132, -1,
      132, 3, 57, -1,
      132, 57, 133, -1,
      133, 57, 56, -1,
      133, 56, 134, -1,
      134, 56, 55, -1,
      134, 55, 135, -1,
      135, 55, 54, -1,
      135, 54, 136, -1,
      136, 54, 59, -1,
      136, 59, 137, -1,
      59, 58, 137, -1,
      137, 58, 63, -1,
      137, 63, 138, -1,
      138, 63, 62, -1,
      138, 62, 139, -1,
      139, 62, 61, -1,
      139, 61, 140, -1,
      140, 61, 60, -1,
      140, 60, 141, -1,
      60, 68, 141, -1,
      141, 68, 67, -1,
      141, 67, 142, -1,
      142, 67, 66, -1,
      142, 66, 143, -1,
      69, 102, 144, -1,
      143, 66, 65, -1,
      143, 65, 145, -1,
      145, 65, 64, -1,
      145, 64, 146, -1,
      146, 64, 70, -1,
      146, 70, 144, -1,
      144, 70, 71, -1,
      144, 71, 69, -1,
      126, 127, 128, -1,
      121, 134, 120, -1,
      120, 134, 135, -1,
      120, 135, 119, -1,
      119, 135, 136, -1,
      119, 136, 118, -1,
      126, 128, 125, -1,
      125, 128, 131, -1,
      125, 131, 124, -1,
      124, 131, 130, -1,
      124, 130, 123, -1,
      123, 130, 129, -1,
      123, 129, 122, -1,
      122, 129, 132, -1,
      122, 132, 121, -1,
      121, 132, 133, -1,
      121, 133, 134, -1,
      105, 106, 104, -1,
      104, 106, 107, -1,
      104, 107, 103, -1,
      103, 107, 108, -1,
      103, 108, 102, -1,
      102, 108, 109, -1,
      102, 109, 144, -1,
      144, 109, 110, -1,
      144, 110, 146, -1,
      146, 110, 111, -1,
      146, 111, 145, -1,
      145, 111, 112, -1,
      145, 112, 143, -1,
      143, 112, 113, -1,
      143, 113, 142, -1,
      142, 113, 114, -1,
      142, 114, 141, -1,
      139, 117, 138, -1,
      138, 117, 118, -1,
      138, 118, 137, -1,
      137, 118, 136, -1,
      141, 114, 140, -1,
      140, 114, 115, -1,
      140, 115, 139, -1,
      139, 115, 116, -1,
      139, 116, 117, -1,
      147, 148, 14, -1,
      14, 148, 15, -1,
      10, 149, 9, -1,
      9, 149, 147, -1,
      9, 147, 14, -1,
      150, 149, 8, -1,
      8, 149, 10, -1,
      150, 8, 151, -1,
      151, 8, 7, -1,
      151, 7, 16, -1,
      152, 151, 17, -1,
      17, 151, 16, -1,
      21, 153, 18, -1,
      18, 153, 152, -1,
      18, 152, 17, -1,
      154, 153, 20, -1,
      20, 153, 21, -1,
      154, 20, 155, -1,
      155, 20, 19, -1,
      155, 19, 13, -1,
      156, 155, 11, -1,
      11, 155, 13, -1,
      22, 157, 12, -1,
      12, 157, 156, -1,
      12, 156, 11, -1,
      158, 157, 23, -1,
      23, 157, 22, -1,
      158, 23, 148, -1,
      148, 23, 27, -1,
      148, 27, 15, -1,
      158, 148, 147, -1,
      147, 149, 158, -1,
      158, 149, 150, -1,
      158, 150, 157, -1,
      155, 156, 154, -1,
      154, 156, 157, -1,
      154, 157, 153, -1,
      153, 157, 150, -1,
      153, 150, 152, -1,
      152, 150, 151, -1,
      159, 160, 161, -1,
      161, 160, 162, -1,
      161, 162, 163, -1,
      163, 162, 164, -1,
      163, 164, 165, -1,
      165, 164, 166, -1,
      165, 166, 167, -1,
      167, 166, 168, -1,
      167, 168, 169, -1,
      169, 168, 170, -1,
      169, 170, 171, -1,
      171, 170, 172, -1,
      171, 172, 173, -1,
      173, 172, 174, -1,
      173, 174, 175, -1,
      175, 174, 176, -1,
      175, 176, 177, -1,
      177, 176, 178, -1,
      177, 178, 179, -1,
      179, 178, 180, -1,
      179, 180, 181, -1,
      181, 180, 182, -1,
      181, 182, 183, -1,
      183, 182, 184, -1,
      183, 184, 185, -1,
      185, 184, 186, -1,
      185, 186, 187, -1,
      187, 186, 188, -1,
      187, 188, 189, -1,
      189, 188, 190, -1,
      189, 190, 191, -1,
      191, 190, 192, -1,
      191, 192, 193, -1,
      193, 192, 159, -1,
      193, 159, 161, -1,
      167, 169, 93, -1,
      93, 169, 94, -1,
      83, 161, 163, -1,
      167, 93, 92, -1,
      167, 92, 165, -1,
      165, 92, 81, -1,
      165, 81, 163, -1,
      163, 81, 82, -1,
      163, 82, 83, -1,
      161, 83, 78, -1,
      161, 78, 193, -1,
      193, 78, 77, -1,
      193, 77, 191, -1,
      191, 77, 89, -1,
      191, 89, 189, -1,
      189, 89, 88, -1,
      189, 88, 187, -1,
      187, 88, 87, -1,
      187, 87, 185, -1,
      185, 87, 86, -1,
      185, 86, 183, -1,
      183, 86, 85, -1,
      183, 85, 181, -1,
      181, 85, 84, -1,
      181, 84, 179, -1,
      90, 173, 175, -1,
      179, 84, 80, -1,
      179, 80, 177, -1,
      177, 80, 79, -1,
      177, 79, 175, -1,
      175, 79, 91, -1,
      175, 91, 90, -1,
      171, 173, 95, -1,
      95, 173, 90, -1,
      169, 171, 94, -1,
      94, 171, 95, -1,
      174, 172, 194, -1,
      194, 172, 195, -1,
      172, 170, 195, -1,
      195, 170, 196, -1,
      170, 168, 196, -1,
      196, 168, 197, -1,
      160, 198, 199, -1,
      160, 199, 162, -1,
      162, 199, 200, -1,
      162, 200, 164, -1,
      164, 200, 201, -1,
      164, 201, 166, -1,
      166, 201, 197, -1,
      166, 197, 168, -1,
      188, 202, 203, -1,
      188, 203, 190, -1,
      190, 203, 204, -1,
      190, 204, 192, -1,
      192, 204, 205, -1,
      192, 205, 159, -1,
      159, 205, 198, -1,
      159, 198, 160, -1,
      180, 206, 207, -1,
      180, 207, 182, -1,
      182, 207, 208, -1,
      182, 208, 184, -1,
      184, 208, 209, -1,
      184, 209, 186, -1,
      186, 209, 202, -1,
      186, 202, 188, -1,
      174, 194, 210, -1,
      174, 210, 176, -1,
      176, 210, 211, -1,
      176, 211, 178, -1,
      178, 211, 206, -1,
      178, 206, 180, -1,
    ]
  }
}

Shape {
  appearance Appearance {
    material Material {
      diffuseColor 0.2510 0.2510 0.2510
      specularColor 0.1255 0.1255 0.1255
      ambientIntensity 0.2
      transparency 0.0000
      shininess 0.5
    }
  }
  geometry IndexedFaceSet {
    ccw TRUE
    solid FALSE
    coord DEF co Coordinate {
      point [
        -0.143263 0.325873 0.295276,
        -0.147295 0.325873 0.295276,
        -0.147295 0.305296 0.295276,
        -0.143420 0.305296 0.295276,
        -0.135485 0.308080 0.295276,
        -0.135977 0.307634 0.295276,
        -0.137744 0.306476 0.295276,
        -0.140027 0.305661 0.295276,
        -0.132633 0.315844 0.295276,
        -0.132721 0.314157 0.295276,
        -0.133239 0.311711 0.295276,
        -0.134157 0.309729 0.295276,
        -0.135561 0.323362 0.295276,
        -0.134684 0.322475 0.295276,
        -0.133682 0.320939 0.295276,
        -0.132963 0.318919 0.295276,
        -0.139828 0.325494 0.295276,
        -0.137513 0.324659 0.295276,
      ]
    }
    coordIndex [
      1, 2, 0, -1,
      0, 2, 3, -1,
      0, 3, 7, -1,
      7, 6, 0, -1,
      0, 6, 5, -1,
      0, 5, 4, -1,
      4, 11, 0, -1,
      0, 11, 10, -1,
      0, 10, 9, -1,
      9, 8, 0, -1,
      0, 8, 15, -1,
      0, 15, 14, -1,
      14, 13, 0, -1,
      0, 13, 12, -1,
      0, 12, 16, -1,
      16, 12, 17, -1,
    ]
  }
}

Shape {
  appearance Appearance {
    material Material {
      diffuseColor 1.0000 1.0000 1.0000
      specularColor 0.5020 0.5020 0.5020
      ambientIntensity 0.2
      transparency 0.0000
      shininess 0.5
    }
  }
  geometry IndexedFaceSet {
    ccw TRUE
    solid FALSE
    coord DEF co Coordinate {
      point [
        -0.110044 0.309553 0.295276,
        -0.119838 0.309553 0.295276,
        -0.107322 0.302253 0.295276,
        -0.103515 0.302253 0.295276,
        -0.113681 0.328943 0.295276,
        -0.121158 0.309553 0.295276,
        -0.123723 0.302253 0.295276,
        -0.127530 0.302253 0.295276,
        -0.119838 0.322450 0.295276,
        -0.117365 0.328943 0.295276,
        -0.120067 0.312569 0.299213,
        -0.121158 0.309553 0.299213,
        -0.111108 0.312569 0.299213,
        -0.110044 0.309553 0.299213,
        -0.116075 0.323662 0.299213,
        -0.117365 0.328943 0.299213,
        -0.127530 0.302253 0.299213,
        -0.123723 0.302253 0.299213,
        -0.115844 0.324459 0.299213,
        -0.115639 0.325531 0.299213,
        -0.113681 0.328943 0.299213,
        -0.115557 0.325531 0.299213,
        -0.115341 0.324402 0.299213,
        -0.115141 0.323662 0.299213,
        -0.103515 0.302253 0.299213,
        -0.107322 0.302253 0.299213,
        -0.120067 0.312569 0.295276,
        -0.111108 0.312569 0.295276,
        -0.115141 0.323662 0.295276,
        -0.115557 0.325531 0.295276,
        -0.115341 0.324402 0.295276,
        -0.115639 0.325531 0.295276,
        -0.116075 0.323662 0.295276,
        -0.115844 0.324459 0.295276,
      ]
    }
    coordIndex [
      10, 11, 12, -1,
      12, 11, 13, -1,
      14, 15, 10, -1,
      10, 15, 16, -1,
      10, 16, 11, -1,
      11, 16, 17, -1,
      14, 18, 15, -1,
      15, 18, 19, -1,
      15, 19, 20, -1,
      20, 19, 21, -1,
      20, 21, 22, -1,
      22, 23, 20, -1,
      20, 23, 12, -1,
      20, 12, 24, -1,
      24, 12, 13, -1,
      24, 13, 25, -1,
      20, 24, 4, -1,
      4, 24, 3, -1,
      15, 20, 9, -1,
      9, 20, 4, -1,
      7, 16, 8, -1,
      8, 16, 15, -1,
      8, 15, 9, -1,
      17, 16, 6, -1,
      6, 16, 7, -1,
      11, 17, 5, -1,
      5, 17, 6, -1,
      0, 13, 1, -1,
      1, 13, 11, -1,
      1, 11, 5, -1,
      25, 13, 2, -1,
      2, 13, 0, -1,
      24, 25, 3, -1,
      3, 25, 2, -1,
      10, 12, 26, -1,
      26, 12, 27, -1,
      12, 23, 27, -1,
      27, 23, 28, -1,
      21, 29, 30, -1,
      21, 30, 22, -1,
      22, 30, 28, -1,
      22, 28, 23, -1,
      21, 19, 29, -1,
      29, 19, 31, -1,
      14, 32, 33, -1,
      14, 33, 18, -1,
      18, 33, 31, -1,
      18, 31, 19, -1,
      14, 10, 32, -1,
      32, 10, 26, -1,
    ]
  }
}

Shape {
  appearance Appearance {
    material Material {
      diffuseColor 0.2510 0.2510 0.2510
      specularColor 0.1255 0.1255 0.1255
      ambientIntensity 0.2
      transparency 0.0000
      shininess 0.5
    }
  }
  geometry IndexedFaceSet {
    ccw TRUE
    solid FALSE
    coord DEF co Coordinate {
      point [
        -0.120067 0.312569 0.295276,
        -0.111108 0.312569 0.295276,
        -0.115141 0.323662 0.295276,
        -0.115557 0.325531 0.295276,
        -0.115341 0.324402 0.295276,
        -0.115639 0.325531 0.295276,
        -0.116075 0.323662 0.295276,
        -0.115844 0.324459 0.295276,
      ]
    }
    coordIndex [
      3, 5, 4, -1,
      4, 5, 7, -1,
      4, 7, 2, -1,
      2, 7, 6, -1,
      2, 6, 1, -1,
      1, 6, 0, -1,
    ]
  }
}

Shape {
  appearance Appearance {
    material Material {
      diffuseColor 1.0000 1.0000 1.0000
      specularColor 0.5020 0.5020 0.5020
      ambientIntensity 0.2
      transparency 0.0000
      shininess 0.5
    }
  }
  geometry IndexedFaceSet {
    ccw TRUE
    solid FALSE
    coord DEF co Coordinate {
      point [
        -0.210629 0.259912 0.295276,
        -0.210629 0.283007 0.295276,
        -0.201548 0.283532 0.295276,
        -0.207184 0.283532 0.295276,
        -0.207184 0.271933 0.295276,
        -0.207184 0.262955 0.295276,
        -0.201548 0.262955 0.295276,
        -0.196274 0.262955 0.295276,
        -0.196274 0.259912 0.295276,
        -0.197639 0.271933 0.295276,
        -0.201548 0.271933 0.295276,
        -0.207184 0.283007 0.295276,
        -0.207184 0.274990 0.295276,
        -0.201548 0.274990 0.295276,
        -0.197639 0.274990 0.295276,
        -0.196881 0.283532 0.295276,
        -0.196881 0.286602 0.295276,
        -0.201548 0.286602 0.295276,
        -0.210629 0.286602 0.295276,
        -0.201548 0.259912 0.295276,
        -0.184019 0.260109 0.295276,
        -0.185235 0.259687 0.295276,
        -0.181101 0.259912 0.295276,
        -0.182798 0.260904 0.295276,
        -0.189077 0.259706 0.295276,
        -0.190350 0.260198 0.295276,
        -0.192495 0.262348 0.295276,
        -0.192904 0.263473 0.295276,
        -0.191212 0.274390 0.295276,
        -0.191212 0.277637 0.295276,
        -0.190543 0.278026 0.295276,
        -0.188060 0.278994 0.295276,
        -0.183813 0.276573 0.295276,
        -0.184963 0.276696 0.295276,
        -0.186750 0.271238 0.295276,
        -0.191730 0.268993 0.295276,
        -0.190707 0.269882 0.295276,
        -0.189286 0.270612 0.295276,
        -0.188894 0.275844 0.295276,
        -0.186800 0.276520 0.295276,
        -0.191437 0.260963 0.295276,
        -0.191797 0.261326 0.295276,
        -0.181101 0.262859 0.295276,
        -0.181190 0.262859 0.295276,
        -0.181738 0.262030 0.295276,
        -0.193075 0.265016 0.295276,
        -0.193066 0.265410 0.295276,
        -0.192854 0.266855 0.295276,
        -0.192397 0.268035 0.295276,
        -0.181101 0.272029 0.295276,
        -0.181213 0.273483 0.295276,
        -0.181557 0.274683 0.295276,
        -0.181948 0.275375 0.295276,
        -0.179241 0.277336 0.295276,
        -0.178554 0.276263 0.295276,
        -0.178027 0.274756 0.295276,
        -0.182451 0.275915 0.295276,
        -0.183042 0.276300 0.295276,
        -0.184649 0.279411 0.295276,
        -0.182670 0.279236 0.295276,
        -0.181252 0.278813 0.295276,
        -0.180137 0.278183 0.295276,
        -0.177758 0.272179 0.295276,
        -0.185389 0.259634 0.295276,
        -0.187167 0.259463 0.295276,
        -0.188926 0.259687 0.295276,
        -0.187030 0.259462 0.295276,
        -0.177758 0.259912 0.295276,
        -0.196274 0.262955 0.299213,
        -0.196274 0.259912 0.299213,
        -0.207184 0.262955 0.299213,
        -0.207184 0.271933 0.299213,
        -0.197639 0.271933 0.299213,
        -0.197639 0.274990 0.299213,
        -0.207184 0.274990 0.299213,
        -0.207184 0.283532 0.299213,
        -0.196881 0.283532 0.299213,
        -0.196881 0.286602 0.299213,
        -0.210629 0.286602 0.299213,
        -0.210629 0.259912 0.299213,
        -0.185563 0.268877 0.299213,
        -0.181101 0.269478 0.299213,
        -0.177758 0.272179 0.299213,
        -0.181101 0.259912 0.299213,
        -0.177758 0.259912 0.299213,
        -0.181101 0.262859 0.299213,
        -0.181101 0.272029 0.299213,
        -0.188355 0.268042 0.299213,
        -0.187558 0.268418 0.299213,
        -0.181190 0.262859 0.299213,
        -0.182871 0.263423 0.299213,
        -0.181738 0.262030 0.299213,
        -0.183799 0.262765 0.299213,
        -0.181101 0.267649 0.299213,
        -0.181291 0.266043 0.299213,
        -0.181758 0.264837 0.299213,
        -0.182534 0.263760 0.299213,
        -0.187293 0.262332 0.299213,
        -0.187030 0.259462 0.299213,
        -0.186163 0.262205 0.299213,
        -0.185389 0.259634 0.299213,
        -0.184796 0.262374 0.299213,
        -0.184019 0.260109 0.299213,
        -0.182798 0.260904 0.299213,
        -0.181213 0.273483 0.299213,
        -0.178027 0.274756 0.299213,
        -0.181557 0.274683 0.299213,
        -0.178554 0.276263 0.299213,
        -0.181948 0.275375 0.299213,
        -0.179241 0.277336 0.299213,
        -0.182451 0.275915 0.299213,
        -0.180137 0.278183 0.299213,
        -0.183042 0.276300 0.299213,
        -0.181252 0.278813 0.299213,
        -0.183813 0.276573 0.299213,
        -0.182670 0.279236 0.299213,
        -0.184963 0.276696 0.299213,
        -0.184649 0.279411 0.299213,
        -0.186800 0.276520 0.299213,
        -0.188060 0.278994 0.299213,
        -0.188894 0.275844 0.299213,
        -0.190543 0.278026 0.299213,
        -0.191212 0.274390 0.299213,
        -0.191212 0.277637 0.299213,
        -0.188999 0.263350 0.299213,
        -0.191437 0.260963 0.299213,
        -0.188715 0.263064 0.299213,
        -0.190350 0.260198 0.299213,
        -0.188049 0.262609 0.299213,
        -0.189077 0.259706 0.299213,
        -0.187167 0.259463 0.299213,
        -0.189656 0.265819 0.299213,
        -0.193066 0.265410 0.299213,
        -0.189684 0.265289 0.299213,
        -0.193075 0.265016 0.299213,
        -0.189599 0.264521 0.299213,
        -0.192904 0.263473 0.299213,
        -0.189379 0.263914 0.299213,
        -0.192495 0.262348 0.299213,
        -0.191797 0.261326 0.299213,
        -0.186750 0.271238 0.299213,
        -0.189286 0.270612 0.299213,
        -0.188797 0.267704 0.299213,
        -0.190707 0.269882 0.299213,
        -0.189197 0.267208 0.299213,
        -0.191730 0.268993 0.299213,
        -0.189491 0.266585 0.299213,
        -0.192397 0.268035 0.299213,
        -0.192854 0.266855 0.299213,
        -0.188797 0.267704 0.295276,
        -0.188355 0.268042 0.295276,
        -0.187558 0.268418 0.295276,
        -0.185563 0.268877 0.295276,
        -0.189684 0.265289 0.295276,
        -0.189656 0.265819 0.295276,
        -0.189491 0.266585 0.295276,
        -0.189197 0.267208 0.295276,
        -0.188715 0.263064 0.295276,
        -0.188999 0.263350 0.295276,
        -0.189379 0.263914 0.295276,
        -0.189599 0.264521 0.295276,
        -0.186163 0.262205 0.295276,
        -0.187293 0.262332 0.295276,
        -0.188049 0.262609 0.295276,
        -0.182534 0.263760 0.295276,
        -0.182871 0.263423 0.295276,
        -0.183799 0.262765 0.295276,
        -0.184796 0.262374 0.295276,
        -0.181101 0.267649 0.295276,
        -0.181291 0.266043 0.295276,
        -0.181758 0.264837 0.295276,
        -0.181101 0.269478 0.295276,
      ]
    }
    coordIndex [
      68, 69, 7, -1,
      7, 69, 8, -1,
      5, 70, 6, -1,
      6, 70, 68, -1,
      6, 68, 7, -1,
      71, 70, 4, -1,
      4, 70, 5, -1,
      71, 4, 72, -1,
      72, 4, 10, -1,
      72, 10, 9, -1,
      73, 72, 14, -1,
      14, 72, 9, -1,
      12, 74, 13, -1,
      13, 74, 73, -1,
      13, 73, 14, -1,
      3, 75, 11, -1,
      11, 75, 74, -1,
      11, 74, 12, -1,
      75, 3, 76, -1,
      76, 3, 2, -1,
      76, 2, 15, -1,
      77, 76, 16, -1,
      16, 76, 15, -1,
      18, 78, 17, -1,
      17, 78, 77, -1,
      17, 77, 16, -1,
      0, 79, 1, -1,
      1, 79, 78, -1,
      1, 78, 18, -1,
      79, 0, 69, -1,
      69, 0, 19, -1,
      69, 19, 8, -1,
      79, 69, 68, -1,
      68, 70, 79, -1,
      79, 70, 71, -1,
      79, 71, 78, -1,
      76, 77, 75, -1,
      75, 77, 78, -1,
      75, 78, 74, -1,
      74, 78, 71, -1,
      74, 71, 73, -1,
      73, 71, 72, -1,
      80, 81, 82, -1,
      83, 84, 85, -1,
      85, 84, 82, -1,
      86, 87, 88, -1,
      89, 90, 91, -1,
      91, 90, 92, -1,
      81, 93, 82, -1,
      82, 93, 94, -1,
      82, 94, 85, -1,
      85, 94, 95, -1,
      85, 95, 89, -1,
      89, 95, 96, -1,
      89, 96, 90, -1,
      97, 98, 99, -1,
      99, 98, 100, -1,
      99, 100, 101, -1,
      101, 100, 102, -1,
      101, 102, 92, -1,
      92, 102, 103, -1,
      92, 103, 91, -1,
      88, 80, 86, -1,
      86, 80, 82, -1,
      86, 82, 104, -1,
      104, 82, 105, -1,
      104, 105, 106, -1,
      106, 105, 107, -1,
      106, 107, 108, -1,
      108, 107, 109, -1,
      108, 109, 110, -1,
      110, 109, 111, -1,
      110, 111, 112, -1,
      112, 111, 113, -1,
      112, 113, 114, -1,
      114, 113, 115, -1,
      114, 115, 116, -1,
      116, 115, 117, -1,
      116, 117, 118, -1,
      118, 117, 119, -1,
      118, 119, 120, -1,
      120, 119, 121, -1,
      120, 121, 122, -1,
      122, 121, 123, -1,
      124, 125, 126, -1,
      126, 125, 127, -1,
      126, 127, 128, -1,
      128, 127, 129, -1,
      128, 129, 97, -1,
      97, 129, 130, -1,
      97, 130, 98, -1,
      131, 132, 133, -1,
      133, 132, 134, -1,
      133, 134, 135, -1,
      135, 134, 136, -1,
      135, 136, 137, -1,
      137, 136, 138, -1,
      137, 138, 124, -1,
      124, 138, 139, -1,
      124, 139, 125, -1,
      86, 140, 87, -1,
      87, 140, 141, -1,
      87, 141, 142, -1,
      142, 141, 143, -1,
      142, 143, 144, -1,
      144, 143, 145, -1,
      144, 145, 146, -1,
      146, 145, 147, -1,
      146, 147, 131, -1,
      131, 147, 148, -1,
      131, 148, 132, -1,
      117, 58, 31, -1,
      117, 31, 119, -1,
      119, 31, 30, -1,
      119, 30, 121, -1,
      121, 30, 29, -1,
      121, 29, 123, -1,
      122, 123, 28, -1,
      28, 123, 29, -1,
      122, 28, 38, -1,
      122, 38, 120, -1,
      120, 38, 39, -1,
      120, 39, 118, -1,
      118, 39, 33, -1,
      118, 33, 116, -1,
      116, 33, 32, -1,
      116, 32, 114, -1,
      114, 32, 57, -1,
      114, 57, 112, -1,
      112, 57, 56, -1,
      112, 56, 110, -1,
      110, 56, 52, -1,
      110, 52, 108, -1,
      108, 52, 51, -1,
      108, 51, 106, -1,
      106, 51, 50, -1,
      106, 50, 104, -1,
      104, 50, 49, -1,
      104, 49, 86, -1,
      140, 86, 34, -1,
      34, 86, 49, -1,
      140, 34, 37, -1,
      140, 37, 141, -1,
      141, 37, 36, -1,
      141, 36, 143, -1,
      143, 36, 35, -1,
      143, 35, 145, -1,
      145, 35, 48, -1,
      145, 48, 147, -1,
      147, 48, 47, -1,
      147, 47, 148, -1,
      148, 47, 46, -1,
      148, 46, 132, -1,
      132, 46, 45, -1,
      132, 45, 134, -1,
      134, 45, 27, -1,
      134, 27, 136, -1,
      136, 27, 26, -1,
      136, 26, 138, -1,
      138, 26, 41, -1,
      138, 41, 139, -1,
      139, 41, 40, -1,
      139, 40, 125, -1,
      66, 98, 130, -1,
      125, 40, 25, -1,
      125, 25, 127, -1,
      127, 25, 24, -1,
      127, 24, 129, -1,
      129, 24, 65, -1,
      129, 65, 130, -1,
      130, 65, 64, -1,
      130, 64, 66, -1,
      98, 66, 63, -1,
      98, 63, 100, -1,
      100, 63, 21, -1,
      100, 21, 102, -1,
      21, 20, 102, -1,
      102, 20, 23, -1,
      102, 23, 103, -1,
      103, 23, 44, -1,
      103, 44, 91, -1,
      91, 44, 43, -1,
      91, 43, 89, -1,
      85, 89, 42, -1,
      42, 89, 43, -1,
      83, 85, 22, -1,
      22, 85, 42, -1,
      84, 83, 67, -1,
      67, 83, 22, -1,
      82, 84, 62, -1,
      62, 84, 67, -1,
      82, 62, 55, -1,
      82, 55, 105, -1,
      105, 55, 54, -1,
      105, 54, 107, -1,
      107, 54, 53, -1,
      107, 53, 109, -1,
      109, 53, 61, -1,
      109, 61, 111, -1,
      111, 61, 60, -1,
      111, 60, 113, -1,
      113, 60, 59, -1,
      113, 59, 115, -1,
      115, 59, 58, -1,
      115, 58, 117, -1,
      142, 149, 150, -1,
      142, 150, 87, -1,
      87, 150, 151, -1,
      87, 151, 88, -1,
      88, 151, 152, -1,
      88, 152, 80, -1,
      133, 153, 154, -1,
      133, 154, 131, -1,
      131, 154, 155, -1,
      131, 155, 146, -1,
      146, 155, 156, -1,
      146, 156, 144, -1,
      144, 156, 149, -1,
      144, 149, 142, -1,
      126, 157, 158, -1,
      126, 158, 124, -1,
      124, 158, 159, -1,
      124, 159, 137, -1,
      137, 159, 160, -1,
      137, 160, 135, -1,
      135, 160, 153, -1,
      135, 153, 133, -1,
      99, 161, 162, -1,
      99, 162, 97, -1,
      97, 162, 163, -1,
      97, 163, 128, -1,
      128, 163, 157, -1,
      128, 157, 126, -1,
      96, 164, 165, -1,
      96, 165, 90, -1,
      90, 165, 166, -1,
      90, 166, 92, -1,
      92, 166, 167, -1,
      92, 167, 101, -1,
      101, 167, 161, -1,
      101, 161, 99, -1,
      93, 168, 169, -1,
      93, 169, 94, -1,
      94, 169, 170, -1,
      94, 170, 95, -1,
      95, 170, 164, -1,
      95, 164, 96, -1,
      93, 81, 168, -1,
      168, 81, 171, -1,
      81, 80, 171, -1,
      171, 80, 152, -1,
    ]
  }
}

Shape {
  appearance Appearance {
    material Material {
      diffuseColor 0.2510 0.2510 0.2510
      specularColor 0.1255 0.1255 0.1255
      ambientIntensity 0.2
      transparency 0.0000
      shininess 0.5
    }
  }
  geometry IndexedFaceSet {
    ccw TRUE
    solid FALSE
    coord DEF co Coordinate {
      point [
        -0.188797 0.267704 0.295276,
        -0.188355 0.268042 0.295276,
        -0.187558 0.268418 0.295276,
        -0.185563 0.268877 0.295276,
        -0.189684 0.265289 0.295276,
        -0.189656 0.265819 0.295276,
        -0.189491 0.266585 0.295276,
        -0.189197 0.267208 0.295276,
        -0.188715 0.263064 0.295276,
        -0.188999 0.263350 0.295276,
        -0.189379 0.263914 0.295276,
        -0.189599 0.264521 0.295276,
        -0.186163 0.262205 0.295276,
        -0.187293 0.262332 0.295276,
        -0.188049 0.262609 0.295276,
        -0.182534 0.263760 0.295276,
        -0.182871 0.263423 0.295276,
        -0.183799 0.262765 0.295276,
        -0.184796 0.262374 0.295276,
        -0.181101 0.267649 0.295276,
        -0.181291 0.266043 0.295276,
        -0.181758 0.264837 0.295276,
        -0.181101 0.269478 0.295276,
      ]
    }
    coordIndex [
      19, 22, 3, -1,
      16, 15, 3, -1,
      2, 1, 18, -1,
      2, 18, 3, -1,
      3, 18, 17, -1,
      3, 17, 16, -1,
      15, 21, 3, -1,
      3, 21, 20, -1,
      3, 20, 19, -1,
      1, 0, 18, -1,
      18, 0, 7, -1,
      18, 7, 6, -1,
      6, 5, 18, -1,
      18, 5, 4, -1,
      18, 4, 11, -1,
      14, 13, 8, -1,
      8, 13, 12, -1,
      8, 12, 18, -1,
      11, 10, 18, -1,
      18, 10, 9, -1,
      18, 9, 8, -1,
    ]
  }
}

Shape {
  appearance Appearance {
    material Material {
      diffuseColor 1.0000 1.0000 1.0000
      specularColor 0.5020 0.5020 0.5020
      ambientIntensity 0.2
      transparency 0.0000
      shininess 0.5
    }
  }
  geometry IndexedFaceSet {
    ccw TRUE
    solid FALSE
    coord DEF co Coordinate {
      point [
        -0.153049 0.251619 0.295276,
        -0.153262 0.251535 0.295276,
        -0.140316 0.278974 0.295276,
        -0.147920 0.259687 0.295276,
        -0.165012 0.259827 0.295276,
        -0.166180 0.259687 0.295276,
        -0.097034 0.279848 0.295276,
        -0.096041 0.277309 0.295276,
        -0.098691 0.282169 0.295276,
        -0.097624 0.266019 0.295276,
        -0.099613 0.263651 0.295276,
        -0.102367 0.261670 0.295276,
        -0.105402 0.260475 0.295276,
        -0.109976 0.259912 0.295276,
        -0.095587 0.273598 0.295276,
        -0.095667 0.271906 0.295276,
        -0.096312 0.268780 0.295276,
        -0.117317 0.259912 0.295276,
        -0.117317 0.283007 0.295276,
        -0.117317 0.286602 0.295276,
        -0.109703 0.286602 0.295276,
        -0.105630 0.286152 0.295276,
        -0.102408 0.284976 0.295276,
        -0.099613 0.283068 0.295276,
        -0.099550 0.283007 0.295276,
        -0.172122 0.276929 0.295276,
        -0.171712 0.270243 0.295276,
        -0.173228 0.264033 0.295276,
        -0.171683 0.270223 0.295276,
        -0.172026 0.263280 0.295276,
        -0.171683 0.263146 0.295276,
        -0.172719 0.276021 0.295276,
        -0.173094 0.274942 0.295276,
        -0.172259 0.270815 0.295276,
        -0.172650 0.271424 0.295276,
        -0.173037 0.272427 0.295276,
        -0.173207 0.273830 0.295276,
        -0.173228 0.260581 0.295276,
        -0.171683 0.260037 0.295276,
        -0.170887 0.259757 0.295276,
        -0.170213 0.259687 0.295276,
        -0.168056 0.259462 0.295276,
        -0.161268 0.278565 0.295276,
        -0.161268 0.275318 0.295276,
        -0.160902 0.267430 0.295276,
        -0.160522 0.266464 0.295276,
        -0.161472 0.268250 0.295276,
        -0.171683 0.277331 0.295276,
        -0.171065 0.277896 0.295276,
        -0.170256 0.278394 0.295276,
        -0.168468 0.279088 0.295276,
        -0.165784 0.279411 0.295276,
        -0.163439 0.279203 0.295276,
        -0.160354 0.265097 0.295276,
        -0.160488 0.263856 0.295276,
        -0.160873 0.262790 0.295276,
        -0.161470 0.261900 0.295276,
        -0.162503 0.260977 0.295276,
        -0.163259 0.260509 0.295276,
        -0.166112 0.276696 0.295276,
        -0.167102 0.276622 0.295276,
        -0.169762 0.274130 0.295276,
        -0.167996 0.276385 0.295276,
        -0.168745 0.275986 0.295276,
        -0.169731 0.273686 0.295276,
        -0.169599 0.273167 0.295276,
        -0.169358 0.272715 0.295276,
        -0.169032 0.272357 0.295276,
        -0.167854 0.271620 0.295276,
        -0.163774 0.276411 0.295276,
        -0.165784 0.270719 0.295276,
        -0.161883 0.275678 0.295276,
        -0.164490 0.270196 0.295276,
        -0.162270 0.268961 0.295276,
        -0.169250 0.275541 0.295276,
        -0.169537 0.275115 0.295276,
        -0.169702 0.274664 0.295276,
        -0.169935 0.262463 0.295276,
        -0.168145 0.268291 0.295276,
        -0.170138 0.269204 0.295276,
        -0.167729 0.262191 0.295276,
        -0.167581 0.262192 0.295276,
        -0.165950 0.267371 0.295276,
        -0.165867 0.262384 0.295276,
        -0.163785 0.264770 0.295276,
        -0.163818 0.265186 0.295276,
        -0.165005 0.262700 0.295276,
        -0.164700 0.262885 0.295276,
        -0.164317 0.263225 0.295276,
        -0.164024 0.263657 0.295276,
        -0.163855 0.264132 0.295276,
        -0.163970 0.265708 0.295276,
        -0.164228 0.266151 0.295276,
        -0.164645 0.266585 0.295276,
        -0.149895 0.264647 0.295276,
        -0.149485 0.263078 0.295276,
        -0.149396 0.263078 0.295276,
        -0.143781 0.278974 0.295276,
        -0.153262 0.274333 0.295276,
        -0.148987 0.264620 0.295276,
        -0.149243 0.263731 0.295276,
        -0.153262 0.265359 0.295276,
        -0.158614 0.278974 0.295276,
        -0.154875 0.278974 0.295276,
        -0.151136 0.259953 0.295276,
        -0.151249 0.259687 0.295276,
        -0.152603 0.256487 0.295276,
        -0.157925 0.251207 0.295276,
        -0.157925 0.254181 0.295276,
        -0.157241 0.253957 0.295276,
        -0.156028 0.253799 0.295276,
        -0.155388 0.253855 0.295276,
        -0.154653 0.254085 0.295276,
        -0.154027 0.254468 0.295276,
        -0.154363 0.251103 0.295276,
        -0.155769 0.250934 0.295276,
        -0.156510 0.250961 0.295276,
        -0.153342 0.255173 0.295276,
        -0.153262 0.255315 0.295276,
        -0.148967 0.257033 0.295276,
        -0.149009 0.256927 0.295276,
        -0.150614 0.253893 0.295276,
        -0.151843 0.252487 0.295276,
        -0.151884 0.252449 0.295276,
        -0.133268 0.271933 0.295276,
        -0.133268 0.262955 0.295276,
        -0.128270 0.262955 0.295276,
        -0.122359 0.262955 0.295276,
        -0.122359 0.259912 0.295276,
        -0.123723 0.271933 0.295276,
        -0.128270 0.271933 0.295276,
        -0.133268 0.283007 0.295276,
        -0.133268 0.274990 0.295276,
        -0.128270 0.274990 0.295276,
        -0.133268 0.283532 0.295276,
        -0.123723 0.274990 0.295276,
        -0.136713 0.259912 0.295276,
        -0.136713 0.283007 0.295276,
        -0.136713 0.286602 0.295276,
        -0.128270 0.259912 0.295276,
        -0.128270 0.286602 0.295276,
        -0.122966 0.286602 0.295276,
        -0.122966 0.283532 0.295276,
        -0.128270 0.283532 0.295276,
        -0.173228 0.264033 0.299213,
        -0.172026 0.263280 0.299213,
        -0.167729 0.262191 0.299213,
        -0.169935 0.262463 0.299213,
        -0.173228 0.260581 0.299213,
        -0.170887 0.259757 0.299213,
        -0.168056 0.259462 0.299213,
        -0.165012 0.259827 0.299213,
        -0.163259 0.260509 0.299213,
        -0.162503 0.260977 0.299213,
        -0.161470 0.261900 0.299213,
        -0.160873 0.262790 0.299213,
        -0.160488 0.263856 0.299213,
        -0.160354 0.265097 0.299213,
        -0.160522 0.266464 0.299213,
        -0.160902 0.267430 0.299213,
        -0.161472 0.268250 0.299213,
        -0.162270 0.268961 0.299213,
        -0.164490 0.270196 0.299213,
        -0.165784 0.270719 0.299213,
        -0.167854 0.271620 0.299213,
        -0.169032 0.272357 0.299213,
        -0.169358 0.272715 0.299213,
        -0.169599 0.273167 0.299213,
        -0.169731 0.273686 0.299213,
        -0.169762 0.274130 0.299213,
        -0.169702 0.274664 0.299213,
        -0.169537 0.275115 0.299213,
        -0.169250 0.275541 0.299213,
        -0.168745 0.275986 0.299213,
        -0.167996 0.276385 0.299213,
        -0.167102 0.276622 0.299213,
        -0.166112 0.276696 0.299213,
        -0.163774 0.276411 0.299213,
        -0.161883 0.275678 0.299213,
        -0.161268 0.275318 0.299213,
        -0.161268 0.278565 0.299213,
        -0.163439 0.279203 0.299213,
        -0.165784 0.279411 0.299213,
        -0.168468 0.279088 0.299213,
        -0.170256 0.278394 0.299213,
        -0.171065 0.277896 0.299213,
        -0.172122 0.276929 0.299213,
        -0.172719 0.276021 0.299213,
        -0.173094 0.274942 0.299213,
        -0.173207 0.273830 0.299213,
        -0.173037 0.272427 0.299213,
        -0.172650 0.271424 0.299213,
        -0.172259 0.270815 0.299213,
        -0.168145 0.268291 0.299213,
        -0.170138 0.269204 0.299213,
        -0.171712 0.270243 0.299213,
        -0.165950 0.267371 0.299213,
        -0.164645 0.266585 0.299213,
        -0.164228 0.266151 0.299213,
        -0.163970 0.265708 0.299213,
        -0.163818 0.265186 0.299213,
        -0.163785 0.264770 0.299213,
        -0.163855 0.264132 0.299213,
        -0.164024 0.263657 0.299213,
        -0.164317 0.263225 0.299213,
        -0.164700 0.262885 0.299213,
        -0.165005 0.262700 0.299213,
        -0.165867 0.262384 0.299213,
        -0.167581 0.262192 0.299213,
        -0.143781 0.278974 0.299213,
        -0.140316 0.278974 0.299213,
        -0.148987 0.264620 0.299213,
        -0.149243 0.263731 0.299213,
        -0.149396 0.263078 0.299213,
        -0.149485 0.263078 0.299213,
        -0.149895 0.264647 0.299213,
        -0.154875 0.278974 0.299213,
        -0.158614 0.278974 0.299213,
        -0.151136 0.259953 0.299213,
        -0.152603 0.256487 0.299213,
        -0.153342 0.255173 0.299213,
        -0.154027 0.254468 0.299213,
        -0.154653 0.254085 0.299213,
        -0.155388 0.253855 0.299213,
        -0.156028 0.253799 0.299213,
        -0.157241 0.253957 0.299213,
        -0.157925 0.254181 0.299213,
        -0.157925 0.251207 0.299213,
        -0.156510 0.250961 0.299213,
        -0.155769 0.250934 0.299213,
        -0.154363 0.251103 0.299213,
        -0.153049 0.251619 0.299213,
        -0.151884 0.252449 0.299213,
        -0.151843 0.252487 0.299213,
        -0.150614 0.253893 0.299213,
        -0.149009 0.256927 0.299213,
        -0.148967 0.257033 0.299213,
        -0.122359 0.262955 0.299213,
        -0.122359 0.259912 0.299213,
        -0.133268 0.262955 0.299213,
        -0.133268 0.271933 0.299213,
        -0.123723 0.271933 0.299213,
        -0.123723 0.274990 0.299213,
        -0.133268 0.274990 0.299213,
        -0.133268 0.283532 0.299213,
        -0.122966 0.283532 0.299213,
        -0.122966 0.286602 0.299213,
        -0.136713 0.286602 0.299213,
        -0.136713 0.259912 0.299213,
        -0.100733 0.267388 0.299213,
        -0.102062 0.265739 0.299213,
        -0.099613 0.263651 0.299213,
        -0.102553 0.265293 0.299213,
        -0.102367 0.261670 0.299213,
        -0.104320 0.264135 0.299213,
        -0.105402 0.260475 0.299213,
        -0.106603 0.263321 0.299213,
        -0.109976 0.259912 0.299213,
        -0.109996 0.262955 0.299213,
        -0.117317 0.259912 0.299213,
        -0.113872 0.262955 0.299213,
        -0.117317 0.286602 0.299213,
        -0.113872 0.283532 0.299213,
        -0.109703 0.286602 0.299213,
        -0.109839 0.283532 0.299213,
        -0.105630 0.286152 0.299213,
        -0.106404 0.283153 0.299213,
        -0.102408 0.284976 0.299213,
        -0.104089 0.282318 0.299213,
        -0.099613 0.283068 0.299213,
        -0.102137 0.281021 0.299213,
        -0.098691 0.282169 0.299213,
        -0.101261 0.280135 0.299213,
        -0.097034 0.279848 0.299213,
        -0.100259 0.278598 0.299213,
        -0.096041 0.277309 0.299213,
        -0.099540 0.276578 0.299213,
        -0.095587 0.273598 0.299213,
        -0.099210 0.273503 0.299213,
        -0.095667 0.271906 0.299213,
        -0.099298 0.271817 0.299213,
        -0.096312 0.268780 0.299213,
        -0.099815 0.269370 0.299213,
        -0.097624 0.266019 0.299213,
        -0.109839 0.283532 0.295276,
        -0.113872 0.283532 0.295276,
        -0.113872 0.262955 0.295276,
        -0.109996 0.262955 0.295276,
        -0.102062 0.265739 0.295276,
        -0.102553 0.265293 0.295276,
        -0.104320 0.264135 0.295276,
        -0.106603 0.263321 0.295276,
        -0.099210 0.273503 0.295276,
        -0.099298 0.271817 0.295276,
        -0.099815 0.269370 0.295276,
        -0.100733 0.267388 0.295276,
        -0.102137 0.281021 0.295276,
        -0.101261 0.280135 0.295276,
        -0.100259 0.278598 0.295276,
        -0.099540 0.276578 0.295276,
        -0.106404 0.283153 0.295276,
        -0.104089 0.282318 0.295276,
      ]
    }
    coordIndex [
      27, 144, 145, -1,
      146, 80, 77, -1,
      146, 77, 147, -1,
      147, 77, 30, -1,
      147, 30, 145, -1,
      145, 30, 29, -1,
      145, 29, 27, -1,
      148, 144, 37, -1,
      37, 144, 27, -1,
      37, 38, 148, -1,
      148, 38, 149, -1,
      41, 150, 40, -1,
      40, 150, 149, -1,
      40, 149, 39, -1,
      39, 149, 38, -1,
      41, 5, 150, -1,
      150, 5, 151, -1,
      5, 4, 151, -1,
      151, 4, 58, -1,
      151, 58, 152, -1,
      152, 58, 57, -1,
      152, 57, 153, -1,
      153, 57, 56, -1,
      153, 56, 154, -1,
      154, 56, 55, -1,
      154, 55, 155, -1,
      155, 55, 54, -1,
      155, 54, 156, -1,
      156, 54, 53, -1,
      156, 53, 157, -1,
      157, 53, 45, -1,
      157, 45, 158, -1,
      158, 45, 44, -1,
      158, 44, 159, -1,
      159, 44, 46, -1,
      159, 46, 160, -1,
      160, 46, 73, -1,
      160, 73, 161, -1,
      161, 73, 72, -1,
      161, 72, 162, -1,
      162, 72, 70, -1,
      162, 70, 163, -1,
      163, 70, 68, -1,
      163, 68, 164, -1,
      164, 68, 67, -1,
      164, 67, 165, -1,
      165, 67, 66, -1,
      165, 66, 166, -1,
      166, 66, 65, -1,
      166, 65, 167, -1,
      167, 65, 64, -1,
      167, 64, 168, -1,
      168, 64, 61, -1,
      168, 61, 169, -1,
      169, 61, 76, -1,
      169, 76, 170, -1,
      170, 76, 75, -1,
      170, 75, 171, -1,
      171, 75, 74, -1,
      171, 74, 172, -1,
      172, 74, 63, -1,
      172, 63, 173, -1,
      173, 63, 62, -1,
      173, 62, 174, -1,
      174, 62, 60, -1,
      174, 60, 175, -1,
      175, 60, 59, -1,
      175, 59, 176, -1,
      176, 59, 69, -1,
      176, 69, 177, -1,
      177, 69, 71, -1,
      177, 71, 178, -1,
      178, 71, 43, -1,
      178, 43, 179, -1,
      180, 179, 42, -1,
      42, 179, 43, -1,
      180, 42, 52, -1,
      180, 52, 181, -1,
      181, 52, 51, -1,
      181, 51, 182, -1,
      182, 51, 50, -1,
      182, 50, 183, -1,
      183, 50, 49, -1,
      183, 49, 184, -1,
      184, 49, 48, -1,
      184, 48, 185, -1,
      48, 47, 185, -1,
      185, 47, 186, -1,
      47, 25, 186, -1,
      186, 25, 31, -1,
      186, 31, 187, -1,
      187, 31, 32, -1,
      187, 32, 188, -1,
      188, 32, 36, -1,
      188, 36, 189, -1,
      189, 36, 35, -1,
      189, 35, 190, -1,
      190, 35, 34, -1,
      190, 34, 191, -1,
      191, 34, 33, -1,
      191, 33, 192, -1,
      78, 193, 194, -1,
      192, 33, 26, -1,
      192, 26, 195, -1,
      195, 26, 28, -1,
      195, 28, 194, -1,
      194, 28, 79, -1,
      194, 79, 78, -1,
      193, 78, 82, -1,
      193, 82, 196, -1,
      196, 82, 93, -1,
      196, 93, 197, -1,
      197, 93, 92, -1,
      197, 92, 198, -1,
      198, 92, 91, -1,
      198, 91, 199, -1,
      199, 91, 85, -1,
      199, 85, 200, -1,
      200, 85, 84, -1,
      200, 84, 201, -1,
      201, 84, 90, -1,
      201, 90, 202, -1,
      202, 90, 89, -1,
      202, 89, 203, -1,
      203, 89, 88, -1,
      203, 88, 204, -1,
      204, 88, 87, -1,
      204, 87, 205, -1,
      205, 87, 86, -1,
      205, 86, 206, -1,
      206, 86, 83, -1,
      206, 83, 207, -1,
      207, 83, 81, -1,
      207, 81, 208, -1,
      208, 81, 80, -1,
      208, 80, 146, -1,
      171, 172, 185, -1,
      185, 172, 184, -1,
      184, 172, 173, -1,
      184, 173, 183, -1,
      203, 154, 155, -1,
      196, 163, 193, -1,
      193, 163, 164, -1,
      203, 155, 202, -1,
      202, 155, 156, -1,
      202, 156, 201, -1,
      201, 156, 157, -1,
      201, 157, 200, -1,
      200, 157, 158, -1,
      200, 158, 199, -1,
      199, 158, 159, -1,
      199, 159, 198, -1,
      198, 159, 160, -1,
      198, 160, 197, -1,
      197, 160, 161, -1,
      197, 161, 196, -1,
      196, 161, 162, -1,
      196, 162, 163, -1,
      154, 203, 153, -1,
      153, 203, 204, -1,
      153, 204, 152, -1,
      150, 146, 149, -1,
      149, 146, 147, -1,
      149, 147, 148, -1,
      148, 147, 145, -1,
      148, 145, 144, -1,
      173, 174, 183, -1,
      183, 174, 175, -1,
      183, 175, 182, -1,
      182, 175, 176, -1,
      182, 176, 181, -1,
      181, 176, 177, -1,
      181, 177, 180, -1,
      180, 177, 178, -1,
      180, 178, 179, -1,
      204, 205, 152, -1,
      152, 205, 206, -1,
      152, 206, 151, -1,
      151, 206, 207, -1,
      151, 207, 150, -1,
      150, 207, 208, -1,
      150, 208, 146, -1,
      185, 186, 171, -1,
      171, 186, 187, -1,
      171, 187, 170, -1,
      170, 187, 188, -1,
      170, 188, 169, -1,
      169, 188, 189, -1,
      169, 189, 168, -1,
      168, 189, 190, -1,
      168, 190, 167, -1,
      167, 190, 191, -1,
      167, 191, 166, -1,
      166, 191, 192, -1,
      166, 192, 165, -1,
      165, 192, 195, -1,
      165, 195, 164, -1,
      164, 195, 194, -1,
      164, 194, 193, -1,
      209, 210, 97, -1,
      97, 210, 2, -1,
      211, 209, 99, -1,
      99, 209, 97, -1,
      211, 99, 100, -1,
      211, 100, 212, -1,
      212, 100, 96, -1,
      212, 96, 213, -1,
      214, 213, 95, -1,
      95, 213, 96, -1,
      215, 214, 94, -1,
      94, 214, 95, -1,
      215, 94, 216, -1,
      216, 94, 98, -1,
      216, 98, 103, -1,
      217, 216, 102, -1,
      102, 216, 103, -1,
      217, 102, 218, -1,
      218, 102, 101, -1,
      218, 101, 104, -1,
      106, 219, 105, -1,
      105, 219, 218, -1,
      105, 218, 104, -1,
      106, 118, 219, -1,
      219, 118, 220, -1,
      118, 117, 220, -1,
      220, 117, 113, -1,
      220, 113, 221, -1,
      221, 113, 112, -1,
      221, 112, 222, -1,
      222, 112, 111, -1,
      222, 111, 223, -1,
      223, 111, 110, -1,
      223, 110, 224, -1,
      224, 110, 109, -1,
      224, 109, 225, -1,
      225, 109, 108, -1,
      225, 108, 226, -1,
      227, 226, 107, -1,
      107, 226, 108, -1,
      227, 107, 116, -1,
      227, 116, 228, -1,
      228, 116, 115, -1,
      228, 115, 229, -1,
      229, 115, 114, -1,
      229, 114, 230, -1,
      230, 114, 1, -1,
      230, 1, 231, -1,
      1, 0, 231, -1,
      231, 0, 123, -1,
      231, 123, 232, -1,
      232, 123, 122, -1,
      232, 122, 233, -1,
      233, 122, 121, -1,
      233, 121, 234, -1,
      234, 121, 120, -1,
      234, 120, 235, -1,
      235, 120, 119, -1,
      235, 119, 236, -1,
      2, 210, 3, -1,
      3, 210, 236, -1,
      3, 236, 119, -1,
      212, 213, 236, -1,
      210, 209, 236, -1,
      236, 209, 211, -1,
      236, 211, 212, -1,
      216, 217, 215, -1,
      215, 217, 218, -1,
      215, 218, 214, -1,
      213, 214, 236, -1,
      236, 214, 218, -1,
      236, 218, 235, -1,
      235, 218, 219, -1,
      235, 219, 234, -1,
      234, 219, 220, -1,
      234, 220, 233, -1,
      233, 220, 221, -1,
      226, 227, 225, -1,
      225, 227, 228, -1,
      225, 228, 224, -1,
      224, 228, 229, -1,
      224, 229, 223, -1,
      223, 229, 230, -1,
      223, 230, 222, -1,
      222, 230, 231, -1,
      222, 231, 221, -1,
      221, 231, 232, -1,
      221, 232, 233, -1,
      237, 238, 127, -1,
      127, 238, 128, -1,
      237, 127, 239, -1,
      239, 127, 126, -1,
      239, 126, 125, -1,
      240, 239, 124, -1,
      124, 239, 125, -1,
      240, 124, 241, -1,
      241, 124, 130, -1,
      241, 130, 129, -1,
      242, 241, 135, -1,
      135, 241, 129, -1,
      132, 243, 133, -1,
      133, 243, 242, -1,
      133, 242, 135, -1,
      134, 244, 131, -1,
      131, 244, 243, -1,
      131, 243, 132, -1,
      142, 245, 143, -1,
      143, 245, 244, -1,
      143, 244, 134, -1,
      246, 245, 141, -1,
      141, 245, 142, -1,
      138, 247, 140, -1,
      140, 247, 246, -1,
      140, 246, 141, -1,
      136, 248, 137, -1,
      137, 248, 247, -1,
      137, 247, 138, -1,
      248, 136, 238, -1,
      238, 136, 139, -1,
      238, 139, 128, -1,
      248, 238, 237, -1,
      237, 239, 248, -1,
      248, 239, 240, -1,
      248, 240, 247, -1,
      245, 246, 244, -1,
      244, 246, 247, -1,
      244, 247, 243, -1,
      243, 247, 240, -1,
      243, 240, 242, -1,
      242, 240, 241, -1,
      249, 250, 251, -1,
      251, 250, 252, -1,
      251, 252, 253, -1,
      253, 252, 254, -1,
      253, 254, 255, -1,
      255, 254, 256, -1,
      255, 256, 257, -1,
      257, 256, 258, -1,
      257, 258, 259, -1,
      259, 258, 260, -1,
      259, 260, 261, -1,
      261, 260, 262, -1,
      261, 262, 263, -1,
      263, 262, 264, -1,
      263, 264, 265, -1,
      265, 264, 266, -1,
      265, 266, 267, -1,
      267, 266, 268, -1,
      267, 268, 269, -1,
      269, 268, 270, -1,
      269, 270, 271, -1,
      271, 270, 272, -1,
      271, 272, 273, -1,
      273, 272, 274, -1,
      273, 274, 275, -1,
      275, 274, 276, -1,
      275, 276, 277, -1,
      277, 276, 278, -1,
      277, 278, 279, -1,
      279, 278, 280, -1,
      279, 280, 281, -1,
      281, 280, 282, -1,
      281, 282, 283, -1,
      283, 282, 249, -1,
      283, 249, 251, -1,
      257, 259, 13, -1,
      13, 259, 17, -1,
      257, 13, 12, -1,
      257, 12, 255, -1,
      255, 12, 11, -1,
      255, 11, 253, -1,
      253, 11, 10, -1,
      253, 10, 251, -1,
      251, 10, 9, -1,
      251, 9, 283, -1,
      283, 9, 16, -1,
      283, 16, 281, -1,
      281, 16, 15, -1,
      281, 15, 279, -1,
      279, 15, 14, -1,
      279, 14, 277, -1,
      23, 269, 24, -1,
      24, 269, 271, -1,
      24, 271, 8, -1,
      8, 271, 273, -1,
      8, 273, 6, -1,
      6, 273, 275, -1,
      6, 275, 7, -1,
      7, 275, 277, -1,
      7, 277, 14, -1,
      269, 23, 22, -1,
      269, 22, 267, -1,
      267, 22, 21, -1,
      267, 21, 265, -1,
      265, 21, 20, -1,
      265, 20, 263, -1,
      261, 263, 19, -1,
      19, 263, 20, -1,
      17, 259, 18, -1,
      18, 259, 261, -1,
      18, 261, 19, -1,
      264, 262, 284, -1,
      284, 262, 285, -1,
      262, 260, 285, -1,
      285, 260, 286, -1,
      260, 258, 286, -1,
      286, 258, 287, -1,
      250, 288, 289, -1,
      250, 289, 252, -1,
      252, 289, 290, -1,
      252, 290, 254, -1,
      254, 290, 291, -1,
      254, 291, 256, -1,
      256, 291, 287, -1,
      256, 287, 258, -1,
      278, 292, 293, -1,
      278, 293, 280, -1,
      280, 293, 294, -1,
      280, 294, 282, -1,
      282, 294, 295, -1,
      282, 295, 249, -1,
      249, 295, 288, -1,
      249, 288, 250, -1,
      270, 296, 297, -1,
      270, 297, 272, -1,
      272, 297, 298, -1,
      272, 298, 274, -1,
      274, 298, 299, -1,
      274, 299, 276, -1,
      276, 299, 292, -1,
      276, 292, 278, -1,
      264, 284, 300, -1,
      264, 300, 266, -1,
      266, 300, 301, -1,
      266, 301, 268, -1,
      268, 301, 296, -1,
      268, 296, 270, -1,
    ]
  }
}

Shape {
  appearance Appearance {
    material Material {
      diffuseColor 0.2510 0.2510 0.2510
      specularColor 0.1255 0.1255 0.1255
      ambientIntensity 0.2
      transparency 0.0000
      shininess 0.5
    }
  }
  geometry IndexedFaceSet {
    ccw TRUE
    solid FALSE
    coord DEF co Coordinate {
      point [
        -0.109839 0.283532 0.295276,
        -0.113872 0.283532 0.295276,
        -0.113872 0.262955 0.295276,
        -0.109996 0.262955 0.295276,
        -0.102062 0.265739 0.295276,
        -0.102553 0.265293 0.295276,
        -0.104320 0.264135 0.295276,
        -0.106603 0.263321 0.295276,
        -0.099210 0.273503 0.295276,
        -0.099298 0.271817 0.295276,
        -0.099815 0.269370 0.295276,
        -0.100733 0.267388 0.295276,
        -0.102137 0.281021 0.295276,
        -0.101261 0.280135 0.295276,
        -0.100259 0.278598 0.295276,
        -0.099540 0.276578 0.295276,
        -0.106404 0.283153 0.295276,
        -0.104089 0.282318 0.295276,
      ]
    }
    coordIndex [
      1, 2, 0, -1,
      0, 2, 3, -1,
      0, 3, 7, -1,
      7, 6, 0, -1,
      0, 6, 5, -1,
      0, 5, 4, -1,
      4, 11, 0, -1,
      0, 11, 10, -1,
      0, 10, 9, -1,
      9, 8, 0, -1,
      0, 8, 15, -1,
      0, 15, 14, -1,
      14, 13, 0, -1,
      0, 13, 12, -1,
      0, 12, 16, -1,
      16, 12, 17, -1,
    ]
  }
}

Shape {
  appearance Appearance {
    material Material {
      diffuseColor 1.0000 1.0000 1.0000
      specularColor 0.5020 0.5020 0.5020
      ambientIntensity 0.2
      transparency 0.0000
      shininess 0.5
    }
  }
  geometry IndexedFaceSet {
    ccw TRUE
    solid FALSE
    coord DEF co Coordinate {
      point [
        -0.076620 0.267213 0.295276,
        -0.087734 0.267213 0.295276,
        -0.090300 0.259912 0.295276,
        -0.085311 0.283007 0.295276,
        -0.073898 0.259912 0.295276,
        -0.070091 0.259912 0.295276,
        -0.078887 0.283007 0.295276,
        -0.080257 0.286602 0.295276,
        -0.094107 0.259912 0.295276,
        -0.083941 0.286602 0.295276,
        -0.086643 0.270228 0.299213,
        -0.087734 0.267213 0.299213,
        -0.077685 0.270228 0.299213,
        -0.076620 0.267213 0.299213,
        -0.082652 0.281322 0.299213,
        -0.083941 0.286602 0.299213,
        -0.094107 0.259912 0.299213,
        -0.090300 0.259912 0.299213,
        -0.082420 0.282118 0.299213,
        -0.082215 0.283191 0.299213,
        -0.080257 0.286602 0.299213,
        -0.082133 0.283191 0.299213,
        -0.081917 0.282062 0.299213,
        -0.081717 0.281322 0.299213,
        -0.070091 0.259912 0.299213,
        -0.073898 0.259912 0.299213,
        -0.086643 0.270228 0.295276,
        -0.077685 0.270228 0.295276,
        -0.081717 0.281322 0.295276,
        -0.082133 0.283191 0.295276,
        -0.081917 0.282062 0.295276,
        -0.082215 0.283191 0.295276,
        -0.082652 0.281322 0.295276,
        -0.082420 0.282118 0.295276,
      ]
    }
    coordIndex [
      10, 11, 12, -1,
      12, 11, 13, -1,
      14, 15, 10, -1,
      10, 15, 16, -1,
      10, 16, 11, -1,
      11, 16, 17, -1,
      14, 18, 15, -1,
      15, 18, 19, -1,
      15, 19, 20, -1,
      20, 19, 21, -1,
      20, 21, 22, -1,
      22, 23, 20, -1,
      20, 23, 12, -1,
      20, 12, 24, -1,
      24, 12, 13, -1,
      24, 13, 25, -1,
      24, 5, 20, -1,
      20, 5, 6, -1,
      20, 6, 7, -1,
      15, 20, 9, -1,
      9, 20, 7, -1,
      8, 16, 3, -1,
      3, 16, 15, -1,
      3, 15, 9, -1,
      17, 16, 2, -1,
      2, 16, 8, -1,
      11, 17, 1, -1,
      1, 17, 2, -1,
      13, 11, 0, -1,
      0, 11, 1, -1,
      25, 13, 4, -1,
      4, 13, 0, -1,
      24, 25, 5, -1,
      5, 25, 4, -1,
      10, 12, 26, -1,
      26, 12, 27, -1,
      12, 23, 27, -1,
      27, 23, 28, -1,
      21, 29, 30, -1,
      21, 30, 22, -1,
      22, 30, 28, -1,
      22, 28, 23, -1,
      21, 19, 29, -1,
      29, 19, 31, -1,
      14, 32, 33, -1,
      14, 33, 18, -1,
      18, 33, 31, -1,
      18, 31, 19, -1,
      14, 10, 32, -1,
      32, 10, 26, -1,
    ]
  }
}

Shape {
  appearance Appearance {
    material Material {
      diffuseColor 0.2510 0.2510 0.2510
      specularColor 0.1255 0.1255 0.1255
      ambientIntensity 0.2
      transparency 0.0000
      shininess 0.5
    }
  }
  geometry IndexedFaceSet {
    ccw TRUE
    solid FALSE
    coord DEF co Coordinate {
      point [
        -0.086643 0.270228 0.295276,
        -0.077685 0.270228 0.295276,
        -0.081717 0.281322 0.295276,
        -0.082133 0.283191 0.295276,
        -0.081917 0.282062 0.295276,
        -0.082215 0.283191 0.295276,
        -0.082652 0.281322 0.295276,
        -0.082420 0.282118 0.295276,
      ]
    }
    coordIndex [
      3, 5, 4, -1,
      4, 5, 7, -1,
      4, 7, 2, -1,
      2, 7, 6, -1,
      2, 6, 1, -1,
      1, 6, 0, -1,
    ]
  }
}

Shape {
  appearance Appearance {
    material Material {
      diffuseColor 1.0000 1.0000 1.0000
      specularColor 0.5020 0.5020 0.5020
      ambientIntensity 0.2
      transparency 0.0000
      shininess 0.5
    }
  }
  geometry IndexedFaceSet {
    ccw TRUE
    solid FALSE
    coord DEF co Coordinate {
      point [
        -0.301454 0.282000 0.295276,
        -0.298145 0.278986 0.295276,
        -0.290448 0.283007 0.295276,
        -0.336416 0.317548 0.295276,
        -0.330700 0.319553 0.295276,
        -0.244384 0.307923 0.295276,
        -0.239304 0.303507 0.295276,
        -0.269985 0.331927 0.295276,
        -0.265881 0.329168 0.295276,
        -0.261521 0.326237 0.295276,
        -0.255315 0.319080 0.295276,
        -0.251274 0.311245 0.295276,
        -0.249998 0.310807 0.295276,
        -0.279507 0.335282 0.295276,
        -0.287329 0.336104 0.295276,
        -0.296745 0.334941 0.295276,
        -0.314560 0.324884 0.295276,
        -0.310100 0.328704 0.295276,
        -0.309351 0.329168 0.295276,
        -0.305494 0.331559 0.295276,
        -0.329322 0.320037 0.295276,
        -0.322814 0.320733 0.295276,
        -0.320632 0.320615 0.295276,
        -0.318450 0.320354 0.295276,
        -0.344637 0.311625 0.295276,
        -0.342802 0.313322 0.295276,
        -0.353462 0.292398 0.295276,
        -0.351931 0.299869 0.295276,
        -0.350892 0.302028 0.295276,
        -0.348702 0.306577 0.295276,
        -0.353556 0.289992 0.295276,
        -0.352861 0.283519 0.295276,
        -0.333844 0.261293 0.295276,
        -0.340571 0.264876 0.295276,
        -0.350383 0.276402 0.295276,
        -0.352683 0.283007 0.295276,
        -0.330700 0.260293 0.295276,
        -0.345586 0.269308 0.295276,
        -0.346411 0.270263 0.295276,
        -0.330166 0.259687 0.295276,
        -0.328508 0.256137 0.295276,
        -0.325688 0.252653 0.295276,
        -0.321978 0.249853 0.295276,
        -0.304519 0.249115 0.295276,
        -0.307794 0.247859 0.295276,
        -0.312378 0.247295 0.295276,
        -0.313121 0.247309 0.295276,
        -0.317601 0.248011 0.295276,
        -0.320223 0.249115 0.295276,
        -0.294592 0.259687 0.295276,
        -0.294602 0.259644 0.295276,
        -0.296840 0.255410 0.295276,
        -0.299780 0.252110 0.295276,
        -0.303561 0.249482 0.295276,
        -0.271447 0.270132 0.295276,
        -0.270267 0.270934 0.295276,
        -0.266835 0.282212 0.295276,
        -0.268957 0.271423 0.295276,
        -0.233475 0.279184 0.295276,
        -0.235953 0.273227 0.295276,
        -0.268802 0.259935 0.295276,
        -0.270068 0.260370 0.295276,
        -0.271337 0.261193 0.295276,
        -0.272025 0.261874 0.295276,
        -0.239509 0.268359 0.295276,
        -0.240049 0.267790 0.295276,
        -0.245031 0.263758 0.295276,
        -0.250857 0.261022 0.295276,
        -0.256777 0.259820 0.295276,
        -0.267973 0.259820 0.295276,
        -0.273476 0.265702 0.295276,
        -0.273450 0.266252 0.295276,
        -0.293401 0.268169 0.295276,
        -0.273119 0.267708 0.295276,
        -0.272430 0.269033 0.295276,
        -0.267594 0.271585 0.295276,
        -0.267409 0.271572 0.295276,
        -0.266840 0.271446 0.295276,
        -0.272833 0.263074 0.295276,
        -0.273315 0.264364 0.295276,
        -0.293500 0.264331 0.295276,
        -0.293401 0.266272 0.295276,
        -0.248100 0.276165 0.295276,
        -0.246013 0.279126 0.295276,
        -0.266455 0.271395 0.295276,
        -0.257916 0.271395 0.295276,
        -0.254531 0.272041 0.295276,
        -0.251181 0.273587 0.295276,
        -0.248371 0.275874 0.295276,
        -0.310059 0.285300 0.295276,
        -0.305479 0.284160 0.295276,
        -0.260769 0.302028 0.295276,
        -0.321485 0.283007 0.295276,
        -0.321089 0.283282 0.295276,
        -0.316896 0.284882 0.295276,
        -0.312378 0.285438 0.295276,
        -0.244707 0.282509 0.295276,
        -0.244645 0.283007 0.295276,
        -0.267300 0.283007 0.295276,
        -0.244253 0.286196 0.295276,
        -0.244343 0.287831 0.295276,
        -0.249197 0.297228 0.295276,
        -0.252141 0.299281 0.295276,
        -0.245227 0.291478 0.295276,
        -0.246985 0.294756 0.295276,
        -0.260572 0.300998 0.295276,
        -0.272717 0.292269 0.295276,
        -0.259054 0.300998 0.295276,
        -0.255454 0.300555 0.295276,
        -0.303330 0.283007 0.295276,
        -0.330215 0.272913 0.295276,
        -0.328110 0.277004 0.295276,
        -0.324970 0.280589 0.295276,
        -0.340027 0.282833 0.295276,
        -0.337746 0.278947 0.295276,
        -0.334342 0.275454 0.295276,
        -0.330700 0.273212 0.295276,
        -0.341037 0.294955 0.295276,
        -0.341601 0.290371 0.295276,
        -0.341379 0.287482 0.295276,
        -0.340077 0.283007 0.295276,
        -0.333486 0.305909 0.295276,
        -0.336786 0.302969 0.295276,
        -0.337440 0.302028 0.295276,
        -0.339414 0.299188 0.295276,
        -0.312567 0.306501 0.295276,
        -0.313965 0.307263 0.295276,
        -0.263893 0.311132 0.295276,
        -0.267900 0.316484 0.295276,
        -0.269790 0.318269 0.295276,
        -0.275176 0.321865 0.295276,
        -0.281161 0.324037 0.295276,
        -0.318221 0.308807 0.295276,
        -0.322624 0.309348 0.295276,
        -0.324565 0.309248 0.295276,
        -0.261308 0.304859 0.295276,
        -0.287139 0.324719 0.295276,
        -0.288071 0.324703 0.295276,
        -0.309954 0.312051 0.295276,
        -0.294393 0.323746 0.295276,
        -0.305807 0.317213 0.295276,
        -0.300569 0.321167 0.295276,
        -0.329252 0.308146 0.295276,
        -0.330700 0.307381 0.295276,
        -0.238272 0.302028 0.295276,
        -0.235504 0.298058 0.295276,
        -0.233267 0.292242 0.295276,
        -0.232487 0.286386 0.295276,
        -0.232506 0.285396 0.295276,
        -0.232878 0.283007 0.295276,
        -0.330405 0.260199 0.295276,
        -0.328508 0.256137 0.299213,
        -0.325688 0.252653 0.299213,
        -0.330215 0.272913 0.299213,
        -0.312567 0.273483 0.299213,
        -0.311041 0.273322 0.299213,
        -0.298145 0.278986 0.299213,
        -0.314117 0.273318 0.299213,
        -0.309274 0.272705 0.299213,
        -0.307739 0.271685 0.299213,
        -0.306507 0.270329 0.299213,
        -0.305222 0.265174 0.299213,
        -0.293401 0.266272 0.299213,
        -0.305225 0.267020 0.299213,
        -0.293401 0.268169 0.299213,
        -0.305671 0.268777 0.299213,
        -0.266835 0.282212 0.299213,
        -0.272717 0.292269 0.299213,
        -0.310059 0.285300 0.299213,
        -0.312378 0.285438 0.299213,
        -0.315795 0.272737 0.299213,
        -0.334342 0.275454 0.299213,
        -0.333844 0.261293 0.299213,
        -0.330405 0.260199 0.299213,
        -0.317464 0.260539 0.299213,
        -0.315943 0.259501 0.299213,
        -0.321978 0.249853 0.299213,
        -0.314185 0.258861 0.299213,
        -0.305479 0.284160 0.299213,
        -0.316896 0.284882 0.299213,
        -0.321089 0.283282 0.299213,
        -0.317316 0.271752 0.299213,
        -0.324970 0.280589 0.299213,
        -0.318573 0.270406 0.299213,
        -0.328110 0.277004 0.299213,
        -0.319468 0.268765 0.299213,
        -0.319919 0.266945 0.299213,
        -0.260572 0.300998 0.299213,
        -0.259054 0.300998 0.299213,
        -0.251274 0.311245 0.299213,
        -0.255454 0.300555 0.299213,
        -0.249998 0.310807 0.299213,
        -0.252141 0.299281 0.299213,
        -0.244384 0.307923 0.299213,
        -0.239304 0.303507 0.299213,
        -0.313965 0.307263 0.299213,
        -0.312567 0.306501 0.299213,
        -0.318450 0.320354 0.299213,
        -0.309954 0.312051 0.299213,
        -0.314560 0.324884 0.299213,
        -0.305807 0.317213 0.299213,
        -0.310100 0.328704 0.299213,
        -0.300569 0.321167 0.299213,
        -0.305494 0.331559 0.299213,
        -0.268802 0.259935 0.299213,
        -0.267973 0.259820 0.299213,
        -0.266455 0.271395 0.299213,
        -0.296745 0.334941 0.299213,
        -0.294393 0.323746 0.299213,
        -0.287329 0.336104 0.299213,
        -0.261521 0.326237 0.299213,
        -0.267900 0.316484 0.299213,
        -0.255315 0.319080 0.299213,
        -0.263893 0.311132 0.299213,
        -0.261308 0.304859 0.299213,
        -0.337746 0.278947 0.299213,
        -0.345586 0.269308 0.299213,
        -0.340571 0.264876 0.299213,
        -0.341037 0.294955 0.299213,
        -0.353462 0.292398 0.299213,
        -0.341601 0.290371 0.299213,
        -0.353556 0.289992 0.299213,
        -0.341379 0.287482 0.299213,
        -0.352861 0.283519 0.299213,
        -0.340027 0.282833 0.299213,
        -0.350383 0.276402 0.299213,
        -0.346411 0.270263 0.299213,
        -0.301454 0.282000 0.299213,
        -0.249197 0.297228 0.299213,
        -0.246985 0.294756 0.299213,
        -0.235504 0.298058 0.299213,
        -0.245227 0.291478 0.299213,
        -0.233267 0.292242 0.299213,
        -0.244343 0.287831 0.299213,
        -0.232487 0.286386 0.299213,
        -0.244253 0.286196 0.299213,
        -0.257916 0.271395 0.299213,
        -0.256777 0.259820 0.299213,
        -0.254531 0.272041 0.299213,
        -0.250857 0.261022 0.299213,
        -0.251181 0.273587 0.299213,
        -0.245031 0.263758 0.299213,
        -0.248371 0.275874 0.299213,
        -0.240049 0.267790 0.299213,
        -0.248100 0.276165 0.299213,
        -0.239509 0.268359 0.299213,
        -0.246013 0.279126 0.299213,
        -0.235953 0.273227 0.299213,
        -0.244707 0.282509 0.299213,
        -0.233475 0.279184 0.299213,
        -0.232506 0.285396 0.299213,
        -0.318221 0.308807 0.299213,
        -0.320632 0.320615 0.299213,
        -0.322624 0.309348 0.299213,
        -0.322814 0.320733 0.299213,
        -0.324565 0.309248 0.299213,
        -0.329322 0.320037 0.299213,
        -0.329252 0.308146 0.299213,
        -0.336416 0.317548 0.299213,
        -0.333486 0.305909 0.299213,
        -0.342802 0.313322 0.299213,
        -0.336786 0.302969 0.299213,
        -0.344637 0.311625 0.299213,
        -0.339414 0.299188 0.299213,
        -0.348702 0.306577 0.299213,
        -0.351931 0.299869 0.299213,
        -0.318680 0.261910 0.299213,
        -0.319496 0.263472 0.299213,
        -0.319919 0.265219 0.299213,
        -0.273450 0.266252 0.299213,
        -0.273476 0.265702 0.299213,
        -0.267409 0.271572 0.299213,
        -0.288071 0.324703 0.299213,
        -0.287139 0.324719 0.299213,
        -0.279507 0.335282 0.299213,
        -0.281161 0.324037 0.299213,
        -0.269985 0.331927 0.299213,
        -0.275176 0.321865 0.299213,
        -0.269790 0.318269 0.299213,
        -0.317601 0.248011 0.299213,
        -0.313121 0.247309 0.299213,
        -0.312567 0.258681 0.299213,
        -0.312378 0.247295 0.299213,
        -0.311003 0.258846 0.299213,
        -0.307794 0.247859 0.299213,
        -0.309329 0.259424 0.299213,
        -0.303561 0.249482 0.299213,
        -0.307845 0.260386 0.299213,
        -0.299780 0.252110 0.299213,
        -0.306586 0.261732 0.299213,
        -0.296840 0.255410 0.299213,
        -0.305690 0.263357 0.299213,
        -0.294602 0.259644 0.299213,
        -0.293500 0.264331 0.299213,
        -0.272025 0.261874 0.299213,
        -0.271337 0.261193 0.299213,
        -0.273315 0.264364 0.299213,
        -0.272833 0.263074 0.299213,
        -0.266840 0.271446 0.299213,
        -0.270068 0.260370 0.299213,
        -0.267594 0.271585 0.299213,
        -0.268957 0.271423 0.299213,
        -0.270267 0.270934 0.299213,
        -0.271447 0.270132 0.299213,
        -0.272430 0.269033 0.299213,
        -0.273119 0.267708 0.299213,
        -0.312567 0.273483 0.295276,
        -0.311041 0.273322 0.295276,
        -0.309274 0.272705 0.295276,
        -0.307739 0.271685 0.295276,
        -0.306507 0.270329 0.295276,
        -0.305671 0.268777 0.295276,
        -0.305225 0.267020 0.295276,
        -0.305222 0.265174 0.295276,
        -0.305690 0.263357 0.295276,
        -0.306586 0.261732 0.295276,
        -0.307845 0.260386 0.295276,
        -0.309329 0.259424 0.295276,
        -0.311003 0.258846 0.295276,
        -0.312567 0.258681 0.295276,
        -0.314185 0.258861 0.295276,
        -0.315943 0.259501 0.295276,
        -0.317464 0.260539 0.295276,
        -0.318680 0.261910 0.295276,
        -0.319496 0.263472 0.295276,
        -0.319919 0.265219 0.295276,
        -0.319919 0.266945 0.295276,
        -0.319468 0.268765 0.295276,
        -0.318573 0.270406 0.295276,
        -0.317316 0.271752 0.295276,
        -0.315795 0.272737 0.295276,
        -0.314117 0.273318 0.295276,
      ]
    }
    coordIndex [
      151, 152, 153, -1,
      154, 155, 156, -1,
      154, 156, 157, -1,
      155, 158, 156, -1,
      156, 158, 159, -1,
      156, 159, 160, -1,
      161, 162, 163, -1,
      163, 162, 164, -1,
      163, 164, 165, -1,
      165, 164, 166, -1,
      165, 166, 160, -1,
      160, 166, 167, -1,
      160, 167, 156, -1,
      168, 169, 170, -1,
      171, 172, 153, -1,
      153, 172, 173, -1,
      153, 173, 151, -1,
      174, 152, 175, -1,
      175, 152, 176, -1,
      175, 176, 177, -1,
      168, 170, 178, -1,
      169, 179, 170, -1,
      170, 179, 180, -1,
      170, 180, 181, -1,
      181, 180, 182, -1,
      181, 182, 183, -1,
      183, 182, 184, -1,
      183, 184, 185, -1,
      185, 184, 153, -1,
      185, 153, 186, -1,
      187, 188, 189, -1,
      189, 188, 190, -1,
      189, 190, 191, -1,
      191, 190, 192, -1,
      191, 192, 193, -1,
      193, 192, 194, -1,
      195, 196, 197, -1,
      197, 196, 198, -1,
      197, 198, 199, -1,
      199, 198, 200, -1,
      199, 200, 201, -1,
      201, 200, 202, -1,
      201, 202, 203, -1,
      204, 205, 206, -1,
      203, 202, 207, -1,
      207, 202, 208, -1,
      207, 208, 209, -1,
      210, 211, 212, -1,
      212, 211, 213, -1,
      212, 213, 189, -1,
      189, 213, 214, -1,
      189, 214, 187, -1,
      215, 216, 171, -1,
      171, 216, 217, -1,
      171, 217, 172, -1,
      218, 219, 220, -1,
      220, 219, 221, -1,
      220, 221, 222, -1,
      222, 221, 223, -1,
      222, 223, 224, -1,
      224, 223, 225, -1,
      224, 225, 215, -1,
      215, 225, 226, -1,
      215, 226, 216, -1,
      157, 156, 170, -1,
      170, 156, 227, -1,
      170, 227, 178, -1,
      192, 228, 194, -1,
      194, 228, 229, -1,
      194, 229, 230, -1,
      230, 229, 231, -1,
      230, 231, 232, -1,
      232, 231, 233, -1,
      232, 233, 234, -1,
      234, 233, 235, -1,
      206, 205, 236, -1,
      236, 205, 237, -1,
      236, 237, 238, -1,
      238, 237, 239, -1,
      238, 239, 240, -1,
      240, 239, 241, -1,
      240, 241, 242, -1,
      242, 241, 243, -1,
      242, 243, 244, -1,
      244, 243, 245, -1,
      244, 245, 246, -1,
      246, 245, 247, -1,
      246, 247, 248, -1,
      248, 247, 249, -1,
      248, 249, 235, -1,
      235, 249, 250, -1,
      235, 250, 234, -1,
      195, 197, 251, -1,
      251, 197, 252, -1,
      251, 252, 253, -1,
      253, 252, 254, -1,
      253, 254, 255, -1,
      255, 254, 256, -1,
      255, 256, 257, -1,
      257, 256, 258, -1,
      257, 258, 259, -1,
      259, 258, 260, -1,
      259, 260, 261, -1,
      261, 260, 262, -1,
      261, 262, 263, -1,
      263, 262, 264, -1,
      263, 264, 218, -1,
      218, 264, 265, -1,
      218, 265, 219, -1,
      174, 266, 152, -1,
      152, 266, 267, -1,
      152, 267, 153, -1,
      153, 267, 268, -1,
      153, 268, 186, -1,
      269, 270, 271, -1,
      208, 272, 209, -1,
      209, 272, 273, -1,
      209, 273, 274, -1,
      274, 273, 275, -1,
      274, 275, 276, -1,
      276, 275, 277, -1,
      276, 277, 210, -1,
      210, 277, 278, -1,
      210, 278, 211, -1,
      176, 279, 177, -1,
      177, 279, 280, -1,
      177, 280, 281, -1,
      281, 280, 282, -1,
      281, 282, 283, -1,
      283, 282, 284, -1,
      283, 284, 285, -1,
      285, 284, 286, -1,
      285, 286, 287, -1,
      287, 286, 288, -1,
      287, 288, 289, -1,
      289, 288, 290, -1,
      289, 290, 291, -1,
      291, 290, 292, -1,
      291, 292, 161, -1,
      161, 292, 293, -1,
      161, 293, 162, -1,
      271, 294, 295, -1,
      270, 296, 271, -1,
      271, 296, 297, -1,
      271, 297, 294, -1,
      206, 298, 204, -1,
      204, 298, 271, -1,
      204, 271, 299, -1,
      299, 271, 295, -1,
      271, 300, 269, -1,
      269, 300, 301, -1,
      269, 301, 302, -1,
      302, 303, 269, -1,
      269, 303, 304, -1,
      269, 304, 305, -1,
      234, 147, 146, -1,
      234, 146, 232, -1,
      232, 146, 145, -1,
      232, 145, 230, -1,
      230, 145, 144, -1,
      230, 144, 194, -1,
      144, 6, 194, -1,
      194, 6, 5, -1,
      194, 5, 193, -1,
      193, 5, 12, -1,
      193, 12, 191, -1,
      191, 12, 11, -1,
      191, 11, 189, -1,
      189, 11, 10, -1,
      189, 10, 212, -1,
      212, 10, 9, -1,
      212, 9, 210, -1,
      210, 9, 276, -1,
      276, 9, 8, -1,
      8, 7, 276, -1,
      276, 7, 13, -1,
      276, 13, 274, -1,
      274, 13, 14, -1,
      274, 14, 209, -1,
      17, 201, 18, -1,
      18, 201, 203, -1,
      18, 203, 19, -1,
      19, 203, 207, -1,
      19, 207, 15, -1,
      15, 207, 209, -1,
      15, 209, 14, -1,
      201, 17, 16, -1,
      201, 16, 199, -1,
      199, 16, 23, -1,
      199, 23, 197, -1,
      197, 23, 22, -1,
      197, 22, 252, -1,
      252, 22, 21, -1,
      252, 21, 254, -1,
      254, 21, 20, -1,
      254, 20, 256, -1,
      256, 20, 4, -1,
      256, 4, 258, -1,
      4, 3, 258, -1,
      258, 3, 25, -1,
      258, 25, 260, -1,
      260, 25, 24, -1,
      260, 24, 262, -1,
      262, 24, 29, -1,
      28, 265, 29, -1,
      29, 265, 264, -1,
      29, 264, 262, -1,
      28, 27, 265, -1,
      265, 27, 26, -1,
      265, 26, 219, -1,
      219, 26, 30, -1,
      219, 30, 221, -1,
      221, 30, 31, -1,
      221, 31, 223, -1,
      223, 31, 35, -1,
      223, 35, 225, -1,
      35, 34, 225, -1,
      225, 34, 38, -1,
      225, 38, 226, -1,
      226, 38, 37, -1,
      226, 37, 216, -1,
      150, 173, 36, -1,
      36, 173, 172, -1,
      36, 172, 32, -1,
      32, 172, 217, -1,
      32, 217, 33, -1,
      33, 217, 216, -1,
      33, 216, 37, -1,
      173, 150, 39, -1,
      173, 39, 151, -1,
      39, 40, 151, -1,
      151, 40, 41, -1,
      151, 41, 152, -1,
      152, 41, 42, -1,
      152, 42, 176, -1,
      176, 42, 48, -1,
      176, 48, 279, -1,
      48, 47, 279, -1,
      279, 47, 46, -1,
      279, 46, 280, -1,
      280, 46, 45, -1,
      280, 45, 282, -1,
      81, 162, 293, -1,
      282, 45, 44, -1,
      282, 44, 284, -1,
      284, 44, 43, -1,
      284, 43, 286, -1,
      43, 53, 286, -1,
      286, 53, 52, -1,
      286, 52, 288, -1,
      288, 52, 51, -1,
      288, 51, 290, -1,
      290, 51, 50, -1,
      290, 50, 292, -1,
      292, 50, 49, -1,
      292, 49, 293, -1,
      293, 49, 80, -1,
      293, 80, 81, -1,
      164, 162, 72, -1,
      72, 162, 81, -1,
      166, 164, 56, -1,
      56, 164, 72, -1,
      106, 167, 98, -1,
      98, 167, 166, -1,
      98, 166, 56, -1,
      167, 106, 156, -1,
      156, 106, 2, -1,
      156, 2, 1, -1,
      156, 1, 0, -1,
      156, 0, 227, -1,
      227, 0, 109, -1,
      227, 109, 178, -1,
      109, 90, 178, -1,
      178, 90, 89, -1,
      178, 89, 168, -1,
      168, 89, 95, -1,
      168, 95, 169, -1,
      169, 95, 94, -1,
      169, 94, 179, -1,
      179, 94, 93, -1,
      179, 93, 180, -1,
      180, 93, 92, -1,
      180, 92, 182, -1,
      92, 112, 182, -1,
      182, 112, 111, -1,
      182, 111, 184, -1,
      184, 111, 110, -1,
      184, 110, 153, -1,
      118, 220, 222, -1,
      153, 110, 116, -1,
      153, 116, 171, -1,
      116, 115, 171, -1,
      171, 115, 114, -1,
      171, 114, 215, -1,
      215, 114, 113, -1,
      215, 113, 224, -1,
      224, 113, 120, -1,
      224, 120, 222, -1,
      222, 120, 119, -1,
      222, 119, 118, -1,
      220, 118, 117, -1,
      220, 117, 218, -1,
      218, 117, 124, -1,
      218, 124, 263, -1,
      263, 124, 123, -1,
      263, 123, 261, -1,
      123, 122, 261, -1,
      261, 122, 121, -1,
      261, 121, 259, -1,
      259, 121, 143, -1,
      259, 143, 257, -1,
      143, 142, 257, -1,
      257, 142, 134, -1,
      257, 134, 255, -1,
      255, 134, 133, -1,
      255, 133, 253, -1,
      253, 133, 132, -1,
      253, 132, 251, -1,
      251, 132, 126, -1,
      251, 126, 195, -1,
      195, 126, 125, -1,
      195, 125, 196, -1,
      196, 125, 138, -1,
      196, 138, 198, -1,
      198, 138, 140, -1,
      198, 140, 200, -1,
      200, 140, 141, -1,
      200, 141, 202, -1,
      202, 141, 139, -1,
      202, 139, 208, -1,
      208, 139, 137, -1,
      208, 137, 272, -1,
      272, 137, 136, -1,
      272, 136, 273, -1,
      105, 187, 91, -1,
      91, 187, 214, -1,
      91, 214, 135, -1,
      135, 214, 213, -1,
      135, 213, 127, -1,
      127, 213, 211, -1,
      127, 211, 128, -1,
      128, 211, 278, -1,
      128, 278, 129, -1,
      129, 278, 277, -1,
      129, 277, 130, -1,
      130, 277, 275, -1,
      130, 275, 131, -1,
      131, 275, 273, -1,
      131, 273, 136, -1,
      188, 187, 107, -1,
      107, 187, 105, -1,
      188, 107, 108, -1,
      188, 108, 190, -1,
      190, 108, 102, -1,
      190, 102, 192, -1,
      192, 102, 101, -1,
      192, 101, 228, -1,
      228, 101, 104, -1,
      228, 104, 229, -1,
      229, 104, 103, -1,
      229, 103, 231, -1,
      231, 103, 100, -1,
      231, 100, 233, -1,
      233, 100, 99, -1,
      233, 99, 235, -1,
      99, 97, 235, -1,
      235, 97, 248, -1,
      97, 96, 248, -1,
      248, 96, 83, -1,
      248, 83, 246, -1,
      246, 83, 82, -1,
      246, 82, 244, -1,
      244, 82, 88, -1,
      244, 88, 242, -1,
      242, 88, 87, -1,
      242, 87, 240, -1,
      240, 87, 86, -1,
      240, 86, 238, -1,
      238, 86, 85, -1,
      238, 85, 236, -1,
      206, 236, 84, -1,
      84, 236, 85, -1,
      206, 84, 77, -1,
      206, 77, 298, -1,
      298, 77, 76, -1,
      298, 76, 271, -1,
      271, 76, 75, -1,
      271, 75, 300, -1,
      300, 75, 57, -1,
      300, 57, 301, -1,
      301, 57, 55, -1,
      301, 55, 302, -1,
      302, 55, 54, -1,
      302, 54, 303, -1,
      303, 54, 74, -1,
      303, 74, 304, -1,
      304, 74, 73, -1,
      304, 73, 305, -1,
      305, 73, 71, -1,
      305, 71, 269, -1,
      269, 71, 70, -1,
      269, 70, 270, -1,
      270, 70, 79, -1,
      270, 79, 296, -1,
      296, 79, 78, -1,
      296, 78, 297, -1,
      297, 78, 63, -1,
      297, 63, 294, -1,
      294, 63, 62, -1,
      294, 62, 295, -1,
      295, 62, 61, -1,
      295, 61, 299, -1,
      299, 61, 60, -1,
      299, 60, 204, -1,
      204, 60, 69, -1,
      204, 69, 205, -1,
      237, 205, 68, -1,
      68, 205, 69, -1,
      237, 68, 67, -1,
      237, 67, 239, -1,
      239, 67, 66, -1,
      239, 66, 241, -1,
      241, 66, 65, -1,
      241, 65, 243, -1,
      243, 65, 64, -1,
      243, 64, 245, -1,
      58, 247, 59, -1,
      59, 247, 245, -1,
      59, 245, 64, -1,
      149, 250, 58, -1,
      58, 250, 249, -1,
      58, 249, 247, -1,
      149, 148, 250, -1,
      250, 148, 147, -1,
      250, 147, 234, -1,
      154, 306, 307, -1,
      154, 307, 155, -1,
      155, 307, 308, -1,
      155, 308, 158, -1,
      158, 308, 309, -1,
      158, 309, 159, -1,
      159, 309, 310, -1,
      159, 310, 160, -1,
      160, 310, 311, -1,
      160, 311, 165, -1,
      165, 311, 312, -1,
      165, 312, 163, -1,
      163, 312, 313, -1,
      163, 313, 161, -1,
      161, 313, 314, -1,
      161, 314, 291, -1,
      291, 314, 315, -1,
      291, 315, 289, -1,
      289, 315, 316, -1,
      289, 316, 287, -1,
      287, 316, 317, -1,
      287, 317, 285, -1,
      285, 317, 318, -1,
      285, 318, 283, -1,
      283, 318, 319, -1,
      283, 319, 281, -1,
      281, 319, 320, -1,
      281, 320, 177, -1,
      177, 320, 321, -1,
      177, 321, 175, -1,
      175, 321, 322, -1,
      175, 322, 174, -1,
      174, 322, 323, -1,
      174, 323, 266, -1,
      266, 323, 324, -1,
      266, 324, 267, -1,
      267, 324, 325, -1,
      267, 325, 268, -1,
      268, 325, 326, -1,
      268, 326, 186, -1,
      186, 326, 327, -1,
      186, 327, 185, -1,
      185, 327, 328, -1,
      185, 328, 183, -1,
      183, 328, 329, -1,
      183, 329, 181, -1,
      181, 329, 330, -1,
      181, 330, 170, -1,
      170, 330, 331, -1,
      170, 331, 157, -1,
      157, 331, 306, -1,
      157, 306, 154, -1,
    ]
  }
}

Shape {
  appearance Appearance {
    material Material {
      diffuseColor 0.2510 0.2510 0.2510
      specularColor 0.1255 0.1255 0.1255
      ambientIntensity 0.2
      transparency 0.0000
      shininess 0.5
    }
  }
  geometry IndexedFaceSet {
    ccw TRUE
    solid FALSE
    coord DEF co Coordinate {
      point [
        -0.312567 0.273483 0.295276,
        -0.311041 0.273322 0.295276,
        -0.309274 0.272705 0.295276,
        -0.307739 0.271685 0.295276,
        -0.306507 0.270329 0.295276,
        -0.305671 0.268777 0.295276,
        -0.305225 0.267020 0.295276,
        -0.305222 0.265174 0.295276,
        -0.305690 0.263357 0.295276,
        -0.306586 0.261732 0.295276,
        -0.307845 0.260386 0.295276,
        -0.309329 0.259424 0.295276,
        -0.311003 0.258846 0.295276,
        -0.312567 0.258681 0.295276,
        -0.314185 0.258861 0.295276,
        -0.315943 0.259501 0.295276,
        -0.317464 0.260539 0.295276,
        -0.318680 0.261910 0.295276,
        -0.319496 0.263472 0.295276,
        -0.319919 0.265219 0.295276,
        -0.319919 0.266945 0.295276,
        -0.319468 0.268765 0.295276,
        -0.318573 0.270406 0.295276,
        -0.317316 0.271752 0.295276,
        -0.315795 0.272737 0.295276,
        -0.314117 0.273318 0.295276,
      ]
    }
    coordIndex [
      25, 13, 0, -1,
      0, 13, 12, -1,
      0, 12, 1, -1,
      22, 21, 20, -1,
      18, 17, 25, -1,
      25, 17, 16, -1,
      5, 4, 10, -1,
      10, 4, 3, -1,
      18, 25, 19, -1,
      19, 25, 24, -1,
      19, 24, 20, -1,
      20, 24, 23, -1,
      20, 23, 22, -1,
      16, 15, 25, -1,
      25, 15, 14, -1,
      25, 14, 13, -1,
      8, 7, 6, -1,
      12, 11, 1, -1,
      1, 11, 10, -1,
      1, 10, 2, -1,
      2, 10, 3, -1,
      5, 10, 6, -1,
      6, 10, 9, -1,
      6, 9, 8, -1,
    ]
  }
}

Shape {
  appearance Appearance {
    material Material {
      diffuseColor 0.7529 0.7529 0.7529
      specularColor 0.3765 0.3765 0.3765
      ambientIntensity 0.2
      transparency 0.0000
      shininess 0.5
    }
  }
  geometry IndexedFaceSet {
    ccw TRUE
    solid FALSE
    coord DEF co Coordinate {
      point [
        -0.236220 -0.059055 0.000000,
        -0.137795 -0.157480 0.000000,
        -0.236220 -0.059055 -0.007874,
        -0.137795 -0.157480 -0.007874,
      ]
    }
    coordIndex [
      2, 3, 0, -1,
      0, 3, 1, -1,
    ]
  }
}
