#VRML V2.0 utf8

Shape {
  appearance Appearance {
    material Material {
      diffuseColor 0.6471 0.6196 0.5882
      specularColor 0.4510 0.4353 0.4118
      ambientIntensity 0.2
      transparency 0.0000
      shininess 0.5
    }
  }
  geometry IndexedFaceSet {
    ccw TRUE
    solid FALSE
    coord DEF co Coordinate {
      point [
        0.390077 -0.004613 0.326512,
        0.396420 -0.004613 0.315525,
        0.396420 0.026215 0.315525,
        0.364672 -0.004613 0.370514,
        0.369368 -0.004613 0.362381,
        0.369368 0.026215 0.362381,
        0.348541 0.038412 0.398454,
        0.348388 0.040896 0.398719,
        0.348388 0.028135 0.398719,
        0.364574 0.046697 0.370684,
        0.364672 0.044641 0.370514,
        0.364672 0.055238 0.370514,
        0.350365 0.061227 0.395294,
        0.355491 0.061227 0.386417,
        0.355491 0.069876 0.386417,
        0.390033 0.062922 0.326588,
        0.390077 0.062106 0.326512,
        0.390077 0.069876 0.326512,
        0.375770 0.101335 0.351293,
        0.380895 0.101335 0.342415,
        0.380895 0.107332 0.342415,
        0.361251 -0.031663 0.376440,
        0.363934 -0.025643 0.371793,
        0.348388 -0.004613 0.398719,
        0.348388 -0.057801 0.398719,
        0.350147 -0.052569 0.395672,
        0.354455 -0.045102 0.388210,
        0.359142 -0.040272 0.380093,
        0.359476 -0.038365 0.379513,
        0.344720 -0.074152 0.405073,
        0.346733 -0.062724 0.401585,
        0.294459 -0.004613 0.492126,
        0.346952 -0.105328 0.401207,
        0.344924 -0.094829 0.404719,
        0.294459 -0.189773 0.492126,
        0.344227 -0.083538 0.405927,
        0.348388 -0.189773 0.398719,
        0.354008 -0.135127 0.388985,
        0.353449 -0.126120 0.389953,
        0.364672 -0.189773 0.370514,
        0.364672 -0.159776 0.370514,
        0.362450 -0.157814 0.374364,
        0.358914 -0.152307 0.380487,
        0.348388 -0.109964 0.398719,
        0.348667 -0.110863 0.398236,
        0.350959 -0.116215 0.394267,
        0.353520 -0.123502 0.389830,
        0.353677 -0.120883 0.389559,
        0.358199 -0.150798 0.381726,
        0.355650 -0.143560 0.386141,
        0.389770 -0.135229 0.327044,
        0.389332 -0.138145 0.327801,
        0.390077 -0.189773 0.326512,
        0.387324 -0.146370 0.331280,
        0.384304 -0.153446 0.336510,
        0.380625 -0.158611 0.342883,
        0.376388 -0.161891 0.350222,
        0.369368 -0.189773 0.362381,
        0.371894 -0.163010 0.358006,
        0.370833 -0.162949 0.359844,
        0.369368 -0.162431 0.362381,
        0.366553 -0.161435 0.367257,
        0.395976 -0.125120 0.316294,
        0.394296 -0.129572 0.319205,
        0.396420 -0.189773 0.315525,
        0.392205 -0.132955 0.322826,
        0.390077 -0.134942 0.326512,
        0.397512 -0.113596 0.313634,
        0.476302 -0.189773 0.177165,
        0.397174 -0.108099 0.314219,
        0.476302 -0.004613 0.177165,
        0.396420 -0.104165 0.315525,
        0.397504 -0.114493 0.313649,
        0.397082 -0.119869 0.314379,
        0.396420 -0.123011 0.315525,
        0.390077 -0.092252 0.326512,
        0.390098 -0.092262 0.326476,
        0.392639 -0.094946 0.322074,
        0.394624 -0.098482 0.318636,
        0.396201 -0.103019 0.315905,
        0.378498 -0.096517 0.346568,
        0.370528 -0.066004 0.360372,
        0.376690 -0.100485 0.349698,
        0.375394 -0.105315 0.351944,
        0.389954 -0.061041 0.326724,
        0.389726 -0.062570 0.327121,
        0.389260 -0.064134 0.327927,
        0.388730 -0.065232 0.328845,
        0.373195 -0.031953 0.355752,
        0.371007 -0.033012 0.359542,
        0.369368 -0.034769 0.362381,
        0.369368 -0.148099 0.362381,
        0.383781 -0.064412 0.337417,
        0.383309 -0.062986 0.338234,
        0.376562 -0.058944 0.349920,
        0.383026 -0.061408 0.338726,
        0.382125 -0.022085 0.340285,
        0.384874 -0.026154 0.335524,
        0.385362 -0.027092 0.334679,
        0.387741 -0.033126 0.330557,
        0.376184 -0.146780 0.350576,
        0.378522 -0.144036 0.346525,
        0.379685 -0.132473 0.344511,
        0.380618 -0.139950 0.342895,
        0.382141 -0.135001 0.340257,
        0.375919 -0.124046 0.351034,
        0.377535 -0.128704 0.348236,
        0.371666 -0.148664 0.358400,
        0.373394 -0.148400 0.355407,
        0.370732 -0.018571 0.360018,
        0.374057 -0.017728 0.354259,
        0.374852 -0.017767 0.352883,
        0.378574 -0.019025 0.346435,
        0.389336 -0.040150 0.327795,
        0.389997 -0.046876 0.326650,
        0.389997 -0.060311 0.326650,
        0.386468 -0.066915 0.332763,
        0.386094 -0.066875 0.333410,
        0.384987 -0.090824 0.335327,
        0.385223 -0.066456 0.334919,
        0.384434 -0.065609 0.336286,
        0.374959 -0.119015 0.352696,
        0.374626 -0.113596 0.353273,
        0.374710 -0.110810 0.353129,
        0.388006 -0.066183 0.330099,
        0.387230 -0.066741 0.331444,
        0.387285 -0.090943 0.331347,
        0.386126 -0.090824 0.333355,
        0.382938 -0.059856 0.338877,
        0.382946 -0.059634 0.338863,
        0.383022 -0.058950 0.338732,
        0.380189 -0.036461 0.343638,
        0.378413 -0.033957 0.346715,
        0.376383 -0.032391 0.350231,
        0.374171 -0.031846 0.354061,
        0.383052 -0.058489 0.338680,
        0.383052 -0.048242 0.338680,
        0.382666 -0.044188 0.339348,
        0.381739 -0.040166 0.340954,
        0.380367 -0.036793 0.343330,
        0.364672 -0.051640 0.370514,
        0.364672 -0.143671 0.370514,
        0.365290 -0.051430 0.369444,
        0.366378 -0.146042 0.367560,
        0.368918 -0.147989 0.363161,
        0.365290 -0.049608 0.369444,
        0.369039 -0.035120 0.362950,
        0.367552 -0.037781 0.365527,
        0.366320 -0.041315 0.367661,
        0.365556 -0.045290 0.368984,
        0.361528 -0.115516 0.375961,
        0.361989 -0.113824 0.375163,
        0.358831 -0.110898 0.380631,
        0.354796 -0.062802 0.387620,
        0.363579 -0.052013 0.372408,
        0.356446 -0.059393 0.384761,
        0.359757 -0.054819 0.379028,
        0.351058 -0.083310 0.394094,
        0.351076 -0.084846 0.394064,
        0.351697 -0.092407 0.392988,
        0.360603 -0.120624 0.377563,
        0.360281 -0.125893 0.378121,
        0.360340 -0.128211 0.378019,
        0.352681 -0.069309 0.391283,
        0.351424 -0.076519 0.393461,
        0.353291 -0.099776 0.390226,
        0.355704 -0.106003 0.386047,
        0.360999 -0.133835 0.376876,
        0.362341 -0.138918 0.374552,
        0.364109 -0.142889 0.371489,
        0.364672 -0.024640 0.370514,
        0.367231 -0.021164 0.366082,
        0.369368 -0.019582 0.362381,
        0.388116 0.114426 0.329908,
        0.389942 0.114426 0.326746,
        0.390077 0.117452 0.326512,
        0.390077 0.107332 0.326512,
        0.369368 0.117452 0.362381,
        0.375770 0.113698 0.351293,
        0.373928 0.113698 0.354483,
        0.388116 0.101335 0.329908,
        0.388116 0.107332 0.329908,
        0.382729 0.101335 0.339239,
        0.382729 0.107332 0.339239,
        0.382729 0.112789 0.339239,
        0.380895 0.112789 0.342415,
        0.375770 0.107332 0.351293,
        0.389942 0.107332 0.326746,
        0.389942 0.097201 0.326746,
        0.390077 0.095039 0.326512,
        0.373928 0.097201 0.354483,
        0.384492 0.031183 0.336185,
        0.381255 0.031802 0.341791,
        0.385067 0.030382 0.335190,
        0.385774 0.029833 0.333964,
        0.389942 0.043936 0.326746,
        0.390078 0.039044 0.326509,
        0.389942 0.047947 0.326746,
        0.390077 0.055238 0.326512,
        0.378494 0.035572 0.346574,
        0.369368 0.028135 0.362381,
        0.379076 0.032596 0.345566,
        0.379307 0.031802 0.345167,
        0.388173 0.043936 0.329809,
        0.388173 0.043829 0.329809,
        0.388841 0.042902 0.328652,
        0.390077 0.028135 0.326512,
        0.388444 0.030227 0.329340,
        0.387759 0.029751 0.330526,
        0.383959 0.032411 0.337109,
        0.383521 0.034118 0.337867,
        0.380380 0.034592 0.343307,
        0.383146 0.037157 0.338516,
        0.379976 0.037106 0.344007,
        0.389468 0.041595 0.327566,
        0.389770 0.040644 0.327043,
        0.389750 0.032762 0.327078,
        0.389311 0.031532 0.327838,
        0.389007 0.030953 0.328364,
        0.382672 0.043936 0.339338,
        0.381904 0.043834 0.340669,
        0.381140 0.043440 0.341991,
        0.378243 0.039678 0.347010,
        0.378348 0.042056 0.346828,
        0.378602 0.043757 0.346387,
        0.380710 0.042985 0.342735,
        0.380375 0.042398 0.343315,
        0.380135 0.041709 0.343731,
        0.379963 0.040821 0.344030,
        0.379872 0.039302 0.344188,
        0.386880 0.029567 0.332050,
        0.386641 0.029578 0.332463,
        0.380241 0.054030 0.343548,
        0.379489 0.046169 0.344851,
        0.380887 0.053560 0.342428,
        0.380133 0.046993 0.343736,
        0.381038 0.047626 0.342168,
        0.383743 0.055202 0.337482,
        0.387469 0.053383 0.331028,
        0.383755 0.055238 0.337461,
        0.387921 0.054825 0.330246,
        0.388002 0.055238 0.330107,
        0.383400 0.054546 0.338076,
        0.383000 0.054041 0.338769,
        0.382581 0.047947 0.339494,
        0.382391 0.053591 0.339824,
        0.381591 0.053408 0.341210,
        0.389541 0.053383 0.327441,
        0.389867 0.055238 0.326875,
        0.390034 0.056185 0.326587,
        0.390077 0.057007 0.326512,
        0.378750 0.067735 0.346131,
        0.380698 0.067735 0.342756,
        0.387613 0.068653 0.330779,
        0.388250 0.068172 0.329676,
        0.388781 0.067437 0.328756,
        0.379698 0.054767 0.344488,
        0.379486 0.055238 0.344856,
        0.369368 0.055238 0.362381,
        0.379151 0.055979 0.345436,
        0.378855 0.056939 0.345948,
        0.384939 0.067490 0.335410,
        0.385465 0.068211 0.334500,
        0.386051 0.068651 0.333485,
        0.386831 0.068833 0.332135,
        0.378438 0.059082 0.346671,
        0.378243 0.062316 0.347010,
        0.369368 0.069876 0.362381,
        0.378367 0.065130 0.346794,
        0.389303 0.066254 0.327852,
        0.389646 0.065102 0.327258,
        0.379872 0.061922 0.344188,
        0.379916 0.060735 0.344111,
        0.381411 0.057543 0.341522,
        0.380058 0.059662 0.343865,
        0.380297 0.058763 0.343450,
        0.381678 0.057579 0.341060,
        0.381989 0.057738 0.340520,
        0.382260 0.058027 0.340052,
        0.382475 0.058419 0.339679,
        0.382917 0.059833 0.338913,
        0.380043 0.064733 0.343891,
        0.383457 0.062316 0.337977,
        0.380484 0.067002 0.343128,
        0.383772 0.063869 0.337433,
        0.384513 0.066533 0.336149,
        0.380565 0.058157 0.342987,
        0.380820 0.057813 0.342545,
        0.381091 0.057615 0.342076,
        0.388411 0.057334 0.329397,
        0.384915 0.059483 0.335453,
        0.384367 0.057092 0.336402,
        0.388574 0.059982 0.329114,
        0.388574 0.060159 0.329115,
        0.385467 0.062117 0.334497,
        0.388459 0.062216 0.329315,
        0.387027 0.064715 0.331794,
        0.386778 0.064675 0.332226,
        0.388269 0.063251 0.329643,
        0.388158 0.063617 0.329835,
        0.387954 0.064077 0.330189,
        0.387695 0.064428 0.330637,
        0.387410 0.064631 0.331131,
        0.386465 0.064493 0.332769,
        0.386198 0.064183 0.333230,
        0.385938 0.063683 0.333680,
        0.360157 0.129204 0.378334,
        0.360157 0.117452 0.378334,
        0.364537 0.132470 0.370748,
        0.364672 0.117452 0.370514,
        0.364537 0.137039 0.370748,
        0.364672 0.216535 0.370514,
        0.348388 0.216535 0.398719,
        0.348523 0.124840 0.398485,
        0.348388 0.117452 0.398719,
        0.360157 0.115867 0.378334,
        0.364537 0.112789 0.370748,
        0.364672 0.107332 0.370514,
        0.364537 0.108220 0.370748,
        0.348388 0.107332 0.398719,
        0.352419 0.117452 0.391737,
        0.348523 0.120419 0.398485,
        0.364672 0.095039 0.370514,
        0.364197 0.094685 0.371337,
        0.364537 0.089178 0.370748,
        0.348523 0.089505 0.398485,
        0.348388 0.095039 0.398719,
        0.348388 0.077343 0.398719,
        0.364672 0.077343 0.370514,
        0.364537 0.080368 0.370748,
        0.348523 0.080368 0.398485,
        0.359215 0.105576 0.379967,
        0.360872 0.104001 0.377097,
        0.351178 0.102710 0.393886,
        0.352569 0.104701 0.391477,
        0.362294 0.101613 0.374633,
        0.363478 0.098323 0.372582,
        0.364127 0.095039 0.371458,
        0.350644 0.101613 0.394812,
        0.348793 0.094392 0.398018,
        0.348911 0.095039 0.397813,
        0.349498 0.098257 0.396796,
        0.354092 0.105896 0.388840,
        0.356326 0.106444 0.384971,
        0.357339 0.106349 0.383216,
        0.348388 0.069876 0.398719,
        0.348523 0.073589 0.398485,
        0.348523 0.069876 0.398485,
        0.350365 0.073589 0.395294,
        0.362711 0.074318 0.373910,
        0.364537 0.074318 0.370748,
        0.364672 0.069876 0.370514,
        0.362711 0.061227 0.373910,
        0.362711 0.069876 0.373910,
        0.357324 0.061227 0.383241,
        0.357324 0.069876 0.383241,
        0.357324 0.072680 0.383241,
        0.355491 0.072680 0.386417,
        0.350365 0.069876 0.395294,
        0.348523 0.057092 0.398485,
        0.348388 0.055238 0.398719,
        0.364537 0.057092 0.370748,
        0.348908 0.050682 0.397818,
        0.348424 0.047359 0.398656,
        0.348388 0.046478 0.398719,
        0.364537 0.069876 0.370748,
        0.351070 0.050682 0.394075,
        0.364010 0.050135 0.371661,
        0.362937 0.043927 0.373520,
        0.362598 0.047547 0.374107,
        0.361893 0.050682 0.375328,
        0.363874 0.050682 0.371896,
        0.360196 0.032625 0.378267,
        0.361279 0.034185 0.376392,
        0.361584 0.034801 0.375863,
        0.362326 0.036890 0.374579,
        0.362769 0.039169 0.373812,
        0.362965 0.042413 0.373470,
        0.350355 0.047076 0.395312,
        0.352123 0.034002 0.392250,
        0.350973 0.050325 0.394241,
        0.353261 0.032504 0.390280,
        0.354683 0.031482 0.387815,
        0.350120 0.043133 0.395720,
        0.350144 0.041898 0.395677,
        0.351896 0.034406 0.392643,
        0.350412 0.039111 0.395213,
        0.350994 0.036592 0.394204,
        0.356711 0.031041 0.384304,
        0.357303 0.031076 0.383278,
        0.358905 0.031589 0.380504,
        0.348253 0.043093 0.398953,
        0.294459 0.028135 0.492126,
        0.294459 0.055238 0.492126,
        0.348253 0.043181 0.398953,
        0.352130 0.029004 0.392239,
        0.350611 0.031328 0.394869,
        0.350251 0.032080 0.395493,
        0.349195 0.035073 0.397321,
        0.348388 0.026215 0.398719,
        0.353908 0.027483 0.389157,
        0.353146 0.028135 0.390478,
        0.360487 0.028135 0.377763,
        0.359223 0.027225 0.379952,
        0.364672 0.026215 0.370514,
        0.356833 0.026702 0.384092,
        0.356000 0.026758 0.385536,
        0.363693 0.033393 0.372210,
        0.362622 0.030812 0.374066,
        0.364672 0.028135 0.370514,
        0.362339 0.030307 0.374556,
        0.360942 0.028462 0.376976,
        0.364807 0.041815 0.370280,
        0.364762 0.039888 0.370359,
        0.364672 0.039015 0.370514,
        0.364405 0.036416 0.370976,
        0.378980 0.045095 0.345732,
        0.390212 0.059589 0.326278,
        0.396420 0.055238 0.315525,
        0.396420 0.028135 0.315525,
        0.390212 0.036821 0.326278,
        0.390202 0.036151 0.326295,
        0.390078 0.034584 0.326510,
        0.390053 0.034274 0.326553,
        0.378504 0.088719 0.346556,
        0.378504 0.092878 0.346556,
        0.369368 0.095039 0.362381,
        0.373928 0.107332 0.354483,
        0.369368 0.107332 0.362381,
        0.390077 0.083752 0.326512,
        0.387101 0.081383 0.331667,
        0.388043 0.081874 0.330036,
        0.388043 0.081981 0.330036,
        0.369368 0.077343 0.362381,
        0.381289 0.077343 0.341732,
        0.387117 0.082472 0.331638,
        0.387650 0.082165 0.330715,
        0.390077 0.077343 0.326512,
        0.386674 0.077343 0.332407,
        0.378504 0.070920 0.346556,
        0.378504 0.075407 0.346556,
        0.389917 0.079893 0.326789,
        0.390077 0.079758 0.326512,
        0.391997 0.078133 0.323187,
        0.396420 0.069876 0.315525,
        0.395165 0.071747 0.317699,
        0.393380 0.071747 0.320790,
        0.393519 0.072595 0.320551,
        0.393609 0.074023 0.320393,
        0.393607 0.074217 0.320397,
        0.393532 0.075168 0.320528,
        0.393345 0.076028 0.320851,
        0.393157 0.076552 0.321178,
        0.392750 0.077300 0.321882,
        0.392711 0.077343 0.321949,
        0.394972 0.077343 0.318033,
        0.395238 0.075936 0.317573,
        0.396420 0.077343 0.315525,
        0.395329 0.074334 0.317415,
        0.395287 0.072930 0.317488,
        0.391669 0.082497 0.323754,
        0.393404 0.080725 0.320748,
        0.396420 0.095039 0.315525,
        0.394297 0.079259 0.319203,
        0.394452 0.078923 0.318935,
        0.394939 0.077521 0.318091,
        0.476302 -0.216535 0.177165,
        0.396420 -0.216535 0.315525,
        0.390077 -0.216535 0.326512,
        0.369368 -0.216535 0.362381,
        0.364672 -0.216535 0.370514,
        0.348388 -0.216535 0.398719,
        0.294459 -0.216535 0.492126,
        0.348523 0.012637 0.398485,
        0.362711 0.012637 0.373910,
        0.362711 0.025392 0.373910,
        0.364537 0.025392 0.370748,
        0.364537 0.008502 0.370748,
        0.348523 0.008502 0.398485,
        0.390077 0.026215 0.326512,
        0.389942 0.025728 0.326746,
        0.389942 0.008502 0.326746,
        0.388116 0.025728 0.329908,
        0.375770 0.024999 0.351293,
        0.382729 0.012637 0.339239,
        0.388116 0.012637 0.329908,
        0.382729 0.024090 0.339239,
        0.380895 0.024090 0.342415,
        0.380895 0.012637 0.342415,
        0.375770 0.012637 0.351293,
        0.373928 0.008502 0.354483,
        0.373928 0.024999 0.354483,
        0.294459 0.026215 0.492126,
        0.294459 0.069876 0.492126,
        0.294459 0.077343 0.492126,
        0.294459 0.095039 0.492126,
        0.294459 0.107332 0.492126,
        0.294459 0.117452 0.492126,
        0.294459 0.216535 0.492126,
        0.389942 0.129286 0.326746,
        0.389942 0.120476 0.326746,
        0.373928 0.120476 0.354483,
        0.390077 0.216535 0.326512,
        0.369368 0.216535 0.362381,
        0.373928 0.164949 0.354483,
        0.389942 0.177148 0.326746,
        0.389942 0.172579 0.326746,
        0.385562 0.169313 0.334333,
        0.385562 0.155976 0.334333,
        0.389942 0.152897 0.326746,
        0.389942 0.148329 0.326746,
        0.373928 0.160528 0.354483,
        0.386276 0.144109 0.333095,
        0.387698 0.141722 0.330631,
        0.388883 0.138432 0.328580,
        0.389602 0.134794 0.327335,
        0.376048 0.141722 0.350810,
        0.376583 0.142819 0.349885,
        0.377974 0.144809 0.347475,
        0.379496 0.146004 0.344838,
        0.373928 0.129613 0.354483,
        0.374198 0.134500 0.354016,
        0.374903 0.138366 0.352794,
        0.381730 0.146552 0.340969,
        0.382743 0.146457 0.339214,
        0.384619 0.145684 0.335965,
        0.396420 0.107332 0.315525,
        0.396420 0.117452 0.315525,
        0.396420 0.216535 0.315525,
        0.476302 0.026215 0.177165,
        0.476302 0.028135 0.177165,
        0.476302 0.055238 0.177165,
        0.476302 0.069876 0.177165,
        0.476302 0.077343 0.177165,
        0.476302 0.095039 0.177165,
        0.476302 0.107332 0.177165,
        0.476302 0.117452 0.177165,
        0.476302 0.216535 0.177165,
        0.059055 -0.216535 0.000000,
        0.053960 -0.215865 0.000000,
        0.039370 -0.196850 0.000000,
        0.049213 -0.213898 0.000000,
        0.045136 -0.210770 0.000000,
        0.042007 -0.206693 0.000000,
        0.040041 -0.201945 0.000000,
        0.040041 0.201945 0.000000,
        0.059055 0.216535 0.000000,
        0.039370 0.196850 0.000000,
        0.374016 0.216535 0.000000,
        0.374016 -0.216535 0.000000,
        0.042007 0.206693 0.000000,
        0.045136 0.210770 0.000000,
        0.053960 0.215865 0.000000,
        0.049213 0.213898 0.000000,
        0.019685 0.196850 0.059055,
        0.019685 0.196850 0.019685,
        0.019685 -0.196850 0.059055,
        0.019685 -0.196850 0.019685,
        0.053960 -0.215865 0.078740,
        0.059055 -0.216535 0.078740,
        0.039370 -0.196850 0.078740,
        0.374016 -0.216535 0.078740,
        0.039370 0.196850 0.078740,
        0.374016 0.216535 0.078740,
        0.059055 0.216535 0.078740,
        0.040041 0.201945 0.078740,
        0.042007 0.206693 0.078740,
        0.045136 0.210770 0.078740,
        0.053960 0.215865 0.078740,
        0.049213 0.213898 0.078740,
        0.040041 -0.201945 0.078740,
        0.042007 -0.206693 0.078740,
        0.045136 -0.210770 0.078740,
        0.049213 -0.213898 0.078740,
        0.382201 0.216535 0.079600,
        0.382201 -0.216535 0.079600,
        0.384156 0.216535 0.080235,
        0.384156 -0.216535 0.080235,
        0.390029 0.216535 0.082144,
        0.390029 -0.216535 0.082144,
        0.393593 0.216535 0.084202,
        0.393593 -0.216535 0.084202,
        0.397157 0.216535 0.086259,
        0.397157 -0.216535 0.086259,
        0.401746 0.216535 0.090392,
        0.401746 -0.216535 0.090392,
        0.403273 0.216535 0.091767,
        0.403273 -0.216535 0.091767,
        0.408111 0.216535 0.098425,
        0.408111 -0.216535 0.098425,
        0.411459 0.216535 0.105944,
        0.411459 -0.216535 0.105944,
        0.411886 0.216535 0.107954,
        0.411886 -0.216535 0.107954,
        0.413170 0.216535 0.113995,
        0.413170 -0.216535 0.113995,
        0.413170 0.216535 0.118110,
        0.413170 -0.216535 0.118110,
        0.413170 0.216535 0.122226,
        0.413170 -0.216535 0.122226,
        0.411886 0.216535 0.128267,
        0.411886 -0.216535 0.128267,
        0.411459 0.216535 0.130276,
        0.411459 -0.216535 0.130276,
        0.408111 0.216535 0.137795,
        0.408111 -0.216535 0.137795,
        0.226269 0.216535 0.452756,
        0.226269 -0.216535 0.452756,
        0.217685 0.216535 0.465602,
        0.217685 -0.216535 0.465602,
        0.211573 0.216535 0.472572,
        0.211573 -0.216535 0.472572,
        0.207499 0.216535 0.477217,
        0.207499 -0.216535 0.477217,
        0.195883 0.216535 0.487404,
        0.195883 -0.216535 0.487404,
        0.193316 0.216535 0.489119,
        0.193316 -0.216535 0.489119,
        0.183037 0.216535 0.495987,
        0.183037 -0.216535 0.495987,
        0.171950 0.216535 0.501455,
        0.171950 -0.216535 0.501455,
        0.169181 0.216535 0.502820,
        0.169181 -0.216535 0.502820,
        0.154551 0.216535 0.507787,
        0.154551 -0.216535 0.507787,
        0.148491 0.216535 0.508992,
        0.148491 -0.216535 0.508992,
        0.139399 0.216535 0.510800,
        0.139399 -0.216535 0.510800,
        0.123982 0.216535 0.511811,
        0.123982 -0.216535 0.511811,
        -0.123982 0.216535 0.511811,
        -0.123982 -0.216535 0.511811,
        -0.139399 0.216535 0.510800,
        -0.139399 -0.216535 0.510800,
        -0.148491 0.216535 0.508992,
        -0.148491 -0.216535 0.508992,
        -0.154551 0.216535 0.507787,
        -0.154551 -0.216535 0.507787,
        -0.169181 0.216535 0.502820,
        -0.169181 -0.216535 0.502820,
        -0.171950 0.216535 0.501455,
        -0.171950 -0.216535 0.501455,
        -0.183037 0.216535 0.495987,
        -0.183037 -0.216535 0.495987,
        -0.193316 0.216535 0.489119,
        -0.193316 -0.216535 0.489119,
        -0.195883 0.216535 0.487404,
        -0.195883 -0.216535 0.487404,
        -0.207499 0.216535 0.477217,
        -0.207499 -0.216535 0.477217,
        -0.211573 0.216535 0.472572,
        -0.211573 -0.216535 0.472572,
        -0.217685 0.216535 0.465602,
        -0.217685 -0.216535 0.465602,
        -0.226269 0.216535 0.452756,
        -0.226269 -0.216535 0.452756,
        -0.408111 0.216535 0.137795,
        -0.408111 -0.216535 0.137795,
        -0.411459 0.216535 0.130276,
        -0.411459 -0.216535 0.130276,
        -0.411648 0.216535 0.129384,
        -0.411648 -0.216535 0.129384,
        -0.413170 0.216535 0.122226,
        -0.413170 -0.216535 0.122226,
        -0.413170 0.216535 0.120400,
        -0.413170 -0.216535 0.120400,
        -0.413170 0.216535 0.113995,
        -0.413170 -0.216535 0.113995,
        -0.412600 0.216535 0.111313,
        -0.412600 -0.216535 0.111313,
        -0.411459 0.216535 0.105944,
        -0.411459 -0.216535 0.105944,
        -0.409971 0.216535 0.102603,
        -0.409971 -0.216535 0.102603,
        -0.408111 0.216535 0.098425,
        -0.408111 -0.216535 0.098425,
        -0.405423 0.216535 0.094725,
        -0.405423 -0.216535 0.094725,
        -0.403273 0.216535 0.091767,
        -0.403273 -0.216535 0.091767,
        -0.399194 0.216535 0.088093,
        -0.399194 -0.216535 0.088093,
        -0.397157 0.216535 0.086259,
        -0.397157 -0.216535 0.086259,
        -0.391611 0.216535 0.083057,
        -0.391611 -0.216535 0.083057,
        -0.390029 0.216535 0.082144,
        -0.390029 -0.216535 0.082144,
        -0.383069 0.216535 0.079882,
        -0.383069 -0.216535 0.079882,
        -0.382201 0.216535 0.079600,
        -0.382201 -0.216535 0.079600,
        -0.374016 0.216535 0.078740,
        -0.374016 -0.216535 0.078740,
        -0.039370 -0.196850 0.078740,
        -0.039370 0.196850 0.078740,
        -0.059055 0.216535 0.078740,
        -0.053960 0.215865 0.078740,
        -0.042007 -0.206693 0.078740,
        -0.053960 -0.215865 0.078740,
        -0.045136 -0.210770 0.078740,
        -0.049213 -0.213898 0.078740,
        -0.059055 -0.216535 0.078740,
        -0.040041 -0.201945 0.078740,
        -0.040041 0.201945 0.078740,
        -0.042007 0.206693 0.078740,
        -0.045136 0.210770 0.078740,
        -0.049213 0.213898 0.078740,
        -0.019685 -0.196850 0.059055,
        -0.019685 -0.196850 0.019685,
        -0.019685 0.196850 0.059055,
        -0.019685 0.196850 0.019685,
        -0.374016 -0.216535 0.000000,
        -0.374016 0.216535 0.000000,
        -0.039370 -0.196850 0.000000,
        -0.059055 0.216535 0.000000,
        -0.039370 0.196850 0.000000,
        -0.053960 0.215865 0.000000,
        -0.049213 0.213898 0.000000,
        -0.040041 -0.201945 0.000000,
        -0.053960 -0.215865 0.000000,
        -0.059055 -0.216535 0.000000,
        -0.042007 -0.206693 0.000000,
        -0.045136 -0.210770 0.000000,
        -0.049213 -0.213898 0.000000,
        -0.045136 0.210770 0.000000,
        -0.042007 0.206693 0.000000,
        -0.040041 0.201945 0.000000,
        -0.392962 0.216535 0.001530,
        -0.392962 -0.216535 0.001530,
        -0.398495 0.216535 0.002893,
        -0.398495 -0.216535 0.002893,
        -0.411417 0.216535 0.006078,
        -0.411417 -0.216535 0.006078,
        -0.421911 0.216535 0.010550,
        -0.421911 -0.216535 0.010550,
        -0.428904 0.216535 0.013529,
        -0.428904 -0.216535 0.013529,
        -0.443365 0.216535 0.022674,
        -0.443365 -0.216535 0.022674,
        -0.444970 0.216535 0.023688,
        -0.444970 -0.216535 0.023688,
        -0.459197 0.216535 0.036293,
        -0.459197 -0.216535 0.036293,
        -0.461599 0.216535 0.039234,
        -0.461599 -0.216535 0.039234,
        -0.471219 0.216535 0.051016,
        -0.471219 -0.216535 0.051016,
        -0.475970 0.216535 0.059246,
        -0.475970 -0.216535 0.059246,
        -0.480722 0.216535 0.067477,
        -0.480722 -0.216535 0.067477,
        -0.486116 0.216535 0.081699,
        -0.486116 -0.216535 0.081699,
        -0.487463 0.216535 0.085250,
        -0.487463 -0.216535 0.085250,
        -0.491265 0.216535 0.103874,
        -0.491265 -0.216535 0.103874,
        -0.491341 0.216535 0.105770,
        -0.491341 -0.216535 0.105770,
        -0.492030 0.216535 0.122866,
        -0.492030 -0.216535 0.122866,
        -0.491114 0.216535 0.130412,
        -0.491114 -0.216535 0.130412,
        -0.489739 0.216535 0.141735,
        -0.489739 -0.216535 0.141735,
        -0.486036 0.216535 0.154519,
        -0.486036 -0.216535 0.154519,
        -0.484451 0.216535 0.159993,
        -0.484451 -0.216535 0.159993,
        -0.476302 0.216535 0.177165,
        -0.476302 -0.216535 0.177165,
        -0.294459 0.216535 0.492126,
        -0.294459 -0.216535 0.492126,
        -0.281880 0.216535 0.511252,
        -0.281880 -0.216535 0.511252,
        -0.274523 0.216535 0.520020,
        -0.274523 -0.216535 0.520020,
        -0.267166 0.216535 0.528788,
        -0.267166 -0.216535 0.528788,
        -0.250515 0.216535 0.544497,
        -0.250515 -0.216535 0.544497,
        -0.232153 0.216535 0.558167,
        -0.232153 -0.216535 0.558167,
        -0.222241 0.216535 0.563890,
        -0.222241 -0.216535 0.563890,
        -0.212328 0.216535 0.569613,
        -0.212328 -0.216535 0.569613,
        -0.191309 0.216535 0.578680,
        -0.191309 -0.216535 0.578680,
        -0.169379 0.216535 0.585245,
        -0.169379 -0.216535 0.585245,
        -0.158107 0.216535 0.587233,
        -0.158107 -0.216535 0.587233,
        -0.146835 0.216535 0.589220,
        -0.146835 -0.216535 0.589220,
        -0.123982 0.216535 0.590551,
        -0.123982 -0.216535 0.590551,
        0.123982 0.216535 0.590551,
        0.123982 -0.216535 0.590551,
        0.146835 0.216535 0.589220,
        0.146835 -0.216535 0.589220,
        0.158107 0.216535 0.587233,
        0.158107 -0.216535 0.587233,
        0.169379 0.216535 0.585245,
        0.169379 -0.216535 0.585245,
        0.191309 0.216535 0.578680,
        0.191309 -0.216535 0.578680,
        0.212328 0.216535 0.569613,
        0.212328 -0.216535 0.569613,
        0.222241 0.216535 0.563890,
        0.222241 -0.216535 0.563890,
        0.232153 0.216535 0.558167,
        0.232153 -0.216535 0.558167,
        0.250515 0.216535 0.544497,
        0.250515 -0.216535 0.544497,
        0.267166 0.216535 0.528788,
        0.267166 -0.216535 0.528788,
        0.274523 0.216535 0.520020,
        0.274523 -0.216535 0.520020,
        0.281880 0.216535 0.511252,
        0.281880 -0.216535 0.511252,
        0.484451 0.216535 0.159993,
        0.484451 -0.216535 0.159993,
        0.486036 0.216535 0.154519,
        0.486036 -0.216535 0.154519,
        0.489739 0.216535 0.141735,
        0.489739 -0.216535 0.141735,
        0.491114 0.216535 0.130412,
        0.491114 -0.216535 0.130412,
        0.492030 0.216535 0.122866,
        0.492030 -0.216535 0.122866,
        0.491341 0.216535 0.105770,
        0.491341 -0.216535 0.105770,
        0.491265 0.216535 0.103874,
        0.491265 -0.216535 0.103874,
        0.487463 0.216535 0.085250,
        0.487463 -0.216535 0.085250,
        0.486116 0.216535 0.081699,
        0.486116 -0.216535 0.081699,
        0.480722 0.216535 0.067477,
        0.480722 -0.216535 0.067477,
        0.475970 0.216535 0.059246,
        0.475970 -0.216535 0.059246,
        0.471219 0.216535 0.051016,
        0.471219 -0.216535 0.051016,
        0.461599 0.216535 0.039234,
        0.461599 -0.216535 0.039234,
        0.459197 0.216535 0.036293,
        0.459197 -0.216535 0.036293,
        0.444970 0.216535 0.023688,
        0.444970 -0.216535 0.023688,
        0.443365 0.216535 0.022674,
        0.443365 -0.216535 0.022674,
        0.428904 0.216535 0.013529,
        0.428904 -0.216535 0.013529,
        0.421911 0.216535 0.010550,
        0.421911 -0.216535 0.010550,
        0.411417 0.216535 0.006078,
        0.411417 -0.216535 0.006078,
        0.398495 0.216535 0.002893,
        0.398495 -0.216535 0.002893,
        0.392962 0.216535 0.001530,
        0.392962 -0.216535 0.001530,
        -0.059055 0.236220 0.059055,
        -0.059055 0.236220 0.019685,
        -0.374016 0.236220 0.059055,
        -0.374016 0.236220 0.019685,
        -0.386294 0.236220 0.060346,
        -0.389804 0.236220 0.020959,
        -0.405184 0.236220 0.024750,
        -0.398036 0.236220 0.064161,
        -0.419756 0.236220 0.030959,
        -0.408728 0.236220 0.070333,
        -0.433144 0.236220 0.039425,
        -0.417902 0.236220 0.078594,
        0.059055 0.236220 0.019685,
        0.059055 0.236220 0.059055,
        0.374016 0.236220 0.019685,
        0.374016 0.236220 0.059055,
        0.389804 0.236220 0.020959,
        0.386294 0.236220 0.060346,
        0.405184 0.236220 0.024750,
        0.398036 0.236220 0.064161,
        0.425159 0.236220 0.088583,
        0.455018 0.236220 0.062198,
        0.417902 0.236220 0.078594,
        0.445000 0.236220 0.049929,
        0.408728 0.236220 0.070333,
        0.433144 0.236220 0.039425,
        0.419756 0.236220 0.030959,
        -0.445000 0.236220 0.049929,
        -0.455018 0.236220 0.062198,
        -0.425159 0.236220 0.088583,
        -0.462938 0.236220 0.075916,
        -0.430181 0.236220 0.099861,
        -0.468555 0.236220 0.090727,
        -0.432747 0.236220 0.111937,
        -0.471723 0.236220 0.106246,
        -0.432747 0.236220 0.124283,
        0.430181 0.236220 0.136359,
        0.470452 0.236220 0.137798,
        0.432747 0.236220 0.124283,
        0.472361 0.236220 0.122073,
        0.432747 0.236220 0.111937,
        0.471723 0.236220 0.106246,
        0.430181 0.236220 0.099861,
        0.468555 0.236220 0.090727,
        0.462938 0.236220 0.075916,
        0.176714 0.236220 0.521007,
        0.203494 0.236220 0.552022,
        0.192880 0.236220 0.513035,
        0.221336 0.236220 0.541720,
        0.207867 0.236220 0.503021,
        0.237862 0.236220 0.529417,
        0.221418 0.236220 0.491137,
        0.252848 0.236220 0.515279,
        0.233302 0.236220 0.477585,
        0.266091 0.236220 0.499496,
        0.243317 0.236220 0.462598,
        0.277412 0.236220 0.482283,
        0.425159 0.236220 0.147638,
        0.459254 0.236220 0.167323,
        0.466045 0.236220 0.153012,
        -0.207867 0.236220 0.503021,
        -0.221336 0.236220 0.541720,
        -0.192880 0.236220 0.513035,
        -0.203494 0.236220 0.552022,
        -0.176714 0.236220 0.521007,
        -0.184576 0.236220 0.560182,
        -0.159646 0.236220 0.526801,
        -0.164839 0.236220 0.566091,
        -0.141968 0.236220 0.530317,
        -0.144550 0.236220 0.569668,
        -0.123982 0.236220 0.531496,
        -0.123982 0.236220 0.570866,
        0.123982 0.236220 0.531496,
        0.123982 0.236220 0.570866,
        0.141968 0.236220 0.530317,
        0.144550 0.236220 0.569668,
        0.159646 0.236220 0.526801,
        0.164839 0.236220 0.566091,
        0.184576 0.236220 0.560182,
        -0.472361 0.236220 0.122073,
        -0.470452 0.236220 0.137798,
        -0.430181 0.236220 0.136359,
        -0.466045 0.236220 0.153012,
        -0.425159 0.236220 0.147638,
        -0.459254 0.236220 0.167323,
        -0.243317 0.236220 0.462598,
        -0.277412 0.236220 0.482283,
        -0.233302 0.236220 0.477585,
        -0.266091 0.236220 0.499496,
        -0.221418 0.236220 0.491137,
        -0.252848 0.236220 0.515279,
        -0.237862 0.236220 0.529417,
        -0.059055 -0.236220 0.019685,
        -0.059055 -0.236220 0.059055,
        -0.374016 -0.236220 0.019685,
        -0.374016 -0.236220 0.059055,
        -0.389804 -0.236220 0.020959,
        -0.386294 -0.236220 0.060346,
        -0.405184 -0.236220 0.024750,
        -0.398036 -0.236220 0.064161,
        -0.430181 -0.236220 0.099861,
        -0.462938 -0.236220 0.075916,
        -0.425159 -0.236220 0.088583,
        -0.455018 -0.236220 0.062198,
        -0.417902 -0.236220 0.078594,
        -0.445000 -0.236220 0.049929,
        -0.408728 -0.236220 0.070333,
        -0.433144 -0.236220 0.039425,
        -0.419756 -0.236220 0.030959,
        0.059055 -0.236220 0.059055,
        0.059055 -0.236220 0.019685,
        0.374016 -0.236220 0.059055,
        0.374016 -0.236220 0.019685,
        0.386294 -0.236220 0.060346,
        -0.430181 -0.236220 0.136359,
        -0.470452 -0.236220 0.137798,
        -0.432747 -0.236220 0.124283,
        -0.472361 -0.236220 0.122073,
        -0.432747 -0.236220 0.111937,
        -0.471723 -0.236220 0.106246,
        -0.468555 -0.236220 0.090727,
        0.389804 -0.236220 0.020959,
        0.405184 -0.236220 0.024750,
        0.398036 -0.236220 0.064161,
        0.419756 -0.236220 0.030959,
        0.408728 -0.236220 0.070333,
        0.433144 -0.236220 0.039425,
        0.417902 -0.236220 0.078594,
        0.445000 -0.236220 0.049929,
        0.425159 -0.236220 0.088583,
        0.455018 -0.236220 0.062198,
        0.462938 -0.236220 0.075916,
        0.430181 -0.236220 0.099861,
        0.468555 -0.236220 0.090727,
        0.432747 -0.236220 0.111937,
        0.471723 -0.236220 0.106246,
        0.432747 -0.236220 0.124283,
        -0.192880 -0.236220 0.513035,
        -0.221336 -0.236220 0.541720,
        -0.207867 -0.236220 0.503021,
        -0.237862 -0.236220 0.529417,
        -0.221418 -0.236220 0.491137,
        -0.252848 -0.236220 0.515279,
        -0.233302 -0.236220 0.477585,
        -0.266091 -0.236220 0.499496,
        -0.243317 -0.236220 0.462598,
        -0.277412 -0.236220 0.482283,
        -0.425159 -0.236220 0.147638,
        -0.459254 -0.236220 0.167323,
        -0.466045 -0.236220 0.153012,
        0.192880 -0.236220 0.513035,
        0.203494 -0.236220 0.552022,
        0.176714 -0.236220 0.521007,
        0.184576 -0.236220 0.560182,
        0.159646 -0.236220 0.526801,
        0.164839 -0.236220 0.566091,
        0.141968 -0.236220 0.530317,
        0.144550 -0.236220 0.569668,
        0.123982 -0.236220 0.531496,
        0.123982 -0.236220 0.570866,
        -0.123982 -0.236220 0.531496,
        -0.123982 -0.236220 0.570866,
        -0.141968 -0.236220 0.530317,
        -0.144550 -0.236220 0.569668,
        -0.159646 -0.236220 0.526801,
        -0.164839 -0.236220 0.566091,
        -0.176714 -0.236220 0.521007,
        -0.184576 -0.236220 0.560182,
        -0.203494 -0.236220 0.552022,
        0.472361 -0.236220 0.122073,
        0.470452 -0.236220 0.137798,
        0.430181 -0.236220 0.136359,
        0.466045 -0.236220 0.153012,
        0.425159 -0.236220 0.147638,
        0.459254 -0.236220 0.167323,
        0.243317 -0.236220 0.462598,
        0.277412 -0.236220 0.482283,
        0.233302 -0.236220 0.477585,
        0.266091 -0.236220 0.499496,
        0.221418 -0.236220 0.491137,
        0.252848 -0.236220 0.515279,
        0.207867 -0.236220 0.503021,
        0.237862 -0.236220 0.529417,
        0.221336 -0.236220 0.541720,
        0.048865 0.234879 0.019685,
        0.048865 0.234879 0.059055,
        0.039370 0.230946 0.019685,
        0.039370 0.230946 0.059055,
        0.031216 0.224689 0.019685,
        0.031216 0.224689 0.059055,
        0.024959 0.216535 0.019685,
        0.024959 0.216535 0.059055,
        0.021026 0.207040 0.019685,
        0.021026 0.207040 0.059055,
        -0.048865 0.234879 0.059055,
        -0.048865 0.234879 0.019685,
        -0.039370 0.230946 0.059055,
        -0.039370 0.230946 0.019685,
        -0.031216 0.224689 0.059055,
        -0.031216 0.224689 0.019685,
        -0.024959 0.216535 0.059055,
        -0.024959 0.216535 0.019685,
        -0.021026 0.207040 0.059055,
        -0.021026 0.207040 0.019685,
        -0.048865 -0.234879 0.019685,
        -0.048865 -0.234879 0.059055,
        -0.039370 -0.230946 0.019685,
        -0.039370 -0.230946 0.059055,
        -0.031216 -0.224689 0.019685,
        -0.031216 -0.224689 0.059055,
        -0.024959 -0.216535 0.019685,
        -0.024959 -0.216535 0.059055,
        -0.021026 -0.207040 0.019685,
        -0.021026 -0.207040 0.059055,
        0.048865 -0.234879 0.059055,
        0.048865 -0.234879 0.019685,
        0.039370 -0.230946 0.059055,
        0.039370 -0.230946 0.019685,
        0.031216 -0.224689 0.059055,
        0.031216 -0.224689 0.019685,
        0.024959 -0.216535 0.059055,
        0.024959 -0.216535 0.019685,
        0.021026 -0.207040 0.059055,
        0.021026 -0.207040 0.019685,
        0.034275 0.196850 0.078069,
        0.035120 0.203264 0.078069,
        0.029528 0.196850 0.076103,
        0.030534 0.204493 0.076103,
        0.025451 0.196850 0.072974,
        0.026596 0.205548 0.072974,
        0.022322 0.196850 0.068898,
        0.023574 0.206357 0.068898,
        0.020356 0.196850 0.064150,
        0.021674 0.206867 0.064150,
        0.037595 0.209240 0.078069,
        0.033483 0.211614 0.076103,
        0.029953 0.213653 0.072974,
        0.027244 0.215217 0.068898,
        0.025541 0.216200 0.064150,
        0.041533 0.214372 0.078069,
        0.038176 0.217730 0.076103,
        0.035293 0.220612 0.072974,
        0.033081 0.222824 0.068898,
        0.031691 0.224215 0.064150,
        0.046665 0.218310 0.078069,
        0.044291 0.222422 0.076103,
        0.042253 0.225953 0.072974,
        0.040689 0.228662 0.068898,
        0.039706 0.230365 0.064150,
        0.052642 0.220786 0.078069,
        0.051413 0.225372 0.076103,
        0.050357 0.229310 0.072974,
        0.049548 0.232331 0.068898,
        0.049039 0.234231 0.064150,
        0.059055 0.221630 0.078069,
        0.059055 0.226378 0.076103,
        0.059055 0.230455 0.072974,
        0.059055 0.233583 0.068898,
        0.059055 0.235550 0.064150,
        0.020356 -0.196850 0.064150,
        0.022322 -0.196850 0.068898,
        0.025451 -0.196850 0.072974,
        0.029528 -0.196850 0.076103,
        0.034275 -0.196850 0.078069,
        0.374016 0.235550 0.064150,
        0.374016 0.233583 0.068898,
        0.374016 0.230455 0.072974,
        0.374016 0.226378 0.076103,
        0.374016 0.221630 0.078069,
        0.059055 -0.221630 0.078069,
        0.052642 -0.220786 0.078069,
        0.059055 -0.226378 0.076103,
        0.051413 -0.225372 0.076103,
        0.059055 -0.230455 0.072974,
        0.050357 -0.229310 0.072974,
        0.059055 -0.233583 0.068898,
        0.049548 -0.232331 0.068898,
        0.059055 -0.235550 0.064150,
        0.049039 -0.234231 0.064150,
        0.046665 -0.218310 0.078069,
        0.044291 -0.222422 0.076103,
        0.042253 -0.225953 0.072974,
        0.040689 -0.228662 0.068898,
        0.039706 -0.230365 0.064150,
        0.041533 -0.214372 0.078069,
        0.038176 -0.217730 0.076103,
        0.035293 -0.220612 0.072974,
        0.033081 -0.222824 0.068898,
        0.031691 -0.224215 0.064150,
        0.037595 -0.209240 0.078069,
        0.033483 -0.211614 0.076103,
        0.029953 -0.213653 0.072974,
        0.027244 -0.215217 0.068898,
        0.025541 -0.216200 0.064150,
        0.035120 -0.203264 0.078069,
        0.030534 -0.204493 0.076103,
        0.026596 -0.205548 0.072974,
        0.023574 -0.206357 0.068898,
        0.021674 -0.206867 0.064150,
        0.385235 0.235550 0.065329,
        0.384248 0.233583 0.069973,
        0.382750 0.226378 0.077021,
        0.397551 0.221630 0.085717,
        0.390302 0.221630 0.081531,
        0.382341 0.221630 0.078944,
        0.403772 0.221630 0.091318,
        0.408692 0.221630 0.098090,
        0.412097 0.221630 0.105737,
        0.413837 0.221630 0.113925,
        0.413837 0.221630 0.122296,
        0.412097 0.221630 0.130483,
        0.408609 0.220905 0.138083,
        0.408692 0.221630 0.138131,
        0.409909 0.225024 0.138833,
        0.413967 0.226378 0.131091,
        0.415793 0.226378 0.122501,
        0.415793 0.226378 0.113719,
        0.413967 0.226378 0.105129,
        0.410395 0.226378 0.097107,
        0.405233 0.226378 0.090002,
        0.398707 0.226378 0.084126,
        0.391102 0.226378 0.079735,
        0.383400 0.230455 0.073961,
        0.392374 0.230455 0.076877,
        0.400546 0.230455 0.081595,
        0.407558 0.230455 0.087909,
        0.413104 0.230455 0.095543,
        0.416943 0.230455 0.104163,
        0.418904 0.230455 0.113392,
        0.418904 0.230455 0.122828,
        0.416943 0.230455 0.132058,
        0.410395 0.226378 0.139114,
        0.411944 0.228708 0.140008,
        0.413104 0.230455 0.140678,
        0.414617 0.231795 0.141551,
        0.420820 0.233583 0.133318,
        0.422959 0.233583 0.123254,
        0.422959 0.233583 0.112966,
        0.420820 0.233583 0.102903,
        0.416635 0.233583 0.093504,
        0.410588 0.233583 0.085181,
        0.402942 0.233583 0.078296,
        0.394032 0.233583 0.073152,
        0.395963 0.235550 0.068815,
        0.405733 0.235550 0.074456,
        0.414116 0.235550 0.082004,
        0.420747 0.235550 0.091130,
        0.425335 0.235550 0.101435,
        0.427680 0.235550 0.112470,
        0.427680 0.235550 0.123751,
        0.425335 0.235550 0.134785,
        0.416635 0.233583 0.142717,
        0.417808 0.234144 0.143394,
        0.420747 0.235550 0.145091,
        0.421375 0.235645 0.145453,
        0.374016 -0.235550 0.064150,
        0.374016 -0.233583 0.068898,
        0.374016 -0.230455 0.072974,
        0.374016 -0.226378 0.076103,
        0.374016 -0.221630 0.078069,
        0.239532 0.235645 0.460414,
        0.238904 0.235550 0.460051,
        0.235965 0.234144 0.458354,
        0.234793 0.233583 0.457677,
        0.232774 0.231795 0.456512,
        0.231262 0.230455 0.455639,
        0.230101 0.228708 0.454969,
        0.228553 0.226378 0.454074,
        0.228067 0.225024 0.453794,
        0.226850 0.221630 0.453091,
        0.226767 0.220905 0.453043,
        0.413837 -0.221630 0.122296,
        0.413837 -0.221630 0.113925,
        0.412097 -0.221630 0.105737,
        0.397551 -0.221630 0.085717,
        0.382341 -0.221630 0.078944,
        0.395963 -0.235550 0.068815,
        0.405733 -0.235550 0.074456,
        0.394032 -0.233583 0.073152,
        0.402942 -0.233583 0.078296,
        0.392374 -0.230455 0.076877,
        0.400546 -0.230455 0.081595,
        0.391102 -0.226378 0.079735,
        0.398707 -0.226378 0.084126,
        0.390302 -0.221630 0.081531,
        0.385235 -0.235550 0.065329,
        0.384248 -0.233583 0.069973,
        0.383400 -0.230455 0.073961,
        0.382750 -0.226378 0.077021,
        0.403772 -0.221630 0.091318,
        0.405233 -0.226378 0.090002,
        0.407558 -0.230455 0.087909,
        0.410588 -0.233583 0.085181,
        0.414116 -0.235550 0.082004,
        0.420747 -0.235550 0.091130,
        0.416635 -0.233583 0.093504,
        0.413104 -0.230455 0.095543,
        0.410395 -0.226378 0.097107,
        0.408692 -0.221630 0.098090,
        0.425335 -0.235550 0.101435,
        0.420820 -0.233583 0.102903,
        0.416943 -0.230455 0.104163,
        0.413967 -0.226378 0.105129,
        0.415793 -0.226378 0.113719,
        0.418904 -0.230455 0.113392,
        0.422959 -0.233583 0.112966,
        0.427680 -0.235550 0.112470,
        0.415793 -0.226378 0.122501,
        0.418904 -0.230455 0.122828,
        0.422959 -0.233583 0.123254,
        0.427680 -0.235550 0.123751,
        0.412097 -0.221630 0.130483,
        0.413967 -0.226378 0.131091,
        0.416943 -0.230455 0.132058,
        0.420820 -0.233583 0.133318,
        0.425335 -0.235550 0.134785,
        0.420747 -0.235550 0.145091,
        0.416635 -0.233583 0.142717,
        0.413104 -0.230455 0.140678,
        0.410395 -0.226378 0.139114,
        0.408692 -0.221630 0.138131,
        0.218217 0.221630 0.466010,
        0.207973 0.221630 0.477692,
        0.196291 0.221630 0.487936,
        0.183373 0.221630 0.496568,
        0.169438 0.221630 0.503440,
        0.154725 0.221630 0.508434,
        0.139486 0.221630 0.511466,
        0.123982 0.221630 0.512482,
        0.219778 0.226378 0.467207,
        0.209363 0.226378 0.479082,
        0.197489 0.226378 0.489496,
        0.184356 0.226378 0.498271,
        0.170190 0.226378 0.505257,
        0.155234 0.226378 0.510334,
        0.139743 0.226378 0.513415,
        0.123982 0.226378 0.514448,
        0.222259 0.230455 0.469112,
        0.211576 0.230455 0.481294,
        0.199393 0.230455 0.491978,
        0.185920 0.230455 0.500980,
        0.171387 0.230455 0.508147,
        0.156044 0.230455 0.513356,
        0.140151 0.230455 0.516517,
        0.123982 0.230455 0.517577,
        0.225494 0.233583 0.471593,
        0.214458 0.233583 0.484177,
        0.201875 0.233583 0.495213,
        0.187959 0.233583 0.504511,
        0.172948 0.233583 0.511914,
        0.157099 0.233583 0.517294,
        0.140683 0.233583 0.520559,
        0.123982 0.233583 0.521654,
        0.229261 0.235550 0.474484,
        0.217815 0.235550 0.487534,
        0.204765 0.235550 0.498979,
        0.190332 0.235550 0.508623,
        0.174765 0.235550 0.516300,
        0.158328 0.235550 0.521880,
        0.141303 0.235550 0.525266,
        0.123982 0.235550 0.526401,
        0.238904 -0.235550 0.460051,
        0.234793 -0.233583 0.457677,
        0.231262 -0.230455 0.455639,
        0.228553 -0.226378 0.454074,
        0.226850 -0.221630 0.453091,
        -0.123982 0.235550 0.526401,
        -0.123982 0.233583 0.521654,
        -0.123982 0.230455 0.517577,
        -0.123982 0.226378 0.514448,
        -0.123982 0.221630 0.512482,
        0.183373 -0.221630 0.496568,
        0.218217 -0.221630 0.466010,
        0.204765 -0.235550 0.498979,
        0.190332 -0.235550 0.508623,
        0.201875 -0.233583 0.495213,
        0.187959 -0.233583 0.504511,
        0.199393 -0.230455 0.491978,
        0.185920 -0.230455 0.500980,
        0.197489 -0.226378 0.489496,
        0.184356 -0.226378 0.498271,
        0.196291 -0.221630 0.487936,
        0.174765 -0.235550 0.516300,
        0.158328 -0.235550 0.521880,
        0.172948 -0.233583 0.511914,
        0.157099 -0.233583 0.517294,
        0.171387 -0.230455 0.508147,
        0.156044 -0.230455 0.513356,
        0.170190 -0.226378 0.505257,
        0.155234 -0.226378 0.510334,
        0.169438 -0.221630 0.503440,
        0.154725 -0.221630 0.508434,
        0.141303 -0.235550 0.525266,
        0.123982 -0.235550 0.526401,
        0.140683 -0.233583 0.520559,
        0.123982 -0.233583 0.521654,
        0.140151 -0.230455 0.516517,
        0.123982 -0.230455 0.517577,
        0.139743 -0.226378 0.513415,
        0.123982 -0.226378 0.514448,
        0.139486 -0.221630 0.511466,
        0.123982 -0.221630 0.512482,
        0.229261 -0.235550 0.474484,
        0.225494 -0.233583 0.471593,
        0.222259 -0.230455 0.469112,
        0.219778 -0.226378 0.467207,
        0.207973 -0.221630 0.477692,
        0.209363 -0.226378 0.479082,
        0.211576 -0.230455 0.481294,
        0.214458 -0.233583 0.484177,
        0.217815 -0.235550 0.487534,
        -0.141303 0.235550 0.525266,
        -0.140683 0.233583 0.520559,
        -0.139743 0.226378 0.513415,
        -0.154725 0.221630 0.508434,
        -0.139486 0.221630 0.511466,
        -0.169438 0.221630 0.503440,
        -0.183373 0.221630 0.496568,
        -0.196291 0.221630 0.487936,
        -0.218217 0.221630 0.466010,
        -0.207973 0.221630 0.477692,
        -0.226767 0.220905 0.453043,
        -0.226850 0.221630 0.453091,
        -0.228067 0.225024 0.453794,
        -0.219778 0.226378 0.467207,
        -0.209363 0.226378 0.479082,
        -0.197489 0.226378 0.489496,
        -0.184356 0.226378 0.498271,
        -0.170190 0.226378 0.505257,
        -0.155234 0.226378 0.510334,
        -0.140151 0.230455 0.516517,
        -0.156044 0.230455 0.513356,
        -0.171387 0.230455 0.508147,
        -0.185920 0.230455 0.500980,
        -0.199393 0.230455 0.491978,
        -0.211576 0.230455 0.481294,
        -0.222259 0.230455 0.469112,
        -0.228553 0.226378 0.454074,
        -0.230101 0.228708 0.454969,
        -0.231262 0.230455 0.455639,
        -0.232774 0.231795 0.456512,
        -0.225494 0.233583 0.471593,
        -0.214458 0.233583 0.484177,
        -0.201875 0.233583 0.495213,
        -0.187959 0.233583 0.504511,
        -0.172948 0.233583 0.511914,
        -0.157099 0.233583 0.517294,
        -0.158328 0.235550 0.521880,
        -0.174765 0.235550 0.516300,
        -0.190332 0.235550 0.508623,
        -0.204765 0.235550 0.498979,
        -0.217815 0.235550 0.487534,
        -0.229261 0.235550 0.474484,
        -0.234793 0.233583 0.457677,
        -0.235965 0.234144 0.458354,
        -0.238904 0.235550 0.460051,
        -0.239532 0.235645 0.460414,
        -0.123982 -0.235550 0.526401,
        -0.123982 -0.233583 0.521654,
        -0.123982 -0.230455 0.517577,
        -0.123982 -0.226378 0.514448,
        -0.123982 -0.221630 0.512482,
        -0.421375 0.235645 0.145453,
        -0.420747 0.235550 0.145091,
        -0.417808 0.234144 0.143394,
        -0.416635 0.233583 0.142717,
        -0.414617 0.231795 0.141551,
        -0.413104 0.230455 0.140678,
        -0.411944 0.228708 0.140008,
        -0.410395 0.226378 0.139114,
        -0.409909 0.225024 0.138833,
        -0.408692 0.221630 0.138131,
        -0.408609 0.220905 0.138083,
        -0.183373 -0.221630 0.496568,
        -0.139486 -0.221630 0.511466,
        -0.174765 -0.235550 0.516300,
        -0.190332 -0.235550 0.508623,
        -0.172948 -0.233583 0.511914,
        -0.187959 -0.233583 0.504511,
        -0.171387 -0.230455 0.508147,
        -0.185920 -0.230455 0.500980,
        -0.170190 -0.226378 0.505257,
        -0.184356 -0.226378 0.498271,
        -0.169438 -0.221630 0.503440,
        -0.204765 -0.235550 0.498979,
        -0.217815 -0.235550 0.487534,
        -0.201875 -0.233583 0.495213,
        -0.214458 -0.233583 0.484177,
        -0.199393 -0.230455 0.491978,
        -0.211576 -0.230455 0.481294,
        -0.197489 -0.226378 0.489496,
        -0.209363 -0.226378 0.479082,
        -0.196291 -0.221630 0.487936,
        -0.207973 -0.221630 0.477692,
        -0.229261 -0.235550 0.474484,
        -0.238904 -0.235550 0.460051,
        -0.225494 -0.233583 0.471593,
        -0.234793 -0.233583 0.457677,
        -0.222259 -0.230455 0.469112,
        -0.231262 -0.230455 0.455639,
        -0.219778 -0.226378 0.467207,
        -0.228553 -0.226378 0.454074,
        -0.218217 -0.221630 0.466010,
        -0.226850 -0.221630 0.453091,
        -0.141303 -0.235550 0.525266,
        -0.140683 -0.233583 0.520559,
        -0.140151 -0.230455 0.516517,
        -0.139743 -0.226378 0.513415,
        -0.154725 -0.221630 0.508434,
        -0.155234 -0.226378 0.510334,
        -0.156044 -0.230455 0.513356,
        -0.157099 -0.233583 0.517294,
        -0.158328 -0.235550 0.521880,
        -0.412097 0.221630 0.130483,
        -0.413837 0.221630 0.122296,
        -0.413837 0.221630 0.113925,
        -0.412097 0.221630 0.105737,
        -0.408692 0.221630 0.098090,
        -0.403772 0.221630 0.091318,
        -0.397551 0.221630 0.085717,
        -0.390302 0.221630 0.081531,
        -0.382341 0.221630 0.078944,
        -0.374016 0.221630 0.078069,
        -0.413967 0.226378 0.131091,
        -0.415793 0.226378 0.122501,
        -0.415793 0.226378 0.113719,
        -0.413967 0.226378 0.105129,
        -0.410395 0.226378 0.097107,
        -0.405233 0.226378 0.090002,
        -0.398707 0.226378 0.084126,
        -0.391102 0.226378 0.079735,
        -0.382750 0.226378 0.077021,
        -0.374016 0.226378 0.076103,
        -0.416943 0.230455 0.132058,
        -0.418904 0.230455 0.122828,
        -0.418904 0.230455 0.113392,
        -0.416943 0.230455 0.104163,
        -0.413104 0.230455 0.095543,
        -0.407558 0.230455 0.087909,
        -0.400546 0.230455 0.081595,
        -0.392374 0.230455 0.076877,
        -0.383400 0.230455 0.073961,
        -0.374016 0.230455 0.072974,
        -0.420820 0.233583 0.133318,
        -0.422959 0.233583 0.123254,
        -0.422959 0.233583 0.112966,
        -0.420820 0.233583 0.102903,
        -0.416635 0.233583 0.093504,
        -0.410588 0.233583 0.085181,
        -0.402942 0.233583 0.078296,
        -0.394032 0.233583 0.073152,
        -0.384248 0.233583 0.069973,
        -0.374016 0.233583 0.068898,
        -0.425335 0.235550 0.134785,
        -0.427680 0.235550 0.123751,
        -0.427680 0.235550 0.112470,
        -0.425335 0.235550 0.101435,
        -0.420747 0.235550 0.091130,
        -0.414116 0.235550 0.082004,
        -0.405733 0.235550 0.074456,
        -0.395963 0.235550 0.068815,
        -0.385235 0.235550 0.065329,
        -0.374016 0.235550 0.064150,
        -0.420747 -0.235550 0.145091,
        -0.416635 -0.233583 0.142717,
        -0.413104 -0.230455 0.140678,
        -0.410395 -0.226378 0.139114,
        -0.408692 -0.221630 0.138131,
        -0.059055 0.235550 0.064150,
        -0.059055 0.233583 0.068898,
        -0.059055 0.230455 0.072974,
        -0.059055 0.226378 0.076103,
        -0.059055 0.221630 0.078069,
        -0.390302 -0.221630 0.081531,
        -0.397551 -0.221630 0.085717,
        -0.403772 -0.221630 0.091318,
        -0.408692 -0.221630 0.098090,
        -0.413837 -0.221630 0.113925,
        -0.413837 -0.221630 0.122296,
        -0.412097 -0.221630 0.130483,
        -0.425335 -0.235550 0.101435,
        -0.420747 -0.235550 0.091130,
        -0.420820 -0.233583 0.102903,
        -0.416635 -0.233583 0.093504,
        -0.416943 -0.230455 0.104163,
        -0.413104 -0.230455 0.095543,
        -0.413967 -0.226378 0.105129,
        -0.410395 -0.226378 0.097107,
        -0.412097 -0.221630 0.105737,
        -0.425335 -0.235550 0.134785,
        -0.420820 -0.233583 0.133318,
        -0.416943 -0.230455 0.132058,
        -0.413967 -0.226378 0.131091,
        -0.415793 -0.226378 0.122501,
        -0.418904 -0.230455 0.122828,
        -0.422959 -0.233583 0.123254,
        -0.427680 -0.235550 0.123751,
        -0.415793 -0.226378 0.113719,
        -0.418904 -0.230455 0.113392,
        -0.422959 -0.233583 0.112966,
        -0.427680 -0.235550 0.112470,
        -0.405233 -0.226378 0.090002,
        -0.407558 -0.230455 0.087909,
        -0.410588 -0.233583 0.085181,
        -0.414116 -0.235550 0.082004,
        -0.398707 -0.226378 0.084126,
        -0.400546 -0.230455 0.081595,
        -0.402942 -0.233583 0.078296,
        -0.405733 -0.235550 0.074456,
        -0.391102 -0.226378 0.079735,
        -0.392374 -0.230455 0.076877,
        -0.394032 -0.233583 0.073152,
        -0.395963 -0.235550 0.068815,
        -0.382341 -0.221630 0.078944,
        -0.382750 -0.226378 0.077021,
        -0.383400 -0.230455 0.073961,
        -0.384248 -0.233583 0.069973,
        -0.385235 -0.235550 0.065329,
        -0.374016 -0.235550 0.064150,
        -0.374016 -0.233583 0.068898,
        -0.374016 -0.230455 0.072974,
        -0.374016 -0.226378 0.076103,
        -0.374016 -0.221630 0.078069,
        -0.052642 0.220786 0.078069,
        -0.051413 0.225372 0.076103,
        -0.050357 0.229310 0.072974,
        -0.049548 0.232331 0.068898,
        -0.049039 0.234231 0.064150,
        -0.046665 0.218310 0.078069,
        -0.044291 0.222422 0.076103,
        -0.042253 0.225953 0.072974,
        -0.040689 0.228662 0.068898,
        -0.039706 0.230365 0.064150,
        -0.041533 0.214372 0.078069,
        -0.038176 0.217730 0.076103,
        -0.035293 0.220612 0.072974,
        -0.033081 0.222824 0.068898,
        -0.031691 0.224215 0.064150,
        -0.037595 0.209240 0.078069,
        -0.033483 0.211614 0.076103,
        -0.029953 0.213653 0.072974,
        -0.027244 0.215217 0.068898,
        -0.025541 0.216200 0.064150,
        -0.035120 0.203264 0.078069,
        -0.030534 0.204493 0.076103,
        -0.026596 0.205548 0.072974,
        -0.023574 0.206357 0.068898,
        -0.021674 0.206867 0.064150,
        -0.034275 0.196850 0.078069,
        -0.029528 0.196850 0.076103,
        -0.025451 0.196850 0.072974,
        -0.022322 0.196850 0.068898,
        -0.020356 0.196850 0.064150,
        -0.059055 -0.235550 0.064150,
        -0.059055 -0.233583 0.068898,
        -0.059055 -0.230455 0.072974,
        -0.059055 -0.226378 0.076103,
        -0.059055 -0.221630 0.078069,
        -0.034275 -0.196850 0.078069,
        -0.029528 -0.196850 0.076103,
        -0.025451 -0.196850 0.072974,
        -0.022322 -0.196850 0.068898,
        -0.020356 -0.196850 0.064150,
        -0.035120 -0.203264 0.078069,
        -0.030534 -0.204493 0.076103,
        -0.026596 -0.205548 0.072974,
        -0.023574 -0.206357 0.068898,
        -0.021674 -0.206867 0.064150,
        -0.037595 -0.209240 0.078069,
        -0.033483 -0.211614 0.076103,
        -0.029953 -0.213653 0.072974,
        -0.027244 -0.215217 0.068898,
        -0.025541 -0.216200 0.064150,
        -0.041533 -0.214372 0.078069,
        -0.038176 -0.217730 0.076103,
        -0.035293 -0.220612 0.072974,
        -0.033081 -0.222824 0.068898,
        -0.031691 -0.224215 0.064150,
        -0.046665 -0.218310 0.078069,
        -0.044291 -0.222422 0.076103,
        -0.042253 -0.225953 0.072974,
        -0.040689 -0.228662 0.068898,
        -0.039706 -0.230365 0.064150,
        -0.052642 -0.220786 0.078069,
        -0.051413 -0.225372 0.076103,
        -0.050357 -0.229310 0.072974,
        -0.049548 -0.232331 0.068898,
        -0.049039 -0.234231 0.064150,
        0.020356 0.196850 0.014590,
        0.021674 0.206867 0.014590,
        0.022322 0.196850 0.009843,
        0.023574 0.206357 0.009843,
        0.025451 0.196850 0.005766,
        0.026596 0.205548 0.005766,
        0.029528 0.196850 0.002637,
        0.030534 0.204493 0.002637,
        0.034275 0.196850 0.000671,
        0.035120 0.203264 0.000671,
        0.025541 0.216200 0.014590,
        0.027244 0.215217 0.009843,
        0.029953 0.213653 0.005766,
        0.033483 0.211614 0.002637,
        0.037595 0.209240 0.000671,
        0.031691 0.224215 0.014590,
        0.033081 0.222824 0.009843,
        0.035293 0.220612 0.005766,
        0.038176 0.217730 0.002637,
        0.041533 0.214372 0.000671,
        0.039706 0.230365 0.014590,
        0.040689 0.228662 0.009843,
        0.042253 0.225953 0.005766,
        0.044291 0.222422 0.002637,
        0.046665 0.218310 0.000671,
        0.049039 0.234231 0.014590,
        0.049548 0.232331 0.009843,
        0.050357 0.229310 0.005766,
        0.051413 0.225372 0.002637,
        0.052642 0.220786 0.000671,
        0.059055 0.235550 0.014590,
        0.059055 0.233583 0.009843,
        0.059055 0.230455 0.005766,
        0.059055 0.226378 0.002637,
        0.059055 0.221630 0.000671,
        0.374016 0.235550 0.014590,
        0.374016 0.233583 0.009843,
        0.374016 0.230455 0.005766,
        0.374016 0.226378 0.002637,
        0.374016 0.221630 0.000671,
        0.020356 -0.196850 0.014590,
        0.022322 -0.196850 0.009843,
        0.025451 -0.196850 0.005766,
        0.029528 -0.196850 0.002637,
        0.034275 -0.196850 0.000671,
        0.489082 0.221630 0.141601,
        0.490599 0.221630 0.103954,
        0.480117 0.221630 0.067765,
        0.470667 0.221630 0.051397,
        0.428593 0.221630 0.014123,
        0.411205 0.221630 0.006715,
        0.390622 0.235550 0.015931,
        0.406797 0.235550 0.019918,
        0.391383 0.233583 0.011244,
        0.408301 0.233583 0.015414,
        0.392037 0.230455 0.007220,
        0.409592 0.230455 0.011547,
        0.392539 0.226378 0.004133,
        0.410582 0.226378 0.008580,
        0.392854 0.221630 0.002192,
        0.448675 0.235550 0.046399,
        0.459211 0.235550 0.059304,
        0.452099 0.233583 0.043111,
        0.463119 0.233583 0.056607,
        0.455039 0.230455 0.040286,
        0.466474 0.230455 0.054291,
        0.457295 0.226378 0.038119,
        0.469048 0.226378 0.052514,
        0.458713 0.221630 0.036757,
        0.477452 0.235550 0.122279,
        0.475444 0.235550 0.138817,
        0.482196 0.233583 0.122470,
        0.480095 0.233583 0.139767,
        0.486269 0.230455 0.122634,
        0.484090 0.230455 0.140582,
        0.489395 0.226378 0.122760,
        0.487155 0.226378 0.141208,
        0.491360 0.221630 0.122839,
        0.427679 0.226378 0.015864,
        0.426225 0.230455 0.018634,
        0.424330 0.233583 0.022244,
        0.422124 0.235550 0.026448,
        0.444567 0.221630 0.024224,
        0.443385 0.226378 0.025796,
        0.441506 0.230455 0.028297,
        0.439057 0.233583 0.031556,
        0.436205 0.235550 0.035352,
        0.478340 0.226378 0.068608,
        0.475513 0.230455 0.069949,
        0.471830 0.233583 0.071697,
        0.467541 0.235550 0.073732,
        0.486819 0.221630 0.085437,
        0.484930 0.226378 0.085983,
        0.481925 0.230455 0.086854,
        0.478009 0.233583 0.087988,
        0.473449 0.235550 0.089309,
        0.476781 0.235550 0.105632,
        0.481494 0.233583 0.105060,
        0.485541 0.230455 0.104569,
        0.488647 0.226378 0.104191,
        0.483824 0.221630 0.159755,
        0.481985 0.226378 0.159057,
        0.479060 0.230455 0.157948,
        0.475248 0.233583 0.156502,
        0.470809 0.235550 0.154819,
        0.463667 0.235550 0.169870,
        0.467778 0.233583 0.172244,
        0.471309 0.230455 0.174283,
        0.474018 0.226378 0.175847,
        0.475721 0.221630 0.176830,
        0.059055 -0.235550 0.014590,
        0.049039 -0.234231 0.014590,
        0.059055 -0.233583 0.009843,
        0.049548 -0.232331 0.009843,
        0.059055 -0.230455 0.005766,
        0.050357 -0.229310 0.005766,
        0.059055 -0.226378 0.002637,
        0.051413 -0.225372 0.002637,
        0.059055 -0.221630 0.000671,
        0.052642 -0.220786 0.000671,
        0.039706 -0.230365 0.014590,
        0.040689 -0.228662 0.009843,
        0.042253 -0.225953 0.005766,
        0.044291 -0.222422 0.002637,
        0.046665 -0.218310 0.000671,
        0.031691 -0.224215 0.014590,
        0.033081 -0.222824 0.009843,
        0.035293 -0.220612 0.005766,
        0.038176 -0.217730 0.002637,
        0.041533 -0.214372 0.000671,
        0.025541 -0.216200 0.014590,
        0.027244 -0.215217 0.009843,
        0.029953 -0.213653 0.005766,
        0.033483 -0.211614 0.002637,
        0.037595 -0.209240 0.000671,
        0.021674 -0.206867 0.014590,
        0.023574 -0.206357 0.009843,
        0.026596 -0.205548 0.005766,
        0.030534 -0.204493 0.002637,
        0.035120 -0.203264 0.000671,
        0.281824 0.235550 0.484831,
        0.285936 0.233583 0.487205,
        0.289467 0.230455 0.489243,
        0.292176 0.226378 0.490807,
        0.293879 0.221630 0.491791,
        0.374016 -0.235550 0.014590,
        0.374016 -0.233583 0.009843,
        0.374016 -0.230455 0.005766,
        0.374016 -0.226378 0.002637,
        0.374016 -0.221630 0.000671,
        0.231785 0.221630 0.557606,
        0.281343 0.221630 0.510851,
        0.186319 0.235550 0.564969,
        0.166014 0.235550 0.571048,
        0.187943 0.233583 0.569431,
        0.167109 0.233583 0.575668,
        0.189337 0.230455 0.573262,
        0.168049 0.230455 0.579635,
        0.190407 0.226378 0.576202,
        0.168771 0.226378 0.582679,
        0.191080 0.221630 0.578049,
        0.169224 0.221630 0.584593,
        0.145141 0.235550 0.574729,
        0.123982 0.235550 0.575961,
        0.145693 0.233583 0.579444,
        0.123982 0.233583 0.580709,
        0.146166 0.230455 0.583494,
        0.123982 0.230455 0.584785,
        0.146529 0.226378 0.586601,
        0.123982 0.226378 0.587914,
        0.146757 0.221630 0.588554,
        0.123982 0.221630 0.589880,
        0.270177 0.235550 0.502539,
        0.273985 0.233583 0.505374,
        0.277256 0.230455 0.507809,
        0.279765 0.226378 0.509677,
        0.266678 0.221630 0.528328,
        0.265248 0.226378 0.526978,
        0.262972 0.230455 0.524831,
        0.260007 0.233583 0.522033,
        0.256554 0.235550 0.518775,
        0.241137 0.235550 0.533320,
        0.244189 0.233583 0.536957,
        0.246809 0.230455 0.540080,
        0.248820 0.226378 0.542477,
        0.250084 0.221630 0.543983,
        0.224136 0.235550 0.545977,
        0.226744 0.233583 0.549944,
        0.228985 0.230455 0.553350,
        0.230704 0.226378 0.555963,
        0.212028 0.221630 0.569013,
        0.211145 0.226378 0.567256,
        0.209741 0.230455 0.564460,
        0.207911 0.233583 0.560817,
        0.205780 0.235550 0.556574,
        0.390622 -0.235550 0.015931,
        0.391383 -0.233583 0.011244,
        0.392037 -0.230455 0.007220,
        0.392539 -0.226378 0.004133,
        0.392854 -0.221630 0.002192,
        0.428593 -0.221630 0.014123,
        0.411205 -0.221630 0.006715,
        0.444567 -0.221630 0.024224,
        0.458713 -0.221630 0.036757,
        0.470667 -0.221630 0.051397,
        0.480117 -0.221630 0.067765,
        0.486819 -0.221630 0.085437,
        0.490599 -0.221630 0.103954,
        0.491360 -0.221630 0.122839,
        0.489082 -0.221630 0.141601,
        0.483824 -0.221630 0.159755,
        0.475721 -0.221630 0.176830,
        0.410582 -0.226378 0.008580,
        0.427679 -0.226378 0.015864,
        0.443385 -0.226378 0.025796,
        0.457295 -0.226378 0.038119,
        0.469048 -0.226378 0.052514,
        0.478340 -0.226378 0.068608,
        0.484930 -0.226378 0.085983,
        0.488647 -0.226378 0.104191,
        0.489395 -0.226378 0.122760,
        0.487155 -0.226378 0.141208,
        0.481985 -0.226378 0.159057,
        0.474018 -0.226378 0.175847,
        0.409592 -0.230455 0.011547,
        0.426225 -0.230455 0.018634,
        0.441506 -0.230455 0.028297,
        0.455039 -0.230455 0.040286,
        0.466474 -0.230455 0.054291,
        0.475513 -0.230455 0.069949,
        0.481925 -0.230455 0.086854,
        0.485541 -0.230455 0.104569,
        0.486269 -0.230455 0.122634,
        0.484090 -0.230455 0.140582,
        0.479060 -0.230455 0.157948,
        0.471309 -0.230455 0.174283,
        0.408301 -0.233583 0.015414,
        0.424330 -0.233583 0.022244,
        0.439057 -0.233583 0.031556,
        0.452099 -0.233583 0.043111,
        0.463119 -0.233583 0.056607,
        0.471830 -0.233583 0.071697,
        0.478009 -0.233583 0.087988,
        0.481494 -0.233583 0.105060,
        0.482196 -0.233583 0.122470,
        0.480095 -0.233583 0.139767,
        0.475248 -0.233583 0.156502,
        0.467778 -0.233583 0.172244,
        0.406797 -0.235550 0.019918,
        0.422124 -0.235550 0.026448,
        0.436205 -0.235550 0.035352,
        0.448675 -0.235550 0.046399,
        0.459211 -0.235550 0.059304,
        0.467541 -0.235550 0.073732,
        0.473449 -0.235550 0.089309,
        0.476781 -0.235550 0.105632,
        0.477452 -0.235550 0.122279,
        0.475444 -0.235550 0.138817,
        0.470809 -0.235550 0.154819,
        0.463667 -0.235550 0.169870,
        -0.123982 0.235550 0.575961,
        -0.123982 0.233583 0.580709,
        -0.123982 0.230455 0.584785,
        -0.123982 0.226378 0.587914,
        -0.123982 0.221630 0.589880,
        0.281824 -0.235550 0.484831,
        0.285936 -0.233583 0.487205,
        0.289467 -0.230455 0.489243,
        0.292176 -0.226378 0.490807,
        0.293879 -0.221630 0.491791,
        -0.145141 0.235550 0.574729,
        -0.145693 0.233583 0.579444,
        -0.146166 0.230455 0.583494,
        -0.146529 0.226378 0.586601,
        -0.146757 0.221630 0.588554,
        -0.166014 0.235550 0.571048,
        -0.186319 0.235550 0.564969,
        -0.167109 0.233583 0.575668,
        -0.187943 0.233583 0.569431,
        -0.168049 0.230455 0.579635,
        -0.189337 0.230455 0.573262,
        -0.168771 0.226378 0.582679,
        -0.190407 0.226378 0.576202,
        -0.169224 0.221630 0.584593,
        -0.191080 0.221630 0.578049,
        -0.205780 0.235550 0.556574,
        -0.207911 0.233583 0.560817,
        -0.209741 0.230455 0.564460,
        -0.211145 0.226378 0.567256,
        -0.212028 0.221630 0.569013,
        -0.224136 0.235550 0.545977,
        -0.241137 0.235550 0.533320,
        -0.226744 0.233583 0.549944,
        -0.244189 0.233583 0.536957,
        -0.228985 0.230455 0.553350,
        -0.246809 0.230455 0.540080,
        -0.230704 0.226378 0.555963,
        -0.248820 0.226378 0.542477,
        -0.231785 0.221630 0.557606,
        -0.250084 0.221630 0.543983,
        -0.256554 0.235550 0.518775,
        -0.260007 0.233583 0.522033,
        -0.262972 0.230455 0.524831,
        -0.265248 0.226378 0.526978,
        -0.266678 0.221630 0.528328,
        -0.270177 0.235550 0.502539,
        -0.281824 0.235550 0.484831,
        -0.273985 0.233583 0.505374,
        -0.285936 0.233583 0.487205,
        -0.277256 0.230455 0.507809,
        -0.289467 0.230455 0.489243,
        -0.279765 0.226378 0.509677,
        -0.292176 0.226378 0.490807,
        -0.281343 0.221630 0.510851,
        -0.293879 0.221630 0.491791,
        0.270177 -0.235550 0.502539,
        0.273985 -0.233583 0.505374,
        0.279765 -0.226378 0.509677,
        0.266678 -0.221630 0.528328,
        0.281343 -0.221630 0.510851,
        0.250084 -0.221630 0.543983,
        0.212028 -0.221630 0.569013,
        0.231785 -0.221630 0.557606,
        0.146757 -0.221630 0.588554,
        0.169224 -0.221630 0.584593,
        0.191080 -0.221630 0.578049,
        0.123982 -0.220905 0.589976,
        0.123982 -0.221630 0.589880,
        0.123982 -0.225024 0.588475,
        0.146529 -0.226378 0.586601,
        0.168771 -0.226378 0.582679,
        0.190407 -0.226378 0.576202,
        0.211145 -0.226378 0.567256,
        0.230704 -0.226378 0.555963,
        0.248820 -0.226378 0.542477,
        0.265248 -0.226378 0.526978,
        0.277256 -0.230455 0.507809,
        0.262972 -0.230455 0.524831,
        0.246809 -0.230455 0.540080,
        0.228985 -0.230455 0.553350,
        0.209741 -0.230455 0.564460,
        0.189337 -0.230455 0.573262,
        0.168049 -0.230455 0.579635,
        0.146166 -0.230455 0.583494,
        0.123982 -0.226378 0.587914,
        0.123982 -0.228708 0.586126,
        0.123982 -0.230455 0.584785,
        0.123982 -0.231795 0.583039,
        0.145693 -0.233583 0.579444,
        0.167109 -0.233583 0.575668,
        0.187943 -0.233583 0.569431,
        0.207911 -0.233583 0.560817,
        0.226744 -0.233583 0.549944,
        0.244189 -0.233583 0.536957,
        0.260007 -0.233583 0.522033,
        0.256554 -0.235550 0.518775,
        0.241137 -0.235550 0.533320,
        0.224136 -0.235550 0.545977,
        0.205780 -0.235550 0.556574,
        0.186319 -0.235550 0.564969,
        0.166014 -0.235550 0.571048,
        0.145141 -0.235550 0.574729,
        0.123982 -0.233583 0.580709,
        0.123982 -0.234144 0.579355,
        0.123982 -0.235550 0.575961,
        0.123982 -0.235645 0.575236,
        -0.463667 0.235550 0.169870,
        -0.467778 0.233583 0.172244,
        -0.471309 0.230455 0.174283,
        -0.474018 0.226378 0.175847,
        -0.475721 0.221630 0.176830,
        -0.123982 -0.235645 0.575236,
        -0.123982 -0.235550 0.575961,
        -0.123982 -0.234144 0.579355,
        -0.123982 -0.233583 0.580709,
        -0.123982 -0.231795 0.583039,
        -0.123982 -0.230455 0.584785,
        -0.123982 -0.228708 0.586126,
        -0.123982 -0.226378 0.587914,
        -0.123982 -0.225024 0.588475,
        -0.123982 -0.221630 0.589880,
        -0.123982 -0.220905 0.589976,
        -0.411205 0.221630 0.006715,
        -0.444567 0.221630 0.024224,
        -0.491360 0.221630 0.122839,
        -0.489082 0.221630 0.141601,
        -0.470809 0.235550 0.154819,
        -0.475444 0.235550 0.138817,
        -0.475248 0.233583 0.156502,
        -0.480095 0.233583 0.139767,
        -0.479060 0.230455 0.157948,
        -0.484090 0.230455 0.140582,
        -0.481985 0.226378 0.159057,
        -0.487155 0.226378 0.141208,
        -0.483824 0.221630 0.159755,
        -0.473449 0.235550 0.089309,
        -0.467541 0.235550 0.073732,
        -0.478009 0.233583 0.087988,
        -0.471830 0.233583 0.071697,
        -0.481925 0.230455 0.086854,
        -0.475513 0.230455 0.069949,
        -0.484930 0.226378 0.085983,
        -0.478340 0.226378 0.068608,
        -0.486819 0.221630 0.085437,
        -0.480117 0.221630 0.067765,
        -0.422124 0.235550 0.026448,
        -0.406797 0.235550 0.019918,
        -0.424330 0.233583 0.022244,
        -0.408301 0.233583 0.015414,
        -0.426225 0.230455 0.018634,
        -0.409592 0.230455 0.011547,
        -0.427679 0.226378 0.015864,
        -0.410582 0.226378 0.008580,
        -0.428593 0.221630 0.014123,
        -0.489395 0.226378 0.122760,
        -0.486269 0.230455 0.122634,
        -0.482196 0.233583 0.122470,
        -0.477452 0.235550 0.122279,
        -0.490599 0.221630 0.103954,
        -0.488647 0.226378 0.104191,
        -0.485541 0.230455 0.104569,
        -0.481494 0.233583 0.105060,
        -0.476781 0.235550 0.105632,
        -0.470667 0.221630 0.051397,
        -0.469048 0.226378 0.052514,
        -0.466474 0.230455 0.054291,
        -0.463119 0.233583 0.056607,
        -0.459211 0.235550 0.059304,
        -0.458713 0.221630 0.036757,
        -0.457295 0.226378 0.038119,
        -0.455039 0.230455 0.040286,
        -0.452099 0.233583 0.043111,
        -0.448675 0.235550 0.046399,
        -0.436205 0.235550 0.035352,
        -0.439057 0.233583 0.031556,
        -0.441506 0.230455 0.028297,
        -0.443385 0.226378 0.025796,
        -0.392854 0.221630 0.002192,
        -0.392539 0.226378 0.004133,
        -0.392037 0.230455 0.007220,
        -0.391383 0.233583 0.011244,
        -0.390622 0.235550 0.015931,
        -0.374016 0.235550 0.014590,
        -0.374016 0.233583 0.009843,
        -0.374016 0.230455 0.005766,
        -0.374016 0.226378 0.002637,
        -0.374016 0.221630 0.000671,
        -0.146757 -0.221630 0.588554,
        -0.169224 -0.221630 0.584593,
        -0.191080 -0.221630 0.578049,
        -0.212028 -0.221630 0.569013,
        -0.231785 -0.221630 0.557606,
        -0.250084 -0.221630 0.543983,
        -0.266678 -0.221630 0.528328,
        -0.281343 -0.221630 0.510851,
        -0.293879 -0.221630 0.491791,
        -0.146529 -0.226378 0.586601,
        -0.168771 -0.226378 0.582679,
        -0.190407 -0.226378 0.576202,
        -0.211145 -0.226378 0.567256,
        -0.230704 -0.226378 0.555963,
        -0.248820 -0.226378 0.542477,
        -0.265248 -0.226378 0.526978,
        -0.279765 -0.226378 0.509677,
        -0.292176 -0.226378 0.490807,
        -0.146166 -0.230455 0.583494,
        -0.168049 -0.230455 0.579635,
        -0.189337 -0.230455 0.573262,
        -0.209741 -0.230455 0.564460,
        -0.228985 -0.230455 0.553350,
        -0.246809 -0.230455 0.540080,
        -0.262972 -0.230455 0.524831,
        -0.277256 -0.230455 0.507809,
        -0.289467 -0.230455 0.489243,
        -0.145693 -0.233583 0.579444,
        -0.167109 -0.233583 0.575668,
        -0.187943 -0.233583 0.569431,
        -0.207911 -0.233583 0.560817,
        -0.226744 -0.233583 0.549944,
        -0.244189 -0.233583 0.536957,
        -0.260007 -0.233583 0.522033,
        -0.273985 -0.233583 0.505374,
        -0.285936 -0.233583 0.487205,
        -0.145141 -0.235550 0.574729,
        -0.166014 -0.235550 0.571048,
        -0.186319 -0.235550 0.564969,
        -0.205780 -0.235550 0.556574,
        -0.224136 -0.235550 0.545977,
        -0.241137 -0.235550 0.533320,
        -0.256554 -0.235550 0.518775,
        -0.270177 -0.235550 0.502539,
        -0.281824 -0.235550 0.484831,
        -0.059055 0.235550 0.014590,
        -0.059055 0.233583 0.009843,
        -0.059055 0.230455 0.005766,
        -0.059055 0.226378 0.002637,
        -0.059055 0.221630 0.000671,
        -0.463667 -0.235550 0.169870,
        -0.467778 -0.233583 0.172244,
        -0.471309 -0.230455 0.174283,
        -0.474018 -0.226378 0.175847,
        -0.475721 -0.221630 0.176830,
        -0.049039 0.234231 0.014590,
        -0.049548 0.232331 0.009843,
        -0.050357 0.229310 0.005766,
        -0.051413 0.225372 0.002637,
        -0.052642 0.220786 0.000671,
        -0.039706 0.230365 0.014590,
        -0.040689 0.228662 0.009843,
        -0.042253 0.225953 0.005766,
        -0.044291 0.222422 0.002637,
        -0.046665 0.218310 0.000671,
        -0.031691 0.224215 0.014590,
        -0.033081 0.222824 0.009843,
        -0.035293 0.220612 0.005766,
        -0.038176 0.217730 0.002637,
        -0.041533 0.214372 0.000671,
        -0.025541 0.216200 0.014590,
        -0.027244 0.215217 0.009843,
        -0.029953 0.213653 0.005766,
        -0.033483 0.211614 0.002637,
        -0.037595 0.209240 0.000671,
        -0.021674 0.206867 0.014590,
        -0.023574 0.206357 0.009843,
        -0.026596 0.205548 0.005766,
        -0.030534 0.204493 0.002637,
        -0.035120 0.203264 0.000671,
        -0.020356 0.196850 0.014590,
        -0.022322 0.196850 0.009843,
        -0.025451 0.196850 0.005766,
        -0.029528 0.196850 0.002637,
        -0.034275 0.196850 0.000671,
        -0.470809 -0.235550 0.154819,
        -0.475248 -0.233583 0.156502,
        -0.479060 -0.230455 0.157948,
        -0.481985 -0.226378 0.159057,
        -0.483824 -0.221630 0.159755,
        -0.491360 -0.221630 0.122839,
        -0.489082 -0.221630 0.141601,
        -0.490599 -0.221630 0.103954,
        -0.486819 -0.221630 0.085437,
        -0.480117 -0.221630 0.067765,
        -0.470667 -0.221630 0.051397,
        -0.458713 -0.221630 0.036757,
        -0.444567 -0.221630 0.024224,
        -0.428593 -0.221630 0.014123,
        -0.411205 -0.221630 0.006715,
        -0.392854 -0.221630 0.002192,
        -0.374016 -0.221630 0.000671,
        -0.487155 -0.226378 0.141208,
        -0.489395 -0.226378 0.122760,
        -0.488647 -0.226378 0.104191,
        -0.484930 -0.226378 0.085983,
        -0.478340 -0.226378 0.068608,
        -0.469048 -0.226378 0.052514,
        -0.457295 -0.226378 0.038119,
        -0.443385 -0.226378 0.025796,
        -0.427679 -0.226378 0.015864,
        -0.410582 -0.226378 0.008580,
        -0.392539 -0.226378 0.004133,
        -0.374016 -0.226378 0.002637,
        -0.484090 -0.230455 0.140582,
        -0.486269 -0.230455 0.122634,
        -0.485541 -0.230455 0.104569,
        -0.481925 -0.230455 0.086854,
        -0.475513 -0.230455 0.069949,
        -0.466474 -0.230455 0.054291,
        -0.455039 -0.230455 0.040286,
        -0.441506 -0.230455 0.028297,
        -0.426225 -0.230455 0.018634,
        -0.409592 -0.230455 0.011547,
        -0.392037 -0.230455 0.007220,
        -0.374016 -0.230455 0.005766,
        -0.480095 -0.233583 0.139767,
        -0.482196 -0.233583 0.122470,
        -0.481494 -0.233583 0.105060,
        -0.478009 -0.233583 0.087988,
        -0.471830 -0.233583 0.071697,
        -0.463119 -0.233583 0.056607,
        -0.452099 -0.233583 0.043111,
        -0.439057 -0.233583 0.031556,
        -0.424330 -0.233583 0.022244,
        -0.408301 -0.233583 0.015414,
        -0.391383 -0.233583 0.011244,
        -0.374016 -0.233583 0.009843,
        -0.475444 -0.235550 0.138817,
        -0.477452 -0.235550 0.122279,
        -0.476781 -0.235550 0.105632,
        -0.473449 -0.235550 0.089309,
        -0.467541 -0.235550 0.073732,
        -0.459211 -0.235550 0.059304,
        -0.448675 -0.235550 0.046399,
        -0.436205 -0.235550 0.035352,
        -0.422124 -0.235550 0.026448,
        -0.406797 -0.235550 0.019918,
        -0.390622 -0.235550 0.015931,
        -0.374016 -0.235550 0.014590,
        -0.034275 -0.196850 0.000671,
        -0.029528 -0.196850 0.002637,
        -0.025451 -0.196850 0.005766,
        -0.022322 -0.196850 0.009843,
        -0.020356 -0.196850 0.014590,
        -0.059055 -0.235550 0.014590,
        -0.059055 -0.233583 0.009843,
        -0.059055 -0.230455 0.005766,
        -0.059055 -0.226378 0.002637,
        -0.059055 -0.221630 0.000671,
        -0.021674 -0.206867 0.014590,
        -0.023574 -0.206357 0.009843,
        -0.026596 -0.205548 0.005766,
        -0.030534 -0.204493 0.002637,
        -0.035120 -0.203264 0.000671,
        -0.025541 -0.216200 0.014590,
        -0.027244 -0.215217 0.009843,
        -0.029953 -0.213653 0.005766,
        -0.033483 -0.211614 0.002637,
        -0.037595 -0.209240 0.000671,
        -0.031691 -0.224215 0.014590,
        -0.033081 -0.222824 0.009843,
        -0.035293 -0.220612 0.005766,
        -0.038176 -0.217730 0.002637,
        -0.041533 -0.214372 0.000671,
        -0.039706 -0.230365 0.014590,
        -0.040689 -0.228662 0.009843,
        -0.042253 -0.225953 0.005766,
        -0.044291 -0.222422 0.002637,
        -0.046665 -0.218310 0.000671,
        -0.049039 -0.234231 0.014590,
        -0.049548 -0.232331 0.009843,
        -0.050357 -0.229310 0.005766,
        -0.051413 -0.225372 0.002637,
        -0.052642 -0.220786 0.000671,
      ]
    }
    coordIndex [
      0, 1, 2, -1,
      3, 4, 5, -1,
      6, 7, 8, -1,
      9, 10, 11, -1,
      12, 13, 14, -1,
      15, 16, 17, -1,
      18, 19, 20, -1,
      21, 22, 23, -1,
      23, 22, 3, -1,
      24, 25, 23, -1,
      23, 25, 26, -1,
      26, 27, 23, -1,
      23, 27, 28, -1,
      23, 28, 21, -1,
      29, 30, 31, -1,
      32, 33, 34, -1,
      34, 33, 31, -1,
      31, 33, 35, -1,
      31, 35, 29, -1,
      36, 37, 38, -1,
      39, 40, 36, -1,
      36, 40, 41, -1,
      36, 41, 42, -1,
      32, 34, 43, -1,
      43, 34, 36, -1,
      43, 36, 44, -1,
      44, 36, 38, -1,
      44, 38, 45, -1,
      45, 38, 46, -1,
      45, 46, 47, -1,
      42, 48, 36, -1,
      36, 48, 49, -1,
      36, 49, 37, -1,
      50, 51, 52, -1,
      52, 51, 53, -1,
      52, 53, 54, -1,
      54, 55, 52, -1,
      52, 55, 56, -1,
      52, 56, 57, -1,
      57, 56, 58, -1,
      58, 59, 57, -1,
      57, 59, 60, -1,
      57, 60, 39, -1,
      39, 60, 61, -1,
      39, 61, 40, -1,
      62, 63, 64, -1,
      64, 63, 65, -1,
      64, 65, 52, -1,
      52, 65, 66, -1,
      52, 66, 50, -1,
      67, 68, 69, -1,
      69, 68, 70, -1,
      69, 70, 71, -1,
      67, 72, 68, -1,
      68, 72, 73, -1,
      68, 73, 64, -1,
      64, 73, 74, -1,
      64, 74, 62, -1,
      0, 75, 1, -1,
      1, 75, 76, -1,
      1, 76, 77, -1,
      77, 78, 1, -1,
      1, 78, 79, -1,
      1, 79, 71, -1,
      80, 81, 82, -1,
      82, 81, 83, -1,
      84, 85, 75, -1,
      75, 85, 86, -1,
      75, 86, 87, -1,
      88, 89, 81, -1,
      81, 89, 90, -1,
      81, 90, 91, -1,
      92, 93, 94, -1,
      94, 93, 95, -1,
      96, 97, 0, -1,
      0, 97, 98, -1,
      0, 98, 99, -1,
      100, 101, 102, -1,
      102, 101, 103, -1,
      102, 103, 104, -1,
      105, 91, 106, -1,
      106, 91, 107, -1,
      106, 107, 102, -1,
      102, 107, 108, -1,
      102, 108, 100, -1,
      109, 110, 4, -1,
      4, 110, 111, -1,
      4, 111, 0, -1,
      0, 111, 112, -1,
      0, 112, 96, -1,
      99, 113, 0, -1,
      0, 113, 114, -1,
      0, 114, 75, -1,
      75, 114, 115, -1,
      75, 115, 84, -1,
      116, 117, 118, -1,
      118, 117, 119, -1,
      118, 119, 94, -1,
      94, 119, 120, -1,
      94, 120, 92, -1,
      105, 121, 91, -1,
      91, 121, 122, -1,
      91, 122, 81, -1,
      81, 122, 123, -1,
      81, 123, 83, -1,
      87, 124, 75, -1,
      75, 124, 125, -1,
      75, 125, 126, -1,
      126, 125, 116, -1,
      126, 116, 127, -1,
      127, 116, 118, -1,
      95, 128, 94, -1,
      94, 128, 129, -1,
      94, 129, 130, -1,
      131, 132, 94, -1,
      94, 132, 133, -1,
      94, 133, 81, -1,
      81, 133, 134, -1,
      81, 134, 88, -1,
      130, 135, 94, -1,
      94, 135, 136, -1,
      94, 136, 137, -1,
      137, 138, 94, -1,
      94, 138, 139, -1,
      94, 139, 131, -1,
      140, 141, 142, -1,
      142, 141, 143, -1,
      142, 143, 144, -1,
      144, 91, 142, -1,
      142, 91, 90, -1,
      142, 90, 145, -1,
      145, 90, 146, -1,
      146, 147, 145, -1,
      145, 147, 148, -1,
      145, 148, 149, -1,
      150, 141, 151, -1,
      151, 141, 140, -1,
      151, 140, 152, -1,
      153, 154, 155, -1,
      155, 154, 156, -1,
      154, 157, 140, -1,
      140, 157, 158, -1,
      140, 158, 159, -1,
      150, 160, 141, -1,
      141, 160, 161, -1,
      141, 161, 162, -1,
      153, 163, 154, -1,
      154, 163, 164, -1,
      154, 164, 157, -1,
      159, 165, 140, -1,
      140, 165, 166, -1,
      140, 166, 152, -1,
      167, 168, 162, -1,
      162, 168, 169, -1,
      162, 169, 141, -1,
      22, 170, 3, -1,
      3, 170, 171, -1,
      3, 171, 4, -1,
      4, 171, 172, -1,
      4, 172, 109, -1,
      173, 174, 175, -1,
      175, 174, 176, -1,
      173, 177, 178, -1,
      178, 177, 179, -1,
      180, 181, 182, -1,
      182, 181, 183, -1,
      183, 181, 184, -1,
      184, 181, 173, -1,
      184, 173, 185, -1,
      185, 173, 178, -1,
      185, 178, 20, -1,
      20, 178, 186, -1,
      20, 186, 18, -1,
      174, 187, 176, -1,
      176, 187, 188, -1,
      176, 188, 189, -1,
      189, 188, 190, -1,
      191, 192, 193, -1,
      193, 192, 194, -1,
      195, 196, 197, -1,
      197, 196, 198, -1,
      199, 200, 201, -1,
      201, 200, 202, -1,
      203, 204, 195, -1,
      195, 204, 205, -1,
      206, 207, 208, -1,
      191, 209, 192, -1,
      192, 209, 210, -1,
      192, 210, 211, -1,
      211, 210, 212, -1,
      211, 212, 213, -1,
      205, 214, 195, -1,
      195, 214, 215, -1,
      195, 215, 196, -1,
      216, 217, 206, -1,
      206, 217, 218, -1,
      206, 218, 207, -1,
      219, 220, 212, -1,
      212, 220, 221, -1,
      199, 222, 200, -1,
      200, 222, 223, -1,
      200, 223, 224, -1,
      221, 225, 212, -1,
      212, 225, 226, -1,
      212, 226, 227, -1,
      227, 228, 212, -1,
      212, 228, 229, -1,
      212, 229, 213, -1,
      208, 230, 206, -1,
      206, 230, 231, -1,
      206, 231, 200, -1,
      200, 231, 194, -1,
      200, 194, 202, -1,
      202, 194, 192, -1,
      232, 233, 234, -1,
      234, 233, 235, -1,
      234, 235, 236, -1,
      237, 238, 239, -1,
      239, 238, 240, -1,
      239, 240, 241, -1,
      242, 243, 244, -1,
      244, 243, 245, -1,
      244, 245, 236, -1,
      236, 245, 246, -1,
      236, 246, 234, -1,
      237, 242, 238, -1,
      238, 242, 244, -1,
      238, 244, 247, -1,
      247, 244, 197, -1,
      247, 197, 248, -1,
      248, 197, 198, -1,
      248, 198, 249, -1,
      249, 198, 250, -1,
      251, 252, 17, -1,
      253, 254, 17, -1,
      17, 254, 255, -1,
      256, 257, 258, -1,
      258, 257, 259, -1,
      258, 259, 260, -1,
      261, 262, 252, -1,
      252, 262, 263, -1,
      252, 263, 17, -1,
      17, 263, 264, -1,
      17, 264, 253, -1,
      260, 265, 258, -1,
      258, 265, 266, -1,
      258, 266, 267, -1,
      267, 266, 268, -1,
      267, 268, 251, -1,
      255, 269, 17, -1,
      17, 269, 270, -1,
      17, 270, 15, -1,
      271, 272, 273, -1,
      273, 272, 274, -1,
      273, 274, 275, -1,
      273, 276, 271, -1,
      271, 276, 277, -1,
      271, 277, 278, -1,
      278, 279, 271, -1,
      271, 279, 280, -1,
      271, 280, 281, -1,
      281, 280, 282, -1,
      281, 282, 283, -1,
      283, 282, 284, -1,
      283, 284, 252, -1,
      252, 284, 285, -1,
      252, 285, 261, -1,
      286, 287, 275, -1,
      275, 287, 288, -1,
      275, 288, 273, -1,
      289, 290, 241, -1,
      241, 290, 291, -1,
      241, 291, 239, -1,
      289, 292, 290, -1,
      290, 292, 293, -1,
      290, 293, 294, -1,
      294, 293, 295, -1,
      294, 296, 297, -1,
      295, 298, 294, -1,
      294, 298, 299, -1,
      294, 299, 300, -1,
      300, 301, 294, -1,
      294, 301, 302, -1,
      294, 302, 296, -1,
      297, 303, 294, -1,
      294, 303, 304, -1,
      294, 304, 305, -1,
      306, 307, 308, -1,
      308, 307, 309, -1,
      308, 309, 310, -1,
      311, 312, 313, -1,
      313, 312, 314, -1,
      307, 315, 309, -1,
      309, 315, 316, -1,
      309, 316, 317, -1,
      317, 316, 318, -1,
      317, 318, 319, -1,
      319, 318, 320, -1,
      319, 320, 314, -1,
      314, 320, 321, -1,
      314, 321, 313, -1,
      322, 323, 324, -1,
      325, 326, 327, -1,
      322, 324, 328, -1,
      328, 324, 329, -1,
      328, 329, 327, -1,
      327, 329, 330, -1,
      327, 330, 325, -1,
      331, 332, 317, -1,
      333, 334, 319, -1,
      332, 335, 317, -1,
      317, 335, 336, -1,
      317, 336, 322, -1,
      322, 336, 337, -1,
      322, 337, 323, -1,
      333, 319, 338, -1,
      325, 339, 326, -1,
      326, 339, 340, -1,
      326, 340, 319, -1,
      319, 340, 341, -1,
      319, 341, 338, -1,
      334, 342, 319, -1,
      319, 342, 343, -1,
      319, 343, 317, -1,
      317, 343, 344, -1,
      317, 344, 331, -1,
      327, 345, 346, -1,
      346, 345, 347, -1,
      346, 348, 327, -1,
      327, 348, 349, -1,
      327, 349, 328, -1,
      328, 349, 350, -1,
      328, 350, 351, -1,
      352, 353, 354, -1,
      354, 353, 355, -1,
      355, 353, 356, -1,
      356, 353, 349, -1,
      356, 349, 357, -1,
      357, 349, 348, -1,
      357, 348, 14, -1,
      14, 348, 358, -1,
      14, 358, 12, -1,
      347, 345, 359, -1,
      359, 345, 360, -1,
      359, 360, 361, -1,
      362, 360, 363, -1,
      363, 360, 364, -1,
      350, 365, 351, -1,
      351, 365, 361, -1,
      351, 361, 11, -1,
      11, 361, 360, -1,
      11, 360, 366, -1,
      366, 360, 362, -1,
      9, 11, 367, -1,
      368, 369, 366, -1,
      366, 369, 370, -1,
      366, 370, 11, -1,
      11, 370, 371, -1,
      11, 371, 367, -1,
      372, 373, 366, -1,
      366, 373, 374, -1,
      366, 374, 375, -1,
      375, 376, 366, -1,
      366, 376, 377, -1,
      366, 377, 368, -1,
      378, 379, 380, -1,
      380, 379, 381, -1,
      380, 381, 382, -1,
      378, 383, 379, -1,
      379, 383, 384, -1,
      379, 384, 385, -1,
      385, 384, 386, -1,
      385, 386, 387, -1,
      382, 388, 380, -1,
      380, 388, 389, -1,
      380, 389, 366, -1,
      366, 389, 390, -1,
      366, 390, 372, -1,
      7, 391, 392, -1,
      392, 391, 393, -1,
      393, 391, 394, -1,
      393, 394, 364, -1,
      8, 395, 396, -1,
      396, 397, 8, -1,
      8, 397, 398, -1,
      8, 398, 6, -1,
      399, 400, 8, -1,
      8, 400, 401, -1,
      8, 401, 395, -1,
      402, 403, 404, -1,
      404, 403, 405, -1,
      404, 405, 399, -1,
      399, 405, 406, -1,
      399, 406, 400, -1,
      407, 408, 409, -1,
      409, 408, 410, -1,
      409, 410, 411, -1,
      412, 413, 200, -1,
      200, 413, 414, -1,
      200, 414, 409, -1,
      409, 414, 415, -1,
      409, 415, 407, -1,
      10, 412, 258, -1,
      258, 412, 200, -1,
      258, 200, 256, -1,
      256, 200, 224, -1,
      256, 224, 232, -1,
      232, 224, 416, -1,
      232, 416, 233, -1,
      417, 250, 418, -1,
      418, 250, 198, -1,
      418, 198, 419, -1,
      419, 198, 196, -1,
      419, 196, 420, -1,
      420, 421, 419, -1,
      419, 421, 422, -1,
      419, 422, 206, -1,
      206, 422, 423, -1,
      206, 423, 216, -1,
      424, 425, 426, -1,
      179, 177, 427, -1,
      427, 177, 428, -1,
      427, 428, 190, -1,
      190, 428, 426, -1,
      190, 426, 189, -1,
      189, 426, 425, -1,
      189, 425, 429, -1,
      430, 431, 432, -1,
      426, 433, 424, -1,
      424, 433, 434, -1,
      424, 434, 435, -1,
      435, 434, 430, -1,
      435, 430, 436, -1,
      436, 430, 432, -1,
      437, 438, 17, -1,
      17, 438, 439, -1,
      251, 17, 267, -1,
      267, 17, 439, -1,
      267, 439, 433, -1,
      433, 439, 440, -1,
      433, 440, 434, -1,
      441, 438, 442, -1,
      442, 438, 437, -1,
      442, 437, 443, -1,
      444, 445, 446, -1,
      447, 448, 17, -1,
      417, 418, 16, -1,
      16, 418, 444, -1,
      16, 444, 17, -1,
      17, 444, 446, -1,
      17, 446, 447, -1,
      448, 449, 17, -1,
      17, 449, 450, -1,
      17, 450, 451, -1,
      451, 452, 17, -1,
      17, 452, 453, -1,
      17, 453, 437, -1,
      437, 453, 454, -1,
      437, 454, 443, -1,
      455, 456, 457, -1,
      457, 456, 458, -1,
      457, 458, 444, -1,
      444, 458, 459, -1,
      444, 459, 445, -1,
      460, 461, 462, -1,
      460, 462, 429, -1,
      461, 463, 462, -1,
      462, 463, 464, -1,
      462, 464, 457, -1,
      457, 464, 465, -1,
      457, 465, 455, -1,
      466, 68, 467, -1,
      467, 68, 64, -1,
      467, 64, 468, -1,
      468, 64, 52, -1,
      468, 52, 469, -1,
      469, 52, 57, -1,
      469, 57, 470, -1,
      470, 57, 39, -1,
      470, 39, 471, -1,
      471, 39, 36, -1,
      471, 36, 472, -1,
      472, 36, 34, -1,
      473, 399, 23, -1,
      473, 474, 399, -1,
      399, 474, 475, -1,
      399, 475, 404, -1,
      404, 475, 476, -1,
      404, 476, 477, -1,
      5, 404, 3, -1,
      3, 404, 477, -1,
      3, 477, 23, -1,
      23, 477, 478, -1,
      23, 478, 473, -1,
      479, 480, 481, -1,
      480, 479, 482, -1,
      482, 479, 5, -1,
      482, 5, 483, -1,
      484, 485, 486, -1,
      486, 485, 482, -1,
      486, 482, 487, -1,
      487, 482, 483, -1,
      487, 483, 488, -1,
      488, 483, 489, -1,
      2, 479, 0, -1,
      0, 479, 481, -1,
      0, 481, 4, -1,
      4, 481, 490, -1,
      4, 490, 5, -1,
      5, 490, 491, -1,
      5, 491, 483, -1,
      7, 392, 8, -1,
      8, 392, 492, -1,
      8, 492, 399, -1,
      399, 492, 31, -1,
      399, 31, 23, -1,
      23, 31, 30, -1,
      23, 30, 24, -1,
      2, 419, 479, -1,
      479, 419, 206, -1,
      479, 206, 5, -1,
      5, 206, 200, -1,
      5, 200, 404, -1,
      404, 200, 409, -1,
      404, 409, 402, -1,
      402, 409, 411, -1,
      10, 258, 11, -1,
      11, 258, 267, -1,
      11, 267, 351, -1,
      351, 267, 433, -1,
      351, 433, 328, -1,
      328, 433, 426, -1,
      328, 426, 322, -1,
      322, 426, 428, -1,
      322, 428, 317, -1,
      317, 428, 177, -1,
      317, 177, 309, -1,
      364, 360, 393, -1,
      393, 360, 345, -1,
      393, 345, 493, -1,
      493, 345, 327, -1,
      493, 327, 494, -1,
      494, 327, 326, -1,
      494, 326, 495, -1,
      495, 326, 319, -1,
      495, 319, 496, -1,
      496, 319, 314, -1,
      496, 314, 497, -1,
      497, 314, 312, -1,
      497, 312, 498, -1,
      499, 500, 175, -1,
      173, 175, 177, -1,
      177, 175, 500, -1,
      177, 500, 501, -1,
      502, 503, 504, -1,
      504, 505, 502, -1,
      502, 505, 506, -1,
      502, 506, 175, -1,
      507, 508, 506, -1,
      506, 508, 509, -1,
      506, 509, 175, -1,
      175, 509, 510, -1,
      175, 510, 499, -1,
      313, 310, 311, -1,
      311, 310, 309, -1,
      311, 309, 503, -1,
      503, 309, 177, -1,
      503, 177, 504, -1,
      504, 177, 511, -1,
      510, 512, 513, -1,
      513, 514, 510, -1,
      510, 514, 515, -1,
      510, 515, 499, -1,
      516, 517, 511, -1,
      511, 517, 518, -1,
      511, 518, 519, -1,
      501, 520, 177, -1,
      177, 520, 521, -1,
      177, 521, 511, -1,
      511, 521, 522, -1,
      511, 522, 516, -1,
      519, 523, 511, -1,
      511, 523, 524, -1,
      511, 524, 510, -1,
      510, 524, 525, -1,
      510, 525, 512, -1,
      429, 462, 189, -1,
      189, 462, 526, -1,
      189, 526, 176, -1,
      176, 526, 527, -1,
      176, 527, 175, -1,
      175, 527, 528, -1,
      175, 528, 502, -1,
      71, 70, 1, -1,
      1, 70, 529, -1,
      1, 529, 2, -1,
      2, 529, 530, -1,
      2, 530, 419, -1,
      419, 530, 531, -1,
      419, 531, 418, -1,
      418, 531, 532, -1,
      418, 532, 444, -1,
      444, 532, 533, -1,
      444, 533, 457, -1,
      457, 533, 534, -1,
      457, 534, 462, -1,
      462, 534, 535, -1,
      462, 535, 526, -1,
      526, 535, 536, -1,
      526, 536, 527, -1,
      527, 536, 537, -1,
      527, 537, 528, -1,
      538, 539, 540, -1,
      540, 539, 541, -1,
      541, 542, 540, -1,
      540, 542, 543, -1,
      540, 543, 544, -1,
      545, 546, 547, -1,
      547, 546, 548, -1,
      547, 548, 540, -1,
      540, 548, 549, -1,
      540, 549, 538, -1,
      545, 550, 546, -1,
      546, 550, 551, -1,
      546, 551, 552, -1,
      552, 551, 553, -1,
      554, 555, 556, -1,
      556, 555, 557, -1,
      558, 559, 560, -1,
      560, 559, 561, -1,
      560, 561, 562, -1,
      561, 563, 562, -1,
      562, 563, 564, -1,
      562, 564, 565, -1,
      565, 564, 566, -1,
      566, 564, 567, -1,
      567, 564, 568, -1,
      567, 568, 569, -1,
      570, 571, 572, -1,
      570, 572, 560, -1,
      560, 572, 573, -1,
      560, 573, 558, -1,
      563, 561, 574, -1,
      574, 561, 575, -1,
      574, 575, 576, -1,
      576, 575, 577, -1,
      576, 577, 578, -1,
      578, 577, 579, -1,
      578, 579, 580, -1,
      580, 579, 581, -1,
      580, 581, 582, -1,
      582, 581, 583, -1,
      582, 583, 584, -1,
      584, 583, 585, -1,
      584, 585, 586, -1,
      586, 585, 587, -1,
      586, 587, 588, -1,
      588, 587, 589, -1,
      588, 589, 590, -1,
      590, 589, 591, -1,
      590, 591, 592, -1,
      592, 591, 593, -1,
      592, 593, 594, -1,
      594, 593, 595, -1,
      594, 595, 596, -1,
      596, 595, 597, -1,
      596, 597, 598, -1,
      598, 597, 599, -1,
      598, 599, 600, -1,
      600, 599, 601, -1,
      600, 601, 602, -1,
      602, 601, 603, -1,
      602, 603, 604, -1,
      604, 603, 605, -1,
      604, 605, 606, -1,
      606, 605, 607, -1,
      606, 607, 608, -1,
      608, 607, 609, -1,
      608, 609, 610, -1,
      610, 609, 611, -1,
      610, 611, 612, -1,
      612, 611, 613, -1,
      612, 613, 614, -1,
      614, 613, 615, -1,
      614, 615, 616, -1,
      616, 615, 617, -1,
      616, 617, 618, -1,
      618, 617, 619, -1,
      618, 619, 620, -1,
      620, 619, 621, -1,
      620, 621, 622, -1,
      622, 621, 623, -1,
      622, 623, 624, -1,
      624, 623, 625, -1,
      624, 625, 626, -1,
      626, 625, 627, -1,
      626, 627, 628, -1,
      628, 627, 629, -1,
      628, 629, 630, -1,
      630, 629, 631, -1,
      630, 631, 632, -1,
      632, 631, 633, -1,
      632, 633, 634, -1,
      634, 633, 635, -1,
      634, 635, 636, -1,
      636, 635, 637, -1,
      636, 637, 638, -1,
      638, 637, 639, -1,
      638, 639, 640, -1,
      640, 639, 641, -1,
      640, 641, 642, -1,
      642, 641, 643, -1,
      642, 643, 644, -1,
      644, 643, 645, -1,
      644, 645, 646, -1,
      646, 645, 647, -1,
      646, 647, 648, -1,
      648, 647, 649, -1,
      648, 649, 650, -1,
      650, 649, 651, -1,
      650, 651, 652, -1,
      652, 651, 653, -1,
      652, 653, 654, -1,
      654, 653, 655, -1,
      654, 655, 656, -1,
      656, 655, 657, -1,
      656, 657, 658, -1,
      658, 657, 659, -1,
      658, 659, 660, -1,
      660, 659, 661, -1,
      660, 661, 662, -1,
      662, 661, 663, -1,
      662, 663, 664, -1,
      664, 663, 665, -1,
      664, 665, 666, -1,
      666, 665, 667, -1,
      666, 667, 668, -1,
      668, 667, 669, -1,
      668, 669, 670, -1,
      670, 669, 671, -1,
      670, 671, 672, -1,
      672, 671, 673, -1,
      672, 673, 674, -1,
      674, 673, 675, -1,
      674, 675, 676, -1,
      676, 675, 677, -1,
      676, 677, 678, -1,
      678, 677, 679, -1,
      678, 679, 680, -1,
      680, 679, 681, -1,
      680, 681, 682, -1,
      682, 681, 683, -1,
      682, 683, 684, -1,
      684, 683, 685, -1,
      684, 685, 686, -1,
      686, 685, 687, -1,
      686, 687, 688, -1,
      688, 687, 689, -1,
      688, 689, 690, -1,
      690, 689, 691, -1,
      690, 691, 692, -1,
      692, 691, 693, -1,
      692, 693, 694, -1,
      694, 693, 695, -1,
      695, 696, 694, -1,
      694, 696, 697, -1,
      694, 697, 698, -1,
      698, 697, 699, -1,
      700, 701, 702, -1,
      702, 701, 703, -1,
      695, 704, 696, -1,
      696, 704, 701, -1,
      696, 701, 705, -1,
      705, 701, 700, -1,
      706, 707, 708, -1,
      706, 708, 697, -1,
      697, 708, 709, -1,
      697, 709, 699, -1,
      710, 711, 712, -1,
      712, 711, 713, -1,
      714, 715, 716, -1,
      716, 715, 717, -1,
      716, 717, 718, -1,
      718, 717, 719, -1,
      718, 719, 720, -1,
      721, 722, 716, -1,
      716, 722, 723, -1,
      716, 723, 714, -1,
      721, 724, 722, -1,
      722, 724, 725, -1,
      722, 725, 726, -1,
      727, 728, 720, -1,
      720, 728, 729, -1,
      720, 729, 718, -1,
      715, 714, 730, -1,
      730, 714, 731, -1,
      730, 731, 732, -1,
      732, 731, 733, -1,
      732, 733, 734, -1,
      734, 733, 735, -1,
      734, 735, 736, -1,
      736, 735, 737, -1,
      736, 737, 738, -1,
      738, 737, 739, -1,
      738, 739, 740, -1,
      740, 739, 741, -1,
      740, 741, 742, -1,
      742, 741, 743, -1,
      742, 743, 744, -1,
      744, 743, 745, -1,
      744, 745, 746, -1,
      746, 745, 747, -1,
      746, 747, 748, -1,
      748, 747, 749, -1,
      748, 749, 750, -1,
      750, 749, 751, -1,
      750, 751, 752, -1,
      752, 751, 753, -1,
      752, 753, 754, -1,
      754, 753, 755, -1,
      754, 755, 756, -1,
      756, 755, 757, -1,
      756, 757, 758, -1,
      758, 757, 759, -1,
      758, 759, 760, -1,
      760, 759, 761, -1,
      760, 761, 762, -1,
      762, 761, 763, -1,
      762, 763, 764, -1,
      764, 763, 765, -1,
      764, 765, 766, -1,
      766, 765, 767, -1,
      766, 767, 768, -1,
      768, 767, 769, -1,
      768, 769, 770, -1,
      770, 769, 771, -1,
      770, 771, 772, -1,
      772, 771, 773, -1,
      772, 773, 774, -1,
      774, 773, 775, -1,
      774, 775, 776, -1,
      776, 775, 777, -1,
      776, 777, 778, -1,
      778, 777, 779, -1,
      778, 779, 780, -1,
      780, 779, 781, -1,
      780, 781, 782, -1,
      782, 781, 783, -1,
      782, 783, 784, -1,
      784, 783, 785, -1,
      784, 785, 786, -1,
      786, 785, 787, -1,
      786, 787, 788, -1,
      788, 787, 789, -1,
      788, 789, 790, -1,
      790, 789, 791, -1,
      790, 791, 792, -1,
      792, 791, 793, -1,
      792, 793, 794, -1,
      794, 793, 795, -1,
      794, 795, 796, -1,
      796, 795, 797, -1,
      796, 797, 798, -1,
      798, 797, 799, -1,
      798, 799, 800, -1,
      800, 799, 801, -1,
      800, 801, 802, -1,
      802, 801, 803, -1,
      802, 803, 804, -1,
      804, 803, 805, -1,
      804, 805, 806, -1,
      806, 805, 807, -1,
      806, 807, 808, -1,
      808, 807, 809, -1,
      808, 809, 810, -1,
      810, 809, 811, -1,
      810, 811, 812, -1,
      812, 811, 813, -1,
      812, 813, 814, -1,
      814, 813, 815, -1,
      814, 815, 816, -1,
      816, 815, 817, -1,
      816, 817, 818, -1,
      818, 817, 819, -1,
      818, 819, 820, -1,
      820, 819, 821, -1,
      820, 821, 822, -1,
      822, 821, 823, -1,
      822, 823, 498, -1,
      498, 823, 472, -1,
      537, 466, 824, -1,
      824, 466, 825, -1,
      824, 825, 826, -1,
      826, 825, 827, -1,
      826, 827, 828, -1,
      828, 827, 829, -1,
      828, 829, 830, -1,
      830, 829, 831, -1,
      830, 831, 832, -1,
      832, 831, 833, -1,
      832, 833, 834, -1,
      834, 833, 835, -1,
      834, 835, 836, -1,
      836, 835, 837, -1,
      836, 837, 838, -1,
      838, 837, 839, -1,
      838, 839, 840, -1,
      840, 839, 841, -1,
      840, 841, 842, -1,
      842, 841, 843, -1,
      842, 843, 844, -1,
      844, 843, 845, -1,
      844, 845, 846, -1,
      846, 845, 847, -1,
      846, 847, 848, -1,
      848, 847, 849, -1,
      848, 849, 850, -1,
      850, 849, 851, -1,
      850, 851, 852, -1,
      852, 851, 853, -1,
      852, 853, 854, -1,
      854, 853, 855, -1,
      854, 855, 856, -1,
      856, 855, 857, -1,
      856, 857, 858, -1,
      858, 857, 859, -1,
      858, 859, 860, -1,
      860, 859, 861, -1,
      860, 861, 862, -1,
      862, 861, 863, -1,
      862, 863, 864, -1,
      864, 863, 865, -1,
      864, 865, 548, -1,
      548, 865, 549, -1,
      866, 867, 868, -1,
      868, 867, 869, -1,
      868, 869, 870, -1,
      869, 871, 870, -1,
      870, 871, 872, -1,
      870, 872, 873, -1,
      873, 872, 874, -1,
      873, 874, 875, -1,
      875, 874, 876, -1,
      875, 876, 877, -1,
      878, 879, 880, -1,
      880, 879, 881, -1,
      880, 881, 882, -1,
      882, 881, 883, -1,
      882, 883, 884, -1,
      884, 883, 885, -1,
      886, 887, 888, -1,
      888, 887, 889, -1,
      888, 889, 890, -1,
      890, 889, 891, -1,
      890, 891, 885, -1,
      885, 891, 892, -1,
      885, 892, 884, -1,
      876, 893, 877, -1,
      877, 893, 894, -1,
      877, 894, 895, -1,
      895, 894, 896, -1,
      895, 896, 897, -1,
      897, 896, 898, -1,
      897, 898, 899, -1,
      899, 898, 900, -1,
      899, 900, 901, -1,
      902, 903, 904, -1,
      904, 903, 905, -1,
      904, 905, 906, -1,
      906, 905, 907, -1,
      906, 907, 908, -1,
      908, 907, 909, -1,
      908, 909, 886, -1,
      886, 909, 910, -1,
      886, 910, 887, -1,
      911, 912, 913, -1,
      913, 912, 914, -1,
      913, 914, 915, -1,
      915, 914, 916, -1,
      915, 916, 917, -1,
      917, 916, 918, -1,
      917, 918, 919, -1,
      919, 918, 920, -1,
      919, 920, 921, -1,
      921, 920, 922, -1,
      921, 922, 923, -1,
      923, 922, 924, -1,
      923, 924, 902, -1,
      902, 924, 925, -1,
      902, 925, 903, -1,
      926, 927, 928, -1,
      928, 927, 929, -1,
      928, 929, 930, -1,
      930, 929, 931, -1,
      930, 931, 932, -1,
      932, 931, 933, -1,
      932, 933, 934, -1,
      934, 933, 935, -1,
      934, 935, 936, -1,
      936, 935, 937, -1,
      936, 937, 938, -1,
      938, 937, 939, -1,
      938, 939, 940, -1,
      940, 939, 941, -1,
      940, 941, 942, -1,
      942, 941, 943, -1,
      942, 943, 911, -1,
      911, 943, 944, -1,
      911, 944, 912, -1,
      900, 945, 901, -1,
      901, 945, 946, -1,
      901, 946, 947, -1,
      947, 946, 948, -1,
      947, 948, 949, -1,
      949, 948, 950, -1,
      949, 950, 951, -1,
      951, 950, 952, -1,
      951, 952, 953, -1,
      953, 952, 954, -1,
      953, 954, 955, -1,
      955, 954, 956, -1,
      955, 956, 926, -1,
      926, 956, 957, -1,
      926, 957, 927, -1,
      958, 959, 960, -1,
      960, 959, 961, -1,
      960, 961, 962, -1,
      962, 961, 963, -1,
      962, 963, 964, -1,
      964, 963, 965, -1,
      966, 967, 968, -1,
      968, 967, 969, -1,
      968, 969, 970, -1,
      970, 969, 971, -1,
      970, 971, 972, -1,
      972, 971, 973, -1,
      972, 973, 965, -1,
      965, 973, 974, -1,
      965, 974, 964, -1,
      975, 976, 977, -1,
      977, 976, 978, -1,
      977, 978, 979, -1,
      980, 981, 982, -1,
      982, 981, 983, -1,
      982, 983, 984, -1,
      984, 983, 985, -1,
      984, 985, 966, -1,
      966, 985, 986, -1,
      966, 986, 967, -1,
      978, 987, 979, -1,
      979, 987, 988, -1,
      979, 988, 989, -1,
      989, 988, 990, -1,
      989, 990, 991, -1,
      991, 990, 992, -1,
      991, 992, 993, -1,
      993, 992, 994, -1,
      993, 994, 995, -1,
      994, 996, 995, -1,
      995, 996, 997, -1,
      995, 997, 998, -1,
      998, 997, 999, -1,
      998, 999, 1000, -1,
      1000, 999, 1001, -1,
      1000, 1001, 1002, -1,
      1003, 1004, 1005, -1,
      1005, 1004, 1006, -1,
      1005, 1006, 1007, -1,
      1007, 1006, 1008, -1,
      1007, 1008, 1009, -1,
      1009, 1008, 1010, -1,
      1009, 1010, 1011, -1,
      1011, 1010, 1012, -1,
      1011, 1012, 1013, -1,
      1013, 1012, 1014, -1,
      1013, 1014, 980, -1,
      980, 1014, 1015, -1,
      980, 1015, 981, -1,
      1016, 1017, 1018, -1,
      1018, 1017, 1019, -1,
      1018, 1019, 1020, -1,
      1020, 1019, 1021, -1,
      1020, 1021, 1022, -1,
      1022, 1021, 1023, -1,
      1022, 1023, 1024, -1,
      1024, 1023, 1025, -1,
      1024, 1025, 1026, -1,
      1026, 1025, 1027, -1,
      1026, 1027, 1028, -1,
      1028, 1027, 1029, -1,
      1028, 1029, 1030, -1,
      1030, 1029, 1031, -1,
      1030, 1031, 1032, -1,
      1032, 1031, 1033, -1,
      1032, 1033, 1003, -1,
      1003, 1033, 1034, -1,
      1003, 1034, 1004, -1,
      1001, 1035, 1002, -1,
      1002, 1035, 1036, -1,
      1002, 1036, 1037, -1,
      1037, 1036, 1038, -1,
      1037, 1038, 1039, -1,
      1039, 1038, 1040, -1,
      1039, 1040, 1041, -1,
      1041, 1040, 1042, -1,
      1041, 1042, 1043, -1,
      1043, 1042, 1044, -1,
      1043, 1044, 1045, -1,
      1045, 1044, 1046, -1,
      1045, 1046, 1047, -1,
      1047, 1046, 1048, -1,
      1047, 1048, 1016, -1,
      1016, 1048, 1049, -1,
      1016, 1049, 1017, -1,
      879, 878, 1050, -1,
      879, 1050, 1051, -1,
      1051, 1050, 1052, -1,
      1051, 1052, 1053, -1,
      1053, 1052, 1054, -1,
      1053, 1054, 1055, -1,
      1055, 1054, 1056, -1,
      1055, 1056, 1057, -1,
      1057, 1056, 1058, -1,
      1057, 1058, 1059, -1,
      1059, 1058, 555, -1,
      1059, 555, 554, -1,
      867, 866, 1060, -1,
      867, 1060, 1061, -1,
      1061, 1060, 1062, -1,
      1061, 1062, 1063, -1,
      1063, 1062, 1064, -1,
      1063, 1064, 1065, -1,
      1065, 1064, 1066, -1,
      1065, 1066, 1067, -1,
      1067, 1066, 1068, -1,
      1067, 1068, 1069, -1,
      1069, 1068, 712, -1,
      1069, 712, 713, -1,
      959, 958, 1070, -1,
      959, 1070, 1071, -1,
      1071, 1070, 1072, -1,
      1071, 1072, 1073, -1,
      1073, 1072, 1074, -1,
      1073, 1074, 1075, -1,
      1075, 1074, 1076, -1,
      1075, 1076, 1077, -1,
      1077, 1076, 1078, -1,
      1077, 1078, 1079, -1,
      1079, 1078, 711, -1,
      1079, 711, 710, -1,
      976, 975, 1080, -1,
      976, 1080, 1081, -1,
      1081, 1080, 1082, -1,
      1081, 1082, 1083, -1,
      1083, 1082, 1084, -1,
      1083, 1084, 1085, -1,
      1085, 1084, 1086, -1,
      1085, 1086, 1087, -1,
      1087, 1086, 1088, -1,
      1087, 1088, 1089, -1,
      1089, 1088, 556, -1,
      1089, 556, 557, -1,
      562, 565, 1090, -1,
      1090, 565, 1091, -1,
      1090, 1091, 1092, -1,
      1092, 1091, 1093, -1,
      1092, 1093, 1094, -1,
      1094, 1093, 1095, -1,
      1094, 1095, 1096, -1,
      1096, 1095, 1097, -1,
      1096, 1097, 1098, -1,
      1098, 1097, 1099, -1,
      1098, 1099, 554, -1,
      554, 1099, 1059, -1,
      565, 566, 1091, -1,
      1091, 566, 1100, -1,
      1091, 1100, 1093, -1,
      1093, 1100, 1101, -1,
      1093, 1101, 1095, -1,
      1095, 1101, 1102, -1,
      1095, 1102, 1097, -1,
      1097, 1102, 1103, -1,
      1097, 1103, 1099, -1,
      1099, 1103, 1104, -1,
      1099, 1104, 1059, -1,
      1059, 1104, 1057, -1,
      566, 567, 1100, -1,
      1100, 567, 1105, -1,
      1100, 1105, 1101, -1,
      1101, 1105, 1106, -1,
      1101, 1106, 1102, -1,
      1102, 1106, 1107, -1,
      1102, 1107, 1103, -1,
      1103, 1107, 1108, -1,
      1103, 1108, 1104, -1,
      1104, 1108, 1109, -1,
      1104, 1109, 1057, -1,
      1057, 1109, 1055, -1,
      567, 569, 1105, -1,
      1105, 569, 1110, -1,
      1105, 1110, 1106, -1,
      1106, 1110, 1111, -1,
      1106, 1111, 1107, -1,
      1107, 1111, 1112, -1,
      1107, 1112, 1108, -1,
      1108, 1112, 1113, -1,
      1108, 1113, 1109, -1,
      1109, 1113, 1114, -1,
      1109, 1114, 1055, -1,
      1055, 1114, 1053, -1,
      569, 568, 1110, -1,
      1110, 568, 1115, -1,
      1110, 1115, 1111, -1,
      1111, 1115, 1116, -1,
      1111, 1116, 1112, -1,
      1112, 1116, 1117, -1,
      1112, 1117, 1113, -1,
      1113, 1117, 1118, -1,
      1113, 1118, 1114, -1,
      1114, 1118, 1119, -1,
      1114, 1119, 1053, -1,
      1053, 1119, 1051, -1,
      568, 564, 1115, -1,
      1115, 564, 1120, -1,
      1115, 1120, 1116, -1,
      1116, 1120, 1121, -1,
      1116, 1121, 1117, -1,
      1117, 1121, 1122, -1,
      1117, 1122, 1118, -1,
      1118, 1122, 1123, -1,
      1118, 1123, 1119, -1,
      1119, 1123, 1124, -1,
      1119, 1124, 1051, -1,
      1051, 1124, 879, -1,
      554, 556, 1125, -1,
      554, 1125, 1098, -1,
      1098, 1125, 1126, -1,
      1098, 1126, 1096, -1,
      1096, 1126, 1127, -1,
      1096, 1127, 1094, -1,
      1094, 1127, 1128, -1,
      1094, 1128, 1092, -1,
      1092, 1128, 1129, -1,
      1092, 1129, 1090, -1,
      1090, 1129, 560, -1,
      1090, 560, 562, -1,
      881, 879, 1124, -1,
      881, 1124, 1130, -1,
      1130, 1124, 1123, -1,
      1130, 1123, 1131, -1,
      1131, 1123, 1122, -1,
      1131, 1122, 1132, -1,
      1132, 1122, 1121, -1,
      1132, 1121, 1133, -1,
      1133, 1121, 1120, -1,
      1133, 1120, 1134, -1,
      1134, 1120, 564, -1,
      1134, 564, 563, -1,
      559, 558, 1135, -1,
      1135, 558, 1136, -1,
      1135, 1136, 1137, -1,
      1137, 1136, 1138, -1,
      1137, 1138, 1139, -1,
      1139, 1138, 1140, -1,
      1139, 1140, 1141, -1,
      1141, 1140, 1142, -1,
      1141, 1142, 1143, -1,
      1143, 1142, 1144, -1,
      1143, 1144, 975, -1,
      975, 1144, 1080, -1,
      558, 573, 1136, -1,
      1136, 573, 1145, -1,
      1136, 1145, 1138, -1,
      1138, 1145, 1146, -1,
      1138, 1146, 1140, -1,
      1140, 1146, 1147, -1,
      1140, 1147, 1142, -1,
      1142, 1147, 1148, -1,
      1142, 1148, 1144, -1,
      1144, 1148, 1149, -1,
      1144, 1149, 1080, -1,
      1080, 1149, 1082, -1,
      573, 572, 1145, -1,
      1145, 572, 1150, -1,
      1145, 1150, 1146, -1,
      1146, 1150, 1151, -1,
      1146, 1151, 1147, -1,
      1147, 1151, 1152, -1,
      1147, 1152, 1148, -1,
      1148, 1152, 1153, -1,
      1148, 1153, 1149, -1,
      1149, 1153, 1154, -1,
      1149, 1154, 1082, -1,
      1082, 1154, 1084, -1,
      572, 571, 1150, -1,
      1150, 571, 1155, -1,
      1150, 1155, 1151, -1,
      1151, 1155, 1156, -1,
      1151, 1156, 1152, -1,
      1152, 1156, 1157, -1,
      1152, 1157, 1153, -1,
      1153, 1157, 1158, -1,
      1153, 1158, 1154, -1,
      1154, 1158, 1159, -1,
      1154, 1159, 1084, -1,
      1084, 1159, 1086, -1,
      571, 570, 1155, -1,
      1155, 570, 1160, -1,
      1155, 1160, 1156, -1,
      1156, 1160, 1161, -1,
      1156, 1161, 1157, -1,
      1157, 1161, 1162, -1,
      1157, 1162, 1158, -1,
      1158, 1162, 1163, -1,
      1158, 1163, 1159, -1,
      1159, 1163, 1164, -1,
      1159, 1164, 1086, -1,
      1086, 1164, 1088, -1,
      570, 560, 1160, -1,
      1160, 560, 1129, -1,
      1160, 1129, 1161, -1,
      1161, 1129, 1128, -1,
      1161, 1128, 1162, -1,
      1162, 1128, 1127, -1,
      1162, 1127, 1163, -1,
      1163, 1127, 1126, -1,
      1163, 1126, 1164, -1,
      1164, 1126, 1125, -1,
      1164, 1125, 1088, -1,
      1088, 1125, 556, -1,
      881, 1130, 1165, -1,
      1130, 1131, 1166, -1,
      1132, 1133, 1167, -1,
      580, 1168, 578, -1,
      578, 1168, 1169, -1,
      578, 1169, 576, -1,
      576, 1169, 1170, -1,
      576, 1170, 574, -1,
      574, 1170, 1134, -1,
      574, 1134, 563, -1,
      580, 582, 1168, -1,
      1168, 582, 584, -1,
      1168, 584, 1171, -1,
      584, 586, 1171, -1,
      1171, 586, 588, -1,
      1171, 588, 1172, -1,
      1172, 588, 590, -1,
      1172, 590, 1173, -1,
      1173, 590, 592, -1,
      1173, 592, 1174, -1,
      1174, 592, 594, -1,
      1174, 594, 1175, -1,
      1175, 594, 596, -1,
      602, 1176, 600, -1,
      600, 1176, 1175, -1,
      600, 1175, 598, -1,
      598, 1175, 596, -1,
      602, 604, 1177, -1,
      602, 1177, 1176, -1,
      1176, 1177, 1178, -1,
      1176, 1178, 1179, -1,
      1179, 1180, 1176, -1,
      1176, 1180, 1181, -1,
      1176, 1181, 1175, -1,
      1175, 1181, 1182, -1,
      1175, 1182, 1174, -1,
      1174, 1182, 1183, -1,
      1174, 1183, 1173, -1,
      1173, 1183, 1184, -1,
      1173, 1184, 1172, -1,
      1172, 1184, 1185, -1,
      1172, 1185, 1171, -1,
      1171, 1185, 1186, -1,
      1171, 1186, 1168, -1,
      1168, 1186, 1187, -1,
      1168, 1187, 1169, -1,
      1169, 1187, 1167, -1,
      1169, 1167, 1170, -1,
      1170, 1167, 1133, -1,
      1170, 1133, 1134, -1,
      1132, 1167, 1188, -1,
      1188, 1167, 1187, -1,
      1188, 1187, 1189, -1,
      1189, 1187, 1186, -1,
      1189, 1186, 1190, -1,
      1190, 1186, 1185, -1,
      1190, 1185, 1191, -1,
      1191, 1185, 1184, -1,
      1191, 1184, 1192, -1,
      1192, 1184, 1183, -1,
      1192, 1183, 1193, -1,
      1193, 1183, 1182, -1,
      1193, 1182, 1194, -1,
      1194, 1182, 1181, -1,
      1194, 1181, 1195, -1,
      1195, 1181, 1180, -1,
      1195, 1180, 1196, -1,
      1179, 1197, 1180, -1,
      1180, 1197, 1198, -1,
      1180, 1198, 1196, -1,
      1196, 1198, 1199, -1,
      1196, 1199, 1200, -1,
      1200, 1201, 1196, -1,
      1196, 1201, 1202, -1,
      1196, 1202, 1195, -1,
      1195, 1202, 1203, -1,
      1195, 1203, 1194, -1,
      1194, 1203, 1204, -1,
      1194, 1204, 1193, -1,
      1193, 1204, 1205, -1,
      1193, 1205, 1192, -1,
      1192, 1205, 1206, -1,
      1192, 1206, 1191, -1,
      1191, 1206, 1207, -1,
      1191, 1207, 1190, -1,
      1190, 1207, 1208, -1,
      1190, 1208, 1189, -1,
      1189, 1208, 1166, -1,
      1189, 1166, 1188, -1,
      1188, 1166, 1131, -1,
      1188, 1131, 1132, -1,
      1130, 1166, 1165, -1,
      1165, 1166, 1208, -1,
      1165, 1208, 1209, -1,
      1209, 1208, 1207, -1,
      1209, 1207, 1210, -1,
      1210, 1207, 1206, -1,
      1210, 1206, 1211, -1,
      1211, 1206, 1205, -1,
      1211, 1205, 1212, -1,
      1212, 1205, 1204, -1,
      1212, 1204, 1213, -1,
      1213, 1204, 1203, -1,
      1213, 1203, 1214, -1,
      1214, 1203, 1202, -1,
      1214, 1202, 1215, -1,
      1215, 1202, 1201, -1,
      1215, 1201, 1216, -1,
      1200, 1217, 1201, -1,
      1201, 1217, 1218, -1,
      1201, 1218, 1216, -1,
      1216, 1218, 1219, -1,
      1216, 1219, 1220, -1,
      881, 1165, 883, -1,
      883, 1165, 1209, -1,
      883, 1209, 885, -1,
      885, 1209, 1210, -1,
      885, 1210, 890, -1,
      890, 1210, 1211, -1,
      890, 1211, 888, -1,
      888, 1211, 1212, -1,
      888, 1212, 886, -1,
      886, 1212, 1213, -1,
      886, 1213, 908, -1,
      908, 1213, 1214, -1,
      908, 1214, 906, -1,
      906, 1214, 1215, -1,
      906, 1215, 904, -1,
      904, 1215, 1216, -1,
      904, 1216, 902, -1,
      902, 1216, 1220, -1,
      902, 1220, 923, -1,
      975, 977, 1221, -1,
      975, 1221, 1143, -1,
      1143, 1221, 1222, -1,
      1143, 1222, 1141, -1,
      1141, 1222, 1223, -1,
      1141, 1223, 1139, -1,
      1139, 1223, 1224, -1,
      1139, 1224, 1137, -1,
      1137, 1224, 1225, -1,
      1137, 1225, 1135, -1,
      1135, 1225, 561, -1,
      1135, 561, 559, -1,
      923, 1220, 921, -1,
      921, 1220, 1226, -1,
      1226, 1220, 1227, -1,
      1227, 1220, 1219, -1,
      1227, 1219, 1228, -1,
      1228, 1219, 1218, -1,
      1228, 1218, 1229, -1,
      1229, 1218, 1217, -1,
      1229, 1217, 1230, -1,
      1230, 1217, 1200, -1,
      1230, 1200, 1231, -1,
      1231, 1200, 1199, -1,
      1231, 1199, 1232, -1,
      1232, 1199, 1198, -1,
      1232, 1198, 1233, -1,
      1233, 1198, 1197, -1,
      1233, 1197, 1234, -1,
      1234, 1197, 1179, -1,
      1234, 1179, 1235, -1,
      1235, 1179, 1178, -1,
      1235, 1178, 1236, -1,
      1178, 1177, 1236, -1,
      1236, 1177, 604, -1,
      1236, 604, 606, -1,
      601, 599, 1237, -1,
      597, 595, 1238, -1,
      593, 591, 1239, -1,
      585, 583, 1240, -1,
      577, 575, 1241, -1,
      989, 991, 1242, -1,
      1242, 991, 1243, -1,
      1242, 1243, 1244, -1,
      1244, 1243, 1245, -1,
      1244, 1245, 1246, -1,
      1246, 1245, 1247, -1,
      1246, 1247, 1248, -1,
      1248, 1247, 1249, -1,
      1248, 1249, 1250, -1,
      1250, 1249, 1240, -1,
      977, 979, 1221, -1,
      1221, 979, 1251, -1,
      1221, 1251, 1222, -1,
      1222, 1251, 1252, -1,
      1222, 1252, 1223, -1,
      1223, 1252, 1253, -1,
      1223, 1253, 1224, -1,
      1224, 1253, 1254, -1,
      1224, 1254, 1225, -1,
      1225, 1254, 1241, -1,
      1225, 1241, 561, -1,
      561, 1241, 575, -1,
      579, 577, 1250, -1,
      1250, 577, 1241, -1,
      1250, 1241, 1248, -1,
      1248, 1241, 1254, -1,
      1248, 1254, 1246, -1,
      1246, 1254, 1253, -1,
      1246, 1253, 1244, -1,
      1244, 1253, 1252, -1,
      1244, 1252, 1242, -1,
      1242, 1252, 1251, -1,
      1242, 1251, 989, -1,
      989, 1251, 979, -1,
      1240, 583, 1250, -1,
      1250, 583, 581, -1,
      1250, 581, 579, -1,
      587, 585, 1255, -1,
      1255, 585, 1240, -1,
      1255, 1240, 1256, -1,
      1256, 1240, 1249, -1,
      1256, 1249, 1257, -1,
      1257, 1249, 1247, -1,
      1257, 1247, 1258, -1,
      1258, 1247, 1245, -1,
      1258, 1245, 1259, -1,
      1259, 1245, 1243, -1,
      1259, 1243, 993, -1,
      993, 1243, 991, -1,
      993, 995, 1259, -1,
      1259, 995, 1260, -1,
      1259, 1260, 1258, -1,
      1258, 1260, 1261, -1,
      1258, 1261, 1257, -1,
      1257, 1261, 1262, -1,
      1257, 1262, 1256, -1,
      1256, 1262, 1263, -1,
      1256, 1263, 1255, -1,
      1255, 1263, 1264, -1,
      1255, 1264, 587, -1,
      587, 1264, 589, -1,
      995, 998, 1260, -1,
      1260, 998, 1265, -1,
      1260, 1265, 1261, -1,
      1261, 1265, 1266, -1,
      1261, 1266, 1262, -1,
      1262, 1266, 1267, -1,
      1262, 1267, 1263, -1,
      1263, 1267, 1268, -1,
      1263, 1268, 1264, -1,
      1264, 1268, 1239, -1,
      1264, 1239, 589, -1,
      589, 1239, 591, -1,
      595, 593, 1238, -1,
      1238, 593, 1239, -1,
      1238, 1239, 1269, -1,
      1269, 1239, 1268, -1,
      1269, 1268, 1270, -1,
      1270, 1268, 1267, -1,
      1270, 1267, 1271, -1,
      1271, 1267, 1266, -1,
      1271, 1266, 1272, -1,
      1272, 1266, 1265, -1,
      1272, 1265, 1000, -1,
      1000, 1265, 998, -1,
      599, 597, 1237, -1,
      1237, 597, 1238, -1,
      1237, 1238, 1273, -1,
      1273, 1238, 1269, -1,
      1273, 1269, 1274, -1,
      1274, 1269, 1270, -1,
      1274, 1270, 1275, -1,
      1275, 1270, 1271, -1,
      1275, 1271, 1276, -1,
      1276, 1271, 1272, -1,
      1276, 1272, 1002, -1,
      1002, 1272, 1000, -1,
      603, 601, 1277, -1,
      1277, 601, 1237, -1,
      1277, 1237, 1278, -1,
      1278, 1237, 1273, -1,
      1278, 1273, 1279, -1,
      1279, 1273, 1274, -1,
      1279, 1274, 1280, -1,
      1280, 1274, 1275, -1,
      1280, 1275, 1281, -1,
      1281, 1275, 1276, -1,
      1281, 1276, 1037, -1,
      1037, 1276, 1002, -1,
      1037, 1039, 1281, -1,
      1281, 1039, 1282, -1,
      1281, 1282, 1280, -1,
      1280, 1282, 1283, -1,
      1280, 1283, 1279, -1,
      1279, 1283, 1284, -1,
      1279, 1284, 1278, -1,
      1278, 1284, 1285, -1,
      1278, 1285, 1277, -1,
      1277, 1285, 1286, -1,
      1277, 1286, 603, -1,
      603, 1286, 605, -1,
      1234, 1235, 1287, -1,
      1236, 606, 608, -1,
      1235, 1236, 1287, -1,
      1287, 1236, 608, -1,
      1287, 608, 1288, -1,
      1288, 608, 610, -1,
      610, 612, 1288, -1,
      1288, 612, 614, -1,
      1288, 614, 1289, -1,
      1289, 614, 616, -1,
      1289, 616, 1290, -1,
      1290, 616, 618, -1,
      1290, 618, 1291, -1,
      1291, 618, 620, -1,
      620, 622, 1291, -1,
      1291, 622, 624, -1,
      1291, 624, 1292, -1,
      1292, 624, 626, -1,
      1292, 626, 1293, -1,
      626, 628, 1293, -1,
      1293, 628, 630, -1,
      1293, 630, 1294, -1,
      1232, 1233, 1295, -1,
      1295, 1233, 1234, -1,
      1234, 1287, 1295, -1,
      1295, 1287, 1288, -1,
      1295, 1288, 1296, -1,
      1296, 1288, 1289, -1,
      1296, 1289, 1297, -1,
      1297, 1289, 1290, -1,
      1297, 1290, 1298, -1,
      1298, 1290, 1291, -1,
      1298, 1291, 1299, -1,
      1299, 1291, 1292, -1,
      1299, 1292, 1300, -1,
      1300, 1292, 1293, -1,
      1300, 1293, 1301, -1,
      1301, 1293, 1294, -1,
      1301, 1294, 1302, -1,
      1230, 1231, 1303, -1,
      1303, 1231, 1232, -1,
      1232, 1295, 1303, -1,
      1303, 1295, 1296, -1,
      1303, 1296, 1304, -1,
      1304, 1296, 1297, -1,
      1304, 1297, 1305, -1,
      1305, 1297, 1298, -1,
      1305, 1298, 1306, -1,
      1306, 1298, 1299, -1,
      1306, 1299, 1307, -1,
      1307, 1299, 1300, -1,
      1307, 1300, 1308, -1,
      1308, 1300, 1301, -1,
      1308, 1301, 1309, -1,
      1309, 1301, 1302, -1,
      1309, 1302, 1310, -1,
      1228, 1229, 1311, -1,
      1311, 1229, 1230, -1,
      1230, 1303, 1311, -1,
      1311, 1303, 1304, -1,
      1311, 1304, 1312, -1,
      1312, 1304, 1305, -1,
      1312, 1305, 1313, -1,
      1313, 1305, 1306, -1,
      1313, 1306, 1314, -1,
      1314, 1306, 1307, -1,
      1314, 1307, 1315, -1,
      1315, 1307, 1308, -1,
      1315, 1308, 1316, -1,
      1316, 1308, 1309, -1,
      1316, 1309, 1317, -1,
      1317, 1309, 1310, -1,
      1317, 1310, 1318, -1,
      1226, 1227, 1319, -1,
      1319, 1227, 1228, -1,
      1228, 1311, 1319, -1,
      1319, 1311, 1312, -1,
      1319, 1312, 1320, -1,
      1320, 1312, 1313, -1,
      1320, 1313, 1321, -1,
      1321, 1313, 1314, -1,
      1321, 1314, 1322, -1,
      1322, 1314, 1315, -1,
      1322, 1315, 1323, -1,
      1323, 1315, 1316, -1,
      1323, 1316, 1324, -1,
      1324, 1316, 1317, -1,
      1324, 1317, 1325, -1,
      1325, 1317, 1318, -1,
      1325, 1318, 1326, -1,
      919, 921, 1226, -1,
      1226, 1319, 919, -1,
      919, 1319, 1320, -1,
      919, 1320, 917, -1,
      917, 1320, 1321, -1,
      917, 1321, 915, -1,
      915, 1321, 1322, -1,
      915, 1322, 913, -1,
      913, 1322, 1323, -1,
      913, 1323, 911, -1,
      911, 1323, 1324, -1,
      911, 1324, 942, -1,
      942, 1324, 1325, -1,
      942, 1325, 940, -1,
      940, 1325, 1326, -1,
      940, 1326, 938, -1,
      1039, 1041, 1327, -1,
      1039, 1327, 1282, -1,
      1282, 1327, 1328, -1,
      1282, 1328, 1283, -1,
      1283, 1328, 1329, -1,
      1283, 1329, 1284, -1,
      1284, 1329, 1330, -1,
      1284, 1330, 1285, -1,
      1285, 1330, 1331, -1,
      1285, 1331, 1286, -1,
      1286, 1331, 607, -1,
      1286, 607, 605, -1,
      936, 938, 1326, -1,
      936, 1326, 1332, -1,
      1332, 1326, 1318, -1,
      1332, 1318, 1333, -1,
      1333, 1318, 1310, -1,
      1333, 1310, 1334, -1,
      1334, 1310, 1302, -1,
      1334, 1302, 1335, -1,
      1335, 1302, 1294, -1,
      1335, 1294, 1336, -1,
      1336, 1294, 630, -1,
      1336, 630, 632, -1,
      621, 619, 1337, -1,
      611, 609, 1338, -1,
      1047, 1016, 1339, -1,
      1339, 1016, 1340, -1,
      1339, 1340, 1341, -1,
      1341, 1340, 1342, -1,
      1341, 1342, 1343, -1,
      1343, 1342, 1344, -1,
      1343, 1344, 1345, -1,
      1345, 1344, 1346, -1,
      1345, 1346, 1347, -1,
      1347, 1346, 1337, -1,
      1018, 1020, 1348, -1,
      1348, 1020, 1349, -1,
      1348, 1349, 1350, -1,
      1350, 1349, 1351, -1,
      1350, 1351, 1352, -1,
      1352, 1351, 1353, -1,
      1352, 1353, 1354, -1,
      1354, 1353, 1355, -1,
      1354, 1355, 1356, -1,
      1356, 1355, 1357, -1,
      1356, 1357, 623, -1,
      1022, 1024, 1358, -1,
      1358, 1024, 1359, -1,
      1358, 1359, 1360, -1,
      1360, 1359, 1361, -1,
      1360, 1361, 1362, -1,
      1362, 1361, 1363, -1,
      1362, 1363, 1364, -1,
      1364, 1363, 1365, -1,
      1364, 1365, 1366, -1,
      1366, 1365, 1367, -1,
      1041, 1043, 1327, -1,
      1327, 1043, 1368, -1,
      1327, 1368, 1328, -1,
      1328, 1368, 1369, -1,
      1328, 1369, 1329, -1,
      1329, 1369, 1370, -1,
      1329, 1370, 1330, -1,
      1330, 1370, 1371, -1,
      1330, 1371, 1331, -1,
      1331, 1371, 1338, -1,
      1331, 1338, 607, -1,
      607, 1338, 609, -1,
      613, 611, 1372, -1,
      1372, 611, 1338, -1,
      1372, 1338, 1373, -1,
      1373, 1338, 1371, -1,
      1373, 1371, 1374, -1,
      1374, 1371, 1370, -1,
      1374, 1370, 1375, -1,
      1375, 1370, 1369, -1,
      1375, 1369, 1376, -1,
      1376, 1369, 1368, -1,
      1376, 1368, 1045, -1,
      1045, 1368, 1043, -1,
      1045, 1047, 1376, -1,
      1376, 1047, 1339, -1,
      1376, 1339, 1375, -1,
      1375, 1339, 1341, -1,
      1375, 1341, 1374, -1,
      1374, 1341, 1343, -1,
      1374, 1343, 1373, -1,
      1373, 1343, 1345, -1,
      1373, 1345, 1372, -1,
      1372, 1345, 1347, -1,
      1372, 1347, 613, -1,
      613, 1347, 615, -1,
      1337, 619, 1347, -1,
      1347, 619, 617, -1,
      1347, 617, 615, -1,
      623, 621, 1356, -1,
      1356, 621, 1337, -1,
      1356, 1337, 1354, -1,
      1354, 1337, 1346, -1,
      1354, 1346, 1352, -1,
      1352, 1346, 1344, -1,
      1352, 1344, 1350, -1,
      1350, 1344, 1342, -1,
      1350, 1342, 1348, -1,
      1348, 1342, 1340, -1,
      1348, 1340, 1018, -1,
      1018, 1340, 1016, -1,
      629, 627, 1357, -1,
      1357, 627, 625, -1,
      1357, 625, 623, -1,
      1020, 1022, 1349, -1,
      1349, 1022, 1358, -1,
      1349, 1358, 1351, -1,
      1351, 1358, 1360, -1,
      1351, 1360, 1353, -1,
      1353, 1360, 1362, -1,
      1353, 1362, 1355, -1,
      1355, 1362, 1364, -1,
      1355, 1364, 1357, -1,
      1357, 1364, 1366, -1,
      1357, 1366, 629, -1,
      629, 1366, 1367, -1,
      629, 1367, 631, -1,
      936, 1332, 1377, -1,
      1332, 1333, 1378, -1,
      1334, 1335, 1379, -1,
      1336, 632, 634, -1,
      636, 1380, 634, -1,
      634, 1380, 1381, -1,
      634, 1381, 1336, -1,
      636, 638, 1380, -1,
      1380, 638, 640, -1,
      1380, 640, 1382, -1,
      1382, 640, 642, -1,
      1382, 642, 1383, -1,
      1383, 642, 644, -1,
      1383, 644, 1384, -1,
      1384, 644, 646, -1,
      654, 1385, 652, -1,
      652, 1385, 1386, -1,
      652, 1386, 650, -1,
      650, 1386, 1384, -1,
      650, 1384, 648, -1,
      648, 1384, 646, -1,
      654, 656, 1387, -1,
      654, 1387, 1385, -1,
      1385, 1387, 1388, -1,
      1385, 1388, 1389, -1,
      1389, 1390, 1385, -1,
      1385, 1390, 1391, -1,
      1385, 1391, 1386, -1,
      1386, 1391, 1392, -1,
      1386, 1392, 1384, -1,
      1384, 1392, 1393, -1,
      1384, 1393, 1383, -1,
      1383, 1393, 1394, -1,
      1383, 1394, 1382, -1,
      1382, 1394, 1395, -1,
      1382, 1395, 1380, -1,
      1380, 1395, 1379, -1,
      1380, 1379, 1381, -1,
      1381, 1379, 1335, -1,
      1381, 1335, 1336, -1,
      1334, 1379, 1396, -1,
      1396, 1379, 1395, -1,
      1396, 1395, 1397, -1,
      1397, 1395, 1394, -1,
      1397, 1394, 1398, -1,
      1398, 1394, 1393, -1,
      1398, 1393, 1399, -1,
      1399, 1393, 1392, -1,
      1399, 1392, 1400, -1,
      1400, 1392, 1391, -1,
      1400, 1391, 1401, -1,
      1401, 1391, 1390, -1,
      1401, 1390, 1402, -1,
      1389, 1403, 1390, -1,
      1390, 1403, 1404, -1,
      1390, 1404, 1402, -1,
      1402, 1404, 1405, -1,
      1402, 1405, 1406, -1,
      1406, 1407, 1402, -1,
      1402, 1407, 1408, -1,
      1402, 1408, 1401, -1,
      1401, 1408, 1409, -1,
      1401, 1409, 1400, -1,
      1400, 1409, 1410, -1,
      1400, 1410, 1399, -1,
      1399, 1410, 1411, -1,
      1399, 1411, 1398, -1,
      1398, 1411, 1412, -1,
      1398, 1412, 1397, -1,
      1397, 1412, 1378, -1,
      1397, 1378, 1396, -1,
      1396, 1378, 1333, -1,
      1396, 1333, 1334, -1,
      1332, 1378, 1377, -1,
      1377, 1378, 1412, -1,
      1377, 1412, 1413, -1,
      1413, 1412, 1411, -1,
      1413, 1411, 1414, -1,
      1414, 1411, 1410, -1,
      1414, 1410, 1415, -1,
      1415, 1410, 1409, -1,
      1415, 1409, 1416, -1,
      1416, 1409, 1408, -1,
      1416, 1408, 1417, -1,
      1417, 1408, 1407, -1,
      1417, 1407, 1418, -1,
      1406, 1419, 1407, -1,
      1407, 1419, 1420, -1,
      1407, 1420, 1418, -1,
      1418, 1420, 1421, -1,
      1418, 1421, 1422, -1,
      936, 1377, 934, -1,
      934, 1377, 1413, -1,
      934, 1413, 932, -1,
      932, 1413, 1414, -1,
      932, 1414, 930, -1,
      930, 1414, 1415, -1,
      930, 1415, 928, -1,
      928, 1415, 1416, -1,
      928, 1416, 926, -1,
      926, 1416, 1417, -1,
      926, 1417, 955, -1,
      955, 1417, 1418, -1,
      955, 1418, 953, -1,
      953, 1418, 1422, -1,
      953, 1422, 951, -1,
      1024, 1026, 1423, -1,
      1024, 1423, 1359, -1,
      1359, 1423, 1424, -1,
      1359, 1424, 1361, -1,
      1361, 1424, 1425, -1,
      1361, 1425, 1363, -1,
      1363, 1425, 1426, -1,
      1363, 1426, 1365, -1,
      1365, 1426, 1427, -1,
      1365, 1427, 1367, -1,
      1367, 1427, 633, -1,
      1367, 633, 631, -1,
      951, 1422, 949, -1,
      949, 1422, 1428, -1,
      1428, 1422, 1429, -1,
      1429, 1422, 1421, -1,
      1429, 1421, 1430, -1,
      1430, 1421, 1420, -1,
      1430, 1420, 1431, -1,
      1431, 1420, 1419, -1,
      1431, 1419, 1432, -1,
      1432, 1419, 1406, -1,
      1432, 1406, 1433, -1,
      1433, 1406, 1405, -1,
      1433, 1405, 1434, -1,
      1434, 1405, 1404, -1,
      1434, 1404, 1435, -1,
      1435, 1404, 1403, -1,
      1435, 1403, 1436, -1,
      1436, 1403, 1389, -1,
      1436, 1389, 1437, -1,
      1437, 1389, 1388, -1,
      1437, 1388, 1438, -1,
      1388, 1387, 1438, -1,
      1438, 1387, 656, -1,
      1438, 656, 658, -1,
      647, 645, 1439, -1,
      637, 635, 1440, -1,
      1032, 1003, 1441, -1,
      1441, 1003, 1442, -1,
      1441, 1442, 1443, -1,
      1443, 1442, 1444, -1,
      1443, 1444, 1445, -1,
      1445, 1444, 1446, -1,
      1445, 1446, 1447, -1,
      1447, 1446, 1448, -1,
      1447, 1448, 1449, -1,
      1449, 1448, 1439, -1,
      1005, 1007, 1450, -1,
      1450, 1007, 1451, -1,
      1450, 1451, 1452, -1,
      1452, 1451, 1453, -1,
      1452, 1453, 1454, -1,
      1454, 1453, 1455, -1,
      1454, 1455, 1456, -1,
      1456, 1455, 1457, -1,
      1456, 1457, 1458, -1,
      1458, 1457, 1459, -1,
      1458, 1459, 649, -1,
      1009, 1011, 1460, -1,
      1460, 1011, 1461, -1,
      1460, 1461, 1462, -1,
      1462, 1461, 1463, -1,
      1462, 1463, 1464, -1,
      1464, 1463, 1465, -1,
      1464, 1465, 1466, -1,
      1466, 1465, 1467, -1,
      1466, 1467, 1468, -1,
      1468, 1467, 1469, -1,
      1026, 1028, 1423, -1,
      1423, 1028, 1470, -1,
      1423, 1470, 1424, -1,
      1424, 1470, 1471, -1,
      1424, 1471, 1425, -1,
      1425, 1471, 1472, -1,
      1425, 1472, 1426, -1,
      1426, 1472, 1473, -1,
      1426, 1473, 1427, -1,
      1427, 1473, 1440, -1,
      1427, 1440, 633, -1,
      633, 1440, 635, -1,
      639, 637, 1474, -1,
      1474, 637, 1440, -1,
      1474, 1440, 1475, -1,
      1475, 1440, 1473, -1,
      1475, 1473, 1476, -1,
      1476, 1473, 1472, -1,
      1476, 1472, 1477, -1,
      1477, 1472, 1471, -1,
      1477, 1471, 1478, -1,
      1478, 1471, 1470, -1,
      1478, 1470, 1030, -1,
      1030, 1470, 1028, -1,
      1030, 1032, 1478, -1,
      1478, 1032, 1441, -1,
      1478, 1441, 1477, -1,
      1477, 1441, 1443, -1,
      1477, 1443, 1476, -1,
      1476, 1443, 1445, -1,
      1476, 1445, 1475, -1,
      1475, 1445, 1447, -1,
      1475, 1447, 1474, -1,
      1474, 1447, 1449, -1,
      1474, 1449, 639, -1,
      639, 1449, 641, -1,
      1439, 645, 1449, -1,
      1449, 645, 643, -1,
      1449, 643, 641, -1,
      649, 647, 1458, -1,
      1458, 647, 1439, -1,
      1458, 1439, 1456, -1,
      1456, 1439, 1448, -1,
      1456, 1448, 1454, -1,
      1454, 1448, 1446, -1,
      1454, 1446, 1452, -1,
      1452, 1446, 1444, -1,
      1452, 1444, 1450, -1,
      1450, 1444, 1442, -1,
      1450, 1442, 1005, -1,
      1005, 1442, 1003, -1,
      655, 653, 1459, -1,
      1459, 653, 651, -1,
      1459, 651, 649, -1,
      1007, 1009, 1451, -1,
      1451, 1009, 1460, -1,
      1451, 1460, 1453, -1,
      1453, 1460, 1462, -1,
      1453, 1462, 1455, -1,
      1455, 1462, 1464, -1,
      1455, 1464, 1457, -1,
      1457, 1464, 1466, -1,
      1457, 1466, 1459, -1,
      1459, 1466, 1468, -1,
      1459, 1468, 655, -1,
      655, 1468, 1469, -1,
      655, 1469, 657, -1,
      1438, 658, 660, -1,
      1436, 1437, 1479, -1,
      1479, 1437, 1438, -1,
      1438, 660, 1479, -1,
      1479, 660, 662, -1,
      1479, 662, 1480, -1,
      662, 664, 1480, -1,
      1480, 664, 666, -1,
      1480, 666, 1481, -1,
      666, 668, 1481, -1,
      1481, 668, 670, -1,
      1481, 670, 1482, -1,
      670, 672, 1482, -1,
      1482, 672, 674, -1,
      1482, 674, 1483, -1,
      1483, 674, 676, -1,
      1483, 676, 1484, -1,
      1484, 676, 678, -1,
      678, 680, 1484, -1,
      1484, 680, 682, -1,
      1484, 682, 1485, -1,
      682, 684, 1485, -1,
      1485, 684, 686, -1,
      1485, 686, 1486, -1,
      686, 688, 1486, -1,
      1486, 688, 690, -1,
      1486, 690, 1487, -1,
      690, 692, 1487, -1,
      1487, 692, 694, -1,
      1487, 694, 1488, -1,
      1434, 1435, 1489, -1,
      1489, 1435, 1436, -1,
      1436, 1479, 1489, -1,
      1489, 1479, 1480, -1,
      1489, 1480, 1490, -1,
      1490, 1480, 1481, -1,
      1490, 1481, 1491, -1,
      1491, 1481, 1482, -1,
      1491, 1482, 1492, -1,
      1492, 1482, 1483, -1,
      1492, 1483, 1493, -1,
      1493, 1483, 1484, -1,
      1493, 1484, 1494, -1,
      1494, 1484, 1485, -1,
      1494, 1485, 1495, -1,
      1495, 1485, 1486, -1,
      1495, 1486, 1496, -1,
      1496, 1486, 1487, -1,
      1496, 1487, 1497, -1,
      1497, 1487, 1488, -1,
      1497, 1488, 1498, -1,
      1432, 1433, 1499, -1,
      1499, 1433, 1434, -1,
      1434, 1489, 1499, -1,
      1499, 1489, 1490, -1,
      1499, 1490, 1500, -1,
      1500, 1490, 1491, -1,
      1500, 1491, 1501, -1,
      1501, 1491, 1492, -1,
      1501, 1492, 1502, -1,
      1502, 1492, 1493, -1,
      1502, 1493, 1503, -1,
      1503, 1493, 1494, -1,
      1503, 1494, 1504, -1,
      1504, 1494, 1495, -1,
      1504, 1495, 1505, -1,
      1505, 1495, 1496, -1,
      1505, 1496, 1506, -1,
      1506, 1496, 1497, -1,
      1506, 1497, 1507, -1,
      1507, 1497, 1498, -1,
      1507, 1498, 1508, -1,
      1430, 1431, 1509, -1,
      1509, 1431, 1432, -1,
      1432, 1499, 1509, -1,
      1509, 1499, 1500, -1,
      1509, 1500, 1510, -1,
      1510, 1500, 1501, -1,
      1510, 1501, 1511, -1,
      1511, 1501, 1502, -1,
      1511, 1502, 1512, -1,
      1512, 1502, 1503, -1,
      1512, 1503, 1513, -1,
      1513, 1503, 1504, -1,
      1513, 1504, 1514, -1,
      1514, 1504, 1505, -1,
      1514, 1505, 1515, -1,
      1515, 1505, 1506, -1,
      1515, 1506, 1516, -1,
      1516, 1506, 1507, -1,
      1516, 1507, 1517, -1,
      1517, 1507, 1508, -1,
      1517, 1508, 1518, -1,
      1428, 1429, 1519, -1,
      1519, 1429, 1430, -1,
      1430, 1509, 1519, -1,
      1519, 1509, 1510, -1,
      1519, 1510, 1520, -1,
      1520, 1510, 1511, -1,
      1520, 1511, 1521, -1,
      1521, 1511, 1512, -1,
      1521, 1512, 1522, -1,
      1522, 1512, 1513, -1,
      1522, 1513, 1523, -1,
      1523, 1513, 1514, -1,
      1523, 1514, 1524, -1,
      1524, 1514, 1515, -1,
      1524, 1515, 1525, -1,
      1525, 1515, 1516, -1,
      1525, 1516, 1526, -1,
      1526, 1516, 1517, -1,
      1526, 1517, 1527, -1,
      1527, 1517, 1518, -1,
      1527, 1518, 1528, -1,
      947, 949, 1428, -1,
      1428, 1519, 947, -1,
      947, 1519, 1520, -1,
      947, 1520, 901, -1,
      901, 1520, 1521, -1,
      901, 1521, 899, -1,
      899, 1521, 1522, -1,
      899, 1522, 897, -1,
      897, 1522, 1523, -1,
      897, 1523, 895, -1,
      895, 1523, 1524, -1,
      895, 1524, 877, -1,
      877, 1524, 1525, -1,
      877, 1525, 875, -1,
      875, 1525, 1526, -1,
      875, 1526, 873, -1,
      873, 1526, 1527, -1,
      873, 1527, 870, -1,
      870, 1527, 1528, -1,
      870, 1528, 868, -1,
      1011, 1013, 1529, -1,
      1011, 1529, 1461, -1,
      1461, 1529, 1530, -1,
      1461, 1530, 1463, -1,
      1463, 1530, 1531, -1,
      1463, 1531, 1465, -1,
      1465, 1531, 1532, -1,
      1465, 1532, 1467, -1,
      1467, 1532, 1533, -1,
      1467, 1533, 1469, -1,
      1469, 1533, 659, -1,
      1469, 659, 657, -1,
      866, 868, 1528, -1,
      866, 1528, 1534, -1,
      1534, 1528, 1518, -1,
      1534, 1518, 1535, -1,
      1535, 1518, 1508, -1,
      1535, 1508, 1536, -1,
      1536, 1508, 1498, -1,
      1536, 1498, 1537, -1,
      1537, 1498, 1488, -1,
      1537, 1488, 1538, -1,
      1538, 1488, 694, -1,
      1538, 694, 698, -1,
      691, 689, 1539, -1,
      687, 685, 1540, -1,
      683, 681, 1541, -1,
      679, 677, 1542, -1,
      671, 669, 1543, -1,
      667, 665, 1544, -1,
      663, 661, 1545, -1,
      966, 968, 1546, -1,
      1546, 968, 1547, -1,
      1546, 1547, 1548, -1,
      1548, 1547, 1549, -1,
      1548, 1549, 1550, -1,
      1550, 1549, 1551, -1,
      1550, 1551, 1552, -1,
      1552, 1551, 1553, -1,
      1552, 1553, 1554, -1,
      1554, 1553, 1542, -1,
      1013, 980, 1529, -1,
      1529, 980, 1555, -1,
      1529, 1555, 1530, -1,
      1530, 1555, 1556, -1,
      1530, 1556, 1531, -1,
      1531, 1556, 1557, -1,
      1531, 1557, 1532, -1,
      1532, 1557, 1558, -1,
      1532, 1558, 1533, -1,
      1533, 1558, 1545, -1,
      1533, 1545, 659, -1,
      659, 1545, 661, -1,
      665, 663, 1544, -1,
      1544, 663, 1545, -1,
      1544, 1545, 1559, -1,
      1559, 1545, 1558, -1,
      1559, 1558, 1560, -1,
      1560, 1558, 1557, -1,
      1560, 1557, 1561, -1,
      1561, 1557, 1556, -1,
      1561, 1556, 1562, -1,
      1562, 1556, 1555, -1,
      1562, 1555, 982, -1,
      982, 1555, 980, -1,
      669, 667, 1543, -1,
      1543, 667, 1544, -1,
      1543, 1544, 1563, -1,
      1563, 1544, 1559, -1,
      1563, 1559, 1564, -1,
      1564, 1559, 1560, -1,
      1564, 1560, 1565, -1,
      1565, 1560, 1561, -1,
      1565, 1561, 1566, -1,
      1566, 1561, 1562, -1,
      1566, 1562, 984, -1,
      984, 1562, 982, -1,
      673, 671, 1554, -1,
      1554, 671, 1543, -1,
      1554, 1543, 1552, -1,
      1552, 1543, 1563, -1,
      1552, 1563, 1550, -1,
      1550, 1563, 1564, -1,
      1550, 1564, 1548, -1,
      1548, 1564, 1565, -1,
      1548, 1565, 1546, -1,
      1546, 1565, 1566, -1,
      1546, 1566, 966, -1,
      966, 1566, 984, -1,
      1542, 677, 1554, -1,
      1554, 677, 675, -1,
      1554, 675, 673, -1,
      681, 679, 1541, -1,
      1541, 679, 1542, -1,
      1541, 1542, 1567, -1,
      1567, 1542, 1553, -1,
      1567, 1553, 1568, -1,
      1568, 1553, 1551, -1,
      1568, 1551, 1569, -1,
      1569, 1551, 1549, -1,
      1569, 1549, 1570, -1,
      1570, 1549, 1547, -1,
      1570, 1547, 970, -1,
      970, 1547, 968, -1,
      685, 683, 1540, -1,
      1540, 683, 1541, -1,
      1540, 1541, 1571, -1,
      1571, 1541, 1567, -1,
      1571, 1567, 1572, -1,
      1572, 1567, 1568, -1,
      1572, 1568, 1573, -1,
      1573, 1568, 1569, -1,
      1573, 1569, 1574, -1,
      1574, 1569, 1570, -1,
      1574, 1570, 972, -1,
      972, 1570, 970, -1,
      689, 687, 1539, -1,
      1539, 687, 1540, -1,
      1539, 1540, 1575, -1,
      1575, 1540, 1571, -1,
      1575, 1571, 1576, -1,
      1576, 1571, 1572, -1,
      1576, 1572, 1577, -1,
      1577, 1572, 1573, -1,
      1577, 1573, 1578, -1,
      1578, 1573, 1574, -1,
      1578, 1574, 965, -1,
      965, 1574, 972, -1,
      693, 691, 1579, -1,
      1579, 691, 1539, -1,
      1579, 1539, 1580, -1,
      1580, 1539, 1575, -1,
      1580, 1575, 1581, -1,
      1581, 1575, 1576, -1,
      1581, 1576, 1582, -1,
      1582, 1576, 1577, -1,
      1582, 1577, 1583, -1,
      1583, 1577, 1578, -1,
      1583, 1578, 963, -1,
      963, 1578, 965, -1,
      963, 961, 1583, -1,
      1583, 961, 1584, -1,
      1583, 1584, 1582, -1,
      1582, 1584, 1585, -1,
      1582, 1585, 1581, -1,
      1581, 1585, 1586, -1,
      1581, 1586, 1580, -1,
      1580, 1586, 1587, -1,
      1580, 1587, 1579, -1,
      1579, 1587, 1588, -1,
      1579, 1588, 693, -1,
      693, 1588, 695, -1,
      698, 699, 1538, -1,
      1538, 699, 1589, -1,
      1538, 1589, 1537, -1,
      1537, 1589, 1590, -1,
      1537, 1590, 1536, -1,
      1536, 1590, 1591, -1,
      1536, 1591, 1535, -1,
      1535, 1591, 1592, -1,
      1535, 1592, 1534, -1,
      1534, 1592, 1593, -1,
      1534, 1593, 866, -1,
      866, 1593, 1060, -1,
      699, 709, 1589, -1,
      1589, 709, 1594, -1,
      1589, 1594, 1590, -1,
      1590, 1594, 1595, -1,
      1590, 1595, 1591, -1,
      1591, 1595, 1596, -1,
      1591, 1596, 1592, -1,
      1592, 1596, 1597, -1,
      1592, 1597, 1593, -1,
      1593, 1597, 1598, -1,
      1593, 1598, 1060, -1,
      1060, 1598, 1062, -1,
      709, 708, 1594, -1,
      1594, 708, 1599, -1,
      1594, 1599, 1595, -1,
      1595, 1599, 1600, -1,
      1595, 1600, 1596, -1,
      1596, 1600, 1601, -1,
      1596, 1601, 1597, -1,
      1597, 1601, 1602, -1,
      1597, 1602, 1598, -1,
      1598, 1602, 1603, -1,
      1598, 1603, 1062, -1,
      1062, 1603, 1064, -1,
      708, 707, 1599, -1,
      1599, 707, 1604, -1,
      1599, 1604, 1600, -1,
      1600, 1604, 1605, -1,
      1600, 1605, 1601, -1,
      1601, 1605, 1606, -1,
      1601, 1606, 1602, -1,
      1602, 1606, 1607, -1,
      1602, 1607, 1603, -1,
      1603, 1607, 1608, -1,
      1603, 1608, 1064, -1,
      1064, 1608, 1066, -1,
      707, 706, 1604, -1,
      1604, 706, 1609, -1,
      1604, 1609, 1605, -1,
      1605, 1609, 1610, -1,
      1605, 1610, 1606, -1,
      1606, 1610, 1611, -1,
      1606, 1611, 1607, -1,
      1607, 1611, 1612, -1,
      1607, 1612, 1608, -1,
      1608, 1612, 1613, -1,
      1608, 1613, 1066, -1,
      1066, 1613, 1068, -1,
      706, 697, 1609, -1,
      1609, 697, 1614, -1,
      1609, 1614, 1610, -1,
      1610, 1614, 1615, -1,
      1610, 1615, 1611, -1,
      1611, 1615, 1616, -1,
      1611, 1616, 1612, -1,
      1612, 1616, 1617, -1,
      1612, 1617, 1613, -1,
      1613, 1617, 1618, -1,
      1613, 1618, 1068, -1,
      1068, 1618, 712, -1,
      961, 959, 1619, -1,
      961, 1619, 1584, -1,
      1584, 1619, 1620, -1,
      1584, 1620, 1585, -1,
      1585, 1620, 1621, -1,
      1585, 1621, 1586, -1,
      1586, 1621, 1622, -1,
      1586, 1622, 1587, -1,
      1587, 1622, 1623, -1,
      1587, 1623, 1588, -1,
      1588, 1623, 704, -1,
      1588, 704, 695, -1,
      697, 696, 1624, -1,
      697, 1624, 1614, -1,
      1614, 1624, 1625, -1,
      1614, 1625, 1615, -1,
      1615, 1625, 1626, -1,
      1615, 1626, 1616, -1,
      1616, 1626, 1627, -1,
      1616, 1627, 1617, -1,
      1617, 1627, 1628, -1,
      1617, 1628, 1618, -1,
      1618, 1628, 710, -1,
      1618, 710, 712, -1,
      696, 705, 1624, -1,
      1624, 705, 1629, -1,
      1624, 1629, 1625, -1,
      1625, 1629, 1630, -1,
      1625, 1630, 1626, -1,
      1626, 1630, 1631, -1,
      1626, 1631, 1627, -1,
      1627, 1631, 1632, -1,
      1627, 1632, 1628, -1,
      1628, 1632, 1633, -1,
      1628, 1633, 710, -1,
      710, 1633, 1079, -1,
      705, 700, 1629, -1,
      1629, 700, 1634, -1,
      1629, 1634, 1630, -1,
      1630, 1634, 1635, -1,
      1630, 1635, 1631, -1,
      1631, 1635, 1636, -1,
      1631, 1636, 1632, -1,
      1632, 1636, 1637, -1,
      1632, 1637, 1633, -1,
      1633, 1637, 1638, -1,
      1633, 1638, 1079, -1,
      1079, 1638, 1077, -1,
      700, 702, 1634, -1,
      1634, 702, 1639, -1,
      1634, 1639, 1635, -1,
      1635, 1639, 1640, -1,
      1635, 1640, 1636, -1,
      1636, 1640, 1641, -1,
      1636, 1641, 1637, -1,
      1637, 1641, 1642, -1,
      1637, 1642, 1638, -1,
      1638, 1642, 1643, -1,
      1638, 1643, 1077, -1,
      1077, 1643, 1075, -1,
      702, 703, 1639, -1,
      1639, 703, 1644, -1,
      1639, 1644, 1640, -1,
      1640, 1644, 1645, -1,
      1640, 1645, 1641, -1,
      1641, 1645, 1646, -1,
      1641, 1646, 1642, -1,
      1642, 1646, 1647, -1,
      1642, 1647, 1643, -1,
      1643, 1647, 1648, -1,
      1643, 1648, 1075, -1,
      1075, 1648, 1073, -1,
      703, 701, 1644, -1,
      1644, 701, 1649, -1,
      1644, 1649, 1645, -1,
      1645, 1649, 1650, -1,
      1645, 1650, 1646, -1,
      1646, 1650, 1651, -1,
      1646, 1651, 1647, -1,
      1647, 1651, 1652, -1,
      1647, 1652, 1648, -1,
      1648, 1652, 1653, -1,
      1648, 1653, 1073, -1,
      1073, 1653, 1071, -1,
      701, 704, 1649, -1,
      1649, 704, 1623, -1,
      1649, 1623, 1650, -1,
      1650, 1623, 1622, -1,
      1650, 1622, 1651, -1,
      1651, 1622, 1621, -1,
      1651, 1621, 1652, -1,
      1652, 1621, 1620, -1,
      1652, 1620, 1653, -1,
      1653, 1620, 1619, -1,
      1653, 1619, 1071, -1,
      1071, 1619, 959, -1,
      555, 1058, 1654, -1,
      1654, 1058, 1655, -1,
      1654, 1655, 1656, -1,
      1656, 1655, 1657, -1,
      1656, 1657, 1658, -1,
      1658, 1657, 1659, -1,
      1658, 1659, 1660, -1,
      1660, 1659, 1661, -1,
      1660, 1661, 1662, -1,
      1662, 1661, 1663, -1,
      1662, 1663, 547, -1,
      547, 1663, 545, -1,
      1058, 1056, 1655, -1,
      1655, 1056, 1664, -1,
      1655, 1664, 1657, -1,
      1657, 1664, 1665, -1,
      1657, 1665, 1659, -1,
      1659, 1665, 1666, -1,
      1659, 1666, 1661, -1,
      1661, 1666, 1667, -1,
      1661, 1667, 1663, -1,
      1663, 1667, 1668, -1,
      1663, 1668, 545, -1,
      545, 1668, 550, -1,
      1056, 1054, 1664, -1,
      1664, 1054, 1669, -1,
      1664, 1669, 1665, -1,
      1665, 1669, 1670, -1,
      1665, 1670, 1666, -1,
      1666, 1670, 1671, -1,
      1666, 1671, 1667, -1,
      1667, 1671, 1672, -1,
      1667, 1672, 1668, -1,
      1668, 1672, 1673, -1,
      1668, 1673, 550, -1,
      550, 1673, 551, -1,
      1054, 1052, 1669, -1,
      1669, 1052, 1674, -1,
      1669, 1674, 1670, -1,
      1670, 1674, 1675, -1,
      1670, 1675, 1671, -1,
      1671, 1675, 1676, -1,
      1671, 1676, 1672, -1,
      1672, 1676, 1677, -1,
      1672, 1677, 1673, -1,
      1673, 1677, 1678, -1,
      1673, 1678, 551, -1,
      551, 1678, 553, -1,
      1052, 1050, 1674, -1,
      1674, 1050, 1679, -1,
      1674, 1679, 1675, -1,
      1675, 1679, 1680, -1,
      1675, 1680, 1676, -1,
      1676, 1680, 1681, -1,
      1676, 1681, 1677, -1,
      1677, 1681, 1682, -1,
      1677, 1682, 1678, -1,
      1678, 1682, 1683, -1,
      1678, 1683, 553, -1,
      553, 1683, 552, -1,
      1050, 878, 1679, -1,
      1679, 878, 1684, -1,
      1679, 1684, 1680, -1,
      1680, 1684, 1685, -1,
      1680, 1685, 1681, -1,
      1681, 1685, 1686, -1,
      1681, 1686, 1682, -1,
      1682, 1686, 1687, -1,
      1682, 1687, 1683, -1,
      1683, 1687, 1688, -1,
      1683, 1688, 552, -1,
      552, 1688, 546, -1,
      878, 880, 1689, -1,
      878, 1689, 1684, -1,
      1684, 1689, 1690, -1,
      1684, 1690, 1685, -1,
      1685, 1690, 1691, -1,
      1685, 1691, 1686, -1,
      1686, 1691, 1692, -1,
      1686, 1692, 1687, -1,
      1687, 1692, 1693, -1,
      1687, 1693, 1688, -1,
      1688, 1693, 548, -1,
      1688, 548, 546, -1,
      557, 555, 1654, -1,
      557, 1654, 1694, -1,
      1694, 1654, 1656, -1,
      1694, 1656, 1695, -1,
      1695, 1656, 1658, -1,
      1695, 1658, 1696, -1,
      1696, 1658, 1660, -1,
      1696, 1660, 1697, -1,
      1697, 1660, 1662, -1,
      1697, 1662, 1698, -1,
      1698, 1662, 547, -1,
      1698, 547, 540, -1,
      826, 828, 1699, -1,
      834, 836, 1700, -1,
      840, 842, 1701, -1,
      844, 846, 1702, -1,
      854, 856, 1703, -1,
      858, 860, 1704, -1,
      882, 884, 1705, -1,
      1705, 884, 1706, -1,
      1705, 1706, 1707, -1,
      1707, 1706, 1708, -1,
      1707, 1708, 1709, -1,
      1709, 1708, 1710, -1,
      1709, 1710, 1711, -1,
      1711, 1710, 1712, -1,
      1711, 1712, 1713, -1,
      1713, 1712, 1704, -1,
      889, 887, 1714, -1,
      1714, 887, 1715, -1,
      1714, 1715, 1716, -1,
      1716, 1715, 1717, -1,
      1716, 1717, 1718, -1,
      1718, 1717, 1719, -1,
      1718, 1719, 1720, -1,
      1720, 1719, 1721, -1,
      1720, 1721, 1722, -1,
      1722, 1721, 1702, -1,
      905, 903, 1723, -1,
      1723, 903, 1724, -1,
      1723, 1724, 1725, -1,
      1725, 1724, 1726, -1,
      1725, 1726, 1727, -1,
      1727, 1726, 1728, -1,
      1727, 1728, 1729, -1,
      1729, 1728, 1730, -1,
      1729, 1730, 1731, -1,
      1731, 1730, 1699, -1,
      880, 882, 1689, -1,
      1689, 882, 1705, -1,
      1689, 1705, 1690, -1,
      1690, 1705, 1707, -1,
      1690, 1707, 1691, -1,
      1691, 1707, 1709, -1,
      1691, 1709, 1692, -1,
      1692, 1709, 1711, -1,
      1692, 1711, 1693, -1,
      1693, 1711, 1713, -1,
      1693, 1713, 548, -1,
      548, 1713, 864, -1,
      1704, 860, 1713, -1,
      1713, 860, 862, -1,
      1713, 862, 864, -1,
      856, 858, 1703, -1,
      1703, 858, 1704, -1,
      1703, 1704, 1732, -1,
      1732, 1704, 1712, -1,
      1732, 1712, 1733, -1,
      1733, 1712, 1710, -1,
      1733, 1710, 1734, -1,
      1734, 1710, 1708, -1,
      1734, 1708, 1735, -1,
      1735, 1708, 1706, -1,
      1735, 1706, 892, -1,
      892, 1706, 884, -1,
      852, 854, 1736, -1,
      1736, 854, 1703, -1,
      1736, 1703, 1737, -1,
      1737, 1703, 1732, -1,
      1737, 1732, 1738, -1,
      1738, 1732, 1733, -1,
      1738, 1733, 1739, -1,
      1739, 1733, 1734, -1,
      1739, 1734, 1740, -1,
      1740, 1734, 1735, -1,
      1740, 1735, 891, -1,
      891, 1735, 892, -1,
      891, 889, 1740, -1,
      1740, 889, 1714, -1,
      1740, 1714, 1739, -1,
      1739, 1714, 1716, -1,
      1739, 1716, 1738, -1,
      1738, 1716, 1718, -1,
      1738, 1718, 1737, -1,
      1737, 1718, 1720, -1,
      1737, 1720, 1736, -1,
      1736, 1720, 1722, -1,
      1736, 1722, 852, -1,
      852, 1722, 850, -1,
      1702, 846, 1722, -1,
      1722, 846, 848, -1,
      1722, 848, 850, -1,
      842, 844, 1701, -1,
      1701, 844, 1702, -1,
      1701, 1702, 1741, -1,
      1741, 1702, 1721, -1,
      1741, 1721, 1742, -1,
      1742, 1721, 1719, -1,
      1742, 1719, 1743, -1,
      1743, 1719, 1717, -1,
      1743, 1717, 1744, -1,
      1744, 1717, 1715, -1,
      1744, 1715, 910, -1,
      910, 1715, 887, -1,
      838, 840, 1745, -1,
      1745, 840, 1701, -1,
      1745, 1701, 1746, -1,
      1746, 1701, 1741, -1,
      1746, 1741, 1747, -1,
      1747, 1741, 1742, -1,
      1747, 1742, 1748, -1,
      1748, 1742, 1743, -1,
      1748, 1743, 1749, -1,
      1749, 1743, 1744, -1,
      1749, 1744, 909, -1,
      909, 1744, 910, -1,
      909, 907, 1749, -1,
      1749, 907, 1750, -1,
      1749, 1750, 1748, -1,
      1748, 1750, 1751, -1,
      1748, 1751, 1747, -1,
      1747, 1751, 1752, -1,
      1747, 1752, 1746, -1,
      1746, 1752, 1753, -1,
      1746, 1753, 1745, -1,
      1745, 1753, 1700, -1,
      1745, 1700, 838, -1,
      838, 1700, 836, -1,
      832, 834, 1731, -1,
      1731, 834, 1700, -1,
      1731, 1700, 1729, -1,
      1729, 1700, 1753, -1,
      1729, 1753, 1727, -1,
      1727, 1753, 1752, -1,
      1727, 1752, 1725, -1,
      1725, 1752, 1751, -1,
      1725, 1751, 1723, -1,
      1723, 1751, 1750, -1,
      1723, 1750, 905, -1,
      905, 1750, 907, -1,
      1699, 828, 1731, -1,
      1731, 828, 830, -1,
      1731, 830, 832, -1,
      824, 826, 1754, -1,
      1754, 826, 1699, -1,
      1754, 1699, 1755, -1,
      1755, 1699, 1730, -1,
      1755, 1730, 1756, -1,
      1756, 1730, 1728, -1,
      1756, 1728, 1757, -1,
      1757, 1728, 1726, -1,
      1757, 1726, 1758, -1,
      1758, 1726, 1724, -1,
      1758, 1724, 925, -1,
      925, 1724, 903, -1,
      925, 924, 1758, -1,
      1758, 924, 1759, -1,
      1758, 1759, 1757, -1,
      1757, 1759, 1760, -1,
      1757, 1760, 1756, -1,
      1756, 1760, 1761, -1,
      1756, 1761, 1755, -1,
      1755, 1761, 1762, -1,
      1755, 1762, 1754, -1,
      1754, 1762, 1763, -1,
      1754, 1763, 824, -1,
      824, 1763, 537, -1,
      976, 1081, 1764, -1,
      1764, 1081, 1765, -1,
      1764, 1765, 1766, -1,
      1766, 1765, 1767, -1,
      1766, 1767, 1768, -1,
      1768, 1767, 1769, -1,
      1768, 1769, 1770, -1,
      1770, 1769, 1771, -1,
      1770, 1771, 1772, -1,
      1772, 1771, 1773, -1,
      1772, 1773, 538, -1,
      538, 1773, 539, -1,
      1081, 1083, 1765, -1,
      1765, 1083, 1774, -1,
      1765, 1774, 1767, -1,
      1767, 1774, 1775, -1,
      1767, 1775, 1769, -1,
      1769, 1775, 1776, -1,
      1769, 1776, 1771, -1,
      1771, 1776, 1777, -1,
      1771, 1777, 1773, -1,
      1773, 1777, 1778, -1,
      1773, 1778, 539, -1,
      539, 1778, 541, -1,
      1083, 1085, 1774, -1,
      1774, 1085, 1779, -1,
      1774, 1779, 1775, -1,
      1775, 1779, 1780, -1,
      1775, 1780, 1776, -1,
      1776, 1780, 1781, -1,
      1776, 1781, 1777, -1,
      1777, 1781, 1782, -1,
      1777, 1782, 1778, -1,
      1778, 1782, 1783, -1,
      1778, 1783, 541, -1,
      541, 1783, 542, -1,
      1085, 1087, 1779, -1,
      1779, 1087, 1784, -1,
      1779, 1784, 1780, -1,
      1780, 1784, 1785, -1,
      1780, 1785, 1781, -1,
      1781, 1785, 1786, -1,
      1781, 1786, 1782, -1,
      1782, 1786, 1787, -1,
      1782, 1787, 1783, -1,
      1783, 1787, 1788, -1,
      1783, 1788, 542, -1,
      542, 1788, 543, -1,
      1087, 1089, 1784, -1,
      1784, 1089, 1789, -1,
      1784, 1789, 1785, -1,
      1785, 1789, 1790, -1,
      1785, 1790, 1786, -1,
      1786, 1790, 1791, -1,
      1786, 1791, 1787, -1,
      1787, 1791, 1792, -1,
      1787, 1792, 1788, -1,
      1788, 1792, 1793, -1,
      1788, 1793, 543, -1,
      543, 1793, 544, -1,
      1089, 557, 1789, -1,
      1789, 557, 1694, -1,
      1789, 1694, 1790, -1,
      1790, 1694, 1695, -1,
      1790, 1695, 1791, -1,
      1791, 1695, 1696, -1,
      1791, 1696, 1792, -1,
      1792, 1696, 1697, -1,
      1792, 1697, 1793, -1,
      1793, 1697, 1698, -1,
      1793, 1698, 544, -1,
      544, 1698, 540, -1,
      924, 922, 1794, -1,
      924, 1794, 1759, -1,
      1759, 1794, 1795, -1,
      1759, 1795, 1760, -1,
      1760, 1795, 1796, -1,
      1760, 1796, 1761, -1,
      1761, 1796, 1797, -1,
      1761, 1797, 1762, -1,
      1762, 1797, 1798, -1,
      1762, 1798, 1763, -1,
      1763, 1798, 498, -1,
      1763, 498, 537, -1,
      978, 976, 1764, -1,
      978, 1764, 1799, -1,
      1799, 1764, 1766, -1,
      1799, 1766, 1800, -1,
      1800, 1766, 1768, -1,
      1800, 1768, 1801, -1,
      1801, 1768, 1770, -1,
      1801, 1770, 1802, -1,
      1802, 1770, 1772, -1,
      1802, 1772, 1803, -1,
      1803, 1772, 538, -1,
      1803, 538, 549, -1,
      812, 814, 1804, -1,
      820, 822, 1805, -1,
      944, 943, 1806, -1,
      1806, 943, 1807, -1,
      1806, 1807, 1808, -1,
      1808, 1807, 1809, -1,
      1808, 1809, 1810, -1,
      1810, 1809, 1811, -1,
      1810, 1811, 1812, -1,
      1812, 1811, 1813, -1,
      1812, 1813, 1814, -1,
      1814, 1813, 1815, -1,
      1814, 1815, 808, -1,
      941, 939, 1816, -1,
      1816, 939, 1817, -1,
      1816, 1817, 1818, -1,
      1818, 1817, 1819, -1,
      1818, 1819, 1820, -1,
      1820, 1819, 1821, -1,
      1820, 1821, 1822, -1,
      1822, 1821, 1823, -1,
      1822, 1823, 1824, -1,
      1824, 1823, 1825, -1,
      922, 920, 1794, -1,
      1794, 920, 1826, -1,
      1794, 1826, 1795, -1,
      1795, 1826, 1827, -1,
      1795, 1827, 1796, -1,
      1796, 1827, 1828, -1,
      1796, 1828, 1797, -1,
      1797, 1828, 1829, -1,
      1797, 1829, 1798, -1,
      1798, 1829, 1805, -1,
      1798, 1805, 498, -1,
      498, 1805, 822, -1,
      818, 820, 1830, -1,
      1830, 820, 1805, -1,
      1830, 1805, 1831, -1,
      1831, 1805, 1829, -1,
      1831, 1829, 1832, -1,
      1832, 1829, 1828, -1,
      1832, 1828, 1833, -1,
      1833, 1828, 1827, -1,
      1833, 1827, 1834, -1,
      1834, 1827, 1826, -1,
      1834, 1826, 918, -1,
      918, 1826, 920, -1,
      918, 916, 1834, -1,
      1834, 916, 1835, -1,
      1834, 1835, 1833, -1,
      1833, 1835, 1836, -1,
      1833, 1836, 1832, -1,
      1832, 1836, 1837, -1,
      1832, 1837, 1831, -1,
      1831, 1837, 1838, -1,
      1831, 1838, 1830, -1,
      1830, 1838, 1839, -1,
      1830, 1839, 818, -1,
      818, 1839, 816, -1,
      916, 914, 1835, -1,
      1835, 914, 1840, -1,
      1835, 1840, 1836, -1,
      1836, 1840, 1841, -1,
      1836, 1841, 1837, -1,
      1837, 1841, 1842, -1,
      1837, 1842, 1838, -1,
      1838, 1842, 1843, -1,
      1838, 1843, 1839, -1,
      1839, 1843, 1804, -1,
      1839, 1804, 816, -1,
      816, 1804, 814, -1,
      810, 812, 1844, -1,
      1844, 812, 1804, -1,
      1844, 1804, 1845, -1,
      1845, 1804, 1843, -1,
      1845, 1843, 1846, -1,
      1846, 1843, 1842, -1,
      1846, 1842, 1847, -1,
      1847, 1842, 1841, -1,
      1847, 1841, 1848, -1,
      1848, 1841, 1840, -1,
      1848, 1840, 912, -1,
      912, 1840, 914, -1,
      912, 944, 1848, -1,
      1848, 944, 1806, -1,
      1848, 1806, 1847, -1,
      1847, 1806, 1808, -1,
      1847, 1808, 1846, -1,
      1846, 1808, 1810, -1,
      1846, 1810, 1845, -1,
      1845, 1810, 1812, -1,
      1845, 1812, 1844, -1,
      1844, 1812, 1814, -1,
      1844, 1814, 810, -1,
      810, 1814, 808, -1,
      802, 804, 1815, -1,
      1815, 804, 806, -1,
      1815, 806, 808, -1,
      943, 941, 1807, -1,
      1807, 941, 1816, -1,
      1807, 1816, 1809, -1,
      1809, 1816, 1818, -1,
      1809, 1818, 1811, -1,
      1811, 1818, 1820, -1,
      1811, 1820, 1813, -1,
      1813, 1820, 1822, -1,
      1813, 1822, 1815, -1,
      1815, 1822, 1824, -1,
      1815, 1824, 802, -1,
      802, 1824, 1825, -1,
      802, 1825, 800, -1,
      978, 1799, 1849, -1,
      1799, 1800, 1850, -1,
      1800, 1801, 1851, -1,
      1801, 1802, 1852, -1,
      1802, 1803, 1853, -1,
      859, 1854, 861, -1,
      861, 1854, 1855, -1,
      861, 1855, 863, -1,
      863, 1855, 1853, -1,
      863, 1853, 865, -1,
      865, 1853, 1803, -1,
      865, 1803, 549, -1,
      859, 857, 1854, -1,
      1854, 857, 855, -1,
      1854, 855, 1856, -1,
      855, 853, 1856, -1,
      1856, 853, 851, -1,
      1856, 851, 1857, -1,
      1857, 851, 849, -1,
      1857, 849, 1858, -1,
      1858, 849, 847, -1,
      1858, 847, 1859, -1,
      847, 845, 1859, -1,
      1859, 845, 843, -1,
      1859, 843, 1860, -1,
      1860, 843, 841, -1,
      841, 839, 1860, -1,
      1860, 839, 837, -1,
      1860, 837, 1861, -1,
      1861, 837, 835, -1,
      1861, 835, 1862, -1,
      835, 833, 1862, -1,
      1862, 833, 831, -1,
      1862, 831, 1863, -1,
      1863, 831, 829, -1,
      1863, 829, 1864, -1,
      1864, 829, 827, -1,
      827, 825, 1864, -1,
      1864, 825, 466, -1,
      1864, 466, 1865, -1,
      1802, 1853, 1852, -1,
      1852, 1853, 1855, -1,
      1852, 1855, 1866, -1,
      1866, 1855, 1854, -1,
      1866, 1854, 1867, -1,
      1867, 1854, 1856, -1,
      1867, 1856, 1868, -1,
      1868, 1856, 1857, -1,
      1868, 1857, 1869, -1,
      1869, 1857, 1858, -1,
      1869, 1858, 1870, -1,
      1870, 1858, 1859, -1,
      1870, 1859, 1871, -1,
      1871, 1859, 1860, -1,
      1871, 1860, 1872, -1,
      1872, 1860, 1861, -1,
      1872, 1861, 1873, -1,
      1873, 1861, 1862, -1,
      1873, 1862, 1874, -1,
      1874, 1862, 1863, -1,
      1874, 1863, 1875, -1,
      1875, 1863, 1864, -1,
      1875, 1864, 1876, -1,
      1876, 1864, 1865, -1,
      1876, 1865, 1877, -1,
      1801, 1852, 1851, -1,
      1851, 1852, 1866, -1,
      1851, 1866, 1878, -1,
      1878, 1866, 1867, -1,
      1878, 1867, 1879, -1,
      1879, 1867, 1868, -1,
      1879, 1868, 1880, -1,
      1880, 1868, 1869, -1,
      1880, 1869, 1881, -1,
      1881, 1869, 1870, -1,
      1881, 1870, 1882, -1,
      1882, 1870, 1871, -1,
      1882, 1871, 1883, -1,
      1883, 1871, 1872, -1,
      1883, 1872, 1884, -1,
      1884, 1872, 1873, -1,
      1884, 1873, 1885, -1,
      1885, 1873, 1874, -1,
      1885, 1874, 1886, -1,
      1886, 1874, 1875, -1,
      1886, 1875, 1887, -1,
      1887, 1875, 1876, -1,
      1887, 1876, 1888, -1,
      1888, 1876, 1877, -1,
      1888, 1877, 1889, -1,
      1800, 1851, 1850, -1,
      1850, 1851, 1878, -1,
      1850, 1878, 1890, -1,
      1890, 1878, 1879, -1,
      1890, 1879, 1891, -1,
      1891, 1879, 1880, -1,
      1891, 1880, 1892, -1,
      1892, 1880, 1881, -1,
      1892, 1881, 1893, -1,
      1893, 1881, 1882, -1,
      1893, 1882, 1894, -1,
      1894, 1882, 1883, -1,
      1894, 1883, 1895, -1,
      1895, 1883, 1884, -1,
      1895, 1884, 1896, -1,
      1896, 1884, 1885, -1,
      1896, 1885, 1897, -1,
      1897, 1885, 1886, -1,
      1897, 1886, 1898, -1,
      1898, 1886, 1887, -1,
      1898, 1887, 1899, -1,
      1899, 1887, 1888, -1,
      1899, 1888, 1900, -1,
      1900, 1888, 1889, -1,
      1900, 1889, 1901, -1,
      1799, 1850, 1849, -1,
      1849, 1850, 1890, -1,
      1849, 1890, 1902, -1,
      1902, 1890, 1891, -1,
      1902, 1891, 1903, -1,
      1903, 1891, 1892, -1,
      1903, 1892, 1904, -1,
      1904, 1892, 1893, -1,
      1904, 1893, 1905, -1,
      1905, 1893, 1894, -1,
      1905, 1894, 1906, -1,
      1906, 1894, 1895, -1,
      1906, 1895, 1907, -1,
      1907, 1895, 1896, -1,
      1907, 1896, 1908, -1,
      1908, 1896, 1897, -1,
      1908, 1897, 1909, -1,
      1909, 1897, 1898, -1,
      1909, 1898, 1910, -1,
      1910, 1898, 1899, -1,
      1910, 1899, 1911, -1,
      1911, 1899, 1900, -1,
      1911, 1900, 1912, -1,
      1912, 1900, 1901, -1,
      1912, 1901, 1913, -1,
      978, 1849, 987, -1,
      987, 1849, 1902, -1,
      987, 1902, 988, -1,
      988, 1902, 1903, -1,
      988, 1903, 990, -1,
      990, 1903, 1904, -1,
      990, 1904, 992, -1,
      992, 1904, 1905, -1,
      992, 1905, 994, -1,
      994, 1905, 1906, -1,
      994, 1906, 996, -1,
      996, 1906, 1907, -1,
      996, 1907, 997, -1,
      997, 1907, 1908, -1,
      997, 1908, 999, -1,
      999, 1908, 1909, -1,
      999, 1909, 1001, -1,
      1001, 1909, 1910, -1,
      1001, 1910, 1035, -1,
      1035, 1910, 1911, -1,
      1035, 1911, 1036, -1,
      1036, 1911, 1912, -1,
      1036, 1912, 1038, -1,
      1038, 1912, 1913, -1,
      1038, 1913, 1040, -1,
      939, 937, 1914, -1,
      939, 1914, 1817, -1,
      1817, 1914, 1915, -1,
      1817, 1915, 1819, -1,
      1819, 1915, 1916, -1,
      1819, 1916, 1821, -1,
      1821, 1916, 1917, -1,
      1821, 1917, 1823, -1,
      1823, 1917, 1918, -1,
      1823, 1918, 1825, -1,
      1825, 1918, 798, -1,
      1825, 798, 800, -1,
      1042, 1040, 1913, -1,
      1042, 1913, 1919, -1,
      1919, 1913, 1901, -1,
      1919, 1901, 1920, -1,
      1920, 1901, 1889, -1,
      1920, 1889, 1921, -1,
      1921, 1889, 1877, -1,
      1921, 1877, 1922, -1,
      1922, 1877, 1865, -1,
      1922, 1865, 1923, -1,
      1923, 1865, 466, -1,
      1923, 466, 472, -1,
      937, 935, 1914, -1,
      1914, 935, 1924, -1,
      1914, 1924, 1915, -1,
      1915, 1924, 1925, -1,
      1915, 1925, 1916, -1,
      1916, 1925, 1926, -1,
      1916, 1926, 1917, -1,
      1917, 1926, 1927, -1,
      1917, 1927, 1918, -1,
      1918, 1927, 1928, -1,
      1918, 1928, 798, -1,
      933, 931, 1929, -1,
      1929, 931, 1930, -1,
      1929, 1930, 1931, -1,
      1931, 1930, 1932, -1,
      1931, 1932, 1933, -1,
      1933, 1932, 1934, -1,
      1933, 1934, 1935, -1,
      1935, 1934, 1936, -1,
      1935, 1936, 1937, -1,
      1937, 1936, 1938, -1,
      931, 929, 1930, -1,
      1930, 929, 1939, -1,
      1930, 1939, 1932, -1,
      1932, 1939, 1940, -1,
      1932, 1940, 1934, -1,
      1934, 1940, 1941, -1,
      1934, 1941, 1936, -1,
      1936, 1941, 1942, -1,
      1936, 1942, 1938, -1,
      1938, 1942, 1943, -1,
      927, 957, 1944, -1,
      1944, 957, 1945, -1,
      1944, 1945, 1946, -1,
      1946, 1945, 1947, -1,
      1946, 1947, 1948, -1,
      1948, 1947, 1949, -1,
      1948, 1949, 1950, -1,
      1950, 1949, 1951, -1,
      1950, 1951, 1952, -1,
      1952, 1951, 1953, -1,
      957, 956, 1945, -1,
      1945, 956, 1954, -1,
      1945, 1954, 1947, -1,
      1947, 1954, 1955, -1,
      1947, 1955, 1949, -1,
      1949, 1955, 1956, -1,
      1949, 1956, 1951, -1,
      1951, 1956, 1957, -1,
      1951, 1957, 1953, -1,
      1953, 1957, 1958, -1,
      954, 952, 1959, -1,
      1959, 952, 1960, -1,
      1959, 1960, 1961, -1,
      1961, 1960, 1962, -1,
      1961, 1962, 1963, -1,
      1963, 1962, 1964, -1,
      1963, 1964, 1965, -1,
      1965, 1964, 1966, -1,
      1965, 1966, 1967, -1,
      1967, 1966, 1968, -1,
      792, 794, 1928, -1,
      1928, 794, 796, -1,
      1928, 796, 798, -1,
      1943, 790, 1938, -1,
      1938, 790, 792, -1,
      1938, 792, 1937, -1,
      1937, 792, 1928, -1,
      1937, 1928, 1935, -1,
      1935, 1928, 1927, -1,
      1935, 1927, 1933, -1,
      1933, 1927, 1926, -1,
      1933, 1926, 1931, -1,
      1931, 1926, 1925, -1,
      1931, 1925, 1929, -1,
      1929, 1925, 1924, -1,
      1929, 1924, 933, -1,
      933, 1924, 935, -1,
      784, 786, 1943, -1,
      1943, 786, 788, -1,
      1943, 788, 790, -1,
      1958, 782, 1953, -1,
      1953, 782, 784, -1,
      1953, 784, 1952, -1,
      1952, 784, 1943, -1,
      1952, 1943, 1950, -1,
      1950, 1943, 1942, -1,
      1950, 1942, 1948, -1,
      1948, 1942, 1941, -1,
      1948, 1941, 1946, -1,
      1946, 1941, 1940, -1,
      1946, 1940, 1944, -1,
      1944, 1940, 1939, -1,
      1944, 1939, 927, -1,
      927, 1939, 929, -1,
      776, 778, 1958, -1,
      1958, 778, 780, -1,
      1958, 780, 782, -1,
      956, 954, 1954, -1,
      1954, 954, 1959, -1,
      1954, 1959, 1955, -1,
      1955, 1959, 1961, -1,
      1955, 1961, 1956, -1,
      1956, 1961, 1963, -1,
      1956, 1963, 1957, -1,
      1957, 1963, 1965, -1,
      1957, 1965, 1958, -1,
      1958, 1965, 1967, -1,
      1958, 1967, 776, -1,
      776, 1967, 1968, -1,
      776, 1968, 774, -1,
      1042, 1919, 1969, -1,
      1919, 1920, 1970, -1,
      1921, 1922, 1971, -1,
      1923, 472, 823, -1,
      821, 1972, 823, -1,
      823, 1972, 1973, -1,
      823, 1973, 1923, -1,
      815, 1974, 817, -1,
      817, 1974, 1972, -1,
      817, 1972, 819, -1,
      819, 1972, 821, -1,
      813, 1975, 815, -1,
      815, 1975, 1976, -1,
      815, 1976, 1974, -1,
      803, 1977, 805, -1,
      805, 1977, 1978, -1,
      805, 1978, 807, -1,
      807, 1978, 1979, -1,
      807, 1979, 809, -1,
      809, 1979, 1975, -1,
      809, 1975, 811, -1,
      811, 1975, 813, -1,
      803, 801, 1980, -1,
      803, 1980, 1977, -1,
      1977, 1980, 1981, -1,
      1977, 1981, 1982, -1,
      1982, 1983, 1977, -1,
      1977, 1983, 1984, -1,
      1977, 1984, 1978, -1,
      1978, 1984, 1985, -1,
      1978, 1985, 1979, -1,
      1979, 1985, 1986, -1,
      1979, 1986, 1975, -1,
      1975, 1986, 1987, -1,
      1975, 1987, 1976, -1,
      1976, 1987, 1988, -1,
      1976, 1988, 1974, -1,
      1974, 1988, 1989, -1,
      1974, 1989, 1972, -1,
      1972, 1989, 1971, -1,
      1972, 1971, 1973, -1,
      1973, 1971, 1922, -1,
      1973, 1922, 1923, -1,
      1921, 1971, 1990, -1,
      1990, 1971, 1989, -1,
      1990, 1989, 1991, -1,
      1991, 1989, 1988, -1,
      1991, 1988, 1992, -1,
      1992, 1988, 1987, -1,
      1992, 1987, 1993, -1,
      1993, 1987, 1986, -1,
      1993, 1986, 1994, -1,
      1994, 1986, 1985, -1,
      1994, 1985, 1995, -1,
      1995, 1985, 1984, -1,
      1995, 1984, 1996, -1,
      1996, 1984, 1983, -1,
      1996, 1983, 1997, -1,
      1982, 1998, 1983, -1,
      1983, 1998, 1999, -1,
      1983, 1999, 1997, -1,
      1997, 1999, 2000, -1,
      1997, 2000, 2001, -1,
      2001, 2002, 1997, -1,
      1997, 2002, 2003, -1,
      1997, 2003, 1996, -1,
      1996, 2003, 2004, -1,
      1996, 2004, 1995, -1,
      1995, 2004, 2005, -1,
      1995, 2005, 1994, -1,
      1994, 2005, 2006, -1,
      1994, 2006, 1993, -1,
      1993, 2006, 2007, -1,
      1993, 2007, 1992, -1,
      1992, 2007, 2008, -1,
      1992, 2008, 1991, -1,
      1991, 2008, 1970, -1,
      1991, 1970, 1990, -1,
      1990, 1970, 1920, -1,
      1990, 1920, 1921, -1,
      1919, 1970, 1969, -1,
      1969, 1970, 2008, -1,
      1969, 2008, 2009, -1,
      2009, 2008, 2007, -1,
      2009, 2007, 2010, -1,
      2010, 2007, 2006, -1,
      2010, 2006, 2011, -1,
      2011, 2006, 2005, -1,
      2011, 2005, 2012, -1,
      2012, 2005, 2004, -1,
      2012, 2004, 2013, -1,
      2013, 2004, 2003, -1,
      2013, 2003, 2014, -1,
      2014, 2003, 2002, -1,
      2014, 2002, 2015, -1,
      2001, 2016, 2002, -1,
      2002, 2016, 2017, -1,
      2002, 2017, 2015, -1,
      2015, 2017, 2018, -1,
      2015, 2018, 2019, -1,
      1042, 1969, 1044, -1,
      1044, 1969, 2009, -1,
      1044, 2009, 1046, -1,
      1046, 2009, 2010, -1,
      1046, 2010, 1048, -1,
      1048, 2010, 2011, -1,
      1048, 2011, 1049, -1,
      1049, 2011, 2012, -1,
      1049, 2012, 1017, -1,
      1017, 2012, 2013, -1,
      1017, 2013, 1019, -1,
      1019, 2013, 2014, -1,
      1019, 2014, 1021, -1,
      1021, 2014, 2015, -1,
      1021, 2015, 1023, -1,
      1023, 2015, 2019, -1,
      1023, 2019, 1025, -1,
      952, 950, 2020, -1,
      952, 2020, 1960, -1,
      1960, 2020, 2021, -1,
      1960, 2021, 1962, -1,
      1962, 2021, 2022, -1,
      1962, 2022, 1964, -1,
      1964, 2022, 2023, -1,
      1964, 2023, 1966, -1,
      1966, 2023, 2024, -1,
      1966, 2024, 1968, -1,
      1968, 2024, 772, -1,
      1968, 772, 774, -1,
      1025, 2019, 1027, -1,
      1027, 2019, 2025, -1,
      2025, 2019, 2026, -1,
      2026, 2019, 2018, -1,
      2026, 2018, 2027, -1,
      2027, 2018, 2017, -1,
      2027, 2017, 2028, -1,
      2028, 2017, 2016, -1,
      2028, 2016, 2029, -1,
      2029, 2016, 2001, -1,
      2029, 2001, 2030, -1,
      2030, 2001, 2000, -1,
      2030, 2000, 2031, -1,
      2031, 2000, 1999, -1,
      2031, 1999, 2032, -1,
      2032, 1999, 1998, -1,
      2032, 1998, 2033, -1,
      2033, 1998, 1982, -1,
      2033, 1982, 2034, -1,
      2034, 1982, 1981, -1,
      2034, 1981, 2035, -1,
      1981, 1980, 2035, -1,
      2035, 1980, 801, -1,
      2035, 801, 799, -1,
      732, 734, 2036, -1,
      740, 742, 2037, -1,
      760, 762, 2038, -1,
      764, 766, 2039, -1,
      948, 946, 2040, -1,
      2040, 946, 2041, -1,
      2040, 2041, 2042, -1,
      2042, 2041, 2043, -1,
      2042, 2043, 2044, -1,
      2044, 2043, 2045, -1,
      2044, 2045, 2046, -1,
      2046, 2045, 2047, -1,
      2046, 2047, 2048, -1,
      2048, 2047, 2039, -1,
      898, 896, 2049, -1,
      2049, 896, 2050, -1,
      2049, 2050, 2051, -1,
      2051, 2050, 2052, -1,
      2051, 2052, 2053, -1,
      2053, 2052, 2054, -1,
      2053, 2054, 2055, -1,
      2055, 2054, 2056, -1,
      2055, 2056, 2057, -1,
      2057, 2056, 2058, -1,
      874, 872, 2059, -1,
      2059, 872, 2060, -1,
      2059, 2060, 2061, -1,
      2061, 2060, 2062, -1,
      2061, 2062, 2063, -1,
      2063, 2062, 2064, -1,
      2063, 2064, 2065, -1,
      2065, 2064, 2066, -1,
      2065, 2066, 2067, -1,
      2067, 2066, 2036, -1,
      950, 948, 2020, -1,
      2020, 948, 2040, -1,
      2020, 2040, 2021, -1,
      2021, 2040, 2042, -1,
      2021, 2042, 2022, -1,
      2022, 2042, 2044, -1,
      2022, 2044, 2023, -1,
      2023, 2044, 2046, -1,
      2023, 2046, 2024, -1,
      2024, 2046, 2048, -1,
      2024, 2048, 772, -1,
      772, 2048, 770, -1,
      2039, 766, 2048, -1,
      2048, 766, 768, -1,
      2048, 768, 770, -1,
      762, 764, 2038, -1,
      2038, 764, 2039, -1,
      2038, 2039, 2068, -1,
      2068, 2039, 2047, -1,
      2068, 2047, 2069, -1,
      2069, 2047, 2045, -1,
      2069, 2045, 2070, -1,
      2070, 2045, 2043, -1,
      2070, 2043, 2071, -1,
      2071, 2043, 2041, -1,
      2071, 2041, 945, -1,
      945, 2041, 946, -1,
      758, 760, 2072, -1,
      2072, 760, 2038, -1,
      2072, 2038, 2073, -1,
      2073, 2038, 2068, -1,
      2073, 2068, 2074, -1,
      2074, 2068, 2069, -1,
      2074, 2069, 2075, -1,
      2075, 2069, 2070, -1,
      2075, 2070, 2076, -1,
      2076, 2070, 2071, -1,
      2076, 2071, 900, -1,
      900, 2071, 945, -1,
      900, 898, 2076, -1,
      2076, 898, 2049, -1,
      2076, 2049, 2075, -1,
      2075, 2049, 2051, -1,
      2075, 2051, 2074, -1,
      2074, 2051, 2053, -1,
      2074, 2053, 2073, -1,
      2073, 2053, 2055, -1,
      2073, 2055, 2072, -1,
      2072, 2055, 2057, -1,
      2072, 2057, 758, -1,
      758, 2057, 756, -1,
      746, 748, 2077, -1,
      2077, 748, 2058, -1,
      2077, 2058, 2078, -1,
      2078, 2058, 2056, -1,
      2078, 2056, 2079, -1,
      2079, 2056, 2054, -1,
      2079, 2054, 2080, -1,
      2080, 2054, 2052, -1,
      2080, 2052, 2081, -1,
      2081, 2052, 2050, -1,
      2081, 2050, 894, -1,
      894, 2050, 896, -1,
      748, 750, 2058, -1,
      2058, 750, 752, -1,
      2058, 752, 2057, -1,
      2057, 752, 754, -1,
      2057, 754, 756, -1,
      744, 746, 2082, -1,
      2082, 746, 2077, -1,
      2082, 2077, 2083, -1,
      2083, 2077, 2078, -1,
      2083, 2078, 2084, -1,
      2084, 2078, 2079, -1,
      2084, 2079, 2085, -1,
      2085, 2079, 2080, -1,
      2085, 2080, 2086, -1,
      2086, 2080, 2081, -1,
      2086, 2081, 893, -1,
      893, 2081, 894, -1,
      893, 876, 2086, -1,
      2086, 876, 2087, -1,
      2086, 2087, 2085, -1,
      2085, 2087, 2088, -1,
      2085, 2088, 2084, -1,
      2084, 2088, 2089, -1,
      2084, 2089, 2083, -1,
      2083, 2089, 2090, -1,
      2083, 2090, 2082, -1,
      2082, 2090, 2037, -1,
      2082, 2037, 744, -1,
      744, 2037, 742, -1,
      738, 740, 2067, -1,
      2067, 740, 2037, -1,
      2067, 2037, 2065, -1,
      2065, 2037, 2090, -1,
      2065, 2090, 2063, -1,
      2063, 2090, 2089, -1,
      2063, 2089, 2061, -1,
      2061, 2089, 2088, -1,
      2061, 2088, 2059, -1,
      2059, 2088, 2087, -1,
      2059, 2087, 874, -1,
      874, 2087, 876, -1,
      2036, 734, 2067, -1,
      2067, 734, 736, -1,
      2067, 736, 738, -1,
      730, 732, 2091, -1,
      2091, 732, 2036, -1,
      2091, 2036, 2092, -1,
      2092, 2036, 2066, -1,
      2092, 2066, 2093, -1,
      2093, 2066, 2064, -1,
      2093, 2064, 2094, -1,
      2094, 2064, 2062, -1,
      2094, 2062, 2095, -1,
      2095, 2062, 2060, -1,
      2095, 2060, 871, -1,
      871, 2060, 872, -1,
      871, 869, 2095, -1,
      2095, 869, 2096, -1,
      2095, 2096, 2094, -1,
      2094, 2096, 2097, -1,
      2094, 2097, 2093, -1,
      2093, 2097, 2098, -1,
      2093, 2098, 2092, -1,
      2092, 2098, 2099, -1,
      2092, 2099, 2091, -1,
      2091, 2099, 2100, -1,
      2091, 2100, 730, -1,
      730, 2100, 715, -1,
      2035, 799, 797, -1,
      2033, 2034, 2101, -1,
      2101, 2034, 2035, -1,
      2035, 797, 2101, -1,
      2101, 797, 795, -1,
      2101, 795, 2102, -1,
      795, 793, 2102, -1,
      2102, 793, 791, -1,
      2102, 791, 2103, -1,
      2103, 791, 789, -1,
      2103, 789, 2104, -1,
      2104, 789, 787, -1,
      2104, 787, 2105, -1,
      787, 785, 2105, -1,
      2105, 785, 783, -1,
      2105, 783, 2106, -1,
      2106, 783, 781, -1,
      2106, 781, 2107, -1,
      2107, 781, 779, -1,
      2107, 779, 2108, -1,
      779, 777, 2108, -1,
      2108, 777, 775, -1,
      2108, 775, 2109, -1,
      2031, 2032, 2110, -1,
      2110, 2032, 2033, -1,
      2033, 2101, 2110, -1,
      2110, 2101, 2102, -1,
      2110, 2102, 2111, -1,
      2111, 2102, 2103, -1,
      2111, 2103, 2112, -1,
      2112, 2103, 2104, -1,
      2112, 2104, 2113, -1,
      2113, 2104, 2105, -1,
      2113, 2105, 2114, -1,
      2114, 2105, 2106, -1,
      2114, 2106, 2115, -1,
      2115, 2106, 2107, -1,
      2115, 2107, 2116, -1,
      2116, 2107, 2108, -1,
      2116, 2108, 2117, -1,
      2117, 2108, 2109, -1,
      2117, 2109, 2118, -1,
      2029, 2030, 2119, -1,
      2119, 2030, 2031, -1,
      2031, 2110, 2119, -1,
      2119, 2110, 2111, -1,
      2119, 2111, 2120, -1,
      2120, 2111, 2112, -1,
      2120, 2112, 2121, -1,
      2121, 2112, 2113, -1,
      2121, 2113, 2122, -1,
      2122, 2113, 2114, -1,
      2122, 2114, 2123, -1,
      2123, 2114, 2115, -1,
      2123, 2115, 2124, -1,
      2124, 2115, 2116, -1,
      2124, 2116, 2125, -1,
      2125, 2116, 2117, -1,
      2125, 2117, 2126, -1,
      2126, 2117, 2118, -1,
      2126, 2118, 2127, -1,
      2027, 2028, 2128, -1,
      2128, 2028, 2029, -1,
      2029, 2119, 2128, -1,
      2128, 2119, 2120, -1,
      2128, 2120, 2129, -1,
      2129, 2120, 2121, -1,
      2129, 2121, 2130, -1,
      2130, 2121, 2122, -1,
      2130, 2122, 2131, -1,
      2131, 2122, 2123, -1,
      2131, 2123, 2132, -1,
      2132, 2123, 2124, -1,
      2132, 2124, 2133, -1,
      2133, 2124, 2125, -1,
      2133, 2125, 2134, -1,
      2134, 2125, 2126, -1,
      2134, 2126, 2135, -1,
      2135, 2126, 2127, -1,
      2135, 2127, 2136, -1,
      2025, 2026, 2137, -1,
      2137, 2026, 2027, -1,
      2027, 2128, 2137, -1,
      2137, 2128, 2129, -1,
      2137, 2129, 2138, -1,
      2138, 2129, 2130, -1,
      2138, 2130, 2139, -1,
      2139, 2130, 2131, -1,
      2139, 2131, 2140, -1,
      2140, 2131, 2132, -1,
      2140, 2132, 2141, -1,
      2141, 2132, 2133, -1,
      2141, 2133, 2142, -1,
      2142, 2133, 2134, -1,
      2142, 2134, 2143, -1,
      2143, 2134, 2135, -1,
      2143, 2135, 2144, -1,
      2144, 2135, 2136, -1,
      2144, 2136, 2145, -1,
      1029, 1027, 2025, -1,
      2025, 2137, 1029, -1,
      1029, 2137, 2138, -1,
      1029, 2138, 1031, -1,
      1031, 2138, 2139, -1,
      1031, 2139, 1033, -1,
      1033, 2139, 2140, -1,
      1033, 2140, 1034, -1,
      1034, 2140, 2141, -1,
      1034, 2141, 1004, -1,
      1004, 2141, 2142, -1,
      1004, 2142, 1006, -1,
      1006, 2142, 2143, -1,
      1006, 2143, 1008, -1,
      1008, 2143, 2144, -1,
      1008, 2144, 1010, -1,
      1010, 2144, 2145, -1,
      1010, 2145, 1012, -1,
      869, 867, 2146, -1,
      869, 2146, 2096, -1,
      2096, 2146, 2147, -1,
      2096, 2147, 2097, -1,
      2097, 2147, 2148, -1,
      2097, 2148, 2098, -1,
      2098, 2148, 2149, -1,
      2098, 2149, 2099, -1,
      2099, 2149, 2150, -1,
      2099, 2150, 2100, -1,
      2100, 2150, 717, -1,
      2100, 717, 715, -1,
      1014, 1012, 2145, -1,
      1014, 2145, 2151, -1,
      2151, 2145, 2136, -1,
      2151, 2136, 2152, -1,
      2152, 2136, 2127, -1,
      2152, 2127, 2153, -1,
      2153, 2127, 2118, -1,
      2153, 2118, 2154, -1,
      2154, 2118, 2109, -1,
      2154, 2109, 2155, -1,
      2155, 2109, 775, -1,
      2155, 775, 773, -1,
      867, 1061, 2146, -1,
      2146, 1061, 2156, -1,
      2146, 2156, 2147, -1,
      2147, 2156, 2157, -1,
      2147, 2157, 2148, -1,
      2148, 2157, 2158, -1,
      2148, 2158, 2149, -1,
      2149, 2158, 2159, -1,
      2149, 2159, 2150, -1,
      2150, 2159, 2160, -1,
      2150, 2160, 717, -1,
      717, 2160, 719, -1,
      1061, 1063, 2156, -1,
      2156, 1063, 2161, -1,
      2156, 2161, 2157, -1,
      2157, 2161, 2162, -1,
      2157, 2162, 2158, -1,
      2158, 2162, 2163, -1,
      2158, 2163, 2159, -1,
      2159, 2163, 2164, -1,
      2159, 2164, 2160, -1,
      2160, 2164, 2165, -1,
      2160, 2165, 719, -1,
      719, 2165, 720, -1,
      1063, 1065, 2161, -1,
      2161, 1065, 2166, -1,
      2161, 2166, 2162, -1,
      2162, 2166, 2167, -1,
      2162, 2167, 2163, -1,
      2163, 2167, 2168, -1,
      2163, 2168, 2164, -1,
      2164, 2168, 2169, -1,
      2164, 2169, 2165, -1,
      2165, 2169, 2170, -1,
      2165, 2170, 720, -1,
      720, 2170, 727, -1,
      1065, 1067, 2166, -1,
      2166, 1067, 2171, -1,
      2166, 2171, 2167, -1,
      2167, 2171, 2172, -1,
      2167, 2172, 2168, -1,
      2168, 2172, 2173, -1,
      2168, 2173, 2169, -1,
      2169, 2173, 2174, -1,
      2169, 2174, 2170, -1,
      2170, 2174, 2175, -1,
      2170, 2175, 727, -1,
      727, 2175, 728, -1,
      1067, 1069, 2171, -1,
      2171, 1069, 2176, -1,
      2171, 2176, 2172, -1,
      2172, 2176, 2177, -1,
      2172, 2177, 2173, -1,
      2173, 2177, 2178, -1,
      2173, 2178, 2174, -1,
      2174, 2178, 2179, -1,
      2174, 2179, 2175, -1,
      2175, 2179, 2180, -1,
      2175, 2180, 728, -1,
      728, 2180, 729, -1,
      1069, 713, 2176, -1,
      2176, 713, 2181, -1,
      2176, 2181, 2177, -1,
      2177, 2181, 2182, -1,
      2177, 2182, 2178, -1,
      2178, 2182, 2183, -1,
      2178, 2183, 2179, -1,
      2179, 2183, 2184, -1,
      2179, 2184, 2180, -1,
      2180, 2184, 2185, -1,
      2180, 2185, 729, -1,
      729, 2185, 718, -1,
      1014, 2151, 2186, -1,
      2151, 2152, 2187, -1,
      2152, 2153, 2188, -1,
      2153, 2154, 2189, -1,
      2154, 2155, 2190, -1,
      765, 2191, 767, -1,
      767, 2191, 2192, -1,
      767, 2192, 769, -1,
      769, 2192, 2190, -1,
      769, 2190, 771, -1,
      771, 2190, 2155, -1,
      771, 2155, 773, -1,
      765, 763, 2191, -1,
      2191, 763, 761, -1,
      2191, 761, 2193, -1,
      761, 759, 2193, -1,
      2193, 759, 757, -1,
      2193, 757, 2194, -1,
      2194, 757, 755, -1,
      2194, 755, 2195, -1,
      755, 753, 2195, -1,
      2195, 753, 751, -1,
      2195, 751, 2196, -1,
      2196, 751, 749, -1,
      2196, 749, 2197, -1,
      2197, 749, 747, -1,
      747, 745, 2197, -1,
      2197, 745, 743, -1,
      2197, 743, 2198, -1,
      2198, 743, 741, -1,
      2198, 741, 2199, -1,
      741, 739, 2199, -1,
      2199, 739, 737, -1,
      2199, 737, 2200, -1,
      2200, 737, 735, -1,
      2200, 735, 2201, -1,
      2201, 735, 733, -1,
      733, 731, 2201, -1,
      2201, 731, 714, -1,
      2201, 714, 2202, -1,
      2154, 2190, 2189, -1,
      2189, 2190, 2192, -1,
      2189, 2192, 2203, -1,
      2203, 2192, 2191, -1,
      2203, 2191, 2204, -1,
      2204, 2191, 2193, -1,
      2204, 2193, 2205, -1,
      2205, 2193, 2194, -1,
      2205, 2194, 2206, -1,
      2206, 2194, 2195, -1,
      2206, 2195, 2207, -1,
      2207, 2195, 2196, -1,
      2207, 2196, 2208, -1,
      2208, 2196, 2197, -1,
      2208, 2197, 2209, -1,
      2209, 2197, 2198, -1,
      2209, 2198, 2210, -1,
      2210, 2198, 2199, -1,
      2210, 2199, 2211, -1,
      2211, 2199, 2200, -1,
      2211, 2200, 2212, -1,
      2212, 2200, 2201, -1,
      2212, 2201, 2213, -1,
      2213, 2201, 2202, -1,
      2213, 2202, 2214, -1,
      2153, 2189, 2188, -1,
      2188, 2189, 2203, -1,
      2188, 2203, 2215, -1,
      2215, 2203, 2204, -1,
      2215, 2204, 2216, -1,
      2216, 2204, 2205, -1,
      2216, 2205, 2217, -1,
      2217, 2205, 2206, -1,
      2217, 2206, 2218, -1,
      2218, 2206, 2207, -1,
      2218, 2207, 2219, -1,
      2219, 2207, 2208, -1,
      2219, 2208, 2220, -1,
      2220, 2208, 2209, -1,
      2220, 2209, 2221, -1,
      2221, 2209, 2210, -1,
      2221, 2210, 2222, -1,
      2222, 2210, 2211, -1,
      2222, 2211, 2223, -1,
      2223, 2211, 2212, -1,
      2223, 2212, 2224, -1,
      2224, 2212, 2213, -1,
      2224, 2213, 2225, -1,
      2225, 2213, 2214, -1,
      2225, 2214, 2226, -1,
      2152, 2188, 2187, -1,
      2187, 2188, 2215, -1,
      2187, 2215, 2227, -1,
      2227, 2215, 2216, -1,
      2227, 2216, 2228, -1,
      2228, 2216, 2217, -1,
      2228, 2217, 2229, -1,
      2229, 2217, 2218, -1,
      2229, 2218, 2230, -1,
      2230, 2218, 2219, -1,
      2230, 2219, 2231, -1,
      2231, 2219, 2220, -1,
      2231, 2220, 2232, -1,
      2232, 2220, 2221, -1,
      2232, 2221, 2233, -1,
      2233, 2221, 2222, -1,
      2233, 2222, 2234, -1,
      2234, 2222, 2223, -1,
      2234, 2223, 2235, -1,
      2235, 2223, 2224, -1,
      2235, 2224, 2236, -1,
      2236, 2224, 2225, -1,
      2236, 2225, 2237, -1,
      2237, 2225, 2226, -1,
      2237, 2226, 2238, -1,
      2151, 2187, 2186, -1,
      2186, 2187, 2227, -1,
      2186, 2227, 2239, -1,
      2239, 2227, 2228, -1,
      2239, 2228, 2240, -1,
      2240, 2228, 2229, -1,
      2240, 2229, 2241, -1,
      2241, 2229, 2230, -1,
      2241, 2230, 2242, -1,
      2242, 2230, 2231, -1,
      2242, 2231, 2243, -1,
      2243, 2231, 2232, -1,
      2243, 2232, 2244, -1,
      2244, 2232, 2233, -1,
      2244, 2233, 2245, -1,
      2245, 2233, 2234, -1,
      2245, 2234, 2246, -1,
      2246, 2234, 2235, -1,
      2246, 2235, 2247, -1,
      2247, 2235, 2236, -1,
      2247, 2236, 2248, -1,
      2248, 2236, 2237, -1,
      2248, 2237, 2249, -1,
      2249, 2237, 2238, -1,
      2249, 2238, 2250, -1,
      1014, 2186, 1015, -1,
      1015, 2186, 2239, -1,
      1015, 2239, 981, -1,
      981, 2239, 2240, -1,
      981, 2240, 983, -1,
      983, 2240, 2241, -1,
      983, 2241, 985, -1,
      985, 2241, 2242, -1,
      985, 2242, 986, -1,
      986, 2242, 2243, -1,
      986, 2243, 967, -1,
      967, 2243, 2244, -1,
      967, 2244, 969, -1,
      969, 2244, 2245, -1,
      969, 2245, 971, -1,
      971, 2245, 2246, -1,
      971, 2246, 973, -1,
      973, 2246, 2247, -1,
      973, 2247, 974, -1,
      974, 2247, 2248, -1,
      974, 2248, 964, -1,
      964, 2248, 2249, -1,
      964, 2249, 962, -1,
      962, 2249, 2250, -1,
      962, 2250, 960, -1,
      716, 718, 2185, -1,
      716, 2185, 2251, -1,
      2251, 2185, 2184, -1,
      2251, 2184, 2252, -1,
      2252, 2184, 2183, -1,
      2252, 2183, 2253, -1,
      2253, 2183, 2182, -1,
      2253, 2182, 2254, -1,
      2254, 2182, 2181, -1,
      2254, 2181, 2255, -1,
      2255, 2181, 713, -1,
      2255, 713, 711, -1,
      958, 960, 2250, -1,
      958, 2250, 2256, -1,
      2256, 2250, 2238, -1,
      2256, 2238, 2257, -1,
      2257, 2238, 2226, -1,
      2257, 2226, 2258, -1,
      2258, 2226, 2214, -1,
      2258, 2214, 2259, -1,
      2259, 2214, 2202, -1,
      2259, 2202, 2260, -1,
      2260, 2202, 714, -1,
      2260, 714, 723, -1,
      711, 1078, 2255, -1,
      2255, 1078, 2261, -1,
      2255, 2261, 2254, -1,
      2254, 2261, 2262, -1,
      2254, 2262, 2253, -1,
      2253, 2262, 2263, -1,
      2253, 2263, 2252, -1,
      2252, 2263, 2264, -1,
      2252, 2264, 2251, -1,
      2251, 2264, 2265, -1,
      2251, 2265, 716, -1,
      716, 2265, 721, -1,
      1078, 1076, 2261, -1,
      2261, 1076, 2266, -1,
      2261, 2266, 2262, -1,
      2262, 2266, 2267, -1,
      2262, 2267, 2263, -1,
      2263, 2267, 2268, -1,
      2263, 2268, 2264, -1,
      2264, 2268, 2269, -1,
      2264, 2269, 2265, -1,
      2265, 2269, 2270, -1,
      2265, 2270, 721, -1,
      721, 2270, 724, -1,
      1076, 1074, 2266, -1,
      2266, 1074, 2271, -1,
      2266, 2271, 2267, -1,
      2267, 2271, 2272, -1,
      2267, 2272, 2268, -1,
      2268, 2272, 2273, -1,
      2268, 2273, 2269, -1,
      2269, 2273, 2274, -1,
      2269, 2274, 2270, -1,
      2270, 2274, 2275, -1,
      2270, 2275, 724, -1,
      724, 2275, 725, -1,
      1074, 1072, 2271, -1,
      2271, 1072, 2276, -1,
      2271, 2276, 2272, -1,
      2272, 2276, 2277, -1,
      2272, 2277, 2273, -1,
      2273, 2277, 2278, -1,
      2273, 2278, 2274, -1,
      2274, 2278, 2279, -1,
      2274, 2279, 2275, -1,
      2275, 2279, 2280, -1,
      2275, 2280, 725, -1,
      725, 2280, 726, -1,
      1072, 1070, 2276, -1,
      2276, 1070, 2281, -1,
      2276, 2281, 2277, -1,
      2277, 2281, 2282, -1,
      2277, 2282, 2278, -1,
      2278, 2282, 2283, -1,
      2278, 2283, 2279, -1,
      2279, 2283, 2284, -1,
      2279, 2284, 2280, -1,
      2280, 2284, 2285, -1,
      2280, 2285, 726, -1,
      726, 2285, 722, -1,
      1070, 958, 2281, -1,
      2281, 958, 2256, -1,
      2281, 2256, 2282, -1,
      2282, 2256, 2257, -1,
      2282, 2257, 2283, -1,
      2283, 2257, 2258, -1,
      2283, 2258, 2284, -1,
      2284, 2258, 2259, -1,
      2284, 2259, 2285, -1,
      2285, 2259, 2260, -1,
      2285, 2260, 722, -1,
      722, 2260, 723, -1,
    ]
  }
}

Shape {
  appearance Appearance {
    material Material {
      diffuseColor 0.0000 0.0000 0.0000
      specularColor 0.0000 0.0000 0.0000
      ambientIntensity 0.2
      transparency 0.0000
      shininess 0.5
    }
  }
  geometry IndexedFaceSet {
    ccw TRUE
    solid FALSE
    coord DEF co Coordinate {
      point [
        0.348541 0.038412 0.398454,
        0.348388 0.040896 0.398719,
        0.364574 0.046697 0.370684,
        0.364672 0.044641 0.370514,
        0.350365 0.061227 0.395294,
        0.355491 0.061227 0.386417,
        0.355491 0.069876 0.386417,
        0.364197 0.094685 0.371337,
        0.364537 0.089178 0.370748,
        0.348523 0.089505 0.398485,
        0.364537 0.080368 0.370748,
        0.348523 0.080368 0.398485,
        0.359215 0.105576 0.379967,
        0.360872 0.104001 0.377097,
        0.351178 0.102710 0.393886,
        0.352569 0.104701 0.391477,
        0.362294 0.101613 0.374633,
        0.363478 0.098323 0.372582,
        0.364127 0.095039 0.371458,
        0.350644 0.101613 0.394812,
        0.348793 0.094392 0.398018,
        0.348911 0.095039 0.397813,
        0.349498 0.098257 0.396796,
        0.354092 0.105896 0.388840,
        0.356326 0.106444 0.384971,
        0.357339 0.106349 0.383216,
        0.348523 0.073589 0.398485,
        0.348523 0.069876 0.398485,
        0.350365 0.073589 0.395294,
        0.362711 0.074318 0.373910,
        0.364537 0.074318 0.370748,
        0.362711 0.061227 0.373910,
        0.362711 0.069876 0.373910,
        0.357324 0.061227 0.383241,
        0.357324 0.069876 0.383241,
        0.357324 0.072680 0.383241,
        0.355491 0.072680 0.386417,
        0.350365 0.069876 0.395294,
        0.348523 0.057092 0.398485,
        0.364537 0.057092 0.370748,
        0.348908 0.050682 0.397818,
        0.348424 0.047359 0.398656,
        0.348388 0.046478 0.398719,
        0.364537 0.069876 0.370748,
        0.351070 0.050682 0.394075,
        0.364010 0.050135 0.371661,
        0.362937 0.043927 0.373520,
        0.362598 0.047547 0.374107,
        0.361893 0.050682 0.375328,
        0.363874 0.050682 0.371896,
        0.360196 0.032625 0.378267,
        0.361279 0.034185 0.376392,
        0.361584 0.034801 0.375863,
        0.362326 0.036890 0.374579,
        0.362769 0.039169 0.373812,
        0.362965 0.042413 0.373470,
        0.350355 0.047076 0.395312,
        0.352123 0.034002 0.392250,
        0.350973 0.050325 0.394241,
        0.353261 0.032504 0.390280,
        0.354683 0.031482 0.387815,
        0.350120 0.043133 0.395720,
        0.350144 0.041898 0.395677,
        0.351896 0.034406 0.392643,
        0.350412 0.039111 0.395213,
        0.350994 0.036592 0.394204,
        0.356711 0.031041 0.384304,
        0.357303 0.031076 0.383278,
        0.358905 0.031589 0.380504,
        0.348253 0.043093 0.398953,
        0.348253 0.043181 0.398953,
        0.352130 0.029004 0.392239,
        0.350611 0.031328 0.394869,
        0.350251 0.032080 0.395493,
        0.349195 0.035073 0.397321,
        0.353908 0.027483 0.389157,
        0.353146 0.028135 0.390478,
        0.360487 0.028135 0.377763,
        0.359223 0.027225 0.379952,
        0.356833 0.026702 0.384092,
        0.356000 0.026758 0.385536,
        0.363693 0.033393 0.372210,
        0.362622 0.030812 0.374066,
        0.362339 0.030307 0.374556,
        0.360942 0.028462 0.376976,
        0.364807 0.041815 0.370280,
        0.364762 0.039888 0.370359,
        0.364672 0.039015 0.370514,
        0.364405 0.036416 0.370976,
        0.348523 0.012637 0.398485,
        0.362711 0.012637 0.373910,
        0.362711 0.025392 0.373910,
        0.364537 0.025392 0.370748,
        0.364537 0.008502 0.370748,
        0.348523 0.008502 0.398485,
        0.363052 0.025392 0.374107,
        0.364878 0.025392 0.370945,
        0.363052 0.012637 0.374107,
        0.348864 0.012637 0.398681,
        0.348864 0.008502 0.398681,
        0.364878 0.008502 0.370945,
        0.364915 0.046697 0.370881,
        0.365148 0.041815 0.370477,
        0.364351 0.050135 0.371857,
        0.364215 0.050682 0.372093,
        0.362234 0.050682 0.375525,
        0.362939 0.047547 0.374304,
        0.363278 0.043927 0.373717,
        0.363306 0.042413 0.373667,
        0.363109 0.039169 0.374009,
        0.362667 0.036890 0.374776,
        0.361925 0.034801 0.376060,
        0.361620 0.034185 0.376589,
        0.360537 0.032625 0.378464,
        0.359246 0.031589 0.380700,
        0.357644 0.031076 0.383475,
        0.357052 0.031041 0.384501,
        0.355024 0.031482 0.388012,
        0.353602 0.032504 0.390477,
        0.352464 0.034002 0.392447,
        0.352237 0.034406 0.392839,
        0.351335 0.036592 0.394401,
        0.350753 0.039111 0.395410,
        0.350485 0.041898 0.395874,
        0.350461 0.043133 0.395917,
        0.350696 0.047076 0.395509,
        0.351314 0.050325 0.394438,
        0.351411 0.050682 0.394272,
        0.349249 0.050682 0.398015,
        0.348594 0.043093 0.399150,
        0.348594 0.043181 0.399150,
        0.348765 0.047359 0.398853,
        0.348882 0.038412 0.398651,
        0.349536 0.035073 0.397518,
        0.350592 0.032080 0.395690,
        0.350952 0.031328 0.395066,
        0.352470 0.029004 0.392436,
        0.354249 0.027483 0.389354,
        0.356341 0.026758 0.385733,
        0.357174 0.026702 0.384289,
        0.361283 0.028462 0.377172,
        0.359564 0.027225 0.380149,
        0.362680 0.030307 0.374753,
        0.362963 0.030812 0.374263,
        0.364034 0.033393 0.372407,
        0.365103 0.039888 0.370556,
        0.364746 0.036416 0.371173,
        0.363052 0.074318 0.374107,
        0.364878 0.074318 0.370945,
        0.363052 0.061227 0.374107,
        0.357665 0.061227 0.383438,
        0.357665 0.072680 0.383438,
        0.355831 0.072680 0.386614,
        0.355831 0.061227 0.386614,
        0.350706 0.061227 0.395491,
        0.350706 0.073589 0.395491,
        0.348864 0.073589 0.398681,
        0.348864 0.057092 0.398681,
        0.364878 0.057092 0.370945,
        0.360394 0.100268 0.378712,
        0.361382 0.098674 0.377000,
        0.362635 0.101613 0.374830,
        0.361650 0.098083 0.376535,
        0.363819 0.098323 0.372779,
        0.362345 0.095962 0.375333,
        0.364538 0.094685 0.371534,
        0.362833 0.093222 0.374486,
        0.364878 0.089178 0.370945,
        0.363052 0.089153 0.374107,
        0.364878 0.080368 0.370945,
        0.363052 0.084503 0.374107,
        0.348864 0.080368 0.398681,
        0.350706 0.084503 0.395491,
        0.348864 0.089505 0.398681,
        0.350706 0.089341 0.395491,
        0.349134 0.094392 0.398215,
        0.350934 0.093467 0.395096,
        0.349839 0.098257 0.396993,
        0.351435 0.096245 0.394228,
        0.350985 0.101613 0.395009,
        0.352213 0.098584 0.392882,
        0.351519 0.102710 0.394083,
        0.352746 0.099637 0.391959,
        0.352910 0.104701 0.391674,
        0.353667 0.100839 0.390362,
        0.354433 0.105896 0.389037,
        0.354880 0.101702 0.388262,
        0.356667 0.106444 0.385168,
        0.356724 0.102096 0.385069,
        0.357680 0.106349 0.383413,
        0.357737 0.101991 0.383314,
        0.359556 0.105576 0.380164,
        0.359204 0.101370 0.380772,
        0.361213 0.104001 0.377294,
        0.350365 0.089341 0.395294,
        0.350365 0.084503 0.395294,
        0.362711 0.084503 0.373910,
        0.362711 0.089153 0.373910,
        0.361041 0.098674 0.376803,
        0.361309 0.098083 0.376339,
        0.362004 0.095962 0.375136,
        0.362493 0.093222 0.374289,
        0.356383 0.102096 0.384872,
        0.357396 0.101991 0.383117,
        0.358863 0.101370 0.380576,
        0.360053 0.100268 0.378515,
        0.351872 0.098584 0.392685,
        0.352405 0.099637 0.391762,
        0.353326 0.100839 0.390165,
        0.354539 0.101702 0.388065,
        0.350593 0.093467 0.394900,
        0.351094 0.096245 0.394031,
      ]
    }
    coordIndex [
      95, 96, 91, -1,
      91, 96, 92, -1,
      97, 95, 90, -1,
      90, 95, 91, -1,
      98, 97, 89, -1,
      89, 97, 90, -1,
      99, 98, 94, -1,
      94, 98, 89, -1,
      100, 99, 93, -1,
      93, 99, 94, -1,
      96, 100, 92, -1,
      92, 100, 93, -1,
      98, 99, 97, -1,
      97, 99, 100, -1,
      97, 100, 95, -1,
      95, 100, 96, -1,
      101, 102, 3, -1,
      3, 102, 85, -1,
      3, 2, 101, -1,
      101, 2, 45, -1,
      101, 45, 103, -1,
      103, 45, 49, -1,
      103, 49, 104, -1,
      105, 104, 48, -1,
      48, 104, 49, -1,
      105, 48, 47, -1,
      105, 47, 106, -1,
      106, 47, 46, -1,
      106, 46, 107, -1,
      107, 46, 55, -1,
      107, 55, 108, -1,
      108, 55, 54, -1,
      108, 54, 109, -1,
      109, 54, 53, -1,
      109, 53, 110, -1,
      110, 53, 52, -1,
      110, 52, 111, -1,
      111, 52, 51, -1,
      111, 51, 112, -1,
      112, 51, 50, -1,
      112, 50, 113, -1,
      113, 50, 68, -1,
      113, 68, 114, -1,
      114, 68, 67, -1,
      114, 67, 115, -1,
      115, 67, 66, -1,
      115, 66, 116, -1,
      116, 66, 60, -1,
      116, 60, 117, -1,
      117, 60, 59, -1,
      117, 59, 118, -1,
      118, 59, 57, -1,
      118, 57, 119, -1,
      119, 57, 63, -1,
      119, 63, 120, -1,
      120, 63, 65, -1,
      120, 65, 121, -1,
      121, 65, 64, -1,
      121, 64, 122, -1,
      122, 64, 62, -1,
      122, 62, 123, -1,
      123, 62, 61, -1,
      123, 61, 124, -1,
      124, 61, 56, -1,
      124, 56, 125, -1,
      125, 56, 58, -1,
      125, 58, 126, -1,
      126, 58, 44, -1,
      126, 44, 127, -1,
      128, 127, 40, -1,
      40, 127, 44, -1,
      69, 129, 130, -1,
      128, 40, 41, -1,
      128, 41, 131, -1,
      131, 41, 42, -1,
      131, 42, 130, -1,
      130, 42, 70, -1,
      130, 70, 69, -1,
      129, 69, 1, -1,
      129, 1, 132, -1,
      1, 0, 132, -1,
      132, 0, 74, -1,
      132, 74, 133, -1,
      133, 74, 73, -1,
      133, 73, 134, -1,
      134, 73, 72, -1,
      134, 72, 135, -1,
      135, 72, 71, -1,
      135, 71, 136, -1,
      136, 71, 76, -1,
      136, 76, 137, -1,
      76, 75, 137, -1,
      137, 75, 80, -1,
      137, 80, 138, -1,
      138, 80, 79, -1,
      138, 79, 139, -1,
      139, 79, 78, -1,
      77, 140, 78, -1,
      78, 140, 141, -1,
      78, 141, 139, -1,
      77, 84, 140, -1,
      140, 84, 83, -1,
      140, 83, 142, -1,
      142, 83, 82, -1,
      142, 82, 143, -1,
      88, 144, 81, -1,
      81, 144, 143, -1,
      81, 143, 82, -1,
      87, 145, 88, -1,
      88, 145, 146, -1,
      88, 146, 144, -1,
      87, 86, 145, -1,
      145, 86, 85, -1,
      145, 85, 102, -1,
      126, 127, 128, -1,
      117, 118, 136, -1,
      126, 128, 125, -1,
      125, 128, 131, -1,
      125, 131, 124, -1,
      124, 131, 130, -1,
      124, 130, 123, -1,
      123, 130, 129, -1,
      123, 129, 122, -1,
      122, 129, 132, -1,
      122, 132, 121, -1,
      104, 105, 103, -1,
      103, 105, 106, -1,
      103, 106, 101, -1,
      101, 106, 107, -1,
      101, 107, 102, -1,
      102, 107, 108, -1,
      102, 108, 145, -1,
      145, 108, 109, -1,
      145, 109, 146, -1,
      146, 109, 110, -1,
      146, 110, 144, -1,
      144, 110, 111, -1,
      144, 111, 143, -1,
      143, 111, 112, -1,
      143, 112, 142, -1,
      142, 112, 113, -1,
      142, 113, 140, -1,
      136, 118, 135, -1,
      132, 133, 121, -1,
      121, 133, 134, -1,
      121, 134, 120, -1,
      120, 134, 135, -1,
      120, 135, 119, -1,
      119, 135, 118, -1,
      139, 116, 138, -1,
      138, 116, 117, -1,
      138, 117, 137, -1,
      137, 117, 136, -1,
      140, 113, 141, -1,
      141, 113, 114, -1,
      141, 114, 139, -1,
      139, 114, 115, -1,
      139, 115, 116, -1,
      147, 148, 29, -1,
      29, 148, 30, -1,
      31, 149, 32, -1,
      32, 149, 147, -1,
      32, 147, 29, -1,
      150, 149, 33, -1,
      33, 149, 31, -1,
      35, 151, 34, -1,
      34, 151, 150, -1,
      34, 150, 33, -1,
      152, 151, 36, -1,
      36, 151, 35, -1,
      5, 153, 6, -1,
      6, 153, 152, -1,
      6, 152, 36, -1,
      154, 153, 4, -1,
      4, 153, 5, -1,
      28, 155, 37, -1,
      37, 155, 154, -1,
      37, 154, 4, -1,
      156, 155, 26, -1,
      26, 155, 28, -1,
      38, 157, 27, -1,
      27, 157, 156, -1,
      27, 156, 26, -1,
      158, 157, 39, -1,
      39, 157, 38, -1,
      30, 148, 43, -1,
      43, 148, 158, -1,
      43, 158, 39, -1,
      158, 148, 147, -1,
      147, 149, 158, -1,
      158, 149, 150, -1,
      158, 150, 157, -1,
      155, 156, 154, -1,
      154, 156, 157, -1,
      154, 157, 153, -1,
      153, 157, 150, -1,
      153, 150, 152, -1,
      152, 150, 151, -1,
      159, 160, 161, -1,
      161, 160, 162, -1,
      161, 162, 163, -1,
      163, 162, 164, -1,
      163, 164, 165, -1,
      165, 164, 166, -1,
      165, 166, 167, -1,
      167, 166, 168, -1,
      167, 168, 169, -1,
      169, 168, 170, -1,
      169, 170, 171, -1,
      171, 170, 172, -1,
      171, 172, 173, -1,
      173, 172, 174, -1,
      173, 174, 175, -1,
      175, 174, 176, -1,
      175, 176, 177, -1,
      177, 176, 178, -1,
      177, 178, 179, -1,
      179, 178, 180, -1,
      179, 180, 181, -1,
      181, 180, 182, -1,
      181, 182, 183, -1,
      183, 182, 184, -1,
      183, 184, 185, -1,
      185, 184, 186, -1,
      185, 186, 187, -1,
      187, 186, 188, -1,
      187, 188, 189, -1,
      189, 188, 190, -1,
      189, 190, 191, -1,
      191, 190, 192, -1,
      191, 192, 193, -1,
      193, 192, 159, -1,
      193, 159, 161, -1,
      167, 169, 8, -1,
      8, 169, 10, -1,
      16, 161, 163, -1,
      167, 8, 7, -1,
      167, 7, 165, -1,
      165, 7, 18, -1,
      165, 18, 163, -1,
      163, 18, 17, -1,
      163, 17, 16, -1,
      161, 16, 13, -1,
      161, 13, 193, -1,
      193, 13, 12, -1,
      193, 12, 191, -1,
      191, 12, 25, -1,
      191, 25, 189, -1,
      189, 25, 24, -1,
      189, 24, 187, -1,
      187, 24, 23, -1,
      187, 23, 185, -1,
      185, 23, 15, -1,
      185, 15, 183, -1,
      183, 15, 14, -1,
      183, 14, 181, -1,
      181, 14, 19, -1,
      181, 19, 179, -1,
      179, 19, 22, -1,
      21, 175, 22, -1,
      22, 175, 177, -1,
      22, 177, 179, -1,
      21, 20, 175, -1,
      175, 20, 9, -1,
      175, 9, 173, -1,
      171, 173, 11, -1,
      11, 173, 9, -1,
      169, 171, 10, -1,
      10, 171, 11, -1,
      174, 172, 194, -1,
      194, 172, 195, -1,
      172, 170, 195, -1,
      195, 170, 196, -1,
      170, 168, 196, -1,
      196, 168, 197, -1,
      160, 198, 199, -1,
      160, 199, 162, -1,
      162, 199, 200, -1,
      162, 200, 164, -1,
      164, 200, 201, -1,
      164, 201, 166, -1,
      166, 201, 197, -1,
      166, 197, 168, -1,
      188, 202, 203, -1,
      188, 203, 190, -1,
      190, 203, 204, -1,
      190, 204, 192, -1,
      192, 204, 205, -1,
      192, 205, 159, -1,
      159, 205, 198, -1,
      159, 198, 160, -1,
      180, 206, 207, -1,
      180, 207, 182, -1,
      182, 207, 208, -1,
      182, 208, 184, -1,
      184, 208, 209, -1,
      184, 209, 186, -1,
      186, 209, 202, -1,
      186, 202, 188, -1,
      174, 194, 210, -1,
      174, 210, 176, -1,
      176, 210, 211, -1,
      176, 211, 178, -1,
      178, 211, 206, -1,
      178, 206, 180, -1,
    ]
  }
}

Shape {
  appearance Appearance {
    material Material {
      diffuseColor 0.6471 0.6196 0.5882
      specularColor 0.4510 0.4353 0.4118
      ambientIntensity 0.2
      transparency 0.0000
      shininess 0.5
    }
  }
  geometry IndexedFaceSet {
    ccw TRUE
    solid FALSE
    coord DEF co Coordinate {
      point [
        0.350365 0.089341 0.395294,
        0.350365 0.084503 0.395294,
        0.362711 0.084503 0.373910,
        0.362711 0.089153 0.373910,
        0.361041 0.098674 0.376803,
        0.361309 0.098083 0.376339,
        0.362004 0.095962 0.375136,
        0.362493 0.093222 0.374289,
        0.356383 0.102096 0.384872,
        0.357396 0.101991 0.383117,
        0.358863 0.101370 0.380576,
        0.360053 0.100268 0.378515,
        0.351872 0.098584 0.392685,
        0.352405 0.099637 0.391762,
        0.353326 0.100839 0.390165,
        0.354539 0.101702 0.388065,
        0.350593 0.093467 0.394900,
        0.351094 0.096245 0.394031,
      ]
    }
    coordIndex [
      1, 2, 0, -1,
      0, 2, 3, -1,
      0, 3, 7, -1,
      7, 6, 0, -1,
      0, 6, 5, -1,
      0, 5, 4, -1,
      4, 11, 0, -1,
      0, 11, 10, -1,
      0, 10, 9, -1,
      9, 8, 0, -1,
      0, 8, 15, -1,
      0, 15, 14, -1,
      14, 13, 0, -1,
      0, 13, 12, -1,
      0, 12, 16, -1,
      16, 12, 17, -1,
    ]
  }
}

Shape {
  appearance Appearance {
    material Material {
      diffuseColor 0.0000 0.0000 0.0000
      specularColor 0.0000 0.0000 0.0000
      ambientIntensity 0.2
      transparency 0.0000
      shininess 0.5
    }
  }
  geometry IndexedFaceSet {
    ccw TRUE
    solid FALSE
    coord DEF co Coordinate {
      point [
        0.360157 0.129204 0.378334,
        0.360157 0.117452 0.378334,
        0.364537 0.132470 0.370748,
        0.364537 0.137039 0.370748,
        0.348523 0.124840 0.398485,
        0.360157 0.115867 0.378334,
        0.364537 0.112789 0.370748,
        0.364537 0.108220 0.370748,
        0.352419 0.117452 0.391737,
        0.348523 0.120419 0.398485,
        0.358689 0.117177 0.381665,
        0.360498 0.115867 0.378531,
        0.358689 0.127927 0.381665,
        0.360498 0.129204 0.378531,
        0.352033 0.121967 0.393194,
        0.348864 0.120419 0.398681,
        0.364878 0.108220 0.370945,
        0.364878 0.112789 0.370945,
        0.351555 0.122244 0.394022,
        0.350911 0.122491 0.395137,
        0.348864 0.124840 0.398681,
        0.350911 0.122589 0.395137,
        0.351589 0.122848 0.393963,
        0.352033 0.123088 0.393194,
        0.364878 0.137039 0.370945,
        0.364878 0.132470 0.370945,
        0.358348 0.117177 0.381468,
        0.358348 0.127927 0.381468,
        0.351692 0.123088 0.392997,
        0.350570 0.122589 0.394940,
        0.351248 0.122848 0.393766,
        0.350570 0.122491 0.394940,
        0.351692 0.121967 0.392997,
        0.351214 0.122244 0.393825,
      ]
    }
    coordIndex [
      10, 11, 12, -1,
      12, 11, 13, -1,
      14, 15, 10, -1,
      10, 15, 16, -1,
      10, 16, 11, -1,
      11, 16, 17, -1,
      14, 18, 15, -1,
      15, 18, 19, -1,
      15, 19, 20, -1,
      20, 19, 21, -1,
      20, 21, 22, -1,
      22, 23, 20, -1,
      20, 23, 12, -1,
      20, 12, 24, -1,
      24, 12, 13, -1,
      24, 13, 25, -1,
      20, 24, 4, -1,
      4, 24, 3, -1,
      15, 20, 9, -1,
      9, 20, 4, -1,
      7, 16, 8, -1,
      8, 16, 15, -1,
      8, 15, 9, -1,
      17, 16, 6, -1,
      6, 16, 7, -1,
      11, 17, 5, -1,
      5, 17, 6, -1,
      0, 13, 1, -1,
      1, 13, 11, -1,
      1, 11, 5, -1,
      25, 13, 2, -1,
      2, 13, 0, -1,
      24, 25, 3, -1,
      3, 25, 2, -1,
      10, 12, 26, -1,
      26, 12, 27, -1,
      12, 23, 27, -1,
      27, 23, 28, -1,
      21, 29, 30, -1,
      21, 30, 22, -1,
      22, 30, 28, -1,
      22, 28, 23, -1,
      21, 19, 29, -1,
      29, 19, 31, -1,
      14, 32, 33, -1,
      14, 33, 18, -1,
      18, 33, 31, -1,
      18, 31, 19, -1,
      14, 10, 32, -1,
      32, 10, 26, -1,
    ]
  }
}

Shape {
  appearance Appearance {
    material Material {
      diffuseColor 0.6471 0.6196 0.5882
      specularColor 0.4510 0.4353 0.4118
      ambientIntensity 0.2
      transparency 0.0000
      shininess 0.5
    }
  }
  geometry IndexedFaceSet {
    ccw TRUE
    solid FALSE
    coord DEF co Coordinate {
      point [
        0.358348 0.117177 0.381468,
        0.358348 0.127927 0.381468,
        0.351692 0.123088 0.392997,
        0.350570 0.122589 0.394940,
        0.351248 0.122848 0.393766,
        0.350570 0.122491 0.394940,
        0.351692 0.121967 0.392997,
        0.351214 0.122244 0.393825,
      ]
    }
    coordIndex [
      3, 5, 4, -1,
      4, 5, 7, -1,
      4, 7, 2, -1,
      2, 7, 6, -1,
      2, 6, 1, -1,
      1, 6, 0, -1,
    ]
  }
}

Shape {
  appearance Appearance {
    material Material {
      diffuseColor 0.0000 0.0000 0.0000
      specularColor 0.0000 0.0000 0.0000
      ambientIntensity 0.2
      transparency 0.0000
      shininess 0.5
    }
  }
  geometry IndexedFaceSet {
    ccw TRUE
    solid FALSE
    coord DEF co Coordinate {
      point [
        0.384492 0.031183 0.336185,
        0.381255 0.031802 0.341791,
        0.385067 0.030382 0.335190,
        0.385774 0.029833 0.333964,
        0.389942 0.043936 0.326746,
        0.390078 0.039044 0.326509,
        0.389942 0.047947 0.326746,
        0.378494 0.035572 0.346574,
        0.379076 0.032596 0.345566,
        0.379307 0.031802 0.345167,
        0.388173 0.043936 0.329809,
        0.388173 0.043829 0.329809,
        0.388841 0.042902 0.328652,
        0.388444 0.030227 0.329340,
        0.387759 0.029751 0.330526,
        0.383959 0.032411 0.337109,
        0.383521 0.034118 0.337867,
        0.380380 0.034592 0.343307,
        0.383146 0.037157 0.338516,
        0.379976 0.037106 0.344007,
        0.389468 0.041595 0.327566,
        0.389770 0.040644 0.327043,
        0.389750 0.032762 0.327078,
        0.389311 0.031532 0.327838,
        0.389007 0.030953 0.328364,
        0.382672 0.043936 0.339338,
        0.381904 0.043834 0.340669,
        0.381140 0.043440 0.341991,
        0.378243 0.039678 0.347010,
        0.378348 0.042056 0.346828,
        0.378602 0.043757 0.346387,
        0.380710 0.042985 0.342735,
        0.380375 0.042398 0.343315,
        0.380135 0.041709 0.343731,
        0.379963 0.040821 0.344030,
        0.379872 0.039302 0.344188,
        0.386880 0.029567 0.332050,
        0.386641 0.029578 0.332463,
        0.379489 0.046169 0.344851,
        0.380133 0.046993 0.343736,
        0.381038 0.047626 0.342168,
        0.382581 0.047947 0.339494,
        0.378980 0.045095 0.345732,
        0.390212 0.036821 0.326278,
        0.390202 0.036151 0.326295,
        0.390078 0.034584 0.326510,
        0.390053 0.034274 0.326553,
        0.389942 0.025728 0.326746,
        0.389942 0.008502 0.326746,
        0.388116 0.025728 0.329908,
        0.375770 0.024999 0.351293,
        0.382729 0.012637 0.339239,
        0.388116 0.012637 0.329908,
        0.382729 0.024090 0.339239,
        0.380895 0.024090 0.342415,
        0.380895 0.012637 0.342415,
        0.375770 0.012637 0.351293,
        0.373928 0.008502 0.354483,
        0.373928 0.024999 0.354483,
        0.388457 0.025728 0.330105,
        0.390283 0.025728 0.326943,
        0.388457 0.012637 0.330105,
        0.383070 0.012637 0.339436,
        0.383070 0.024090 0.339436,
        0.381236 0.024090 0.342612,
        0.381236 0.012637 0.342612,
        0.376111 0.012637 0.351489,
        0.376111 0.024999 0.351489,
        0.374269 0.024999 0.354680,
        0.374269 0.008502 0.354680,
        0.390283 0.008502 0.326943,
        0.382922 0.047947 0.339691,
        0.384544 0.043936 0.336883,
        0.385641 0.043936 0.334983,
        0.388514 0.043829 0.330006,
        0.388514 0.043936 0.330006,
        0.386646 0.043686 0.333242,
        0.390283 0.043936 0.326943,
        0.390283 0.047947 0.326943,
        0.387882 0.034002 0.331101,
        0.389348 0.030953 0.328561,
        0.388220 0.034458 0.330515,
        0.389652 0.031532 0.328035,
        0.388392 0.034799 0.330219,
        0.390091 0.032762 0.327274,
        0.388665 0.035598 0.329746,
        0.390394 0.034274 0.326750,
        0.388831 0.036506 0.329457,
        0.390543 0.036151 0.326492,
        0.388907 0.037861 0.329325,
        0.383862 0.034118 0.338064,
        0.385402 0.035242 0.335397,
        0.385176 0.036205 0.335788,
        0.387364 0.043107 0.331998,
        0.387974 0.042217 0.330942,
        0.389182 0.042902 0.328849,
        0.388202 0.041754 0.330546,
        0.389809 0.041595 0.327763,
        0.388590 0.040628 0.329875,
        0.390111 0.040644 0.327239,
        0.388817 0.039420 0.329483,
        0.390419 0.039044 0.326706,
        0.390553 0.036821 0.326475,
        0.383487 0.037157 0.338713,
        0.384904 0.038581 0.336259,
        0.383013 0.043936 0.339535,
        0.379648 0.031802 0.345363,
        0.381596 0.031802 0.341988,
        0.379417 0.032596 0.345763,
        0.380721 0.034592 0.343504,
        0.378835 0.035572 0.346770,
        0.380317 0.037106 0.344204,
        0.378583 0.039678 0.347207,
        0.380213 0.039302 0.344385,
        0.378689 0.042056 0.347024,
        0.380304 0.040821 0.344227,
        0.378943 0.043757 0.346584,
        0.380476 0.041709 0.343928,
        0.379321 0.045095 0.345929,
        0.380716 0.042398 0.343512,
        0.379830 0.046169 0.345048,
        0.381051 0.042985 0.342933,
        0.380474 0.046993 0.343933,
        0.381481 0.043440 0.342188,
        0.381379 0.047626 0.342365,
        0.382244 0.043834 0.340865,
        0.386739 0.033670 0.333081,
        0.386982 0.029578 0.332660,
        0.387057 0.033636 0.332530,
        0.387221 0.029567 0.332246,
        0.387517 0.033738 0.331732,
        0.388100 0.029751 0.330723,
        0.388785 0.030227 0.329537,
        0.385608 0.034701 0.335040,
        0.384300 0.032411 0.337306,
        0.385905 0.034220 0.334525,
        0.384833 0.031183 0.336382,
        0.386279 0.033869 0.333877,
        0.385408 0.030382 0.335387,
        0.386115 0.029833 0.334161,
        0.385267 0.034701 0.334843,
        0.385061 0.035242 0.335200,
        0.384835 0.036205 0.335591,
        0.384563 0.038581 0.336063,
        0.386716 0.033636 0.332333,
        0.386398 0.033670 0.332885,
        0.385938 0.033869 0.333680,
        0.385564 0.034220 0.334328,
        0.388050 0.034799 0.330022,
        0.387879 0.034458 0.330319,
        0.387541 0.034002 0.330904,
        0.387176 0.033738 0.331535,
        0.388567 0.037861 0.329128,
        0.388490 0.036506 0.329261,
        0.388324 0.035598 0.329549,
        0.387633 0.042217 0.330745,
        0.387861 0.041754 0.330350,
        0.388249 0.040628 0.329678,
        0.388476 0.039420 0.329286,
        0.385300 0.043936 0.334786,
        0.386305 0.043686 0.333045,
        0.387023 0.043107 0.331801,
        0.384203 0.043936 0.336687,
      ]
    }
    coordIndex [
      59, 60, 49, -1,
      49, 60, 47, -1,
      61, 59, 52, -1,
      52, 59, 49, -1,
      62, 61, 51, -1,
      51, 61, 52, -1,
      63, 62, 53, -1,
      53, 62, 51, -1,
      64, 63, 54, -1,
      54, 63, 53, -1,
      65, 64, 55, -1,
      55, 64, 54, -1,
      66, 65, 56, -1,
      56, 65, 55, -1,
      67, 66, 50, -1,
      50, 66, 56, -1,
      68, 67, 58, -1,
      58, 67, 50, -1,
      69, 68, 57, -1,
      57, 68, 58, -1,
      70, 69, 48, -1,
      48, 69, 57, -1,
      60, 70, 47, -1,
      47, 70, 48, -1,
      70, 60, 59, -1,
      59, 61, 70, -1,
      70, 61, 62, -1,
      70, 62, 69, -1,
      67, 68, 66, -1,
      66, 68, 69, -1,
      66, 69, 65, -1,
      65, 69, 62, -1,
      65, 62, 64, -1,
      64, 62, 63, -1,
      71, 72, 73, -1,
      74, 75, 76, -1,
      77, 78, 75, -1,
      75, 78, 71, -1,
      75, 71, 76, -1,
      76, 71, 73, -1,
      79, 80, 81, -1,
      81, 80, 82, -1,
      81, 82, 83, -1,
      83, 82, 84, -1,
      83, 84, 85, -1,
      85, 84, 86, -1,
      85, 86, 87, -1,
      87, 86, 88, -1,
      87, 88, 89, -1,
      90, 91, 92, -1,
      76, 93, 74, -1,
      74, 93, 94, -1,
      74, 94, 95, -1,
      95, 94, 96, -1,
      95, 96, 97, -1,
      97, 96, 98, -1,
      97, 98, 99, -1,
      99, 98, 100, -1,
      99, 100, 101, -1,
      101, 100, 89, -1,
      101, 89, 102, -1,
      102, 89, 88, -1,
      90, 92, 103, -1,
      103, 92, 104, -1,
      103, 104, 105, -1,
      106, 107, 108, -1,
      108, 107, 109, -1,
      108, 109, 110, -1,
      110, 109, 111, -1,
      110, 111, 112, -1,
      112, 111, 113, -1,
      112, 113, 114, -1,
      114, 113, 115, -1,
      114, 115, 116, -1,
      116, 115, 117, -1,
      116, 117, 118, -1,
      118, 117, 119, -1,
      118, 119, 120, -1,
      120, 119, 121, -1,
      120, 121, 122, -1,
      122, 121, 123, -1,
      122, 123, 124, -1,
      124, 123, 125, -1,
      124, 125, 71, -1,
      71, 125, 105, -1,
      71, 105, 72, -1,
      72, 105, 104, -1,
      126, 127, 128, -1,
      128, 127, 129, -1,
      128, 129, 130, -1,
      130, 129, 131, -1,
      130, 131, 79, -1,
      79, 131, 132, -1,
      79, 132, 80, -1,
      91, 90, 133, -1,
      133, 90, 134, -1,
      133, 134, 135, -1,
      135, 134, 136, -1,
      135, 136, 137, -1,
      137, 136, 138, -1,
      137, 138, 126, -1,
      126, 138, 139, -1,
      126, 139, 127, -1,
      112, 28, 7, -1,
      112, 7, 110, -1,
      110, 7, 8, -1,
      110, 8, 108, -1,
      108, 8, 9, -1,
      108, 9, 106, -1,
      107, 106, 1, -1,
      1, 106, 9, -1,
      107, 1, 17, -1,
      107, 17, 109, -1,
      109, 17, 19, -1,
      109, 19, 111, -1,
      111, 19, 35, -1,
      111, 35, 113, -1,
      113, 35, 34, -1,
      113, 34, 115, -1,
      115, 34, 33, -1,
      115, 33, 117, -1,
      117, 33, 32, -1,
      117, 32, 119, -1,
      119, 32, 31, -1,
      119, 31, 121, -1,
      121, 31, 27, -1,
      121, 27, 123, -1,
      123, 27, 26, -1,
      123, 26, 125, -1,
      125, 26, 25, -1,
      125, 25, 105, -1,
      103, 105, 18, -1,
      18, 105, 25, -1,
      103, 18, 16, -1,
      103, 16, 90, -1,
      90, 16, 15, -1,
      90, 15, 134, -1,
      134, 15, 0, -1,
      134, 0, 136, -1,
      136, 0, 2, -1,
      136, 2, 138, -1,
      138, 2, 3, -1,
      138, 3, 139, -1,
      139, 3, 37, -1,
      139, 37, 127, -1,
      127, 37, 36, -1,
      127, 36, 129, -1,
      129, 36, 14, -1,
      129, 14, 131, -1,
      131, 14, 13, -1,
      131, 13, 132, -1,
      132, 13, 24, -1,
      132, 24, 80, -1,
      80, 24, 23, -1,
      80, 23, 82, -1,
      43, 102, 88, -1,
      82, 23, 22, -1,
      82, 22, 84, -1,
      84, 22, 46, -1,
      84, 46, 86, -1,
      86, 46, 45, -1,
      86, 45, 88, -1,
      88, 45, 44, -1,
      88, 44, 43, -1,
      102, 43, 5, -1,
      102, 5, 101, -1,
      101, 5, 21, -1,
      101, 21, 99, -1,
      99, 21, 20, -1,
      99, 20, 97, -1,
      97, 20, 12, -1,
      97, 12, 95, -1,
      95, 12, 11, -1,
      95, 11, 74, -1,
      75, 74, 10, -1,
      10, 74, 11, -1,
      77, 75, 4, -1,
      4, 75, 10, -1,
      78, 77, 6, -1,
      6, 77, 4, -1,
      71, 78, 41, -1,
      41, 78, 6, -1,
      71, 41, 40, -1,
      71, 40, 124, -1,
      124, 40, 39, -1,
      124, 39, 122, -1,
      122, 39, 38, -1,
      122, 38, 120, -1,
      120, 38, 42, -1,
      120, 42, 118, -1,
      118, 42, 30, -1,
      118, 30, 116, -1,
      116, 30, 29, -1,
      116, 29, 114, -1,
      114, 29, 28, -1,
      114, 28, 112, -1,
      133, 140, 141, -1,
      133, 141, 91, -1,
      91, 141, 142, -1,
      91, 142, 92, -1,
      92, 142, 143, -1,
      92, 143, 104, -1,
      128, 144, 145, -1,
      128, 145, 126, -1,
      126, 145, 146, -1,
      126, 146, 137, -1,
      137, 146, 147, -1,
      137, 147, 135, -1,
      135, 147, 140, -1,
      135, 140, 133, -1,
      83, 148, 149, -1,
      83, 149, 81, -1,
      81, 149, 150, -1,
      81, 150, 79, -1,
      79, 150, 151, -1,
      79, 151, 130, -1,
      130, 151, 144, -1,
      130, 144, 128, -1,
      89, 152, 153, -1,
      89, 153, 87, -1,
      87, 153, 154, -1,
      87, 154, 85, -1,
      85, 154, 148, -1,
      85, 148, 83, -1,
      94, 155, 156, -1,
      94, 156, 96, -1,
      96, 156, 157, -1,
      96, 157, 98, -1,
      98, 157, 158, -1,
      98, 158, 100, -1,
      100, 158, 152, -1,
      100, 152, 89, -1,
      73, 159, 160, -1,
      73, 160, 76, -1,
      76, 160, 161, -1,
      76, 161, 93, -1,
      93, 161, 155, -1,
      93, 155, 94, -1,
      73, 72, 159, -1,
      159, 72, 162, -1,
      72, 104, 162, -1,
      162, 104, 143, -1,
    ]
  }
}

Shape {
  appearance Appearance {
    material Material {
      diffuseColor 0.6471 0.6196 0.5882
      specularColor 0.4510 0.4353 0.4118
      ambientIntensity 0.2
      transparency 0.0000
      shininess 0.5
    }
  }
  geometry IndexedFaceSet {
    ccw TRUE
    solid FALSE
    coord DEF co Coordinate {
      point [
        0.385267 0.034701 0.334843,
        0.385061 0.035242 0.335200,
        0.384835 0.036205 0.335591,
        0.384563 0.038581 0.336063,
        0.386716 0.033636 0.332333,
        0.386398 0.033670 0.332885,
        0.385938 0.033869 0.333680,
        0.385564 0.034220 0.334328,
        0.388050 0.034799 0.330022,
        0.387879 0.034458 0.330319,
        0.387541 0.034002 0.330904,
        0.387176 0.033738 0.331535,
        0.388567 0.037861 0.329128,
        0.388490 0.036506 0.329261,
        0.388324 0.035598 0.329549,
        0.387633 0.042217 0.330745,
        0.387861 0.041754 0.330350,
        0.388249 0.040628 0.329678,
        0.388476 0.039420 0.329286,
        0.385300 0.043936 0.334786,
        0.386305 0.043686 0.333045,
        0.387023 0.043107 0.331801,
        0.384203 0.043936 0.336687,
      ]
    }
    coordIndex [
      16, 15, 3, -1,
      3, 15, 21, -1,
      18, 2, 1, -1,
      2, 18, 3, -1,
      3, 18, 17, -1,
      3, 17, 16, -1,
      21, 20, 3, -1,
      3, 20, 19, -1,
      3, 19, 22, -1,
      6, 5, 18, -1,
      18, 5, 4, -1,
      18, 4, 11, -1,
      14, 13, 8, -1,
      8, 13, 12, -1,
      8, 12, 18, -1,
      1, 0, 18, -1,
      18, 0, 7, -1,
      18, 7, 6, -1,
      11, 10, 18, -1,
      18, 10, 9, -1,
      18, 9, 8, -1,
    ]
  }
}

Shape {
  appearance Appearance {
    material Material {
      diffuseColor 0.0000 0.0000 0.0000
      specularColor 0.0000 0.0000 0.0000
      ambientIntensity 0.2
      transparency 0.0000
      shininess 0.5
    }
  }
  geometry IndexedFaceSet {
    ccw TRUE
    solid FALSE
    coord DEF co Coordinate {
      point [
        0.390033 0.062922 0.326588,
        0.390077 0.062106 0.326512,
        0.375770 0.101335 0.351293,
        0.380895 0.101335 0.342415,
        0.380895 0.107332 0.342415,
        0.388116 0.114426 0.329908,
        0.389942 0.114426 0.326746,
        0.375770 0.113698 0.351293,
        0.373928 0.113698 0.354483,
        0.388116 0.101335 0.329908,
        0.388116 0.107332 0.329908,
        0.382729 0.101335 0.339239,
        0.382729 0.107332 0.339239,
        0.382729 0.112789 0.339239,
        0.380895 0.112789 0.342415,
        0.375770 0.107332 0.351293,
        0.389942 0.107332 0.326746,
        0.389942 0.097201 0.326746,
        0.373928 0.097201 0.354483,
        0.380241 0.054030 0.343548,
        0.380887 0.053560 0.342428,
        0.383743 0.055202 0.337482,
        0.387469 0.053383 0.331028,
        0.383755 0.055238 0.337461,
        0.387921 0.054825 0.330246,
        0.388002 0.055238 0.330107,
        0.383400 0.054546 0.338076,
        0.383000 0.054041 0.338769,
        0.382391 0.053591 0.339824,
        0.381591 0.053408 0.341210,
        0.389541 0.053383 0.327441,
        0.389867 0.055238 0.326875,
        0.390034 0.056185 0.326587,
        0.390077 0.057007 0.326512,
        0.378750 0.067735 0.346131,
        0.380698 0.067735 0.342756,
        0.387613 0.068653 0.330779,
        0.388250 0.068172 0.329676,
        0.388781 0.067437 0.328756,
        0.379698 0.054767 0.344488,
        0.379486 0.055238 0.344856,
        0.379151 0.055979 0.345436,
        0.378855 0.056939 0.345948,
        0.384939 0.067490 0.335410,
        0.385465 0.068211 0.334500,
        0.386051 0.068651 0.333485,
        0.386831 0.068833 0.332135,
        0.378438 0.059082 0.346671,
        0.378243 0.062316 0.347010,
        0.378367 0.065130 0.346794,
        0.389303 0.066254 0.327852,
        0.389646 0.065102 0.327258,
        0.379872 0.061922 0.344188,
        0.379916 0.060735 0.344111,
        0.381411 0.057543 0.341522,
        0.380058 0.059662 0.343865,
        0.380297 0.058763 0.343450,
        0.381678 0.057579 0.341060,
        0.381989 0.057738 0.340520,
        0.382260 0.058027 0.340052,
        0.382475 0.058419 0.339679,
        0.382917 0.059833 0.338913,
        0.380043 0.064733 0.343891,
        0.383457 0.062316 0.337977,
        0.380484 0.067002 0.343128,
        0.383772 0.063869 0.337433,
        0.384513 0.066533 0.336149,
        0.380565 0.058157 0.342987,
        0.380820 0.057813 0.342545,
        0.381091 0.057615 0.342076,
        0.388411 0.057334 0.329397,
        0.384915 0.059483 0.335453,
        0.384367 0.057092 0.336402,
        0.388574 0.059982 0.329114,
        0.388574 0.060159 0.329115,
        0.385467 0.062117 0.334497,
        0.388459 0.062216 0.329315,
        0.387027 0.064715 0.331794,
        0.386778 0.064675 0.332226,
        0.388269 0.063251 0.329643,
        0.388158 0.063617 0.329835,
        0.387954 0.064077 0.330189,
        0.387695 0.064428 0.330637,
        0.387410 0.064631 0.331131,
        0.386465 0.064493 0.332769,
        0.386198 0.064183 0.333230,
        0.385938 0.063683 0.333680,
        0.390212 0.059589 0.326278,
        0.378504 0.088719 0.346556,
        0.378504 0.092878 0.346556,
        0.373928 0.107332 0.354483,
        0.390077 0.083752 0.326512,
        0.387101 0.081383 0.331667,
        0.388043 0.081874 0.330036,
        0.388043 0.081981 0.330036,
        0.381289 0.077343 0.341732,
        0.387117 0.082472 0.331638,
        0.387650 0.082165 0.330715,
        0.386674 0.077343 0.332407,
        0.378504 0.070920 0.346556,
        0.378504 0.075407 0.346556,
        0.389917 0.079893 0.326789,
        0.390077 0.079758 0.326512,
        0.391997 0.078133 0.323187,
        0.395165 0.071747 0.317699,
        0.393380 0.071747 0.320790,
        0.393519 0.072595 0.320551,
        0.393609 0.074023 0.320393,
        0.393607 0.074217 0.320397,
        0.393532 0.075168 0.320528,
        0.393345 0.076028 0.320851,
        0.393157 0.076552 0.321178,
        0.392750 0.077300 0.321882,
        0.392711 0.077343 0.321949,
        0.394972 0.077343 0.318033,
        0.395238 0.075936 0.317573,
        0.395329 0.074334 0.317415,
        0.395287 0.072930 0.317488,
        0.391669 0.082497 0.323754,
        0.393404 0.080725 0.320748,
        0.394297 0.079259 0.319203,
        0.394452 0.078923 0.318935,
        0.394939 0.077521 0.318091,
        0.389942 0.129286 0.326746,
        0.389942 0.120476 0.326746,
        0.373928 0.120476 0.354483,
        0.386276 0.144109 0.333095,
        0.387698 0.141722 0.330631,
        0.388883 0.138432 0.328580,
        0.389602 0.134794 0.327335,
        0.376048 0.141722 0.350810,
        0.376583 0.142819 0.349885,
        0.377974 0.144809 0.347475,
        0.379496 0.146004 0.344838,
        0.373928 0.129613 0.354483,
        0.374198 0.134500 0.354016,
        0.374903 0.138366 0.352794,
        0.381730 0.146552 0.340969,
        0.382743 0.146457 0.339214,
        0.384619 0.145684 0.335965,
        0.388915 0.059982 0.329311,
        0.388262 0.054825 0.330443,
        0.388752 0.057334 0.329594,
        0.387810 0.053383 0.331225,
        0.389881 0.053383 0.327638,
        0.390375 0.056185 0.326783,
        0.390553 0.059589 0.326475,
        0.390374 0.062922 0.326785,
        0.389987 0.065102 0.327455,
        0.389644 0.066254 0.328049,
        0.389122 0.067437 0.328953,
        0.388591 0.068172 0.329872,
        0.387954 0.068653 0.330976,
        0.387172 0.068833 0.332331,
        0.386392 0.068651 0.333681,
        0.385806 0.068211 0.334697,
        0.385280 0.067490 0.335607,
        0.384854 0.066533 0.336346,
        0.384113 0.063869 0.337630,
        0.383798 0.062316 0.338174,
        0.383258 0.059833 0.339110,
        0.382816 0.058419 0.339876,
        0.382601 0.058027 0.340248,
        0.382330 0.057738 0.340717,
        0.382019 0.057579 0.341257,
        0.381752 0.057543 0.341719,
        0.381432 0.057615 0.342273,
        0.381161 0.057813 0.342742,
        0.380906 0.058157 0.343184,
        0.380638 0.058763 0.343647,
        0.380399 0.059662 0.344062,
        0.380257 0.060735 0.344307,
        0.380213 0.061922 0.344385,
        0.380384 0.064733 0.344088,
        0.380825 0.067002 0.343325,
        0.381039 0.067735 0.342953,
        0.379091 0.067735 0.346328,
        0.378708 0.065130 0.346991,
        0.378583 0.062316 0.347207,
        0.378779 0.059082 0.346868,
        0.379196 0.056939 0.346145,
        0.379492 0.055979 0.345633,
        0.380039 0.054767 0.344685,
        0.380582 0.054030 0.343744,
        0.381228 0.053560 0.342625,
        0.381932 0.053408 0.341407,
        0.382732 0.053591 0.340021,
        0.383341 0.054041 0.338966,
        0.383741 0.054546 0.338273,
        0.385256 0.059483 0.335650,
        0.384708 0.057092 0.336599,
        0.384084 0.055202 0.337679,
        0.385807 0.062117 0.334694,
        0.386279 0.063683 0.333877,
        0.386539 0.064183 0.333426,
        0.386806 0.064493 0.332966,
        0.387119 0.064675 0.332423,
        0.387368 0.064715 0.331991,
        0.387751 0.064631 0.331328,
        0.388036 0.064428 0.330834,
        0.388295 0.064077 0.330386,
        0.388499 0.063617 0.330032,
        0.388610 0.063251 0.329840,
        0.388800 0.062216 0.329511,
        0.388915 0.060159 0.329312,
        0.378845 0.088719 0.346753,
        0.378845 0.092878 0.346753,
        0.387458 0.082472 0.331835,
        0.387991 0.082165 0.330912,
        0.388383 0.081981 0.330233,
        0.388383 0.081874 0.330233,
        0.387442 0.081383 0.331863,
        0.378845 0.075407 0.346753,
        0.378845 0.070920 0.346753,
        0.390258 0.079893 0.326985,
        0.392338 0.078133 0.323383,
        0.393091 0.077300 0.322079,
        0.393498 0.076552 0.321375,
        0.393686 0.076028 0.321048,
        0.393873 0.075168 0.320725,
        0.393948 0.074217 0.320594,
        0.393950 0.074023 0.320590,
        0.393859 0.072595 0.320748,
        0.393721 0.071747 0.320987,
        0.395506 0.071747 0.317896,
        0.395628 0.072930 0.317685,
        0.395670 0.074334 0.317612,
        0.395579 0.075936 0.317770,
        0.395280 0.077521 0.318288,
        0.394793 0.078923 0.319132,
        0.394638 0.079259 0.319400,
        0.393745 0.080725 0.320945,
        0.392010 0.082497 0.323951,
        0.388457 0.114426 0.330105,
        0.390283 0.114426 0.326943,
        0.388457 0.101335 0.330105,
        0.383070 0.101335 0.339436,
        0.383070 0.112789 0.339436,
        0.381236 0.112789 0.342612,
        0.381236 0.101335 0.342612,
        0.376111 0.101335 0.351489,
        0.376111 0.113698 0.351489,
        0.374269 0.113698 0.354680,
        0.374269 0.097201 0.354680,
        0.390283 0.097201 0.326943,
        0.385798 0.140376 0.334710,
        0.386787 0.138783 0.332998,
        0.388039 0.141722 0.330828,
        0.387055 0.138192 0.332533,
        0.389224 0.138432 0.328777,
        0.387750 0.136070 0.331331,
        0.389943 0.134794 0.327532,
        0.388238 0.133331 0.330485,
        0.390283 0.129286 0.326943,
        0.388457 0.129261 0.330105,
        0.390283 0.120476 0.326943,
        0.388457 0.124611 0.330105,
        0.374269 0.120476 0.354680,
        0.376111 0.124611 0.351489,
        0.374269 0.129613 0.354680,
        0.376111 0.129450 0.351489,
        0.374539 0.134500 0.354213,
        0.376339 0.133576 0.351094,
        0.375244 0.138366 0.352991,
        0.376840 0.136354 0.350226,
        0.376389 0.141722 0.351007,
        0.377617 0.138693 0.348880,
        0.376924 0.142819 0.350081,
        0.378150 0.139746 0.347957,
        0.378315 0.144809 0.347672,
        0.379072 0.140948 0.346360,
        0.379837 0.146004 0.345035,
        0.380285 0.141810 0.344260,
        0.382071 0.146552 0.341166,
        0.382128 0.142205 0.341067,
        0.383084 0.146457 0.339411,
        0.383141 0.142099 0.339312,
        0.384960 0.145684 0.336162,
        0.384609 0.141478 0.336770,
        0.386617 0.144109 0.333292,
        0.375770 0.129450 0.351293,
        0.375770 0.124611 0.351293,
        0.388116 0.124611 0.329908,
        0.388116 0.129261 0.329908,
        0.386446 0.138783 0.332801,
        0.386714 0.138192 0.332337,
        0.387408 0.136070 0.331134,
        0.387897 0.133331 0.330288,
        0.381787 0.142205 0.340870,
        0.382800 0.142099 0.339115,
        0.384268 0.141478 0.336574,
        0.385457 0.140376 0.334513,
        0.377276 0.138693 0.348683,
        0.377809 0.139746 0.347760,
        0.378731 0.140948 0.346163,
        0.379944 0.141810 0.344063,
        0.375998 0.133576 0.350898,
        0.376499 0.136354 0.350030,
      ]
    }
    coordIndex [
      140, 73, 70, -1,
      25, 141, 70, -1,
      70, 141, 142, -1,
      70, 142, 140, -1,
      25, 24, 141, -1,
      141, 24, 22, -1,
      141, 22, 143, -1,
      144, 143, 30, -1,
      30, 143, 22, -1,
      144, 30, 145, -1,
      145, 30, 31, -1,
      87, 146, 33, -1,
      33, 146, 145, -1,
      33, 145, 32, -1,
      32, 145, 31, -1,
      146, 87, 147, -1,
      147, 87, 1, -1,
      1, 0, 147, -1,
      147, 0, 51, -1,
      147, 51, 148, -1,
      148, 51, 50, -1,
      148, 50, 149, -1,
      149, 50, 38, -1,
      149, 38, 150, -1,
      150, 38, 37, -1,
      150, 37, 151, -1,
      151, 37, 36, -1,
      151, 36, 152, -1,
      152, 36, 46, -1,
      152, 46, 153, -1,
      153, 46, 45, -1,
      153, 45, 154, -1,
      154, 45, 44, -1,
      154, 44, 155, -1,
      155, 44, 43, -1,
      155, 43, 156, -1,
      156, 43, 66, -1,
      156, 66, 157, -1,
      157, 66, 65, -1,
      157, 65, 158, -1,
      158, 65, 63, -1,
      158, 63, 159, -1,
      159, 63, 61, -1,
      159, 61, 160, -1,
      160, 61, 60, -1,
      160, 60, 161, -1,
      161, 60, 59, -1,
      161, 59, 162, -1,
      162, 59, 58, -1,
      162, 58, 163, -1,
      163, 58, 57, -1,
      163, 57, 164, -1,
      164, 57, 54, -1,
      164, 54, 165, -1,
      165, 54, 69, -1,
      165, 69, 166, -1,
      166, 69, 68, -1,
      166, 68, 167, -1,
      167, 68, 67, -1,
      167, 67, 168, -1,
      168, 67, 56, -1,
      168, 56, 169, -1,
      169, 56, 55, -1,
      169, 55, 170, -1,
      170, 55, 53, -1,
      170, 53, 171, -1,
      171, 53, 52, -1,
      171, 52, 172, -1,
      172, 52, 62, -1,
      172, 62, 173, -1,
      173, 62, 64, -1,
      173, 64, 174, -1,
      174, 64, 35, -1,
      174, 35, 175, -1,
      176, 175, 34, -1,
      34, 175, 35, -1,
      176, 34, 49, -1,
      176, 49, 177, -1,
      177, 49, 48, -1,
      177, 48, 178, -1,
      178, 48, 47, -1,
      178, 47, 179, -1,
      179, 47, 42, -1,
      179, 42, 180, -1,
      180, 42, 41, -1,
      180, 41, 181, -1,
      181, 41, 182, -1,
      182, 41, 40, -1,
      40, 39, 182, -1,
      182, 39, 19, -1,
      182, 19, 183, -1,
      183, 19, 20, -1,
      183, 20, 184, -1,
      184, 20, 29, -1,
      184, 29, 185, -1,
      185, 29, 28, -1,
      185, 28, 186, -1,
      186, 28, 27, -1,
      186, 27, 187, -1,
      187, 27, 26, -1,
      187, 26, 188, -1,
      71, 189, 190, -1,
      188, 26, 21, -1,
      188, 21, 191, -1,
      191, 21, 23, -1,
      191, 23, 190, -1,
      190, 23, 72, -1,
      190, 72, 71, -1,
      189, 71, 75, -1,
      189, 75, 192, -1,
      192, 75, 86, -1,
      192, 86, 193, -1,
      193, 86, 85, -1,
      193, 85, 194, -1,
      194, 85, 84, -1,
      194, 84, 195, -1,
      195, 84, 78, -1,
      195, 78, 196, -1,
      196, 78, 77, -1,
      196, 77, 197, -1,
      197, 77, 83, -1,
      197, 83, 198, -1,
      198, 83, 82, -1,
      198, 82, 199, -1,
      199, 82, 81, -1,
      199, 81, 200, -1,
      200, 81, 80, -1,
      200, 80, 201, -1,
      201, 80, 79, -1,
      201, 79, 202, -1,
      202, 79, 76, -1,
      202, 76, 203, -1,
      203, 76, 74, -1,
      203, 74, 204, -1,
      204, 74, 73, -1,
      204, 73, 140, -1,
      167, 168, 181, -1,
      181, 168, 180, -1,
      180, 168, 169, -1,
      180, 169, 179, -1,
      199, 150, 151, -1,
      192, 159, 189, -1,
      189, 159, 160, -1,
      199, 151, 198, -1,
      198, 151, 152, -1,
      198, 152, 197, -1,
      197, 152, 153, -1,
      197, 153, 196, -1,
      196, 153, 154, -1,
      196, 154, 195, -1,
      195, 154, 155, -1,
      195, 155, 194, -1,
      194, 155, 156, -1,
      194, 156, 193, -1,
      193, 156, 157, -1,
      193, 157, 192, -1,
      192, 157, 158, -1,
      192, 158, 159, -1,
      150, 199, 149, -1,
      149, 199, 200, -1,
      149, 200, 148, -1,
      146, 140, 145, -1,
      145, 140, 142, -1,
      145, 142, 144, -1,
      144, 142, 141, -1,
      144, 141, 143, -1,
      169, 170, 179, -1,
      179, 170, 171, -1,
      179, 171, 178, -1,
      178, 171, 172, -1,
      178, 172, 177, -1,
      177, 172, 173, -1,
      177, 173, 176, -1,
      176, 173, 174, -1,
      176, 174, 175, -1,
      200, 201, 148, -1,
      148, 201, 202, -1,
      148, 202, 147, -1,
      147, 202, 203, -1,
      147, 203, 146, -1,
      146, 203, 204, -1,
      146, 204, 140, -1,
      181, 182, 167, -1,
      167, 182, 183, -1,
      167, 183, 166, -1,
      166, 183, 184, -1,
      166, 184, 165, -1,
      165, 184, 185, -1,
      165, 185, 164, -1,
      164, 185, 186, -1,
      164, 186, 163, -1,
      163, 186, 187, -1,
      163, 187, 162, -1,
      162, 187, 188, -1,
      162, 188, 161, -1,
      161, 188, 191, -1,
      161, 191, 160, -1,
      160, 191, 190, -1,
      160, 190, 189, -1,
      205, 206, 88, -1,
      88, 206, 89, -1,
      207, 205, 96, -1,
      96, 205, 88, -1,
      207, 96, 97, -1,
      207, 97, 208, -1,
      208, 97, 94, -1,
      208, 94, 209, -1,
      210, 209, 93, -1,
      93, 209, 94, -1,
      211, 210, 92, -1,
      92, 210, 93, -1,
      100, 212, 95, -1,
      95, 212, 211, -1,
      95, 211, 92, -1,
      213, 212, 99, -1,
      99, 212, 100, -1,
      101, 214, 98, -1,
      98, 214, 213, -1,
      98, 213, 99, -1,
      103, 215, 102, -1,
      102, 215, 214, -1,
      102, 214, 101, -1,
      103, 113, 215, -1,
      215, 113, 216, -1,
      113, 112, 216, -1,
      216, 112, 111, -1,
      216, 111, 217, -1,
      217, 111, 110, -1,
      217, 110, 218, -1,
      218, 110, 109, -1,
      218, 109, 219, -1,
      219, 109, 108, -1,
      219, 108, 220, -1,
      220, 108, 107, -1,
      220, 107, 221, -1,
      221, 107, 106, -1,
      221, 106, 222, -1,
      222, 106, 105, -1,
      222, 105, 223, -1,
      224, 223, 104, -1,
      104, 223, 105, -1,
      224, 104, 117, -1,
      224, 117, 225, -1,
      225, 117, 116, -1,
      225, 116, 226, -1,
      226, 116, 115, -1,
      226, 115, 227, -1,
      227, 115, 114, -1,
      227, 114, 228, -1,
      114, 122, 228, -1,
      228, 122, 121, -1,
      228, 121, 229, -1,
      229, 121, 120, -1,
      229, 120, 230, -1,
      230, 120, 119, -1,
      230, 119, 231, -1,
      231, 119, 118, -1,
      231, 118, 232, -1,
      89, 206, 91, -1,
      91, 206, 232, -1,
      91, 232, 118, -1,
      208, 209, 232, -1,
      206, 205, 232, -1,
      232, 205, 207, -1,
      232, 207, 208, -1,
      212, 213, 211, -1,
      211, 213, 214, -1,
      211, 214, 210, -1,
      217, 218, 228, -1,
      226, 221, 225, -1,
      225, 221, 222, -1,
      225, 222, 224, -1,
      224, 222, 223, -1,
      209, 210, 232, -1,
      232, 210, 214, -1,
      232, 214, 231, -1,
      228, 218, 227, -1,
      227, 218, 219, -1,
      227, 219, 226, -1,
      226, 219, 220, -1,
      226, 220, 221, -1,
      214, 215, 231, -1,
      231, 215, 216, -1,
      231, 216, 230, -1,
      230, 216, 217, -1,
      230, 217, 229, -1,
      229, 217, 228, -1,
      233, 234, 5, -1,
      5, 234, 6, -1,
      9, 235, 10, -1,
      10, 235, 233, -1,
      10, 233, 5, -1,
      236, 235, 11, -1,
      11, 235, 9, -1,
      13, 237, 12, -1,
      12, 237, 236, -1,
      12, 236, 11, -1,
      238, 237, 14, -1,
      14, 237, 13, -1,
      3, 239, 4, -1,
      4, 239, 238, -1,
      4, 238, 14, -1,
      240, 239, 2, -1,
      2, 239, 3, -1,
      7, 241, 15, -1,
      15, 241, 240, -1,
      15, 240, 2, -1,
      242, 241, 8, -1,
      8, 241, 7, -1,
      18, 243, 90, -1,
      90, 243, 242, -1,
      90, 242, 8, -1,
      244, 243, 17, -1,
      17, 243, 18, -1,
      6, 234, 16, -1,
      16, 234, 244, -1,
      16, 244, 17, -1,
      241, 242, 240, -1,
      240, 242, 243, -1,
      240, 243, 239, -1,
      234, 233, 244, -1,
      244, 233, 235, -1,
      244, 235, 236, -1,
      237, 238, 236, -1,
      236, 238, 239, -1,
      236, 239, 244, -1,
      244, 239, 243, -1,
      245, 246, 247, -1,
      247, 246, 248, -1,
      247, 248, 249, -1,
      249, 248, 250, -1,
      249, 250, 251, -1,
      251, 250, 252, -1,
      251, 252, 253, -1,
      253, 252, 254, -1,
      253, 254, 255, -1,
      255, 254, 256, -1,
      255, 256, 257, -1,
      257, 256, 258, -1,
      257, 258, 259, -1,
      259, 258, 260, -1,
      259, 260, 261, -1,
      261, 260, 262, -1,
      261, 262, 263, -1,
      263, 262, 264, -1,
      263, 264, 265, -1,
      265, 264, 266, -1,
      265, 266, 267, -1,
      267, 266, 268, -1,
      267, 268, 269, -1,
      269, 268, 270, -1,
      269, 270, 271, -1,
      271, 270, 272, -1,
      271, 272, 273, -1,
      273, 272, 274, -1,
      273, 274, 275, -1,
      275, 274, 276, -1,
      275, 276, 277, -1,
      277, 276, 278, -1,
      277, 278, 279, -1,
      279, 278, 245, -1,
      279, 245, 247, -1,
      253, 255, 123, -1,
      123, 255, 124, -1,
      253, 123, 129, -1,
      253, 129, 251, -1,
      251, 129, 128, -1,
      251, 128, 249, -1,
      249, 128, 127, -1,
      249, 127, 247, -1,
      247, 127, 126, -1,
      247, 126, 279, -1,
      279, 126, 139, -1,
      279, 139, 277, -1,
      277, 139, 138, -1,
      277, 138, 275, -1,
      275, 138, 137, -1,
      275, 137, 273, -1,
      273, 137, 133, -1,
      273, 133, 271, -1,
      271, 133, 132, -1,
      271, 132, 269, -1,
      269, 132, 131, -1,
      269, 131, 267, -1,
      267, 131, 130, -1,
      267, 130, 265, -1,
      265, 130, 136, -1,
      265, 136, 263, -1,
      263, 136, 135, -1,
      263, 135, 261, -1,
      261, 135, 134, -1,
      261, 134, 259, -1,
      257, 259, 125, -1,
      125, 259, 134, -1,
      255, 257, 124, -1,
      124, 257, 125, -1,
      260, 258, 280, -1,
      280, 258, 281, -1,
      258, 256, 281, -1,
      281, 256, 282, -1,
      256, 254, 282, -1,
      282, 254, 283, -1,
      246, 284, 285, -1,
      246, 285, 248, -1,
      248, 285, 286, -1,
      248, 286, 250, -1,
      250, 286, 287, -1,
      250, 287, 252, -1,
      252, 287, 283, -1,
      252, 283, 254, -1,
      274, 288, 289, -1,
      274, 289, 276, -1,
      276, 289, 290, -1,
      276, 290, 278, -1,
      278, 290, 291, -1,
      278, 291, 245, -1,
      245, 291, 284, -1,
      245, 284, 246, -1,
      266, 292, 293, -1,
      266, 293, 268, -1,
      268, 293, 294, -1,
      268, 294, 270, -1,
      270, 294, 295, -1,
      270, 295, 272, -1,
      272, 295, 288, -1,
      272, 288, 274, -1,
      260, 280, 296, -1,
      260, 296, 262, -1,
      262, 296, 297, -1,
      262, 297, 264, -1,
      264, 297, 292, -1,
      264, 292, 266, -1,
    ]
  }
}

Shape {
  appearance Appearance {
    material Material {
      diffuseColor 0.6471 0.6196 0.5882
      specularColor 0.4510 0.4353 0.4118
      ambientIntensity 0.2
      transparency 0.0000
      shininess 0.5
    }
  }
  geometry IndexedFaceSet {
    ccw TRUE
    solid FALSE
    coord DEF co Coordinate {
      point [
        0.375770 0.129450 0.351293,
        0.375770 0.124611 0.351293,
        0.388116 0.124611 0.329908,
        0.388116 0.129261 0.329908,
        0.386446 0.138783 0.332801,
        0.386714 0.138192 0.332337,
        0.387408 0.136070 0.331134,
        0.387897 0.133331 0.330288,
        0.381787 0.142205 0.340870,
        0.382800 0.142099 0.339115,
        0.384268 0.141478 0.336574,
        0.385457 0.140376 0.334513,
        0.377276 0.138693 0.348683,
        0.377809 0.139746 0.347760,
        0.378731 0.140948 0.346163,
        0.379944 0.141810 0.344063,
        0.375998 0.133576 0.350898,
        0.376499 0.136354 0.350030,
      ]
    }
    coordIndex [
      1, 2, 0, -1,
      0, 2, 3, -1,
      0, 3, 7, -1,
      7, 6, 0, -1,
      0, 6, 5, -1,
      0, 5, 4, -1,
      4, 11, 0, -1,
      0, 11, 10, -1,
      0, 10, 9, -1,
      9, 8, 0, -1,
      0, 8, 15, -1,
      0, 15, 14, -1,
      14, 13, 0, -1,
      0, 13, 12, -1,
      0, 12, 16, -1,
      16, 12, 17, -1,
    ]
  }
}

Shape {
  appearance Appearance {
    material Material {
      diffuseColor 0.0000 0.0000 0.0000
      specularColor 0.0000 0.0000 0.0000
      ambientIntensity 0.2
      transparency 0.0000
      shininess 0.5
    }
  }
  geometry IndexedFaceSet {
    ccw TRUE
    solid FALSE
    coord DEF co Coordinate {
      point [
        0.373928 0.164949 0.354483,
        0.389942 0.177148 0.326746,
        0.389942 0.172579 0.326746,
        0.385562 0.169313 0.334333,
        0.385562 0.155976 0.334333,
        0.389942 0.152897 0.326746,
        0.389942 0.148329 0.326746,
        0.373928 0.160528 0.354483,
        0.384093 0.157286 0.337663,
        0.385903 0.155976 0.334530,
        0.384093 0.168035 0.337663,
        0.385903 0.169313 0.334530,
        0.377437 0.162075 0.349192,
        0.374269 0.160528 0.354680,
        0.390283 0.148329 0.326943,
        0.390283 0.152897 0.326943,
        0.376959 0.162352 0.350020,
        0.376316 0.162599 0.351135,
        0.374269 0.164949 0.354680,
        0.376316 0.162697 0.351135,
        0.376993 0.162956 0.349961,
        0.377437 0.163197 0.349192,
        0.390283 0.177148 0.326943,
        0.390283 0.172579 0.326943,
        0.383752 0.157286 0.337467,
        0.383752 0.168035 0.337467,
        0.377096 0.163197 0.348995,
        0.375975 0.162697 0.350938,
        0.376652 0.162956 0.349765,
        0.375975 0.162599 0.350938,
        0.377096 0.162075 0.348995,
        0.376619 0.162352 0.349823,
      ]
    }
    coordIndex [
      8, 9, 10, -1,
      10, 9, 11, -1,
      12, 13, 8, -1,
      8, 13, 14, -1,
      8, 14, 9, -1,
      9, 14, 15, -1,
      12, 16, 13, -1,
      13, 16, 17, -1,
      13, 17, 18, -1,
      18, 17, 19, -1,
      18, 19, 20, -1,
      20, 21, 18, -1,
      18, 21, 10, -1,
      18, 10, 22, -1,
      22, 10, 11, -1,
      22, 11, 23, -1,
      18, 22, 0, -1,
      0, 22, 1, -1,
      13, 18, 7, -1,
      7, 18, 0, -1,
      14, 13, 6, -1,
      6, 13, 7, -1,
      15, 14, 5, -1,
      5, 14, 6, -1,
      9, 15, 4, -1,
      4, 15, 5, -1,
      11, 9, 3, -1,
      3, 9, 4, -1,
      23, 11, 2, -1,
      2, 11, 3, -1,
      22, 23, 1, -1,
      1, 23, 2, -1,
      8, 10, 24, -1,
      24, 10, 25, -1,
      10, 21, 25, -1,
      25, 21, 26, -1,
      19, 27, 28, -1,
      19, 28, 20, -1,
      20, 28, 26, -1,
      20, 26, 21, -1,
      19, 17, 27, -1,
      27, 17, 29, -1,
      12, 30, 31, -1,
      12, 31, 16, -1,
      16, 31, 29, -1,
      16, 29, 17, -1,
      12, 8, 30, -1,
      30, 8, 24, -1,
    ]
  }
}

Shape {
  appearance Appearance {
    material Material {
      diffuseColor 0.6471 0.6196 0.5882
      specularColor 0.4510 0.4353 0.4118
      ambientIntensity 0.2
      transparency 0.0000
      shininess 0.5
    }
  }
  geometry IndexedFaceSet {
    ccw TRUE
    solid FALSE
    coord DEF co Coordinate {
      point [
        0.383752 0.157286 0.337467,
        0.383752 0.168035 0.337467,
        0.377096 0.163197 0.348995,
        0.375975 0.162697 0.350938,
        0.376652 0.162956 0.349765,
        0.375975 0.162599 0.350938,
        0.377096 0.162075 0.348995,
        0.376619 0.162352 0.349823,
      ]
    }
    coordIndex [
      3, 5, 4, -1,
      4, 5, 7, -1,
      4, 7, 2, -1,
      2, 7, 6, -1,
      2, 6, 1, -1,
      1, 6, 0, -1,
    ]
  }
}

Shape {
  appearance Appearance {
    material Material {
      diffuseColor 0.0000 0.0000 0.0000
      specularColor 0.0000 0.0000 0.0000
      ambientIntensity 0.2
      transparency 0.0000
      shininess 0.5
    }
  }
  geometry IndexedFaceSet {
    ccw TRUE
    solid FALSE
    coord DEF co Coordinate {
      point [
        0.361251 -0.031663 0.376440,
        0.363934 -0.025643 0.371793,
        0.348388 -0.057801 0.398719,
        0.350147 -0.052569 0.395672,
        0.354455 -0.045102 0.388210,
        0.359142 -0.040272 0.380093,
        0.359476 -0.038365 0.379513,
        0.344720 -0.074152 0.405073,
        0.346733 -0.062724 0.401585,
        0.346952 -0.105328 0.401207,
        0.344924 -0.094829 0.404719,
        0.344227 -0.083538 0.405927,
        0.354008 -0.135127 0.388985,
        0.353449 -0.126120 0.389953,
        0.364672 -0.159776 0.370514,
        0.362450 -0.157814 0.374364,
        0.358914 -0.152307 0.380487,
        0.348388 -0.109964 0.398719,
        0.348667 -0.110863 0.398236,
        0.350959 -0.116215 0.394267,
        0.353520 -0.123502 0.389830,
        0.353677 -0.120883 0.389559,
        0.358199 -0.150798 0.381726,
        0.355650 -0.143560 0.386141,
        0.389770 -0.135229 0.327044,
        0.389332 -0.138145 0.327801,
        0.387324 -0.146370 0.331280,
        0.384304 -0.153446 0.336510,
        0.380625 -0.158611 0.342883,
        0.376388 -0.161891 0.350222,
        0.371894 -0.163010 0.358006,
        0.370833 -0.162949 0.359844,
        0.369368 -0.162431 0.362381,
        0.366553 -0.161435 0.367257,
        0.395976 -0.125120 0.316294,
        0.394296 -0.129572 0.319205,
        0.392205 -0.132955 0.322826,
        0.390077 -0.134942 0.326512,
        0.397512 -0.113596 0.313634,
        0.397174 -0.108099 0.314219,
        0.396420 -0.104165 0.315525,
        0.397504 -0.114493 0.313649,
        0.397082 -0.119869 0.314379,
        0.396420 -0.123011 0.315525,
        0.390077 -0.092252 0.326512,
        0.390098 -0.092262 0.326476,
        0.392639 -0.094946 0.322074,
        0.394624 -0.098482 0.318636,
        0.396201 -0.103019 0.315905,
        0.378498 -0.096517 0.346568,
        0.370528 -0.066004 0.360372,
        0.376690 -0.100485 0.349698,
        0.375394 -0.105315 0.351944,
        0.389954 -0.061041 0.326724,
        0.389726 -0.062570 0.327121,
        0.389260 -0.064134 0.327927,
        0.388730 -0.065232 0.328845,
        0.373195 -0.031953 0.355752,
        0.371007 -0.033012 0.359542,
        0.369368 -0.034769 0.362381,
        0.369368 -0.148099 0.362381,
        0.383781 -0.064412 0.337417,
        0.383309 -0.062986 0.338234,
        0.376562 -0.058944 0.349920,
        0.383026 -0.061408 0.338726,
        0.382125 -0.022085 0.340285,
        0.384874 -0.026154 0.335524,
        0.385362 -0.027092 0.334679,
        0.387741 -0.033126 0.330557,
        0.376184 -0.146780 0.350576,
        0.378522 -0.144036 0.346525,
        0.379685 -0.132473 0.344511,
        0.380618 -0.139950 0.342895,
        0.382141 -0.135001 0.340257,
        0.375919 -0.124046 0.351034,
        0.377535 -0.128704 0.348236,
        0.371666 -0.148664 0.358400,
        0.373394 -0.148400 0.355407,
        0.370732 -0.018571 0.360018,
        0.374057 -0.017728 0.354259,
        0.374852 -0.017767 0.352883,
        0.378574 -0.019025 0.346435,
        0.389336 -0.040150 0.327795,
        0.389997 -0.046876 0.326650,
        0.389997 -0.060311 0.326650,
        0.386468 -0.066915 0.332763,
        0.386094 -0.066875 0.333410,
        0.384987 -0.090824 0.335327,
        0.385223 -0.066456 0.334919,
        0.384434 -0.065609 0.336286,
        0.374959 -0.119015 0.352696,
        0.374626 -0.113596 0.353273,
        0.374710 -0.110810 0.353129,
        0.388006 -0.066183 0.330099,
        0.387230 -0.066741 0.331444,
        0.387285 -0.090943 0.331347,
        0.386126 -0.090824 0.333355,
        0.382938 -0.059856 0.338877,
        0.382946 -0.059634 0.338863,
        0.383022 -0.058950 0.338732,
        0.380189 -0.036461 0.343638,
        0.378413 -0.033957 0.346715,
        0.376383 -0.032391 0.350231,
        0.374171 -0.031846 0.354061,
        0.383052 -0.058489 0.338680,
        0.383052 -0.048242 0.338680,
        0.382666 -0.044188 0.339348,
        0.381739 -0.040166 0.340954,
        0.380367 -0.036793 0.343330,
        0.364672 -0.051640 0.370514,
        0.364672 -0.143671 0.370514,
        0.365290 -0.051430 0.369444,
        0.366378 -0.146042 0.367560,
        0.368918 -0.147989 0.363161,
        0.365290 -0.049608 0.369444,
        0.369039 -0.035120 0.362950,
        0.367552 -0.037781 0.365527,
        0.366320 -0.041315 0.367661,
        0.365556 -0.045290 0.368984,
        0.361528 -0.115516 0.375961,
        0.361989 -0.113824 0.375163,
        0.358831 -0.110898 0.380631,
        0.354796 -0.062802 0.387620,
        0.363579 -0.052013 0.372408,
        0.356446 -0.059393 0.384761,
        0.359757 -0.054819 0.379028,
        0.351058 -0.083310 0.394094,
        0.351076 -0.084846 0.394064,
        0.351697 -0.092407 0.392988,
        0.360603 -0.120624 0.377563,
        0.360281 -0.125893 0.378121,
        0.360340 -0.128211 0.378019,
        0.352681 -0.069309 0.391283,
        0.351424 -0.076519 0.393461,
        0.353291 -0.099776 0.390226,
        0.355704 -0.106003 0.386047,
        0.360999 -0.133835 0.376876,
        0.362341 -0.138918 0.374552,
        0.364109 -0.142889 0.371489,
        0.364672 -0.024640 0.370514,
        0.367231 -0.021164 0.366082,
        0.369368 -0.019582 0.362381,
        0.392546 -0.132955 0.323023,
        0.394637 -0.129572 0.319402,
        0.382482 -0.135001 0.340454,
        0.362682 -0.138918 0.374749,
        0.361340 -0.133835 0.377073,
        0.354349 -0.135127 0.389182,
        0.392980 -0.094946 0.322271,
        0.390439 -0.092262 0.326673,
        0.387626 -0.090943 0.331544,
        0.353790 -0.126120 0.390150,
        0.376903 -0.058944 0.350117,
        0.370869 -0.066004 0.360569,
        0.385328 -0.090824 0.335524,
        0.378839 -0.096517 0.346765,
        0.386467 -0.090824 0.333552,
        0.396542 -0.103019 0.316102,
        0.394965 -0.098482 0.318833,
        0.389863 -0.119799 0.327671,
        0.390498 -0.117996 0.326570,
        0.396317 -0.125120 0.316491,
        0.390898 -0.115899 0.325878,
        0.384828 -0.105660 0.336391,
        0.385863 -0.105057 0.334597,
        0.386967 -0.104976 0.332686,
        0.388067 -0.105459 0.330780,
        0.389063 -0.106467 0.329055,
        0.354018 -0.120883 0.389756,
        0.362330 -0.113824 0.375359,
        0.359172 -0.110898 0.380828,
        0.380959 -0.139950 0.343092,
        0.389674 -0.138145 0.327998,
        0.390111 -0.135229 0.327241,
        0.351300 -0.116215 0.394464,
        0.356045 -0.106003 0.386244,
        0.349008 -0.110863 0.398433,
        0.353632 -0.099776 0.390423,
        0.347293 -0.105328 0.401404,
        0.360681 -0.128211 0.378215,
        0.360622 -0.125893 0.378318,
        0.353861 -0.123502 0.390027,
        0.360944 -0.120624 0.377760,
        0.361869 -0.115516 0.376158,
        0.387028 -0.122661 0.332581,
        0.388084 -0.122185 0.330751,
        0.389029 -0.121234 0.329115,
        0.397423 -0.119869 0.314576,
        0.397844 -0.114493 0.313846,
        0.391021 -0.113824 0.325663,
        0.397853 -0.113596 0.313831,
        0.390887 -0.111638 0.325897,
        0.397515 -0.108099 0.314416,
        0.390504 -0.109657 0.326560,
        0.389894 -0.107915 0.327617,
        0.365631 -0.051430 0.369641,
        0.365631 -0.049608 0.369641,
        0.359483 -0.040272 0.380290,
        0.365897 -0.045290 0.369181,
        0.359818 -0.038365 0.379710,
        0.366661 -0.041315 0.367858,
        0.361592 -0.031663 0.376637,
        0.367893 -0.037781 0.365724,
        0.364275 -0.025643 0.371989,
        0.369380 -0.035120 0.363146,
        0.367572 -0.021164 0.366279,
        0.371348 -0.033012 0.359739,
        0.371073 -0.018571 0.360215,
        0.373536 -0.031953 0.355948,
        0.374398 -0.017728 0.354456,
        0.374512 -0.031846 0.354258,
        0.375193 -0.017767 0.353080,
        0.376724 -0.032391 0.350428,
        0.390295 -0.061041 0.326921,
        0.390338 -0.060311 0.326847,
        0.383393 -0.058489 0.338876,
        0.345265 -0.094829 0.404916,
        0.352038 -0.092407 0.393185,
        0.344568 -0.083538 0.406124,
        0.350488 -0.052569 0.395869,
        0.356787 -0.059393 0.384958,
        0.354796 -0.045102 0.388407,
        0.360098 -0.054819 0.379225,
        0.363920 -0.052013 0.372605,
        0.369259 -0.147989 0.363357,
        0.371174 -0.162949 0.360041,
        0.372007 -0.148664 0.358597,
        0.372235 -0.163010 0.358202,
        0.373735 -0.148400 0.355604,
        0.376729 -0.161891 0.350419,
        0.376525 -0.146780 0.350772,
        0.380966 -0.158611 0.343080,
        0.378863 -0.144036 0.346722,
        0.384645 -0.153446 0.336707,
        0.387665 -0.146370 0.331477,
        0.383393 -0.048242 0.338876,
        0.390338 -0.046876 0.326847,
        0.383007 -0.044188 0.339545,
        0.389677 -0.040150 0.327992,
        0.382080 -0.040166 0.341150,
        0.388082 -0.033126 0.330754,
        0.380708 -0.036793 0.343526,
        0.385703 -0.027092 0.334876,
        0.380530 -0.036461 0.343835,
        0.385215 -0.026154 0.335721,
        0.378754 -0.033957 0.346912,
        0.382466 -0.022085 0.340482,
        0.378915 -0.019025 0.346632,
        0.355991 -0.143560 0.386338,
        0.358540 -0.150798 0.381922,
        0.364450 -0.142889 0.371686,
        0.359255 -0.152307 0.380684,
        0.366719 -0.146042 0.367757,
        0.362791 -0.157814 0.374561,
        0.366894 -0.161435 0.367454,
        0.385917 -0.122607 0.334505,
        0.384836 -0.121994 0.336377,
        0.380026 -0.132473 0.344708,
        0.383876 -0.120865 0.338040,
        0.377876 -0.128704 0.348433,
        0.383283 -0.119762 0.339067,
        0.376260 -0.124046 0.351231,
        0.382658 -0.117973 0.340149,
        0.375300 -0.119015 0.352893,
        0.382274 -0.115979 0.340814,
        0.374968 -0.113596 0.353470,
        0.382141 -0.113824 0.341046,
        0.375051 -0.110810 0.353326,
        0.382208 -0.112289 0.340929,
        0.375735 -0.105315 0.352141,
        0.382543 -0.110142 0.340349,
        0.377031 -0.100485 0.349895,
        0.383126 -0.108255 0.339339,
        0.383913 -0.106725 0.337975,
        0.351417 -0.084846 0.394261,
        0.351399 -0.083310 0.394291,
        0.345061 -0.074152 0.405270,
        0.351765 -0.076519 0.393658,
        0.347074 -0.062724 0.401782,
        0.353022 -0.069309 0.391480,
        0.355137 -0.062802 0.387817,
        0.386435 -0.066875 0.333607,
        0.386809 -0.066915 0.332960,
        0.383287 -0.059634 0.339059,
        0.387570 -0.066741 0.331641,
        0.388347 -0.066183 0.330296,
        0.389071 -0.065232 0.329042,
        0.389601 -0.064134 0.328124,
        0.383363 -0.058950 0.338929,
        0.390067 -0.062570 0.327318,
        0.383279 -0.059856 0.339074,
        0.383367 -0.061408 0.338922,
        0.383650 -0.062986 0.338431,
        0.384122 -0.064412 0.337613,
        0.384775 -0.065609 0.336483,
        0.385564 -0.066456 0.335116,
        0.381800 -0.113824 0.340849,
        0.381867 -0.112289 0.340732,
        0.382202 -0.110142 0.340152,
        0.382785 -0.108255 0.339143,
        0.383572 -0.106725 0.337778,
        0.384487 -0.105660 0.336194,
        0.385522 -0.105057 0.334400,
        0.386626 -0.104976 0.332489,
        0.387726 -0.105459 0.330583,
        0.388722 -0.106467 0.328858,
        0.389553 -0.107915 0.327420,
        0.390163 -0.109657 0.326363,
        0.390546 -0.111638 0.325700,
        0.390680 -0.113824 0.325467,
        0.390557 -0.115899 0.325681,
        0.390157 -0.117996 0.326374,
        0.389522 -0.119799 0.327474,
        0.388688 -0.121234 0.328918,
        0.387743 -0.122185 0.330554,
        0.386687 -0.122661 0.332384,
        0.385576 -0.122607 0.334308,
        0.384495 -0.121994 0.336180,
        0.383535 -0.120865 0.337843,
        0.382942 -0.119762 0.338870,
        0.382317 -0.117973 0.339952,
        0.381933 -0.115979 0.340617,
      ]
    }
    coordIndex [
      142, 143, 144, -1,
      145, 146, 147, -1,
      148, 149, 150, -1,
      147, 146, 151, -1,
      152, 153, 154, -1,
      154, 153, 155, -1,
      154, 155, 156, -1,
      156, 155, 157, -1,
      156, 157, 150, -1,
      150, 157, 158, -1,
      150, 158, 148, -1,
      159, 143, 160, -1,
      160, 143, 161, -1,
      160, 161, 162, -1,
      163, 164, 155, -1,
      155, 164, 165, -1,
      155, 165, 157, -1,
      157, 165, 166, -1,
      157, 166, 167, -1,
      168, 169, 170, -1,
      171, 172, 144, -1,
      144, 172, 173, -1,
      144, 173, 142, -1,
      168, 170, 174, -1,
      174, 170, 175, -1,
      174, 175, 176, -1,
      176, 175, 177, -1,
      176, 177, 178, -1,
      146, 179, 151, -1,
      151, 179, 180, -1,
      151, 180, 181, -1,
      181, 180, 182, -1,
      181, 182, 168, -1,
      168, 182, 183, -1,
      168, 183, 169, -1,
      184, 144, 185, -1,
      185, 144, 143, -1,
      185, 143, 186, -1,
      186, 143, 159, -1,
      161, 187, 162, -1,
      162, 187, 188, -1,
      162, 188, 189, -1,
      189, 188, 190, -1,
      189, 190, 191, -1,
      191, 190, 192, -1,
      191, 192, 193, -1,
      193, 192, 157, -1,
      193, 157, 194, -1,
      194, 157, 167, -1,
      195, 196, 197, -1,
      197, 196, 198, -1,
      197, 198, 199, -1,
      199, 198, 200, -1,
      199, 200, 201, -1,
      201, 200, 202, -1,
      201, 202, 203, -1,
      203, 202, 204, -1,
      203, 204, 205, -1,
      205, 204, 206, -1,
      205, 206, 207, -1,
      207, 206, 208, -1,
      207, 208, 209, -1,
      209, 208, 210, -1,
      209, 210, 211, -1,
      211, 210, 212, -1,
      213, 214, 215, -1,
      178, 177, 216, -1,
      216, 177, 217, -1,
      216, 217, 218, -1,
      219, 220, 221, -1,
      221, 220, 222, -1,
      221, 222, 197, -1,
      197, 222, 223, -1,
      197, 223, 195, -1,
      224, 225, 226, -1,
      226, 225, 227, -1,
      226, 227, 228, -1,
      228, 227, 229, -1,
      228, 229, 230, -1,
      230, 229, 231, -1,
      230, 231, 232, -1,
      232, 231, 233, -1,
      232, 233, 171, -1,
      171, 233, 234, -1,
      171, 234, 172, -1,
      215, 214, 235, -1,
      235, 214, 236, -1,
      235, 236, 237, -1,
      237, 236, 238, -1,
      237, 238, 239, -1,
      239, 238, 240, -1,
      239, 240, 241, -1,
      241, 240, 242, -1,
      241, 242, 243, -1,
      243, 242, 244, -1,
      243, 244, 245, -1,
      245, 244, 246, -1,
      245, 246, 212, -1,
      212, 246, 247, -1,
      212, 247, 211, -1,
      147, 248, 145, -1,
      145, 248, 249, -1,
      145, 249, 250, -1,
      250, 249, 251, -1,
      250, 251, 252, -1,
      252, 251, 253, -1,
      252, 253, 224, -1,
      224, 253, 254, -1,
      224, 254, 225, -1,
      184, 255, 144, -1,
      144, 255, 256, -1,
      144, 256, 257, -1,
      257, 256, 258, -1,
      257, 258, 259, -1,
      259, 258, 260, -1,
      259, 260, 261, -1,
      261, 260, 262, -1,
      261, 262, 263, -1,
      263, 262, 264, -1,
      263, 264, 265, -1,
      265, 264, 266, -1,
      265, 266, 267, -1,
      267, 266, 268, -1,
      267, 268, 269, -1,
      269, 268, 270, -1,
      269, 270, 271, -1,
      271, 270, 272, -1,
      271, 272, 155, -1,
      155, 272, 273, -1,
      155, 273, 163, -1,
      217, 274, 218, -1,
      218, 274, 275, -1,
      218, 275, 276, -1,
      276, 275, 277, -1,
      276, 277, 278, -1,
      278, 277, 279, -1,
      278, 279, 219, -1,
      219, 279, 280, -1,
      219, 280, 220, -1,
      281, 282, 283, -1,
      283, 282, 284, -1,
      284, 285, 283, -1,
      283, 285, 286, -1,
      283, 286, 287, -1,
      215, 288, 213, -1,
      213, 288, 283, -1,
      213, 283, 289, -1,
      289, 283, 287, -1,
      283, 290, 281, -1,
      281, 290, 291, -1,
      281, 291, 292, -1,
      292, 293, 281, -1,
      281, 293, 294, -1,
      281, 294, 295, -1,
      209, 79, 78, -1,
      139, 203, 205, -1,
      209, 78, 207, -1,
      207, 78, 141, -1,
      207, 141, 205, -1,
      205, 141, 140, -1,
      205, 140, 139, -1,
      139, 1, 203, -1,
      203, 1, 0, -1,
      203, 0, 201, -1,
      201, 0, 6, -1,
      201, 6, 199, -1,
      199, 6, 5, -1,
      199, 5, 197, -1,
      197, 5, 4, -1,
      197, 4, 221, -1,
      221, 4, 3, -1,
      221, 3, 219, -1,
      278, 219, 2, -1,
      2, 219, 3, -1,
      2, 8, 278, -1,
      278, 8, 7, -1,
      278, 7, 276, -1,
      276, 7, 11, -1,
      276, 11, 218, -1,
      218, 11, 10, -1,
      218, 10, 216, -1,
      216, 10, 9, -1,
      216, 9, 178, -1,
      178, 9, 176, -1,
      176, 9, 17, -1,
      176, 17, 18, -1,
      176, 18, 19, -1,
      176, 19, 174, -1,
      174, 19, 21, -1,
      174, 21, 168, -1,
      168, 21, 20, -1,
      168, 20, 181, -1,
      181, 20, 13, -1,
      181, 13, 151, -1,
      151, 13, 12, -1,
      151, 12, 147, -1,
      147, 12, 23, -1,
      147, 23, 248, -1,
      248, 23, 22, -1,
      248, 22, 249, -1,
      249, 22, 16, -1,
      249, 16, 251, -1,
      30, 227, 225, -1,
      251, 16, 15, -1,
      251, 15, 253, -1,
      253, 15, 14, -1,
      253, 14, 254, -1,
      14, 33, 254, -1,
      254, 33, 32, -1,
      254, 32, 225, -1,
      225, 32, 31, -1,
      225, 31, 30, -1,
      227, 30, 29, -1,
      227, 29, 229, -1,
      229, 29, 28, -1,
      229, 28, 231, -1,
      231, 28, 27, -1,
      231, 27, 233, -1,
      233, 27, 26, -1,
      233, 26, 234, -1,
      234, 26, 25, -1,
      234, 25, 172, -1,
      172, 25, 24, -1,
      172, 24, 173, -1,
      173, 24, 37, -1,
      173, 37, 142, -1,
      37, 36, 142, -1,
      142, 36, 35, -1,
      142, 35, 143, -1,
      143, 35, 34, -1,
      143, 34, 161, -1,
      161, 34, 43, -1,
      161, 43, 187, -1,
      43, 42, 187, -1,
      187, 42, 41, -1,
      187, 41, 188, -1,
      188, 41, 38, -1,
      188, 38, 190, -1,
      96, 156, 150, -1,
      190, 38, 39, -1,
      190, 39, 192, -1,
      192, 39, 40, -1,
      192, 40, 157, -1,
      40, 48, 157, -1,
      157, 48, 47, -1,
      157, 47, 158, -1,
      158, 47, 46, -1,
      158, 46, 148, -1,
      148, 46, 45, -1,
      148, 45, 149, -1,
      149, 45, 44, -1,
      149, 44, 150, -1,
      150, 44, 95, -1,
      150, 95, 96, -1,
      154, 156, 87, -1,
      87, 156, 96, -1,
      152, 154, 63, -1,
      63, 154, 87, -1,
      153, 152, 50, -1,
      50, 152, 63, -1,
      155, 153, 49, -1,
      49, 153, 50, -1,
      155, 49, 51, -1,
      155, 51, 271, -1,
      271, 51, 52, -1,
      271, 52, 269, -1,
      269, 52, 92, -1,
      269, 92, 267, -1,
      267, 92, 91, -1,
      267, 91, 265, -1,
      265, 91, 90, -1,
      265, 90, 263, -1,
      263, 90, 74, -1,
      263, 74, 261, -1,
      261, 74, 75, -1,
      261, 75, 259, -1,
      259, 75, 71, -1,
      259, 71, 257, -1,
      257, 71, 73, -1,
      257, 73, 144, -1,
      144, 73, 72, -1,
      144, 72, 171, -1,
      171, 72, 70, -1,
      171, 70, 232, -1,
      232, 70, 69, -1,
      232, 69, 230, -1,
      230, 69, 77, -1,
      230, 77, 228, -1,
      228, 77, 76, -1,
      228, 76, 226, -1,
      226, 76, 224, -1,
      224, 76, 60, -1,
      60, 113, 224, -1,
      224, 113, 112, -1,
      224, 112, 252, -1,
      252, 112, 110, -1,
      252, 110, 250, -1,
      110, 138, 250, -1,
      250, 138, 137, -1,
      250, 137, 145, -1,
      145, 137, 136, -1,
      145, 136, 146, -1,
      146, 136, 131, -1,
      146, 131, 179, -1,
      179, 131, 130, -1,
      179, 130, 180, -1,
      180, 130, 129, -1,
      180, 129, 182, -1,
      182, 129, 119, -1,
      182, 119, 183, -1,
      183, 119, 120, -1,
      183, 120, 169, -1,
      169, 120, 121, -1,
      169, 121, 170, -1,
      170, 121, 135, -1,
      170, 135, 175, -1,
      175, 135, 134, -1,
      175, 134, 177, -1,
      177, 134, 128, -1,
      177, 128, 217, -1,
      217, 128, 127, -1,
      217, 127, 274, -1,
      274, 127, 126, -1,
      274, 126, 275, -1,
      111, 195, 109, -1,
      109, 195, 223, -1,
      109, 223, 123, -1,
      123, 223, 222, -1,
      123, 222, 125, -1,
      125, 222, 220, -1,
      125, 220, 124, -1,
      124, 220, 280, -1,
      124, 280, 122, -1,
      122, 280, 279, -1,
      122, 279, 132, -1,
      132, 279, 277, -1,
      132, 277, 133, -1,
      133, 277, 275, -1,
      133, 275, 126, -1,
      196, 195, 114, -1,
      114, 195, 111, -1,
      196, 114, 118, -1,
      196, 118, 198, -1,
      198, 118, 117, -1,
      198, 117, 200, -1,
      200, 117, 116, -1,
      200, 116, 202, -1,
      202, 116, 115, -1,
      202, 115, 204, -1,
      204, 115, 59, -1,
      204, 59, 206, -1,
      59, 58, 206, -1,
      206, 58, 57, -1,
      206, 57, 208, -1,
      208, 57, 103, -1,
      208, 103, 210, -1,
      210, 103, 102, -1,
      210, 102, 212, -1,
      212, 102, 101, -1,
      212, 101, 245, -1,
      245, 101, 100, -1,
      245, 100, 243, -1,
      243, 100, 108, -1,
      243, 108, 241, -1,
      241, 108, 107, -1,
      241, 107, 239, -1,
      239, 107, 106, -1,
      239, 106, 237, -1,
      237, 106, 105, -1,
      237, 105, 235, -1,
      215, 235, 104, -1,
      104, 235, 105, -1,
      215, 104, 99, -1,
      215, 99, 288, -1,
      288, 99, 98, -1,
      288, 98, 283, -1,
      283, 98, 97, -1,
      283, 97, 290, -1,
      290, 97, 64, -1,
      290, 64, 291, -1,
      291, 64, 62, -1,
      291, 62, 292, -1,
      292, 62, 61, -1,
      292, 61, 293, -1,
      293, 61, 89, -1,
      293, 89, 294, -1,
      294, 89, 88, -1,
      294, 88, 295, -1,
      295, 88, 86, -1,
      295, 86, 281, -1,
      281, 86, 85, -1,
      281, 85, 282, -1,
      282, 85, 94, -1,
      282, 94, 284, -1,
      284, 94, 93, -1,
      284, 93, 285, -1,
      285, 93, 56, -1,
      285, 56, 286, -1,
      286, 56, 55, -1,
      286, 55, 287, -1,
      287, 55, 54, -1,
      287, 54, 289, -1,
      289, 54, 53, -1,
      289, 53, 213, -1,
      213, 53, 84, -1,
      213, 84, 214, -1,
      236, 214, 83, -1,
      83, 214, 84, -1,
      236, 83, 82, -1,
      236, 82, 238, -1,
      238, 82, 68, -1,
      238, 68, 240, -1,
      240, 68, 67, -1,
      240, 67, 242, -1,
      242, 67, 66, -1,
      242, 66, 244, -1,
      244, 66, 65, -1,
      244, 65, 246, -1,
      246, 65, 81, -1,
      246, 81, 247, -1,
      247, 81, 80, -1,
      247, 80, 211, -1,
      211, 80, 79, -1,
      211, 79, 209, -1,
      266, 296, 297, -1,
      266, 297, 268, -1,
      268, 297, 298, -1,
      268, 298, 270, -1,
      270, 298, 299, -1,
      270, 299, 272, -1,
      272, 299, 300, -1,
      272, 300, 273, -1,
      273, 300, 301, -1,
      273, 301, 163, -1,
      163, 301, 302, -1,
      163, 302, 164, -1,
      164, 302, 303, -1,
      164, 303, 165, -1,
      165, 303, 304, -1,
      165, 304, 166, -1,
      166, 304, 305, -1,
      166, 305, 167, -1,
      167, 305, 306, -1,
      167, 306, 194, -1,
      194, 306, 307, -1,
      194, 307, 193, -1,
      193, 307, 308, -1,
      193, 308, 191, -1,
      191, 308, 309, -1,
      191, 309, 189, -1,
      189, 309, 310, -1,
      189, 310, 162, -1,
      162, 310, 311, -1,
      162, 311, 160, -1,
      160, 311, 312, -1,
      160, 312, 159, -1,
      159, 312, 313, -1,
      159, 313, 186, -1,
      186, 313, 314, -1,
      186, 314, 185, -1,
      185, 314, 315, -1,
      185, 315, 184, -1,
      184, 315, 316, -1,
      184, 316, 255, -1,
      255, 316, 317, -1,
      255, 317, 256, -1,
      256, 317, 318, -1,
      256, 318, 258, -1,
      258, 318, 319, -1,
      258, 319, 260, -1,
      260, 319, 320, -1,
      260, 320, 262, -1,
      262, 320, 321, -1,
      262, 321, 264, -1,
      264, 321, 296, -1,
      264, 296, 266, -1,
    ]
  }
}

Shape {
  appearance Appearance {
    material Material {
      diffuseColor 0.6471 0.6196 0.5882
      specularColor 0.4510 0.4353 0.4118
      ambientIntensity 0.2
      transparency 0.0000
      shininess 0.5
    }
  }
  geometry IndexedFaceSet {
    ccw TRUE
    solid FALSE
    coord DEF co Coordinate {
      point [
        0.381800 -0.113824 0.340849,
        0.381867 -0.112289 0.340732,
        0.382202 -0.110142 0.340152,
        0.382785 -0.108255 0.339143,
        0.383572 -0.106725 0.337778,
        0.384487 -0.105660 0.336194,
        0.385522 -0.105057 0.334400,
        0.386626 -0.104976 0.332489,
        0.387726 -0.105459 0.330583,
        0.388722 -0.106467 0.328858,
        0.389553 -0.107915 0.327420,
        0.390163 -0.109657 0.326363,
        0.390546 -0.111638 0.325700,
        0.390680 -0.113824 0.325467,
        0.390557 -0.115899 0.325681,
        0.390157 -0.117996 0.326374,
        0.389522 -0.119799 0.327474,
        0.388688 -0.121234 0.328918,
        0.387743 -0.122185 0.330554,
        0.386687 -0.122661 0.332384,
        0.385576 -0.122607 0.334308,
        0.384495 -0.121994 0.336180,
        0.383535 -0.120865 0.337843,
        0.382942 -0.119762 0.338870,
        0.382317 -0.117973 0.339952,
        0.381933 -0.115979 0.340617,
      ]
    }
    coordIndex [
      13, 23, 22, -1,
      0, 13, 1, -1,
      1, 13, 12, -1,
      0, 25, 13, -1,
      13, 25, 24, -1,
      13, 24, 23, -1,
      10, 4, 3, -1,
      18, 17, 22, -1,
      22, 17, 16, -1,
      12, 11, 1, -1,
      1, 11, 10, -1,
      1, 10, 2, -1,
      2, 10, 3, -1,
      21, 20, 22, -1,
      22, 20, 19, -1,
      22, 19, 18, -1,
      16, 15, 22, -1,
      22, 15, 14, -1,
      22, 14, 13, -1,
      8, 7, 9, -1,
      9, 7, 6, -1,
      9, 6, 10, -1,
      10, 6, 5, -1,
      10, 5, 4, -1,
    ]
  }
}
