#VRML V2.0 utf8

Shape {
  appearance Appearance {
    material Material {
      diffuseColor 0.2235 0.2235 0.2235
      specularColor 0.1137 0.1137 0.1137
      ambientIntensity 0.2
      transparency 0.0000
      shininess 0.5
    }
  }
  geometry IndexedFaceSet {
    ccw TRUE
    solid FALSE
    coord DEF co Coordinate {
      point [
        0.452756 -0.362205 0.220472,
        0.452756 -0.362205 0.173228,
        0.452756 -0.334646 0.220472,
        0.452756 -0.334646 0.173228,
        0.452756 -0.255906 0.173228,
        0.452756 -0.137795 0.173228,
        0.452756 -0.255906 0.220472,
        0.452756 -0.137795 0.220472,
        0.452756 -0.059055 0.173228,
        0.452756 0.059055 0.173228,
        0.452756 -0.059055 0.220472,
        0.452756 0.059055 0.220472,
        0.452756 0.137795 0.173228,
        0.452756 0.255906 0.173228,
        0.452756 0.137795 0.220472,
        0.452756 0.255906 0.220472,
        -0.452756 -0.362205 0.173228,
        -0.452756 -0.362205 0.220472,
        -0.452756 -0.334646 0.173228,
        -0.452756 -0.334646 0.220472,
        -0.452756 -0.255906 0.220472,
        -0.452756 -0.137795 0.220472,
        -0.452756 -0.255906 0.173228,
        -0.452756 -0.137795 0.173228,
        -0.452756 -0.059055 0.220472,
        -0.452756 0.059055 0.220472,
        -0.452756 -0.059055 0.173228,
        -0.452756 0.059055 0.173228,
        -0.452756 0.137795 0.220472,
        -0.452756 0.255906 0.220472,
        -0.452756 0.137795 0.173228,
        -0.452756 0.255906 0.173228,
        -0.116219 0.278967 0.354331,
        -0.116219 0.243496 0.354331,
        -0.100275 0.243496 0.354331,
        -0.053369 0.175191 0.354331,
        -0.054377 0.175083 0.354331,
        -0.044669 0.175083 0.354331,
        -0.257357 0.208361 0.354331,
        -0.252661 0.204031 0.354331,
        -0.241115 0.210062 0.354331,
        -0.333801 0.233918 0.354331,
        -0.331734 0.238594 0.354331,
        -0.406564 0.238594 0.354331,
        -0.162889 0.238594 0.354331,
        -0.137781 0.238594 0.354331,
        -0.164816 0.241270 0.354331,
        -0.137781 0.279304 0.354331,
        -0.172549 0.247787 0.354331,
        -0.210419 0.283442 0.354331,
        -0.204266 0.279304 0.354331,
        -0.197725 0.274907 0.354331,
        -0.188350 0.264074 0.354331,
        -0.182354 0.252420 0.354331,
        -0.181026 0.251975 0.354331,
        -0.263659 0.282904 0.354331,
        -0.250535 0.287970 0.354331,
        -0.406564 0.347509 0.354331,
        -0.137781 0.347509 0.354331,
        -0.236437 0.289708 0.354331,
        -0.224704 0.288476 0.354331,
        -0.269469 0.279304 0.354331,
        -0.406564 0.279304 0.354331,
        -0.270594 0.278607 0.354331,
        -0.329269 0.244172 0.354331,
        -0.322399 0.252989 0.354331,
        -0.300908 0.265259 0.354331,
        -0.289665 0.266652 0.354331,
        -0.277283 0.272879 0.354331,
        -0.286391 0.266474 0.354331,
        -0.283118 0.266083 0.354331,
        -0.320500 0.254788 0.354331,
        -0.311450 0.261158 0.354331,
        -0.406564 0.210062 0.354331,
        -0.335777 0.220540 0.354331,
        -0.335700 0.223219 0.354331,
        -0.314969 0.181959 0.354331,
        -0.323822 0.189514 0.354331,
        -0.406564 0.175083 0.354331,
        -0.304687 0.176941 0.354331,
        -0.330293 0.198739 0.354331,
        -0.334385 0.209333 0.354331,
        -0.334476 0.210062 0.354331,
        -0.301051 0.175851 0.354331,
        -0.300698 0.175083 0.354331,
        -0.298404 0.170080 0.354331,
        -0.406564 0.159224 0.354331,
        -0.294252 0.164804 0.354331,
        -0.288745 0.160528 0.354331,
        -0.406564 -0.347509 0.354331,
        -0.282228 0.157679 0.354331,
        -0.285762 0.159224 0.354331,
        -0.137781 -0.347509 0.354331,
        -0.274009 0.156495 0.354331,
        -0.275526 0.156535 0.354331,
        -0.137781 0.159224 0.354331,
        -0.137781 0.175083 0.354331,
        -0.247335 0.175083 0.354331,
        -0.247357 0.174992 0.354331,
        -0.250726 0.168636 0.354331,
        -0.255502 0.163378 0.354331,
        -0.261232 0.159544 0.354331,
        -0.262112 0.159224 0.354331,
        -0.267619 0.157224 0.354331,
        -0.137781 0.210062 0.354331,
        -0.154823 0.210062 0.354331,
        -0.155467 0.205025 0.354331,
        -0.210923 0.191912 0.354331,
        -0.208965 0.192666 0.354331,
        -0.205695 0.208870 0.354331,
        -0.164707 0.188091 0.354331,
        -0.172423 0.181553 0.354331,
        -0.212683 0.190689 0.354331,
        -0.206834 0.192930 0.354331,
        -0.206557 0.192910 0.354331,
        -0.205703 0.192720 0.354331,
        -0.159031 0.196008 0.354331,
        -0.181105 0.177295 0.354331,
        -0.190609 0.175282 0.354331,
        -0.207403 0.175282 0.354331,
        -0.208852 0.175501 0.354331,
        -0.210742 0.176204 0.354331,
        -0.212613 0.177483 0.354331,
        -0.213433 0.178309 0.354331,
        -0.177587 0.199806 0.354331,
        -0.174459 0.204248 0.354331,
        -0.215658 0.184106 0.354331,
        -0.215614 0.184980 0.354331,
        -0.245545 0.187806 0.354331,
        -0.215105 0.187162 0.354331,
        -0.214062 0.189140 0.354331,
        -0.205126 0.192645 0.354331,
        -0.192317 0.192645 0.354331,
        -0.187264 0.193606 0.354331,
        -0.214662 0.180102 0.354331,
        -0.215400 0.182034 0.354331,
        -0.245697 0.182021 0.354331,
        -0.245545 0.184960 0.354331,
        -0.182235 0.195920 0.354331,
        -0.178017 0.199346 0.354331,
        -0.270180 0.213457 0.354331,
        -0.263343 0.211666 0.354331,
        -0.196645 0.238594 0.354331,
        -0.274009 0.213709 0.354331,
        -0.172502 0.209323 0.354331,
        -0.172411 0.210062 0.354331,
        -0.206393 0.210062 0.354331,
        -0.171823 0.214847 0.354331,
        -0.171954 0.217267 0.354331,
        -0.280348 0.212982 0.354331,
        -0.311647 0.238594 0.354331,
        -0.286667 0.210686 0.354331,
        -0.314796 0.233887 0.354331,
        -0.317117 0.227500 0.354331,
        -0.317844 0.221109 0.354331,
        -0.317474 0.216536 0.354331,
        -0.287597 0.210062 0.354331,
        -0.315528 0.210062 0.354331,
        -0.292554 0.206739 0.354331,
        -0.179246 0.231401 0.354331,
        -0.183664 0.234479 0.354331,
        -0.173272 0.222739 0.354331,
        -0.175904 0.227661 0.354331,
        -0.196302 0.237049 0.354331,
        -0.214519 0.223956 0.354331,
        -0.194025 0.237049 0.354331,
        -0.188633 0.236387 0.354331,
        -0.260439 0.210062 0.354331,
        -0.306451 0.198338 0.354331,
        -0.300766 0.194922 0.354331,
        -0.297340 0.201447 0.354331,
        -0.311659 0.203453 0.354331,
        -0.315378 0.209564 0.354331,
        -0.202532 0.254295 0.354331,
        -0.208985 0.261937 0.354331,
        -0.274294 0.245304 0.354331,
        -0.209533 0.262435 0.354331,
        -0.217524 0.267997 0.354331,
        -0.269924 0.254341 0.354331,
        -0.276822 0.246656 0.354331,
        -0.198100 0.245144 0.354331,
        -0.283219 0.248867 0.354331,
        -0.289380 0.249574 0.354331,
        -0.292319 0.249422 0.354331,
        -0.263532 0.261962 0.354331,
        -0.226446 0.271430 0.354331,
        -0.255965 0.267491 0.354331,
        -0.236152 0.272630 0.354331,
        -0.246673 0.271269 0.354331,
        -0.299348 0.247762 0.354331,
        -0.305704 0.244393 0.354331,
        -0.310963 0.239617 0.354331,
        -0.158991 0.233182 0.354331,
        -0.155495 0.224493 0.354331,
        -0.154175 0.215132 0.354331,
        0.083709 0.175421 0.354331,
        0.079626 0.186371 0.354331,
        0.062955 0.186371 0.354331,
        0.048982 0.205369 0.354331,
        0.050481 0.201570 0.354331,
        0.066591 0.210062 0.354331,
        0.059107 0.175421 0.354331,
        0.053396 0.175421 0.354331,
        0.045230 0.175083 0.354331,
        0.048128 0.184593 0.354331,
        0.045230 0.181139 0.354331,
        0.089420 0.175421 0.354331,
        0.164643 0.175083 0.354331,
        0.076226 0.210062 0.354331,
        0.051176 0.195950 0.354331,
        0.051058 0.193428 0.354331,
        0.050094 0.188737 0.354331,
        0.045138 0.181029 0.354331,
        0.044620 0.180563 0.354331,
        0.040736 0.177914 0.354331,
        0.018581 0.215456 0.354331,
        0.014800 0.238594 0.354331,
        0.014800 0.210062 0.354331,
        0.036120 0.176178 0.354331,
        0.029593 0.175421 0.354331,
        0.014800 0.175083 0.354331,
        0.018581 0.175421 0.354331,
        0.018581 0.210062 0.354331,
        0.036106 0.214782 0.354331,
        0.040939 0.213019 0.354331,
        0.045230 0.238594 0.354331,
        0.030002 0.215456 0.354331,
        0.045138 0.210154 0.354331,
        0.045231 0.210063 0.354331,
        0.046487 0.208841 0.354331,
        0.011018 0.179985 0.354331,
        0.008972 0.193453 0.354331,
        0.002151 0.179985 0.354331,
        0.002151 0.193453 0.354331,
        -0.005346 0.179985 0.354331,
        -0.005346 0.193453 0.354331,
        0.008972 0.198037 0.354331,
        0.002151 0.198037 0.354331,
        0.002151 0.210062 0.354331,
        -0.005346 0.198037 0.354331,
        -0.005346 0.210062 0.354331,
        -0.005346 0.210850 0.354331,
        0.002151 0.210850 0.354331,
        0.010107 0.210850 0.354331,
        0.010107 0.215456 0.354331,
        0.002151 0.215456 0.354331,
        0.002151 0.238594 0.354331,
        -0.010514 0.215456 0.354331,
        -0.035336 0.238594 0.354331,
        -0.010514 0.210062 0.354331,
        0.011018 0.175421 0.354331,
        0.002151 0.175083 0.354331,
        0.002151 0.175421 0.354331,
        -0.010514 0.175421 0.354331,
        -0.030285 0.182523 0.354331,
        -0.029671 0.180169 0.354331,
        -0.029539 0.180169 0.354331,
        -0.029308 0.181149 0.354331,
        -0.028924 0.182482 0.354331,
        -0.035336 0.197052 0.354331,
        -0.021116 0.204014 0.354331,
        -0.035336 0.210062 0.354331,
        -0.065285 0.181602 0.354331,
        -0.070371 0.210062 0.354331,
        -0.070371 0.175083 0.354331,
        -0.063485 0.180474 0.354331,
        -0.062967 0.180272 0.354331,
        -0.062967 0.190887 0.354331,
        -0.063832 0.191774 0.354331,
        -0.064542 0.192933 0.354331,
        -0.065070 0.194488 0.354331,
        -0.065254 0.196298 0.354331,
        -0.065026 0.198216 0.354331,
        -0.063011 0.190917 0.354331,
        -0.060742 0.175083 0.354331,
        -0.061800 0.175194 0.354331,
        -0.062967 0.175083 0.354331,
        -0.062967 0.175606 0.354331,
        -0.065285 0.176424 0.354331,
        -0.044669 0.210062 0.354331,
        -0.047345 0.203400 0.354331,
        -0.047345 0.198529 0.354331,
        -0.062041 0.202397 0.354331,
        -0.060867 0.203123 0.354331,
        -0.062967 0.210062 0.354331,
        -0.064393 0.199828 0.354331,
        -0.063424 0.201178 0.354331,
        -0.062967 0.201580 0.354331,
        -0.046240 0.181078 0.354331,
        -0.046884 0.179494 0.354331,
        -0.047847 0.178180 0.354331,
        -0.058193 0.204172 0.354331,
        -0.054120 0.204669 0.354331,
        -0.050602 0.204357 0.354331,
        -0.046673 0.186457 0.354331,
        -0.047507 0.187756 0.354331,
        -0.047652 0.187926 0.354331,
        -0.046157 0.184961 0.354331,
        -0.045974 0.183198 0.354331,
        -0.045977 0.182970 0.354331,
        -0.049198 0.177017 0.354331,
        -0.050642 0.176157 0.354331,
        -0.054611 0.200596 0.354331,
        -0.056096 0.200485 0.354331,
        -0.060086 0.196748 0.354331,
        -0.057437 0.200130 0.354331,
        -0.058561 0.199531 0.354331,
        -0.060041 0.196081 0.354331,
        -0.059842 0.195302 0.354331,
        -0.059480 0.194626 0.354331,
        -0.058991 0.194087 0.354331,
        -0.057224 0.192982 0.354331,
        -0.051085 0.200164 0.354331,
        -0.054120 0.191631 0.354331,
        -0.048250 0.199059 0.354331,
        -0.052581 0.191020 0.354331,
        -0.049102 0.189174 0.354331,
        -0.059318 0.198863 0.354331,
        -0.059748 0.198225 0.354331,
        -0.059996 0.197548 0.354331,
        -0.060349 0.179248 0.354331,
        -0.057661 0.187988 0.354331,
        -0.060650 0.189358 0.354331,
        -0.057037 0.178839 0.354331,
        -0.056815 0.178840 0.354331,
        -0.054368 0.186609 0.354331,
        -0.054244 0.179128 0.354331,
        -0.051122 0.182707 0.354331,
        -0.051170 0.183331 0.354331,
        -0.052951 0.179602 0.354331,
        -0.052493 0.179879 0.354331,
        -0.051918 0.180390 0.354331,
        -0.051480 0.181037 0.354331,
        -0.051226 0.181750 0.354331,
        -0.051398 0.184114 0.354331,
        -0.051786 0.184779 0.354331,
        -0.052411 0.185430 0.354331,
        0.024036 0.278967 0.354331,
        0.039284 0.238932 0.354331,
        0.033574 0.238932 0.354331,
        0.029491 0.249882 0.354331,
        0.014800 0.249882 0.354331,
        0.012819 0.249882 0.354331,
        0.008972 0.238932 0.354331,
        0.003261 0.238932 0.354331,
        0.002151 0.279304 0.354331,
        0.014800 0.269227 0.354331,
        0.014800 0.279304 0.354331,
        -0.040028 0.278967 0.354331,
        -0.035336 0.279304 0.354331,
        -0.044669 0.279304 0.354331,
        -0.055481 0.256964 0.354331,
        -0.055481 0.243496 0.354331,
        -0.044669 0.256964 0.354331,
        -0.044669 0.243496 0.354331,
        -0.041164 0.256964 0.354331,
        -0.039117 0.243496 0.354331,
        -0.041164 0.261549 0.354331,
        -0.040028 0.274361 0.354331,
        -0.044669 0.261549 0.354331,
        -0.044669 0.274361 0.354331,
        -0.055481 0.261549 0.354331,
        -0.055481 0.274361 0.354331,
        -0.060649 0.238932 0.354331,
        -0.062967 0.238594 0.354331,
        -0.044669 0.238594 0.354331,
        -0.039117 0.238932 0.354331,
        -0.044669 0.238932 0.354331,
        -0.062967 0.279304 0.354331,
        -0.060649 0.278967 0.354331,
        -0.044669 0.278967 0.354331,
        -0.070371 0.279304 0.354331,
        -0.070371 0.278505 0.354331,
        -0.068662 0.278005 0.354331,
        -0.068662 0.272601 0.354331,
        -0.077095 0.242934 0.354331,
        -0.072572 0.243783 0.354331,
        -0.070371 0.273322 0.354331,
        -0.070371 0.244774 0.354331,
        -0.069108 0.272842 0.354331,
        -0.068662 0.245543 0.354331,
        -0.088530 0.246331 0.354331,
        -0.085924 0.244473 0.354331,
        -0.073169 0.274387 0.354331,
        -0.089514 0.269965 0.354331,
        -0.091387 0.267120 0.354331,
        -0.092663 0.263561 0.354331,
        -0.078098 0.274976 0.354331,
        -0.079631 0.274915 0.354331,
        -0.089007 0.270534 0.354331,
        -0.083117 0.274247 0.354331,
        -0.086267 0.272793 0.354331,
        -0.093213 0.258499 0.354331,
        -0.093169 0.257012 0.354331,
        -0.092527 0.253008 0.354331,
        -0.083080 0.243361 0.354331,
        -0.078998 0.242862 0.354331,
        -0.091231 0.249781 0.354331,
        -0.089283 0.247078 0.354331,
        -0.077978 0.279642 0.354331,
        -0.073949 0.279304 0.354331,
        -0.072766 0.279205 0.354331,
        -0.078149 0.279642 0.354331,
        -0.070371 0.347509 0.354331,
        -0.080878 0.279304 0.354331,
        -0.096846 0.347509 0.354331,
        -0.096846 0.279304 0.354331,
        -0.095762 0.269948 0.354331,
        -0.092855 0.273747 0.354331,
        -0.091937 0.274628 0.354331,
        -0.088200 0.277272 0.354331,
        -0.084031 0.278914 0.354331,
        -0.099246 0.279304 0.354331,
        -0.097662 0.265500 0.354331,
        -0.096846 0.267409 0.354331,
        -0.096846 0.249100 0.354331,
        -0.097880 0.251798 0.354331,
        -0.099246 0.238594 0.354331,
        -0.098637 0.258192 0.354331,
        -0.098568 0.260271 0.354331,
        -0.086488 0.239260 0.354331,
        -0.090269 0.241039 0.354331,
        -0.096846 0.238594 0.354331,
        -0.093500 0.243721 0.354331,
        -0.093899 0.244160 0.354331,
        -0.096269 0.247594 0.354331,
        -0.083244 0.238594 0.354331,
        -0.096846 0.210062 0.354331,
        -0.082147 0.238369 0.354331,
        -0.079746 0.238256 0.354331,
        -0.076213 0.238594 0.354331,
        -0.068662 0.240590 0.354331,
        -0.069345 0.240250 0.354331,
        -0.070371 0.238594 0.354331,
        -0.070371 0.239913 0.354331,
        -0.073644 0.238840 0.354331,
        -0.116219 0.210062 0.354331,
        -0.116219 0.198037 0.354331,
        -0.099246 0.210062 0.354331,
        -0.101902 0.198037 0.354331,
        -0.116219 0.193453 0.354331,
        -0.116219 0.179985 0.354331,
        -0.101902 0.193453 0.354331,
        -0.099855 0.179985 0.354331,
        -0.099246 0.175083 0.354331,
        -0.099855 0.175421 0.354331,
        -0.121387 0.175421 0.354331,
        -0.116219 0.210850 0.354331,
        -0.100766 0.210850 0.354331,
        -0.100766 0.215456 0.354331,
        -0.121387 0.215456 0.354331,
        -0.096846 0.175083 0.354331,
        -0.094121 0.178949 0.354331,
        -0.094760 0.180605 0.354331,
        -0.092261 0.197137 0.354331,
        -0.092261 0.202008 0.354331,
        -0.091294 0.202572 0.354331,
        -0.081163 0.200412 0.354331,
        -0.082887 0.200596 0.354331,
        -0.085569 0.192409 0.354331,
        -0.077095 0.179842 0.354331,
        -0.077228 0.179842 0.354331,
        -0.077095 0.175421 0.354331,
        -0.078425 0.178126 0.354331,
        -0.080064 0.176572 0.354331,
        -0.093031 0.189050 0.354331,
        -0.091494 0.190382 0.354331,
        -0.089356 0.191476 0.354331,
        -0.088755 0.199333 0.354331,
        -0.085612 0.200339 0.354331,
        -0.091228 0.175993 0.354331,
        -0.092599 0.176997 0.354331,
        -0.093054 0.177448 0.354331,
        -0.077312 0.203768 0.354331,
        -0.075641 0.202821 0.354331,
        -0.074299 0.201548 0.354331,
        -0.073269 0.199936 0.354331,
        -0.087578 0.204032 0.354331,
        -0.082417 0.204669 0.354331,
        -0.079436 0.204404 0.354331,
        -0.095056 0.183076 0.354331,
        -0.095041 0.183681 0.354331,
        -0.094722 0.185846 0.354331,
        -0.094034 0.187614 0.354331,
        -0.077095 0.193596 0.354331,
        -0.077263 0.195778 0.354331,
        -0.077779 0.197578 0.354331,
        -0.078365 0.198616 0.354331,
        -0.072480 0.197670 0.354331,
        -0.072080 0.193821 0.354331,
        -0.072080 0.175421 0.354331,
        -0.079120 0.199426 0.354331,
        -0.080007 0.200003 0.354331,
        -0.085988 0.174745 0.354331,
        -0.096846 0.159224 0.354331,
        -0.083191 0.175084 0.354331,
        -0.070371 0.159224 0.354331,
        -0.087086 0.174787 0.354331,
        -0.088728 0.175083 0.354331,
        -0.089372 0.175200 0.354331,
        -0.035336 0.175083 0.354331,
        -0.035336 0.183591 0.354331,
        -0.043364 0.204014 0.354331,
        -0.037756 0.204014 0.354331,
        -0.032148 0.175482 0.354331,
        -0.032317 0.175083 0.354331,
        -0.034348 0.170283 0.354331,
        -0.044669 0.159224 0.354331,
        -0.042331 0.162362 0.354331,
        -0.042331 0.166824 0.354331,
        -0.057528 0.174745 0.354331,
        -0.062967 0.159224 0.354331,
        -0.041090 0.166436 0.354331,
        -0.039486 0.166251 0.354331,
        -0.035336 0.162858 0.354331,
        -0.036953 0.162215 0.354331,
        -0.035336 0.159224 0.354331,
        -0.039097 0.161953 0.354331,
        -0.040852 0.162058 0.354331,
        -0.038526 0.166335 0.354331,
        -0.037422 0.166680 0.354331,
        -0.036483 0.167254 0.354331,
        -0.035474 0.168288 0.354331,
        -0.035336 0.168532 0.354331,
        0.002151 0.159224 0.354331,
        -0.033255 0.164240 0.354331,
        -0.034985 0.162998 0.354331,
        -0.027324 0.175083 0.354331,
        -0.028894 0.171102 0.354331,
        -0.031192 0.166639 0.354331,
        0.372891 -0.347509 0.354331,
        0.339217 -0.248213 0.354331,
        0.337525 -0.261069 0.354331,
        0.332562 -0.273050 0.354331,
        0.324668 -0.283338 0.354331,
        0.314380 -0.291232 0.354331,
        0.372891 0.159224 0.354331,
        0.332562 -0.223375 0.354331,
        0.337525 -0.235356 0.354331,
        0.302399 -0.296195 0.354331,
        0.289542 -0.297887 0.354331,
        0.164643 -0.347509 0.354331,
        0.276685 -0.296195 0.354331,
        0.264705 -0.291232 0.354331,
        0.239867 -0.248213 0.354331,
        0.241560 -0.235356 0.354331,
        0.164643 0.159224 0.354331,
        0.246522 -0.223375 0.354331,
        0.254417 -0.213087 0.354331,
        0.302399 -0.200230 0.354331,
        0.314380 -0.205193 0.354331,
        0.324668 -0.213087 0.354331,
        0.254417 -0.283338 0.354331,
        0.246522 -0.273050 0.354331,
        0.241560 -0.261069 0.354331,
        0.264705 -0.205193 0.354331,
        0.276685 -0.200230 0.354331,
        0.289542 -0.198537 0.354331,
        0.045230 -0.347509 0.354331,
        0.045230 0.159224 0.354331,
        0.014800 -0.347509 0.354331,
        0.014800 0.159224 0.354331,
        0.002151 -0.347509 0.354331,
        -0.035336 -0.347509 0.354331,
        -0.044669 -0.347509 0.354331,
        -0.062967 -0.347509 0.354331,
        -0.070371 -0.347509 0.354331,
        -0.096846 -0.347509 0.354331,
        0.406564 -0.347509 0.354331,
        0.406564 0.159224 0.354331,
        -0.121387 0.210062 0.354331,
        -0.099246 0.159224 0.354331,
        -0.099246 -0.347509 0.354331,
        -0.081194 0.175857 0.354331,
        0.406564 0.175083 0.354331,
        0.372891 0.175083 0.354331,
        -0.015917 0.204014 0.354331,
        0.406564 0.210062 0.354331,
        0.372891 0.210062 0.354331,
        0.164643 0.210062 0.354331,
        0.074171 0.215456 0.354331,
        0.406564 0.238594 0.354331,
        0.372891 0.238594 0.354331,
        0.164643 0.238594 0.354331,
        0.068645 0.215456 0.354331,
        -0.121387 0.238932 0.354331,
        -0.121387 0.278967 0.354331,
        -0.100275 0.238932 0.354331,
        -0.000042 0.252248 0.354331,
        -0.002008 0.248104 0.354331,
        -0.001154 0.268881 0.354331,
        0.000346 0.265081 0.354331,
        0.001040 0.259461 0.354331,
        0.000923 0.256939 0.354331,
        -0.004998 0.244540 0.354331,
        -0.005515 0.244074 0.354331,
        -0.009400 0.241426 0.354331,
        -0.020133 0.278967 0.354331,
        -0.014030 0.278294 0.354331,
        -0.009196 0.276530 0.354331,
        -0.014015 0.239690 0.354331,
        -0.020543 0.238932 0.354331,
        -0.031554 0.238932 0.354331,
        -0.031554 0.278967 0.354331,
        -0.004998 0.273665 0.354331,
        -0.003648 0.272352 0.354331,
        0.406564 0.279304 0.354331,
        0.372891 0.279304 0.354331,
        0.164643 0.279304 0.354331,
        0.045230 0.279304 0.354331,
        0.018509 0.278967 0.354331,
        -0.099246 0.347509 0.354331,
        0.406564 0.347509 0.354331,
        0.372891 0.347509 0.354331,
        0.164643 0.347509 0.354331,
        0.045230 0.347509 0.354331,
        0.014800 0.347509 0.354331,
        0.002151 0.347509 0.354331,
        -0.035336 0.347509 0.354331,
        -0.044669 0.347509 0.354331,
        -0.062967 0.347509 0.354331,
        0.452756 0.334646 0.173228,
        0.452756 0.362205 0.173228,
        0.452756 0.334646 0.220472,
        0.452756 0.362205 0.220472,
        -0.421260 0.393701 0.220472,
        0.421260 0.393701 0.220472,
        -0.421260 0.393701 0.173228,
        0.421260 0.393701 0.173228,
        -0.452756 0.334646 0.220472,
        -0.452756 0.362205 0.220472,
        -0.452756 0.334646 0.173228,
        -0.452756 0.362205 0.173228,
        0.421260 -0.393701 0.220472,
        -0.421260 -0.393701 0.220472,
        0.421260 -0.393701 0.173228,
        -0.421260 -0.393701 0.173228,
        -0.406564 -0.347509 0.039370,
        -0.406564 0.347509 0.039370,
        0.406564 -0.347509 0.039370,
        0.406564 0.347509 0.039370,
        -0.421565 -0.393699 0.173218,
        -0.406564 -0.378699 0.066483,
        0.406564 -0.378699 0.066483,
        0.421565 -0.393699 0.173218,
        0.452754 0.362510 0.173218,
        0.437754 0.347509 0.066483,
        0.437754 -0.347509 0.066483,
        0.452754 -0.362510 0.173218,
        -0.452754 -0.362510 0.173218,
        -0.437754 -0.347509 0.066483,
        -0.437754 0.347509 0.066483,
        -0.452754 0.362510 0.173218,
        0.421565 0.393699 0.173218,
        0.406564 0.378699 0.066483,
        -0.406564 0.378699 0.066483,
        -0.421565 0.393699 0.173218,
        -0.421565 0.393699 0.220483,
        -0.406564 0.378699 0.327218,
        0.406564 0.378699 0.327218,
        0.421565 0.393699 0.220483,
        -0.452754 0.362510 0.220483,
        -0.437754 0.347509 0.327218,
        -0.437754 -0.347509 0.327218,
        -0.452754 -0.362510 0.220483,
        0.452754 -0.362510 0.220483,
        0.437754 -0.347509 0.327218,
        0.437754 0.347509 0.327218,
        0.452754 0.362510 0.220483,
        0.421565 -0.393699 0.220483,
        0.406564 -0.378699 0.327218,
        -0.406564 -0.378699 0.327218,
        -0.421565 -0.393699 0.220483,
        0.406564 0.376862 0.334254,
        -0.406564 0.376862 0.334254,
        0.406564 0.376757 0.334451,
        -0.406564 0.376757 0.334451,
        0.406564 0.373307 0.340902,
        -0.406564 0.373307 0.340902,
        0.406564 0.373188 0.341036,
        -0.406564 0.373188 0.341036,
        0.406564 0.368274 0.346516,
        -0.406564 0.368274 0.346516,
        0.406564 0.368163 0.346592,
        -0.406564 0.368163 0.346592,
        0.406564 0.362051 0.350773,
        -0.406564 0.362051 0.350773,
        0.406564 0.361967 0.350804,
        -0.406564 0.361967 0.350804,
        0.406564 0.354994 0.353428,
        -0.406564 0.354994 0.353428,
        0.406564 0.354950 0.353433,
        -0.406564 0.354950 0.353433,
        0.411939 0.367567 0.346516,
        0.410328 0.361556 0.350773,
        0.408502 0.354739 0.353428,
        0.410307 0.353992 0.353428,
        0.413047 0.351252 0.353428,
        0.411857 0.352802 0.353428,
        0.413794 0.349446 0.353428,
        0.414161 0.375862 0.334254,
        0.414595 0.377484 0.328176,
        0.414541 0.377507 0.328172,
        0.421987 0.374322 0.328770,
        0.421241 0.372930 0.334254,
        0.422026 0.374291 0.328772,
        0.427320 0.368265 0.334254,
        0.428408 0.369353 0.328974,
        0.431985 0.362186 0.334254,
        0.433346 0.362971 0.328772,
        0.433376 0.362932 0.328770,
        0.434917 0.355106 0.334254,
        0.436539 0.355540 0.328176,
        0.436563 0.355486 0.328172,
        0.435917 0.347509 0.334254,
        0.414005 0.347509 0.353433,
        0.413835 0.360103 0.350773,
        0.416847 0.357792 0.350773,
        0.419158 0.354780 0.350773,
        0.420611 0.351273 0.350773,
        0.414050 0.347509 0.353428,
        0.421022 0.347509 0.350804,
        0.421106 0.347509 0.350773,
        0.427219 0.347509 0.346592,
        0.416947 0.365492 0.346516,
        0.421247 0.362192 0.346516,
        0.424547 0.357892 0.346516,
        0.426622 0.352883 0.346516,
        0.413241 0.372428 0.340902,
        0.419463 0.369851 0.340902,
        0.424806 0.365751 0.340902,
        0.428906 0.360408 0.340902,
        0.431483 0.354186 0.340902,
        0.427330 0.347509 0.346516,
        0.432243 0.347509 0.341036,
        0.432363 0.347509 0.340902,
        0.435812 0.347509 0.334451,
        -0.432243 0.347509 0.341036,
        -0.427330 0.347509 0.346516,
        -0.426622 0.352883 0.346516,
        -0.420611 0.351273 0.350773,
        -0.413794 0.349446 0.353428,
        -0.413047 0.351252 0.353428,
        -0.410307 0.353992 0.353428,
        -0.411857 0.352802 0.353428,
        -0.408502 0.354739 0.353428,
        -0.414005 0.347509 0.353433,
        -0.434917 0.355106 0.334254,
        -0.436539 0.355540 0.328176,
        -0.436563 0.355486 0.328172,
        -0.433376 0.362932 0.328770,
        -0.431985 0.362186 0.334254,
        -0.433346 0.362971 0.328772,
        -0.427320 0.368265 0.334254,
        -0.428408 0.369353 0.328974,
        -0.421241 0.372930 0.334254,
        -0.422026 0.374291 0.328772,
        -0.421987 0.374322 0.328770,
        -0.414161 0.375862 0.334254,
        -0.414595 0.377484 0.328176,
        -0.414541 0.377507 0.328172,
        -0.427219 0.347509 0.346592,
        -0.421106 0.347509 0.350773,
        -0.421022 0.347509 0.350804,
        -0.414050 0.347509 0.353428,
        -0.419158 0.354780 0.350773,
        -0.416847 0.357792 0.350773,
        -0.413835 0.360103 0.350773,
        -0.410328 0.361556 0.350773,
        -0.424547 0.357892 0.346516,
        -0.421247 0.362192 0.346516,
        -0.416947 0.365492 0.346516,
        -0.411939 0.367567 0.346516,
        -0.435812 0.347509 0.334451,
        -0.432363 0.347509 0.340902,
        -0.431483 0.354186 0.340902,
        -0.428906 0.360408 0.340902,
        -0.424806 0.365751 0.340902,
        -0.419463 0.369851 0.340902,
        -0.413241 0.372428 0.340902,
        -0.435917 0.347509 0.334254,
        0.435917 -0.347509 0.334254,
        0.435812 -0.347509 0.334451,
        0.432363 -0.347509 0.340902,
        0.432243 -0.347509 0.341036,
        0.427330 -0.347509 0.346516,
        0.427219 -0.347509 0.346592,
        0.421106 -0.347509 0.350773,
        0.421022 -0.347509 0.350804,
        0.414050 -0.347509 0.353428,
        0.414005 -0.347509 0.353433,
        0.437096 0.389430 0.221267,
        0.437003 0.389469 0.221263,
        0.429608 0.392574 0.220964,
        0.429408 0.392602 0.220952,
        0.443531 0.384476 0.221370,
        0.448485 0.378041 0.221267,
        0.448524 0.377948 0.221263,
        0.451630 0.370553 0.220964,
        0.451657 0.370353 0.220952,
        -0.448485 0.378041 0.221267,
        -0.448524 0.377948 0.221263,
        -0.451630 0.370553 0.220964,
        -0.451657 0.370353 0.220952,
        -0.443531 0.384476 0.221370,
        -0.437096 0.389430 0.221267,
        -0.437003 0.389469 0.221263,
        -0.429608 0.392574 0.220964,
        -0.429408 0.392602 0.220952,
        -0.435917 -0.347509 0.334254,
        -0.435812 -0.347509 0.334451,
        -0.432363 -0.347509 0.340902,
        -0.432243 -0.347509 0.341036,
        -0.427330 -0.347509 0.346516,
        -0.427219 -0.347509 0.346592,
        -0.421106 -0.347509 0.350773,
        -0.421022 -0.347509 0.350804,
        -0.414050 -0.347509 0.353428,
        -0.414005 -0.347509 0.353433,
        -0.406564 -0.376862 0.334254,
        0.406564 -0.376862 0.334254,
        -0.406564 -0.376757 0.334451,
        0.406564 -0.376757 0.334451,
        -0.406564 -0.373307 0.340902,
        0.406564 -0.373307 0.340902,
        -0.406564 -0.373188 0.341036,
        0.406564 -0.373188 0.341036,
        -0.406564 -0.368274 0.346516,
        0.406564 -0.368274 0.346516,
        -0.406564 -0.368163 0.346592,
        0.406564 -0.368163 0.346592,
        -0.406564 -0.362051 0.350773,
        0.406564 -0.362051 0.350773,
        -0.406564 -0.361967 0.350804,
        0.406564 -0.361967 0.350804,
        -0.406564 -0.354994 0.353428,
        0.406564 -0.354994 0.353428,
        -0.406564 -0.354950 0.353433,
        0.406564 -0.354950 0.353433,
        0.426622 -0.352883 0.346516,
        0.420611 -0.351273 0.350773,
        0.413794 -0.349446 0.353428,
        0.413047 -0.351252 0.353428,
        0.410307 -0.353992 0.353428,
        0.411857 -0.352802 0.353428,
        0.408502 -0.354739 0.353428,
        0.434917 -0.355106 0.334254,
        0.436539 -0.355540 0.328176,
        0.436563 -0.355486 0.328172,
        0.433376 -0.362932 0.328770,
        0.431985 -0.362186 0.334254,
        0.433346 -0.362971 0.328772,
        0.427320 -0.368265 0.334254,
        0.428408 -0.369353 0.328974,
        0.421241 -0.372930 0.334254,
        0.422026 -0.374291 0.328772,
        0.421987 -0.374322 0.328770,
        0.414161 -0.375862 0.334254,
        0.414595 -0.377484 0.328176,
        0.414541 -0.377507 0.328172,
        0.419158 -0.354780 0.350773,
        0.416847 -0.357792 0.350773,
        0.413835 -0.360103 0.350773,
        0.410328 -0.361556 0.350773,
        0.424547 -0.357892 0.346516,
        0.421247 -0.362192 0.346516,
        0.416947 -0.365492 0.346516,
        0.411939 -0.367567 0.346516,
        0.431483 -0.354186 0.340902,
        0.428906 -0.360408 0.340902,
        0.424806 -0.365751 0.340902,
        0.419463 -0.369851 0.340902,
        0.413241 -0.372428 0.340902,
        0.429408 0.392602 0.172748,
        0.429608 0.392574 0.172736,
        0.437003 0.389469 0.172438,
        0.437096 0.389430 0.172434,
        0.443531 0.384476 0.172331,
        0.448485 0.378041 0.172434,
        0.448524 0.377948 0.172438,
        0.451630 0.370553 0.172736,
        0.451657 0.370353 0.172748,
        -0.429408 0.392602 0.172748,
        -0.429608 0.392574 0.172736,
        -0.437003 0.389469 0.172438,
        -0.437096 0.389430 0.172434,
        -0.443531 0.384476 0.172331,
        -0.448485 0.378041 0.172434,
        -0.448524 0.377948 0.172438,
        -0.451630 0.370553 0.172736,
        -0.451657 0.370353 0.172748,
        -0.411939 -0.367567 0.346516,
        -0.410328 -0.361556 0.350773,
        -0.408502 -0.354739 0.353428,
        -0.410307 -0.353992 0.353428,
        -0.413047 -0.351252 0.353428,
        -0.411857 -0.352802 0.353428,
        -0.413794 -0.349446 0.353428,
        -0.414161 -0.375862 0.334254,
        -0.414595 -0.377484 0.328176,
        -0.414541 -0.377507 0.328172,
        -0.421987 -0.374322 0.328770,
        -0.421241 -0.372930 0.334254,
        -0.422026 -0.374291 0.328772,
        -0.427320 -0.368265 0.334254,
        -0.428408 -0.369353 0.328974,
        -0.431985 -0.362186 0.334254,
        -0.433346 -0.362971 0.328772,
        -0.433376 -0.362932 0.328770,
        -0.434917 -0.355106 0.334254,
        -0.436539 -0.355540 0.328176,
        -0.436563 -0.355486 0.328172,
        -0.413835 -0.360103 0.350773,
        -0.416847 -0.357792 0.350773,
        -0.419158 -0.354780 0.350773,
        -0.420611 -0.351273 0.350773,
        -0.416947 -0.365492 0.346516,
        -0.421247 -0.362192 0.346516,
        -0.424547 -0.357892 0.346516,
        -0.426622 -0.352883 0.346516,
        -0.413241 -0.372428 0.340902,
        -0.419463 -0.369851 0.340902,
        -0.424806 -0.365751 0.340902,
        -0.428906 -0.360408 0.340902,
        -0.431483 -0.354186 0.340902,
        0.448485 -0.378041 0.221267,
        0.448524 -0.377948 0.221263,
        0.451630 -0.370553 0.220964,
        0.451657 -0.370353 0.220952,
        0.443531 -0.384476 0.221370,
        0.437096 -0.389430 0.221267,
        0.437003 -0.389469 0.221263,
        0.429608 -0.392574 0.220964,
        0.429408 -0.392602 0.220952,
        0.436724 0.354403 0.065659,
        0.436563 0.355486 0.065529,
        0.434263 0.360859 0.065097,
        0.433376 0.362932 0.064930,
        0.430523 0.366620 0.064813,
        0.413458 0.377669 0.065659,
        0.414541 0.377507 0.065529,
        0.419914 0.375208 0.065097,
        0.421987 0.374322 0.064930,
        0.425675 0.371468 0.064813,
        0.428408 0.369353 0.064726,
        -0.406564 0.376862 0.059447,
        0.406564 0.376862 0.059447,
        -0.406564 0.376757 0.059250,
        0.406564 0.376757 0.059250,
        -0.406564 0.373307 0.052798,
        0.406564 0.373307 0.052798,
        -0.406564 0.373188 0.052665,
        0.406564 0.373188 0.052665,
        -0.406564 0.368274 0.047185,
        0.406564 0.368274 0.047185,
        -0.406564 0.368163 0.047109,
        0.406564 0.368163 0.047109,
        -0.406564 0.362051 0.042928,
        0.406564 0.362051 0.042928,
        -0.406564 0.361967 0.042896,
        0.406564 0.361967 0.042896,
        -0.406564 0.354994 0.040272,
        0.406564 0.354994 0.040272,
        -0.406564 0.354950 0.040267,
        0.406564 0.354950 0.040267,
        -0.414541 0.377507 0.065529,
        -0.414595 0.377484 0.065525,
        -0.421987 0.374322 0.064930,
        -0.422026 0.374291 0.064929,
        -0.428408 0.369353 0.064726,
        -0.433346 0.362971 0.064929,
        -0.433376 0.362932 0.064930,
        -0.436539 0.355540 0.065525,
        -0.436563 0.355486 0.065529,
        -0.437096 -0.389430 0.221267,
        -0.437003 -0.389469 0.221263,
        -0.429608 -0.392574 0.220964,
        -0.429408 -0.392602 0.220952,
        -0.443531 -0.384476 0.221370,
        -0.448485 -0.378041 0.221267,
        -0.448524 -0.377948 0.221263,
        -0.451630 -0.370553 0.220964,
        -0.451657 -0.370353 0.220952,
        0.429408 -0.392602 0.172748,
        0.429608 -0.392574 0.172736,
        0.437003 -0.389469 0.172438,
        0.437096 -0.389430 0.172434,
        0.443531 -0.384476 0.172331,
        0.448485 -0.378041 0.172434,
        0.448524 -0.377948 0.172438,
        0.451630 -0.370553 0.172736,
        0.451657 -0.370353 0.172748,
        0.414005 0.347509 0.040267,
        0.413862 0.349175 0.040272,
        0.411231 0.353361 0.040272,
        0.412417 0.352176 0.040272,
        0.409800 0.361687 0.042928,
        0.411185 0.367754 0.047185,
        0.412305 0.372661 0.052798,
        0.413096 0.376126 0.059447,
        0.419300 0.373956 0.059447,
        0.433011 0.360245 0.059447,
        0.435181 0.354041 0.059447,
        0.424866 0.370458 0.059447,
        0.435917 0.347509 0.059447,
        0.435812 0.347509 0.059250,
        0.431716 0.353250 0.052798,
        0.417758 0.370753 0.052798,
        0.432363 0.347509 0.052798,
        0.432243 0.347509 0.052665,
        0.426809 0.352130 0.047185,
        0.415574 0.366218 0.047185,
        0.422649 0.367679 0.052798,
        0.429513 0.365811 0.059447,
        0.427330 0.347509 0.047185,
        0.427219 0.347509 0.047109,
        0.420742 0.350745 0.042928,
        0.426734 0.363594 0.052798,
        0.419511 0.363744 0.047185,
        0.412874 0.360611 0.042928,
        0.408230 0.354807 0.040272,
        0.417933 0.356576 0.042928,
        0.429808 0.358703 0.052798,
        0.425273 0.356519 0.047185,
        0.419666 0.353819 0.042928,
        0.413308 0.350757 0.040272,
        0.422799 0.360456 0.047185,
        0.415631 0.358878 0.042928,
        0.409812 0.354253 0.040272,
        0.421106 0.347509 0.042928,
        0.421022 0.347509 0.042896,
        0.414050 0.347509 0.040272,
        -0.408502 0.354739 0.040272,
        -0.421022 0.347509 0.042896,
        -0.421106 0.347509 0.042928,
        -0.420611 0.351273 0.042928,
        -0.427219 0.347509 0.047109,
        -0.427330 0.347509 0.047185,
        -0.426622 0.352883 0.047185,
        -0.431483 0.354186 0.052798,
        -0.434917 0.355106 0.059447,
        -0.431985 0.362186 0.059447,
        -0.414161 0.375862 0.059447,
        -0.435917 0.347509 0.059447,
        -0.435812 0.347509 0.059250,
        -0.432363 0.347509 0.052798,
        -0.432243 0.347509 0.052665,
        -0.413241 0.372428 0.052798,
        -0.428906 0.360408 0.052798,
        -0.427320 0.368265 0.059447,
        -0.411939 0.367567 0.047185,
        -0.424547 0.357892 0.047185,
        -0.424806 0.365751 0.052798,
        -0.410328 0.361556 0.042928,
        -0.421247 0.362192 0.047185,
        -0.419158 0.354780 0.042928,
        -0.413794 0.349446 0.040272,
        -0.421241 0.372930 0.059447,
        -0.419463 0.369851 0.052798,
        -0.416947 0.365492 0.047185,
        -0.413835 0.360103 0.042928,
        -0.410307 0.353992 0.040272,
        -0.414005 0.347509 0.040267,
        -0.414050 0.347509 0.040272,
        -0.416847 0.357792 0.042928,
        -0.413047 0.351252 0.040272,
        -0.411857 0.352802 0.040272,
        -0.451657 -0.370353 0.172748,
        -0.451630 -0.370553 0.172736,
        -0.448524 -0.377948 0.172438,
        -0.448485 -0.378041 0.172434,
        -0.443531 -0.384476 0.172331,
        -0.437096 -0.389430 0.172434,
        -0.437003 -0.389469 0.172438,
        -0.429608 -0.392574 0.172736,
        -0.429408 -0.392602 0.172748,
        0.414541 -0.377507 0.065529,
        0.414595 -0.377484 0.065525,
        0.421987 -0.374322 0.064930,
        0.422026 -0.374291 0.064929,
        0.428408 -0.369353 0.064726,
        0.433346 -0.362971 0.064929,
        0.433376 -0.362932 0.064930,
        0.436539 -0.355540 0.065525,
        0.436563 -0.355486 0.065529,
        0.435917 -0.347509 0.059447,
        0.435812 -0.347509 0.059250,
        0.432363 -0.347509 0.052798,
        0.432243 -0.347509 0.052665,
        0.427330 -0.347509 0.047185,
        0.427219 -0.347509 0.047109,
        0.421106 -0.347509 0.042928,
        0.421022 -0.347509 0.042896,
        0.414050 -0.347509 0.040272,
        0.414005 -0.347509 0.040267,
        -0.435917 -0.347509 0.059447,
        -0.435812 -0.347509 0.059250,
        -0.432363 -0.347509 0.052798,
        -0.432243 -0.347509 0.052665,
        -0.427330 -0.347509 0.047185,
        -0.427219 -0.347509 0.047109,
        -0.421106 -0.347509 0.042928,
        -0.421022 -0.347509 0.042896,
        -0.414050 -0.347509 0.040272,
        -0.414005 -0.347509 0.040267,
        -0.436563 -0.355486 0.065529,
        -0.436539 -0.355540 0.065525,
        -0.433376 -0.362932 0.064930,
        -0.433346 -0.362971 0.064929,
        -0.428408 -0.369353 0.064726,
        -0.422026 -0.374291 0.064929,
        -0.421987 -0.374322 0.064930,
        -0.414595 -0.377484 0.065525,
        -0.414541 -0.377507 0.065529,
        0.406564 -0.354950 0.040267,
        0.408502 -0.354739 0.040272,
        0.420611 -0.351273 0.042928,
        0.426622 -0.352883 0.047185,
        0.431483 -0.354186 0.052798,
        0.434917 -0.355106 0.059447,
        0.431985 -0.362186 0.059447,
        0.406564 -0.376862 0.059447,
        0.414161 -0.375862 0.059447,
        0.406564 -0.376757 0.059250,
        0.413241 -0.372428 0.052798,
        0.428906 -0.360408 0.052798,
        0.427320 -0.368265 0.059447,
        0.406564 -0.373307 0.052798,
        0.406564 -0.373188 0.052665,
        0.411939 -0.367567 0.047185,
        0.424547 -0.357892 0.047185,
        0.424806 -0.365751 0.052798,
        0.406564 -0.368274 0.047185,
        0.406564 -0.368163 0.047109,
        0.410328 -0.361556 0.042928,
        0.421247 -0.362192 0.047185,
        0.419158 -0.354780 0.042928,
        0.413794 -0.349446 0.040272,
        0.421241 -0.372930 0.059447,
        0.419463 -0.369851 0.052798,
        0.416947 -0.365492 0.047185,
        0.413835 -0.360103 0.042928,
        0.410307 -0.353992 0.040272,
        0.416847 -0.357792 0.042928,
        0.413047 -0.351252 0.040272,
        0.411857 -0.352802 0.040272,
        0.406564 -0.362051 0.042928,
        0.406564 -0.361967 0.042896,
        0.406564 -0.354994 0.040272,
        -0.413794 -0.349446 0.040272,
        -0.406564 -0.361967 0.042896,
        -0.406564 -0.362051 0.042928,
        -0.410328 -0.361556 0.042928,
        -0.406564 -0.368163 0.047109,
        -0.406564 -0.368274 0.047185,
        -0.411939 -0.367567 0.047185,
        -0.413241 -0.372428 0.052798,
        -0.414161 -0.375862 0.059447,
        -0.421241 -0.372930 0.059447,
        -0.434917 -0.355106 0.059447,
        -0.406564 -0.376862 0.059447,
        -0.406564 -0.376757 0.059250,
        -0.406564 -0.373307 0.052798,
        -0.406564 -0.373188 0.052665,
        -0.431483 -0.354186 0.052798,
        -0.419463 -0.369851 0.052798,
        -0.427320 -0.368265 0.059447,
        -0.426622 -0.352883 0.047185,
        -0.416947 -0.365492 0.047185,
        -0.424806 -0.365751 0.052798,
        -0.420611 -0.351273 0.042928,
        -0.421247 -0.362192 0.047185,
        -0.413835 -0.360103 0.042928,
        -0.408502 -0.354739 0.040272,
        -0.431985 -0.362186 0.059447,
        -0.428906 -0.360408 0.052798,
        -0.424547 -0.357892 0.047185,
        -0.419158 -0.354780 0.042928,
        -0.413047 -0.351252 0.040272,
        -0.406564 -0.354950 0.040267,
        -0.406564 -0.354994 0.040272,
        -0.416847 -0.357792 0.042928,
        -0.410307 -0.353992 0.040272,
        -0.411857 -0.352802 0.040272,
      ]
    }
    coordIndex [
      0, 1, 2, -1,
      2, 1, 3, -1,
      4, 5, 6, -1,
      6, 5, 7, -1,
      8, 9, 10, -1,
      10, 9, 11, -1,
      12, 13, 14, -1,
      14, 13, 15, -1,
      16, 17, 18, -1,
      18, 17, 19, -1,
      20, 21, 22, -1,
      22, 21, 23, -1,
      24, 25, 26, -1,
      26, 25, 27, -1,
      28, 29, 30, -1,
      30, 29, 31, -1,
      32, 33, 34, -1,
      35, 36, 37, -1,
      38, 39, 40, -1,
      41, 42, 43, -1,
      44, 45, 46, -1,
      46, 45, 47, -1,
      46, 47, 48, -1,
      49, 50, 47, -1,
      47, 50, 51, -1,
      47, 51, 52, -1,
      52, 53, 47, -1,
      47, 53, 54, -1,
      47, 54, 48, -1,
      55, 56, 57, -1,
      57, 56, 58, -1,
      58, 56, 59, -1,
      58, 59, 60, -1,
      55, 57, 61, -1,
      61, 57, 62, -1,
      61, 62, 63, -1,
      43, 42, 62, -1,
      62, 42, 64, -1,
      62, 64, 65, -1,
      62, 66, 63, -1,
      63, 66, 67, -1,
      63, 67, 68, -1,
      68, 67, 69, -1,
      68, 69, 70, -1,
      65, 71, 62, -1,
      62, 71, 72, -1,
      62, 72, 66, -1,
      73, 74, 43, -1,
      43, 74, 75, -1,
      43, 75, 41, -1,
      76, 77, 78, -1,
      76, 78, 79, -1,
      77, 80, 78, -1,
      78, 80, 81, -1,
      78, 81, 73, -1,
      73, 81, 82, -1,
      73, 82, 74, -1,
      83, 79, 84, -1,
      84, 79, 78, -1,
      84, 78, 85, -1,
      85, 78, 86, -1,
      85, 86, 87, -1,
      87, 86, 88, -1,
      89, 90, 86, -1,
      86, 90, 91, -1,
      86, 91, 88, -1,
      92, 93, 89, -1,
      89, 93, 94, -1,
      89, 94, 90, -1,
      95, 96, 97, -1,
      97, 98, 95, -1,
      95, 98, 99, -1,
      95, 99, 100, -1,
      100, 101, 95, -1,
      95, 101, 102, -1,
      95, 102, 92, -1,
      92, 102, 103, -1,
      92, 103, 93, -1,
      104, 105, 106, -1,
      107, 108, 109, -1,
      110, 111, 96, -1,
      107, 109, 112, -1,
      108, 113, 109, -1,
      109, 113, 114, -1,
      109, 114, 115, -1,
      104, 106, 96, -1,
      96, 106, 116, -1,
      96, 116, 110, -1,
      111, 117, 96, -1,
      96, 117, 118, -1,
      96, 118, 97, -1,
      97, 118, 119, -1,
      97, 119, 120, -1,
      120, 121, 97, -1,
      97, 121, 122, -1,
      97, 122, 123, -1,
      109, 124, 125, -1,
      126, 127, 128, -1,
      128, 127, 129, -1,
      128, 129, 109, -1,
      109, 129, 130, -1,
      109, 130, 112, -1,
      115, 131, 109, -1,
      109, 131, 132, -1,
      109, 132, 133, -1,
      123, 134, 97, -1,
      97, 134, 135, -1,
      97, 135, 136, -1,
      136, 135, 126, -1,
      136, 126, 137, -1,
      137, 126, 128, -1,
      133, 138, 109, -1,
      109, 138, 139, -1,
      109, 139, 124, -1,
      140, 141, 142, -1,
      140, 142, 143, -1,
      125, 144, 109, -1,
      109, 144, 145, -1,
      109, 145, 146, -1,
      146, 145, 147, -1,
      146, 147, 148, -1,
      149, 150, 151, -1,
      151, 150, 152, -1,
      151, 152, 153, -1,
      153, 154, 151, -1,
      151, 154, 155, -1,
      151, 155, 156, -1,
      156, 155, 157, -1,
      156, 157, 158, -1,
      146, 159, 160, -1,
      148, 161, 146, -1,
      146, 161, 162, -1,
      146, 162, 159, -1,
      163, 164, 165, -1,
      165, 164, 146, -1,
      165, 146, 166, -1,
      166, 146, 160, -1,
      163, 142, 164, -1,
      164, 142, 141, -1,
      164, 141, 40, -1,
      40, 141, 167, -1,
      40, 167, 38, -1,
      168, 169, 170, -1,
      168, 170, 171, -1,
      158, 157, 170, -1,
      170, 157, 172, -1,
      170, 172, 171, -1,
      173, 174, 175, -1,
      174, 176, 175, -1,
      175, 176, 177, -1,
      175, 177, 178, -1,
      150, 175, 179, -1,
      149, 143, 150, -1,
      150, 143, 142, -1,
      150, 142, 175, -1,
      175, 142, 180, -1,
      175, 180, 173, -1,
      179, 181, 150, -1,
      150, 181, 182, -1,
      150, 182, 183, -1,
      178, 177, 184, -1,
      184, 177, 185, -1,
      184, 185, 186, -1,
      186, 185, 187, -1,
      186, 187, 188, -1,
      189, 190, 183, -1,
      183, 190, 191, -1,
      183, 191, 150, -1,
      44, 192, 45, -1,
      45, 192, 193, -1,
      45, 193, 104, -1,
      104, 193, 194, -1,
      104, 194, 105, -1,
      195, 196, 197, -1,
      198, 199, 200, -1,
      201, 202, 203, -1,
      203, 202, 204, -1,
      203, 204, 205, -1,
      197, 201, 195, -1,
      195, 201, 203, -1,
      195, 203, 206, -1,
      206, 203, 207, -1,
      206, 207, 208, -1,
      199, 209, 200, -1,
      200, 209, 210, -1,
      200, 210, 202, -1,
      202, 210, 211, -1,
      202, 211, 204, -1,
      205, 212, 203, -1,
      203, 212, 213, -1,
      203, 213, 214, -1,
      215, 216, 217, -1,
      214, 218, 203, -1,
      203, 218, 219, -1,
      203, 219, 220, -1,
      220, 219, 221, -1,
      220, 221, 217, -1,
      217, 221, 222, -1,
      217, 222, 215, -1,
      223, 224, 225, -1,
      223, 225, 226, -1,
      224, 227, 225, -1,
      225, 227, 228, -1,
      225, 228, 200, -1,
      200, 228, 229, -1,
      200, 229, 198, -1,
      230, 231, 232, -1,
      232, 231, 233, -1,
      232, 233, 234, -1,
      234, 233, 235, -1,
      236, 217, 237, -1,
      237, 217, 238, -1,
      237, 238, 239, -1,
      239, 238, 240, -1,
      241, 240, 242, -1,
      242, 240, 238, -1,
      242, 238, 243, -1,
      243, 238, 217, -1,
      243, 217, 244, -1,
      244, 217, 216, -1,
      244, 216, 245, -1,
      245, 216, 246, -1,
      245, 246, 247, -1,
      247, 246, 248, -1,
      247, 248, 249, -1,
      236, 231, 217, -1,
      217, 231, 230, -1,
      217, 230, 220, -1,
      220, 230, 250, -1,
      220, 250, 251, -1,
      251, 250, 252, -1,
      251, 252, 253, -1,
      254, 255, 256, -1,
      256, 257, 254, -1,
      254, 257, 258, -1,
      254, 258, 259, -1,
      259, 258, 260, -1,
      259, 260, 261, -1,
      262, 263, 264, -1,
      265, 266, 267, -1,
      268, 269, 262, -1,
      262, 269, 270, -1,
      262, 270, 263, -1,
      263, 270, 271, -1,
      263, 271, 272, -1,
      265, 267, 262, -1,
      262, 267, 273, -1,
      262, 273, 268, -1,
      274, 275, 276, -1,
      276, 275, 277, -1,
      276, 277, 264, -1,
      264, 277, 278, -1,
      264, 278, 262, -1,
      279, 280, 281, -1,
      282, 283, 284, -1,
      272, 285, 263, -1,
      263, 285, 286, -1,
      263, 286, 284, -1,
      284, 286, 287, -1,
      284, 287, 282, -1,
      288, 289, 37, -1,
      37, 289, 290, -1,
      283, 291, 284, -1,
      284, 291, 292, -1,
      284, 292, 279, -1,
      279, 292, 293, -1,
      279, 293, 280, -1,
      294, 281, 295, -1,
      295, 281, 296, -1,
      297, 298, 37, -1,
      37, 298, 299, -1,
      37, 299, 288, -1,
      290, 300, 37, -1,
      37, 300, 301, -1,
      37, 301, 35, -1,
      302, 303, 304, -1,
      304, 303, 305, -1,
      304, 305, 306, -1,
      304, 307, 302, -1,
      302, 307, 308, -1,
      302, 308, 309, -1,
      309, 310, 302, -1,
      302, 310, 311, -1,
      302, 311, 312, -1,
      312, 311, 313, -1,
      312, 313, 314, -1,
      314, 313, 315, -1,
      314, 315, 281, -1,
      281, 315, 316, -1,
      281, 316, 296, -1,
      317, 318, 306, -1,
      306, 318, 319, -1,
      306, 319, 304, -1,
      320, 321, 266, -1,
      266, 321, 322, -1,
      266, 322, 267, -1,
      320, 323, 321, -1,
      321, 323, 324, -1,
      321, 324, 325, -1,
      325, 324, 326, -1,
      325, 327, 328, -1,
      326, 329, 325, -1,
      325, 329, 330, -1,
      325, 330, 331, -1,
      331, 332, 325, -1,
      325, 332, 333, -1,
      325, 333, 327, -1,
      328, 334, 325, -1,
      325, 334, 335, -1,
      325, 335, 336, -1,
      337, 338, 225, -1,
      225, 338, 339, -1,
      340, 341, 339, -1,
      339, 341, 216, -1,
      339, 216, 225, -1,
      225, 216, 215, -1,
      225, 215, 226, -1,
      341, 342, 216, -1,
      216, 342, 343, -1,
      216, 343, 246, -1,
      246, 343, 344, -1,
      246, 344, 345, -1,
      345, 344, 346, -1,
      345, 346, 347, -1,
      348, 349, 350, -1,
      351, 352, 353, -1,
      353, 352, 354, -1,
      353, 354, 355, -1,
      355, 354, 356, -1,
      355, 356, 357, -1,
      357, 356, 358, -1,
      357, 358, 359, -1,
      359, 358, 360, -1,
      359, 360, 361, -1,
      361, 360, 362, -1,
      363, 364, 365, -1,
      348, 358, 349, -1,
      349, 358, 356, -1,
      349, 356, 248, -1,
      248, 356, 366, -1,
      248, 366, 365, -1,
      365, 366, 367, -1,
      365, 367, 363, -1,
      368, 369, 350, -1,
      350, 369, 370, -1,
      350, 370, 348, -1,
      371, 372, 368, -1,
      368, 372, 373, -1,
      368, 373, 374, -1,
      375, 376, 377, -1,
      377, 376, 378, -1,
      377, 378, 379, -1,
      379, 378, 380, -1,
      379, 380, 374, -1,
      374, 380, 364, -1,
      374, 364, 368, -1,
      368, 364, 363, -1,
      368, 363, 369, -1,
      377, 381, 382, -1,
      383, 384, 377, -1,
      377, 384, 385, -1,
      377, 385, 386, -1,
      383, 387, 384, -1,
      384, 387, 388, -1,
      384, 388, 389, -1,
      389, 388, 390, -1,
      389, 390, 391, -1,
      386, 392, 377, -1,
      377, 392, 393, -1,
      377, 393, 394, -1,
      382, 395, 377, -1,
      377, 395, 396, -1,
      377, 396, 375, -1,
      394, 397, 377, -1,
      377, 397, 398, -1,
      377, 398, 381, -1,
      399, 400, 371, -1,
      371, 400, 401, -1,
      371, 401, 372, -1,
      402, 403, 404, -1,
      404, 403, 405, -1,
      406, 407, 408, -1,
      408, 409, 406, -1,
      406, 409, 410, -1,
      406, 410, 411, -1,
      412, 413, 406, -1,
      406, 413, 414, -1,
      406, 414, 407, -1,
      415, 416, 417, -1,
      417, 416, 418, -1,
      417, 418, 412, -1,
      412, 418, 419, -1,
      412, 419, 413, -1,
      420, 421, 422, -1,
      422, 421, 423, -1,
      423, 424, 422, -1,
      422, 424, 425, -1,
      422, 425, 415, -1,
      420, 422, 426, -1,
      426, 422, 427, -1,
      426, 427, 428, -1,
      428, 427, 429, -1,
      429, 427, 263, -1,
      429, 263, 430, -1,
      380, 431, 364, -1,
      364, 431, 432, -1,
      364, 432, 433, -1,
      433, 432, 434, -1,
      433, 434, 435, -1,
      436, 437, 438, -1,
      438, 437, 439, -1,
      440, 441, 442, -1,
      442, 441, 443, -1,
      439, 442, 438, -1,
      438, 442, 443, -1,
      438, 443, 444, -1,
      444, 443, 445, -1,
      444, 445, 446, -1,
      447, 436, 448, -1,
      448, 436, 438, -1,
      448, 438, 449, -1,
      449, 438, 417, -1,
      449, 417, 450, -1,
      451, 452, 453, -1,
      454, 455, 427, -1,
      427, 455, 456, -1,
      457, 458, 459, -1,
      460, 461, 462, -1,
      462, 461, 463, -1,
      462, 463, 464, -1,
      465, 466, 454, -1,
      454, 466, 467, -1,
      454, 467, 468, -1,
      468, 467, 459, -1,
      468, 459, 469, -1,
      469, 459, 458, -1,
      470, 471, 451, -1,
      451, 471, 472, -1,
      451, 472, 452, -1,
      473, 474, 263, -1,
      263, 474, 475, -1,
      263, 475, 476, -1,
      456, 477, 427, -1,
      427, 477, 478, -1,
      427, 478, 263, -1,
      263, 478, 479, -1,
      263, 479, 473, -1,
      453, 480, 451, -1,
      451, 480, 481, -1,
      451, 481, 427, -1,
      427, 481, 482, -1,
      427, 482, 454, -1,
      454, 482, 483, -1,
      454, 483, 465, -1,
      484, 485, 459, -1,
      459, 485, 486, -1,
      459, 486, 487, -1,
      476, 488, 263, -1,
      263, 488, 489, -1,
      263, 489, 264, -1,
      264, 489, 490, -1,
      264, 490, 462, -1,
      487, 491, 459, -1,
      459, 491, 492, -1,
      459, 492, 457, -1,
      493, 494, 495, -1,
      495, 494, 496, -1,
      493, 497, 494, -1,
      494, 497, 498, -1,
      494, 498, 451, -1,
      451, 498, 499, -1,
      451, 499, 470, -1,
      500, 501, 37, -1,
      37, 501, 502, -1,
      294, 297, 281, -1,
      281, 297, 37, -1,
      281, 37, 279, -1,
      279, 37, 502, -1,
      279, 502, 261, -1,
      261, 502, 503, -1,
      261, 503, 259, -1,
      504, 501, 505, -1,
      505, 501, 500, -1,
      505, 500, 506, -1,
      507, 508, 509, -1,
      510, 511, 36, -1,
      36, 511, 507, -1,
      36, 507, 37, -1,
      37, 507, 509, -1,
      37, 509, 500, -1,
      500, 509, 512, -1,
      500, 512, 513, -1,
      514, 515, 516, -1,
      516, 515, 517, -1,
      516, 517, 507, -1,
      507, 517, 518, -1,
      507, 518, 508, -1,
      513, 519, 500, -1,
      500, 519, 520, -1,
      500, 520, 521, -1,
      521, 522, 500, -1,
      500, 522, 523, -1,
      500, 523, 506, -1,
      524, 525, 516, -1,
      516, 525, 526, -1,
      516, 526, 514, -1,
      527, 528, 524, -1,
      524, 528, 529, -1,
      524, 529, 525, -1,
      530, 531, 532, -1,
      532, 533, 530, -1,
      530, 533, 534, -1,
      530, 534, 535, -1,
      536, 537, 538, -1,
      535, 539, 530, -1,
      530, 539, 540, -1,
      530, 540, 541, -1,
      541, 540, 542, -1,
      541, 542, 543, -1,
      544, 545, 546, -1,
      546, 545, 547, -1,
      546, 547, 548, -1,
      549, 550, 536, -1,
      536, 550, 551, -1,
      536, 551, 537, -1,
      543, 552, 541, -1,
      541, 552, 553, -1,
      541, 553, 554, -1,
      548, 555, 546, -1,
      546, 555, 556, -1,
      546, 556, 536, -1,
      536, 556, 557, -1,
      536, 557, 549, -1,
      554, 544, 541, -1,
      541, 544, 546, -1,
      541, 546, 558, -1,
      558, 546, 559, -1,
      558, 559, 560, -1,
      560, 559, 561, -1,
      560, 561, 562, -1,
      562, 561, 524, -1,
      562, 524, 563, -1,
      563, 524, 516, -1,
      563, 516, 564, -1,
      564, 516, 507, -1,
      564, 507, 565, -1,
      565, 507, 511, -1,
      565, 511, 566, -1,
      566, 511, 496, -1,
      566, 496, 567, -1,
      567, 496, 494, -1,
      568, 569, 530, -1,
      530, 569, 536, -1,
      530, 536, 531, -1,
      531, 536, 538, -1,
      450, 45, 570, -1,
      570, 45, 104, -1,
      570, 104, 446, -1,
      446, 104, 96, -1,
      446, 96, 444, -1,
      444, 96, 95, -1,
      444, 95, 571, -1,
      571, 95, 92, -1,
      571, 92, 572, -1,
      510, 274, 511, -1,
      511, 274, 276, -1,
      511, 276, 496, -1,
      496, 276, 264, -1,
      496, 264, 495, -1,
      495, 264, 462, -1,
      495, 462, 573, -1,
      573, 462, 464, -1,
      569, 574, 536, -1,
      536, 574, 575, -1,
      536, 575, 546, -1,
      546, 575, 207, -1,
      546, 207, 559, -1,
      559, 207, 203, -1,
      559, 203, 561, -1,
      561, 203, 220, -1,
      561, 220, 524, -1,
      524, 220, 251, -1,
      524, 251, 527, -1,
      527, 251, 253, -1,
      527, 253, 576, -1,
      576, 253, 249, -1,
      574, 577, 575, -1,
      575, 577, 578, -1,
      575, 578, 207, -1,
      207, 578, 579, -1,
      207, 579, 208, -1,
      208, 579, 580, -1,
      415, 417, 422, -1,
      422, 417, 438, -1,
      422, 438, 427, -1,
      427, 438, 444, -1,
      427, 444, 451, -1,
      451, 444, 571, -1,
      451, 571, 494, -1,
      494, 571, 572, -1,
      494, 572, 567, -1,
      435, 430, 433, -1,
      433, 430, 263, -1,
      433, 263, 364, -1,
      364, 263, 284, -1,
      364, 284, 365, -1,
      365, 284, 279, -1,
      365, 279, 248, -1,
      248, 279, 261, -1,
      248, 261, 249, -1,
      249, 261, 260, -1,
      249, 260, 576, -1,
      577, 581, 578, -1,
      578, 581, 582, -1,
      578, 582, 579, -1,
      579, 582, 583, -1,
      579, 583, 580, -1,
      580, 583, 225, -1,
      580, 225, 584, -1,
      584, 225, 200, -1,
      450, 417, 45, -1,
      45, 417, 585, -1,
      45, 585, 47, -1,
      585, 586, 47, -1,
      47, 586, 32, -1,
      47, 32, 412, -1,
      412, 32, 34, -1,
      412, 34, 417, -1,
      417, 34, 587, -1,
      417, 587, 585, -1,
      588, 589, 246, -1,
      590, 591, 345, -1,
      345, 591, 592, -1,
      345, 592, 246, -1,
      246, 592, 593, -1,
      246, 593, 588, -1,
      589, 594, 246, -1,
      246, 594, 595, -1,
      246, 595, 596, -1,
      349, 597, 345, -1,
      345, 597, 598, -1,
      345, 598, 599, -1,
      596, 600, 246, -1,
      246, 600, 601, -1,
      246, 601, 248, -1,
      248, 601, 602, -1,
      248, 602, 349, -1,
      349, 602, 603, -1,
      349, 603, 597, -1,
      599, 604, 345, -1,
      345, 604, 605, -1,
      345, 605, 590, -1,
      581, 606, 582, -1,
      582, 606, 607, -1,
      582, 607, 583, -1,
      583, 607, 608, -1,
      583, 608, 225, -1,
      225, 608, 609, -1,
      225, 609, 337, -1,
      337, 609, 347, -1,
      337, 347, 610, -1,
      610, 347, 346, -1,
      411, 404, 406, -1,
      406, 404, 405, -1,
      406, 405, 412, -1,
      412, 405, 611, -1,
      412, 611, 47, -1,
      47, 611, 58, -1,
      47, 58, 49, -1,
      49, 58, 60, -1,
      606, 612, 607, -1,
      607, 612, 613, -1,
      607, 613, 608, -1,
      608, 613, 614, -1,
      608, 614, 609, -1,
      609, 614, 615, -1,
      609, 615, 347, -1,
      347, 615, 616, -1,
      347, 616, 345, -1,
      345, 616, 617, -1,
      345, 617, 349, -1,
      349, 617, 618, -1,
      349, 618, 350, -1,
      350, 618, 619, -1,
      350, 619, 368, -1,
      368, 619, 620, -1,
      368, 620, 371, -1,
      371, 620, 403, -1,
      371, 403, 399, -1,
      399, 403, 402, -1,
      621, 622, 623, -1,
      623, 622, 624, -1,
      625, 626, 627, -1,
      627, 626, 628, -1,
      629, 630, 631, -1,
      631, 630, 632, -1,
      633, 634, 635, -1,
      635, 634, 636, -1,
      637, 638, 639, -1,
      639, 638, 640, -1,
      636, 641, 642, -1,
      636, 642, 635, -1,
      635, 642, 643, -1,
      635, 643, 644, -1,
      645, 622, 646, -1,
      646, 622, 621, -1,
      646, 621, 13, -1,
      13, 12, 646, -1,
      646, 12, 9, -1,
      646, 9, 647, -1,
      9, 8, 647, -1,
      647, 8, 5, -1,
      647, 5, 4, -1,
      4, 3, 647, -1,
      647, 3, 1, -1,
      647, 1, 648, -1,
      649, 16, 650, -1,
      650, 16, 18, -1,
      650, 18, 22, -1,
      22, 23, 650, -1,
      650, 23, 26, -1,
      650, 26, 651, -1,
      26, 27, 651, -1,
      651, 27, 30, -1,
      651, 30, 31, -1,
      31, 631, 651, -1,
      651, 631, 632, -1,
      651, 632, 652, -1,
      628, 653, 654, -1,
      628, 654, 627, -1,
      627, 654, 655, -1,
      627, 655, 656, -1,
      625, 657, 658, -1,
      625, 658, 626, -1,
      626, 658, 659, -1,
      626, 659, 660, -1,
      661, 630, 662, -1,
      662, 630, 629, -1,
      662, 629, 29, -1,
      21, 20, 663, -1,
      29, 28, 662, -1,
      662, 28, 25, -1,
      662, 25, 663, -1,
      663, 25, 24, -1,
      663, 24, 21, -1,
      20, 19, 663, -1,
      663, 19, 17, -1,
      663, 17, 664, -1,
      665, 0, 666, -1,
      666, 0, 2, -1,
      666, 2, 6, -1,
      14, 15, 667, -1,
      6, 7, 666, -1,
      666, 7, 10, -1,
      666, 10, 667, -1,
      667, 10, 11, -1,
      667, 11, 14, -1,
      15, 623, 667, -1,
      667, 623, 624, -1,
      667, 624, 668, -1,
      633, 669, 670, -1,
      633, 670, 634, -1,
      634, 670, 671, -1,
      634, 671, 672, -1,
      659, 658, 673, -1,
      673, 658, 674, -1,
      673, 674, 675, -1,
      675, 674, 676, -1,
      675, 676, 677, -1,
      677, 676, 678, -1,
      677, 678, 679, -1,
      679, 678, 680, -1,
      679, 680, 681, -1,
      681, 680, 682, -1,
      681, 682, 683, -1,
      683, 682, 684, -1,
      683, 684, 685, -1,
      685, 684, 686, -1,
      685, 686, 687, -1,
      687, 686, 688, -1,
      687, 688, 689, -1,
      689, 688, 690, -1,
      689, 690, 691, -1,
      690, 692, 691, -1,
      691, 692, 57, -1,
      691, 57, 612, -1,
      679, 681, 693, -1,
      694, 695, 696, -1,
      612, 697, 698, -1,
      699, 697, 612, -1,
      696, 695, 612, -1,
      691, 612, 695, -1,
      700, 701, 702, -1,
      701, 700, 703, -1,
      703, 700, 704, -1,
      703, 704, 705, -1,
      705, 704, 706, -1,
      705, 706, 707, -1,
      707, 706, 708, -1,
      707, 708, 709, -1,
      709, 708, 710, -1,
      710, 708, 711, -1,
      710, 711, 712, -1,
      712, 711, 713, -1,
      713, 711, 714, -1,
      713, 714, 667, -1,
      715, 699, 612, -1,
      683, 685, 694, -1,
      694, 685, 687, -1,
      694, 687, 695, -1,
      695, 687, 689, -1,
      695, 689, 691, -1,
      716, 698, 717, -1,
      717, 698, 697, -1,
      717, 697, 718, -1,
      718, 697, 699, -1,
      718, 699, 719, -1,
      715, 720, 699, -1,
      699, 720, 721, -1,
      699, 721, 719, -1,
      719, 721, 722, -1,
      719, 722, 723, -1,
      693, 716, 724, -1,
      724, 716, 717, -1,
      724, 717, 725, -1,
      725, 717, 718, -1,
      725, 718, 726, -1,
      726, 718, 719, -1,
      726, 719, 727, -1,
      727, 719, 723, -1,
      675, 677, 728, -1,
      728, 677, 679, -1,
      679, 693, 728, -1,
      728, 693, 724, -1,
      728, 724, 729, -1,
      729, 724, 725, -1,
      729, 725, 730, -1,
      730, 725, 726, -1,
      730, 726, 731, -1,
      731, 726, 727, -1,
      731, 727, 732, -1,
      681, 683, 693, -1,
      693, 683, 694, -1,
      693, 694, 716, -1,
      716, 694, 696, -1,
      716, 696, 698, -1,
      698, 696, 612, -1,
      675, 700, 673, -1,
      673, 700, 702, -1,
      673, 702, 659, -1,
      723, 733, 727, -1,
      727, 733, 734, -1,
      727, 734, 732, -1,
      732, 734, 735, -1,
      732, 735, 736, -1,
      675, 728, 700, -1,
      700, 728, 729, -1,
      700, 729, 704, -1,
      704, 729, 730, -1,
      704, 730, 706, -1,
      706, 730, 731, -1,
      706, 731, 708, -1,
      708, 731, 732, -1,
      708, 732, 711, -1,
      711, 732, 736, -1,
      711, 736, 714, -1,
      737, 738, 739, -1,
      740, 741, 742, -1,
      57, 743, 744, -1,
      745, 743, 57, -1,
      742, 741, 57, -1,
      746, 57, 741, -1,
      747, 748, 749, -1,
      748, 747, 750, -1,
      750, 747, 751, -1,
      750, 751, 752, -1,
      752, 751, 753, -1,
      752, 753, 754, -1,
      754, 753, 755, -1,
      754, 755, 756, -1,
      756, 755, 757, -1,
      757, 755, 758, -1,
      757, 758, 759, -1,
      759, 758, 760, -1,
      760, 758, 674, -1,
      760, 674, 658, -1,
      692, 745, 57, -1,
      761, 762, 740, -1,
      740, 762, 763, -1,
      740, 763, 741, -1,
      741, 763, 764, -1,
      741, 764, 746, -1,
      765, 744, 766, -1,
      766, 744, 743, -1,
      766, 743, 767, -1,
      767, 743, 745, -1,
      767, 745, 768, -1,
      692, 690, 745, -1,
      745, 690, 688, -1,
      745, 688, 768, -1,
      768, 688, 686, -1,
      768, 686, 684, -1,
      739, 765, 769, -1,
      769, 765, 766, -1,
      769, 766, 770, -1,
      770, 766, 767, -1,
      770, 767, 771, -1,
      771, 767, 768, -1,
      771, 768, 772, -1,
      772, 768, 684, -1,
      773, 774, 775, -1,
      775, 774, 737, -1,
      737, 739, 775, -1,
      775, 739, 769, -1,
      775, 769, 776, -1,
      776, 769, 770, -1,
      776, 770, 777, -1,
      777, 770, 771, -1,
      777, 771, 778, -1,
      778, 771, 772, -1,
      778, 772, 779, -1,
      738, 761, 739, -1,
      739, 761, 740, -1,
      739, 740, 765, -1,
      765, 740, 742, -1,
      765, 742, 744, -1,
      744, 742, 57, -1,
      773, 747, 780, -1,
      780, 747, 749, -1,
      780, 749, 662, -1,
      684, 682, 772, -1,
      772, 682, 680, -1,
      772, 680, 779, -1,
      779, 680, 678, -1,
      779, 678, 676, -1,
      773, 775, 747, -1,
      747, 775, 776, -1,
      747, 776, 751, -1,
      751, 776, 777, -1,
      751, 777, 753, -1,
      753, 777, 778, -1,
      753, 778, 755, -1,
      755, 778, 779, -1,
      755, 779, 758, -1,
      758, 779, 676, -1,
      758, 676, 674, -1,
      666, 667, 781, -1,
      781, 667, 714, -1,
      781, 714, 782, -1,
      782, 714, 736, -1,
      782, 736, 783, -1,
      783, 736, 735, -1,
      783, 735, 784, -1,
      784, 735, 734, -1,
      784, 734, 785, -1,
      785, 734, 733, -1,
      785, 733, 786, -1,
      786, 733, 723, -1,
      786, 723, 787, -1,
      787, 723, 722, -1,
      787, 722, 788, -1,
      788, 722, 721, -1,
      788, 721, 789, -1,
      789, 721, 720, -1,
      789, 720, 790, -1,
      720, 715, 790, -1,
      790, 715, 612, -1,
      790, 612, 568, -1,
      791, 792, 702, -1,
      702, 792, 793, -1,
      702, 793, 659, -1,
      659, 793, 794, -1,
      659, 794, 660, -1,
      702, 701, 791, -1,
      791, 701, 703, -1,
      791, 703, 795, -1,
      795, 703, 705, -1,
      705, 707, 795, -1,
      795, 707, 709, -1,
      795, 709, 796, -1,
      796, 709, 710, -1,
      796, 710, 797, -1,
      797, 710, 712, -1,
      797, 712, 798, -1,
      798, 712, 713, -1,
      798, 713, 799, -1,
      799, 713, 667, -1,
      799, 667, 668, -1,
      800, 801, 749, -1,
      749, 801, 802, -1,
      749, 802, 662, -1,
      662, 802, 803, -1,
      662, 803, 661, -1,
      749, 748, 800, -1,
      800, 748, 750, -1,
      800, 750, 804, -1,
      804, 750, 752, -1,
      752, 754, 804, -1,
      804, 754, 756, -1,
      804, 756, 805, -1,
      805, 756, 757, -1,
      805, 757, 806, -1,
      806, 757, 759, -1,
      806, 759, 807, -1,
      807, 759, 760, -1,
      807, 760, 808, -1,
      808, 760, 658, -1,
      808, 658, 657, -1,
      662, 663, 780, -1,
      780, 663, 809, -1,
      780, 809, 773, -1,
      773, 809, 810, -1,
      773, 810, 774, -1,
      774, 810, 811, -1,
      774, 811, 737, -1,
      737, 811, 812, -1,
      737, 812, 738, -1,
      738, 812, 813, -1,
      738, 813, 761, -1,
      761, 813, 814, -1,
      761, 814, 762, -1,
      762, 814, 815, -1,
      762, 815, 763, -1,
      763, 815, 816, -1,
      763, 816, 764, -1,
      764, 816, 817, -1,
      764, 817, 746, -1,
      817, 818, 746, -1,
      746, 818, 89, -1,
      746, 89, 57, -1,
      671, 670, 819, -1,
      819, 670, 820, -1,
      819, 820, 821, -1,
      821, 820, 822, -1,
      821, 822, 823, -1,
      823, 822, 824, -1,
      823, 824, 825, -1,
      825, 824, 826, -1,
      825, 826, 827, -1,
      827, 826, 828, -1,
      827, 828, 829, -1,
      829, 828, 830, -1,
      829, 830, 831, -1,
      831, 830, 832, -1,
      831, 832, 833, -1,
      833, 832, 834, -1,
      833, 834, 835, -1,
      835, 834, 836, -1,
      835, 836, 837, -1,
      836, 838, 837, -1,
      837, 838, 568, -1,
      837, 568, 89, -1,
      784, 785, 839, -1,
      840, 841, 842, -1,
      568, 843, 844, -1,
      845, 843, 568, -1,
      842, 841, 568, -1,
      790, 568, 841, -1,
      846, 847, 848, -1,
      847, 846, 849, -1,
      849, 846, 850, -1,
      849, 850, 851, -1,
      851, 850, 852, -1,
      851, 852, 853, -1,
      853, 852, 854, -1,
      853, 854, 855, -1,
      855, 854, 856, -1,
      856, 854, 857, -1,
      856, 857, 858, -1,
      858, 857, 859, -1,
      859, 857, 820, -1,
      859, 820, 670, -1,
      838, 845, 568, -1,
      786, 787, 840, -1,
      840, 787, 788, -1,
      840, 788, 841, -1,
      841, 788, 789, -1,
      841, 789, 790, -1,
      860, 844, 861, -1,
      861, 844, 843, -1,
      861, 843, 862, -1,
      862, 843, 845, -1,
      862, 845, 863, -1,
      838, 836, 845, -1,
      845, 836, 834, -1,
      845, 834, 863, -1,
      863, 834, 832, -1,
      863, 832, 830, -1,
      839, 860, 864, -1,
      864, 860, 861, -1,
      864, 861, 865, -1,
      865, 861, 862, -1,
      865, 862, 866, -1,
      866, 862, 863, -1,
      866, 863, 867, -1,
      867, 863, 830, -1,
      782, 783, 868, -1,
      868, 783, 784, -1,
      784, 839, 868, -1,
      868, 839, 864, -1,
      868, 864, 869, -1,
      869, 864, 865, -1,
      869, 865, 870, -1,
      870, 865, 866, -1,
      870, 866, 871, -1,
      871, 866, 867, -1,
      871, 867, 872, -1,
      785, 786, 839, -1,
      839, 786, 840, -1,
      839, 840, 860, -1,
      860, 840, 842, -1,
      860, 842, 844, -1,
      844, 842, 568, -1,
      782, 846, 781, -1,
      781, 846, 848, -1,
      781, 848, 666, -1,
      830, 828, 867, -1,
      867, 828, 826, -1,
      867, 826, 872, -1,
      872, 826, 824, -1,
      872, 824, 822, -1,
      782, 868, 846, -1,
      846, 868, 869, -1,
      846, 869, 850, -1,
      850, 869, 870, -1,
      850, 870, 852, -1,
      852, 870, 871, -1,
      852, 871, 854, -1,
      854, 871, 872, -1,
      854, 872, 857, -1,
      857, 872, 822, -1,
      857, 822, 820, -1,
      628, 626, 653, -1,
      653, 626, 660, -1,
      653, 660, 873, -1,
      873, 660, 794, -1,
      873, 794, 874, -1,
      874, 794, 793, -1,
      874, 793, 875, -1,
      875, 793, 792, -1,
      875, 792, 876, -1,
      876, 792, 791, -1,
      876, 791, 877, -1,
      877, 791, 795, -1,
      877, 795, 878, -1,
      878, 795, 796, -1,
      878, 796, 879, -1,
      879, 796, 797, -1,
      879, 797, 880, -1,
      880, 797, 798, -1,
      880, 798, 881, -1,
      881, 798, 799, -1,
      881, 799, 645, -1,
      645, 799, 668, -1,
      645, 668, 622, -1,
      622, 668, 624, -1,
      625, 627, 657, -1,
      657, 627, 656, -1,
      657, 656, 808, -1,
      808, 656, 882, -1,
      808, 882, 807, -1,
      807, 882, 883, -1,
      807, 883, 806, -1,
      806, 883, 884, -1,
      806, 884, 805, -1,
      805, 884, 885, -1,
      805, 885, 804, -1,
      804, 885, 886, -1,
      804, 886, 800, -1,
      800, 886, 887, -1,
      800, 887, 801, -1,
      801, 887, 888, -1,
      801, 888, 802, -1,
      802, 888, 889, -1,
      802, 889, 803, -1,
      803, 889, 890, -1,
      803, 890, 661, -1,
      661, 890, 652, -1,
      661, 652, 630, -1,
      630, 652, 632, -1,
      825, 827, 891, -1,
      892, 893, 894, -1,
      89, 895, 896, -1,
      897, 895, 89, -1,
      894, 893, 89, -1,
      837, 89, 893, -1,
      898, 899, 900, -1,
      899, 898, 901, -1,
      901, 898, 902, -1,
      901, 902, 903, -1,
      903, 902, 904, -1,
      903, 904, 905, -1,
      905, 904, 906, -1,
      905, 906, 907, -1,
      907, 906, 908, -1,
      908, 906, 909, -1,
      908, 909, 910, -1,
      910, 909, 911, -1,
      911, 909, 809, -1,
      911, 809, 663, -1,
      818, 897, 89, -1,
      829, 831, 892, -1,
      892, 831, 833, -1,
      892, 833, 893, -1,
      893, 833, 835, -1,
      893, 835, 837, -1,
      912, 896, 913, -1,
      913, 896, 895, -1,
      913, 895, 914, -1,
      914, 895, 897, -1,
      914, 897, 915, -1,
      818, 817, 897, -1,
      897, 817, 816, -1,
      897, 816, 915, -1,
      915, 816, 815, -1,
      915, 815, 814, -1,
      891, 912, 916, -1,
      916, 912, 913, -1,
      916, 913, 917, -1,
      917, 913, 914, -1,
      917, 914, 918, -1,
      918, 914, 915, -1,
      918, 915, 919, -1,
      919, 915, 814, -1,
      821, 823, 920, -1,
      920, 823, 825, -1,
      825, 891, 920, -1,
      920, 891, 916, -1,
      920, 916, 921, -1,
      921, 916, 917, -1,
      921, 917, 922, -1,
      922, 917, 918, -1,
      922, 918, 923, -1,
      923, 918, 919, -1,
      923, 919, 924, -1,
      827, 829, 891, -1,
      891, 829, 892, -1,
      891, 892, 912, -1,
      912, 892, 894, -1,
      912, 894, 896, -1,
      896, 894, 89, -1,
      821, 898, 819, -1,
      819, 898, 900, -1,
      819, 900, 671, -1,
      814, 813, 919, -1,
      919, 813, 812, -1,
      919, 812, 924, -1,
      924, 812, 811, -1,
      924, 811, 810, -1,
      821, 920, 898, -1,
      898, 920, 921, -1,
      898, 921, 902, -1,
      902, 921, 922, -1,
      902, 922, 904, -1,
      904, 922, 923, -1,
      904, 923, 906, -1,
      906, 923, 924, -1,
      906, 924, 909, -1,
      909, 924, 810, -1,
      909, 810, 809, -1,
      925, 926, 848, -1,
      848, 926, 927, -1,
      848, 927, 666, -1,
      666, 927, 928, -1,
      666, 928, 665, -1,
      848, 847, 925, -1,
      925, 847, 849, -1,
      925, 849, 929, -1,
      929, 849, 851, -1,
      851, 853, 929, -1,
      929, 853, 855, -1,
      929, 855, 930, -1,
      930, 855, 856, -1,
      930, 856, 931, -1,
      931, 856, 858, -1,
      931, 858, 932, -1,
      932, 858, 859, -1,
      932, 859, 933, -1,
      933, 859, 670, -1,
      933, 670, 669, -1,
      645, 646, 881, -1,
      881, 646, 934, -1,
      881, 934, 880, -1,
      880, 934, 935, -1,
      880, 935, 879, -1,
      879, 935, 936, -1,
      879, 936, 878, -1,
      936, 937, 878, -1,
      878, 937, 938, -1,
      878, 938, 877, -1,
      654, 653, 939, -1,
      939, 653, 873, -1,
      939, 873, 940, -1,
      940, 873, 874, -1,
      940, 874, 941, -1,
      941, 874, 875, -1,
      941, 875, 942, -1,
      942, 875, 876, -1,
      942, 876, 943, -1,
      943, 876, 877, -1,
      943, 877, 944, -1,
      944, 877, 938, -1,
      655, 654, 945, -1,
      945, 654, 946, -1,
      945, 946, 947, -1,
      947, 946, 948, -1,
      947, 948, 949, -1,
      949, 948, 950, -1,
      949, 950, 951, -1,
      951, 950, 952, -1,
      951, 952, 953, -1,
      953, 952, 954, -1,
      953, 954, 955, -1,
      955, 954, 956, -1,
      955, 956, 957, -1,
      957, 956, 958, -1,
      957, 958, 959, -1,
      959, 958, 960, -1,
      959, 960, 961, -1,
      961, 960, 962, -1,
      961, 962, 963, -1,
      962, 964, 963, -1,
      963, 964, 640, -1,
      963, 640, 638, -1,
      885, 884, 965, -1,
      965, 884, 883, -1,
      965, 883, 655, -1,
      655, 883, 882, -1,
      655, 882, 656, -1,
      965, 966, 885, -1,
      885, 966, 967, -1,
      885, 967, 886, -1,
      886, 967, 968, -1,
      968, 969, 886, -1,
      886, 969, 970, -1,
      886, 970, 887, -1,
      887, 970, 971, -1,
      887, 971, 888, -1,
      888, 971, 972, -1,
      888, 972, 889, -1,
      889, 972, 973, -1,
      889, 973, 890, -1,
      890, 973, 651, -1,
      890, 651, 652, -1,
      974, 975, 900, -1,
      900, 975, 976, -1,
      900, 976, 671, -1,
      671, 976, 977, -1,
      671, 977, 672, -1,
      900, 899, 974, -1,
      974, 899, 901, -1,
      974, 901, 978, -1,
      978, 901, 903, -1,
      903, 905, 978, -1,
      978, 905, 907, -1,
      978, 907, 979, -1,
      979, 907, 908, -1,
      979, 908, 980, -1,
      980, 908, 910, -1,
      980, 910, 981, -1,
      981, 910, 911, -1,
      981, 911, 982, -1,
      982, 911, 663, -1,
      982, 663, 664, -1,
      633, 635, 669, -1,
      669, 635, 644, -1,
      669, 644, 933, -1,
      933, 644, 983, -1,
      933, 983, 932, -1,
      932, 983, 984, -1,
      932, 984, 931, -1,
      931, 984, 985, -1,
      931, 985, 930, -1,
      930, 985, 986, -1,
      930, 986, 929, -1,
      929, 986, 987, -1,
      929, 987, 925, -1,
      925, 987, 988, -1,
      925, 988, 926, -1,
      926, 988, 989, -1,
      926, 989, 927, -1,
      927, 989, 990, -1,
      927, 990, 928, -1,
      928, 990, 991, -1,
      928, 991, 665, -1,
      665, 991, 648, -1,
      665, 648, 0, -1,
      0, 648, 1, -1,
      992, 640, 993, -1,
      994, 995, 640, -1,
      960, 958, 996, -1,
      956, 954, 997, -1,
      998, 999, 1000, -1,
      937, 936, 1001, -1,
      935, 934, 1002, -1,
      1002, 934, 646, -1,
      1003, 943, 944, -1,
      1000, 941, 942, -1,
      941, 1000, 940, -1,
      940, 1000, 999, -1,
      940, 999, 939, -1,
      654, 939, 946, -1,
      946, 939, 999, -1,
      946, 999, 948, -1,
      948, 999, 998, -1,
      948, 998, 950, -1,
      950, 998, 952, -1,
      646, 1004, 1002, -1,
      1002, 1004, 1005, -1,
      1002, 1005, 1006, -1,
      954, 952, 997, -1,
      997, 952, 998, -1,
      997, 998, 1007, -1,
      1007, 998, 1000, -1,
      1007, 1000, 1003, -1,
      1003, 1000, 942, -1,
      1003, 942, 943, -1,
      1005, 1008, 1006, -1,
      1006, 1008, 1009, -1,
      1006, 1009, 1010, -1,
      958, 956, 996, -1,
      996, 956, 997, -1,
      996, 997, 1011, -1,
      1011, 997, 1007, -1,
      1011, 1007, 1012, -1,
      1012, 1007, 1003, -1,
      1012, 1003, 1013, -1,
      1013, 1003, 944, -1,
      1013, 944, 938, -1,
      1009, 1014, 1010, -1,
      1010, 1014, 1015, -1,
      1010, 1015, 1016, -1,
      1013, 1017, 1012, -1,
      1012, 1017, 1018, -1,
      1012, 1018, 1011, -1,
      1011, 1018, 1019, -1,
      1011, 1019, 996, -1,
      996, 1019, 1020, -1,
      996, 1020, 960, -1,
      995, 994, 1021, -1,
      936, 935, 1001, -1,
      1001, 935, 1002, -1,
      1001, 1002, 1022, -1,
      1022, 1002, 1006, -1,
      1022, 1006, 1023, -1,
      1023, 1006, 1010, -1,
      1023, 1010, 1024, -1,
      1024, 1010, 1016, -1,
      1024, 1016, 1025, -1,
      1025, 1016, 993, -1,
      1025, 993, 640, -1,
      640, 964, 1020, -1,
      1020, 964, 962, -1,
      1020, 962, 960, -1,
      1017, 1026, 1018, -1,
      1018, 1026, 1027, -1,
      1018, 1027, 1019, -1,
      1019, 1027, 1028, -1,
      1019, 1028, 1020, -1,
      1020, 1028, 640, -1,
      1026, 1021, 1027, -1,
      1027, 1021, 994, -1,
      1027, 994, 1028, -1,
      1028, 994, 640, -1,
      1015, 1029, 1016, -1,
      1016, 1029, 1030, -1,
      1016, 1030, 993, -1,
      993, 1030, 1031, -1,
      993, 1031, 992, -1,
      938, 937, 1013, -1,
      1013, 937, 1001, -1,
      1013, 1001, 1017, -1,
      1017, 1001, 1022, -1,
      1017, 1022, 1026, -1,
      1026, 1022, 1023, -1,
      1026, 1023, 1021, -1,
      1021, 1023, 1024, -1,
      1021, 1024, 995, -1,
      995, 1024, 1025, -1,
      995, 1025, 640, -1,
      963, 638, 1032, -1,
      1033, 1034, 1035, -1,
      1036, 1037, 1038, -1,
      1039, 1040, 1041, -1,
      965, 655, 945, -1,
      967, 966, 1042, -1,
      1042, 966, 965, -1,
      973, 972, 1040, -1,
      1040, 972, 971, -1,
      1040, 971, 1041, -1,
      1041, 971, 970, -1,
      1041, 970, 969, -1,
      651, 973, 1043, -1,
      1043, 973, 1040, -1,
      1043, 1040, 1044, -1,
      1044, 1040, 1039, -1,
      1044, 1039, 1045, -1,
      1045, 1039, 1046, -1,
      965, 945, 1042, -1,
      1042, 945, 947, -1,
      1042, 947, 1047, -1,
      1037, 1046, 1038, -1,
      1038, 1046, 1039, -1,
      1038, 1039, 1048, -1,
      1048, 1039, 1041, -1,
      1048, 1041, 1049, -1,
      1049, 1041, 969, -1,
      947, 949, 1047, -1,
      1047, 949, 951, -1,
      1047, 951, 1050, -1,
      1034, 1036, 1035, -1,
      1035, 1036, 1038, -1,
      1035, 1038, 1051, -1,
      1051, 1038, 1048, -1,
      1051, 1048, 1052, -1,
      1052, 1048, 1049, -1,
      951, 953, 1050, -1,
      1050, 953, 955, -1,
      1050, 955, 1053, -1,
      1052, 1054, 1051, -1,
      1051, 1054, 1055, -1,
      1051, 1055, 1035, -1,
      1035, 1055, 1056, -1,
      1035, 1056, 1033, -1,
      968, 967, 1057, -1,
      1057, 967, 1042, -1,
      1057, 1042, 1058, -1,
      1058, 1042, 1047, -1,
      1058, 1047, 1059, -1,
      1059, 1047, 1050, -1,
      1059, 1050, 1060, -1,
      1060, 1050, 1053, -1,
      1060, 1053, 1061, -1,
      1061, 1053, 1032, -1,
      1061, 1032, 638, -1,
      638, 1062, 1056, -1,
      1056, 1062, 1063, -1,
      1056, 1063, 1033, -1,
      1054, 1064, 1055, -1,
      1055, 1064, 1065, -1,
      1055, 1065, 1056, -1,
      1056, 1065, 638, -1,
      1064, 1066, 1065, -1,
      1065, 1066, 638, -1,
      955, 957, 1053, -1,
      1053, 957, 959, -1,
      1053, 959, 1032, -1,
      1032, 959, 961, -1,
      1032, 961, 963, -1,
      969, 968, 1049, -1,
      1049, 968, 1057, -1,
      1049, 1057, 1052, -1,
      1052, 1057, 1058, -1,
      1052, 1058, 1054, -1,
      1054, 1058, 1059, -1,
      1054, 1059, 1064, -1,
      1064, 1059, 1060, -1,
      1064, 1060, 1066, -1,
      1066, 1060, 1061, -1,
      1066, 1061, 638, -1,
      17, 16, 664, -1,
      664, 16, 649, -1,
      664, 649, 982, -1,
      982, 649, 1067, -1,
      982, 1067, 981, -1,
      981, 1067, 1068, -1,
      981, 1068, 980, -1,
      980, 1068, 1069, -1,
      980, 1069, 979, -1,
      979, 1069, 1070, -1,
      979, 1070, 978, -1,
      978, 1070, 1071, -1,
      978, 1071, 974, -1,
      974, 1071, 1072, -1,
      974, 1072, 975, -1,
      975, 1072, 1073, -1,
      975, 1073, 976, -1,
      976, 1073, 1074, -1,
      976, 1074, 977, -1,
      977, 1074, 1075, -1,
      977, 1075, 672, -1,
      672, 1075, 641, -1,
      672, 641, 634, -1,
      634, 641, 636, -1,
      986, 985, 1076, -1,
      1076, 985, 984, -1,
      1076, 984, 643, -1,
      643, 984, 983, -1,
      643, 983, 644, -1,
      1076, 1077, 986, -1,
      986, 1077, 1078, -1,
      986, 1078, 987, -1,
      987, 1078, 1079, -1,
      1079, 1080, 987, -1,
      987, 1080, 1081, -1,
      987, 1081, 988, -1,
      988, 1081, 1082, -1,
      988, 1082, 989, -1,
      989, 1082, 1083, -1,
      989, 1083, 990, -1,
      990, 1083, 1084, -1,
      990, 1084, 991, -1,
      991, 1084, 647, -1,
      991, 647, 648, -1,
      646, 647, 1004, -1,
      1004, 647, 1085, -1,
      1004, 1085, 1005, -1,
      1005, 1085, 1086, -1,
      1005, 1086, 1008, -1,
      1008, 1086, 1087, -1,
      1008, 1087, 1009, -1,
      1009, 1087, 1088, -1,
      1009, 1088, 1014, -1,
      1014, 1088, 1089, -1,
      1014, 1089, 1015, -1,
      1015, 1089, 1090, -1,
      1015, 1090, 1029, -1,
      1029, 1090, 1091, -1,
      1029, 1091, 1030, -1,
      1030, 1091, 1092, -1,
      1030, 1092, 1031, -1,
      1031, 1092, 1093, -1,
      1031, 1093, 992, -1,
      1093, 1094, 992, -1,
      992, 1094, 639, -1,
      992, 639, 640, -1,
      650, 651, 1095, -1,
      1095, 651, 1043, -1,
      1095, 1043, 1096, -1,
      1096, 1043, 1044, -1,
      1096, 1044, 1097, -1,
      1097, 1044, 1045, -1,
      1097, 1045, 1098, -1,
      1098, 1045, 1046, -1,
      1098, 1046, 1099, -1,
      1099, 1046, 1037, -1,
      1099, 1037, 1100, -1,
      1100, 1037, 1036, -1,
      1100, 1036, 1101, -1,
      1101, 1036, 1034, -1,
      1101, 1034, 1102, -1,
      1102, 1034, 1033, -1,
      1102, 1033, 1103, -1,
      1103, 1033, 1063, -1,
      1103, 1063, 1104, -1,
      1063, 1062, 1104, -1,
      1104, 1062, 638, -1,
      1104, 638, 637, -1,
      1070, 1069, 1105, -1,
      1105, 1069, 1068, -1,
      1105, 1068, 650, -1,
      650, 1068, 1067, -1,
      650, 1067, 649, -1,
      1105, 1106, 1070, -1,
      1070, 1106, 1107, -1,
      1070, 1107, 1071, -1,
      1071, 1107, 1108, -1,
      1108, 1109, 1071, -1,
      1071, 1109, 1110, -1,
      1071, 1110, 1072, -1,
      1072, 1110, 1111, -1,
      1072, 1111, 1073, -1,
      1073, 1111, 1112, -1,
      1073, 1112, 1074, -1,
      1074, 1112, 1113, -1,
      1074, 1113, 1075, -1,
      1075, 1113, 642, -1,
      1075, 642, 641, -1,
      1114, 639, 1115, -1,
      1092, 1091, 1116, -1,
      1090, 1089, 1117, -1,
      1118, 1119, 1120, -1,
      1076, 643, 1121, -1,
      1078, 1077, 1122, -1,
      1122, 1077, 1076, -1,
      1084, 1083, 1119, -1,
      1119, 1083, 1082, -1,
      1119, 1082, 1120, -1,
      1120, 1082, 1081, -1,
      1120, 1081, 1080, -1,
      647, 1084, 1085, -1,
      1085, 1084, 1119, -1,
      1085, 1119, 1086, -1,
      1086, 1119, 1118, -1,
      1086, 1118, 1087, -1,
      1087, 1118, 1088, -1,
      1076, 1121, 1122, -1,
      1122, 1121, 1123, -1,
      1122, 1123, 1124, -1,
      1089, 1088, 1117, -1,
      1117, 1088, 1118, -1,
      1117, 1118, 1125, -1,
      1125, 1118, 1120, -1,
      1125, 1120, 1126, -1,
      1126, 1120, 1080, -1,
      1123, 1127, 1124, -1,
      1124, 1127, 1128, -1,
      1124, 1128, 1129, -1,
      1091, 1090, 1116, -1,
      1116, 1090, 1117, -1,
      1116, 1117, 1130, -1,
      1130, 1117, 1125, -1,
      1130, 1125, 1131, -1,
      1131, 1125, 1126, -1,
      1128, 1132, 1129, -1,
      1129, 1132, 1133, -1,
      1129, 1133, 1134, -1,
      1131, 1135, 1130, -1,
      1130, 1135, 1136, -1,
      1130, 1136, 1116, -1,
      1116, 1136, 1137, -1,
      1116, 1137, 1092, -1,
      1079, 1078, 1138, -1,
      1138, 1078, 1122, -1,
      1138, 1122, 1139, -1,
      1139, 1122, 1124, -1,
      1139, 1124, 1140, -1,
      1140, 1124, 1129, -1,
      1140, 1129, 1141, -1,
      1141, 1129, 1134, -1,
      1141, 1134, 1142, -1,
      1142, 1134, 1115, -1,
      1142, 1115, 639, -1,
      639, 1094, 1137, -1,
      1137, 1094, 1093, -1,
      1137, 1093, 1092, -1,
      1135, 1143, 1136, -1,
      1136, 1143, 1144, -1,
      1136, 1144, 1137, -1,
      1137, 1144, 639, -1,
      1143, 1145, 1144, -1,
      1144, 1145, 639, -1,
      1133, 1146, 1134, -1,
      1134, 1146, 1147, -1,
      1134, 1147, 1115, -1,
      1115, 1147, 1148, -1,
      1115, 1148, 1114, -1,
      1080, 1079, 1126, -1,
      1126, 1079, 1138, -1,
      1126, 1138, 1131, -1,
      1131, 1138, 1139, -1,
      1131, 1139, 1135, -1,
      1135, 1139, 1140, -1,
      1135, 1140, 1143, -1,
      1143, 1140, 1141, -1,
      1143, 1141, 1145, -1,
      1145, 1141, 1142, -1,
      1145, 1142, 639, -1,
      1104, 637, 1149, -1,
      1150, 1151, 1152, -1,
      1153, 1154, 1155, -1,
      1156, 1157, 1158, -1,
      1105, 650, 1095, -1,
      1107, 1106, 1159, -1,
      1159, 1106, 1105, -1,
      1113, 1112, 1157, -1,
      1157, 1112, 1111, -1,
      1157, 1111, 1158, -1,
      1158, 1111, 1110, -1,
      1158, 1110, 1109, -1,
      642, 1113, 1160, -1,
      1160, 1113, 1157, -1,
      1160, 1157, 1161, -1,
      1161, 1157, 1156, -1,
      1161, 1156, 1162, -1,
      1162, 1156, 1163, -1,
      1105, 1095, 1159, -1,
      1159, 1095, 1096, -1,
      1159, 1096, 1164, -1,
      1154, 1163, 1155, -1,
      1155, 1163, 1156, -1,
      1155, 1156, 1165, -1,
      1165, 1156, 1158, -1,
      1165, 1158, 1166, -1,
      1166, 1158, 1109, -1,
      1096, 1097, 1164, -1,
      1164, 1097, 1098, -1,
      1164, 1098, 1167, -1,
      1151, 1153, 1152, -1,
      1152, 1153, 1155, -1,
      1152, 1155, 1168, -1,
      1168, 1155, 1165, -1,
      1168, 1165, 1169, -1,
      1169, 1165, 1166, -1,
      1098, 1099, 1167, -1,
      1167, 1099, 1100, -1,
      1167, 1100, 1170, -1,
      1169, 1171, 1168, -1,
      1168, 1171, 1172, -1,
      1168, 1172, 1152, -1,
      1152, 1172, 1173, -1,
      1152, 1173, 1150, -1,
      1108, 1107, 1174, -1,
      1174, 1107, 1159, -1,
      1174, 1159, 1175, -1,
      1175, 1159, 1164, -1,
      1175, 1164, 1176, -1,
      1176, 1164, 1167, -1,
      1176, 1167, 1177, -1,
      1177, 1167, 1170, -1,
      1177, 1170, 1178, -1,
      1178, 1170, 1149, -1,
      1178, 1149, 637, -1,
      637, 1179, 1173, -1,
      1173, 1179, 1180, -1,
      1173, 1180, 1150, -1,
      1171, 1181, 1172, -1,
      1172, 1181, 1182, -1,
      1172, 1182, 1173, -1,
      1173, 1182, 637, -1,
      1181, 1183, 1182, -1,
      1182, 1183, 637, -1,
      1100, 1101, 1170, -1,
      1170, 1101, 1102, -1,
      1170, 1102, 1149, -1,
      1149, 1102, 1103, -1,
      1149, 1103, 1104, -1,
      1109, 1108, 1166, -1,
      1166, 1108, 1174, -1,
      1166, 1174, 1169, -1,
      1169, 1174, 1175, -1,
      1169, 1175, 1171, -1,
      1171, 1175, 1176, -1,
      1171, 1176, 1181, -1,
      1181, 1176, 1177, -1,
      1181, 1177, 1183, -1,
      1183, 1177, 1178, -1,
      1183, 1178, 637, -1,
      643, 642, 1121, -1,
      1121, 642, 1160, -1,
      1121, 1160, 1123, -1,
      1123, 1160, 1161, -1,
      1123, 1161, 1127, -1,
      1127, 1161, 1162, -1,
      1127, 1162, 1128, -1,
      1128, 1162, 1163, -1,
      1128, 1163, 1132, -1,
      1132, 1163, 1154, -1,
      1132, 1154, 1133, -1,
      1133, 1154, 1153, -1,
      1133, 1153, 1146, -1,
      1146, 1153, 1151, -1,
      1146, 1151, 1147, -1,
      1147, 1151, 1150, -1,
      1147, 1150, 1148, -1,
      1148, 1150, 1180, -1,
      1148, 1180, 1114, -1,
      1180, 1179, 1114, -1,
      1114, 1179, 637, -1,
      1114, 637, 639, -1,
    ]
  }
}

Shape {
  appearance Appearance {
    material Material {
      diffuseColor 1.0000 1.0000 1.0000
      specularColor 0.5020 0.5020 0.5020
      ambientIntensity 0.2
      transparency 0.0000
      shininess 0.5
    }
  }
  geometry IndexedFaceSet {
    ccw TRUE
    solid FALSE
    coord DEF co Coordinate {
      point [
        -0.116219 0.278967 0.354331,
        -0.116219 0.243496 0.354331,
        -0.100275 0.243496 0.354331,
        -0.040028 0.278967 0.354331,
        -0.055481 0.256964 0.354331,
        -0.055481 0.243496 0.354331,
        -0.044669 0.256964 0.354331,
        -0.044669 0.243496 0.354331,
        -0.041164 0.256964 0.354331,
        -0.039117 0.243496 0.354331,
        -0.041164 0.261549 0.354331,
        -0.040028 0.274361 0.354331,
        -0.044669 0.261549 0.354331,
        -0.044669 0.274361 0.354331,
        -0.055481 0.261549 0.354331,
        -0.055481 0.274361 0.354331,
        -0.060649 0.238932 0.354331,
        -0.039117 0.238932 0.354331,
        -0.044669 0.238932 0.354331,
        -0.060649 0.278967 0.354331,
        -0.044669 0.278967 0.354331,
        -0.070371 0.278505 0.354331,
        -0.068662 0.278005 0.354331,
        -0.068662 0.272601 0.354331,
        -0.077095 0.242934 0.354331,
        -0.072572 0.243783 0.354331,
        -0.070371 0.273322 0.354331,
        -0.070371 0.244774 0.354331,
        -0.069108 0.272842 0.354331,
        -0.068662 0.245543 0.354331,
        -0.088530 0.246331 0.354331,
        -0.085924 0.244473 0.354331,
        -0.073169 0.274387 0.354331,
        -0.089514 0.269965 0.354331,
        -0.091387 0.267120 0.354331,
        -0.092663 0.263561 0.354331,
        -0.078098 0.274976 0.354331,
        -0.079631 0.274915 0.354331,
        -0.089007 0.270534 0.354331,
        -0.083117 0.274247 0.354331,
        -0.086267 0.272793 0.354331,
        -0.093213 0.258499 0.354331,
        -0.093169 0.257012 0.354331,
        -0.092527 0.253008 0.354331,
        -0.083080 0.243361 0.354331,
        -0.078998 0.242862 0.354331,
        -0.091231 0.249781 0.354331,
        -0.089283 0.247078 0.354331,
        -0.077978 0.279642 0.354331,
        -0.073949 0.279304 0.354331,
        -0.072766 0.279205 0.354331,
        -0.078149 0.279642 0.354331,
        -0.080878 0.279304 0.354331,
        -0.095762 0.269948 0.354331,
        -0.092855 0.273747 0.354331,
        -0.091937 0.274628 0.354331,
        -0.088200 0.277272 0.354331,
        -0.084031 0.278914 0.354331,
        -0.097662 0.265500 0.354331,
        -0.096846 0.267409 0.354331,
        -0.096846 0.249100 0.354331,
        -0.097880 0.251798 0.354331,
        -0.098637 0.258192 0.354331,
        -0.098568 0.260271 0.354331,
        -0.086488 0.239260 0.354331,
        -0.090269 0.241039 0.354331,
        -0.093500 0.243721 0.354331,
        -0.093899 0.244160 0.354331,
        -0.096269 0.247594 0.354331,
        -0.083244 0.238594 0.354331,
        -0.082147 0.238369 0.354331,
        -0.079746 0.238256 0.354331,
        -0.076213 0.238594 0.354331,
        -0.068662 0.240590 0.354331,
        -0.069345 0.240250 0.354331,
        -0.070371 0.239913 0.354331,
        -0.073644 0.238840 0.354331,
        0.339217 -0.248213 0.354331,
        0.337525 -0.261069 0.354331,
        0.332562 -0.273050 0.354331,
        0.324668 -0.283338 0.354331,
        0.314380 -0.291232 0.354331,
        0.332562 -0.223375 0.354331,
        0.337525 -0.235356 0.354331,
        0.302399 -0.296195 0.354331,
        0.289542 -0.297887 0.354331,
        0.276685 -0.296195 0.354331,
        0.264705 -0.291232 0.354331,
        0.239867 -0.248213 0.354331,
        0.241560 -0.235356 0.354331,
        0.246522 -0.223375 0.354331,
        0.254417 -0.213087 0.354331,
        0.302399 -0.200230 0.354331,
        0.314380 -0.205193 0.354331,
        0.324668 -0.213087 0.354331,
        0.254417 -0.283338 0.354331,
        0.246522 -0.273050 0.354331,
        0.241560 -0.261069 0.354331,
        0.264705 -0.205193 0.354331,
        0.276685 -0.200230 0.354331,
        0.289542 -0.198537 0.354331,
        -0.121387 0.238932 0.354331,
        -0.121387 0.278967 0.354331,
        -0.100275 0.238932 0.354331,
        -0.000042 0.252248 0.354331,
        -0.002008 0.248104 0.354331,
        -0.001154 0.268881 0.354331,
        0.000346 0.265081 0.354331,
        0.001040 0.259461 0.354331,
        0.000923 0.256939 0.354331,
        -0.004998 0.244540 0.354331,
        -0.005515 0.244074 0.354331,
        -0.009400 0.241426 0.354331,
        -0.020133 0.278967 0.354331,
        -0.014030 0.278294 0.354331,
        -0.009196 0.276530 0.354331,
        -0.014015 0.239690 0.354331,
        -0.020543 0.238932 0.354331,
        -0.031554 0.238932 0.354331,
        -0.031554 0.278967 0.354331,
        -0.004998 0.273665 0.354331,
        -0.003648 0.272352 0.354331,
        0.339217 -0.248213 0.350394,
        0.337525 -0.235356 0.350394,
        0.332562 -0.223375 0.350394,
        0.324668 -0.213087 0.350394,
        0.314380 -0.205193 0.350394,
        0.302399 -0.200230 0.350394,
        0.289542 -0.198537 0.350394,
        0.276685 -0.200230 0.350394,
        0.264705 -0.205193 0.350394,
        0.254417 -0.213087 0.350394,
        0.246522 -0.223375 0.350394,
        0.241560 -0.235356 0.350394,
        0.239867 -0.248213 0.350394,
        0.241560 -0.261069 0.350394,
        0.246522 -0.273050 0.350394,
        0.254417 -0.283338 0.350394,
        0.264705 -0.291232 0.350394,
        0.276685 -0.296195 0.350394,
        0.289542 -0.297887 0.350394,
        0.302399 -0.296195 0.350394,
        0.314380 -0.291232 0.350394,
        0.324668 -0.283338 0.350394,
        0.332562 -0.273050 0.350394,
        0.337525 -0.261069 0.350394,
        0.289542 -0.248213 0.350394,
        -0.100275 0.243496 0.354843,
        -0.100275 0.238932 0.354843,
        -0.116219 0.243496 0.354843,
        -0.116219 0.278967 0.354843,
        -0.121387 0.278967 0.354843,
        -0.121387 0.238932 0.354843,
        -0.069345 0.240250 0.354843,
        -0.073644 0.238840 0.354843,
        -0.079746 0.238256 0.354843,
        -0.068662 0.240590 0.354843,
        -0.068662 0.245543 0.354843,
        -0.072572 0.243783 0.354843,
        -0.077095 0.242934 0.354843,
        -0.078998 0.242862 0.354843,
        -0.083080 0.243361 0.354843,
        -0.085924 0.244473 0.354843,
        -0.088530 0.246331 0.354843,
        -0.089283 0.247078 0.354843,
        -0.091231 0.249781 0.354843,
        -0.092527 0.253008 0.354843,
        -0.093169 0.257012 0.354843,
        -0.093213 0.258499 0.354843,
        -0.092663 0.263561 0.354843,
        -0.091387 0.267120 0.354843,
        -0.089514 0.269965 0.354843,
        -0.089007 0.270534 0.354843,
        -0.086267 0.272793 0.354843,
        -0.083117 0.274247 0.354843,
        -0.079631 0.274915 0.354843,
        -0.078098 0.274976 0.354843,
        -0.069108 0.272842 0.354843,
        -0.073169 0.274387 0.354843,
        -0.068662 0.272601 0.354843,
        -0.068662 0.278005 0.354843,
        -0.078149 0.279642 0.354843,
        -0.077978 0.279642 0.354843,
        -0.072766 0.279205 0.354843,
        -0.084031 0.278914 0.354843,
        -0.088200 0.277272 0.354843,
        -0.091937 0.274628 0.354843,
        -0.092855 0.273747 0.354843,
        -0.095762 0.269948 0.354843,
        -0.097662 0.265500 0.354843,
        -0.098568 0.260271 0.354843,
        -0.098637 0.258192 0.354843,
        -0.097880 0.251798 0.354843,
        -0.096269 0.247594 0.354843,
        -0.093899 0.244160 0.354843,
        -0.093500 0.243721 0.354843,
        -0.090269 0.241039 0.354843,
        -0.082147 0.238369 0.354843,
        -0.086488 0.239260 0.354843,
        -0.039117 0.243496 0.354843,
        -0.039117 0.238932 0.354843,
        -0.055481 0.243496 0.354843,
        -0.055481 0.256964 0.354843,
        -0.041164 0.256964 0.354843,
        -0.041164 0.261549 0.354843,
        -0.055481 0.261549 0.354843,
        -0.055481 0.274361 0.354843,
        -0.040028 0.274361 0.354843,
        -0.040028 0.278967 0.354843,
        -0.060649 0.278967 0.354843,
        -0.060649 0.238932 0.354843,
        -0.020574 0.243496 0.354843,
        -0.020543 0.238932 0.354843,
        -0.015493 0.244043 0.354843,
        -0.014015 0.239690 0.354843,
        -0.012067 0.245263 0.354843,
        -0.009400 0.241426 0.354843,
        -0.009414 0.246998 0.354843,
        -0.005515 0.244074 0.354843,
        -0.008672 0.247672 0.354843,
        -0.004998 0.244540 0.354843,
        -0.006681 0.250141 0.354843,
        -0.002008 0.248104 0.354843,
        -0.005303 0.253113 0.354843,
        -0.000042 0.252248 0.354843,
        -0.004526 0.256781 0.354843,
        0.000923 0.256939 0.354843,
        -0.004394 0.259318 0.354843,
        0.001040 0.259461 0.354843,
        -0.004886 0.263920 0.354843,
        0.000346 0.265081 0.354843,
        -0.005963 0.266954 0.354843,
        -0.001154 0.268881 0.354843,
        -0.007465 0.269259 0.354843,
        -0.003648 0.272352 0.354843,
        -0.008784 0.270595 0.354843,
        -0.004998 0.273665 0.354843,
        -0.011702 0.272536 0.354843,
        -0.009196 0.276530 0.354843,
        -0.015173 0.273790 0.354843,
        -0.014030 0.278294 0.354843,
        -0.020338 0.274361 0.354843,
        -0.020133 0.278967 0.354843,
        -0.026386 0.274361 0.354843,
        -0.031554 0.278967 0.354843,
        -0.026386 0.243496 0.354843,
        -0.031554 0.238932 0.354843,
        -0.020338 0.274361 0.354331,
        -0.026386 0.274361 0.354331,
        -0.026386 0.243496 0.354331,
        -0.020574 0.243496 0.354331,
        -0.008672 0.247672 0.354331,
        -0.009414 0.246998 0.354331,
        -0.012067 0.245263 0.354331,
        -0.015493 0.244043 0.354331,
        -0.004394 0.259318 0.354331,
        -0.004526 0.256781 0.354331,
        -0.005303 0.253113 0.354331,
        -0.006681 0.250141 0.354331,
        -0.008784 0.270595 0.354331,
        -0.007465 0.269259 0.354331,
        -0.005963 0.266954 0.354331,
        -0.004886 0.263920 0.354331,
        -0.015173 0.273790 0.354331,
        -0.011702 0.272536 0.354331,
      ]
    }
    coordIndex [
      122, 77, 123, -1,
      123, 77, 83, -1,
      123, 83, 124, -1,
      124, 83, 82, -1,
      124, 82, 125, -1,
      125, 82, 94, -1,
      125, 94, 126, -1,
      126, 94, 93, -1,
      126, 93, 127, -1,
      127, 93, 92, -1,
      127, 92, 128, -1,
      128, 92, 100, -1,
      128, 100, 129, -1,
      129, 100, 99, -1,
      129, 99, 130, -1,
      130, 99, 98, -1,
      130, 98, 131, -1,
      131, 98, 91, -1,
      131, 91, 132, -1,
      132, 91, 90, -1,
      132, 90, 133, -1,
      133, 90, 89, -1,
      133, 89, 134, -1,
      134, 89, 88, -1,
      134, 88, 135, -1,
      135, 88, 97, -1,
      135, 97, 136, -1,
      136, 97, 96, -1,
      136, 96, 137, -1,
      137, 96, 95, -1,
      137, 95, 138, -1,
      138, 95, 87, -1,
      138, 87, 139, -1,
      139, 87, 86, -1,
      139, 86, 140, -1,
      140, 86, 85, -1,
      140, 85, 141, -1,
      141, 85, 84, -1,
      141, 84, 142, -1,
      142, 84, 81, -1,
      142, 81, 143, -1,
      143, 81, 80, -1,
      143, 80, 144, -1,
      144, 80, 79, -1,
      144, 79, 145, -1,
      145, 79, 78, -1,
      145, 78, 122, -1,
      122, 78, 77, -1,
      144, 145, 146, -1,
      146, 145, 122, -1,
      146, 122, 123, -1,
      141, 142, 146, -1,
      146, 142, 143, -1,
      146, 143, 144, -1,
      138, 139, 146, -1,
      146, 139, 140, -1,
      146, 140, 141, -1,
      135, 136, 146, -1,
      146, 136, 137, -1,
      146, 137, 138, -1,
      132, 133, 146, -1,
      146, 133, 134, -1,
      146, 134, 135, -1,
      129, 130, 146, -1,
      146, 130, 131, -1,
      146, 131, 132, -1,
      126, 127, 146, -1,
      146, 127, 128, -1,
      146, 128, 129, -1,
      123, 124, 146, -1,
      146, 124, 125, -1,
      146, 125, 126, -1,
      147, 148, 2, -1,
      2, 148, 103, -1,
      149, 147, 1, -1,
      1, 147, 2, -1,
      150, 149, 0, -1,
      0, 149, 1, -1,
      151, 150, 102, -1,
      102, 150, 0, -1,
      152, 151, 101, -1,
      101, 151, 102, -1,
      148, 152, 103, -1,
      103, 152, 101, -1,
      150, 151, 149, -1,
      149, 151, 152, -1,
      149, 152, 147, -1,
      147, 152, 148, -1,
      75, 153, 76, -1,
      76, 153, 154, -1,
      76, 154, 72, -1,
      72, 154, 155, -1,
      72, 155, 71, -1,
      75, 74, 153, -1,
      153, 74, 73, -1,
      153, 73, 156, -1,
      157, 156, 29, -1,
      29, 156, 73, -1,
      157, 29, 27, -1,
      157, 27, 158, -1,
      27, 25, 158, -1,
      158, 25, 24, -1,
      158, 24, 159, -1,
      159, 24, 45, -1,
      159, 45, 160, -1,
      160, 45, 44, -1,
      160, 44, 161, -1,
      161, 44, 31, -1,
      161, 31, 162, -1,
      162, 31, 30, -1,
      162, 30, 163, -1,
      163, 30, 47, -1,
      163, 47, 164, -1,
      164, 47, 46, -1,
      164, 46, 165, -1,
      165, 46, 43, -1,
      165, 43, 166, -1,
      166, 43, 42, -1,
      166, 42, 167, -1,
      167, 42, 41, -1,
      167, 41, 168, -1,
      168, 41, 35, -1,
      168, 35, 169, -1,
      169, 35, 34, -1,
      169, 34, 170, -1,
      170, 34, 33, -1,
      170, 33, 171, -1,
      171, 33, 38, -1,
      171, 38, 172, -1,
      172, 38, 40, -1,
      172, 40, 173, -1,
      173, 40, 39, -1,
      173, 39, 174, -1,
      174, 39, 37, -1,
      174, 37, 175, -1,
      175, 37, 36, -1,
      175, 36, 176, -1,
      176, 36, 32, -1,
      26, 177, 32, -1,
      32, 177, 178, -1,
      32, 178, 176, -1,
      26, 28, 177, -1,
      177, 28, 23, -1,
      177, 23, 179, -1,
      180, 179, 22, -1,
      22, 179, 23, -1,
      51, 181, 182, -1,
      180, 22, 21, -1,
      180, 21, 183, -1,
      21, 50, 183, -1,
      183, 50, 49, -1,
      183, 49, 182, -1,
      182, 49, 48, -1,
      182, 48, 51, -1,
      181, 51, 52, -1,
      181, 52, 184, -1,
      52, 57, 184, -1,
      184, 57, 56, -1,
      184, 56, 185, -1,
      185, 56, 55, -1,
      185, 55, 186, -1,
      186, 55, 54, -1,
      186, 54, 187, -1,
      187, 54, 53, -1,
      187, 53, 188, -1,
      188, 53, 59, -1,
      188, 59, 189, -1,
      59, 58, 189, -1,
      189, 58, 63, -1,
      189, 63, 190, -1,
      190, 63, 62, -1,
      190, 62, 191, -1,
      191, 62, 61, -1,
      191, 61, 192, -1,
      192, 61, 60, -1,
      192, 60, 193, -1,
      60, 68, 193, -1,
      193, 68, 67, -1,
      193, 67, 194, -1,
      194, 67, 66, -1,
      194, 66, 195, -1,
      64, 196, 65, -1,
      65, 196, 195, -1,
      65, 195, 66, -1,
      69, 197, 64, -1,
      64, 197, 198, -1,
      64, 198, 196, -1,
      69, 70, 197, -1,
      197, 70, 71, -1,
      197, 71, 155, -1,
      177, 179, 180, -1,
      169, 170, 188, -1,
      177, 180, 178, -1,
      178, 180, 183, -1,
      178, 183, 176, -1,
      176, 183, 182, -1,
      176, 182, 175, -1,
      175, 182, 181, -1,
      175, 181, 174, -1,
      174, 181, 184, -1,
      174, 184, 173, -1,
      156, 157, 153, -1,
      153, 157, 158, -1,
      153, 158, 154, -1,
      154, 158, 159, -1,
      154, 159, 155, -1,
      155, 159, 160, -1,
      155, 160, 197, -1,
      197, 160, 161, -1,
      197, 161, 198, -1,
      198, 161, 162, -1,
      198, 162, 196, -1,
      196, 162, 163, -1,
      196, 163, 195, -1,
      195, 163, 164, -1,
      195, 164, 194, -1,
      194, 164, 165, -1,
      194, 165, 193, -1,
      188, 170, 187, -1,
      184, 185, 173, -1,
      173, 185, 186, -1,
      173, 186, 172, -1,
      172, 186, 187, -1,
      172, 187, 171, -1,
      171, 187, 170, -1,
      191, 168, 190, -1,
      190, 168, 169, -1,
      190, 169, 189, -1,
      189, 169, 188, -1,
      193, 165, 192, -1,
      192, 165, 166, -1,
      192, 166, 191, -1,
      191, 166, 167, -1,
      191, 167, 168, -1,
      199, 200, 9, -1,
      9, 200, 17, -1,
      5, 201, 7, -1,
      7, 201, 199, -1,
      7, 199, 9, -1,
      202, 201, 4, -1,
      4, 201, 5, -1,
      8, 203, 6, -1,
      6, 203, 202, -1,
      6, 202, 4, -1,
      204, 203, 10, -1,
      10, 203, 8, -1,
      14, 205, 12, -1,
      12, 205, 204, -1,
      12, 204, 10, -1,
      206, 205, 15, -1,
      15, 205, 14, -1,
      11, 207, 13, -1,
      13, 207, 206, -1,
      13, 206, 15, -1,
      208, 207, 3, -1,
      3, 207, 11, -1,
      19, 209, 20, -1,
      20, 209, 208, -1,
      20, 208, 3, -1,
      210, 209, 16, -1,
      16, 209, 19, -1,
      17, 200, 18, -1,
      18, 200, 210, -1,
      18, 210, 16, -1,
      210, 200, 199, -1,
      199, 201, 210, -1,
      210, 201, 202, -1,
      210, 202, 209, -1,
      207, 208, 206, -1,
      206, 208, 209, -1,
      206, 209, 205, -1,
      205, 209, 202, -1,
      205, 202, 204, -1,
      204, 202, 203, -1,
      211, 212, 213, -1,
      213, 212, 214, -1,
      213, 214, 215, -1,
      215, 214, 216, -1,
      215, 216, 217, -1,
      217, 216, 218, -1,
      217, 218, 219, -1,
      219, 218, 220, -1,
      219, 220, 221, -1,
      221, 220, 222, -1,
      221, 222, 223, -1,
      223, 222, 224, -1,
      223, 224, 225, -1,
      225, 224, 226, -1,
      225, 226, 227, -1,
      227, 226, 228, -1,
      227, 228, 229, -1,
      229, 228, 230, -1,
      229, 230, 231, -1,
      231, 230, 232, -1,
      231, 232, 233, -1,
      233, 232, 234, -1,
      233, 234, 235, -1,
      235, 234, 236, -1,
      235, 236, 237, -1,
      237, 236, 238, -1,
      237, 238, 239, -1,
      239, 238, 240, -1,
      239, 240, 241, -1,
      241, 240, 242, -1,
      241, 242, 243, -1,
      243, 242, 244, -1,
      243, 244, 245, -1,
      245, 244, 246, -1,
      245, 246, 211, -1,
      211, 246, 212, -1,
      212, 246, 117, -1,
      117, 246, 118, -1,
      212, 117, 116, -1,
      212, 116, 214, -1,
      214, 116, 112, -1,
      214, 112, 216, -1,
      216, 112, 111, -1,
      216, 111, 218, -1,
      218, 111, 110, -1,
      218, 110, 220, -1,
      220, 110, 105, -1,
      220, 105, 222, -1,
      222, 105, 104, -1,
      222, 104, 224, -1,
      224, 104, 109, -1,
      224, 109, 226, -1,
      226, 109, 108, -1,
      226, 108, 228, -1,
      228, 108, 107, -1,
      228, 107, 230, -1,
      230, 107, 106, -1,
      230, 106, 232, -1,
      232, 106, 121, -1,
      232, 121, 234, -1,
      234, 121, 120, -1,
      234, 120, 236, -1,
      236, 120, 115, -1,
      236, 115, 238, -1,
      238, 115, 114, -1,
      238, 114, 240, -1,
      240, 114, 113, -1,
      240, 113, 242, -1,
      244, 242, 119, -1,
      119, 242, 113, -1,
      246, 244, 118, -1,
      118, 244, 119, -1,
      241, 243, 247, -1,
      247, 243, 248, -1,
      243, 245, 248, -1,
      248, 245, 249, -1,
      245, 211, 249, -1,
      249, 211, 250, -1,
      219, 251, 252, -1,
      219, 252, 217, -1,
      217, 252, 253, -1,
      217, 253, 215, -1,
      215, 253, 254, -1,
      215, 254, 213, -1,
      213, 254, 250, -1,
      213, 250, 211, -1,
      227, 255, 256, -1,
      227, 256, 225, -1,
      225, 256, 257, -1,
      225, 257, 223, -1,
      223, 257, 258, -1,
      223, 258, 221, -1,
      221, 258, 251, -1,
      221, 251, 219, -1,
      235, 259, 260, -1,
      235, 260, 233, -1,
      233, 260, 261, -1,
      233, 261, 231, -1,
      231, 261, 262, -1,
      231, 262, 229, -1,
      229, 262, 255, -1,
      229, 255, 227, -1,
      241, 247, 263, -1,
      241, 263, 239, -1,
      239, 263, 264, -1,
      239, 264, 237, -1,
      237, 264, 259, -1,
      237, 259, 235, -1,
    ]
  }
}

Shape {
  appearance Appearance {
    material Material {
      diffuseColor 0.2235 0.2235 0.2235
      specularColor 0.1137 0.1137 0.1137
      ambientIntensity 0.2
      transparency 0.0000
      shininess 0.5
    }
  }
  geometry IndexedFaceSet {
    ccw TRUE
    solid FALSE
    coord DEF co Coordinate {
      point [
        -0.020338 0.274361 0.354331,
        -0.026386 0.274361 0.354331,
        -0.026386 0.243496 0.354331,
        -0.020574 0.243496 0.354331,
        -0.008672 0.247672 0.354331,
        -0.009414 0.246998 0.354331,
        -0.012067 0.245263 0.354331,
        -0.015493 0.244043 0.354331,
        -0.004394 0.259318 0.354331,
        -0.004526 0.256781 0.354331,
        -0.005303 0.253113 0.354331,
        -0.006681 0.250141 0.354331,
        -0.008784 0.270595 0.354331,
        -0.007465 0.269259 0.354331,
        -0.005963 0.266954 0.354331,
        -0.004886 0.263920 0.354331,
        -0.015173 0.273790 0.354331,
        -0.011702 0.272536 0.354331,
      ]
    }
    coordIndex [
      1, 2, 0, -1,
      0, 2, 3, -1,
      0, 3, 7, -1,
      7, 6, 0, -1,
      0, 6, 5, -1,
      0, 5, 4, -1,
      4, 11, 0, -1,
      0, 11, 10, -1,
      0, 10, 9, -1,
      9, 8, 0, -1,
      0, 8, 15, -1,
      0, 15, 14, -1,
      14, 13, 0, -1,
      0, 13, 12, -1,
      0, 12, 16, -1,
      16, 12, 17, -1,
    ]
  }
}

Shape {
  appearance Appearance {
    material Material {
      diffuseColor 1.0000 1.0000 1.0000
      specularColor 0.5020 0.5020 0.5020
      ambientIntensity 0.2
      transparency 0.0000
      shininess 0.5
    }
  }
  geometry IndexedFaceSet {
    ccw TRUE
    solid FALSE
    coord DEF co Coordinate {
      point [
        0.024036 0.278967 0.354331,
        0.039284 0.238932 0.354331,
        0.033574 0.238932 0.354331,
        0.029491 0.249882 0.354331,
        0.014800 0.249882 0.354331,
        0.012819 0.249882 0.354331,
        0.008972 0.238932 0.354331,
        0.003261 0.238932 0.354331,
        0.014800 0.269227 0.354331,
        0.018509 0.278967 0.354331,
        0.014457 0.254406 0.354843,
        0.012819 0.249882 0.354843,
        0.027894 0.254406 0.354843,
        0.029491 0.249882 0.354843,
        0.020444 0.271046 0.354843,
        0.018509 0.278967 0.354843,
        0.003261 0.238932 0.354843,
        0.008972 0.238932 0.354843,
        0.020790 0.272241 0.354843,
        0.021099 0.273850 0.354843,
        0.024036 0.278967 0.354843,
        0.021221 0.273850 0.354843,
        0.021545 0.272156 0.354843,
        0.021846 0.271046 0.354843,
        0.039284 0.238932 0.354843,
        0.033574 0.238932 0.354843,
        0.014457 0.254406 0.354331,
        0.027894 0.254406 0.354331,
        0.021846 0.271046 0.354331,
        0.021221 0.273850 0.354331,
        0.021545 0.272156 0.354331,
        0.021099 0.273850 0.354331,
        0.020444 0.271046 0.354331,
        0.020790 0.272241 0.354331,
      ]
    }
    coordIndex [
      10, 11, 12, -1,
      12, 11, 13, -1,
      14, 15, 10, -1,
      10, 15, 16, -1,
      10, 16, 11, -1,
      11, 16, 17, -1,
      14, 18, 15, -1,
      15, 18, 19, -1,
      15, 19, 20, -1,
      20, 19, 21, -1,
      20, 21, 22, -1,
      22, 23, 20, -1,
      20, 23, 12, -1,
      20, 12, 24, -1,
      24, 12, 13, -1,
      24, 13, 25, -1,
      20, 24, 0, -1,
      0, 24, 1, -1,
      15, 20, 9, -1,
      9, 20, 0, -1,
      7, 16, 8, -1,
      8, 16, 15, -1,
      8, 15, 9, -1,
      17, 16, 6, -1,
      6, 16, 7, -1,
      11, 17, 5, -1,
      5, 17, 6, -1,
      3, 13, 4, -1,
      4, 13, 11, -1,
      4, 11, 5, -1,
      25, 13, 2, -1,
      2, 13, 3, -1,
      24, 25, 1, -1,
      1, 25, 2, -1,
      10, 12, 26, -1,
      26, 12, 27, -1,
      12, 23, 27, -1,
      27, 23, 28, -1,
      21, 29, 30, -1,
      21, 30, 22, -1,
      22, 30, 28, -1,
      22, 28, 23, -1,
      21, 19, 29, -1,
      29, 19, 31, -1,
      14, 32, 33, -1,
      14, 33, 18, -1,
      18, 33, 31, -1,
      18, 31, 19, -1,
      14, 10, 32, -1,
      32, 10, 26, -1,
    ]
  }
}

Shape {
  appearance Appearance {
    material Material {
      diffuseColor 0.2235 0.2235 0.2235
      specularColor 0.1137 0.1137 0.1137
      ambientIntensity 0.2
      transparency 0.0000
      shininess 0.5
    }
  }
  geometry IndexedFaceSet {
    ccw TRUE
    solid FALSE
    coord DEF co Coordinate {
      point [
        0.014457 0.254406 0.354331,
        0.027894 0.254406 0.354331,
        0.021846 0.271046 0.354331,
        0.021221 0.273850 0.354331,
        0.021545 0.272156 0.354331,
        0.021099 0.273850 0.354331,
        0.020444 0.271046 0.354331,
        0.020790 0.272241 0.354331,
      ]
    }
    coordIndex [
      3, 5, 4, -1,
      4, 5, 7, -1,
      4, 7, 2, -1,
      2, 7, 6, -1,
      2, 6, 1, -1,
      1, 6, 0, -1,
    ]
  }
}

Shape {
  appearance Appearance {
    material Material {
      diffuseColor 1.0000 1.0000 1.0000
      specularColor 0.5020 0.5020 0.5020
      ambientIntensity 0.2
      transparency 0.0000
      shininess 0.5
    }
  }
  geometry IndexedFaceSet {
    ccw TRUE
    solid FALSE
    coord DEF co Coordinate {
      point [
        -0.116219 0.210062 0.354331,
        -0.116219 0.198037 0.354331,
        -0.101902 0.198037 0.354331,
        -0.116219 0.193453 0.354331,
        -0.116219 0.179985 0.354331,
        -0.101902 0.193453 0.354331,
        -0.099855 0.179985 0.354331,
        -0.099855 0.175421 0.354331,
        -0.121387 0.175421 0.354331,
        -0.116219 0.210850 0.354331,
        -0.100766 0.210850 0.354331,
        -0.100766 0.215456 0.354331,
        -0.121387 0.215456 0.354331,
        -0.094121 0.178949 0.354331,
        -0.094760 0.180605 0.354331,
        -0.092261 0.197137 0.354331,
        -0.092261 0.202008 0.354331,
        -0.091294 0.202572 0.354331,
        -0.081163 0.200412 0.354331,
        -0.082887 0.200596 0.354331,
        -0.085569 0.192409 0.354331,
        -0.077095 0.179842 0.354331,
        -0.077228 0.179842 0.354331,
        -0.077095 0.175421 0.354331,
        -0.078425 0.178126 0.354331,
        -0.080064 0.176572 0.354331,
        -0.093031 0.189050 0.354331,
        -0.091494 0.190382 0.354331,
        -0.089356 0.191476 0.354331,
        -0.088755 0.199333 0.354331,
        -0.085612 0.200339 0.354331,
        -0.091228 0.175993 0.354331,
        -0.092599 0.176997 0.354331,
        -0.093054 0.177448 0.354331,
        -0.077312 0.203768 0.354331,
        -0.075641 0.202821 0.354331,
        -0.074299 0.201548 0.354331,
        -0.073269 0.199936 0.354331,
        -0.087578 0.204032 0.354331,
        -0.082417 0.204669 0.354331,
        -0.079436 0.204404 0.354331,
        -0.095056 0.183076 0.354331,
        -0.095041 0.183681 0.354331,
        -0.094722 0.185846 0.354331,
        -0.094034 0.187614 0.354331,
        -0.077095 0.193596 0.354331,
        -0.077263 0.195778 0.354331,
        -0.077779 0.197578 0.354331,
        -0.078365 0.198616 0.354331,
        -0.072480 0.197670 0.354331,
        -0.072080 0.193821 0.354331,
        -0.072080 0.175421 0.354331,
        -0.079120 0.199426 0.354331,
        -0.080007 0.200003 0.354331,
        -0.085988 0.174745 0.354331,
        -0.083191 0.175084 0.354331,
        -0.087086 0.174787 0.354331,
        -0.088728 0.175083 0.354331,
        -0.089372 0.175200 0.354331,
        -0.121387 0.210062 0.354331,
        -0.081194 0.175857 0.354331,
        -0.099855 0.179985 0.354843,
        -0.099855 0.175421 0.354843,
        -0.116219 0.179985 0.354843,
        -0.116219 0.193453 0.354843,
        -0.101902 0.193453 0.354843,
        -0.101902 0.198037 0.354843,
        -0.116219 0.198037 0.354843,
        -0.116219 0.210850 0.354843,
        -0.100766 0.210850 0.354843,
        -0.100766 0.215456 0.354843,
        -0.121387 0.215456 0.354843,
        -0.121387 0.175421 0.354843,
        -0.077095 0.175421 0.354843,
        -0.072080 0.175421 0.354843,
        -0.077095 0.179842 0.354843,
        -0.072080 0.193821 0.354843,
        -0.077095 0.193596 0.354843,
        -0.087962 0.187624 0.354843,
        -0.086758 0.188187 0.354843,
        -0.083788 0.188868 0.354843,
        -0.077095 0.189769 0.354843,
        -0.077095 0.187026 0.354843,
        -0.077228 0.179842 0.354843,
        -0.079953 0.180509 0.354843,
        -0.078425 0.178126 0.354843,
        -0.081388 0.179573 0.354843,
        -0.077116 0.186341 0.354843,
        -0.077459 0.184326 0.354843,
        -0.078224 0.182554 0.354843,
        -0.079244 0.181193 0.354843,
        -0.088941 0.180575 0.354843,
        -0.092599 0.176997 0.354843,
        -0.088516 0.180149 0.354843,
        -0.091228 0.175993 0.354843,
        -0.087517 0.179466 0.354843,
        -0.089372 0.175200 0.354843,
        -0.086382 0.179050 0.354843,
        -0.087086 0.174787 0.354843,
        -0.084689 0.178859 0.354843,
        -0.077263 0.195778 0.354843,
        -0.072480 0.197670 0.354843,
        -0.077779 0.197578 0.354843,
        -0.073269 0.199936 0.354843,
        -0.078365 0.198616 0.354843,
        -0.074299 0.201548 0.354843,
        -0.079120 0.199426 0.354843,
        -0.075641 0.202821 0.354843,
        -0.080007 0.200003 0.354843,
        -0.077312 0.203768 0.354843,
        -0.081163 0.200412 0.354843,
        -0.079436 0.204404 0.354843,
        -0.082887 0.200596 0.354843,
        -0.082417 0.204669 0.354843,
        -0.085612 0.200339 0.354843,
        -0.087578 0.204032 0.354843,
        -0.088755 0.199333 0.354843,
        -0.091294 0.202572 0.354843,
        -0.092261 0.197137 0.354843,
        -0.092261 0.202008 0.354843,
        -0.085988 0.174745 0.354843,
        -0.083191 0.175084 0.354843,
        -0.082927 0.179043 0.354843,
        -0.081194 0.175857 0.354843,
        -0.080064 0.176572 0.354843,
        -0.089927 0.184281 0.354843,
        -0.095041 0.183681 0.354843,
        -0.089969 0.183485 0.354843,
        -0.095056 0.183076 0.354843,
        -0.089841 0.182330 0.354843,
        -0.094760 0.180605 0.354843,
        -0.089511 0.181420 0.354843,
        -0.094121 0.178949 0.354843,
        -0.093054 0.177448 0.354843,
        -0.085569 0.192409 0.354843,
        -0.089356 0.191476 0.354843,
        -0.088639 0.187108 0.354843,
        -0.091494 0.190382 0.354843,
        -0.089239 0.186365 0.354843,
        -0.093031 0.189050 0.354843,
        -0.089679 0.185429 0.354843,
        -0.094034 0.187614 0.354843,
        -0.094722 0.185846 0.354843,
        -0.088639 0.187108 0.354331,
        -0.087962 0.187624 0.354331,
        -0.086758 0.188187 0.354331,
        -0.083788 0.188868 0.354331,
        -0.089969 0.183485 0.354331,
        -0.089927 0.184281 0.354331,
        -0.089679 0.185429 0.354331,
        -0.089239 0.186365 0.354331,
        -0.088516 0.180149 0.354331,
        -0.088941 0.180575 0.354331,
        -0.089511 0.181420 0.354331,
        -0.089841 0.182330 0.354331,
        -0.084689 0.178859 0.354331,
        -0.086382 0.179050 0.354331,
        -0.087517 0.179466 0.354331,
        -0.079244 0.181193 0.354331,
        -0.079953 0.180509 0.354331,
        -0.081388 0.179573 0.354331,
        -0.082927 0.179043 0.354331,
        -0.077095 0.187026 0.354331,
        -0.077116 0.186341 0.354331,
        -0.077459 0.184326 0.354331,
        -0.078224 0.182554 0.354331,
        -0.077095 0.189769 0.354331,
      ]
    }
    coordIndex [
      61, 62, 6, -1,
      6, 62, 7, -1,
      63, 61, 4, -1,
      4, 61, 6, -1,
      64, 63, 3, -1,
      3, 63, 4, -1,
      65, 64, 5, -1,
      5, 64, 3, -1,
      66, 65, 2, -1,
      2, 65, 5, -1,
      67, 66, 1, -1,
      1, 66, 2, -1,
      67, 1, 68, -1,
      68, 1, 0, -1,
      68, 0, 9, -1,
      69, 68, 10, -1,
      10, 68, 9, -1,
      70, 69, 11, -1,
      11, 69, 10, -1,
      71, 70, 12, -1,
      12, 70, 11, -1,
      8, 72, 59, -1,
      59, 72, 71, -1,
      59, 71, 12, -1,
      62, 72, 7, -1,
      7, 72, 8, -1,
      72, 62, 61, -1,
      61, 63, 72, -1,
      72, 63, 64, -1,
      72, 64, 71, -1,
      69, 70, 68, -1,
      68, 70, 71, -1,
      68, 71, 67, -1,
      67, 71, 64, -1,
      67, 64, 66, -1,
      66, 64, 65, -1,
      73, 74, 75, -1,
      75, 74, 76, -1,
      77, 78, 79, -1,
      80, 81, 76, -1,
      76, 81, 82, -1,
      83, 84, 85, -1,
      85, 84, 86, -1,
      82, 87, 76, -1,
      76, 87, 88, -1,
      76, 88, 75, -1,
      75, 88, 89, -1,
      75, 89, 83, -1,
      83, 89, 90, -1,
      83, 90, 84, -1,
      91, 92, 93, -1,
      93, 92, 94, -1,
      93, 94, 95, -1,
      95, 94, 96, -1,
      95, 96, 97, -1,
      97, 96, 98, -1,
      97, 98, 99, -1,
      79, 80, 77, -1,
      77, 80, 76, -1,
      77, 76, 100, -1,
      100, 76, 101, -1,
      100, 101, 102, -1,
      102, 101, 103, -1,
      102, 103, 104, -1,
      104, 103, 105, -1,
      104, 105, 106, -1,
      106, 105, 107, -1,
      106, 107, 108, -1,
      108, 107, 109, -1,
      108, 109, 110, -1,
      110, 109, 111, -1,
      110, 111, 112, -1,
      112, 111, 113, -1,
      112, 113, 114, -1,
      114, 113, 115, -1,
      114, 115, 116, -1,
      116, 115, 117, -1,
      116, 117, 118, -1,
      118, 117, 119, -1,
      98, 120, 99, -1,
      99, 120, 121, -1,
      99, 121, 122, -1,
      122, 121, 123, -1,
      122, 123, 86, -1,
      86, 123, 124, -1,
      86, 124, 85, -1,
      125, 126, 127, -1,
      127, 126, 128, -1,
      127, 128, 129, -1,
      129, 128, 130, -1,
      129, 130, 131, -1,
      131, 130, 132, -1,
      131, 132, 91, -1,
      91, 132, 133, -1,
      91, 133, 92, -1,
      77, 134, 78, -1,
      78, 134, 135, -1,
      78, 135, 136, -1,
      136, 135, 137, -1,
      136, 137, 138, -1,
      138, 137, 139, -1,
      138, 139, 140, -1,
      140, 139, 141, -1,
      140, 141, 125, -1,
      125, 141, 142, -1,
      125, 142, 126, -1,
      113, 39, 38, -1,
      113, 38, 115, -1,
      115, 38, 17, -1,
      115, 17, 117, -1,
      117, 17, 16, -1,
      117, 16, 119, -1,
      118, 119, 15, -1,
      15, 119, 16, -1,
      118, 15, 29, -1,
      118, 29, 116, -1,
      116, 29, 30, -1,
      116, 30, 114, -1,
      114, 30, 19, -1,
      114, 19, 112, -1,
      112, 19, 18, -1,
      112, 18, 110, -1,
      110, 18, 53, -1,
      110, 53, 108, -1,
      108, 53, 52, -1,
      108, 52, 106, -1,
      106, 52, 48, -1,
      106, 48, 104, -1,
      104, 48, 47, -1,
      104, 47, 102, -1,
      102, 47, 46, -1,
      102, 46, 100, -1,
      100, 46, 45, -1,
      100, 45, 77, -1,
      134, 77, 20, -1,
      20, 77, 45, -1,
      134, 20, 28, -1,
      134, 28, 135, -1,
      135, 28, 27, -1,
      135, 27, 137, -1,
      137, 27, 26, -1,
      137, 26, 139, -1,
      139, 26, 44, -1,
      139, 44, 141, -1,
      141, 44, 43, -1,
      141, 43, 142, -1,
      142, 43, 42, -1,
      142, 42, 126, -1,
      126, 42, 41, -1,
      126, 41, 128, -1,
      128, 41, 14, -1,
      128, 14, 130, -1,
      130, 14, 13, -1,
      130, 13, 132, -1,
      132, 13, 33, -1,
      132, 33, 133, -1,
      133, 33, 32, -1,
      133, 32, 92, -1,
      54, 120, 98, -1,
      92, 32, 31, -1,
      92, 31, 94, -1,
      94, 31, 58, -1,
      94, 58, 96, -1,
      96, 58, 57, -1,
      96, 57, 98, -1,
      98, 57, 56, -1,
      98, 56, 54, -1,
      120, 54, 55, -1,
      120, 55, 121, -1,
      121, 55, 60, -1,
      121, 60, 123, -1,
      123, 60, 25, -1,
      123, 25, 124, -1,
      124, 25, 24, -1,
      124, 24, 85, -1,
      85, 24, 22, -1,
      85, 22, 83, -1,
      75, 83, 21, -1,
      21, 83, 22, -1,
      73, 75, 23, -1,
      23, 75, 21, -1,
      74, 73, 51, -1,
      51, 73, 23, -1,
      76, 74, 50, -1,
      50, 74, 51, -1,
      76, 50, 49, -1,
      76, 49, 101, -1,
      101, 49, 37, -1,
      101, 37, 103, -1,
      103, 37, 36, -1,
      103, 36, 105, -1,
      105, 36, 35, -1,
      105, 35, 107, -1,
      107, 35, 34, -1,
      107, 34, 109, -1,
      109, 34, 40, -1,
      109, 40, 111, -1,
      111, 40, 39, -1,
      111, 39, 113, -1,
      136, 143, 144, -1,
      136, 144, 78, -1,
      78, 144, 145, -1,
      78, 145, 79, -1,
      79, 145, 146, -1,
      79, 146, 80, -1,
      127, 147, 148, -1,
      127, 148, 125, -1,
      125, 148, 149, -1,
      125, 149, 140, -1,
      140, 149, 150, -1,
      140, 150, 138, -1,
      138, 150, 143, -1,
      138, 143, 136, -1,
      93, 151, 152, -1,
      93, 152, 91, -1,
      91, 152, 153, -1,
      91, 153, 131, -1,
      131, 153, 154, -1,
      131, 154, 129, -1,
      129, 154, 147, -1,
      129, 147, 127, -1,
      99, 155, 156, -1,
      99, 156, 97, -1,
      97, 156, 157, -1,
      97, 157, 95, -1,
      95, 157, 151, -1,
      95, 151, 93, -1,
      90, 158, 159, -1,
      90, 159, 84, -1,
      84, 159, 160, -1,
      84, 160, 86, -1,
      86, 160, 161, -1,
      86, 161, 122, -1,
      122, 161, 155, -1,
      122, 155, 99, -1,
      82, 162, 163, -1,
      82, 163, 87, -1,
      87, 163, 164, -1,
      87, 164, 88, -1,
      88, 164, 165, -1,
      88, 165, 89, -1,
      89, 165, 158, -1,
      89, 158, 90, -1,
      82, 81, 162, -1,
      162, 81, 166, -1,
      81, 80, 166, -1,
      166, 80, 146, -1,
    ]
  }
}

Shape {
  appearance Appearance {
    material Material {
      diffuseColor 0.2235 0.2235 0.2235
      specularColor 0.1137 0.1137 0.1137
      ambientIntensity 0.2
      transparency 0.0000
      shininess 0.5
    }
  }
  geometry IndexedFaceSet {
    ccw TRUE
    solid FALSE
    coord DEF co Coordinate {
      point [
        -0.088639 0.187108 0.354331,
        -0.087962 0.187624 0.354331,
        -0.086758 0.188187 0.354331,
        -0.083788 0.188868 0.354331,
        -0.089969 0.183485 0.354331,
        -0.089927 0.184281 0.354331,
        -0.089679 0.185429 0.354331,
        -0.089239 0.186365 0.354331,
        -0.088516 0.180149 0.354331,
        -0.088941 0.180575 0.354331,
        -0.089511 0.181420 0.354331,
        -0.089841 0.182330 0.354331,
        -0.084689 0.178859 0.354331,
        -0.086382 0.179050 0.354331,
        -0.087517 0.179466 0.354331,
        -0.079244 0.181193 0.354331,
        -0.079953 0.180509 0.354331,
        -0.081388 0.179573 0.354331,
        -0.082927 0.179043 0.354331,
        -0.077095 0.187026 0.354331,
        -0.077116 0.186341 0.354331,
        -0.077459 0.184326 0.354331,
        -0.078224 0.182554 0.354331,
        -0.077095 0.189769 0.354331,
      ]
    }
    coordIndex [
      15, 22, 5, -1,
      19, 23, 3, -1,
      5, 22, 6, -1,
      3, 2, 19, -1,
      19, 2, 1, -1,
      19, 1, 0, -1,
      6, 22, 7, -1,
      7, 22, 21, -1,
      7, 21, 0, -1,
      0, 21, 20, -1,
      0, 20, 19, -1,
      5, 4, 15, -1,
      15, 4, 11, -1,
      15, 11, 10, -1,
      13, 12, 16, -1,
      16, 12, 18, -1,
      16, 18, 17, -1,
      10, 9, 15, -1,
      15, 9, 8, -1,
      15, 8, 16, -1,
      16, 8, 14, -1,
      16, 14, 13, -1,
    ]
  }
}

Shape {
  appearance Appearance {
    material Material {
      diffuseColor 1.0000 1.0000 1.0000
      specularColor 0.5020 0.5020 0.5020
      ambientIntensity 0.2
      transparency 0.0000
      shininess 0.5
    }
  }
  geometry IndexedFaceSet {
    ccw TRUE
    solid FALSE
    coord DEF co Coordinate {
      point [
        -0.053369 0.175191 0.354331,
        -0.054377 0.175083 0.354331,
        0.048982 0.205369 0.354331,
        0.050481 0.201570 0.354331,
        0.048128 0.184593 0.354331,
        0.045230 0.181139 0.354331,
        0.051176 0.195950 0.354331,
        0.051058 0.193428 0.354331,
        0.050094 0.188737 0.354331,
        0.045138 0.181029 0.354331,
        0.044620 0.180563 0.354331,
        0.040736 0.177914 0.354331,
        0.018581 0.215456 0.354331,
        0.036120 0.176178 0.354331,
        0.029593 0.175421 0.354331,
        0.018581 0.175421 0.354331,
        0.018581 0.210062 0.354331,
        0.036106 0.214782 0.354331,
        0.040939 0.213019 0.354331,
        0.030002 0.215456 0.354331,
        0.045138 0.210154 0.354331,
        0.045231 0.210063 0.354331,
        0.046487 0.208841 0.354331,
        0.011018 0.179985 0.354331,
        0.008972 0.193453 0.354331,
        0.002151 0.179985 0.354331,
        0.002151 0.193453 0.354331,
        -0.005346 0.179985 0.354331,
        -0.005346 0.193453 0.354331,
        0.008972 0.198037 0.354331,
        0.002151 0.198037 0.354331,
        -0.005346 0.198037 0.354331,
        -0.005346 0.210062 0.354331,
        -0.005346 0.210850 0.354331,
        0.002151 0.210850 0.354331,
        0.010107 0.210850 0.354331,
        0.010107 0.215456 0.354331,
        0.002151 0.215456 0.354331,
        -0.010514 0.215456 0.354331,
        -0.010514 0.210062 0.354331,
        0.011018 0.175421 0.354331,
        0.002151 0.175421 0.354331,
        -0.010514 0.175421 0.354331,
        -0.030285 0.182523 0.354331,
        -0.029671 0.180169 0.354331,
        -0.029539 0.180169 0.354331,
        -0.029308 0.181149 0.354331,
        -0.028924 0.182482 0.354331,
        -0.035336 0.197052 0.354331,
        -0.021116 0.204014 0.354331,
        -0.065285 0.181602 0.354331,
        -0.063485 0.180474 0.354331,
        -0.062967 0.180272 0.354331,
        -0.062967 0.190887 0.354331,
        -0.063832 0.191774 0.354331,
        -0.064542 0.192933 0.354331,
        -0.065070 0.194488 0.354331,
        -0.065254 0.196298 0.354331,
        -0.065026 0.198216 0.354331,
        -0.063011 0.190917 0.354331,
        -0.060742 0.175083 0.354331,
        -0.061800 0.175194 0.354331,
        -0.062967 0.175606 0.354331,
        -0.065285 0.176424 0.354331,
        -0.047345 0.203400 0.354331,
        -0.047345 0.198529 0.354331,
        -0.062041 0.202397 0.354331,
        -0.060867 0.203123 0.354331,
        -0.064393 0.199828 0.354331,
        -0.063424 0.201178 0.354331,
        -0.062967 0.201580 0.354331,
        -0.046240 0.181078 0.354331,
        -0.046884 0.179494 0.354331,
        -0.047847 0.178180 0.354331,
        -0.058193 0.204172 0.354331,
        -0.054120 0.204669 0.354331,
        -0.050602 0.204357 0.354331,
        -0.046673 0.186457 0.354331,
        -0.047507 0.187756 0.354331,
        -0.047652 0.187926 0.354331,
        -0.046157 0.184961 0.354331,
        -0.045974 0.183198 0.354331,
        -0.045977 0.182970 0.354331,
        -0.049198 0.177017 0.354331,
        -0.050642 0.176157 0.354331,
        -0.054611 0.200596 0.354331,
        -0.056096 0.200485 0.354331,
        -0.060086 0.196748 0.354331,
        -0.057437 0.200130 0.354331,
        -0.058561 0.199531 0.354331,
        -0.060041 0.196081 0.354331,
        -0.059842 0.195302 0.354331,
        -0.059480 0.194626 0.354331,
        -0.058991 0.194087 0.354331,
        -0.057224 0.192982 0.354331,
        -0.051085 0.200164 0.354331,
        -0.054120 0.191631 0.354331,
        -0.048250 0.199059 0.354331,
        -0.052581 0.191020 0.354331,
        -0.049102 0.189174 0.354331,
        -0.059318 0.198863 0.354331,
        -0.059748 0.198225 0.354331,
        -0.059996 0.197548 0.354331,
        -0.060349 0.179248 0.354331,
        -0.057661 0.187988 0.354331,
        -0.060650 0.189358 0.354331,
        -0.057037 0.178839 0.354331,
        -0.056815 0.178840 0.354331,
        -0.054368 0.186609 0.354331,
        -0.054244 0.179128 0.354331,
        -0.051122 0.182707 0.354331,
        -0.051170 0.183331 0.354331,
        -0.052951 0.179602 0.354331,
        -0.052493 0.179879 0.354331,
        -0.051918 0.180390 0.354331,
        -0.051480 0.181037 0.354331,
        -0.051226 0.181750 0.354331,
        -0.051398 0.184114 0.354331,
        -0.051786 0.184779 0.354331,
        -0.052411 0.185430 0.354331,
        -0.035336 0.183591 0.354331,
        -0.043364 0.204014 0.354331,
        -0.037756 0.204014 0.354331,
        -0.032148 0.175482 0.354331,
        -0.032317 0.175083 0.354331,
        -0.034348 0.170283 0.354331,
        -0.042331 0.162362 0.354331,
        -0.042331 0.166824 0.354331,
        -0.057528 0.174745 0.354331,
        -0.041090 0.166436 0.354331,
        -0.039486 0.166251 0.354331,
        -0.035336 0.162858 0.354331,
        -0.036953 0.162215 0.354331,
        -0.039097 0.161953 0.354331,
        -0.040852 0.162058 0.354331,
        -0.038526 0.166335 0.354331,
        -0.037422 0.166680 0.354331,
        -0.036483 0.167254 0.354331,
        -0.035474 0.168288 0.354331,
        -0.035336 0.168532 0.354331,
        -0.033255 0.164240 0.354331,
        -0.034985 0.162998 0.354331,
        -0.027324 0.175083 0.354331,
        -0.028894 0.171102 0.354331,
        -0.031192 0.166639 0.354331,
        -0.015917 0.204014 0.354331,
        -0.057037 0.178839 0.354843,
        -0.063485 0.180474 0.354843,
        -0.060349 0.179248 0.354843,
        -0.065285 0.181602 0.354843,
        -0.065285 0.176424 0.354843,
        -0.061800 0.175194 0.354843,
        -0.057528 0.174745 0.354843,
        -0.053369 0.175191 0.354843,
        -0.050642 0.176157 0.354843,
        -0.049198 0.177017 0.354843,
        -0.047847 0.178180 0.354843,
        -0.046884 0.179494 0.354843,
        -0.046240 0.181078 0.354843,
        -0.045977 0.182970 0.354843,
        -0.045974 0.183198 0.354843,
        -0.046157 0.184961 0.354843,
        -0.046673 0.186457 0.354843,
        -0.047507 0.187756 0.354843,
        -0.047652 0.187926 0.354843,
        -0.049102 0.189174 0.354843,
        -0.052581 0.191020 0.354843,
        -0.054120 0.191631 0.354843,
        -0.057224 0.192982 0.354843,
        -0.058991 0.194087 0.354843,
        -0.059480 0.194626 0.354843,
        -0.059842 0.195302 0.354843,
        -0.060041 0.196081 0.354843,
        -0.060086 0.196748 0.354843,
        -0.059996 0.197548 0.354843,
        -0.059748 0.198225 0.354843,
        -0.059318 0.198863 0.354843,
        -0.058561 0.199531 0.354843,
        -0.057437 0.200130 0.354843,
        -0.056096 0.200485 0.354843,
        -0.054611 0.200596 0.354843,
        -0.051085 0.200164 0.354843,
        -0.048250 0.199059 0.354843,
        -0.047345 0.198529 0.354843,
        -0.047345 0.203400 0.354843,
        -0.050602 0.204357 0.354843,
        -0.054120 0.204669 0.354843,
        -0.058193 0.204172 0.354843,
        -0.060867 0.203123 0.354843,
        -0.062041 0.202397 0.354843,
        -0.063424 0.201178 0.354843,
        -0.064393 0.199828 0.354843,
        -0.065026 0.198216 0.354843,
        -0.065254 0.196298 0.354843,
        -0.065070 0.194488 0.354843,
        -0.064542 0.192933 0.354843,
        -0.063832 0.191774 0.354843,
        -0.057661 0.187988 0.354843,
        -0.060650 0.189358 0.354843,
        -0.063011 0.190917 0.354843,
        -0.054368 0.186609 0.354843,
        -0.052411 0.185430 0.354843,
        -0.051786 0.184779 0.354843,
        -0.051398 0.184114 0.354843,
        -0.051170 0.183331 0.354843,
        -0.051122 0.182707 0.354843,
        -0.051226 0.181750 0.354843,
        -0.051480 0.181037 0.354843,
        -0.051918 0.180390 0.354843,
        -0.052493 0.179879 0.354843,
        -0.052951 0.179602 0.354843,
        -0.054244 0.179128 0.354843,
        -0.056815 0.178840 0.354843,
        -0.021116 0.204014 0.354843,
        -0.015917 0.204014 0.354843,
        -0.028924 0.182482 0.354843,
        -0.029308 0.181149 0.354843,
        -0.029539 0.180169 0.354843,
        -0.029671 0.180169 0.354843,
        -0.030285 0.182523 0.354843,
        -0.037756 0.204014 0.354843,
        -0.043364 0.204014 0.354843,
        -0.032148 0.175482 0.354843,
        -0.034348 0.170283 0.354843,
        -0.035474 0.168288 0.354843,
        -0.036483 0.167254 0.354843,
        -0.037422 0.166680 0.354843,
        -0.038526 0.166335 0.354843,
        -0.039486 0.166251 0.354843,
        -0.041090 0.166436 0.354843,
        -0.042331 0.166824 0.354843,
        -0.042331 0.162362 0.354843,
        -0.040852 0.162058 0.354843,
        -0.039097 0.161953 0.354843,
        -0.034985 0.162998 0.354843,
        -0.036953 0.162215 0.354843,
        -0.033255 0.164240 0.354843,
        -0.031192 0.166639 0.354843,
        -0.028894 0.171102 0.354843,
        0.011018 0.179985 0.354843,
        0.011018 0.175421 0.354843,
        -0.005346 0.179985 0.354843,
        -0.005346 0.193453 0.354843,
        0.008972 0.193453 0.354843,
        0.008972 0.198037 0.354843,
        -0.005346 0.198037 0.354843,
        -0.005346 0.210850 0.354843,
        0.010107 0.210850 0.354843,
        0.010107 0.215456 0.354843,
        -0.010514 0.215456 0.354843,
        -0.010514 0.175421 0.354843,
        0.029562 0.179985 0.354843,
        0.029593 0.175421 0.354843,
        0.034643 0.180531 0.354843,
        0.036120 0.176178 0.354843,
        0.038069 0.181752 0.354843,
        0.040736 0.177914 0.354843,
        0.040722 0.183487 0.354843,
        0.044620 0.180563 0.354843,
        0.041464 0.184160 0.354843,
        0.045138 0.181029 0.354843,
        0.043454 0.186630 0.354843,
        0.048128 0.184593 0.354843,
        0.044832 0.189602 0.354843,
        0.050094 0.188737 0.354843,
        0.045609 0.193270 0.354843,
        0.051058 0.193428 0.354843,
        0.045742 0.195806 0.354843,
        0.051176 0.195950 0.354843,
        0.045250 0.200409 0.354843,
        0.050481 0.201570 0.354843,
        0.044172 0.203443 0.354843,
        0.048982 0.205369 0.354843,
        0.042670 0.205748 0.354843,
        0.046487 0.208841 0.354843,
        0.041352 0.207084 0.354843,
        0.045138 0.210154 0.354843,
        0.038433 0.209024 0.354843,
        0.040939 0.213019 0.354843,
        0.034962 0.210279 0.354843,
        0.036106 0.214782 0.354843,
        0.029797 0.210850 0.354843,
        0.030002 0.215456 0.354843,
        0.023749 0.210850 0.354843,
        0.018581 0.215456 0.354843,
        0.023749 0.179985 0.354843,
        0.018581 0.175421 0.354843,
        0.029797 0.210850 0.354331,
        0.023749 0.210850 0.354331,
        0.023749 0.179985 0.354331,
        0.029562 0.179985 0.354331,
        0.041464 0.184160 0.354331,
        0.040722 0.183487 0.354331,
        0.038069 0.181752 0.354331,
        0.034643 0.180531 0.354331,
        0.045742 0.195806 0.354331,
        0.045609 0.193270 0.354331,
        0.044832 0.189602 0.354331,
        0.043454 0.186630 0.354331,
        0.041352 0.207084 0.354331,
        0.042670 0.205748 0.354331,
        0.044172 0.203443 0.354331,
        0.045250 0.200409 0.354331,
        0.034962 0.210279 0.354331,
        0.038433 0.209024 0.354331,
      ]
    }
    coordIndex [
      146, 106, 103, -1,
      52, 147, 103, -1,
      103, 147, 148, -1,
      103, 148, 146, -1,
      52, 51, 147, -1,
      147, 51, 50, -1,
      147, 50, 149, -1,
      150, 149, 63, -1,
      63, 149, 50, -1,
      150, 63, 151, -1,
      151, 63, 62, -1,
      128, 152, 60, -1,
      60, 152, 151, -1,
      60, 151, 61, -1,
      61, 151, 62, -1,
      152, 128, 153, -1,
      153, 128, 1, -1,
      1, 0, 153, -1,
      153, 0, 84, -1,
      153, 84, 154, -1,
      154, 84, 83, -1,
      154, 83, 155, -1,
      155, 83, 73, -1,
      155, 73, 156, -1,
      156, 73, 72, -1,
      156, 72, 157, -1,
      157, 72, 71, -1,
      157, 71, 158, -1,
      158, 71, 82, -1,
      158, 82, 159, -1,
      159, 82, 81, -1,
      159, 81, 160, -1,
      160, 81, 80, -1,
      160, 80, 161, -1,
      161, 80, 77, -1,
      161, 77, 162, -1,
      162, 77, 78, -1,
      162, 78, 163, -1,
      163, 78, 79, -1,
      163, 79, 164, -1,
      164, 79, 99, -1,
      164, 99, 165, -1,
      165, 99, 98, -1,
      165, 98, 166, -1,
      166, 98, 96, -1,
      166, 96, 167, -1,
      167, 96, 94, -1,
      167, 94, 168, -1,
      168, 94, 93, -1,
      168, 93, 169, -1,
      169, 93, 92, -1,
      169, 92, 170, -1,
      170, 92, 91, -1,
      170, 91, 171, -1,
      171, 91, 90, -1,
      171, 90, 172, -1,
      172, 90, 87, -1,
      172, 87, 173, -1,
      173, 87, 102, -1,
      173, 102, 174, -1,
      174, 102, 101, -1,
      174, 101, 175, -1,
      175, 101, 100, -1,
      175, 100, 176, -1,
      176, 100, 89, -1,
      176, 89, 177, -1,
      177, 89, 88, -1,
      177, 88, 178, -1,
      178, 88, 86, -1,
      178, 86, 179, -1,
      179, 86, 85, -1,
      179, 85, 180, -1,
      180, 85, 95, -1,
      180, 95, 181, -1,
      181, 95, 97, -1,
      181, 97, 182, -1,
      182, 97, 65, -1,
      182, 65, 183, -1,
      184, 183, 64, -1,
      64, 183, 65, -1,
      184, 64, 76, -1,
      184, 76, 185, -1,
      185, 76, 75, -1,
      185, 75, 186, -1,
      186, 75, 74, -1,
      186, 74, 187, -1,
      187, 74, 67, -1,
      187, 67, 188, -1,
      188, 67, 66, -1,
      188, 66, 189, -1,
      189, 66, 190, -1,
      190, 66, 70, -1,
      70, 69, 190, -1,
      190, 69, 68, -1,
      190, 68, 191, -1,
      191, 68, 58, -1,
      191, 58, 192, -1,
      192, 58, 57, -1,
      192, 57, 193, -1,
      193, 57, 56, -1,
      193, 56, 194, -1,
      194, 56, 55, -1,
      194, 55, 195, -1,
      195, 55, 54, -1,
      195, 54, 196, -1,
      104, 197, 198, -1,
      196, 54, 59, -1,
      196, 59, 199, -1,
      199, 59, 53, -1,
      199, 53, 198, -1,
      198, 53, 105, -1,
      198, 105, 104, -1,
      197, 104, 108, -1,
      197, 108, 200, -1,
      200, 108, 119, -1,
      200, 119, 201, -1,
      201, 119, 118, -1,
      201, 118, 202, -1,
      202, 118, 117, -1,
      202, 117, 203, -1,
      203, 117, 111, -1,
      203, 111, 204, -1,
      204, 111, 110, -1,
      204, 110, 205, -1,
      205, 110, 116, -1,
      205, 116, 206, -1,
      206, 116, 115, -1,
      206, 115, 207, -1,
      207, 115, 114, -1,
      207, 114, 208, -1,
      208, 114, 113, -1,
      208, 113, 209, -1,
      209, 113, 112, -1,
      209, 112, 210, -1,
      210, 112, 109, -1,
      210, 109, 211, -1,
      211, 109, 107, -1,
      211, 107, 212, -1,
      212, 107, 106, -1,
      212, 106, 146, -1,
      176, 177, 188, -1,
      188, 177, 187, -1,
      203, 163, 202, -1,
      202, 163, 164, -1,
      202, 164, 201, -1,
      201, 164, 165, -1,
      201, 165, 200, -1,
      165, 166, 200, -1,
      200, 166, 167, -1,
      200, 167, 197, -1,
      197, 167, 168, -1,
      154, 155, 208, -1,
      208, 155, 156, -1,
      208, 156, 207, -1,
      207, 156, 157, -1,
      207, 157, 206, -1,
      206, 157, 158, -1,
      206, 158, 205, -1,
      152, 146, 151, -1,
      151, 146, 148, -1,
      151, 148, 150, -1,
      150, 148, 147, -1,
      150, 147, 149, -1,
      177, 178, 187, -1,
      187, 178, 179, -1,
      187, 179, 186, -1,
      186, 179, 180, -1,
      186, 180, 185, -1,
      185, 180, 181, -1,
      185, 181, 184, -1,
      184, 181, 182, -1,
      184, 182, 183, -1,
      158, 159, 205, -1,
      205, 159, 160, -1,
      205, 160, 204, -1,
      204, 160, 161, -1,
      204, 161, 203, -1,
      203, 161, 162, -1,
      203, 162, 163, -1,
      208, 209, 154, -1,
      154, 209, 210, -1,
      154, 210, 153, -1,
      153, 210, 211, -1,
      153, 211, 152, -1,
      152, 211, 212, -1,
      152, 212, 146, -1,
      188, 189, 176, -1,
      176, 189, 190, -1,
      176, 190, 175, -1,
      175, 190, 191, -1,
      175, 191, 174, -1,
      174, 191, 192, -1,
      174, 192, 173, -1,
      173, 192, 193, -1,
      173, 193, 172, -1,
      172, 193, 194, -1,
      172, 194, 171, -1,
      171, 194, 195, -1,
      171, 195, 170, -1,
      170, 195, 196, -1,
      170, 196, 169, -1,
      169, 196, 199, -1,
      169, 199, 168, -1,
      168, 199, 198, -1,
      168, 198, 197, -1,
      213, 214, 49, -1,
      49, 214, 145, -1,
      215, 213, 47, -1,
      47, 213, 49, -1,
      215, 47, 46, -1,
      215, 46, 216, -1,
      216, 46, 45, -1,
      216, 45, 217, -1,
      218, 217, 44, -1,
      44, 217, 45, -1,
      219, 218, 43, -1,
      43, 218, 44, -1,
      122, 220, 48, -1,
      48, 220, 219, -1,
      48, 219, 43, -1,
      221, 220, 121, -1,
      121, 220, 122, -1,
      123, 222, 120, -1,
      120, 222, 221, -1,
      120, 221, 121, -1,
      125, 223, 124, -1,
      124, 223, 222, -1,
      124, 222, 123, -1,
      125, 139, 223, -1,
      223, 139, 224, -1,
      139, 138, 224, -1,
      224, 138, 137, -1,
      224, 137, 225, -1,
      225, 137, 136, -1,
      225, 136, 226, -1,
      226, 136, 135, -1,
      226, 135, 227, -1,
      227, 135, 130, -1,
      227, 130, 228, -1,
      228, 130, 129, -1,
      228, 129, 229, -1,
      229, 129, 127, -1,
      229, 127, 230, -1,
      231, 230, 126, -1,
      126, 230, 127, -1,
      231, 126, 134, -1,
      231, 134, 232, -1,
      232, 134, 133, -1,
      232, 133, 233, -1,
      233, 133, 132, -1,
      131, 234, 132, -1,
      132, 234, 235, -1,
      132, 235, 233, -1,
      131, 141, 234, -1,
      234, 141, 140, -1,
      234, 140, 236, -1,
      236, 140, 144, -1,
      236, 144, 237, -1,
      237, 144, 143, -1,
      237, 143, 238, -1,
      145, 214, 142, -1,
      142, 214, 238, -1,
      142, 238, 143, -1,
      216, 217, 238, -1,
      214, 213, 238, -1,
      238, 213, 215, -1,
      238, 215, 216, -1,
      220, 221, 219, -1,
      219, 221, 222, -1,
      219, 222, 218, -1,
      217, 218, 238, -1,
      238, 218, 222, -1,
      238, 222, 237, -1,
      222, 223, 237, -1,
      237, 223, 224, -1,
      237, 224, 236, -1,
      236, 224, 225, -1,
      236, 225, 234, -1,
      234, 225, 226, -1,
      234, 226, 235, -1,
      235, 226, 227, -1,
      235, 227, 233, -1,
      233, 227, 228, -1,
      233, 228, 232, -1,
      232, 228, 229, -1,
      232, 229, 231, -1,
      231, 229, 230, -1,
      239, 240, 23, -1,
      23, 240, 40, -1,
      27, 241, 25, -1,
      25, 241, 239, -1,
      25, 239, 23, -1,
      242, 241, 28, -1,
      28, 241, 27, -1,
      24, 243, 26, -1,
      26, 243, 242, -1,
      26, 242, 28, -1,
      244, 243, 29, -1,
      29, 243, 24, -1,
      31, 245, 30, -1,
      30, 245, 244, -1,
      30, 244, 29, -1,
      245, 31, 246, -1,
      246, 31, 32, -1,
      246, 32, 33, -1,
      35, 247, 34, -1,
      34, 247, 246, -1,
      34, 246, 33, -1,
      248, 247, 36, -1,
      36, 247, 35, -1,
      38, 249, 37, -1,
      37, 249, 248, -1,
      37, 248, 36, -1,
      42, 250, 39, -1,
      39, 250, 249, -1,
      39, 249, 38, -1,
      40, 240, 41, -1,
      41, 240, 250, -1,
      41, 250, 42, -1,
      250, 240, 239, -1,
      239, 241, 250, -1,
      250, 241, 242, -1,
      250, 242, 249, -1,
      247, 248, 246, -1,
      246, 248, 249, -1,
      246, 249, 245, -1,
      245, 249, 242, -1,
      245, 242, 244, -1,
      244, 242, 243, -1,
      251, 252, 253, -1,
      253, 252, 254, -1,
      253, 254, 255, -1,
      255, 254, 256, -1,
      255, 256, 257, -1,
      257, 256, 258, -1,
      257, 258, 259, -1,
      259, 258, 260, -1,
      259, 260, 261, -1,
      261, 260, 262, -1,
      261, 262, 263, -1,
      263, 262, 264, -1,
      263, 264, 265, -1,
      265, 264, 266, -1,
      265, 266, 267, -1,
      267, 266, 268, -1,
      267, 268, 269, -1,
      269, 268, 270, -1,
      269, 270, 271, -1,
      271, 270, 272, -1,
      271, 272, 273, -1,
      273, 272, 274, -1,
      273, 274, 275, -1,
      275, 274, 276, -1,
      275, 276, 277, -1,
      277, 276, 278, -1,
      277, 278, 279, -1,
      279, 278, 280, -1,
      279, 280, 281, -1,
      281, 280, 282, -1,
      281, 282, 283, -1,
      283, 282, 284, -1,
      283, 284, 285, -1,
      285, 284, 286, -1,
      285, 286, 251, -1,
      251, 286, 252, -1,
      252, 286, 14, -1,
      14, 286, 15, -1,
      252, 14, 13, -1,
      252, 13, 254, -1,
      254, 13, 11, -1,
      254, 11, 256, -1,
      256, 11, 10, -1,
      256, 10, 258, -1,
      258, 10, 9, -1,
      258, 9, 260, -1,
      260, 9, 5, -1,
      260, 5, 262, -1,
      5, 4, 262, -1,
      262, 4, 8, -1,
      262, 8, 264, -1,
      264, 8, 7, -1,
      264, 7, 266, -1,
      266, 7, 6, -1,
      266, 6, 268, -1,
      20, 276, 21, -1,
      21, 276, 274, -1,
      21, 274, 22, -1,
      22, 274, 272, -1,
      22, 272, 2, -1,
      2, 272, 270, -1,
      2, 270, 3, -1,
      3, 270, 268, -1,
      3, 268, 6, -1,
      276, 20, 18, -1,
      276, 18, 278, -1,
      278, 18, 17, -1,
      278, 17, 280, -1,
      280, 17, 19, -1,
      280, 19, 282, -1,
      284, 282, 12, -1,
      12, 282, 19, -1,
      15, 286, 16, -1,
      16, 286, 284, -1,
      16, 284, 12, -1,
      281, 283, 287, -1,
      287, 283, 288, -1,
      283, 285, 288, -1,
      288, 285, 289, -1,
      285, 251, 289, -1,
      289, 251, 290, -1,
      259, 291, 292, -1,
      259, 292, 257, -1,
      257, 292, 293, -1,
      257, 293, 255, -1,
      255, 293, 294, -1,
      255, 294, 253, -1,
      253, 294, 290, -1,
      253, 290, 251, -1,
      267, 295, 296, -1,
      267, 296, 265, -1,
      265, 296, 297, -1,
      265, 297, 263, -1,
      263, 297, 298, -1,
      263, 298, 261, -1,
      261, 298, 291, -1,
      261, 291, 259, -1,
      275, 299, 300, -1,
      275, 300, 273, -1,
      273, 300, 301, -1,
      273, 301, 271, -1,
      271, 301, 302, -1,
      271, 302, 269, -1,
      269, 302, 295, -1,
      269, 295, 267, -1,
      281, 287, 303, -1,
      281, 303, 279, -1,
      279, 303, 304, -1,
      279, 304, 277, -1,
      277, 304, 299, -1,
      277, 299, 275, -1,
    ]
  }
}

Shape {
  appearance Appearance {
    material Material {
      diffuseColor 0.2235 0.2235 0.2235
      specularColor 0.1137 0.1137 0.1137
      ambientIntensity 0.2
      transparency 0.0000
      shininess 0.5
    }
  }
  geometry IndexedFaceSet {
    ccw TRUE
    solid FALSE
    coord DEF co Coordinate {
      point [
        0.029797 0.210850 0.354331,
        0.023749 0.210850 0.354331,
        0.023749 0.179985 0.354331,
        0.029562 0.179985 0.354331,
        0.041464 0.184160 0.354331,
        0.040722 0.183487 0.354331,
        0.038069 0.181752 0.354331,
        0.034643 0.180531 0.354331,
        0.045742 0.195806 0.354331,
        0.045609 0.193270 0.354331,
        0.044832 0.189602 0.354331,
        0.043454 0.186630 0.354331,
        0.041352 0.207084 0.354331,
        0.042670 0.205748 0.354331,
        0.044172 0.203443 0.354331,
        0.045250 0.200409 0.354331,
        0.034962 0.210279 0.354331,
        0.038433 0.209024 0.354331,
      ]
    }
    coordIndex [
      1, 2, 0, -1,
      0, 2, 3, -1,
      0, 3, 7, -1,
      7, 6, 0, -1,
      0, 6, 5, -1,
      0, 5, 4, -1,
      4, 11, 0, -1,
      0, 11, 10, -1,
      0, 10, 9, -1,
      9, 8, 0, -1,
      0, 8, 15, -1,
      0, 15, 14, -1,
      14, 13, 0, -1,
      0, 13, 12, -1,
      0, 12, 16, -1,
      16, 12, 17, -1,
    ]
  }
}

Shape {
  appearance Appearance {
    material Material {
      diffuseColor 1.0000 1.0000 1.0000
      specularColor 0.5020 0.5020 0.5020
      ambientIntensity 0.2
      transparency 0.0000
      shininess 0.5
    }
  }
  geometry IndexedFaceSet {
    ccw TRUE
    solid FALSE
    coord DEF co Coordinate {
      point [
        0.083709 0.175421 0.354331,
        0.079626 0.186371 0.354331,
        0.062955 0.186371 0.354331,
        0.066591 0.210062 0.354331,
        0.059107 0.175421 0.354331,
        0.053396 0.175421 0.354331,
        0.089420 0.175421 0.354331,
        0.076226 0.210062 0.354331,
        0.074171 0.215456 0.354331,
        0.068645 0.215456 0.354331,
        0.064593 0.190894 0.354843,
        0.062955 0.186371 0.354843,
        0.078030 0.190894 0.354843,
        0.079626 0.186371 0.354843,
        0.070579 0.207535 0.354843,
        0.068645 0.215456 0.354843,
        0.053396 0.175421 0.354843,
        0.059107 0.175421 0.354843,
        0.070926 0.208729 0.354843,
        0.071234 0.210339 0.354843,
        0.074171 0.215456 0.354843,
        0.071357 0.210339 0.354843,
        0.071681 0.208645 0.354843,
        0.071981 0.207535 0.354843,
        0.089420 0.175421 0.354843,
        0.083709 0.175421 0.354843,
        0.064593 0.190894 0.354331,
        0.078030 0.190894 0.354331,
        0.071981 0.207535 0.354331,
        0.071357 0.210339 0.354331,
        0.071681 0.208645 0.354331,
        0.071234 0.210339 0.354331,
        0.070579 0.207535 0.354331,
        0.070926 0.208729 0.354331,
      ]
    }
    coordIndex [
      10, 11, 12, -1,
      12, 11, 13, -1,
      14, 15, 10, -1,
      10, 15, 16, -1,
      10, 16, 11, -1,
      11, 16, 17, -1,
      14, 18, 15, -1,
      15, 18, 19, -1,
      15, 19, 20, -1,
      20, 19, 21, -1,
      20, 21, 22, -1,
      22, 23, 20, -1,
      20, 23, 12, -1,
      20, 12, 24, -1,
      24, 12, 13, -1,
      24, 13, 25, -1,
      8, 20, 7, -1,
      7, 20, 24, -1,
      7, 24, 6, -1,
      15, 20, 9, -1,
      9, 20, 8, -1,
      5, 16, 3, -1,
      3, 16, 15, -1,
      3, 15, 9, -1,
      17, 16, 4, -1,
      4, 16, 5, -1,
      11, 17, 2, -1,
      2, 17, 4, -1,
      13, 11, 1, -1,
      1, 11, 2, -1,
      25, 13, 0, -1,
      0, 13, 1, -1,
      24, 25, 6, -1,
      6, 25, 0, -1,
      10, 12, 26, -1,
      26, 12, 27, -1,
      12, 23, 27, -1,
      27, 23, 28, -1,
      21, 29, 30, -1,
      21, 30, 22, -1,
      22, 30, 28, -1,
      22, 28, 23, -1,
      21, 19, 29, -1,
      29, 19, 31, -1,
      14, 32, 33, -1,
      14, 33, 18, -1,
      18, 33, 31, -1,
      18, 31, 19, -1,
      14, 10, 32, -1,
      32, 10, 26, -1,
    ]
  }
}

Shape {
  appearance Appearance {
    material Material {
      diffuseColor 0.2235 0.2235 0.2235
      specularColor 0.1137 0.1137 0.1137
      ambientIntensity 0.2
      transparency 0.0000
      shininess 0.5
    }
  }
  geometry IndexedFaceSet {
    ccw TRUE
    solid FALSE
    coord DEF co Coordinate {
      point [
        0.064593 0.190894 0.354331,
        0.078030 0.190894 0.354331,
        0.071981 0.207535 0.354331,
        0.071357 0.210339 0.354331,
        0.071681 0.208645 0.354331,
        0.071234 0.210339 0.354331,
        0.070579 0.207535 0.354331,
        0.070926 0.208729 0.354331,
      ]
    }
    coordIndex [
      3, 5, 4, -1,
      4, 5, 7, -1,
      4, 7, 2, -1,
      2, 7, 6, -1,
      2, 6, 1, -1,
      1, 6, 0, -1,
    ]
  }
}

Shape {
  appearance Appearance {
    material Material {
      diffuseColor 1.0000 1.0000 1.0000
      specularColor 0.5020 0.5020 0.5020
      ambientIntensity 0.2
      transparency 0.0000
      shininess 0.5
    }
  }
  geometry IndexedFaceSet {
    ccw TRUE
    solid FALSE
    coord DEF co Coordinate {
      point [
        -0.257357 0.208361 0.354331,
        -0.252661 0.204031 0.354331,
        -0.241115 0.210062 0.354331,
        -0.333801 0.233918 0.354331,
        -0.331734 0.238594 0.354331,
        -0.162889 0.238594 0.354331,
        -0.164816 0.241270 0.354331,
        -0.172549 0.247787 0.354331,
        -0.210419 0.283442 0.354331,
        -0.204266 0.279304 0.354331,
        -0.197725 0.274907 0.354331,
        -0.188350 0.264074 0.354331,
        -0.182354 0.252420 0.354331,
        -0.181026 0.251975 0.354331,
        -0.263659 0.282904 0.354331,
        -0.250535 0.287970 0.354331,
        -0.236437 0.289708 0.354331,
        -0.224704 0.288476 0.354331,
        -0.269469 0.279304 0.354331,
        -0.270594 0.278607 0.354331,
        -0.329269 0.244172 0.354331,
        -0.322399 0.252989 0.354331,
        -0.300908 0.265259 0.354331,
        -0.289665 0.266652 0.354331,
        -0.277283 0.272879 0.354331,
        -0.286391 0.266474 0.354331,
        -0.283118 0.266083 0.354331,
        -0.320500 0.254788 0.354331,
        -0.311450 0.261158 0.354331,
        -0.335777 0.220540 0.354331,
        -0.335700 0.223219 0.354331,
        -0.314969 0.181959 0.354331,
        -0.323822 0.189514 0.354331,
        -0.304687 0.176941 0.354331,
        -0.330293 0.198739 0.354331,
        -0.334385 0.209333 0.354331,
        -0.334476 0.210062 0.354331,
        -0.301051 0.175851 0.354331,
        -0.300698 0.175083 0.354331,
        -0.298404 0.170080 0.354331,
        -0.294252 0.164804 0.354331,
        -0.288745 0.160528 0.354331,
        -0.282228 0.157679 0.354331,
        -0.285762 0.159224 0.354331,
        -0.274009 0.156495 0.354331,
        -0.275526 0.156535 0.354331,
        -0.247335 0.175083 0.354331,
        -0.247357 0.174992 0.354331,
        -0.250726 0.168636 0.354331,
        -0.255502 0.163378 0.354331,
        -0.261232 0.159544 0.354331,
        -0.262112 0.159224 0.354331,
        -0.267619 0.157224 0.354331,
        -0.154823 0.210062 0.354331,
        -0.155467 0.205025 0.354331,
        -0.210923 0.191912 0.354331,
        -0.208965 0.192666 0.354331,
        -0.205695 0.208870 0.354331,
        -0.164707 0.188091 0.354331,
        -0.172423 0.181553 0.354331,
        -0.212683 0.190689 0.354331,
        -0.206834 0.192930 0.354331,
        -0.206557 0.192910 0.354331,
        -0.205703 0.192720 0.354331,
        -0.159031 0.196008 0.354331,
        -0.181105 0.177295 0.354331,
        -0.190609 0.175282 0.354331,
        -0.207403 0.175282 0.354331,
        -0.208852 0.175501 0.354331,
        -0.210742 0.176204 0.354331,
        -0.212613 0.177483 0.354331,
        -0.213433 0.178309 0.354331,
        -0.177587 0.199806 0.354331,
        -0.174459 0.204248 0.354331,
        -0.215658 0.184106 0.354331,
        -0.215614 0.184980 0.354331,
        -0.245545 0.187806 0.354331,
        -0.215105 0.187162 0.354331,
        -0.214062 0.189140 0.354331,
        -0.205126 0.192645 0.354331,
        -0.192317 0.192645 0.354331,
        -0.187264 0.193606 0.354331,
        -0.214662 0.180102 0.354331,
        -0.215400 0.182034 0.354331,
        -0.245697 0.182021 0.354331,
        -0.245545 0.184960 0.354331,
        -0.182235 0.195920 0.354331,
        -0.178017 0.199346 0.354331,
        -0.270180 0.213457 0.354331,
        -0.263343 0.211666 0.354331,
        -0.196645 0.238594 0.354331,
        -0.274009 0.213709 0.354331,
        -0.172502 0.209323 0.354331,
        -0.172411 0.210062 0.354331,
        -0.206393 0.210062 0.354331,
        -0.171823 0.214847 0.354331,
        -0.171954 0.217267 0.354331,
        -0.280348 0.212982 0.354331,
        -0.311647 0.238594 0.354331,
        -0.286667 0.210686 0.354331,
        -0.314796 0.233887 0.354331,
        -0.317117 0.227500 0.354331,
        -0.317844 0.221109 0.354331,
        -0.317474 0.216536 0.354331,
        -0.287597 0.210062 0.354331,
        -0.315528 0.210062 0.354331,
        -0.292554 0.206739 0.354331,
        -0.179246 0.231401 0.354331,
        -0.183664 0.234479 0.354331,
        -0.173272 0.222739 0.354331,
        -0.175904 0.227661 0.354331,
        -0.196302 0.237049 0.354331,
        -0.214519 0.223956 0.354331,
        -0.194025 0.237049 0.354331,
        -0.188633 0.236387 0.354331,
        -0.260439 0.210062 0.354331,
        -0.306451 0.198338 0.354331,
        -0.300766 0.194922 0.354331,
        -0.297340 0.201447 0.354331,
        -0.311659 0.203453 0.354331,
        -0.315378 0.209564 0.354331,
        -0.202532 0.254295 0.354331,
        -0.208985 0.261937 0.354331,
        -0.274294 0.245304 0.354331,
        -0.209533 0.262435 0.354331,
        -0.217524 0.267997 0.354331,
        -0.269924 0.254341 0.354331,
        -0.276822 0.246656 0.354331,
        -0.198100 0.245144 0.354331,
        -0.283219 0.248867 0.354331,
        -0.289380 0.249574 0.354331,
        -0.292319 0.249422 0.354331,
        -0.263532 0.261962 0.354331,
        -0.226446 0.271430 0.354331,
        -0.255965 0.267491 0.354331,
        -0.236152 0.272630 0.354331,
        -0.246673 0.271269 0.354331,
        -0.299348 0.247762 0.354331,
        -0.305704 0.244393 0.354331,
        -0.310963 0.239617 0.354331,
        -0.158991 0.233182 0.354331,
        -0.155495 0.224493 0.354331,
        -0.154175 0.215132 0.354331,
        -0.298404 0.170080 0.354843,
        -0.294252 0.164804 0.354843,
        -0.300766 0.194922 0.354843,
        -0.305704 0.244393 0.354843,
        -0.299348 0.247762 0.354843,
        -0.300908 0.265259 0.354843,
        -0.283118 0.266083 0.354843,
        -0.274294 0.245304 0.354843,
        -0.269924 0.254341 0.354843,
        -0.245545 0.184960 0.354843,
        -0.245545 0.187806 0.354843,
        -0.269688 0.194769 0.354843,
        -0.272372 0.195607 0.354843,
        -0.289665 0.266652 0.354843,
        -0.265419 0.191341 0.354843,
        -0.264088 0.189054 0.354843,
        -0.245697 0.182021 0.354843,
        -0.205695 0.208870 0.354843,
        -0.214519 0.223956 0.354843,
        -0.252661 0.204031 0.354843,
        -0.274294 0.195776 0.354843,
        -0.276982 0.195444 0.354843,
        -0.280348 0.212982 0.354843,
        -0.279474 0.194486 0.354843,
        -0.286667 0.210686 0.354843,
        -0.281712 0.192925 0.354843,
        -0.292554 0.206739 0.354843,
        -0.283109 0.191420 0.354843,
        -0.297340 0.201447 0.354843,
        -0.284516 0.189018 0.354843,
        -0.285276 0.186313 0.354843,
        -0.263343 0.211666 0.354843,
        -0.270180 0.213457 0.354843,
        -0.274009 0.213709 0.354843,
        -0.267330 0.193311 0.354843,
        -0.281748 0.176457 0.354843,
        -0.279491 0.174873 0.354843,
        -0.288745 0.160528 0.354843,
        -0.276867 0.173878 0.354843,
        -0.196302 0.237049 0.354843,
        -0.194025 0.237049 0.354843,
        -0.182354 0.252420 0.354843,
        -0.188633 0.236387 0.354843,
        -0.181026 0.251975 0.354843,
        -0.183664 0.234479 0.354843,
        -0.172549 0.247787 0.354843,
        -0.164816 0.241270 0.354843,
        -0.277283 0.272879 0.354843,
        -0.263532 0.261962 0.354843,
        -0.270594 0.278607 0.354843,
        -0.255965 0.267491 0.354843,
        -0.263659 0.282904 0.354843,
        -0.306451 0.198338 0.354843,
        -0.304687 0.176941 0.354843,
        -0.301051 0.175851 0.354843,
        -0.292319 0.249422 0.354843,
        -0.289380 0.249574 0.354843,
        -0.286391 0.266474 0.354843,
        -0.283219 0.248867 0.354843,
        -0.276822 0.246656 0.354843,
        -0.257357 0.208361 0.354843,
        -0.179246 0.231401 0.354843,
        -0.175904 0.227661 0.354843,
        -0.158991 0.233182 0.354843,
        -0.173272 0.222739 0.354843,
        -0.155495 0.224493 0.354843,
        -0.154175 0.215132 0.354843,
        -0.171954 0.217267 0.354843,
        -0.171823 0.214847 0.354843,
        -0.155467 0.205025 0.354843,
        -0.172502 0.209323 0.354843,
        -0.159031 0.196008 0.354843,
        -0.174459 0.204248 0.354843,
        -0.164707 0.188091 0.354843,
        -0.311450 0.261158 0.354843,
        -0.320500 0.254788 0.354843,
        -0.310963 0.239617 0.354843,
        -0.322399 0.252989 0.354843,
        -0.314796 0.233887 0.354843,
        -0.329269 0.244172 0.354843,
        -0.317117 0.227500 0.354843,
        -0.283546 0.178539 0.354843,
        -0.284738 0.180898 0.354843,
        -0.285338 0.183536 0.354843,
        -0.177587 0.199806 0.354843,
        -0.178017 0.199346 0.354843,
        -0.172423 0.181553 0.354843,
        -0.182235 0.195920 0.354843,
        -0.181105 0.177295 0.354843,
        -0.187264 0.193606 0.354843,
        -0.190609 0.175282 0.354843,
        -0.192317 0.192645 0.354843,
        -0.207403 0.175282 0.354843,
        -0.205126 0.192645 0.354843,
        -0.208852 0.175501 0.354843,
        -0.197725 0.274907 0.354843,
        -0.208985 0.261937 0.354843,
        -0.188350 0.264074 0.354843,
        -0.202532 0.254295 0.354843,
        -0.198100 0.245144 0.354843,
        -0.263335 0.186465 0.354843,
        -0.263236 0.183706 0.354843,
        -0.247357 0.174992 0.354843,
        -0.263839 0.180955 0.354843,
        -0.250726 0.168636 0.354843,
        -0.265101 0.178466 0.354843,
        -0.255502 0.163378 0.354843,
        -0.266912 0.176390 0.354843,
        -0.261232 0.159544 0.354843,
        -0.269090 0.174866 0.354843,
        -0.267619 0.157224 0.354843,
        -0.271567 0.173910 0.354843,
        -0.274009 0.156495 0.354843,
        -0.274294 0.173574 0.354843,
        -0.275526 0.156535 0.354843,
        -0.282228 0.157679 0.354843,
        -0.250535 0.287970 0.354843,
        -0.246673 0.271269 0.354843,
        -0.236437 0.289708 0.354843,
        -0.236152 0.272630 0.354843,
        -0.224704 0.288476 0.354843,
        -0.226446 0.271430 0.354843,
        -0.210419 0.283442 0.354843,
        -0.217524 0.267997 0.354843,
        -0.209533 0.262435 0.354843,
        -0.333801 0.233918 0.354843,
        -0.335700 0.223219 0.354843,
        -0.317844 0.221109 0.354843,
        -0.335777 0.220540 0.354843,
        -0.317474 0.216536 0.354843,
        -0.334385 0.209333 0.354843,
        -0.315378 0.209564 0.354843,
        -0.330293 0.198739 0.354843,
        -0.311659 0.203453 0.354843,
        -0.323822 0.189514 0.354843,
        -0.314969 0.181959 0.354843,
        -0.206557 0.192910 0.354843,
        -0.213433 0.178309 0.354843,
        -0.212613 0.177483 0.354843,
        -0.215658 0.184106 0.354843,
        -0.215400 0.182034 0.354843,
        -0.214662 0.180102 0.354843,
        -0.205703 0.192720 0.354843,
        -0.210742 0.176204 0.354843,
        -0.208965 0.192666 0.354843,
        -0.210923 0.191912 0.354843,
        -0.215614 0.184980 0.354843,
        -0.212683 0.190689 0.354843,
        -0.214062 0.189140 0.354843,
        -0.215105 0.187162 0.354843,
        -0.206834 0.192930 0.354843,
        -0.274294 0.195776 0.354331,
        -0.272372 0.195607 0.354331,
        -0.269688 0.194769 0.354331,
        -0.267330 0.193311 0.354331,
        -0.265419 0.191341 0.354331,
        -0.264088 0.189054 0.354331,
        -0.263335 0.186465 0.354331,
        -0.263236 0.183706 0.354331,
        -0.263839 0.180955 0.354331,
        -0.265101 0.178466 0.354331,
        -0.266912 0.176390 0.354331,
        -0.269090 0.174866 0.354331,
        -0.271567 0.173910 0.354331,
        -0.274294 0.173574 0.354331,
        -0.276867 0.173878 0.354331,
        -0.279491 0.174873 0.354331,
        -0.281748 0.176457 0.354331,
        -0.283546 0.178539 0.354331,
        -0.284738 0.180898 0.354331,
        -0.285338 0.183536 0.354331,
        -0.285276 0.186313 0.354331,
        -0.284516 0.189018 0.354331,
        -0.283109 0.191420 0.354331,
        -0.281712 0.192925 0.354331,
        -0.279474 0.194486 0.354331,
        -0.276982 0.195444 0.354331,
      ]
    }
    coordIndex [
      143, 144, 145, -1,
      146, 147, 148, -1,
      149, 150, 151, -1,
      152, 153, 154, -1,
      154, 153, 155, -1,
      148, 147, 156, -1,
      157, 158, 159, -1,
      160, 161, 153, -1,
      153, 161, 162, -1,
      153, 162, 155, -1,
      155, 162, 163, -1,
      164, 165, 166, -1,
      166, 165, 167, -1,
      166, 167, 168, -1,
      168, 167, 169, -1,
      168, 169, 170, -1,
      170, 169, 171, -1,
      170, 171, 172, -1,
      172, 171, 145, -1,
      172, 145, 173, -1,
      174, 175, 164, -1,
      164, 175, 176, -1,
      164, 176, 165, -1,
      152, 154, 159, -1,
      159, 154, 177, -1,
      159, 177, 157, -1,
      178, 144, 179, -1,
      179, 144, 180, -1,
      179, 180, 181, -1,
      182, 183, 184, -1,
      184, 183, 185, -1,
      184, 185, 186, -1,
      186, 185, 187, -1,
      186, 187, 188, -1,
      188, 187, 189, -1,
      149, 151, 190, -1,
      190, 151, 191, -1,
      190, 191, 192, -1,
      192, 191, 193, -1,
      192, 193, 194, -1,
      195, 196, 145, -1,
      145, 196, 197, -1,
      145, 197, 143, -1,
      147, 198, 156, -1,
      156, 198, 199, -1,
      156, 199, 200, -1,
      200, 199, 201, -1,
      200, 201, 149, -1,
      149, 201, 202, -1,
      149, 202, 150, -1,
      163, 162, 164, -1,
      164, 162, 203, -1,
      164, 203, 174, -1,
      187, 204, 189, -1,
      189, 204, 205, -1,
      189, 205, 206, -1,
      206, 205, 207, -1,
      206, 207, 208, -1,
      208, 207, 209, -1,
      207, 210, 209, -1,
      209, 210, 211, -1,
      209, 211, 212, -1,
      212, 211, 213, -1,
      212, 213, 214, -1,
      214, 213, 215, -1,
      214, 215, 216, -1,
      148, 217, 146, -1,
      146, 217, 218, -1,
      146, 218, 219, -1,
      219, 218, 220, -1,
      219, 220, 221, -1,
      221, 220, 222, -1,
      221, 222, 223, -1,
      178, 224, 144, -1,
      144, 224, 225, -1,
      144, 225, 145, -1,
      145, 225, 226, -1,
      145, 226, 173, -1,
      215, 227, 216, -1,
      216, 227, 228, -1,
      216, 228, 229, -1,
      229, 228, 230, -1,
      229, 230, 231, -1,
      231, 230, 232, -1,
      231, 232, 233, -1,
      233, 232, 234, -1,
      233, 234, 235, -1,
      235, 234, 236, -1,
      235, 236, 237, -1,
      238, 239, 240, -1,
      240, 239, 241, -1,
      240, 241, 184, -1,
      184, 241, 242, -1,
      184, 242, 182, -1,
      158, 243, 159, -1,
      159, 243, 244, -1,
      159, 244, 245, -1,
      245, 244, 246, -1,
      245, 246, 247, -1,
      247, 246, 248, -1,
      247, 248, 249, -1,
      249, 248, 250, -1,
      249, 250, 251, -1,
      251, 250, 252, -1,
      251, 252, 253, -1,
      253, 252, 254, -1,
      253, 254, 255, -1,
      255, 254, 256, -1,
      255, 256, 257, -1,
      257, 256, 181, -1,
      257, 181, 258, -1,
      258, 181, 180, -1,
      194, 193, 259, -1,
      259, 193, 260, -1,
      259, 260, 261, -1,
      261, 260, 262, -1,
      261, 262, 263, -1,
      263, 262, 264, -1,
      263, 264, 265, -1,
      265, 264, 266, -1,
      265, 266, 238, -1,
      238, 266, 267, -1,
      238, 267, 239, -1,
      222, 268, 223, -1,
      223, 268, 269, -1,
      223, 269, 270, -1,
      270, 269, 271, -1,
      270, 271, 272, -1,
      272, 271, 273, -1,
      272, 273, 274, -1,
      274, 273, 275, -1,
      274, 275, 276, -1,
      276, 275, 277, -1,
      276, 277, 195, -1,
      195, 277, 278, -1,
      195, 278, 196, -1,
      279, 280, 281, -1,
      282, 283, 279, -1,
      279, 283, 284, -1,
      279, 284, 280, -1,
      236, 285, 237, -1,
      237, 285, 279, -1,
      237, 279, 286, -1,
      286, 279, 281, -1,
      287, 288, 289, -1,
      288, 290, 289, -1,
      289, 290, 291, -1,
      289, 291, 292, -1,
      282, 279, 289, -1,
      289, 279, 293, -1,
      289, 293, 287, -1,
      209, 142, 141, -1,
      209, 141, 208, -1,
      208, 141, 140, -1,
      208, 140, 206, -1,
      206, 140, 5, -1,
      206, 5, 189, -1,
      5, 6, 189, -1,
      189, 6, 7, -1,
      189, 7, 188, -1,
      188, 7, 13, -1,
      188, 13, 186, -1,
      186, 13, 12, -1,
      186, 12, 184, -1,
      184, 12, 11, -1,
      184, 11, 240, -1,
      240, 11, 10, -1,
      240, 10, 238, -1,
      265, 238, 9, -1,
      9, 238, 10, -1,
      9, 8, 265, -1,
      265, 8, 17, -1,
      265, 17, 263, -1,
      263, 17, 16, -1,
      263, 16, 261, -1,
      261, 16, 15, -1,
      261, 15, 259, -1,
      259, 15, 14, -1,
      259, 14, 194, -1,
      194, 14, 192, -1,
      192, 14, 18, -1,
      192, 18, 19, -1,
      192, 19, 24, -1,
      192, 24, 190, -1,
      190, 24, 26, -1,
      190, 26, 149, -1,
      149, 26, 25, -1,
      149, 25, 200, -1,
      200, 25, 23, -1,
      200, 23, 156, -1,
      156, 23, 22, -1,
      156, 22, 148, -1,
      148, 22, 28, -1,
      148, 28, 217, -1,
      217, 28, 27, -1,
      217, 27, 218, -1,
      218, 27, 21, -1,
      218, 21, 220, -1,
      220, 21, 20, -1,
      220, 20, 222, -1,
      222, 20, 4, -1,
      222, 4, 268, -1,
      4, 3, 268, -1,
      268, 3, 30, -1,
      268, 30, 269, -1,
      269, 30, 29, -1,
      269, 29, 271, -1,
      271, 29, 273, -1,
      273, 29, 36, -1,
      36, 35, 273, -1,
      273, 35, 34, -1,
      273, 34, 275, -1,
      275, 34, 32, -1,
      275, 32, 277, -1,
      277, 32, 31, -1,
      277, 31, 278, -1,
      278, 31, 33, -1,
      278, 33, 196, -1,
      196, 33, 37, -1,
      196, 37, 197, -1,
      197, 37, 38, -1,
      197, 38, 143, -1,
      38, 39, 143, -1,
      143, 39, 40, -1,
      143, 40, 144, -1,
      144, 40, 41, -1,
      144, 41, 180, -1,
      180, 41, 43, -1,
      180, 43, 258, -1,
      43, 42, 258, -1,
      258, 42, 45, -1,
      258, 45, 257, -1,
      257, 45, 44, -1,
      257, 44, 255, -1,
      85, 152, 159, -1,
      255, 44, 52, -1,
      51, 251, 52, -1,
      52, 251, 253, -1,
      52, 253, 255, -1,
      51, 50, 251, -1,
      251, 50, 49, -1,
      251, 49, 249, -1,
      249, 49, 48, -1,
      249, 48, 247, -1,
      247, 48, 47, -1,
      247, 47, 245, -1,
      245, 47, 46, -1,
      245, 46, 159, -1,
      159, 46, 84, -1,
      159, 84, 85, -1,
      153, 152, 76, -1,
      76, 152, 85, -1,
      160, 153, 57, -1,
      57, 153, 76, -1,
      112, 161, 94, -1,
      94, 161, 160, -1,
      94, 160, 57, -1,
      1, 162, 2, -1,
      2, 162, 161, -1,
      2, 161, 112, -1,
      162, 1, 0, -1,
      162, 0, 203, -1,
      203, 0, 115, -1,
      203, 115, 174, -1,
      115, 89, 174, -1,
      174, 89, 88, -1,
      174, 88, 175, -1,
      175, 88, 91, -1,
      175, 91, 176, -1,
      176, 91, 97, -1,
      176, 97, 165, -1,
      165, 97, 99, -1,
      165, 99, 167, -1,
      167, 99, 104, -1,
      167, 104, 169, -1,
      104, 106, 169, -1,
      169, 106, 118, -1,
      169, 118, 171, -1,
      171, 118, 117, -1,
      171, 117, 145, -1,
      102, 270, 272, -1,
      145, 117, 116, -1,
      145, 116, 195, -1,
      195, 116, 119, -1,
      195, 119, 276, -1,
      276, 119, 120, -1,
      276, 120, 274, -1,
      274, 120, 105, -1,
      274, 105, 272, -1,
      272, 105, 103, -1,
      272, 103, 102, -1,
      100, 223, 101, -1,
      101, 223, 270, -1,
      101, 270, 102, -1,
      98, 219, 100, -1,
      100, 219, 221, -1,
      100, 221, 223, -1,
      98, 139, 219, -1,
      219, 139, 138, -1,
      219, 138, 146, -1,
      146, 138, 137, -1,
      146, 137, 147, -1,
      147, 137, 131, -1,
      147, 131, 198, -1,
      198, 131, 130, -1,
      198, 130, 199, -1,
      199, 130, 129, -1,
      199, 129, 201, -1,
      201, 129, 127, -1,
      201, 127, 202, -1,
      202, 127, 123, -1,
      202, 123, 150, -1,
      150, 123, 126, -1,
      150, 126, 151, -1,
      151, 126, 132, -1,
      151, 132, 191, -1,
      191, 132, 134, -1,
      191, 134, 193, -1,
      193, 134, 136, -1,
      193, 136, 260, -1,
      260, 136, 135, -1,
      260, 135, 262, -1,
      111, 182, 90, -1,
      90, 182, 242, -1,
      90, 242, 128, -1,
      128, 242, 241, -1,
      128, 241, 121, -1,
      121, 241, 239, -1,
      121, 239, 122, -1,
      122, 239, 267, -1,
      122, 267, 124, -1,
      124, 267, 266, -1,
      124, 266, 125, -1,
      125, 266, 264, -1,
      125, 264, 133, -1,
      133, 264, 262, -1,
      133, 262, 135, -1,
      183, 182, 113, -1,
      113, 182, 111, -1,
      183, 113, 114, -1,
      183, 114, 185, -1,
      185, 114, 108, -1,
      185, 108, 187, -1,
      187, 108, 107, -1,
      187, 107, 204, -1,
      204, 107, 110, -1,
      204, 110, 205, -1,
      205, 110, 109, -1,
      205, 109, 207, -1,
      207, 109, 96, -1,
      207, 96, 210, -1,
      210, 96, 95, -1,
      210, 95, 211, -1,
      211, 95, 213, -1,
      213, 95, 93, -1,
      93, 92, 213, -1,
      213, 92, 73, -1,
      213, 73, 215, -1,
      215, 73, 72, -1,
      215, 72, 227, -1,
      227, 72, 87, -1,
      227, 87, 228, -1,
      228, 87, 86, -1,
      228, 86, 230, -1,
      230, 86, 81, -1,
      230, 81, 232, -1,
      232, 81, 80, -1,
      232, 80, 234, -1,
      236, 234, 79, -1,
      79, 234, 80, -1,
      236, 79, 63, -1,
      236, 63, 285, -1,
      285, 63, 62, -1,
      285, 62, 279, -1,
      279, 62, 61, -1,
      279, 61, 293, -1,
      293, 61, 56, -1,
      293, 56, 287, -1,
      287, 56, 55, -1,
      287, 55, 288, -1,
      288, 55, 60, -1,
      288, 60, 290, -1,
      290, 60, 78, -1,
      290, 78, 291, -1,
      291, 78, 77, -1,
      291, 77, 292, -1,
      292, 77, 75, -1,
      292, 75, 289, -1,
      289, 75, 74, -1,
      289, 74, 282, -1,
      282, 74, 83, -1,
      282, 83, 283, -1,
      283, 83, 82, -1,
      283, 82, 284, -1,
      284, 82, 71, -1,
      284, 71, 280, -1,
      280, 71, 70, -1,
      280, 70, 281, -1,
      281, 70, 69, -1,
      281, 69, 286, -1,
      286, 69, 68, -1,
      286, 68, 237, -1,
      237, 68, 67, -1,
      237, 67, 235, -1,
      233, 235, 66, -1,
      66, 235, 67, -1,
      233, 66, 65, -1,
      233, 65, 231, -1,
      231, 65, 59, -1,
      231, 59, 229, -1,
      229, 59, 58, -1,
      229, 58, 216, -1,
      142, 209, 53, -1,
      53, 209, 212, -1,
      53, 212, 54, -1,
      54, 212, 214, -1,
      54, 214, 64, -1,
      64, 214, 216, -1,
      64, 216, 58, -1,
      163, 294, 295, -1,
      163, 295, 155, -1,
      155, 295, 296, -1,
      155, 296, 154, -1,
      154, 296, 297, -1,
      154, 297, 177, -1,
      177, 297, 298, -1,
      177, 298, 157, -1,
      157, 298, 299, -1,
      157, 299, 158, -1,
      158, 299, 300, -1,
      158, 300, 243, -1,
      243, 300, 301, -1,
      243, 301, 244, -1,
      244, 301, 302, -1,
      244, 302, 246, -1,
      246, 302, 303, -1,
      246, 303, 248, -1,
      248, 303, 304, -1,
      248, 304, 250, -1,
      250, 304, 305, -1,
      250, 305, 252, -1,
      252, 305, 306, -1,
      252, 306, 254, -1,
      254, 306, 307, -1,
      254, 307, 256, -1,
      256, 307, 308, -1,
      256, 308, 181, -1,
      181, 308, 309, -1,
      181, 309, 179, -1,
      179, 309, 310, -1,
      179, 310, 178, -1,
      178, 310, 311, -1,
      178, 311, 224, -1,
      224, 311, 312, -1,
      224, 312, 225, -1,
      225, 312, 313, -1,
      225, 313, 226, -1,
      226, 313, 314, -1,
      226, 314, 173, -1,
      173, 314, 315, -1,
      173, 315, 172, -1,
      172, 315, 316, -1,
      172, 316, 170, -1,
      170, 316, 317, -1,
      170, 317, 168, -1,
      168, 317, 318, -1,
      168, 318, 166, -1,
      166, 318, 319, -1,
      166, 319, 164, -1,
      164, 319, 294, -1,
      164, 294, 163, -1,
    ]
  }
}

Shape {
  appearance Appearance {
    material Material {
      diffuseColor 0.2235 0.2235 0.2235
      specularColor 0.1137 0.1137 0.1137
      ambientIntensity 0.2
      transparency 0.0000
      shininess 0.5
    }
  }
  geometry IndexedFaceSet {
    ccw TRUE
    solid FALSE
    coord DEF co Coordinate {
      point [
        -0.274294 0.195776 0.354331,
        -0.272372 0.195607 0.354331,
        -0.269688 0.194769 0.354331,
        -0.267330 0.193311 0.354331,
        -0.265419 0.191341 0.354331,
        -0.264088 0.189054 0.354331,
        -0.263335 0.186465 0.354331,
        -0.263236 0.183706 0.354331,
        -0.263839 0.180955 0.354331,
        -0.265101 0.178466 0.354331,
        -0.266912 0.176390 0.354331,
        -0.269090 0.174866 0.354331,
        -0.271567 0.173910 0.354331,
        -0.274294 0.173574 0.354331,
        -0.276867 0.173878 0.354331,
        -0.279491 0.174873 0.354331,
        -0.281748 0.176457 0.354331,
        -0.283546 0.178539 0.354331,
        -0.284738 0.180898 0.354331,
        -0.285338 0.183536 0.354331,
        -0.285276 0.186313 0.354331,
        -0.284516 0.189018 0.354331,
        -0.283109 0.191420 0.354331,
        -0.281712 0.192925 0.354331,
        -0.279474 0.194486 0.354331,
        -0.276982 0.195444 0.354331,
      ]
    }
    coordIndex [
      13, 23, 22, -1,
      0, 13, 1, -1,
      1, 13, 12, -1,
      0, 25, 13, -1,
      13, 25, 24, -1,
      13, 24, 23, -1,
      10, 4, 3, -1,
      18, 17, 22, -1,
      22, 17, 16, -1,
      12, 11, 1, -1,
      1, 11, 10, -1,
      1, 10, 2, -1,
      2, 10, 3, -1,
      21, 20, 22, -1,
      22, 20, 19, -1,
      22, 19, 18, -1,
      16, 15, 22, -1,
      22, 15, 14, -1,
      22, 14, 13, -1,
      8, 7, 9, -1,
      9, 7, 6, -1,
      9, 6, 10, -1,
      10, 6, 5, -1,
      10, 5, 4, -1,
    ]
  }
}

Shape {
  appearance Appearance {
    material Material {
      diffuseColor 0.6471 0.6196 0.5882
      specularColor 0.4510 0.4353 0.4118
      ambientIntensity 0.2
      transparency 0.0000
      shininess 0.5
    }
  }
  geometry IndexedFaceSet {
    ccw TRUE
    solid FALSE
    coord DEF co Coordinate {
      point [
        0.452756 -0.334646 0.220472,
        0.452756 -0.334646 0.173228,
        0.452756 -0.255906 0.173228,
        0.452756 -0.137795 0.173228,
        0.452756 -0.255906 0.220472,
        0.452756 -0.137795 0.220472,
        0.452756 -0.059055 0.173228,
        0.452756 0.059055 0.173228,
        0.452756 -0.059055 0.220472,
        0.452756 0.059055 0.220472,
        0.452756 0.137795 0.173228,
        0.452756 0.255906 0.173228,
        0.452756 0.137795 0.220472,
        0.452756 0.255906 0.220472,
        -0.452756 -0.334646 0.173228,
        -0.452756 -0.334646 0.220472,
        -0.452756 -0.255906 0.220472,
        -0.452756 -0.137795 0.220472,
        -0.452756 -0.255906 0.173228,
        -0.452756 -0.137795 0.173228,
        -0.452756 -0.059055 0.220472,
        -0.452756 0.059055 0.220472,
        -0.452756 -0.059055 0.173228,
        -0.452756 0.059055 0.173228,
        -0.452756 0.137795 0.220472,
        -0.452756 0.255906 0.220472,
        -0.452756 0.137795 0.173228,
        -0.452756 0.255906 0.173228,
        0.452756 0.334646 0.173228,
        0.452756 0.334646 0.220472,
        -0.452756 0.334646 0.220472,
        -0.452756 0.334646 0.173228,
        -0.610236 0.334646 0.000000,
        -0.551181 0.334646 0.000000,
        -0.610236 0.255906 0.000000,
        -0.551181 0.255906 0.000000,
        -0.610236 0.334646 0.047244,
        -0.610236 0.255906 0.047244,
        -0.551181 0.334646 0.047244,
        -0.551181 0.255906 0.047244,
        -0.547500 0.334646 0.047680,
        -0.547500 0.255906 0.047680,
        -0.544023 0.334646 0.048965,
        -0.544023 0.255906 0.048965,
        -0.540943 0.334646 0.051026,
        -0.540943 0.255906 0.051026,
        -0.538430 0.334646 0.053751,
        -0.538430 0.255906 0.053751,
        -0.536623 0.334646 0.056988,
        -0.536623 0.255906 0.056988,
        -0.535622 0.334646 0.060557,
        -0.535622 0.255906 0.060557,
        -0.518927 0.334646 0.167221,
        -0.518927 0.255906 0.167221,
        -0.514926 0.255906 0.181498,
        -0.514926 0.334646 0.181498,
        -0.507700 0.255906 0.194444,
        -0.507700 0.334646 0.194444,
        -0.497646 0.255906 0.205343,
        -0.497646 0.334646 0.205343,
        -0.485325 0.255906 0.213589,
        -0.485325 0.334646 0.213589,
        -0.471417 0.255906 0.218728,
        -0.471417 0.334646 0.218728,
        -0.456693 0.255906 0.220472,
        -0.456693 0.334646 0.220472,
        -0.456693 0.334646 0.173228,
        -0.456693 0.255906 0.173228,
        -0.460374 0.334646 0.172792,
        -0.460374 0.255906 0.172792,
        -0.463851 0.334646 0.171507,
        -0.463851 0.255906 0.171507,
        -0.466931 0.334646 0.169446,
        -0.466931 0.255906 0.169446,
        -0.469444 0.334646 0.166721,
        -0.469444 0.255906 0.166721,
        -0.471251 0.334646 0.163485,
        -0.471251 0.255906 0.163485,
        -0.472252 0.334646 0.159916,
        -0.472252 0.255906 0.159916,
        -0.488947 0.334646 0.053251,
        -0.488947 0.255906 0.053251,
        -0.492948 0.255906 0.038974,
        -0.492948 0.334646 0.038974,
        -0.500174 0.255906 0.026028,
        -0.500174 0.334646 0.026028,
        -0.510228 0.255906 0.015130,
        -0.510228 0.334646 0.015130,
        -0.522549 0.255906 0.006883,
        -0.522549 0.334646 0.006883,
        -0.536457 0.255906 0.001745,
        -0.536457 0.334646 0.001745,
        -0.610236 0.137795 0.000000,
        -0.551181 0.137795 0.000000,
        -0.610236 0.059055 0.000000,
        -0.551181 0.059055 0.000000,
        -0.610236 0.137795 0.047244,
        -0.610236 0.059055 0.047244,
        -0.551181 0.137795 0.047244,
        -0.551181 0.059055 0.047244,
        -0.547500 0.137795 0.047680,
        -0.547500 0.059055 0.047680,
        -0.544023 0.137795 0.048965,
        -0.544023 0.059055 0.048965,
        -0.540943 0.137795 0.051026,
        -0.540943 0.059055 0.051026,
        -0.538430 0.137795 0.053751,
        -0.538430 0.059055 0.053751,
        -0.536623 0.137795 0.056988,
        -0.536623 0.059055 0.056988,
        -0.535622 0.137795 0.060557,
        -0.535622 0.059055 0.060557,
        -0.518927 0.137795 0.167221,
        -0.518927 0.059055 0.167221,
        -0.514926 0.059055 0.181498,
        -0.514926 0.137795 0.181498,
        -0.507700 0.059055 0.194444,
        -0.507700 0.137795 0.194444,
        -0.497646 0.059055 0.205343,
        -0.497646 0.137795 0.205343,
        -0.485325 0.059055 0.213589,
        -0.485325 0.137795 0.213589,
        -0.471417 0.059055 0.218728,
        -0.471417 0.137795 0.218728,
        -0.456693 0.059055 0.220472,
        -0.456693 0.137795 0.220472,
        -0.456693 0.137795 0.173228,
        -0.456693 0.059055 0.173228,
        -0.460374 0.137795 0.172792,
        -0.460374 0.059055 0.172792,
        -0.463851 0.137795 0.171507,
        -0.463851 0.059055 0.171507,
        -0.466931 0.137795 0.169446,
        -0.466931 0.059055 0.169446,
        -0.469444 0.137795 0.166721,
        -0.469444 0.059055 0.166721,
        -0.471251 0.137795 0.163485,
        -0.471251 0.059055 0.163485,
        -0.472252 0.137795 0.159916,
        -0.472252 0.059055 0.159916,
        -0.488947 0.137795 0.053251,
        -0.488947 0.059055 0.053251,
        -0.492948 0.059055 0.038974,
        -0.492948 0.137795 0.038974,
        -0.500174 0.059055 0.026028,
        -0.500174 0.137795 0.026028,
        -0.510228 0.059055 0.015130,
        -0.510228 0.137795 0.015130,
        -0.522549 0.059055 0.006883,
        -0.522549 0.137795 0.006883,
        -0.536457 0.059055 0.001745,
        -0.536457 0.137795 0.001745,
        -0.610236 -0.059055 0.000000,
        -0.551181 -0.059055 0.000000,
        -0.610236 -0.137795 0.000000,
        -0.551181 -0.137795 0.000000,
        -0.610236 -0.059055 0.047244,
        -0.610236 -0.137795 0.047244,
        -0.551181 -0.059055 0.047244,
        -0.551181 -0.137795 0.047244,
        -0.547500 -0.059055 0.047680,
        -0.547500 -0.137795 0.047680,
        -0.544023 -0.059055 0.048965,
        -0.544023 -0.137795 0.048965,
        -0.540943 -0.059055 0.051026,
        -0.540943 -0.137795 0.051026,
        -0.538430 -0.059055 0.053751,
        -0.538430 -0.137795 0.053751,
        -0.536623 -0.059055 0.056988,
        -0.536623 -0.137795 0.056988,
        -0.535622 -0.059055 0.060557,
        -0.535622 -0.137795 0.060557,
        -0.518927 -0.059055 0.167221,
        -0.518927 -0.137795 0.167221,
        -0.514926 -0.137795 0.181498,
        -0.514926 -0.059055 0.181498,
        -0.507700 -0.137795 0.194444,
        -0.507700 -0.059055 0.194444,
        -0.497646 -0.137795 0.205343,
        -0.497646 -0.059055 0.205343,
        -0.485325 -0.137795 0.213589,
        -0.485325 -0.059055 0.213589,
        -0.471417 -0.137795 0.218728,
        -0.471417 -0.059055 0.218728,
        -0.456693 -0.137795 0.220472,
        -0.456693 -0.059055 0.220472,
        -0.456693 -0.059055 0.173228,
        -0.456693 -0.137795 0.173228,
        -0.460374 -0.059055 0.172792,
        -0.460374 -0.137795 0.172792,
        -0.463851 -0.059055 0.171507,
        -0.463851 -0.137795 0.171507,
        -0.466931 -0.059055 0.169446,
        -0.466931 -0.137795 0.169446,
        -0.469444 -0.059055 0.166721,
        -0.469444 -0.137795 0.166721,
        -0.471251 -0.059055 0.163485,
        -0.471251 -0.137795 0.163485,
        -0.472252 -0.059055 0.159916,
        -0.472252 -0.137795 0.159916,
        -0.488947 -0.059055 0.053251,
        -0.488947 -0.137795 0.053251,
        -0.492948 -0.137795 0.038974,
        -0.492948 -0.059055 0.038974,
        -0.500174 -0.137795 0.026028,
        -0.500174 -0.059055 0.026028,
        -0.510228 -0.137795 0.015130,
        -0.510228 -0.059055 0.015130,
        -0.522549 -0.137795 0.006883,
        -0.522549 -0.059055 0.006883,
        -0.536457 -0.137795 0.001745,
        -0.536457 -0.059055 0.001745,
        -0.610236 -0.255906 0.000000,
        -0.551181 -0.255906 0.000000,
        -0.610236 -0.334646 0.000000,
        -0.551181 -0.334646 0.000000,
        -0.610236 -0.255906 0.047244,
        -0.610236 -0.334646 0.047244,
        -0.551181 -0.255906 0.047244,
        -0.551181 -0.334646 0.047244,
        -0.547500 -0.255906 0.047680,
        -0.547500 -0.334646 0.047680,
        -0.544023 -0.255906 0.048965,
        -0.544023 -0.334646 0.048965,
        -0.540943 -0.255906 0.051026,
        -0.540943 -0.334646 0.051026,
        -0.538430 -0.255906 0.053751,
        -0.538430 -0.334646 0.053751,
        -0.536623 -0.255906 0.056988,
        -0.536623 -0.334646 0.056988,
        -0.535622 -0.255906 0.060557,
        -0.535622 -0.334646 0.060557,
        -0.518927 -0.255906 0.167221,
        -0.518927 -0.334646 0.167221,
        -0.514926 -0.334646 0.181498,
        -0.514926 -0.255906 0.181498,
        -0.507700 -0.334646 0.194444,
        -0.507700 -0.255906 0.194444,
        -0.497646 -0.334646 0.205343,
        -0.497646 -0.255906 0.205343,
        -0.485325 -0.334646 0.213589,
        -0.485325 -0.255906 0.213589,
        -0.471417 -0.334646 0.218728,
        -0.471417 -0.255906 0.218728,
        -0.456693 -0.334646 0.220472,
        -0.456693 -0.255906 0.220472,
        -0.456693 -0.255906 0.173228,
        -0.456693 -0.334646 0.173228,
        -0.460374 -0.255906 0.172792,
        -0.460374 -0.334646 0.172792,
        -0.463851 -0.255906 0.171507,
        -0.463851 -0.334646 0.171507,
        -0.466931 -0.255906 0.169446,
        -0.466931 -0.334646 0.169446,
        -0.469444 -0.255906 0.166721,
        -0.469444 -0.334646 0.166721,
        -0.471251 -0.255906 0.163485,
        -0.471251 -0.334646 0.163485,
        -0.472252 -0.255906 0.159916,
        -0.472252 -0.334646 0.159916,
        -0.488947 -0.255906 0.053251,
        -0.488947 -0.334646 0.053251,
        -0.492948 -0.334646 0.038974,
        -0.492948 -0.255906 0.038974,
        -0.500174 -0.334646 0.026028,
        -0.500174 -0.255906 0.026028,
        -0.510228 -0.334646 0.015130,
        -0.510228 -0.255906 0.015130,
        -0.522549 -0.334646 0.006883,
        -0.522549 -0.255906 0.006883,
        -0.536457 -0.334646 0.001745,
        -0.536457 -0.255906 0.001745,
        0.551181 0.334646 0.000000,
        0.610236 0.334646 0.000000,
        0.551181 0.255906 0.000000,
        0.610236 0.255906 0.000000,
        0.536457 0.255906 0.001745,
        0.536457 0.334646 0.001745,
        0.522549 0.255906 0.006883,
        0.522549 0.334646 0.006883,
        0.510228 0.255906 0.015130,
        0.510228 0.334646 0.015130,
        0.500174 0.255906 0.026028,
        0.500174 0.334646 0.026028,
        0.492948 0.255906 0.038974,
        0.492948 0.334646 0.038974,
        0.488947 0.255906 0.053251,
        0.488947 0.334646 0.053251,
        0.472252 0.334646 0.159916,
        0.472252 0.255906 0.159916,
        0.471251 0.334646 0.163485,
        0.471251 0.255906 0.163485,
        0.469444 0.334646 0.166721,
        0.469444 0.255906 0.166721,
        0.466931 0.334646 0.169446,
        0.466931 0.255906 0.169446,
        0.463851 0.334646 0.171507,
        0.463851 0.255906 0.171507,
        0.460374 0.334646 0.172792,
        0.460374 0.255906 0.172792,
        0.456693 0.334646 0.173228,
        0.456693 0.255906 0.173228,
        0.456693 0.334646 0.220472,
        0.456693 0.255906 0.220472,
        0.471417 0.255906 0.218728,
        0.471417 0.334646 0.218728,
        0.485325 0.255906 0.213589,
        0.485325 0.334646 0.213589,
        0.497646 0.255906 0.205343,
        0.497646 0.334646 0.205343,
        0.507700 0.255906 0.194444,
        0.507700 0.334646 0.194444,
        0.514926 0.255906 0.181498,
        0.514926 0.334646 0.181498,
        0.518927 0.255906 0.167221,
        0.518927 0.334646 0.167221,
        0.535622 0.334646 0.060557,
        0.535622 0.255906 0.060557,
        0.536623 0.334646 0.056988,
        0.536623 0.255906 0.056988,
        0.538430 0.334646 0.053751,
        0.538430 0.255906 0.053751,
        0.540943 0.334646 0.051026,
        0.540943 0.255906 0.051026,
        0.544023 0.334646 0.048965,
        0.544023 0.255906 0.048965,
        0.547500 0.334646 0.047680,
        0.547500 0.255906 0.047680,
        0.551181 0.334646 0.047244,
        0.551181 0.255906 0.047244,
        0.610236 0.334646 0.047244,
        0.610236 0.255906 0.047244,
        0.551181 0.137795 0.000000,
        0.610236 0.137795 0.000000,
        0.551181 0.059055 0.000000,
        0.610236 0.059055 0.000000,
        0.536457 0.059055 0.001745,
        0.536457 0.137795 0.001745,
        0.522549 0.059055 0.006883,
        0.522549 0.137795 0.006883,
        0.510228 0.059055 0.015130,
        0.510228 0.137795 0.015130,
        0.500174 0.059055 0.026028,
        0.500174 0.137795 0.026028,
        0.492948 0.059055 0.038974,
        0.492948 0.137795 0.038974,
        0.488947 0.059055 0.053251,
        0.488947 0.137795 0.053251,
        0.472252 0.137795 0.159916,
        0.472252 0.059055 0.159916,
        0.471251 0.137795 0.163485,
        0.471251 0.059055 0.163485,
        0.469444 0.137795 0.166721,
        0.469444 0.059055 0.166721,
        0.466931 0.137795 0.169446,
        0.466931 0.059055 0.169446,
        0.463851 0.137795 0.171507,
        0.463851 0.059055 0.171507,
        0.460374 0.137795 0.172792,
        0.460374 0.059055 0.172792,
        0.456693 0.137795 0.173228,
        0.456693 0.059055 0.173228,
        0.456693 0.137795 0.220472,
        0.456693 0.059055 0.220472,
        0.471417 0.059055 0.218728,
        0.471417 0.137795 0.218728,
        0.485325 0.059055 0.213589,
        0.485325 0.137795 0.213589,
        0.497646 0.059055 0.205343,
        0.497646 0.137795 0.205343,
        0.507700 0.059055 0.194444,
        0.507700 0.137795 0.194444,
        0.514926 0.059055 0.181498,
        0.514926 0.137795 0.181498,
        0.518927 0.059055 0.167221,
        0.518927 0.137795 0.167221,
        0.535622 0.137795 0.060557,
        0.535622 0.059055 0.060557,
        0.536623 0.137795 0.056988,
        0.536623 0.059055 0.056988,
        0.538430 0.137795 0.053751,
        0.538430 0.059055 0.053751,
        0.540943 0.137795 0.051026,
        0.540943 0.059055 0.051026,
        0.544023 0.137795 0.048965,
        0.544023 0.059055 0.048965,
        0.547500 0.137795 0.047680,
        0.547500 0.059055 0.047680,
        0.551181 0.137795 0.047244,
        0.551181 0.059055 0.047244,
        0.610236 0.137795 0.047244,
        0.610236 0.059055 0.047244,
        0.551181 -0.059055 0.000000,
        0.610236 -0.059055 0.000000,
        0.551181 -0.137795 0.000000,
        0.610236 -0.137795 0.000000,
        0.536457 -0.137795 0.001745,
        0.536457 -0.059055 0.001745,
        0.522549 -0.137795 0.006883,
        0.522549 -0.059055 0.006883,
        0.510228 -0.137795 0.015130,
        0.510228 -0.059055 0.015130,
        0.500174 -0.137795 0.026028,
        0.500174 -0.059055 0.026028,
        0.492948 -0.137795 0.038974,
        0.492948 -0.059055 0.038974,
        0.488947 -0.137795 0.053251,
        0.488947 -0.059055 0.053251,
        0.472252 -0.059055 0.159916,
        0.472252 -0.137795 0.159916,
        0.471251 -0.059055 0.163485,
        0.471251 -0.137795 0.163485,
        0.469444 -0.059055 0.166721,
        0.469444 -0.137795 0.166721,
        0.466931 -0.059055 0.169446,
        0.466931 -0.137795 0.169446,
        0.463851 -0.059055 0.171507,
        0.463851 -0.137795 0.171507,
        0.460374 -0.059055 0.172792,
        0.460374 -0.137795 0.172792,
        0.456693 -0.059055 0.173228,
        0.456693 -0.137795 0.173228,
        0.456693 -0.059055 0.220472,
        0.456693 -0.137795 0.220472,
        0.471417 -0.137795 0.218728,
        0.471417 -0.059055 0.218728,
        0.485325 -0.137795 0.213589,
        0.485325 -0.059055 0.213589,
        0.497646 -0.137795 0.205343,
        0.497646 -0.059055 0.205343,
        0.507700 -0.137795 0.194444,
        0.507700 -0.059055 0.194444,
        0.514926 -0.137795 0.181498,
        0.514926 -0.059055 0.181498,
        0.518927 -0.137795 0.167221,
        0.518927 -0.059055 0.167221,
        0.535622 -0.059055 0.060557,
        0.535622 -0.137795 0.060557,
        0.536623 -0.059055 0.056988,
        0.536623 -0.137795 0.056988,
        0.538430 -0.059055 0.053751,
        0.538430 -0.137795 0.053751,
        0.540943 -0.059055 0.051026,
        0.540943 -0.137795 0.051026,
        0.544023 -0.059055 0.048965,
        0.544023 -0.137795 0.048965,
        0.547500 -0.059055 0.047680,
        0.547500 -0.137795 0.047680,
        0.551181 -0.059055 0.047244,
        0.551181 -0.137795 0.047244,
        0.610236 -0.059055 0.047244,
        0.610236 -0.137795 0.047244,
        0.551181 -0.255906 0.000000,
        0.610236 -0.255906 0.000000,
        0.551181 -0.334646 0.000000,
        0.610236 -0.334646 0.000000,
        0.536457 -0.334646 0.001745,
        0.536457 -0.255906 0.001745,
        0.522549 -0.334646 0.006883,
        0.522549 -0.255906 0.006883,
        0.510228 -0.334646 0.015130,
        0.510228 -0.255906 0.015130,
        0.500174 -0.334646 0.026028,
        0.500174 -0.255906 0.026028,
        0.492948 -0.334646 0.038974,
        0.492948 -0.255906 0.038974,
        0.488947 -0.334646 0.053251,
        0.488947 -0.255906 0.053251,
        0.472252 -0.255906 0.159916,
        0.472252 -0.334646 0.159916,
        0.471251 -0.255906 0.163485,
        0.471251 -0.334646 0.163485,
        0.469444 -0.255906 0.166721,
        0.469444 -0.334646 0.166721,
        0.466931 -0.255906 0.169446,
        0.466931 -0.334646 0.169446,
        0.463851 -0.255906 0.171507,
        0.463851 -0.334646 0.171507,
        0.460374 -0.255906 0.172792,
        0.460374 -0.334646 0.172792,
        0.456693 -0.255906 0.173228,
        0.456693 -0.334646 0.173228,
        0.456693 -0.255906 0.220472,
        0.456693 -0.334646 0.220472,
        0.471417 -0.334646 0.218728,
        0.471417 -0.255906 0.218728,
        0.485325 -0.334646 0.213589,
        0.485325 -0.255906 0.213589,
        0.497646 -0.334646 0.205343,
        0.497646 -0.255906 0.205343,
        0.507700 -0.334646 0.194444,
        0.507700 -0.255906 0.194444,
        0.514926 -0.334646 0.181498,
        0.514926 -0.255906 0.181498,
        0.518927 -0.334646 0.167221,
        0.518927 -0.255906 0.167221,
        0.535622 -0.255906 0.060557,
        0.535622 -0.334646 0.060557,
        0.536623 -0.255906 0.056988,
        0.536623 -0.334646 0.056988,
        0.538430 -0.255906 0.053751,
        0.538430 -0.334646 0.053751,
        0.540943 -0.255906 0.051026,
        0.540943 -0.334646 0.051026,
        0.544023 -0.255906 0.048965,
        0.544023 -0.334646 0.048965,
        0.547500 -0.255906 0.047680,
        0.547500 -0.334646 0.047680,
        0.551181 -0.255906 0.047244,
        0.551181 -0.334646 0.047244,
        0.610236 -0.255906 0.047244,
        0.610236 -0.334646 0.047244,
      ]
    }
    coordIndex [
      32, 33, 34, -1,
      34, 33, 35, -1,
      36, 32, 37, -1,
      37, 32, 34, -1,
      38, 36, 39, -1,
      39, 36, 37, -1,
      38, 39, 40, -1,
      40, 39, 41, -1,
      40, 41, 42, -1,
      42, 41, 43, -1,
      42, 43, 44, -1,
      44, 43, 45, -1,
      44, 45, 46, -1,
      46, 45, 47, -1,
      46, 47, 48, -1,
      48, 47, 49, -1,
      48, 49, 50, -1,
      50, 49, 51, -1,
      52, 50, 53, -1,
      53, 50, 51, -1,
      52, 53, 54, -1,
      52, 54, 55, -1,
      55, 54, 56, -1,
      55, 56, 57, -1,
      57, 56, 58, -1,
      57, 58, 59, -1,
      59, 58, 60, -1,
      59, 60, 61, -1,
      61, 60, 62, -1,
      61, 62, 63, -1,
      63, 62, 64, -1,
      63, 64, 65, -1,
      30, 65, 25, -1,
      25, 65, 64, -1,
      66, 31, 67, -1,
      67, 31, 27, -1,
      66, 67, 68, -1,
      68, 67, 69, -1,
      68, 69, 70, -1,
      70, 69, 71, -1,
      70, 71, 72, -1,
      72, 71, 73, -1,
      72, 73, 74, -1,
      74, 73, 75, -1,
      74, 75, 76, -1,
      76, 75, 77, -1,
      76, 77, 78, -1,
      78, 77, 79, -1,
      80, 78, 81, -1,
      81, 78, 79, -1,
      80, 81, 82, -1,
      80, 82, 83, -1,
      83, 82, 84, -1,
      83, 84, 85, -1,
      85, 84, 86, -1,
      85, 86, 87, -1,
      87, 86, 88, -1,
      87, 88, 89, -1,
      89, 88, 90, -1,
      89, 90, 91, -1,
      91, 90, 35, -1,
      91, 35, 33, -1,
      30, 31, 65, -1,
      65, 31, 66, -1,
      65, 66, 63, -1,
      63, 66, 68, -1,
      63, 68, 61, -1,
      61, 68, 70, -1,
      61, 70, 59, -1,
      59, 70, 72, -1,
      59, 72, 57, -1,
      57, 72, 74, -1,
      57, 74, 55, -1,
      55, 74, 76, -1,
      55, 76, 52, -1,
      52, 76, 78, -1,
      52, 78, 50, -1,
      50, 78, 80, -1,
      50, 80, 48, -1,
      48, 80, 83, -1,
      48, 83, 46, -1,
      46, 83, 85, -1,
      46, 85, 44, -1,
      44, 85, 87, -1,
      44, 87, 42, -1,
      42, 87, 89, -1,
      42, 89, 40, -1,
      40, 89, 91, -1,
      40, 91, 38, -1,
      38, 91, 33, -1,
      38, 33, 36, -1,
      36, 33, 32, -1,
      37, 34, 39, -1,
      39, 34, 35, -1,
      39, 35, 41, -1,
      41, 35, 90, -1,
      41, 90, 43, -1,
      43, 90, 88, -1,
      43, 88, 45, -1,
      45, 88, 86, -1,
      45, 86, 47, -1,
      47, 86, 84, -1,
      47, 84, 49, -1,
      49, 84, 82, -1,
      49, 82, 51, -1,
      51, 82, 81, -1,
      51, 81, 53, -1,
      53, 81, 79, -1,
      53, 79, 54, -1,
      54, 79, 77, -1,
      54, 77, 56, -1,
      56, 77, 75, -1,
      56, 75, 58, -1,
      58, 75, 73, -1,
      58, 73, 60, -1,
      60, 73, 71, -1,
      60, 71, 62, -1,
      62, 71, 69, -1,
      62, 69, 64, -1,
      64, 69, 67, -1,
      64, 67, 25, -1,
      25, 67, 27, -1,
      92, 93, 94, -1,
      94, 93, 95, -1,
      96, 92, 97, -1,
      97, 92, 94, -1,
      98, 96, 99, -1,
      99, 96, 97, -1,
      98, 99, 100, -1,
      100, 99, 101, -1,
      100, 101, 102, -1,
      102, 101, 103, -1,
      102, 103, 104, -1,
      104, 103, 105, -1,
      104, 105, 106, -1,
      106, 105, 107, -1,
      106, 107, 108, -1,
      108, 107, 109, -1,
      108, 109, 110, -1,
      110, 109, 111, -1,
      112, 110, 113, -1,
      113, 110, 111, -1,
      112, 113, 114, -1,
      112, 114, 115, -1,
      115, 114, 116, -1,
      115, 116, 117, -1,
      117, 116, 118, -1,
      117, 118, 119, -1,
      119, 118, 120, -1,
      119, 120, 121, -1,
      121, 120, 122, -1,
      121, 122, 123, -1,
      123, 122, 124, -1,
      123, 124, 125, -1,
      24, 125, 21, -1,
      21, 125, 124, -1,
      126, 26, 127, -1,
      127, 26, 23, -1,
      126, 127, 128, -1,
      128, 127, 129, -1,
      128, 129, 130, -1,
      130, 129, 131, -1,
      130, 131, 132, -1,
      132, 131, 133, -1,
      132, 133, 134, -1,
      134, 133, 135, -1,
      134, 135, 136, -1,
      136, 135, 137, -1,
      136, 137, 138, -1,
      138, 137, 139, -1,
      140, 138, 141, -1,
      141, 138, 139, -1,
      140, 141, 142, -1,
      140, 142, 143, -1,
      143, 142, 144, -1,
      143, 144, 145, -1,
      145, 144, 146, -1,
      145, 146, 147, -1,
      147, 146, 148, -1,
      147, 148, 149, -1,
      149, 148, 150, -1,
      149, 150, 151, -1,
      151, 150, 95, -1,
      151, 95, 93, -1,
      24, 26, 125, -1,
      125, 26, 126, -1,
      125, 126, 123, -1,
      123, 126, 128, -1,
      123, 128, 121, -1,
      121, 128, 130, -1,
      121, 130, 119, -1,
      119, 130, 132, -1,
      119, 132, 117, -1,
      117, 132, 134, -1,
      117, 134, 115, -1,
      115, 134, 136, -1,
      115, 136, 112, -1,
      112, 136, 138, -1,
      112, 138, 110, -1,
      110, 138, 140, -1,
      110, 140, 108, -1,
      108, 140, 143, -1,
      108, 143, 106, -1,
      106, 143, 145, -1,
      106, 145, 104, -1,
      104, 145, 147, -1,
      104, 147, 102, -1,
      102, 147, 149, -1,
      102, 149, 100, -1,
      100, 149, 151, -1,
      100, 151, 98, -1,
      98, 151, 93, -1,
      98, 93, 96, -1,
      96, 93, 92, -1,
      97, 94, 99, -1,
      99, 94, 95, -1,
      99, 95, 101, -1,
      101, 95, 150, -1,
      101, 150, 103, -1,
      103, 150, 148, -1,
      103, 148, 105, -1,
      105, 148, 146, -1,
      105, 146, 107, -1,
      107, 146, 144, -1,
      107, 144, 109, -1,
      109, 144, 142, -1,
      109, 142, 111, -1,
      111, 142, 141, -1,
      111, 141, 113, -1,
      113, 141, 139, -1,
      113, 139, 114, -1,
      114, 139, 137, -1,
      114, 137, 116, -1,
      116, 137, 135, -1,
      116, 135, 118, -1,
      118, 135, 133, -1,
      118, 133, 120, -1,
      120, 133, 131, -1,
      120, 131, 122, -1,
      122, 131, 129, -1,
      122, 129, 124, -1,
      124, 129, 127, -1,
      124, 127, 21, -1,
      21, 127, 23, -1,
      152, 153, 154, -1,
      154, 153, 155, -1,
      156, 152, 157, -1,
      157, 152, 154, -1,
      158, 156, 159, -1,
      159, 156, 157, -1,
      158, 159, 160, -1,
      160, 159, 161, -1,
      160, 161, 162, -1,
      162, 161, 163, -1,
      162, 163, 164, -1,
      164, 163, 165, -1,
      164, 165, 166, -1,
      166, 165, 167, -1,
      166, 167, 168, -1,
      168, 167, 169, -1,
      168, 169, 170, -1,
      170, 169, 171, -1,
      172, 170, 173, -1,
      173, 170, 171, -1,
      172, 173, 174, -1,
      172, 174, 175, -1,
      175, 174, 176, -1,
      175, 176, 177, -1,
      177, 176, 178, -1,
      177, 178, 179, -1,
      179, 178, 180, -1,
      179, 180, 181, -1,
      181, 180, 182, -1,
      181, 182, 183, -1,
      183, 182, 184, -1,
      183, 184, 185, -1,
      20, 185, 17, -1,
      17, 185, 184, -1,
      186, 22, 187, -1,
      187, 22, 19, -1,
      186, 187, 188, -1,
      188, 187, 189, -1,
      188, 189, 190, -1,
      190, 189, 191, -1,
      190, 191, 192, -1,
      192, 191, 193, -1,
      192, 193, 194, -1,
      194, 193, 195, -1,
      194, 195, 196, -1,
      196, 195, 197, -1,
      196, 197, 198, -1,
      198, 197, 199, -1,
      200, 198, 201, -1,
      201, 198, 199, -1,
      200, 201, 202, -1,
      200, 202, 203, -1,
      203, 202, 204, -1,
      203, 204, 205, -1,
      205, 204, 206, -1,
      205, 206, 207, -1,
      207, 206, 208, -1,
      207, 208, 209, -1,
      209, 208, 210, -1,
      209, 210, 211, -1,
      211, 210, 155, -1,
      211, 155, 153, -1,
      20, 22, 185, -1,
      185, 22, 186, -1,
      185, 186, 183, -1,
      183, 186, 188, -1,
      183, 188, 181, -1,
      181, 188, 190, -1,
      181, 190, 179, -1,
      179, 190, 192, -1,
      179, 192, 177, -1,
      177, 192, 194, -1,
      177, 194, 175, -1,
      175, 194, 196, -1,
      175, 196, 172, -1,
      172, 196, 198, -1,
      172, 198, 170, -1,
      170, 198, 200, -1,
      170, 200, 168, -1,
      168, 200, 203, -1,
      168, 203, 166, -1,
      166, 203, 205, -1,
      166, 205, 164, -1,
      164, 205, 207, -1,
      164, 207, 162, -1,
      162, 207, 209, -1,
      162, 209, 160, -1,
      160, 209, 211, -1,
      160, 211, 158, -1,
      158, 211, 153, -1,
      158, 153, 156, -1,
      156, 153, 152, -1,
      157, 154, 159, -1,
      159, 154, 155, -1,
      159, 155, 161, -1,
      161, 155, 210, -1,
      161, 210, 163, -1,
      163, 210, 208, -1,
      163, 208, 165, -1,
      165, 208, 206, -1,
      165, 206, 167, -1,
      167, 206, 204, -1,
      167, 204, 169, -1,
      169, 204, 202, -1,
      169, 202, 171, -1,
      171, 202, 201, -1,
      171, 201, 173, -1,
      173, 201, 199, -1,
      173, 199, 174, -1,
      174, 199, 197, -1,
      174, 197, 176, -1,
      176, 197, 195, -1,
      176, 195, 178, -1,
      178, 195, 193, -1,
      178, 193, 180, -1,
      180, 193, 191, -1,
      180, 191, 182, -1,
      182, 191, 189, -1,
      182, 189, 184, -1,
      184, 189, 187, -1,
      184, 187, 17, -1,
      17, 187, 19, -1,
      212, 213, 214, -1,
      214, 213, 215, -1,
      216, 212, 217, -1,
      217, 212, 214, -1,
      218, 216, 219, -1,
      219, 216, 217, -1,
      218, 219, 220, -1,
      220, 219, 221, -1,
      220, 221, 222, -1,
      222, 221, 223, -1,
      222, 223, 224, -1,
      224, 223, 225, -1,
      224, 225, 226, -1,
      226, 225, 227, -1,
      226, 227, 228, -1,
      228, 227, 229, -1,
      228, 229, 230, -1,
      230, 229, 231, -1,
      232, 230, 233, -1,
      233, 230, 231, -1,
      232, 233, 234, -1,
      232, 234, 235, -1,
      235, 234, 236, -1,
      235, 236, 237, -1,
      237, 236, 238, -1,
      237, 238, 239, -1,
      239, 238, 240, -1,
      239, 240, 241, -1,
      241, 240, 242, -1,
      241, 242, 243, -1,
      243, 242, 244, -1,
      243, 244, 245, -1,
      16, 245, 15, -1,
      15, 245, 244, -1,
      246, 18, 247, -1,
      247, 18, 14, -1,
      246, 247, 248, -1,
      248, 247, 249, -1,
      248, 249, 250, -1,
      250, 249, 251, -1,
      250, 251, 252, -1,
      252, 251, 253, -1,
      252, 253, 254, -1,
      254, 253, 255, -1,
      254, 255, 256, -1,
      256, 255, 257, -1,
      256, 257, 258, -1,
      258, 257, 259, -1,
      260, 258, 261, -1,
      261, 258, 259, -1,
      260, 261, 262, -1,
      260, 262, 263, -1,
      263, 262, 264, -1,
      263, 264, 265, -1,
      265, 264, 266, -1,
      265, 266, 267, -1,
      267, 266, 268, -1,
      267, 268, 269, -1,
      269, 268, 270, -1,
      269, 270, 271, -1,
      271, 270, 215, -1,
      271, 215, 213, -1,
      16, 18, 245, -1,
      245, 18, 246, -1,
      245, 246, 243, -1,
      243, 246, 248, -1,
      243, 248, 241, -1,
      241, 248, 250, -1,
      241, 250, 239, -1,
      239, 250, 252, -1,
      239, 252, 237, -1,
      237, 252, 254, -1,
      237, 254, 235, -1,
      235, 254, 256, -1,
      235, 256, 232, -1,
      232, 256, 258, -1,
      232, 258, 230, -1,
      230, 258, 260, -1,
      230, 260, 228, -1,
      228, 260, 263, -1,
      228, 263, 226, -1,
      226, 263, 265, -1,
      226, 265, 224, -1,
      224, 265, 267, -1,
      224, 267, 222, -1,
      222, 267, 269, -1,
      222, 269, 220, -1,
      220, 269, 271, -1,
      220, 271, 218, -1,
      218, 271, 213, -1,
      218, 213, 216, -1,
      216, 213, 212, -1,
      217, 214, 219, -1,
      219, 214, 215, -1,
      219, 215, 221, -1,
      221, 215, 270, -1,
      221, 270, 223, -1,
      223, 270, 268, -1,
      223, 268, 225, -1,
      225, 268, 266, -1,
      225, 266, 227, -1,
      227, 266, 264, -1,
      227, 264, 229, -1,
      229, 264, 262, -1,
      229, 262, 231, -1,
      231, 262, 261, -1,
      231, 261, 233, -1,
      233, 261, 259, -1,
      233, 259, 234, -1,
      234, 259, 257, -1,
      234, 257, 236, -1,
      236, 257, 255, -1,
      236, 255, 238, -1,
      238, 255, 253, -1,
      238, 253, 240, -1,
      240, 253, 251, -1,
      240, 251, 242, -1,
      242, 251, 249, -1,
      242, 249, 244, -1,
      244, 249, 247, -1,
      244, 247, 15, -1,
      15, 247, 14, -1,
      272, 273, 274, -1,
      274, 273, 275, -1,
      272, 274, 276, -1,
      272, 276, 277, -1,
      277, 276, 278, -1,
      277, 278, 279, -1,
      279, 278, 280, -1,
      279, 280, 281, -1,
      281, 280, 282, -1,
      281, 282, 283, -1,
      283, 282, 284, -1,
      283, 284, 285, -1,
      285, 284, 286, -1,
      285, 286, 287, -1,
      288, 287, 289, -1,
      289, 287, 286, -1,
      288, 289, 290, -1,
      290, 289, 291, -1,
      290, 291, 292, -1,
      292, 291, 293, -1,
      292, 293, 294, -1,
      294, 293, 295, -1,
      294, 295, 296, -1,
      296, 295, 297, -1,
      296, 297, 298, -1,
      298, 297, 299, -1,
      298, 299, 300, -1,
      300, 299, 301, -1,
      28, 300, 11, -1,
      11, 300, 301, -1,
      302, 29, 303, -1,
      303, 29, 13, -1,
      302, 303, 304, -1,
      302, 304, 305, -1,
      305, 304, 306, -1,
      305, 306, 307, -1,
      307, 306, 308, -1,
      307, 308, 309, -1,
      309, 308, 310, -1,
      309, 310, 311, -1,
      311, 310, 312, -1,
      311, 312, 313, -1,
      313, 312, 314, -1,
      313, 314, 315, -1,
      316, 315, 317, -1,
      317, 315, 314, -1,
      316, 317, 318, -1,
      318, 317, 319, -1,
      318, 319, 320, -1,
      320, 319, 321, -1,
      320, 321, 322, -1,
      322, 321, 323, -1,
      322, 323, 324, -1,
      324, 323, 325, -1,
      324, 325, 326, -1,
      326, 325, 327, -1,
      326, 327, 328, -1,
      328, 327, 329, -1,
      330, 328, 331, -1,
      331, 328, 329, -1,
      273, 330, 275, -1,
      275, 330, 331, -1,
      330, 273, 328, -1,
      328, 273, 272, -1,
      328, 272, 326, -1,
      326, 272, 277, -1,
      326, 277, 324, -1,
      324, 277, 279, -1,
      324, 279, 322, -1,
      322, 279, 281, -1,
      322, 281, 320, -1,
      320, 281, 283, -1,
      320, 283, 318, -1,
      318, 283, 285, -1,
      318, 285, 316, -1,
      316, 285, 287, -1,
      316, 287, 315, -1,
      315, 287, 288, -1,
      315, 288, 313, -1,
      313, 288, 290, -1,
      313, 290, 311, -1,
      311, 290, 292, -1,
      311, 292, 309, -1,
      309, 292, 294, -1,
      309, 294, 307, -1,
      307, 294, 296, -1,
      307, 296, 305, -1,
      305, 296, 298, -1,
      305, 298, 302, -1,
      302, 298, 300, -1,
      302, 300, 29, -1,
      29, 300, 28, -1,
      13, 11, 303, -1,
      303, 11, 301, -1,
      303, 301, 304, -1,
      304, 301, 299, -1,
      304, 299, 306, -1,
      306, 299, 297, -1,
      306, 297, 308, -1,
      308, 297, 295, -1,
      308, 295, 310, -1,
      310, 295, 293, -1,
      310, 293, 312, -1,
      312, 293, 291, -1,
      312, 291, 314, -1,
      314, 291, 289, -1,
      314, 289, 317, -1,
      317, 289, 286, -1,
      317, 286, 319, -1,
      319, 286, 284, -1,
      319, 284, 321, -1,
      321, 284, 282, -1,
      321, 282, 323, -1,
      323, 282, 280, -1,
      323, 280, 325, -1,
      325, 280, 278, -1,
      325, 278, 327, -1,
      327, 278, 276, -1,
      327, 276, 329, -1,
      329, 276, 274, -1,
      329, 274, 331, -1,
      331, 274, 275, -1,
      332, 333, 334, -1,
      334, 333, 335, -1,
      332, 334, 336, -1,
      332, 336, 337, -1,
      337, 336, 338, -1,
      337, 338, 339, -1,
      339, 338, 340, -1,
      339, 340, 341, -1,
      341, 340, 342, -1,
      341, 342, 343, -1,
      343, 342, 344, -1,
      343, 344, 345, -1,
      345, 344, 346, -1,
      345, 346, 347, -1,
      348, 347, 349, -1,
      349, 347, 346, -1,
      348, 349, 350, -1,
      350, 349, 351, -1,
      350, 351, 352, -1,
      352, 351, 353, -1,
      352, 353, 354, -1,
      354, 353, 355, -1,
      354, 355, 356, -1,
      356, 355, 357, -1,
      356, 357, 358, -1,
      358, 357, 359, -1,
      358, 359, 360, -1,
      360, 359, 361, -1,
      10, 360, 7, -1,
      7, 360, 361, -1,
      362, 12, 363, -1,
      363, 12, 9, -1,
      362, 363, 364, -1,
      362, 364, 365, -1,
      365, 364, 366, -1,
      365, 366, 367, -1,
      367, 366, 368, -1,
      367, 368, 369, -1,
      369, 368, 370, -1,
      369, 370, 371, -1,
      371, 370, 372, -1,
      371, 372, 373, -1,
      373, 372, 374, -1,
      373, 374, 375, -1,
      376, 375, 377, -1,
      377, 375, 374, -1,
      376, 377, 378, -1,
      378, 377, 379, -1,
      378, 379, 380, -1,
      380, 379, 381, -1,
      380, 381, 382, -1,
      382, 381, 383, -1,
      382, 383, 384, -1,
      384, 383, 385, -1,
      384, 385, 386, -1,
      386, 385, 387, -1,
      386, 387, 388, -1,
      388, 387, 389, -1,
      390, 388, 391, -1,
      391, 388, 389, -1,
      333, 390, 335, -1,
      335, 390, 391, -1,
      390, 333, 388, -1,
      388, 333, 332, -1,
      388, 332, 386, -1,
      386, 332, 337, -1,
      386, 337, 384, -1,
      384, 337, 339, -1,
      384, 339, 382, -1,
      382, 339, 341, -1,
      382, 341, 380, -1,
      380, 341, 343, -1,
      380, 343, 378, -1,
      378, 343, 345, -1,
      378, 345, 376, -1,
      376, 345, 347, -1,
      376, 347, 375, -1,
      375, 347, 348, -1,
      375, 348, 373, -1,
      373, 348, 350, -1,
      373, 350, 371, -1,
      371, 350, 352, -1,
      371, 352, 369, -1,
      369, 352, 354, -1,
      369, 354, 367, -1,
      367, 354, 356, -1,
      367, 356, 365, -1,
      365, 356, 358, -1,
      365, 358, 362, -1,
      362, 358, 360, -1,
      362, 360, 12, -1,
      12, 360, 10, -1,
      9, 7, 363, -1,
      363, 7, 361, -1,
      363, 361, 364, -1,
      364, 361, 359, -1,
      364, 359, 366, -1,
      366, 359, 357, -1,
      366, 357, 368, -1,
      368, 357, 355, -1,
      368, 355, 370, -1,
      370, 355, 353, -1,
      370, 353, 372, -1,
      372, 353, 351, -1,
      372, 351, 374, -1,
      374, 351, 349, -1,
      374, 349, 377, -1,
      377, 349, 346, -1,
      377, 346, 379, -1,
      379, 346, 344, -1,
      379, 344, 381, -1,
      381, 344, 342, -1,
      381, 342, 383, -1,
      383, 342, 340, -1,
      383, 340, 385, -1,
      385, 340, 338, -1,
      385, 338, 387, -1,
      387, 338, 336, -1,
      387, 336, 389, -1,
      389, 336, 334, -1,
      389, 334, 391, -1,
      391, 334, 335, -1,
      392, 393, 394, -1,
      394, 393, 395, -1,
      392, 394, 396, -1,
      392, 396, 397, -1,
      397, 396, 398, -1,
      397, 398, 399, -1,
      399, 398, 400, -1,
      399, 400, 401, -1,
      401, 400, 402, -1,
      401, 402, 403, -1,
      403, 402, 404, -1,
      403, 404, 405, -1,
      405, 404, 406, -1,
      405, 406, 407, -1,
      408, 407, 409, -1,
      409, 407, 406, -1,
      408, 409, 410, -1,
      410, 409, 411, -1,
      410, 411, 412, -1,
      412, 411, 413, -1,
      412, 413, 414, -1,
      414, 413, 415, -1,
      414, 415, 416, -1,
      416, 415, 417, -1,
      416, 417, 418, -1,
      418, 417, 419, -1,
      418, 419, 420, -1,
      420, 419, 421, -1,
      6, 420, 3, -1,
      3, 420, 421, -1,
      422, 8, 423, -1,
      423, 8, 5, -1,
      422, 423, 424, -1,
      422, 424, 425, -1,
      425, 424, 426, -1,
      425, 426, 427, -1,
      427, 426, 428, -1,
      427, 428, 429, -1,
      429, 428, 430, -1,
      429, 430, 431, -1,
      431, 430, 432, -1,
      431, 432, 433, -1,
      433, 432, 434, -1,
      433, 434, 435, -1,
      436, 435, 437, -1,
      437, 435, 434, -1,
      436, 437, 438, -1,
      438, 437, 439, -1,
      438, 439, 440, -1,
      440, 439, 441, -1,
      440, 441, 442, -1,
      442, 441, 443, -1,
      442, 443, 444, -1,
      444, 443, 445, -1,
      444, 445, 446, -1,
      446, 445, 447, -1,
      446, 447, 448, -1,
      448, 447, 449, -1,
      450, 448, 451, -1,
      451, 448, 449, -1,
      393, 450, 395, -1,
      395, 450, 451, -1,
      450, 393, 448, -1,
      448, 393, 392, -1,
      448, 392, 446, -1,
      446, 392, 397, -1,
      446, 397, 444, -1,
      444, 397, 399, -1,
      444, 399, 442, -1,
      442, 399, 401, -1,
      442, 401, 440, -1,
      440, 401, 403, -1,
      440, 403, 438, -1,
      438, 403, 405, -1,
      438, 405, 436, -1,
      436, 405, 407, -1,
      436, 407, 435, -1,
      435, 407, 408, -1,
      435, 408, 433, -1,
      433, 408, 410, -1,
      433, 410, 431, -1,
      431, 410, 412, -1,
      431, 412, 429, -1,
      429, 412, 414, -1,
      429, 414, 427, -1,
      427, 414, 416, -1,
      427, 416, 425, -1,
      425, 416, 418, -1,
      425, 418, 422, -1,
      422, 418, 420, -1,
      422, 420, 8, -1,
      8, 420, 6, -1,
      5, 3, 423, -1,
      423, 3, 421, -1,
      423, 421, 424, -1,
      424, 421, 419, -1,
      424, 419, 426, -1,
      426, 419, 417, -1,
      426, 417, 428, -1,
      428, 417, 415, -1,
      428, 415, 430, -1,
      430, 415, 413, -1,
      430, 413, 432, -1,
      432, 413, 411, -1,
      432, 411, 434, -1,
      434, 411, 409, -1,
      434, 409, 437, -1,
      437, 409, 406, -1,
      437, 406, 439, -1,
      439, 406, 404, -1,
      439, 404, 441, -1,
      441, 404, 402, -1,
      441, 402, 443, -1,
      443, 402, 400, -1,
      443, 400, 445, -1,
      445, 400, 398, -1,
      445, 398, 447, -1,
      447, 398, 396, -1,
      447, 396, 449, -1,
      449, 396, 394, -1,
      449, 394, 451, -1,
      451, 394, 395, -1,
      452, 453, 454, -1,
      454, 453, 455, -1,
      452, 454, 456, -1,
      452, 456, 457, -1,
      457, 456, 458, -1,
      457, 458, 459, -1,
      459, 458, 460, -1,
      459, 460, 461, -1,
      461, 460, 462, -1,
      461, 462, 463, -1,
      463, 462, 464, -1,
      463, 464, 465, -1,
      465, 464, 466, -1,
      465, 466, 467, -1,
      468, 467, 469, -1,
      469, 467, 466, -1,
      468, 469, 470, -1,
      470, 469, 471, -1,
      470, 471, 472, -1,
      472, 471, 473, -1,
      472, 473, 474, -1,
      474, 473, 475, -1,
      474, 475, 476, -1,
      476, 475, 477, -1,
      476, 477, 478, -1,
      478, 477, 479, -1,
      478, 479, 480, -1,
      480, 479, 481, -1,
      2, 480, 1, -1,
      1, 480, 481, -1,
      482, 4, 483, -1,
      483, 4, 0, -1,
      482, 483, 484, -1,
      482, 484, 485, -1,
      485, 484, 486, -1,
      485, 486, 487, -1,
      487, 486, 488, -1,
      487, 488, 489, -1,
      489, 488, 490, -1,
      489, 490, 491, -1,
      491, 490, 492, -1,
      491, 492, 493, -1,
      493, 492, 494, -1,
      493, 494, 495, -1,
      496, 495, 497, -1,
      497, 495, 494, -1,
      496, 497, 498, -1,
      498, 497, 499, -1,
      498, 499, 500, -1,
      500, 499, 501, -1,
      500, 501, 502, -1,
      502, 501, 503, -1,
      502, 503, 504, -1,
      504, 503, 505, -1,
      504, 505, 506, -1,
      506, 505, 507, -1,
      506, 507, 508, -1,
      508, 507, 509, -1,
      510, 508, 511, -1,
      511, 508, 509, -1,
      453, 510, 455, -1,
      455, 510, 511, -1,
      510, 453, 508, -1,
      508, 453, 452, -1,
      508, 452, 506, -1,
      506, 452, 457, -1,
      506, 457, 504, -1,
      504, 457, 459, -1,
      504, 459, 502, -1,
      502, 459, 461, -1,
      502, 461, 500, -1,
      500, 461, 463, -1,
      500, 463, 498, -1,
      498, 463, 465, -1,
      498, 465, 496, -1,
      496, 465, 467, -1,
      496, 467, 495, -1,
      495, 467, 468, -1,
      495, 468, 493, -1,
      493, 468, 470, -1,
      493, 470, 491, -1,
      491, 470, 472, -1,
      491, 472, 489, -1,
      489, 472, 474, -1,
      489, 474, 487, -1,
      487, 474, 476, -1,
      487, 476, 485, -1,
      485, 476, 478, -1,
      485, 478, 482, -1,
      482, 478, 480, -1,
      482, 480, 4, -1,
      4, 480, 2, -1,
      0, 1, 483, -1,
      483, 1, 481, -1,
      483, 481, 484, -1,
      484, 481, 479, -1,
      484, 479, 486, -1,
      486, 479, 477, -1,
      486, 477, 488, -1,
      488, 477, 475, -1,
      488, 475, 490, -1,
      490, 475, 473, -1,
      490, 473, 492, -1,
      492, 473, 471, -1,
      492, 471, 494, -1,
      494, 471, 469, -1,
      494, 469, 497, -1,
      497, 469, 466, -1,
      497, 466, 499, -1,
      499, 466, 464, -1,
      499, 464, 501, -1,
      501, 464, 462, -1,
      501, 462, 503, -1,
      503, 462, 460, -1,
      503, 460, 505, -1,
      505, 460, 458, -1,
      505, 458, 507, -1,
      507, 458, 456, -1,
      507, 456, 509, -1,
      509, 456, 454, -1,
      509, 454, 511, -1,
      511, 454, 455, -1,
    ]
  }
}
