#VRML V2.0 utf8

Shape {
  appearance Appearance {
    material Material {
      diffuseColor 0.2510 0.2510 0.2510
      specularColor 0.1255 0.1255 0.1255
      ambientIntensity 0.2
      transparency 0.0000
      shininess 0.5
    }
  }
  geometry IndexedFaceSet {
    ccw TRUE
    solid FALSE
    coord DEF co Coordinate {
      point [
        -0.062992 -0.029771 0.003937,
        -0.029756 -0.084505 0.003937,
        -0.062992 -0.078740 0.003937,
        -0.029756 -0.114753 0.003937,
        0.023538 -0.049363 0.003937,
        -0.020799 -0.036591 0.003937,
        0.022606 -0.042185 0.003937,
        -0.020213 -0.035533 0.003937,
        0.019757 -0.035533 0.003937,
        -0.092172 -0.431730 0.003937,
        -0.082677 -0.427796 0.003937,
        0.029660 -0.492126 0.003937,
        -0.074523 -0.421540 0.003937,
        -0.068267 -0.413386 0.003937,
        0.027680 -0.035533 0.003937,
        0.029660 -0.029771 0.003937,
        0.022887 -0.055177 0.003937,
        0.021298 -0.059574 0.003937,
        0.018493 -0.063758 0.003937,
        0.014536 -0.067308 0.003937,
        0.009969 -0.069718 0.003937,
        0.003574 -0.071280 0.003937,
        -0.000858 -0.071542 0.003937,
        -0.007246 -0.070945 0.003937,
        -0.012326 -0.069342 0.003937,
        -0.023994 -0.050690 0.003937,
        -0.019325 -0.064141 0.003937,
        -0.023383 -0.056170 0.003937,
        -0.021786 -0.060514 0.003937,
        -0.016428 -0.066887 0.003937,
        -0.023124 -0.042851 0.003937,
        -0.102362 -0.236220 0.003937,
        -0.092172 -0.234879 0.003937,
        -0.064333 -0.383511 0.003937,
        -0.082677 -0.230946 0.003937,
        -0.062992 -0.393701 0.003937,
        -0.074523 -0.224689 0.003937,
        -0.102362 -0.433071 0.003937,
        -0.196850 -0.492126 0.003937,
        -0.196850 -0.433071 0.003937,
        0.029300 -0.114753 0.003937,
        -0.064333 -0.403891 0.003937,
        -0.024641 -0.069626 0.003937,
        -0.023274 -0.084505 0.003937,
        -0.027740 -0.064814 0.003937,
        -0.029719 -0.059061 0.003937,
        0.013755 -0.076348 0.003937,
        0.019280 -0.072885 0.003937,
        0.029300 -0.106831 0.003937,
        0.024252 -0.067752 0.003937,
        -0.068267 -0.374016 0.003937,
        -0.074523 -0.365862 0.003937,
        -0.082677 -0.359605 0.003937,
        -0.064333 -0.186661 0.003937,
        -0.068267 -0.177165 0.003937,
        -0.074523 -0.169011 0.003937,
        -0.082677 -0.162755 0.003937,
        -0.026694 -0.035533 0.003937,
        -0.029279 -0.041828 0.003937,
        -0.030448 -0.050167 0.003937,
        -0.196850 -0.354331 0.003937,
        -0.196850 -0.236220 0.003937,
        -0.102362 -0.354331 0.003937,
        -0.092172 -0.355672 0.003937,
        -0.068267 -0.216535 0.003937,
        -0.064333 -0.207040 0.003937,
        -0.062992 -0.196850 0.003937,
        -0.019945 -0.074044 0.003937,
        -0.014309 -0.077165 0.003937,
        -0.023274 -0.106831 0.003937,
        0.027495 -0.062236 0.003937,
        0.029464 -0.055761 0.003937,
        0.029660 -0.053531 0.003937,
        -0.030476 -0.051782 0.003937,
        -0.196850 -0.157480 0.003937,
        -0.196850 -0.078740 0.003937,
        -0.102362 -0.157480 0.003937,
        -0.092172 -0.158822 0.003937,
        -0.008045 -0.078917 0.003937,
        -0.001342 -0.079464 0.003937,
        0.007041 -0.078617 0.003937,
        0.062992 -0.029771 0.003937,
        0.029660 -0.044211 0.003937,
        0.029532 -0.042361 0.003937,
        0.062992 -0.078740 0.003937,
        0.030020 -0.049430 0.003937,
        0.092172 -0.158822 0.003937,
        0.082677 -0.162755 0.003937,
        0.196850 -0.078740 0.003937,
        0.196850 -0.157480 0.003937,
        0.102362 -0.157480 0.003937,
        0.062992 -0.196850 0.003937,
        0.064333 -0.207040 0.003937,
        0.068267 -0.216535 0.003937,
        0.074523 -0.224689 0.003937,
        0.074523 -0.169011 0.003937,
        0.068267 -0.177165 0.003937,
        0.064333 -0.186661 0.003937,
        0.082677 -0.230946 0.003937,
        0.092172 -0.355672 0.003937,
        0.082677 -0.359605 0.003937,
        0.074523 -0.365862 0.003937,
        0.102362 -0.236220 0.003937,
        0.196850 -0.236220 0.003937,
        0.196850 -0.354331 0.003937,
        0.064333 -0.403891 0.003937,
        0.068267 -0.413386 0.003937,
        0.074523 -0.421540 0.003937,
        0.082677 -0.427796 0.003937,
        0.092172 -0.234879 0.003937,
        0.102362 -0.354331 0.003937,
        0.068267 -0.374016 0.003937,
        0.064333 -0.383511 0.003937,
        0.062992 -0.393701 0.003937,
        0.196850 -0.433071 0.003937,
        0.196850 -0.492126 0.003937,
        0.102362 -0.433071 0.003937,
        0.092172 -0.431730 0.003937,
        -0.062992 0.078740 0.003937,
        -0.196850 0.078740 0.003937,
        -0.196850 0.157480 0.003937,
        -0.029756 0.007678 0.003937,
        -0.029756 -0.024010 0.003937,
        0.029300 -0.024010 0.003937,
        0.029300 0.006238 0.003937,
        -0.029756 0.115706 0.003937,
        -0.102362 0.157480 0.003937,
        -0.007388 0.065905 0.003937,
        -0.013570 0.063785 0.003937,
        -0.029756 0.071055 0.003937,
        -0.018852 0.060398 0.003937,
        -0.023506 0.055537 0.003937,
        -0.027089 0.049371 0.003937,
        -0.013191 0.109731 0.003937,
        -0.013191 0.085335 0.003937,
        -0.029756 0.079697 0.003937,
        -0.074523 0.169011 0.003937,
        -0.029756 0.124348 0.003937,
        -0.082677 0.162755 0.003937,
        -0.092172 0.158822 0.003937,
        0.022818 -0.016088 0.003937,
        0.003373 -0.016088 0.003937,
        0.022818 0.006238 0.003937,
        0.003373 0.004798 0.003937,
        -0.003109 0.004798 0.003937,
        -0.029756 0.019201 0.003937,
        0.029300 0.019201 0.003937,
        0.028388 0.044398 0.003937,
        0.025962 0.051311 0.003937,
        0.029300 0.093380 0.003937,
        -0.068267 0.177165 0.003937,
        -0.064333 0.186661 0.003937,
        0.029300 0.101302 0.003937,
        -0.062992 0.196850 0.003937,
        0.015322 0.063043 0.003937,
        0.009561 0.065516 0.003937,
        0.003407 0.066622 0.003937,
        0.000515 0.066733 0.003937,
        -0.029117 0.042566 0.003937,
        -0.029756 0.035259 0.003937,
        -0.023274 0.007678 0.003937,
        -0.023274 -0.016088 0.003937,
        -0.003109 -0.016088 0.003937,
        0.022156 0.057161 0.003937,
        0.020024 0.059459 0.003937,
        0.029300 0.035867 0.003937,
        -0.102362 0.354331 0.003937,
        -0.092172 0.355672 0.003937,
        -0.082677 0.359605 0.003937,
        -0.074523 0.365862 0.003937,
        -0.064333 0.207040 0.003937,
        -0.068267 0.216535 0.003937,
        -0.074523 0.224689 0.003937,
        -0.082677 0.230946 0.003937,
        -0.196850 0.236220 0.003937,
        -0.196850 0.354331 0.003937,
        -0.102362 0.236220 0.003937,
        -0.092172 0.234879 0.003937,
        -0.068267 0.374016 0.003937,
        -0.064333 0.383511 0.003937,
        -0.062992 0.393701 0.003937,
        -0.064333 0.403891 0.003937,
        -0.068267 0.413386 0.003937,
        0.029660 0.492126 0.003937,
        -0.074523 0.421540 0.003937,
        -0.082677 0.427796 0.003937,
        -0.092172 0.431730 0.003937,
        -0.196850 0.492126 0.003937,
        -0.102362 0.433071 0.003937,
        -0.196850 0.433071 0.003937,
        0.062992 0.078740 0.003937,
        0.074523 0.421540 0.003937,
        0.082677 0.427796 0.003937,
        0.092172 0.431730 0.003937,
        0.196850 0.492126 0.003937,
        0.196850 0.433071 0.003937,
        0.102362 0.433071 0.003937,
        0.074523 0.365862 0.003937,
        0.074523 0.224689 0.003937,
        0.068267 0.216535 0.003937,
        0.064333 0.383511 0.003937,
        0.068267 0.374016 0.003937,
        0.062992 0.196850 0.003937,
        0.064333 0.207040 0.003937,
        0.068267 0.413386 0.003937,
        0.064333 0.403891 0.003937,
        0.062992 0.393701 0.003937,
        0.082677 0.162755 0.003937,
        0.074523 0.169011 0.003937,
        0.068267 0.177165 0.003937,
        0.082677 0.359605 0.003937,
        0.092172 0.234879 0.003937,
        0.082677 0.230946 0.003937,
        0.196850 0.157480 0.003937,
        0.196850 0.078740 0.003937,
        0.102362 0.157480 0.003937,
        0.092172 0.158822 0.003937,
        0.102362 0.354331 0.003937,
        0.196850 0.354331 0.003937,
        0.196850 0.236220 0.003937,
        0.064333 0.186661 0.003937,
        0.092172 0.355672 0.003937,
        0.102362 0.236220 0.003937,
        -0.196850 -0.078740 0.078740,
        -0.196850 -0.157480 0.078740,
        -0.196850 -0.236220 0.078740,
        -0.196850 0.354331 0.078740,
        -0.196850 0.236220 0.078740,
        -0.196850 0.157480 0.078740,
        -0.196850 0.078740 0.078740,
        -0.196850 -0.433071 0.078740,
        -0.196850 -0.492126 0.240157,
        -0.196850 -0.354331 0.078740,
        -0.196850 -0.402550 0.240157,
        -0.196850 0.492126 0.240157,
        -0.196850 0.433071 0.078740,
        -0.196850 0.340920 0.240157,
        -0.196850 0.206998 0.240157,
        -0.196850 0.116255 0.240157,
        -0.196850 -0.014819 0.240157,
        -0.196850 -0.137970 0.240157,
        -0.196850 -0.215030 0.240157,
        0.065879 -0.492126 0.240157,
        0.196850 -0.492126 0.240157,
        0.196850 -0.402550 0.240157,
        0.065326 0.166761 0.240157,
        0.065879 0.161089 0.240157,
        0.065879 0.206998 0.240157,
        0.196850 -0.014819 0.240157,
        0.065879 0.044245 0.240157,
        0.065879 -0.014819 0.240157,
        0.065305 0.038458 0.240157,
        0.061555 0.027087 0.240157,
        -0.053148 0.066497 0.240157,
        -0.049496 0.078002 0.240157,
        0.032357 0.104370 0.240157,
        0.044050 0.098174 0.240157,
        0.065879 0.116255 0.240157,
        0.053431 0.089835 0.240157,
        0.060120 0.080206 0.240157,
        0.054720 0.016460 0.240157,
        0.045075 0.007595 0.240157,
        0.033442 0.001253 0.240157,
        -0.020314 0.001398 0.240157,
        -0.031706 0.007366 0.240157,
        -0.040953 0.015436 0.240157,
        -0.047638 0.024757 0.240157,
        -0.043533 0.087827 0.240157,
        -0.034909 0.096499 0.240157,
        -0.024136 0.103189 0.240157,
        -0.052193 0.036006 0.240157,
        -0.054234 0.048859 0.240157,
        -0.054392 0.053419 0.240157,
        -0.011471 0.107423 0.240157,
        0.004709 0.109053 0.240157,
        0.018716 0.107995 0.240157,
        0.020398 -0.002291 0.240157,
        0.007499 -0.003296 0.240157,
        -0.006524 -0.002248 0.240157,
        0.064550 0.068671 0.240157,
        0.065879 0.058641 0.240157,
        0.196850 0.116255 0.240157,
        0.066546 0.053609 0.240157,
        0.066599 0.051506 0.240157,
        0.034267 -0.155943 0.240157,
        0.033471 -0.153094 0.240157,
        -0.052951 -0.180461 0.240157,
        0.047380 -0.180461 0.240157,
        0.040369 -0.170136 0.240157,
        0.065879 -0.137970 0.240157,
        0.047874 -0.153094 0.240157,
        0.054557 -0.170168 0.240157,
        0.063230 -0.184953 0.240157,
        0.065879 -0.188340 0.240157,
        0.196850 -0.137970 0.240157,
        0.066599 -0.189261 0.240157,
        0.196850 -0.215030 0.240157,
        0.066599 -0.194865 0.240157,
        0.065879 -0.215030 0.240157,
        0.065879 -0.194865 0.240157,
        -0.052951 -0.194865 0.240157,
        0.055327 -0.249048 0.240157,
        0.061030 -0.255546 0.240157,
        0.047598 -0.243707 0.240157,
        0.065879 -0.282405 0.240157,
        0.065702 -0.284093 0.240157,
        0.065879 -0.402550 0.240157,
        0.063303 -0.291004 0.240157,
        0.059415 -0.296959 0.240157,
        -0.053484 -0.264451 0.240157,
        -0.051035 -0.257628 0.240157,
        -0.047090 -0.251675 0.240157,
        -0.041736 -0.246630 0.240157,
        -0.024109 -0.309123 0.240157,
        -0.037049 -0.303503 0.240157,
        -0.044302 -0.297930 0.240157,
        -0.048930 -0.292368 0.240157,
        0.054230 -0.301811 0.240157,
        0.045666 -0.306691 0.240157,
        0.032070 -0.310791 0.240157,
        -0.052233 -0.285817 0.240157,
        -0.054045 -0.278329 0.240157,
        -0.054392 -0.272870 0.240157,
        0.003808 -0.235195 0.240157,
        0.020031 -0.236022 0.240157,
        0.035474 -0.238904 0.240157,
        -0.032550 -0.241292 0.240157,
        -0.018434 -0.237072 0.240157,
        0.001158 -0.235235 0.240157,
        0.012568 -0.312861 0.240157,
        0.006599 -0.312975 0.240157,
        -0.009026 -0.312135 0.240157,
        0.066260 -0.269941 0.240157,
        0.065879 -0.268350 0.240157,
        0.064415 -0.262231 0.240157,
        -0.001940 0.132202 0.240157,
        -0.007713 0.127640 0.240157,
        0.046074 0.127778 0.240157,
        0.033002 0.195415 0.240157,
        0.034911 0.195475 0.240157,
        0.043073 0.194417 0.240157,
        0.048726 0.192109 0.240157,
        0.053854 0.188396 0.240157,
        0.005245 0.141323 0.240157,
        0.008648 0.179439 0.240157,
        0.014860 0.187337 0.240157,
        -0.030985 0.195475 0.240157,
        0.020102 0.191480 0.240157,
        0.026100 0.194185 0.240157,
        -0.048270 0.195475 0.240157,
        -0.050080 0.191690 0.240157,
        -0.052825 0.180946 0.240157,
        0.058255 0.183324 0.240157,
        0.062070 0.176683 0.240157,
        -0.045964 0.134386 0.240157,
        -0.041698 0.129853 0.240157,
        -0.036687 0.126523 0.240157,
        -0.050206 0.141796 0.240157,
        -0.053475 0.153372 0.240157,
        -0.054392 0.165745 0.240157,
        0.012496 0.154537 0.240157,
        0.050711 0.136707 0.240157,
        0.018313 0.165515 0.240157,
        0.053124 0.146804 0.240157,
        0.053636 0.154965 0.240157,
        0.001400 0.166600 0.240157,
        -0.036291 0.186841 0.240157,
        -0.007786 0.149461 0.240157,
        -0.040561 0.173015 0.240157,
        -0.007922 0.149253 0.240157,
        -0.013848 0.124797 0.240157,
        -0.019939 0.123571 0.240157,
        -0.022501 0.123457 0.240157,
        -0.030779 0.124381 0.240157,
        0.039998 0.179271 0.240157,
        0.036464 0.179631 0.240157,
        0.052889 0.163206 0.240157,
        0.050910 0.169415 0.240157,
        0.048315 0.173838 0.240157,
        0.045676 0.176546 0.240157,
        0.031957 0.179113 0.240157,
        0.028700 0.177869 0.240157,
        0.025771 0.175872 0.240157,
        0.022594 0.172250 0.240157,
        -0.041428 0.163990 0.240157,
        -0.040767 0.155413 0.240157,
        -0.039147 0.149419 0.240157,
        -0.036808 0.145183 0.240157,
        -0.034491 0.142724 0.240157,
        -0.032149 0.141160 0.240157,
        0.043171 0.178176 0.240157,
        -0.028465 0.139800 0.240157,
        -0.023806 0.139301 0.240157,
        -0.012151 0.144172 0.240157,
        -0.019538 0.139856 0.240157,
        -0.016160 0.141202 0.240157,
        0.066599 0.153705 0.240157,
        0.066038 0.140593 0.240157,
        0.065879 0.139835 0.240157,
        0.063359 0.127778 0.240157,
        0.066599 -0.275525 0.240157,
        0.065159 -0.107002 0.240157,
        0.065159 -0.122846 0.240157,
        -0.052951 -0.122846 0.240157,
        -0.052951 -0.104054 0.240157,
        0.046434 -0.042185 0.240157,
        0.046434 -0.041713 0.240157,
        0.042495 -0.043976 0.240157,
        0.038181 -0.042117 0.240157,
        0.038737 -0.046124 0.240157,
        0.029915 -0.042185 0.240157,
        -0.052951 -0.042185 0.240157,
        -0.052951 -0.026342 0.240157,
        0.065159 -0.026342 0.240157,
        0.065159 -0.046507 0.240157,
        -0.032786 -0.107452 0.240157,
        -0.032786 -0.107767 0.240157,
        -0.028666 -0.105178 0.240157,
        -0.024225 -0.107128 0.240157,
        -0.024661 -0.102704 0.240157,
        -0.015637 -0.107002 0.240157,
        -0.029041 0.222283 0.240157,
        -0.037298 0.226361 0.240157,
        0.065879 0.340920 0.240157,
        0.065159 0.291980 0.240157,
        0.065159 0.307824 0.240157,
        -0.043854 0.231831 0.240157,
        -0.048896 0.238872 0.240157,
        -0.052149 0.246864 0.240157,
        -0.050785 0.284767 0.240157,
        -0.046904 0.291805 0.240157,
        -0.041380 0.297754 0.240157,
        -0.034753 0.302124 0.240157,
        -0.005959 0.291980 0.240157,
        -0.007085 0.234365 0.240157,
        0.065159 0.234365 0.240157,
        0.065159 0.218521 0.240157,
        -0.004519 0.218521 0.240157,
        -0.016899 0.219335 0.240157,
        -0.023985 0.305995 0.240157,
        -0.008674 0.307774 0.240157,
        -0.006274 0.307824 0.240157,
        -0.016832 0.291159 0.240157,
        -0.041400 0.264025 0.240157,
        -0.025005 0.288990 0.240157,
        -0.040263 0.272357 0.240157,
        -0.041428 0.262678 0.240157,
        -0.040754 0.255322 0.240157,
        -0.038966 0.249537 0.240157,
        -0.028895 0.238805 0.240157,
        -0.021807 0.236058 0.240157,
        -0.009885 0.234421 0.240157,
        -0.054265 0.259924 0.240157,
        -0.054392 0.264140 0.240157,
        -0.053493 0.275316 0.240157,
        -0.036268 0.244983 0.240157,
        -0.032229 0.240975 0.240157,
        -0.031127 0.285756 0.240157,
        -0.035120 0.282165 0.240157,
        -0.038238 0.277620 0.240157,
        -0.098425 0.447481 0.240157,
        -0.090271 0.441225 0.240157,
        0.065879 0.492126 0.240157,
        -0.084015 0.433071 0.240157,
        -0.080081 0.423576 0.240157,
        -0.078740 0.413386 0.240157,
        -0.080081 0.403196 0.240157,
        -0.152206 0.433071 0.240157,
        -0.145949 0.441225 0.240157,
        -0.137795 0.447481 0.240157,
        -0.137795 0.379290 0.240157,
        -0.145949 0.385547 0.240157,
        -0.152206 0.393701 0.240157,
        -0.128300 0.451414 0.240157,
        -0.118110 0.452756 0.240157,
        -0.107920 0.451414 0.240157,
        -0.084015 0.393701 0.240157,
        -0.090271 0.385547 0.240157,
        -0.098425 0.379290 0.240157,
        -0.107920 0.375357 0.240157,
        -0.118110 0.374016 0.240157,
        -0.128300 0.375357 0.240157,
        -0.156139 0.403196 0.240157,
        -0.157480 0.413386 0.240157,
        -0.156139 0.423576 0.240157,
        0.196850 0.206998 0.240157,
        0.196850 0.340920 0.240157,
        0.196850 0.492126 0.240157,
        0.196850 -0.354331 0.078740,
        0.196850 -0.236220 0.078740,
        0.196850 0.433071 0.078740,
        0.196850 0.354331 0.078740,
        0.196850 -0.433071 0.078740,
        0.196850 -0.157480 0.078740,
        0.196850 -0.078740 0.078740,
        0.196850 0.078740 0.078740,
        0.196850 0.157480 0.078740,
        0.196850 0.236220 0.078740,
        -0.078740 0.413386 0.232283,
        -0.080081 0.423576 0.232283,
        -0.084015 0.433071 0.232283,
        -0.090271 0.441225 0.232283,
        -0.098425 0.447481 0.232283,
        -0.107920 0.451414 0.232283,
        -0.118110 0.452756 0.232283,
        -0.128300 0.451414 0.232283,
        -0.137795 0.447481 0.232283,
        -0.145949 0.441225 0.232283,
        -0.152206 0.433071 0.232283,
        -0.156139 0.423576 0.232283,
        -0.157480 0.413386 0.232283,
        -0.156139 0.403196 0.232283,
        -0.152206 0.393701 0.232283,
        -0.145949 0.385547 0.232283,
        -0.137795 0.379290 0.232283,
        -0.128300 0.375357 0.232283,
        -0.118110 0.374016 0.232283,
        -0.107920 0.375357 0.232283,
        -0.098425 0.379290 0.232283,
        -0.090271 0.385547 0.232283,
        -0.084015 0.393701 0.232283,
        -0.080081 0.403196 0.232283,
        -0.118110 0.413386 0.232283,
      ]
    }
    coordIndex [
      0, 1, 2, -1,
      2, 1, 3, -1,
      4, 5, 6, -1,
      6, 5, 7, -1,
      6, 7, 8, -1,
      9, 10, 11, -1,
      11, 10, 12, -1,
      11, 12, 13, -1,
      14, 8, 15, -1,
      15, 8, 7, -1,
      15, 7, 0, -1,
      4, 16, 5, -1,
      5, 16, 17, -1,
      5, 17, 18, -1,
      18, 19, 5, -1,
      5, 19, 20, -1,
      5, 20, 21, -1,
      21, 22, 5, -1,
      5, 22, 23, -1,
      5, 23, 24, -1,
      25, 26, 27, -1,
      27, 26, 28, -1,
      24, 29, 5, -1,
      5, 29, 26, -1,
      5, 26, 30, -1,
      30, 26, 25, -1,
      31, 32, 33, -1,
      33, 32, 34, -1,
      33, 34, 35, -1,
      35, 34, 36, -1,
      9, 11, 37, -1,
      37, 11, 38, -1,
      37, 38, 39, -1,
      3, 40, 35, -1,
      35, 40, 11, -1,
      35, 11, 41, -1,
      41, 11, 13, -1,
      42, 43, 44, -1,
      44, 43, 45, -1,
      46, 47, 48, -1,
      48, 47, 49, -1,
      33, 50, 31, -1,
      31, 50, 51, -1,
      31, 51, 52, -1,
      53, 54, 3, -1,
      3, 54, 55, -1,
      3, 55, 2, -1,
      2, 55, 56, -1,
      7, 57, 0, -1,
      0, 57, 58, -1,
      0, 58, 59, -1,
      60, 61, 62, -1,
      62, 61, 31, -1,
      62, 31, 63, -1,
      63, 31, 52, -1,
      36, 64, 35, -1,
      35, 64, 65, -1,
      35, 65, 3, -1,
      3, 65, 66, -1,
      3, 66, 53, -1,
      42, 67, 43, -1,
      43, 67, 68, -1,
      43, 68, 69, -1,
      49, 70, 48, -1,
      48, 70, 71, -1,
      48, 71, 72, -1,
      43, 1, 45, -1,
      45, 1, 0, -1,
      45, 0, 73, -1,
      73, 0, 59, -1,
      74, 75, 76, -1,
      76, 75, 2, -1,
      76, 2, 77, -1,
      77, 2, 56, -1,
      68, 78, 69, -1,
      69, 78, 79, -1,
      69, 79, 48, -1,
      48, 79, 80, -1,
      48, 80, 46, -1,
      81, 82, 15, -1,
      15, 82, 83, -1,
      15, 83, 14, -1,
      84, 72, 81, -1,
      81, 72, 85, -1,
      81, 85, 82, -1,
      84, 86, 87, -1,
      88, 89, 84, -1,
      84, 89, 90, -1,
      84, 90, 86, -1,
      91, 92, 11, -1,
      11, 92, 93, -1,
      11, 93, 94, -1,
      87, 95, 84, -1,
      84, 95, 96, -1,
      84, 96, 97, -1,
      97, 91, 84, -1,
      84, 91, 11, -1,
      84, 11, 72, -1,
      72, 11, 40, -1,
      72, 40, 48, -1,
      98, 99, 94, -1,
      94, 99, 100, -1,
      94, 100, 101, -1,
      102, 103, 104, -1,
      105, 106, 11, -1,
      11, 106, 107, -1,
      11, 107, 108, -1,
      98, 109, 99, -1,
      99, 109, 102, -1,
      99, 102, 110, -1,
      110, 102, 104, -1,
      101, 111, 94, -1,
      94, 111, 112, -1,
      94, 112, 11, -1,
      11, 112, 113, -1,
      11, 113, 105, -1,
      114, 115, 116, -1,
      116, 115, 11, -1,
      116, 11, 117, -1,
      117, 11, 108, -1,
      118, 119, 120, -1,
      121, 122, 0, -1,
      0, 122, 15, -1,
      15, 122, 123, -1,
      15, 123, 124, -1,
      125, 120, 126, -1,
      127, 128, 129, -1,
      129, 128, 130, -1,
      118, 131, 132, -1,
      133, 134, 125, -1,
      125, 134, 135, -1,
      125, 135, 120, -1,
      120, 135, 129, -1,
      120, 129, 118, -1,
      118, 129, 130, -1,
      118, 130, 131, -1,
      136, 137, 138, -1,
      138, 137, 125, -1,
      138, 125, 139, -1,
      139, 125, 126, -1,
      140, 141, 142, -1,
      142, 141, 143, -1,
      144, 145, 143, -1,
      143, 145, 146, -1,
      143, 146, 142, -1,
      147, 148, 149, -1,
      136, 150, 137, -1,
      137, 150, 151, -1,
      137, 151, 152, -1,
      152, 151, 153, -1,
      154, 155, 149, -1,
      149, 155, 156, -1,
      149, 156, 129, -1,
      129, 156, 157, -1,
      129, 157, 127, -1,
      132, 158, 118, -1,
      118, 158, 159, -1,
      118, 159, 145, -1,
      0, 118, 121, -1,
      121, 118, 145, -1,
      121, 145, 160, -1,
      160, 145, 144, -1,
      160, 144, 161, -1,
      161, 144, 162, -1,
      148, 163, 149, -1,
      149, 163, 164, -1,
      149, 164, 154, -1,
      165, 15, 146, -1,
      146, 15, 124, -1,
      146, 124, 142, -1,
      166, 167, 152, -1,
      152, 167, 168, -1,
      152, 168, 169, -1,
      153, 170, 152, -1,
      152, 170, 171, -1,
      152, 171, 166, -1,
      166, 171, 172, -1,
      166, 172, 173, -1,
      174, 175, 176, -1,
      176, 175, 166, -1,
      176, 166, 177, -1,
      177, 166, 173, -1,
      169, 178, 152, -1,
      152, 178, 179, -1,
      152, 179, 180, -1,
      152, 15, 149, -1,
      149, 15, 165, -1,
      149, 165, 147, -1,
      181, 182, 183, -1,
      183, 182, 184, -1,
      184, 185, 183, -1,
      183, 185, 186, -1,
      183, 186, 187, -1,
      187, 186, 188, -1,
      187, 188, 189, -1,
      180, 181, 152, -1,
      152, 181, 183, -1,
      152, 183, 15, -1,
      15, 183, 190, -1,
      15, 190, 81, -1,
      191, 183, 192, -1,
      192, 183, 193, -1,
      194, 195, 183, -1,
      183, 195, 196, -1,
      183, 196, 193, -1,
      197, 198, 199, -1,
      200, 201, 202, -1,
      202, 201, 197, -1,
      202, 197, 203, -1,
      203, 197, 199, -1,
      191, 204, 183, -1,
      183, 204, 205, -1,
      183, 205, 206, -1,
      207, 190, 208, -1,
      208, 190, 209, -1,
      210, 211, 197, -1,
      197, 211, 212, -1,
      197, 212, 198, -1,
      213, 214, 215, -1,
      215, 214, 190, -1,
      215, 190, 216, -1,
      216, 190, 207, -1,
      217, 218, 219, -1,
      206, 200, 183, -1,
      183, 200, 202, -1,
      183, 202, 190, -1,
      190, 202, 220, -1,
      190, 220, 209, -1,
      210, 221, 211, -1,
      211, 221, 217, -1,
      211, 217, 222, -1,
      222, 217, 219, -1,
      75, 74, 223, -1,
      223, 74, 224, -1,
      225, 61, 60, -1,
      175, 174, 226, -1,
      226, 174, 227, -1,
      120, 119, 228, -1,
      228, 119, 229, -1,
      39, 38, 230, -1,
      230, 38, 231, -1,
      230, 231, 232, -1,
      232, 231, 233, -1,
      187, 189, 234, -1,
      234, 189, 235, -1,
      234, 235, 236, -1,
      236, 235, 226, -1,
      236, 226, 237, -1,
      237, 226, 227, -1,
      237, 227, 238, -1,
      238, 227, 228, -1,
      238, 228, 239, -1,
      239, 228, 229, -1,
      239, 229, 240, -1,
      240, 229, 223, -1,
      240, 223, 241, -1,
      241, 223, 224, -1,
      241, 224, 233, -1,
      233, 224, 225, -1,
      233, 225, 232, -1,
      232, 225, 60, -1,
      242, 243, 244, -1,
      245, 246, 247, -1,
      248, 249, 250, -1,
      250, 249, 251, -1,
      250, 251, 252, -1,
      253, 254, 238, -1,
      255, 256, 257, -1,
      257, 256, 258, -1,
      257, 258, 259, -1,
      252, 260, 250, -1,
      250, 260, 261, -1,
      250, 261, 262, -1,
      263, 264, 239, -1,
      239, 264, 265, -1,
      239, 265, 266, -1,
      254, 267, 238, -1,
      238, 267, 268, -1,
      238, 268, 269, -1,
      266, 270, 239, -1,
      239, 270, 271, -1,
      239, 271, 238, -1,
      238, 271, 272, -1,
      238, 272, 253, -1,
      269, 273, 238, -1,
      238, 273, 274, -1,
      238, 274, 257, -1,
      257, 274, 275, -1,
      257, 275, 255, -1,
      262, 276, 250, -1,
      250, 276, 277, -1,
      250, 277, 239, -1,
      239, 277, 278, -1,
      239, 278, 263, -1,
      259, 279, 257, -1,
      257, 279, 280, -1,
      257, 280, 281, -1,
      281, 280, 282, -1,
      281, 282, 248, -1,
      248, 282, 283, -1,
      248, 283, 249, -1,
      284, 285, 240, -1,
      286, 287, 288, -1,
      240, 285, 289, -1,
      289, 285, 290, -1,
      289, 290, 291, -1,
      291, 292, 289, -1,
      289, 292, 293, -1,
      289, 293, 294, -1,
      294, 293, 295, -1,
      294, 295, 296, -1,
      296, 295, 297, -1,
      296, 297, 298, -1,
      298, 297, 299, -1,
      298, 299, 300, -1,
      301, 302, 298, -1,
      301, 298, 303, -1,
      304, 305, 306, -1,
      306, 305, 307, -1,
      306, 307, 308, -1,
      309, 310, 241, -1,
      241, 310, 311, -1,
      241, 311, 312, -1,
      313, 314, 233, -1,
      233, 314, 315, -1,
      233, 315, 316, -1,
      308, 317, 306, -1,
      306, 317, 318, -1,
      306, 318, 319, -1,
      316, 320, 233, -1,
      233, 320, 321, -1,
      233, 321, 241, -1,
      241, 321, 322, -1,
      241, 322, 309, -1,
      323, 324, 298, -1,
      298, 324, 325, -1,
      298, 325, 303, -1,
      312, 326, 241, -1,
      241, 326, 327, -1,
      241, 327, 328, -1,
      288, 284, 286, -1,
      286, 284, 240, -1,
      286, 240, 300, -1,
      300, 240, 241, -1,
      300, 241, 298, -1,
      298, 241, 328, -1,
      298, 328, 323, -1,
      319, 329, 306, -1,
      306, 329, 330, -1,
      306, 330, 331, -1,
      332, 296, 333, -1,
      333, 296, 298, -1,
      333, 298, 334, -1,
      334, 298, 302, -1,
      335, 336, 337, -1,
      338, 339, 247, -1,
      339, 340, 247, -1,
      247, 340, 341, -1,
      247, 341, 342, -1,
      335, 337, 343, -1,
      344, 345, 346, -1,
      346, 345, 347, -1,
      346, 347, 348, -1,
      348, 338, 346, -1,
      346, 338, 247, -1,
      346, 247, 349, -1,
      349, 247, 237, -1,
      349, 237, 350, -1,
      350, 237, 351, -1,
      342, 352, 247, -1,
      247, 352, 353, -1,
      247, 353, 245, -1,
      354, 238, 355, -1,
      355, 238, 356, -1,
      354, 357, 238, -1,
      238, 357, 358, -1,
      238, 358, 237, -1,
      237, 358, 359, -1,
      237, 359, 351, -1,
      343, 337, 360, -1,
      360, 337, 361, -1,
      360, 361, 362, -1,
      362, 361, 363, -1,
      362, 363, 364, -1,
      344, 346, 365, -1,
      365, 346, 366, -1,
      365, 366, 367, -1,
      367, 366, 368, -1,
      367, 368, 369, -1,
      336, 370, 337, -1,
      337, 370, 371, -1,
      337, 371, 257, -1,
      257, 371, 372, -1,
      257, 372, 238, -1,
      238, 372, 373, -1,
      238, 373, 356, -1,
      374, 375, 376, -1,
      377, 378, 379, -1,
      376, 375, 364, -1,
      364, 375, 380, -1,
      364, 380, 381, -1,
      381, 382, 364, -1,
      364, 382, 383, -1,
      364, 383, 362, -1,
      368, 384, 369, -1,
      369, 384, 385, -1,
      369, 385, 386, -1,
      386, 387, 369, -1,
      369, 387, 388, -1,
      369, 388, 389, -1,
      377, 379, 376, -1,
      376, 379, 390, -1,
      376, 390, 374, -1,
      389, 391, 369, -1,
      369, 391, 392, -1,
      369, 392, 393, -1,
      393, 392, 394, -1,
      393, 394, 395, -1,
      396, 397, 281, -1,
      281, 397, 398, -1,
      281, 398, 257, -1,
      257, 398, 399, -1,
      257, 399, 337, -1,
      231, 306, 233, -1,
      233, 306, 331, -1,
      233, 331, 313, -1,
      231, 242, 306, -1,
      306, 242, 244, -1,
      306, 244, 304, -1,
      304, 244, 296, -1,
      304, 296, 400, -1,
      400, 296, 332, -1,
      401, 402, 289, -1,
      289, 402, 403, -1,
      289, 403, 240, -1,
      240, 403, 404, -1,
      405, 406, 407, -1,
      407, 406, 408, -1,
      407, 408, 409, -1,
      409, 408, 404, -1,
      404, 408, 410, -1,
      404, 410, 240, -1,
      240, 410, 411, -1,
      240, 411, 239, -1,
      239, 411, 412, -1,
      239, 412, 250, -1,
      250, 412, 413, -1,
      250, 413, 414, -1,
      415, 416, 417, -1,
      417, 416, 418, -1,
      417, 418, 419, -1,
      419, 418, 414, -1,
      294, 248, 289, -1,
      289, 248, 250, -1,
      289, 250, 401, -1,
      401, 250, 414, -1,
      401, 414, 420, -1,
      420, 414, 418, -1,
      421, 422, 237, -1,
      247, 423, 424, -1,
      424, 423, 425, -1,
      422, 426, 237, -1,
      237, 426, 427, -1,
      237, 427, 428, -1,
      429, 430, 236, -1,
      236, 430, 431, -1,
      236, 431, 432, -1,
      433, 434, 424, -1,
      424, 434, 435, -1,
      424, 435, 247, -1,
      435, 436, 247, -1,
      247, 436, 437, -1,
      247, 437, 237, -1,
      237, 437, 438, -1,
      237, 438, 421, -1,
      432, 439, 236, -1,
      236, 439, 440, -1,
      236, 440, 423, -1,
      423, 440, 441, -1,
      423, 441, 425, -1,
      433, 442, 443, -1,
      443, 442, 444, -1,
      443, 444, 445, -1,
      443, 446, 433, -1,
      433, 446, 447, -1,
      433, 447, 448, -1,
      449, 450, 433, -1,
      433, 450, 451, -1,
      433, 451, 434, -1,
      428, 452, 237, -1,
      237, 452, 453, -1,
      237, 453, 236, -1,
      236, 453, 454, -1,
      236, 454, 429, -1,
      448, 455, 433, -1,
      433, 455, 456, -1,
      433, 456, 449, -1,
      457, 458, 444, -1,
      444, 458, 459, -1,
      444, 459, 445, -1,
      460, 461, 462, -1,
      461, 463, 462, -1,
      462, 463, 464, -1,
      462, 464, 423, -1,
      423, 464, 465, -1,
      423, 465, 466, -1,
      467, 468, 234, -1,
      234, 468, 469, -1,
      470, 471, 236, -1,
      236, 471, 472, -1,
      469, 473, 234, -1,
      234, 473, 474, -1,
      234, 474, 462, -1,
      462, 474, 475, -1,
      462, 475, 460, -1,
      466, 476, 423, -1,
      423, 476, 477, -1,
      423, 477, 478, -1,
      478, 479, 423, -1,
      423, 479, 480, -1,
      423, 480, 236, -1,
      236, 480, 481, -1,
      236, 481, 470, -1,
      472, 482, 236, -1,
      236, 482, 483, -1,
      236, 483, 234, -1,
      234, 483, 484, -1,
      234, 484, 467, -1,
      396, 281, 246, -1,
      246, 281, 485, -1,
      246, 485, 247, -1,
      247, 485, 486, -1,
      247, 486, 423, -1,
      423, 486, 487, -1,
      423, 487, 462, -1,
      104, 103, 488, -1,
      488, 103, 489, -1,
      195, 194, 490, -1,
      490, 194, 487, -1,
      490, 487, 491, -1,
      491, 487, 486, -1,
      115, 114, 243, -1,
      243, 114, 492, -1,
      243, 492, 244, -1,
      244, 492, 296, -1,
      89, 88, 493, -1,
      493, 88, 494, -1,
      214, 213, 495, -1,
      495, 213, 496, -1,
      492, 488, 296, -1,
      296, 488, 489, -1,
      296, 489, 294, -1,
      294, 489, 493, -1,
      294, 493, 248, -1,
      248, 493, 494, -1,
      248, 494, 281, -1,
      281, 494, 495, -1,
      281, 495, 485, -1,
      485, 495, 496, -1,
      485, 496, 486, -1,
      486, 496, 497, -1,
      486, 497, 491, -1,
      491, 497, 219, -1,
      491, 219, 218, -1,
      234, 487, 187, -1,
      187, 487, 194, -1,
      243, 231, 115, -1,
      115, 231, 38, -1,
      498, 465, 499, -1,
      499, 465, 464, -1,
      499, 464, 500, -1,
      500, 464, 463, -1,
      500, 463, 501, -1,
      501, 463, 461, -1,
      501, 461, 502, -1,
      502, 461, 460, -1,
      502, 460, 503, -1,
      503, 460, 475, -1,
      503, 475, 504, -1,
      504, 475, 474, -1,
      504, 474, 505, -1,
      505, 474, 473, -1,
      505, 473, 506, -1,
      506, 473, 469, -1,
      506, 469, 507, -1,
      507, 469, 468, -1,
      507, 468, 508, -1,
      508, 468, 467, -1,
      508, 467, 509, -1,
      509, 467, 484, -1,
      509, 484, 510, -1,
      510, 484, 483, -1,
      510, 483, 511, -1,
      511, 483, 482, -1,
      511, 482, 512, -1,
      512, 482, 472, -1,
      512, 472, 513, -1,
      513, 472, 471, -1,
      513, 471, 514, -1,
      514, 471, 470, -1,
      514, 470, 515, -1,
      515, 470, 481, -1,
      515, 481, 516, -1,
      516, 481, 480, -1,
      516, 480, 517, -1,
      517, 480, 479, -1,
      517, 479, 518, -1,
      518, 479, 478, -1,
      518, 478, 519, -1,
      519, 478, 477, -1,
      519, 477, 520, -1,
      520, 477, 476, -1,
      520, 476, 521, -1,
      521, 476, 466, -1,
      521, 466, 498, -1,
      498, 466, 465, -1,
      520, 521, 522, -1,
      522, 521, 498, -1,
      522, 498, 499, -1,
      517, 518, 522, -1,
      522, 518, 519, -1,
      522, 519, 520, -1,
      514, 515, 522, -1,
      522, 515, 516, -1,
      522, 516, 517, -1,
      511, 512, 522, -1,
      522, 512, 513, -1,
      522, 513, 514, -1,
      508, 509, 522, -1,
      522, 509, 510, -1,
      522, 510, 511, -1,
      505, 506, 522, -1,
      522, 506, 507, -1,
      522, 507, 508, -1,
      502, 503, 522, -1,
      522, 503, 504, -1,
      522, 504, 505, -1,
      499, 500, 522, -1,
      522, 500, 501, -1,
      522, 501, 502, -1,
    ]
  }
}

Shape {
  appearance Appearance {
    material Material {
      diffuseColor 0.6667 0.6667 0.6667
      specularColor 0.3333 0.3333 0.3333
      ambientIntensity 0.2
      transparency 0.0000
      shininess 0.5
    }
  }
  geometry IndexedFaceSet {
    ccw TRUE
    solid FALSE
    coord DEF co Coordinate {
      point [
        0.065326 0.166761 0.240157,
        0.065879 0.161089 0.240157,
        0.065879 0.044245 0.240157,
        0.065305 0.038458 0.240157,
        0.061555 0.027087 0.240157,
        -0.053148 0.066497 0.240157,
        -0.049496 0.078002 0.240157,
        0.032357 0.104370 0.240157,
        0.044050 0.098174 0.240157,
        0.053431 0.089835 0.240157,
        0.060120 0.080206 0.240157,
        0.054720 0.016460 0.240157,
        0.045075 0.007595 0.240157,
        0.033442 0.001253 0.240157,
        -0.020314 0.001398 0.240157,
        -0.031706 0.007366 0.240157,
        -0.040953 0.015436 0.240157,
        -0.047638 0.024757 0.240157,
        -0.043533 0.087827 0.240157,
        -0.034909 0.096499 0.240157,
        -0.024136 0.103189 0.240157,
        -0.052193 0.036006 0.240157,
        -0.054234 0.048859 0.240157,
        -0.054392 0.053419 0.240157,
        -0.011471 0.107423 0.240157,
        0.004709 0.109053 0.240157,
        0.018716 0.107995 0.240157,
        0.020398 -0.002291 0.240157,
        0.007499 -0.003296 0.240157,
        -0.006524 -0.002248 0.240157,
        0.064550 0.068671 0.240157,
        0.065879 0.058641 0.240157,
        0.066546 0.053609 0.240157,
        0.066599 0.051506 0.240157,
        0.034267 -0.155943 0.240157,
        0.033471 -0.153094 0.240157,
        -0.052951 -0.180461 0.240157,
        0.047380 -0.180461 0.240157,
        0.040369 -0.170136 0.240157,
        0.047874 -0.153094 0.240157,
        0.054557 -0.170168 0.240157,
        0.063230 -0.184953 0.240157,
        0.065879 -0.188340 0.240157,
        0.066599 -0.189261 0.240157,
        0.066599 -0.194865 0.240157,
        0.065879 -0.194865 0.240157,
        -0.052951 -0.194865 0.240157,
        0.055327 -0.249048 0.240157,
        0.061030 -0.255546 0.240157,
        0.047598 -0.243707 0.240157,
        0.065879 -0.282405 0.240157,
        0.065702 -0.284093 0.240157,
        0.063303 -0.291004 0.240157,
        0.059415 -0.296959 0.240157,
        -0.053484 -0.264451 0.240157,
        -0.051035 -0.257628 0.240157,
        -0.047090 -0.251675 0.240157,
        -0.041736 -0.246630 0.240157,
        -0.024109 -0.309123 0.240157,
        -0.037049 -0.303503 0.240157,
        -0.044302 -0.297930 0.240157,
        -0.048930 -0.292368 0.240157,
        0.054230 -0.301811 0.240157,
        0.045666 -0.306691 0.240157,
        0.032070 -0.310791 0.240157,
        -0.052233 -0.285817 0.240157,
        -0.054045 -0.278329 0.240157,
        -0.054392 -0.272870 0.240157,
        0.003808 -0.235195 0.240157,
        0.020031 -0.236022 0.240157,
        0.035474 -0.238904 0.240157,
        -0.032550 -0.241292 0.240157,
        -0.018434 -0.237072 0.240157,
        0.001158 -0.235235 0.240157,
        0.012568 -0.312861 0.240157,
        0.006599 -0.312975 0.240157,
        -0.009026 -0.312135 0.240157,
        0.066260 -0.269941 0.240157,
        0.065879 -0.268350 0.240157,
        0.064415 -0.262231 0.240157,
        -0.001940 0.132202 0.240157,
        -0.007713 0.127640 0.240157,
        0.046074 0.127778 0.240157,
        0.033002 0.195415 0.240157,
        0.034911 0.195475 0.240157,
        0.043073 0.194417 0.240157,
        0.048726 0.192109 0.240157,
        0.053854 0.188396 0.240157,
        0.005245 0.141323 0.240157,
        0.008648 0.179439 0.240157,
        0.014860 0.187337 0.240157,
        -0.030985 0.195475 0.240157,
        0.020102 0.191480 0.240157,
        0.026100 0.194185 0.240157,
        -0.048270 0.195475 0.240157,
        -0.050080 0.191690 0.240157,
        -0.052825 0.180946 0.240157,
        0.058255 0.183324 0.240157,
        0.062070 0.176683 0.240157,
        -0.045964 0.134386 0.240157,
        -0.041698 0.129853 0.240157,
        -0.036687 0.126523 0.240157,
        -0.050206 0.141796 0.240157,
        -0.053475 0.153372 0.240157,
        -0.054392 0.165745 0.240157,
        0.012496 0.154537 0.240157,
        0.050711 0.136707 0.240157,
        0.018313 0.165515 0.240157,
        0.053124 0.146804 0.240157,
        0.053636 0.154965 0.240157,
        0.001400 0.166600 0.240157,
        -0.036291 0.186841 0.240157,
        -0.007786 0.149461 0.240157,
        -0.040561 0.173015 0.240157,
        -0.007922 0.149253 0.240157,
        -0.013848 0.124797 0.240157,
        -0.019939 0.123571 0.240157,
        -0.022501 0.123457 0.240157,
        -0.030779 0.124381 0.240157,
        0.039998 0.179271 0.240157,
        0.036464 0.179631 0.240157,
        0.052889 0.163206 0.240157,
        0.050910 0.169415 0.240157,
        0.048315 0.173838 0.240157,
        0.045676 0.176546 0.240157,
        0.031957 0.179113 0.240157,
        0.028700 0.177869 0.240157,
        0.025771 0.175872 0.240157,
        0.022594 0.172250 0.240157,
        -0.041428 0.163990 0.240157,
        -0.040767 0.155413 0.240157,
        -0.039147 0.149419 0.240157,
        -0.036808 0.145183 0.240157,
        -0.034491 0.142724 0.240157,
        -0.032149 0.141160 0.240157,
        0.043171 0.178176 0.240157,
        -0.028465 0.139800 0.240157,
        -0.023806 0.139301 0.240157,
        -0.012151 0.144172 0.240157,
        -0.019538 0.139856 0.240157,
        -0.016160 0.141202 0.240157,
        0.066599 0.153705 0.240157,
        0.066038 0.140593 0.240157,
        0.065879 0.139835 0.240157,
        0.063359 0.127778 0.240157,
        0.066599 -0.275525 0.240157,
        0.065159 -0.107002 0.240157,
        0.065159 -0.122846 0.240157,
        -0.052951 -0.122846 0.240157,
        -0.052951 -0.104054 0.240157,
        0.046434 -0.042185 0.240157,
        0.046434 -0.041713 0.240157,
        0.042495 -0.043976 0.240157,
        0.038181 -0.042117 0.240157,
        0.038737 -0.046124 0.240157,
        0.029915 -0.042185 0.240157,
        -0.052951 -0.042185 0.240157,
        -0.052951 -0.026342 0.240157,
        0.065159 -0.026342 0.240157,
        0.065159 -0.046507 0.240157,
        -0.032786 -0.107452 0.240157,
        -0.032786 -0.107767 0.240157,
        -0.028666 -0.105178 0.240157,
        -0.024225 -0.107128 0.240157,
        -0.024661 -0.102704 0.240157,
        -0.015637 -0.107002 0.240157,
        -0.029041 0.222283 0.240157,
        -0.037298 0.226361 0.240157,
        0.065159 0.291980 0.240157,
        0.065159 0.307824 0.240157,
        -0.043854 0.231831 0.240157,
        -0.048896 0.238872 0.240157,
        -0.052149 0.246864 0.240157,
        -0.050785 0.284767 0.240157,
        -0.046904 0.291805 0.240157,
        -0.041380 0.297754 0.240157,
        -0.034753 0.302124 0.240157,
        -0.005959 0.291980 0.240157,
        -0.007085 0.234365 0.240157,
        0.065159 0.234365 0.240157,
        0.065159 0.218521 0.240157,
        -0.004519 0.218521 0.240157,
        -0.016899 0.219335 0.240157,
        -0.023985 0.305995 0.240157,
        -0.008674 0.307774 0.240157,
        -0.006274 0.307824 0.240157,
        -0.016832 0.291159 0.240157,
        -0.041400 0.264025 0.240157,
        -0.025005 0.288990 0.240157,
        -0.040263 0.272357 0.240157,
        -0.041428 0.262678 0.240157,
        -0.040754 0.255322 0.240157,
        -0.038966 0.249537 0.240157,
        -0.028895 0.238805 0.240157,
        -0.021807 0.236058 0.240157,
        -0.009885 0.234421 0.240157,
        -0.054265 0.259924 0.240157,
        -0.054392 0.264140 0.240157,
        -0.053493 0.275316 0.240157,
        -0.036268 0.244983 0.240157,
        -0.032229 0.240975 0.240157,
        -0.031127 0.285756 0.240157,
        -0.035120 0.282165 0.240157,
        -0.038238 0.277620 0.240157,
        0.003808 -0.235195 0.236220,
        0.001158 -0.235235 0.236220,
        -0.018434 -0.237072 0.236220,
        -0.032550 -0.241292 0.236220,
        -0.041736 -0.246630 0.236220,
        -0.047090 -0.251675 0.236220,
        -0.051035 -0.257628 0.236220,
        -0.053484 -0.264451 0.236220,
        -0.054392 -0.272870 0.236220,
        0.066599 -0.275525 0.236220,
        0.066260 -0.269941 0.236220,
        0.064415 -0.262231 0.236220,
        0.061030 -0.255546 0.236220,
        0.055327 -0.249048 0.236220,
        0.047598 -0.243707 0.236220,
        0.035474 -0.238904 0.236220,
        0.020031 -0.236022 0.236220,
        0.065702 -0.284093 0.236220,
        0.063303 -0.291004 0.236220,
        0.059415 -0.296959 0.236220,
        0.054230 -0.301811 0.236220,
        0.045666 -0.306691 0.236220,
        0.032070 -0.310791 0.236220,
        0.012568 -0.312861 0.236220,
        0.006599 -0.312975 0.236220,
        -0.054045 -0.278329 0.236220,
        -0.052233 -0.285817 0.236220,
        -0.048930 -0.292368 0.236220,
        -0.044302 -0.297930 0.236220,
        -0.037049 -0.303503 0.236220,
        -0.024109 -0.309123 0.236220,
        -0.009026 -0.312135 0.236220,
        0.053636 -0.274715 0.236220,
        -0.015358 -0.295656 0.236220,
        -0.027325 -0.292496 0.236220,
        -0.033493 -0.289237 0.236220,
        -0.037159 -0.285997 0.236220,
        -0.039459 -0.282675 0.236220,
        -0.040876 -0.279009 0.236220,
        0.053043 -0.269781 0.236220,
        0.051588 -0.266034 0.236220,
        0.049201 -0.262615 0.236220,
        0.045370 -0.259281 0.236220,
        0.038596 -0.255750 0.236220,
        0.025558 -0.252451 0.236220,
        0.053414 -0.277722 0.236220,
        0.052328 -0.281432 0.236220,
        0.050485 -0.284713 0.236220,
        0.047687 -0.287679 0.236220,
        0.043285 -0.290665 0.236220,
        0.036321 -0.293512 0.236220,
        0.022387 -0.296272 0.236220,
        0.005294 -0.297131 0.236220,
        0.004396 -0.297123 0.236220,
        -0.041428 -0.274265 0.236220,
        -0.041228 -0.271294 0.236220,
        -0.040182 -0.267253 0.236220,
        -0.038308 -0.263739 0.236220,
        -0.035183 -0.260290 0.236220,
        -0.030473 -0.257129 0.236220,
        -0.023836 -0.254416 0.236220,
        -0.011387 -0.251884 0.236220,
        0.004528 -0.251039 0.236220,
        0.005477 -0.251047 0.236220,
        0.004528 -0.251039 0.240157,
        0.005477 -0.251047 0.240157,
        0.025558 -0.252451 0.240157,
        0.038596 -0.255750 0.240157,
        0.045370 -0.259281 0.240157,
        0.049201 -0.262615 0.240157,
        0.051588 -0.266034 0.240157,
        0.053043 -0.269781 0.240157,
        0.053636 -0.274715 0.240157,
        0.053414 -0.277722 0.240157,
        0.052328 -0.281432 0.240157,
        0.050485 -0.284713 0.240157,
        0.047687 -0.287679 0.240157,
        0.043285 -0.290665 0.240157,
        0.036321 -0.293512 0.240157,
        0.022387 -0.296272 0.240157,
        0.005294 -0.297131 0.240157,
        0.004396 -0.297123 0.240157,
        -0.015358 -0.295656 0.240157,
        -0.027325 -0.292496 0.240157,
        -0.033493 -0.289237 0.240157,
        -0.037159 -0.285997 0.240157,
        -0.039459 -0.282675 0.240157,
        -0.040876 -0.279009 0.240157,
        -0.041428 -0.274265 0.240157,
        -0.041228 -0.271294 0.240157,
        -0.040182 -0.267253 0.240157,
        -0.038308 -0.263739 0.240157,
        -0.035183 -0.260290 0.240157,
        -0.030473 -0.257129 0.240157,
        -0.023836 -0.254416 0.240157,
        -0.011387 -0.251884 0.240157,
        -0.052951 -0.194865 0.236220,
        -0.052951 -0.180461 0.236220,
        0.047380 -0.180461 0.236220,
        0.033471 -0.153094 0.236220,
        0.034267 -0.155943 0.236220,
        0.040369 -0.170136 0.236220,
        0.047874 -0.153094 0.236220,
        0.066599 -0.189261 0.236220,
        0.063230 -0.184953 0.236220,
        0.054557 -0.170168 0.236220,
        0.066599 -0.194865 0.236220,
        0.065159 -0.122846 0.236220,
        -0.052951 -0.122846 0.236220,
        -0.052951 -0.104054 0.236220,
        0.038737 -0.046124 0.236220,
        0.046434 -0.042185 0.236220,
        0.042495 -0.043976 0.236220,
        0.046434 -0.041713 0.236220,
        0.029915 -0.042185 0.236220,
        0.038181 -0.042117 0.236220,
        -0.052951 -0.042185 0.236220,
        -0.052951 -0.026342 0.236220,
        0.065159 -0.026342 0.236220,
        0.065159 -0.046507 0.236220,
        -0.024661 -0.102704 0.236220,
        -0.032786 -0.107452 0.236220,
        -0.028666 -0.105178 0.236220,
        -0.032786 -0.107767 0.236220,
        -0.015637 -0.107002 0.236220,
        -0.024225 -0.107128 0.236220,
        0.065159 -0.107002 0.236220,
        0.004709 0.109053 0.236220,
        -0.011471 0.107423 0.236220,
        -0.024136 0.103189 0.236220,
        -0.034909 0.096499 0.236220,
        -0.043533 0.087827 0.236220,
        -0.049496 0.078002 0.236220,
        -0.053148 0.066497 0.236220,
        -0.054392 0.053419 0.236220,
        0.066599 0.051506 0.236220,
        0.066546 0.053609 0.236220,
        0.064550 0.068671 0.236220,
        0.060120 0.080206 0.236220,
        0.053431 0.089835 0.236220,
        0.044050 0.098174 0.236220,
        0.032357 0.104370 0.236220,
        0.018716 0.107995 0.236220,
        0.065305 0.038458 0.236220,
        0.061555 0.027087 0.236220,
        0.054720 0.016460 0.236220,
        0.045075 0.007595 0.236220,
        0.033442 0.001253 0.236220,
        0.020398 -0.002291 0.236220,
        0.007499 -0.003296 0.236220,
        -0.054234 0.048859 0.236220,
        -0.052193 0.036006 0.236220,
        -0.047638 0.024757 0.236220,
        -0.040953 0.015436 0.236220,
        -0.031706 0.007366 0.236220,
        -0.020314 0.001398 0.236220,
        -0.006524 -0.002248 0.236220,
        0.053636 0.052383 0.236220,
        0.052385 0.062942 0.236220,
        0.049372 0.070874 0.236220,
        0.044498 0.077955 0.236220,
        0.036769 0.084761 0.236220,
        0.027522 0.089598 0.236220,
        0.014715 0.092705 0.236220,
        0.005991 0.093209 0.236220,
        -0.006557 0.092137 0.236220,
        -0.017631 0.088853 0.236220,
        -0.026785 0.083513 0.236220,
        -0.033402 0.077149 0.236220,
        -0.037833 0.070202 0.236220,
        -0.040592 0.061963 0.236220,
        -0.041428 0.053374 0.236220,
        -0.040317 0.042755 0.236220,
        -0.037520 0.034569 0.236220,
        -0.033109 0.027668 0.236220,
        -0.027562 0.022220 0.236220,
        -0.020011 0.017572 0.236220,
        -0.008797 0.013907 0.236220,
        0.005766 0.012548 0.236220,
        0.018291 0.013475 0.236220,
        0.030044 0.016591 0.236220,
        0.039238 0.021658 0.236220,
        0.045383 0.027441 0.236220,
        0.049699 0.034013 0.236220,
        0.052472 0.041815 0.236220,
        0.005991 0.093209 0.240157,
        0.014715 0.092705 0.240157,
        0.027522 0.089598 0.240157,
        0.036769 0.084761 0.240157,
        0.044498 0.077955 0.240157,
        0.049372 0.070874 0.240157,
        0.052385 0.062942 0.240157,
        0.053636 0.052383 0.240157,
        0.052472 0.041815 0.240157,
        0.049699 0.034013 0.240157,
        0.045383 0.027441 0.240157,
        0.039238 0.021658 0.240157,
        0.030044 0.016591 0.240157,
        0.018291 0.013475 0.240157,
        0.005766 0.012548 0.240157,
        -0.008797 0.013907 0.240157,
        -0.020011 0.017572 0.240157,
        -0.027562 0.022220 0.240157,
        -0.033109 0.027668 0.240157,
        -0.037520 0.034569 0.240157,
        -0.040317 0.042755 0.240157,
        -0.041428 0.053374 0.240157,
        -0.040592 0.061963 0.240157,
        -0.037833 0.070202 0.240157,
        -0.033402 0.077149 0.240157,
        -0.026785 0.083513 0.240157,
        -0.017631 0.088853 0.240157,
        -0.006557 0.092137 0.240157,
        -0.048270 0.195475 0.236220,
        -0.030985 0.195475 0.236220,
        -0.041428 0.163990 0.236220,
        -0.040561 0.173015 0.236220,
        -0.036291 0.186841 0.236220,
        -0.023806 0.139301 0.236220,
        -0.028465 0.139800 0.236220,
        -0.032149 0.141160 0.236220,
        -0.034491 0.142724 0.236220,
        -0.036808 0.145183 0.236220,
        -0.039147 0.149419 0.236220,
        -0.040767 0.155413 0.236220,
        0.001400 0.166600 0.236220,
        -0.007786 0.149461 0.236220,
        -0.007922 0.149253 0.236220,
        -0.012151 0.144172 0.236220,
        -0.016160 0.141202 0.236220,
        -0.019538 0.139856 0.236220,
        0.034911 0.195475 0.236220,
        0.033002 0.195415 0.236220,
        0.026100 0.194185 0.236220,
        0.020102 0.191480 0.236220,
        0.014860 0.187337 0.236220,
        0.008648 0.179439 0.236220,
        0.066599 0.153705 0.236220,
        0.065326 0.166761 0.236220,
        0.062070 0.176683 0.236220,
        0.058255 0.183324 0.236220,
        0.053854 0.188396 0.236220,
        0.048726 0.192109 0.236220,
        0.043073 0.194417 0.236220,
        0.066038 0.140593 0.236220,
        0.063359 0.127778 0.236220,
        0.046074 0.127778 0.236220,
        0.053636 0.154965 0.236220,
        0.053124 0.146804 0.236220,
        0.050711 0.136707 0.236220,
        0.036464 0.179631 0.236220,
        0.039998 0.179271 0.236220,
        0.043171 0.178176 0.236220,
        0.045676 0.176546 0.236220,
        0.048315 0.173838 0.236220,
        0.050910 0.169415 0.236220,
        0.052889 0.163206 0.236220,
        0.012496 0.154537 0.236220,
        0.018313 0.165515 0.236220,
        0.022594 0.172250 0.236220,
        0.025771 0.175872 0.236220,
        0.028700 0.177869 0.236220,
        0.031957 0.179113 0.236220,
        -0.022501 0.123457 0.236220,
        -0.019939 0.123571 0.236220,
        -0.013848 0.124797 0.236220,
        -0.007713 0.127640 0.236220,
        -0.001940 0.132202 0.236220,
        0.005245 0.141323 0.236220,
        -0.054392 0.165745 0.236220,
        -0.053475 0.153372 0.236220,
        -0.050206 0.141796 0.236220,
        -0.045964 0.134386 0.236220,
        -0.041698 0.129853 0.236220,
        -0.036687 0.126523 0.236220,
        -0.030779 0.124381 0.236220,
        -0.050080 0.191690 0.236220,
        -0.052825 0.180946 0.236220,
        0.065159 0.218521 0.236220,
        -0.004519 0.218521 0.236220,
        -0.054392 0.264140 0.236220,
        -0.054265 0.259924 0.236220,
        -0.052149 0.246864 0.236220,
        -0.048896 0.238872 0.236220,
        -0.043854 0.231831 0.236220,
        -0.037298 0.226361 0.236220,
        -0.029041 0.222283 0.236220,
        -0.016899 0.219335 0.236220,
        -0.006274 0.307824 0.236220,
        -0.008674 0.307774 0.236220,
        -0.023985 0.305995 0.236220,
        -0.034753 0.302124 0.236220,
        -0.041380 0.297754 0.236220,
        -0.046904 0.291805 0.236220,
        -0.050785 0.284767 0.236220,
        -0.053493 0.275316 0.236220,
        0.065159 0.307824 0.236220,
        0.065159 0.291980 0.236220,
        -0.005959 0.291980 0.236220,
        -0.041428 0.262678 0.236220,
        -0.041400 0.264025 0.236220,
        -0.040263 0.272357 0.236220,
        -0.038238 0.277620 0.236220,
        -0.035120 0.282165 0.236220,
        -0.031127 0.285756 0.236220,
        -0.025005 0.288990 0.236220,
        -0.016832 0.291159 0.236220,
        -0.007085 0.234365 0.236220,
        -0.009885 0.234421 0.236220,
        -0.021807 0.236058 0.236220,
        -0.028895 0.238805 0.236220,
        -0.032229 0.240975 0.236220,
        -0.036268 0.244983 0.236220,
        -0.038966 0.249537 0.236220,
        -0.040754 0.255322 0.236220,
        0.065159 0.234365 0.236220,
      ]
    }
    coordIndex [
      204, 68, 73, -1,
      204, 73, 205, -1,
      205, 73, 72, -1,
      205, 72, 206, -1,
      206, 72, 71, -1,
      206, 71, 207, -1,
      207, 71, 57, -1,
      207, 57, 208, -1,
      208, 57, 56, -1,
      208, 56, 209, -1,
      209, 56, 55, -1,
      209, 55, 210, -1,
      210, 55, 54, -1,
      210, 54, 211, -1,
      211, 54, 67, -1,
      211, 67, 212, -1,
      213, 145, 77, -1,
      213, 77, 214, -1,
      214, 77, 78, -1,
      214, 78, 215, -1,
      78, 79, 215, -1,
      215, 79, 48, -1,
      215, 48, 216, -1,
      216, 48, 47, -1,
      216, 47, 217, -1,
      217, 47, 49, -1,
      217, 49, 218, -1,
      218, 49, 70, -1,
      218, 70, 219, -1,
      219, 70, 69, -1,
      219, 69, 220, -1,
      220, 69, 68, -1,
      220, 68, 204, -1,
      145, 213, 50, -1,
      50, 213, 221, -1,
      50, 221, 51, -1,
      51, 221, 222, -1,
      51, 222, 52, -1,
      52, 222, 223, -1,
      52, 223, 53, -1,
      53, 223, 224, -1,
      53, 224, 62, -1,
      62, 224, 225, -1,
      62, 225, 63, -1,
      63, 225, 226, -1,
      63, 226, 64, -1,
      64, 226, 227, -1,
      64, 227, 74, -1,
      74, 227, 228, -1,
      74, 228, 75, -1,
      212, 67, 66, -1,
      212, 66, 229, -1,
      229, 66, 65, -1,
      229, 65, 230, -1,
      230, 65, 61, -1,
      230, 61, 231, -1,
      231, 61, 60, -1,
      231, 60, 232, -1,
      232, 60, 59, -1,
      232, 59, 233, -1,
      233, 59, 58, -1,
      233, 58, 234, -1,
      234, 58, 76, -1,
      234, 76, 235, -1,
      235, 76, 75, -1,
      235, 75, 228, -1,
      221, 213, 236, -1,
      237, 238, 233, -1,
      233, 238, 232, -1,
      232, 238, 239, -1,
      232, 239, 231, -1,
      231, 239, 240, -1,
      231, 240, 230, -1,
      230, 240, 241, -1,
      230, 241, 229, -1,
      229, 241, 242, -1,
      229, 242, 212, -1,
      236, 213, 243, -1,
      243, 213, 214, -1,
      243, 214, 244, -1,
      244, 214, 215, -1,
      244, 215, 245, -1,
      245, 215, 216, -1,
      245, 216, 246, -1,
      246, 216, 217, -1,
      246, 217, 247, -1,
      247, 217, 218, -1,
      247, 218, 248, -1,
      236, 249, 221, -1,
      221, 249, 250, -1,
      221, 250, 222, -1,
      222, 250, 251, -1,
      222, 251, 223, -1,
      223, 251, 252, -1,
      223, 252, 224, -1,
      224, 252, 253, -1,
      224, 253, 225, -1,
      225, 253, 254, -1,
      225, 254, 226, -1,
      226, 254, 255, -1,
      226, 255, 227, -1,
      227, 255, 256, -1,
      227, 256, 228, -1,
      228, 256, 257, -1,
      228, 257, 235, -1,
      235, 257, 237, -1,
      235, 237, 234, -1,
      234, 237, 233, -1,
      242, 258, 212, -1,
      212, 258, 259, -1,
      212, 259, 211, -1,
      211, 259, 260, -1,
      211, 260, 210, -1,
      210, 260, 261, -1,
      210, 261, 209, -1,
      209, 261, 262, -1,
      209, 262, 208, -1,
      208, 262, 263, -1,
      208, 263, 207, -1,
      207, 263, 264, -1,
      207, 264, 206, -1,
      206, 264, 265, -1,
      206, 265, 205, -1,
      205, 265, 266, -1,
      205, 266, 204, -1,
      204, 266, 267, -1,
      204, 267, 220, -1,
      220, 267, 248, -1,
      220, 248, 219, -1,
      219, 248, 218, -1,
      266, 268, 269, -1,
      266, 269, 267, -1,
      267, 269, 270, -1,
      267, 270, 248, -1,
      248, 270, 271, -1,
      248, 271, 247, -1,
      247, 271, 272, -1,
      247, 272, 246, -1,
      246, 272, 273, -1,
      246, 273, 245, -1,
      245, 273, 274, -1,
      245, 274, 244, -1,
      244, 274, 275, -1,
      244, 275, 243, -1,
      243, 275, 276, -1,
      243, 276, 236, -1,
      236, 276, 277, -1,
      236, 277, 249, -1,
      249, 277, 278, -1,
      249, 278, 250, -1,
      250, 278, 279, -1,
      250, 279, 251, -1,
      251, 279, 280, -1,
      251, 280, 252, -1,
      252, 280, 281, -1,
      252, 281, 253, -1,
      253, 281, 282, -1,
      253, 282, 254, -1,
      254, 282, 283, -1,
      254, 283, 255, -1,
      255, 283, 284, -1,
      255, 284, 256, -1,
      256, 284, 285, -1,
      256, 285, 257, -1,
      257, 285, 286, -1,
      257, 286, 237, -1,
      237, 286, 287, -1,
      237, 287, 238, -1,
      238, 287, 288, -1,
      238, 288, 239, -1,
      239, 288, 289, -1,
      239, 289, 240, -1,
      240, 289, 290, -1,
      240, 290, 241, -1,
      241, 290, 291, -1,
      241, 291, 242, -1,
      242, 291, 292, -1,
      242, 292, 258, -1,
      258, 292, 293, -1,
      258, 293, 259, -1,
      259, 293, 294, -1,
      259, 294, 260, -1,
      260, 294, 295, -1,
      260, 295, 261, -1,
      261, 295, 296, -1,
      261, 296, 262, -1,
      262, 296, 297, -1,
      262, 297, 263, -1,
      263, 297, 298, -1,
      263, 298, 264, -1,
      264, 298, 299, -1,
      264, 299, 265, -1,
      265, 299, 268, -1,
      265, 268, 266, -1,
      300, 301, 46, -1,
      46, 301, 36, -1,
      301, 302, 36, -1,
      36, 302, 37, -1,
      303, 35, 34, -1,
      303, 34, 304, -1,
      304, 34, 38, -1,
      304, 38, 305, -1,
      305, 38, 37, -1,
      305, 37, 302, -1,
      303, 306, 35, -1,
      35, 306, 39, -1,
      307, 43, 42, -1,
      307, 42, 308, -1,
      42, 41, 308, -1,
      308, 41, 40, -1,
      308, 40, 309, -1,
      309, 40, 39, -1,
      309, 39, 306, -1,
      307, 310, 43, -1,
      43, 310, 44, -1,
      44, 310, 45, -1,
      45, 310, 300, -1,
      45, 300, 46, -1,
      301, 300, 302, -1,
      302, 300, 310, -1,
      310, 307, 302, -1,
      302, 307, 308, -1,
      302, 308, 305, -1,
      305, 308, 309, -1,
      305, 309, 304, -1,
      304, 309, 306, -1,
      304, 306, 303, -1,
      311, 312, 147, -1,
      147, 312, 148, -1,
      312, 313, 148, -1,
      148, 313, 149, -1,
      313, 314, 149, -1,
      149, 314, 154, -1,
      315, 150, 152, -1,
      315, 152, 316, -1,
      316, 152, 154, -1,
      316, 154, 314, -1,
      315, 317, 150, -1,
      150, 317, 151, -1,
      318, 155, 153, -1,
      318, 153, 319, -1,
      319, 153, 151, -1,
      319, 151, 317, -1,
      318, 320, 155, -1,
      155, 320, 156, -1,
      320, 321, 156, -1,
      156, 321, 157, -1,
      321, 322, 157, -1,
      157, 322, 158, -1,
      322, 323, 158, -1,
      158, 323, 159, -1,
      323, 324, 159, -1,
      159, 324, 164, -1,
      325, 160, 162, -1,
      325, 162, 326, -1,
      326, 162, 164, -1,
      326, 164, 324, -1,
      325, 327, 160, -1,
      160, 327, 161, -1,
      328, 165, 163, -1,
      328, 163, 329, -1,
      329, 163, 161, -1,
      329, 161, 327, -1,
      328, 330, 165, -1,
      165, 330, 146, -1,
      330, 311, 146, -1,
      146, 311, 147, -1,
      311, 330, 312, -1,
      312, 330, 328, -1,
      321, 320, 322, -1,
      322, 320, 318, -1,
      318, 319, 322, -1,
      322, 319, 317, -1,
      322, 317, 323, -1,
      323, 317, 315, -1,
      328, 329, 312, -1,
      312, 329, 327, -1,
      312, 327, 313, -1,
      313, 327, 325, -1,
      325, 326, 313, -1,
      313, 326, 324, -1,
      313, 324, 314, -1,
      314, 324, 323, -1,
      314, 323, 316, -1,
      316, 323, 315, -1,
      331, 25, 24, -1,
      331, 24, 332, -1,
      332, 24, 20, -1,
      332, 20, 333, -1,
      333, 20, 19, -1,
      333, 19, 334, -1,
      334, 19, 18, -1,
      334, 18, 335, -1,
      335, 18, 6, -1,
      335, 6, 336, -1,
      336, 6, 5, -1,
      336, 5, 337, -1,
      337, 5, 23, -1,
      337, 23, 338, -1,
      339, 33, 32, -1,
      339, 32, 340, -1,
      340, 32, 31, -1,
      340, 31, 341, -1,
      31, 30, 341, -1,
      341, 30, 10, -1,
      341, 10, 342, -1,
      342, 10, 9, -1,
      342, 9, 343, -1,
      343, 9, 8, -1,
      343, 8, 344, -1,
      344, 8, 7, -1,
      344, 7, 345, -1,
      345, 7, 26, -1,
      345, 26, 346, -1,
      346, 26, 25, -1,
      346, 25, 331, -1,
      33, 339, 2, -1,
      2, 339, 347, -1,
      2, 347, 3, -1,
      3, 347, 348, -1,
      3, 348, 4, -1,
      4, 348, 349, -1,
      4, 349, 11, -1,
      11, 349, 350, -1,
      11, 350, 12, -1,
      12, 350, 351, -1,
      12, 351, 13, -1,
      13, 351, 352, -1,
      13, 352, 27, -1,
      27, 352, 353, -1,
      27, 353, 28, -1,
      338, 23, 22, -1,
      338, 22, 354, -1,
      354, 22, 21, -1,
      354, 21, 355, -1,
      355, 21, 17, -1,
      355, 17, 356, -1,
      356, 17, 16, -1,
      356, 16, 357, -1,
      357, 16, 15, -1,
      357, 15, 358, -1,
      358, 15, 14, -1,
      358, 14, 359, -1,
      359, 14, 29, -1,
      359, 29, 360, -1,
      360, 29, 28, -1,
      360, 28, 353, -1,
      361, 340, 362, -1,
      362, 340, 341, -1,
      362, 341, 363, -1,
      363, 341, 342, -1,
      363, 342, 364, -1,
      364, 342, 343, -1,
      364, 343, 365, -1,
      365, 343, 344, -1,
      365, 344, 366, -1,
      366, 344, 345, -1,
      366, 345, 367, -1,
      367, 345, 346, -1,
      367, 346, 368, -1,
      368, 346, 331, -1,
      368, 331, 369, -1,
      369, 331, 332, -1,
      369, 332, 370, -1,
      370, 332, 333, -1,
      370, 333, 371, -1,
      371, 333, 334, -1,
      371, 334, 372, -1,
      372, 334, 335, -1,
      372, 335, 373, -1,
      373, 335, 336, -1,
      373, 336, 374, -1,
      374, 336, 337, -1,
      374, 337, 375, -1,
      337, 338, 375, -1,
      375, 338, 354, -1,
      375, 354, 376, -1,
      376, 354, 355, -1,
      376, 355, 377, -1,
      377, 355, 356, -1,
      377, 356, 378, -1,
      378, 356, 357, -1,
      378, 357, 379, -1,
      379, 357, 358, -1,
      379, 358, 380, -1,
      380, 358, 359, -1,
      380, 359, 381, -1,
      381, 359, 360, -1,
      381, 360, 382, -1,
      382, 360, 353, -1,
      382, 353, 383, -1,
      383, 353, 352, -1,
      383, 352, 384, -1,
      384, 352, 351, -1,
      384, 351, 385, -1,
      385, 351, 350, -1,
      385, 350, 386, -1,
      386, 350, 349, -1,
      386, 349, 387, -1,
      387, 349, 348, -1,
      387, 348, 388, -1,
      388, 348, 347, -1,
      388, 347, 361, -1,
      361, 347, 339, -1,
      361, 339, 340, -1,
      368, 389, 390, -1,
      368, 390, 367, -1,
      367, 390, 391, -1,
      367, 391, 366, -1,
      366, 391, 392, -1,
      366, 392, 365, -1,
      365, 392, 393, -1,
      365, 393, 364, -1,
      364, 393, 394, -1,
      364, 394, 363, -1,
      363, 394, 395, -1,
      363, 395, 362, -1,
      362, 395, 396, -1,
      362, 396, 361, -1,
      361, 396, 397, -1,
      361, 397, 388, -1,
      388, 397, 398, -1,
      388, 398, 387, -1,
      387, 398, 399, -1,
      387, 399, 386, -1,
      386, 399, 400, -1,
      386, 400, 385, -1,
      385, 400, 401, -1,
      385, 401, 384, -1,
      384, 401, 402, -1,
      384, 402, 383, -1,
      383, 402, 403, -1,
      383, 403, 382, -1,
      382, 403, 404, -1,
      382, 404, 381, -1,
      381, 404, 405, -1,
      381, 405, 380, -1,
      380, 405, 406, -1,
      380, 406, 379, -1,
      379, 406, 407, -1,
      379, 407, 378, -1,
      378, 407, 408, -1,
      378, 408, 377, -1,
      377, 408, 409, -1,
      377, 409, 376, -1,
      376, 409, 410, -1,
      376, 410, 375, -1,
      375, 410, 411, -1,
      375, 411, 374, -1,
      374, 411, 412, -1,
      374, 412, 373, -1,
      373, 412, 413, -1,
      373, 413, 372, -1,
      372, 413, 414, -1,
      372, 414, 371, -1,
      371, 414, 415, -1,
      371, 415, 370, -1,
      370, 415, 416, -1,
      370, 416, 369, -1,
      369, 416, 389, -1,
      369, 389, 368, -1,
      417, 418, 94, -1,
      94, 418, 91, -1,
      419, 129, 113, -1,
      419, 113, 420, -1,
      420, 113, 111, -1,
      420, 111, 421, -1,
      421, 111, 91, -1,
      421, 91, 418, -1,
      422, 137, 136, -1,
      422, 136, 423, -1,
      423, 136, 134, -1,
      423, 134, 424, -1,
      424, 134, 133, -1,
      424, 133, 425, -1,
      425, 133, 132, -1,
      425, 132, 426, -1,
      426, 132, 131, -1,
      426, 131, 427, -1,
      427, 131, 130, -1,
      427, 130, 428, -1,
      428, 130, 129, -1,
      428, 129, 419, -1,
      429, 110, 112, -1,
      429, 112, 430, -1,
      430, 112, 114, -1,
      430, 114, 431, -1,
      431, 114, 138, -1,
      431, 138, 432, -1,
      432, 138, 140, -1,
      432, 140, 433, -1,
      433, 140, 139, -1,
      433, 139, 434, -1,
      434, 139, 137, -1,
      434, 137, 422, -1,
      435, 84, 83, -1,
      435, 83, 436, -1,
      436, 83, 93, -1,
      436, 93, 437, -1,
      437, 93, 92, -1,
      437, 92, 438, -1,
      438, 92, 90, -1,
      438, 90, 439, -1,
      439, 90, 89, -1,
      439, 89, 440, -1,
      440, 89, 110, -1,
      440, 110, 429, -1,
      441, 141, 442, -1,
      442, 141, 1, -1,
      1, 0, 442, -1,
      442, 0, 98, -1,
      442, 98, 443, -1,
      443, 98, 97, -1,
      443, 97, 444, -1,
      444, 97, 87, -1,
      444, 87, 445, -1,
      445, 87, 86, -1,
      445, 86, 446, -1,
      446, 86, 85, -1,
      446, 85, 447, -1,
      447, 85, 84, -1,
      447, 84, 435, -1,
      141, 441, 448, -1,
      449, 144, 143, -1,
      449, 143, 448, -1,
      448, 143, 142, -1,
      448, 142, 141, -1,
      449, 450, 144, -1,
      144, 450, 82, -1,
      451, 109, 108, -1,
      451, 108, 452, -1,
      452, 108, 106, -1,
      452, 106, 453, -1,
      453, 106, 82, -1,
      453, 82, 450, -1,
      454, 120, 119, -1,
      454, 119, 455, -1,
      455, 119, 135, -1,
      455, 135, 456, -1,
      456, 135, 124, -1,
      456, 124, 457, -1,
      457, 124, 123, -1,
      457, 123, 458, -1,
      458, 123, 122, -1,
      458, 122, 459, -1,
      459, 122, 121, -1,
      459, 121, 460, -1,
      460, 121, 109, -1,
      460, 109, 451, -1,
      461, 105, 107, -1,
      461, 107, 462, -1,
      462, 107, 128, -1,
      462, 128, 463, -1,
      463, 128, 127, -1,
      463, 127, 464, -1,
      464, 127, 126, -1,
      464, 126, 465, -1,
      465, 126, 125, -1,
      465, 125, 466, -1,
      466, 125, 120, -1,
      466, 120, 454, -1,
      467, 117, 116, -1,
      467, 116, 468, -1,
      468, 116, 115, -1,
      468, 115, 469, -1,
      469, 115, 81, -1,
      469, 81, 470, -1,
      470, 81, 80, -1,
      470, 80, 471, -1,
      471, 80, 88, -1,
      471, 88, 472, -1,
      472, 88, 105, -1,
      472, 105, 461, -1,
      473, 104, 103, -1,
      473, 103, 474, -1,
      474, 103, 102, -1,
      474, 102, 475, -1,
      475, 102, 99, -1,
      475, 99, 476, -1,
      476, 99, 100, -1,
      476, 100, 477, -1,
      477, 100, 101, -1,
      477, 101, 478, -1,
      478, 101, 118, -1,
      478, 118, 479, -1,
      479, 118, 117, -1,
      479, 117, 467, -1,
      417, 94, 95, -1,
      417, 95, 480, -1,
      480, 95, 96, -1,
      480, 96, 481, -1,
      481, 96, 104, -1,
      481, 104, 473, -1,
      453, 450, 449, -1,
      454, 436, 466, -1,
      466, 436, 437, -1,
      466, 437, 465, -1,
      465, 437, 438, -1,
      465, 438, 464, -1,
      464, 438, 439, -1,
      464, 439, 463, -1,
      463, 439, 440, -1,
      463, 440, 462, -1,
      472, 431, 471, -1,
      471, 431, 432, -1,
      471, 432, 470, -1,
      470, 432, 433, -1,
      470, 433, 469, -1,
      469, 433, 434, -1,
      469, 434, 468, -1,
      468, 434, 422, -1,
      418, 417, 421, -1,
      421, 417, 480, -1,
      421, 480, 420, -1,
      420, 480, 481, -1,
      420, 481, 419, -1,
      419, 481, 473, -1,
      419, 473, 428, -1,
      428, 473, 474, -1,
      428, 474, 427, -1,
      427, 474, 475, -1,
      427, 475, 426, -1,
      426, 475, 476, -1,
      426, 476, 425, -1,
      425, 476, 477, -1,
      425, 477, 424, -1,
      424, 477, 478, -1,
      424, 478, 423, -1,
      423, 478, 479, -1,
      423, 479, 422, -1,
      422, 479, 467, -1,
      422, 467, 468, -1,
      462, 440, 461, -1,
      461, 440, 429, -1,
      461, 429, 472, -1,
      472, 429, 430, -1,
      472, 430, 431, -1,
      453, 449, 452, -1,
      452, 449, 448, -1,
      452, 448, 451, -1,
      451, 448, 441, -1,
      451, 441, 460, -1,
      460, 441, 442, -1,
      460, 442, 459, -1,
      459, 442, 443, -1,
      459, 443, 458, -1,
      458, 443, 444, -1,
      458, 444, 457, -1,
      457, 444, 445, -1,
      457, 445, 456, -1,
      456, 445, 446, -1,
      456, 446, 455, -1,
      455, 446, 447, -1,
      455, 447, 454, -1,
      454, 447, 435, -1,
      454, 435, 436, -1,
      482, 483, 180, -1,
      180, 483, 181, -1,
      484, 197, 196, -1,
      484, 196, 485, -1,
      485, 196, 172, -1,
      485, 172, 486, -1,
      486, 172, 171, -1,
      486, 171, 487, -1,
      487, 171, 170, -1,
      487, 170, 488, -1,
      488, 170, 167, -1,
      488, 167, 489, -1,
      489, 167, 166, -1,
      489, 166, 490, -1,
      490, 166, 182, -1,
      490, 182, 491, -1,
      491, 182, 181, -1,
      491, 181, 483, -1,
      492, 185, 184, -1,
      492, 184, 493, -1,
      493, 184, 183, -1,
      493, 183, 494, -1,
      494, 183, 176, -1,
      494, 176, 495, -1,
      495, 176, 175, -1,
      495, 175, 496, -1,
      496, 175, 174, -1,
      496, 174, 497, -1,
      497, 174, 173, -1,
      497, 173, 498, -1,
      498, 173, 198, -1,
      498, 198, 499, -1,
      499, 198, 197, -1,
      499, 197, 484, -1,
      492, 500, 185, -1,
      185, 500, 169, -1,
      500, 501, 169, -1,
      169, 501, 168, -1,
      501, 502, 168, -1,
      168, 502, 177, -1,
      503, 190, 187, -1,
      503, 187, 504, -1,
      504, 187, 189, -1,
      504, 189, 505, -1,
      505, 189, 203, -1,
      505, 203, 506, -1,
      506, 203, 202, -1,
      506, 202, 507, -1,
      507, 202, 201, -1,
      507, 201, 508, -1,
      508, 201, 188, -1,
      508, 188, 509, -1,
      509, 188, 186, -1,
      509, 186, 510, -1,
      510, 186, 177, -1,
      510, 177, 502, -1,
      511, 178, 195, -1,
      511, 195, 512, -1,
      512, 195, 194, -1,
      512, 194, 513, -1,
      513, 194, 193, -1,
      513, 193, 514, -1,
      514, 193, 200, -1,
      514, 200, 515, -1,
      515, 200, 199, -1,
      515, 199, 516, -1,
      516, 199, 192, -1,
      516, 192, 517, -1,
      517, 192, 191, -1,
      517, 191, 518, -1,
      518, 191, 190, -1,
      518, 190, 503, -1,
      511, 519, 178, -1,
      178, 519, 179, -1,
      519, 482, 179, -1,
      179, 482, 180, -1,
      502, 501, 500, -1,
      482, 519, 483, -1,
      483, 519, 511, -1,
      483, 511, 491, -1,
      491, 511, 512, -1,
      491, 512, 490, -1,
      490, 512, 513, -1,
      490, 513, 489, -1,
      489, 513, 514, -1,
      489, 514, 488, -1,
      488, 514, 515, -1,
      488, 515, 487, -1,
      487, 515, 516, -1,
      487, 516, 486, -1,
      516, 517, 486, -1,
      486, 517, 518, -1,
      486, 518, 485, -1,
      485, 518, 503, -1,
      485, 503, 484, -1,
      484, 503, 504, -1,
      484, 504, 499, -1,
      499, 504, 505, -1,
      499, 505, 498, -1,
      498, 505, 506, -1,
      498, 506, 497, -1,
      497, 506, 507, -1,
      497, 507, 496, -1,
      496, 507, 508, -1,
      496, 508, 495, -1,
      495, 508, 509, -1,
      495, 509, 494, -1,
      494, 509, 510, -1,
      494, 510, 493, -1,
      493, 510, 502, -1,
      493, 502, 492, -1,
      492, 502, 500, -1,
    ]
  }
}

Shape {
  appearance Appearance {
    material Material {
      diffuseColor 0.2510 0.2510 0.2510
      specularColor 0.1255 0.1255 0.1255
      ambientIntensity 0.2
      transparency 0.0000
      shininess 0.5
    }
  }
  geometry IndexedFaceSet {
    ccw TRUE
    solid FALSE
    coord DEF co Coordinate {
      point [
        0.004528 -0.251039 0.240157,
        0.005477 -0.251047 0.240157,
        0.025558 -0.252451 0.240157,
        0.038596 -0.255750 0.240157,
        0.045370 -0.259281 0.240157,
        0.049201 -0.262615 0.240157,
        0.051588 -0.266034 0.240157,
        0.053043 -0.269781 0.240157,
        0.053636 -0.274715 0.240157,
        0.053414 -0.277722 0.240157,
        0.052328 -0.281432 0.240157,
        0.050485 -0.284713 0.240157,
        0.047687 -0.287679 0.240157,
        0.043285 -0.290665 0.240157,
        0.036321 -0.293512 0.240157,
        0.022387 -0.296272 0.240157,
        0.005294 -0.297131 0.240157,
        0.004396 -0.297123 0.240157,
        -0.015358 -0.295656 0.240157,
        -0.027325 -0.292496 0.240157,
        -0.033493 -0.289237 0.240157,
        -0.037159 -0.285997 0.240157,
        -0.039459 -0.282675 0.240157,
        -0.040876 -0.279009 0.240157,
        -0.041428 -0.274265 0.240157,
        -0.041228 -0.271294 0.240157,
        -0.040182 -0.267253 0.240157,
        -0.038308 -0.263739 0.240157,
        -0.035183 -0.260290 0.240157,
        -0.030473 -0.257129 0.240157,
        -0.023836 -0.254416 0.240157,
        -0.011387 -0.251884 0.240157,
        0.005991 0.093209 0.240157,
        0.014715 0.092705 0.240157,
        0.027522 0.089598 0.240157,
        0.036769 0.084761 0.240157,
        0.044498 0.077955 0.240157,
        0.049372 0.070874 0.240157,
        0.052385 0.062942 0.240157,
        0.053636 0.052383 0.240157,
        0.052472 0.041815 0.240157,
        0.049699 0.034013 0.240157,
        0.045383 0.027441 0.240157,
        0.039238 0.021658 0.240157,
        0.030044 0.016591 0.240157,
        0.018291 0.013475 0.240157,
        0.005766 0.012548 0.240157,
        -0.008797 0.013907 0.240157,
        -0.020011 0.017572 0.240157,
        -0.027562 0.022220 0.240157,
        -0.033109 0.027668 0.240157,
        -0.037520 0.034569 0.240157,
        -0.040317 0.042755 0.240157,
        -0.041428 0.053374 0.240157,
        -0.040592 0.061963 0.240157,
        -0.037833 0.070202 0.240157,
        -0.033402 0.077149 0.240157,
        -0.026785 0.083513 0.240157,
        -0.017631 0.088853 0.240157,
        -0.006557 0.092137 0.240157,
      ]
    }
    coordIndex [
      3, 2, 8, -1,
      16, 0, 17, -1,
      17, 0, 31, -1,
      15, 2, 16, -1,
      16, 2, 1, -1,
      16, 1, 0, -1,
      19, 18, 24, -1,
      24, 18, 17, -1,
      24, 17, 25, -1,
      8, 2, 9, -1,
      24, 23, 19, -1,
      19, 23, 22, -1,
      19, 22, 20, -1,
      20, 22, 21, -1,
      15, 14, 2, -1,
      2, 14, 13, -1,
      2, 13, 12, -1,
      8, 7, 6, -1,
      31, 30, 17, -1,
      17, 30, 29, -1,
      17, 29, 28, -1,
      6, 5, 8, -1,
      8, 5, 4, -1,
      8, 4, 3, -1,
      28, 27, 17, -1,
      17, 27, 26, -1,
      17, 26, 25, -1,
      12, 11, 2, -1,
      2, 11, 10, -1,
      2, 10, 9, -1,
      41, 40, 33, -1,
      40, 39, 33, -1,
      33, 39, 38, -1,
      33, 38, 37, -1,
      58, 57, 59, -1,
      59, 57, 56, -1,
      59, 56, 55, -1,
      51, 50, 32, -1,
      32, 50, 49, -1,
      32, 49, 48, -1,
      48, 47, 32, -1,
      32, 47, 46, -1,
      32, 46, 33, -1,
      33, 46, 45, -1,
      33, 45, 44, -1,
      37, 36, 33, -1,
      33, 36, 35, -1,
      33, 35, 34, -1,
      55, 54, 59, -1,
      59, 54, 53, -1,
      59, 53, 32, -1,
      32, 53, 52, -1,
      32, 52, 51, -1,
      44, 43, 33, -1,
      33, 43, 42, -1,
      33, 42, 41, -1,
    ]
  }
}

Shape {
  appearance Appearance {
    material Material {
      diffuseColor 1.0000 1.0000 1.0000
      specularColor 0.8784 0.8784 0.8784
      ambientIntensity 0.2
      transparency 0.0000
      shininess 0.5
    }
  }
  geometry IndexedFaceSet {
    ccw TRUE
    solid FALSE
    coord DEF co Coordinate {
      point [
        -0.029756 -0.084505 0.003937,
        -0.029756 -0.114753 0.003937,
        0.023538 -0.049363 0.003937,
        -0.020799 -0.036591 0.003937,
        0.022606 -0.042185 0.003937,
        -0.020213 -0.035533 0.003937,
        0.019757 -0.035533 0.003937,
        -0.092172 -0.431730 0.003937,
        -0.082677 -0.427796 0.003937,
        -0.074523 -0.421540 0.003937,
        -0.068267 -0.413386 0.003937,
        0.027680 -0.035533 0.003937,
        0.022887 -0.055177 0.003937,
        0.021298 -0.059574 0.003937,
        0.018493 -0.063758 0.003937,
        0.014536 -0.067308 0.003937,
        0.009969 -0.069718 0.003937,
        0.003574 -0.071280 0.003937,
        -0.000858 -0.071542 0.003937,
        -0.007246 -0.070945 0.003937,
        -0.012326 -0.069342 0.003937,
        -0.023994 -0.050690 0.003937,
        -0.019325 -0.064141 0.003937,
        -0.023383 -0.056170 0.003937,
        -0.021786 -0.060514 0.003937,
        -0.016428 -0.066887 0.003937,
        -0.023124 -0.042851 0.003937,
        -0.102362 -0.236220 0.003937,
        -0.092172 -0.234879 0.003937,
        -0.064333 -0.383511 0.003937,
        -0.082677 -0.230946 0.003937,
        -0.062992 -0.393701 0.003937,
        -0.074523 -0.224689 0.003937,
        -0.102362 -0.433071 0.003937,
        -0.196850 -0.433071 0.003937,
        0.029300 -0.114753 0.003937,
        -0.064333 -0.403891 0.003937,
        -0.024641 -0.069626 0.003937,
        -0.023274 -0.084505 0.003937,
        -0.027740 -0.064814 0.003937,
        -0.029719 -0.059061 0.003937,
        0.013755 -0.076348 0.003937,
        0.019280 -0.072885 0.003937,
        0.029300 -0.106831 0.003937,
        0.024252 -0.067752 0.003937,
        -0.068267 -0.374016 0.003937,
        -0.074523 -0.365862 0.003937,
        -0.082677 -0.359605 0.003937,
        -0.064333 -0.186661 0.003937,
        -0.068267 -0.177165 0.003937,
        -0.074523 -0.169011 0.003937,
        -0.082677 -0.162755 0.003937,
        -0.026694 -0.035533 0.003937,
        -0.029279 -0.041828 0.003937,
        -0.030448 -0.050167 0.003937,
        -0.196850 -0.354331 0.003937,
        -0.196850 -0.236220 0.003937,
        -0.102362 -0.354331 0.003937,
        -0.092172 -0.355672 0.003937,
        -0.068267 -0.216535 0.003937,
        -0.064333 -0.207040 0.003937,
        -0.062992 -0.196850 0.003937,
        -0.019945 -0.074044 0.003937,
        -0.014309 -0.077165 0.003937,
        -0.023274 -0.106831 0.003937,
        0.027495 -0.062236 0.003937,
        0.029464 -0.055761 0.003937,
        0.029660 -0.053531 0.003937,
        -0.030476 -0.051782 0.003937,
        -0.196850 -0.157480 0.003937,
        -0.102362 -0.157480 0.003937,
        -0.092172 -0.158822 0.003937,
        -0.008045 -0.078917 0.003937,
        -0.001342 -0.079464 0.003937,
        0.007041 -0.078617 0.003937,
        0.029660 -0.044211 0.003937,
        0.029532 -0.042361 0.003937,
        0.030020 -0.049430 0.003937,
        0.092172 -0.158822 0.003937,
        0.082677 -0.162755 0.003937,
        0.196850 -0.157480 0.003937,
        0.102362 -0.157480 0.003937,
        0.062992 -0.196850 0.003937,
        0.064333 -0.207040 0.003937,
        0.068267 -0.216535 0.003937,
        0.074523 -0.224689 0.003937,
        0.074523 -0.169011 0.003937,
        0.068267 -0.177165 0.003937,
        0.064333 -0.186661 0.003937,
        0.082677 -0.230946 0.003937,
        0.092172 -0.355672 0.003937,
        0.082677 -0.359605 0.003937,
        0.074523 -0.365862 0.003937,
        0.102362 -0.236220 0.003937,
        0.196850 -0.236220 0.003937,
        0.196850 -0.354331 0.003937,
        0.064333 -0.403891 0.003937,
        0.068267 -0.413386 0.003937,
        0.074523 -0.421540 0.003937,
        0.082677 -0.427796 0.003937,
        0.092172 -0.234879 0.003937,
        0.102362 -0.354331 0.003937,
        0.068267 -0.374016 0.003937,
        0.064333 -0.383511 0.003937,
        0.062992 -0.393701 0.003937,
        0.196850 -0.433071 0.003937,
        0.102362 -0.433071 0.003937,
        0.092172 -0.431730 0.003937,
        -0.196850 0.157480 0.003937,
        -0.029756 0.007678 0.003937,
        -0.029756 -0.024010 0.003937,
        0.029300 -0.024010 0.003937,
        0.029300 0.006238 0.003937,
        -0.029756 0.115706 0.003937,
        -0.102362 0.157480 0.003937,
        -0.007388 0.065905 0.003937,
        -0.013570 0.063785 0.003937,
        -0.029756 0.071055 0.003937,
        -0.018852 0.060398 0.003937,
        -0.023506 0.055537 0.003937,
        -0.027089 0.049371 0.003937,
        -0.013191 0.109731 0.003937,
        -0.013191 0.085335 0.003937,
        -0.029756 0.079697 0.003937,
        -0.074523 0.169011 0.003937,
        -0.029756 0.124348 0.003937,
        -0.082677 0.162755 0.003937,
        -0.092172 0.158822 0.003937,
        0.022818 -0.016088 0.003937,
        0.003373 -0.016088 0.003937,
        0.022818 0.006238 0.003937,
        0.003373 0.004798 0.003937,
        -0.003109 0.004798 0.003937,
        -0.029756 0.019201 0.003937,
        0.029300 0.019201 0.003937,
        0.028388 0.044398 0.003937,
        0.025962 0.051311 0.003937,
        0.029300 0.093380 0.003937,
        -0.068267 0.177165 0.003937,
        -0.064333 0.186661 0.003937,
        0.029300 0.101302 0.003937,
        -0.062992 0.196850 0.003937,
        0.015322 0.063043 0.003937,
        0.009561 0.065516 0.003937,
        0.003407 0.066622 0.003937,
        0.000515 0.066733 0.003937,
        -0.029117 0.042566 0.003937,
        -0.029756 0.035259 0.003937,
        -0.023274 0.007678 0.003937,
        -0.023274 -0.016088 0.003937,
        -0.003109 -0.016088 0.003937,
        0.022156 0.057161 0.003937,
        0.020024 0.059459 0.003937,
        0.029300 0.035867 0.003937,
        -0.102362 0.354331 0.003937,
        -0.092172 0.355672 0.003937,
        -0.082677 0.359605 0.003937,
        -0.074523 0.365862 0.003937,
        -0.064333 0.207040 0.003937,
        -0.068267 0.216535 0.003937,
        -0.074523 0.224689 0.003937,
        -0.082677 0.230946 0.003937,
        -0.196850 0.236220 0.003937,
        -0.196850 0.354331 0.003937,
        -0.102362 0.236220 0.003937,
        -0.092172 0.234879 0.003937,
        -0.068267 0.374016 0.003937,
        -0.064333 0.383511 0.003937,
        -0.062992 0.393701 0.003937,
        -0.064333 0.403891 0.003937,
        -0.068267 0.413386 0.003937,
        -0.074523 0.421540 0.003937,
        -0.082677 0.427796 0.003937,
        -0.092172 0.431730 0.003937,
        -0.102362 0.433071 0.003937,
        -0.196850 0.433071 0.003937,
        0.074523 0.421540 0.003937,
        0.082677 0.427796 0.003937,
        0.092172 0.431730 0.003937,
        0.196850 0.433071 0.003937,
        0.102362 0.433071 0.003937,
        0.074523 0.365862 0.003937,
        0.074523 0.224689 0.003937,
        0.068267 0.216535 0.003937,
        0.064333 0.383511 0.003937,
        0.068267 0.374016 0.003937,
        0.062992 0.196850 0.003937,
        0.064333 0.207040 0.003937,
        0.068267 0.413386 0.003937,
        0.064333 0.403891 0.003937,
        0.062992 0.393701 0.003937,
        0.082677 0.162755 0.003937,
        0.074523 0.169011 0.003937,
        0.068267 0.177165 0.003937,
        0.082677 0.359605 0.003937,
        0.092172 0.234879 0.003937,
        0.082677 0.230946 0.003937,
        0.196850 0.157480 0.003937,
        0.102362 0.157480 0.003937,
        0.092172 0.158822 0.003937,
        0.102362 0.354331 0.003937,
        0.196850 0.354331 0.003937,
        0.196850 0.236220 0.003937,
        0.064333 0.186661 0.003937,
        0.092172 0.355672 0.003937,
        0.102362 0.236220 0.003937,
        -0.196850 -0.078740 0.078740,
        -0.196850 -0.157480 0.078740,
        -0.196850 -0.236220 0.078740,
        -0.196850 0.354331 0.078740,
        -0.196850 0.236220 0.078740,
        -0.196850 0.157480 0.078740,
        -0.196850 0.078740 0.078740,
        -0.196850 -0.433071 0.078740,
        -0.196850 -0.354331 0.078740,
        -0.196850 0.433071 0.078740,
        0.196850 -0.354331 0.078740,
        0.196850 -0.236220 0.078740,
        0.196850 0.433071 0.078740,
        0.196850 0.354331 0.078740,
        0.196850 -0.433071 0.078740,
        0.196850 -0.157480 0.078740,
        0.196850 -0.078740 0.078740,
        0.196850 0.078740 0.078740,
        0.196850 0.157480 0.078740,
        0.196850 0.236220 0.078740,
        -0.200787 0.433071 0.078740,
        -0.200787 0.354331 0.078740,
        -0.200787 0.354331 0.000000,
        -0.102362 0.354331 0.000000,
        -0.102362 0.433071 0.000000,
        -0.200787 0.433071 0.000000,
        -0.092172 0.355672 0.000000,
        -0.082677 0.359605 0.000000,
        -0.074523 0.365862 0.000000,
        -0.068267 0.374016 0.000000,
        -0.064333 0.383511 0.000000,
        -0.062992 0.393701 0.000000,
        -0.064333 0.403891 0.000000,
        -0.068267 0.413386 0.000000,
        -0.074523 0.421540 0.000000,
        -0.082677 0.427796 0.000000,
        -0.092172 0.431730 0.000000,
        -0.200787 0.236220 0.078740,
        -0.200787 0.157480 0.078740,
        -0.200787 0.157480 0.000000,
        -0.102362 0.157480 0.000000,
        -0.102362 0.236220 0.000000,
        -0.200787 0.236220 0.000000,
        -0.092172 0.158822 0.000000,
        -0.082677 0.162755 0.000000,
        -0.074523 0.169011 0.000000,
        -0.068267 0.177165 0.000000,
        -0.064333 0.186661 0.000000,
        -0.062992 0.196850 0.000000,
        -0.064333 0.207040 0.000000,
        -0.068267 0.216535 0.000000,
        -0.074523 0.224689 0.000000,
        -0.082677 0.230946 0.000000,
        -0.092172 0.234879 0.000000,
        -0.200787 0.078740 0.078740,
        -0.200787 -0.078740 0.078740,
        -0.200787 -0.078740 0.000000,
        -0.200787 0.078740 0.000000,
        -0.062992 0.078740 0.000000,
        -0.062992 -0.078740 0.000000,
        -0.200787 -0.157480 0.078740,
        -0.200787 -0.236220 0.078740,
        -0.200787 -0.236220 0.000000,
        -0.102362 -0.236220 0.000000,
        -0.102362 -0.157480 0.000000,
        -0.200787 -0.157480 0.000000,
        -0.092172 -0.234879 0.000000,
        -0.082677 -0.230946 0.000000,
        -0.074523 -0.224689 0.000000,
        -0.068267 -0.216535 0.000000,
        -0.064333 -0.207040 0.000000,
        -0.062992 -0.196850 0.000000,
        -0.064333 -0.186661 0.000000,
        -0.068267 -0.177165 0.000000,
        -0.074523 -0.169011 0.000000,
        -0.082677 -0.162755 0.000000,
        -0.092172 -0.158822 0.000000,
        -0.200787 -0.354331 0.078740,
        -0.200787 -0.433071 0.078740,
        -0.200787 -0.433071 0.000000,
        -0.102362 -0.433071 0.000000,
        -0.102362 -0.354331 0.000000,
        -0.200787 -0.354331 0.000000,
        -0.092172 -0.431730 0.000000,
        -0.082677 -0.427796 0.000000,
        -0.074523 -0.421540 0.000000,
        -0.068267 -0.413386 0.000000,
        -0.064333 -0.403891 0.000000,
        -0.062992 -0.393701 0.000000,
        -0.064333 -0.383511 0.000000,
        -0.068267 -0.374016 0.000000,
        -0.074523 -0.365862 0.000000,
        -0.082677 -0.359605 0.000000,
        -0.092172 -0.355672 0.000000,
        0.200787 0.354331 0.078740,
        0.200787 0.433071 0.078740,
        0.200787 0.433071 0.000000,
        0.200787 0.354331 0.000000,
        0.102362 0.433071 0.000000,
        0.092172 0.431730 0.000000,
        0.082677 0.427796 0.000000,
        0.074523 0.421540 0.000000,
        0.068267 0.413386 0.000000,
        0.064333 0.403891 0.000000,
        0.062992 0.393701 0.000000,
        0.064333 0.383511 0.000000,
        0.068267 0.374016 0.000000,
        0.074523 0.365862 0.000000,
        0.082677 0.359605 0.000000,
        0.092172 0.355672 0.000000,
        0.102362 0.354331 0.000000,
        0.200787 0.157480 0.078740,
        0.200787 0.236220 0.078740,
        0.200787 0.236220 0.000000,
        0.200787 0.157480 0.000000,
        0.102362 0.236220 0.000000,
        0.092172 0.234879 0.000000,
        0.082677 0.230946 0.000000,
        0.074523 0.224689 0.000000,
        0.068267 0.216535 0.000000,
        0.064333 0.207040 0.000000,
        0.062992 0.196850 0.000000,
        0.064333 0.186661 0.000000,
        0.068267 0.177165 0.000000,
        0.074523 0.169011 0.000000,
        0.082677 0.162755 0.000000,
        0.092172 0.158822 0.000000,
        0.102362 0.157480 0.000000,
        0.200787 -0.078740 0.078740,
        0.200787 0.078740 0.078740,
        0.200787 0.078740 0.000000,
        0.200787 -0.078740 0.000000,
        0.062992 -0.078740 0.000000,
        0.062992 0.078740 0.000000,
        0.200787 -0.236220 0.078740,
        0.200787 -0.157480 0.078740,
        0.200787 -0.157480 0.000000,
        0.200787 -0.236220 0.000000,
        0.102362 -0.157480 0.000000,
        0.092172 -0.158822 0.000000,
        0.082677 -0.162755 0.000000,
        0.074523 -0.169011 0.000000,
        0.068267 -0.177165 0.000000,
        0.064333 -0.186661 0.000000,
        0.062992 -0.196850 0.000000,
        0.064333 -0.207040 0.000000,
        0.068267 -0.216535 0.000000,
        0.074523 -0.224689 0.000000,
        0.082677 -0.230946 0.000000,
        0.092172 -0.234879 0.000000,
        0.102362 -0.236220 0.000000,
        0.200787 -0.433071 0.078740,
        0.200787 -0.354331 0.078740,
        0.200787 -0.354331 0.000000,
        0.200787 -0.433071 0.000000,
        0.102362 -0.354331 0.000000,
        0.092172 -0.355672 0.000000,
        0.082677 -0.359605 0.000000,
        0.074523 -0.365862 0.000000,
        0.068267 -0.374016 0.000000,
        0.064333 -0.383511 0.000000,
        0.062992 -0.393701 0.000000,
        0.064333 -0.403891 0.000000,
        0.068267 -0.413386 0.000000,
        0.074523 -0.421540 0.000000,
        0.082677 -0.427796 0.000000,
        0.092172 -0.431730 0.000000,
        0.102362 -0.433071 0.000000,
        -0.029756 0.124348 0.007874,
        0.029300 0.101302 0.007874,
        -0.029756 0.115706 0.007874,
        -0.013191 0.109731 0.007874,
        -0.013191 0.085335 0.007874,
        -0.029756 0.079697 0.007874,
        -0.029756 0.071055 0.007874,
        0.029300 0.093380 0.007874,
        -0.006709 0.087326 0.007874,
        0.017957 0.096137 0.007874,
        0.020005 0.096706 0.007874,
        0.022098 0.097083 0.007874,
        0.022098 0.097274 0.007874,
        0.020011 0.097659 0.007874,
        -0.006709 0.107075 0.007874,
        0.017957 0.098185 0.007874,
        -0.006709 0.107075 0.003937,
        -0.006709 0.087326 0.003937,
        0.017957 0.096137 0.003937,
        0.020005 0.096706 0.003937,
        0.022098 0.097083 0.003937,
        0.022098 0.097274 0.003937,
        0.020011 0.097659 0.003937,
        0.017957 0.098185 0.003937,
        -0.029756 0.019201 0.007874,
        -0.029756 0.035259 0.007874,
        0.029300 0.019201 0.007874,
        0.029300 0.035867 0.007874,
        0.000515 0.066733 0.007874,
        0.003407 0.066622 0.007874,
        0.009561 0.065516 0.007874,
        0.015322 0.063043 0.007874,
        0.020024 0.059459 0.007874,
        0.022156 0.057161 0.007874,
        0.025962 0.051311 0.007874,
        0.028388 0.044398 0.007874,
        -0.029117 0.042566 0.007874,
        -0.027089 0.049371 0.007874,
        -0.023506 0.055537 0.007874,
        -0.018852 0.060398 0.007874,
        -0.013570 0.063785 0.007874,
        -0.007388 0.065905 0.007874,
        0.000346 0.058811 0.007874,
        0.006223 0.058310 0.007874,
        0.010886 0.056931 0.007874,
        0.014511 0.054898 0.007874,
        0.017563 0.052034 0.007874,
        0.020355 0.047726 0.007874,
        0.022067 0.042857 0.007874,
        0.022818 0.035833 0.007874,
        0.022818 0.027123 0.007874,
        -0.023274 0.027123 0.007874,
        -0.023274 0.035507 0.007874,
        -0.022696 0.041727 0.007874,
        -0.021143 0.046707 0.007874,
        -0.018789 0.050685 0.007874,
        -0.015539 0.053990 0.007874,
        -0.011456 0.056516 0.007874,
        -0.006817 0.058069 0.007874,
        0.022818 0.027123 0.003937,
        0.022818 0.035833 0.003937,
        0.022067 0.042857 0.003937,
        0.020355 0.047726 0.003937,
        0.017563 0.052034 0.003937,
        0.014511 0.054898 0.003937,
        0.010886 0.056931 0.003937,
        0.006223 0.058310 0.003937,
        0.000346 0.058811 0.003937,
        -0.006817 0.058069 0.003937,
        -0.011456 0.056516 0.003937,
        -0.015539 0.053990 0.003937,
        -0.018789 0.050685 0.003937,
        -0.021143 0.046707 0.003937,
        -0.022696 0.041727 0.003937,
        -0.023274 0.035507 0.003937,
        -0.023274 0.027123 0.003937,
        -0.029756 0.007678 0.007874,
        -0.023274 0.007678 0.007874,
        -0.029756 -0.024010 0.007874,
        0.029300 -0.024010 0.007874,
        0.029300 0.006238 0.007874,
        0.022818 0.006238 0.007874,
        0.022818 -0.016088 0.007874,
        0.003373 -0.016088 0.007874,
        0.003373 0.004798 0.007874,
        -0.003109 0.004798 0.007874,
        -0.003109 -0.016088 0.007874,
        -0.023274 -0.016088 0.007874,
        -0.026694 -0.035533 0.007874,
        -0.020213 -0.035533 0.007874,
        -0.030476 -0.051782 0.007874,
        -0.030448 -0.050167 0.007874,
        -0.029279 -0.041828 0.007874,
        -0.001342 -0.079464 0.007874,
        -0.008045 -0.078917 0.007874,
        -0.014309 -0.077165 0.007874,
        -0.019945 -0.074044 0.007874,
        -0.024641 -0.069626 0.007874,
        -0.027740 -0.064814 0.007874,
        -0.029719 -0.059061 0.007874,
        0.030020 -0.049430 0.007874,
        0.029464 -0.055761 0.007874,
        0.027495 -0.062236 0.007874,
        0.024252 -0.067752 0.007874,
        0.019280 -0.072885 0.007874,
        0.013755 -0.076348 0.007874,
        0.007041 -0.078617 0.007874,
        0.029532 -0.042361 0.007874,
        0.027680 -0.035533 0.007874,
        0.019757 -0.035533 0.007874,
        0.023538 -0.049363 0.007874,
        0.022606 -0.042185 0.007874,
        -0.000858 -0.071542 0.007874,
        0.003574 -0.071280 0.007874,
        0.009969 -0.069718 0.007874,
        0.014536 -0.067308 0.007874,
        0.018493 -0.063758 0.007874,
        0.021298 -0.059574 0.007874,
        0.022887 -0.055177 0.007874,
        -0.023994 -0.050690 0.007874,
        -0.023383 -0.056170 0.007874,
        -0.021786 -0.060514 0.007874,
        -0.019325 -0.064141 0.007874,
        -0.016428 -0.066887 0.007874,
        -0.012326 -0.069342 0.007874,
        -0.007246 -0.070945 0.007874,
        -0.020799 -0.036591 0.007874,
        -0.023124 -0.042851 0.007874,
        -0.029756 -0.084505 0.007874,
        -0.023274 -0.084505 0.007874,
        -0.029756 -0.114753 0.007874,
        0.029300 -0.114753 0.007874,
        0.029300 -0.106831 0.007874,
        -0.023274 -0.106831 0.007874,
      ]
    }
    coordIndex [
      226, 227, 215, -1,
      215, 227, 209, -1,
      209, 227, 163, -1,
      163, 227, 228, -1,
      163, 228, 154, -1,
      154, 228, 229, -1,
      174, 230, 175, -1,
      175, 230, 231, -1,
      175, 231, 215, -1,
      215, 231, 226, -1,
      227, 226, 228, -1,
      228, 226, 231, -1,
      154, 229, 232, -1,
      154, 232, 155, -1,
      155, 232, 233, -1,
      155, 233, 156, -1,
      156, 233, 234, -1,
      156, 234, 157, -1,
      157, 234, 235, -1,
      157, 235, 166, -1,
      166, 235, 236, -1,
      166, 236, 167, -1,
      167, 236, 237, -1,
      167, 237, 168, -1,
      168, 237, 238, -1,
      168, 238, 169, -1,
      169, 238, 239, -1,
      169, 239, 170, -1,
      170, 239, 240, -1,
      170, 240, 171, -1,
      171, 240, 241, -1,
      171, 241, 172, -1,
      172, 241, 242, -1,
      172, 242, 173, -1,
      173, 242, 230, -1,
      173, 230, 174, -1,
      228, 231, 229, -1,
      229, 231, 230, -1,
      230, 242, 229, -1,
      229, 242, 241, -1,
      229, 241, 240, -1,
      240, 239, 229, -1,
      229, 239, 238, -1,
      229, 238, 232, -1,
      235, 234, 236, -1,
      236, 234, 237, -1,
      237, 234, 238, -1,
      238, 234, 233, -1,
      238, 233, 232, -1,
      243, 244, 210, -1,
      210, 244, 211, -1,
      211, 244, 108, -1,
      108, 244, 245, -1,
      108, 245, 114, -1,
      114, 245, 246, -1,
      164, 247, 162, -1,
      162, 247, 248, -1,
      162, 248, 210, -1,
      210, 248, 243, -1,
      244, 243, 245, -1,
      245, 243, 248, -1,
      114, 246, 249, -1,
      114, 249, 127, -1,
      127, 249, 250, -1,
      127, 250, 126, -1,
      126, 250, 251, -1,
      126, 251, 124, -1,
      124, 251, 252, -1,
      124, 252, 138, -1,
      138, 252, 253, -1,
      138, 253, 139, -1,
      139, 253, 254, -1,
      139, 254, 141, -1,
      141, 254, 255, -1,
      141, 255, 158, -1,
      158, 255, 256, -1,
      158, 256, 159, -1,
      159, 256, 257, -1,
      159, 257, 160, -1,
      160, 257, 258, -1,
      160, 258, 161, -1,
      161, 258, 259, -1,
      161, 259, 165, -1,
      165, 259, 247, -1,
      165, 247, 164, -1,
      245, 248, 246, -1,
      246, 248, 247, -1,
      246, 247, 249, -1,
      258, 257, 256, -1,
      258, 256, 259, -1,
      254, 253, 247, -1,
      247, 253, 252, -1,
      259, 256, 247, -1,
      247, 256, 255, -1,
      247, 255, 254, -1,
      252, 251, 247, -1,
      247, 251, 250, -1,
      247, 250, 249, -1,
      260, 261, 212, -1,
      212, 261, 206, -1,
      261, 260, 262, -1,
      262, 260, 263, -1,
      264, 265, 263, -1,
      263, 265, 262, -1,
      266, 267, 207, -1,
      207, 267, 208, -1,
      208, 267, 56, -1,
      56, 267, 268, -1,
      56, 268, 27, -1,
      27, 268, 269, -1,
      70, 270, 69, -1,
      69, 270, 271, -1,
      69, 271, 207, -1,
      207, 271, 266, -1,
      267, 266, 268, -1,
      268, 266, 271, -1,
      27, 269, 272, -1,
      27, 272, 28, -1,
      28, 272, 273, -1,
      28, 273, 30, -1,
      30, 273, 274, -1,
      30, 274, 32, -1,
      32, 274, 275, -1,
      32, 275, 59, -1,
      59, 275, 276, -1,
      59, 276, 60, -1,
      60, 276, 277, -1,
      60, 277, 61, -1,
      61, 277, 278, -1,
      61, 278, 48, -1,
      48, 278, 279, -1,
      48, 279, 49, -1,
      49, 279, 280, -1,
      49, 280, 50, -1,
      50, 280, 281, -1,
      50, 281, 51, -1,
      51, 281, 282, -1,
      51, 282, 71, -1,
      71, 282, 270, -1,
      71, 270, 70, -1,
      269, 268, 271, -1,
      271, 270, 269, -1,
      269, 270, 282, -1,
      269, 282, 281, -1,
      281, 280, 269, -1,
      269, 280, 279, -1,
      269, 279, 272, -1,
      278, 277, 274, -1,
      274, 277, 276, -1,
      274, 276, 275, -1,
      278, 274, 279, -1,
      279, 274, 273, -1,
      279, 273, 272, -1,
      283, 284, 214, -1,
      214, 284, 213, -1,
      213, 284, 34, -1,
      34, 284, 285, -1,
      34, 285, 33, -1,
      33, 285, 286, -1,
      57, 287, 55, -1,
      55, 287, 288, -1,
      55, 288, 214, -1,
      214, 288, 283, -1,
      284, 283, 285, -1,
      285, 283, 288, -1,
      33, 286, 289, -1,
      33, 289, 7, -1,
      7, 289, 290, -1,
      7, 290, 8, -1,
      8, 290, 291, -1,
      8, 291, 9, -1,
      9, 291, 292, -1,
      9, 292, 10, -1,
      10, 292, 293, -1,
      10, 293, 36, -1,
      36, 293, 294, -1,
      36, 294, 31, -1,
      31, 294, 295, -1,
      31, 295, 29, -1,
      29, 295, 296, -1,
      29, 296, 45, -1,
      45, 296, 297, -1,
      45, 297, 46, -1,
      46, 297, 298, -1,
      46, 298, 47, -1,
      47, 298, 299, -1,
      47, 299, 58, -1,
      58, 299, 287, -1,
      58, 287, 57, -1,
      298, 297, 296, -1,
      291, 290, 287, -1,
      298, 296, 299, -1,
      285, 288, 286, -1,
      286, 288, 287, -1,
      286, 287, 289, -1,
      289, 287, 290, -1,
      299, 296, 287, -1,
      287, 296, 295, -1,
      287, 295, 294, -1,
      294, 293, 287, -1,
      287, 293, 292, -1,
      287, 292, 291, -1,
      300, 301, 219, -1,
      219, 301, 218, -1,
      301, 300, 302, -1,
      302, 300, 303, -1,
      218, 301, 179, -1,
      179, 301, 302, -1,
      179, 302, 180, -1,
      180, 302, 304, -1,
      180, 304, 305, -1,
      180, 305, 178, -1,
      178, 305, 306, -1,
      178, 306, 177, -1,
      177, 306, 307, -1,
      177, 307, 176, -1,
      176, 307, 308, -1,
      176, 308, 188, -1,
      188, 308, 309, -1,
      188, 309, 189, -1,
      189, 309, 310, -1,
      189, 310, 190, -1,
      190, 310, 311, -1,
      190, 311, 184, -1,
      184, 311, 312, -1,
      184, 312, 185, -1,
      185, 312, 313, -1,
      185, 313, 181, -1,
      181, 313, 314, -1,
      181, 314, 194, -1,
      194, 314, 315, -1,
      194, 315, 204, -1,
      204, 315, 316, -1,
      204, 316, 200, -1,
      200, 316, 201, -1,
      201, 316, 303, -1,
      201, 303, 219, -1,
      219, 303, 300, -1,
      315, 314, 309, -1,
      307, 306, 316, -1,
      302, 303, 304, -1,
      304, 303, 316, -1,
      304, 316, 305, -1,
      305, 316, 306, -1,
      314, 313, 309, -1,
      309, 313, 312, -1,
      309, 312, 310, -1,
      310, 312, 311, -1,
      315, 309, 316, -1,
      316, 309, 308, -1,
      316, 308, 307, -1,
      317, 318, 224, -1,
      224, 318, 225, -1,
      318, 317, 319, -1,
      319, 317, 320, -1,
      225, 318, 202, -1,
      202, 318, 319, -1,
      202, 319, 205, -1,
      205, 319, 321, -1,
      205, 321, 322, -1,
      205, 322, 195, -1,
      195, 322, 323, -1,
      195, 323, 196, -1,
      196, 323, 324, -1,
      196, 324, 182, -1,
      182, 324, 325, -1,
      182, 325, 183, -1,
      183, 325, 326, -1,
      183, 326, 187, -1,
      187, 326, 327, -1,
      187, 327, 186, -1,
      186, 327, 328, -1,
      186, 328, 203, -1,
      203, 328, 329, -1,
      203, 329, 193, -1,
      193, 329, 330, -1,
      193, 330, 192, -1,
      192, 330, 331, -1,
      192, 331, 191, -1,
      191, 331, 332, -1,
      191, 332, 199, -1,
      199, 332, 333, -1,
      199, 333, 198, -1,
      198, 333, 197, -1,
      197, 333, 320, -1,
      197, 320, 224, -1,
      224, 320, 317, -1,
      321, 319, 320, -1,
      331, 330, 326, -1,
      324, 323, 332, -1,
      326, 330, 327, -1,
      327, 330, 329, -1,
      327, 329, 328, -1,
      331, 326, 332, -1,
      332, 326, 325, -1,
      332, 325, 324, -1,
      320, 333, 321, -1,
      321, 333, 332, -1,
      321, 332, 322, -1,
      322, 332, 323, -1,
      334, 335, 222, -1,
      222, 335, 223, -1,
      335, 334, 336, -1,
      336, 334, 337, -1,
      337, 338, 336, -1,
      336, 338, 339, -1,
      340, 341, 217, -1,
      217, 341, 221, -1,
      341, 340, 342, -1,
      342, 340, 343, -1,
      221, 341, 80, -1,
      80, 341, 342, -1,
      80, 342, 81, -1,
      81, 342, 344, -1,
      81, 344, 345, -1,
      81, 345, 78, -1,
      78, 345, 346, -1,
      78, 346, 79, -1,
      79, 346, 347, -1,
      79, 347, 86, -1,
      86, 347, 348, -1,
      86, 348, 87, -1,
      87, 348, 349, -1,
      87, 349, 88, -1,
      88, 349, 350, -1,
      88, 350, 82, -1,
      82, 350, 351, -1,
      82, 351, 83, -1,
      83, 351, 352, -1,
      83, 352, 84, -1,
      84, 352, 353, -1,
      84, 353, 85, -1,
      85, 353, 354, -1,
      85, 354, 89, -1,
      89, 354, 355, -1,
      89, 355, 100, -1,
      100, 355, 356, -1,
      100, 356, 93, -1,
      93, 356, 94, -1,
      94, 356, 343, -1,
      94, 343, 217, -1,
      217, 343, 340, -1,
      356, 347, 346, -1,
      342, 343, 344, -1,
      344, 343, 356, -1,
      344, 356, 345, -1,
      345, 356, 346, -1,
      356, 355, 347, -1,
      347, 355, 354, -1,
      347, 354, 348, -1,
      348, 354, 349, -1,
      354, 353, 349, -1,
      349, 353, 352, -1,
      349, 352, 350, -1,
      350, 352, 351, -1,
      357, 358, 220, -1,
      220, 358, 216, -1,
      358, 357, 359, -1,
      359, 357, 360, -1,
      216, 358, 95, -1,
      95, 358, 359, -1,
      95, 359, 101, -1,
      101, 359, 361, -1,
      101, 361, 362, -1,
      101, 362, 90, -1,
      90, 362, 363, -1,
      90, 363, 91, -1,
      91, 363, 364, -1,
      91, 364, 92, -1,
      92, 364, 365, -1,
      92, 365, 102, -1,
      102, 365, 366, -1,
      102, 366, 103, -1,
      103, 366, 367, -1,
      103, 367, 104, -1,
      104, 367, 368, -1,
      104, 368, 96, -1,
      96, 368, 369, -1,
      96, 369, 97, -1,
      97, 369, 370, -1,
      97, 370, 98, -1,
      98, 370, 371, -1,
      98, 371, 99, -1,
      99, 371, 372, -1,
      99, 372, 107, -1,
      107, 372, 373, -1,
      107, 373, 106, -1,
      106, 373, 105, -1,
      105, 373, 360, -1,
      105, 360, 220, -1,
      220, 360, 357, -1,
      359, 360, 361, -1,
      361, 360, 373, -1,
      370, 369, 368, -1,
      370, 368, 371, -1,
      371, 368, 367, -1,
      371, 367, 366, -1,
      366, 365, 371, -1,
      371, 365, 364, -1,
      371, 364, 363, -1,
      373, 372, 361, -1,
      361, 372, 371, -1,
      361, 371, 362, -1,
      362, 371, 363, -1,
      374, 125, 375, -1,
      375, 125, 140, -1,
      376, 113, 374, -1,
      374, 113, 125, -1,
      377, 121, 376, -1,
      376, 121, 113, -1,
      378, 122, 377, -1,
      377, 122, 121, -1,
      379, 123, 378, -1,
      378, 123, 122, -1,
      380, 117, 379, -1,
      379, 117, 123, -1,
      381, 137, 380, -1,
      380, 137, 117, -1,
      375, 140, 381, -1,
      381, 140, 137, -1,
      382, 383, 381, -1,
      380, 379, 378, -1,
      383, 384, 381, -1,
      381, 384, 385, -1,
      381, 385, 375, -1,
      375, 385, 386, -1,
      375, 386, 387, -1,
      381, 380, 382, -1,
      382, 380, 378, -1,
      382, 378, 388, -1,
      388, 378, 377, -1,
      387, 389, 375, -1,
      375, 389, 388, -1,
      375, 388, 374, -1,
      374, 388, 377, -1,
      374, 377, 376, -1,
      388, 390, 382, -1,
      382, 390, 391, -1,
      382, 391, 383, -1,
      383, 391, 392, -1,
      383, 392, 393, -1,
      383, 393, 384, -1,
      384, 393, 394, -1,
      384, 394, 385, -1,
      385, 394, 386, -1,
      386, 394, 395, -1,
      386, 395, 396, -1,
      386, 396, 387, -1,
      387, 396, 397, -1,
      387, 397, 389, -1,
      389, 397, 388, -1,
      388, 397, 390, -1,
      398, 133, 399, -1,
      399, 133, 147, -1,
      400, 134, 398, -1,
      398, 134, 133, -1,
      401, 153, 400, -1,
      400, 153, 134, -1,
      402, 145, 144, -1,
      402, 144, 403, -1,
      403, 144, 143, -1,
      403, 143, 404, -1,
      404, 143, 142, -1,
      404, 142, 405, -1,
      405, 142, 152, -1,
      405, 152, 406, -1,
      406, 152, 151, -1,
      406, 151, 407, -1,
      407, 151, 136, -1,
      407, 136, 408, -1,
      408, 136, 135, -1,
      408, 135, 409, -1,
      409, 135, 153, -1,
      409, 153, 401, -1,
      399, 147, 146, -1,
      399, 146, 410, -1,
      410, 146, 120, -1,
      410, 120, 411, -1,
      411, 120, 119, -1,
      411, 119, 412, -1,
      412, 119, 118, -1,
      412, 118, 413, -1,
      413, 118, 116, -1,
      413, 116, 414, -1,
      414, 116, 115, -1,
      414, 115, 415, -1,
      415, 115, 145, -1,
      415, 145, 402, -1,
      415, 402, 416, -1,
      416, 402, 403, -1,
      416, 403, 417, -1,
      417, 403, 404, -1,
      417, 404, 418, -1,
      418, 404, 405, -1,
      418, 405, 419, -1,
      419, 405, 406, -1,
      419, 406, 420, -1,
      420, 406, 407, -1,
      420, 407, 421, -1,
      421, 407, 408, -1,
      421, 408, 422, -1,
      422, 408, 409, -1,
      422, 409, 423, -1,
      423, 409, 401, -1,
      423, 401, 424, -1,
      424, 401, 400, -1,
      424, 400, 425, -1,
      425, 400, 398, -1,
      425, 398, 426, -1,
      426, 398, 399, -1,
      426, 399, 427, -1,
      427, 399, 410, -1,
      427, 410, 428, -1,
      428, 410, 411, -1,
      428, 411, 429, -1,
      429, 411, 412, -1,
      429, 412, 430, -1,
      430, 412, 413, -1,
      430, 413, 431, -1,
      431, 413, 414, -1,
      431, 414, 432, -1,
      432, 414, 415, -1,
      432, 415, 416, -1,
      424, 433, 423, -1,
      423, 433, 434, -1,
      423, 434, 435, -1,
      423, 435, 422, -1,
      422, 435, 436, -1,
      422, 436, 421, -1,
      421, 436, 437, -1,
      421, 437, 420, -1,
      420, 437, 438, -1,
      420, 438, 419, -1,
      419, 438, 439, -1,
      419, 439, 418, -1,
      418, 439, 440, -1,
      418, 440, 417, -1,
      417, 440, 441, -1,
      417, 441, 416, -1,
      416, 441, 442, -1,
      416, 442, 432, -1,
      432, 442, 443, -1,
      432, 443, 431, -1,
      431, 443, 444, -1,
      431, 444, 430, -1,
      430, 444, 445, -1,
      430, 445, 429, -1,
      429, 445, 446, -1,
      429, 446, 428, -1,
      428, 446, 447, -1,
      428, 447, 427, -1,
      427, 447, 448, -1,
      427, 448, 426, -1,
      426, 448, 425, -1,
      425, 448, 449, -1,
      425, 449, 424, -1,
      424, 449, 433, -1,
      450, 109, 451, -1,
      451, 109, 148, -1,
      452, 110, 450, -1,
      450, 110, 109, -1,
      453, 111, 452, -1,
      452, 111, 110, -1,
      454, 112, 453, -1,
      453, 112, 111, -1,
      455, 130, 454, -1,
      454, 130, 112, -1,
      456, 128, 455, -1,
      455, 128, 130, -1,
      457, 129, 456, -1,
      456, 129, 128, -1,
      458, 131, 457, -1,
      457, 131, 129, -1,
      459, 132, 458, -1,
      458, 132, 131, -1,
      460, 150, 459, -1,
      459, 150, 132, -1,
      461, 149, 460, -1,
      460, 149, 150, -1,
      451, 148, 461, -1,
      461, 148, 149, -1,
      452, 450, 451, -1,
      451, 461, 452, -1,
      452, 461, 460, -1,
      452, 460, 453, -1,
      455, 454, 456, -1,
      456, 454, 453, -1,
      456, 453, 457, -1,
      457, 453, 460, -1,
      457, 460, 458, -1,
      458, 460, 459, -1,
      462, 52, 463, -1,
      463, 52, 5, -1,
      464, 68, 54, -1,
      464, 54, 465, -1,
      465, 54, 53, -1,
      465, 53, 466, -1,
      466, 53, 52, -1,
      466, 52, 462, -1,
      467, 73, 72, -1,
      467, 72, 468, -1,
      468, 72, 63, -1,
      468, 63, 469, -1,
      469, 63, 62, -1,
      469, 62, 470, -1,
      470, 62, 37, -1,
      470, 37, 471, -1,
      471, 37, 39, -1,
      471, 39, 472, -1,
      472, 39, 40, -1,
      472, 40, 473, -1,
      473, 40, 68, -1,
      473, 68, 464, -1,
      77, 67, 474, -1,
      474, 67, 475, -1,
      67, 66, 475, -1,
      475, 66, 65, -1,
      475, 65, 476, -1,
      476, 65, 44, -1,
      476, 44, 477, -1,
      477, 44, 42, -1,
      477, 42, 478, -1,
      478, 42, 41, -1,
      478, 41, 479, -1,
      479, 41, 74, -1,
      479, 74, 480, -1,
      480, 74, 73, -1,
      480, 73, 467, -1,
      77, 474, 75, -1,
      75, 474, 481, -1,
      75, 481, 76, -1,
      76, 481, 482, -1,
      76, 482, 11, -1,
      483, 6, 482, -1,
      482, 6, 11, -1,
      484, 2, 4, -1,
      484, 4, 485, -1,
      485, 4, 6, -1,
      485, 6, 483, -1,
      486, 18, 17, -1,
      486, 17, 487, -1,
      487, 17, 16, -1,
      487, 16, 488, -1,
      488, 16, 15, -1,
      488, 15, 489, -1,
      489, 15, 14, -1,
      489, 14, 490, -1,
      490, 14, 13, -1,
      490, 13, 491, -1,
      491, 13, 12, -1,
      491, 12, 492, -1,
      492, 12, 2, -1,
      492, 2, 484, -1,
      493, 21, 23, -1,
      493, 23, 494, -1,
      494, 23, 24, -1,
      494, 24, 495, -1,
      495, 24, 22, -1,
      495, 22, 496, -1,
      496, 22, 25, -1,
      496, 25, 497, -1,
      497, 25, 20, -1,
      497, 20, 498, -1,
      498, 20, 19, -1,
      498, 19, 499, -1,
      499, 19, 18, -1,
      499, 18, 486, -1,
      463, 5, 3, -1,
      463, 3, 500, -1,
      500, 3, 26, -1,
      500, 26, 501, -1,
      501, 26, 21, -1,
      501, 21, 493, -1,
      494, 464, 493, -1,
      493, 464, 465, -1,
      493, 465, 501, -1,
      501, 465, 466, -1,
      501, 466, 500, -1,
      500, 466, 462, -1,
      500, 462, 463, -1,
      483, 482, 485, -1,
      485, 482, 481, -1,
      485, 481, 484, -1,
      484, 481, 474, -1,
      484, 474, 492, -1,
      492, 474, 475, -1,
      492, 475, 491, -1,
      491, 475, 476, -1,
      491, 476, 490, -1,
      490, 476, 477, -1,
      490, 477, 489, -1,
      489, 477, 478, -1,
      489, 478, 488, -1,
      488, 478, 479, -1,
      488, 479, 487, -1,
      487, 479, 480, -1,
      487, 480, 486, -1,
      486, 480, 467, -1,
      486, 467, 499, -1,
      499, 467, 468, -1,
      499, 468, 498, -1,
      498, 468, 469, -1,
      498, 469, 497, -1,
      497, 469, 470, -1,
      497, 470, 496, -1,
      496, 470, 471, -1,
      496, 471, 495, -1,
      495, 471, 472, -1,
      495, 472, 494, -1,
      494, 472, 473, -1,
      494, 473, 464, -1,
      502, 0, 503, -1,
      503, 0, 38, -1,
      504, 1, 502, -1,
      502, 1, 0, -1,
      505, 35, 504, -1,
      504, 35, 1, -1,
      506, 43, 505, -1,
      505, 43, 35, -1,
      507, 64, 506, -1,
      506, 64, 43, -1,
      503, 38, 507, -1,
      507, 38, 64, -1,
      506, 505, 507, -1,
      507, 505, 504, -1,
      507, 504, 503, -1,
      503, 504, 502, -1,
    ]
  }
}

Shape {
  appearance Appearance {
    material Material {
      diffuseColor 0.2510 0.2510 0.2510
      specularColor 0.1255 0.1255 0.1255
      ambientIntensity 0.2
      transparency 0.0000
      shininess 0.5
    }
  }
  geometry IndexedFaceSet {
    ccw TRUE
    solid FALSE
    coord DEF co Coordinate {
      point [
        -0.006709 0.107075 0.003937,
        -0.006709 0.087326 0.003937,
        0.017957 0.096137 0.003937,
        0.020005 0.096706 0.003937,
        0.022098 0.097083 0.003937,
        0.022098 0.097274 0.003937,
        0.020011 0.097659 0.003937,
        0.017957 0.098185 0.003937,
        0.022818 0.027123 0.003937,
        0.022818 0.035833 0.003937,
        0.022067 0.042857 0.003937,
        0.020355 0.047726 0.003937,
        0.017563 0.052034 0.003937,
        0.014511 0.054898 0.003937,
        0.010886 0.056931 0.003937,
        0.006223 0.058310 0.003937,
        0.000346 0.058811 0.003937,
        -0.006817 0.058069 0.003937,
        -0.011456 0.056516 0.003937,
        -0.015539 0.053990 0.003937,
        -0.018789 0.050685 0.003937,
        -0.021143 0.046707 0.003937,
        -0.022696 0.041727 0.003937,
        -0.023274 0.035507 0.003937,
        -0.023274 0.027123 0.003937,
      ]
    }
    coordIndex [
      1, 0, 2, -1,
      2, 0, 7, -1,
      2, 7, 3, -1,
      3, 7, 6, -1,
      3, 6, 4, -1,
      4, 6, 5, -1,
      9, 8, 24, -1,
      17, 16, 9, -1,
      17, 9, 18, -1,
      16, 15, 9, -1,
      9, 15, 14, -1,
      9, 14, 10, -1,
      24, 23, 9, -1,
      9, 23, 22, -1,
      9, 22, 21, -1,
      13, 12, 14, -1,
      14, 12, 11, -1,
      14, 11, 10, -1,
      21, 20, 9, -1,
      9, 20, 19, -1,
      9, 19, 18, -1,
    ]
  }
}

Shape {
  appearance Appearance {
    material Material {
      diffuseColor 1.0000 1.0000 1.0000
      specularColor 0.8784 0.8784 0.8784
      ambientIntensity 0.2
      transparency 0.0000
      shininess 0.5
    }
  }
  geometry IndexedFaceSet {
    ccw TRUE
    solid FALSE
    coord DEF co Coordinate {
      point [
        -0.062992 -0.029771 0.003937,
        -0.062992 -0.078740 0.003937,
        -0.196850 -0.078740 0.003937,
        0.062992 -0.029771 0.003937,
        0.062992 -0.078740 0.003937,
        0.196850 -0.078740 0.003937,
        -0.062992 0.078740 0.003937,
        -0.196850 0.078740 0.003937,
        0.062992 0.078740 0.003937,
        0.196850 0.078740 0.003937,
        -0.196850 -0.078740 0.078740,
        -0.196850 0.078740 0.078740,
        0.196850 -0.078740 0.078740,
        0.196850 0.078740 0.078740,
        -0.200787 0.078740 0.078740,
        -0.200787 -0.078740 0.078740,
        -0.200787 -0.078740 0.000000,
        -0.200787 0.078740 0.000000,
        -0.062992 0.078740 0.000000,
        -0.062992 -0.078740 0.000000,
        0.200787 -0.078740 0.078740,
        0.200787 0.078740 0.078740,
        0.200787 0.078740 0.000000,
        0.200787 -0.078740 0.000000,
        0.062992 -0.078740 0.000000,
        0.062992 0.078740 0.000000,
      ]
    }
    coordIndex [
      8, 25, 3, -1,
      3, 25, 24, -1,
      3, 24, 4, -1,
      13, 21, 9, -1,
      9, 21, 22, -1,
      9, 22, 8, -1,
      8, 22, 25, -1,
      4, 24, 5, -1,
      5, 24, 23, -1,
      5, 23, 12, -1,
      12, 23, 20, -1,
      1, 19, 0, -1,
      0, 19, 18, -1,
      0, 18, 6, -1,
      6, 18, 7, -1,
      7, 18, 17, -1,
      7, 17, 11, -1,
      11, 17, 14, -1,
      10, 15, 2, -1,
      2, 15, 16, -1,
      2, 16, 1, -1,
      1, 16, 19, -1,
    ]
  }
}
