#VRML V2.0 utf8

Shape {
  appearance Appearance {
    material Material {
      diffuseColor 0.2510 0.2510 0.2510
      specularColor 0.0745 0.0745 0.0745
      ambientIntensity 0.2
      transparency 0.0000
      shininess 0.5
    }
  }
  geometry IndexedFaceSet {
    ccw TRUE
    solid FALSE
    coord DEF co Coordinate {
      point [
        -0.008727 0.295276 0.011811,
        -0.004886 -0.015456 0.011811,
        -0.008727 -0.020017 0.011811,
        -0.004886 -0.019777 0.011811,
        0.016239 -0.019777 0.011811,
        -0.003926 0.015272 0.011811,
        0.010958 0.015272 0.011811,
        0.010958 0.002309 0.011811,
        0.023921 -0.017737 0.011811,
        0.023921 -0.013415 0.011811,
        0.016239 0.019593 0.011811,
        0.010958 -0.002013 0.011811,
        0.010958 -0.015456 0.011811,
        -0.002965 -0.002013 0.011811,
        -0.002965 0.002309 0.011811,
        0.043422 -0.018441 0.011811,
        0.056570 -0.019777 0.011811,
        0.039606 -0.019754 0.011811,
        0.037069 -0.020017 0.011811,
        -0.003926 0.019593 0.011811,
        0.051131 0.009224 0.011811,
        0.048824 0.012904 0.011811,
        0.071454 0.019593 0.011811,
        0.037018 0.015317 0.011811,
        0.039965 0.014253 0.011811,
        0.024627 -0.013806 0.011811,
        0.042690 0.012430 0.011811,
        0.045067 0.009806 0.011811,
        0.047928 -0.000512 0.011811,
        0.047529 -0.004774 0.011811,
        0.046459 -0.008161 0.011811,
        0.037699 -0.015524 0.011811,
        0.034026 -0.015936 0.011811,
        0.040567 -0.014468 0.011811,
        0.042983 -0.012839 0.011811,
        0.044831 -0.010891 0.011811,
        0.028800 -0.015356 0.011811,
        0.046690 0.006766 0.011811,
        0.047740 0.002551 0.011811,
        0.045269 0.016323 0.011811,
        0.076735 0.019593 0.011811,
        0.295276 0.295276 0.011811,
        0.076735 -0.019777 0.011811,
        0.295276 -0.020017 0.011811,
        0.046589 -0.016419 0.011811,
        0.049546 -0.013305 0.011811,
        0.056570 -0.015456 0.011811,
        0.051643 -0.009561 0.011811,
        0.071454 -0.015456 0.011811,
        0.052828 -0.005394 0.011811,
        0.053209 -0.000835 0.011811,
        0.052643 0.004763 0.011811,
        0.041530 0.018475 0.011811,
        0.037141 0.019750 0.011811,
        0.033186 0.020073 0.011811,
        0.028473 0.019748 0.011811,
        0.023921 0.018513 0.011811,
        0.023921 0.013231 0.011811,
        0.028356 0.015130 0.011811,
        0.033141 0.015752 0.011811,
        0.034754 -0.020257 0.011811,
        0.295276 -0.295276 0.011811,
        0.033678 -0.020239 0.011811,
        -0.008727 -0.295276 0.011811,
        0.032096 -0.020017 0.011811,
        -0.295276 -0.295276 0.011811,
        -0.295276 -0.020017 0.011811,
        0.028118 -0.019459 0.011811,
        -0.047137 -0.019777 0.011811,
        -0.042290 -0.008987 0.011811,
        -0.040032 -0.012508 0.011811,
        -0.076904 -0.019777 0.011811,
        -0.082666 -0.019777 0.011811,
        -0.067302 0.019593 0.011811,
        -0.295276 0.295276 0.011811,
        -0.062020 0.019593 0.011811,
        -0.036792 -0.015611 0.011811,
        -0.032681 -0.018000 0.011811,
        -0.028144 -0.019352 0.011811,
        -0.023273 -0.019777 0.011811,
        -0.012568 -0.019777 0.011811,
        -0.012568 0.019593 0.011811,
        -0.023678 0.019593 0.011811,
        -0.038299 0.014459 0.011811,
        -0.041083 0.011372 0.011811,
        -0.042913 0.007987 0.011811,
        -0.029366 0.018985 0.011811,
        -0.033972 0.017368 0.011811,
        -0.038257 0.014496 0.011811,
        -0.052898 -0.019777 0.011811,
        -0.056657 -0.008734 0.011811,
        -0.072921 -0.008734 0.011811,
        -0.043970 0.004107 0.011811,
        -0.044256 0.000403 0.011811,
        -0.043704 -0.004866 0.011811,
        -0.069319 -0.036913 0.169291,
        -0.069983 -0.037593 0.169291,
        -0.055094 -0.052356 0.169291,
        -0.079430 -0.052356 0.169291,
        -0.085287 -0.046145 0.169291,
        -0.090935 -0.047214 0.169291,
        -0.096674 -0.047555 0.169291,
        -0.106379 -0.046537 0.169291,
        -0.295276 -0.052356 0.169291,
        -0.114232 -0.043831 0.169291,
        -0.121655 -0.038946 0.169291,
        -0.095399 0.033106 0.169291,
        -0.085822 0.032100 0.169291,
        -0.047852 0.295276 0.169291,
        -0.078101 0.029394 0.169291,
        -0.070970 0.024647 0.169291,
        -0.126353 0.018786 0.169291,
        -0.119650 0.025521 0.169291,
        -0.295276 0.295276 0.169291,
        -0.112626 0.029707 0.169291,
        -0.104439 0.032273 0.169291,
        -0.057935 -0.006624 0.169291,
        -0.059015 -0.017467 0.169291,
        -0.047852 -0.052356 0.169291,
        -0.127781 -0.032184 0.169291,
        -0.132068 -0.024091 0.169291,
        -0.134271 -0.015367 0.169291,
        -0.065250 0.018327 0.169291,
        -0.060887 0.010289 0.169291,
        -0.058520 0.001343 0.169291,
        -0.061977 -0.026427 0.169291,
        -0.066473 -0.033690 0.169291,
        -0.068662 -0.036227 0.169291,
        -0.134754 -0.008230 0.169291,
        -0.133809 0.002009 0.169291,
        -0.130937 0.011154 0.169291,
        -0.243863 -0.207699 0.169291,
        -0.050253 -0.057157 0.169291,
        -0.250984 -0.210649 0.169291,
        -0.074904 -0.057157 0.169291,
        -0.236220 -0.206693 0.169291,
        -0.228578 -0.207699 0.169291,
        -0.221457 -0.210649 0.169291,
        -0.257100 -0.215341 0.169291,
        -0.215341 -0.215341 0.169291,
        -0.210649 -0.221457 0.169291,
        -0.207699 -0.228578 0.169291,
        -0.047852 -0.295276 0.169291,
        -0.206693 -0.236220 0.169291,
        -0.295276 -0.295276 0.169291,
        -0.243863 -0.264742 0.169291,
        -0.250984 -0.261792 0.169291,
        -0.207699 -0.243863 0.169291,
        -0.210649 -0.250984 0.169291,
        -0.215341 -0.257100 0.169291,
        -0.257100 -0.257100 0.169291,
        -0.261792 -0.250984 0.169291,
        -0.264742 -0.243863 0.169291,
        -0.221457 -0.261792 0.169291,
        -0.228578 -0.264742 0.169291,
        -0.236220 -0.265748 0.169291,
        -0.265748 -0.236220 0.169291,
        -0.264742 -0.228578 0.169291,
        -0.261792 -0.221457 0.169291,
        0.028487 -0.046595 0.169291,
        0.012163 -0.046595 0.169291,
        0.140204 -0.002950 0.169291,
        0.136440 -0.005019 0.169291,
        0.141781 -0.007599 0.169291,
        0.295276 -0.052356 0.169291,
        0.082261 -0.046595 0.169291,
        0.065052 -0.046595 0.169291,
        -0.000320 0.032145 0.169291,
        0.295276 0.295276 0.169291,
        -0.045452 0.032145 0.169291,
        0.098869 -0.015931 0.169291,
        0.101679 -0.011850 0.169291,
        0.082261 0.032145 0.169291,
        0.027887 0.010750 0.169291,
        0.027632 0.010750 0.169291,
        0.029676 0.007492 0.169291,
        0.028341 0.004493 0.169291,
        0.031654 0.004343 0.169291,
        -0.002240 -0.001463 0.169291,
        -0.002240 -0.014907 0.169291,
        0.065937 0.032145 0.169291,
        0.149236 0.015671 0.169291,
        0.149478 0.012535 0.169291,
        -0.028587 0.018702 0.169291,
        -0.028587 -0.001463 0.169291,
        -0.000320 0.018702 0.169291,
        0.012163 0.032145 0.169291,
        0.099546 0.012325 0.169291,
        0.100271 0.017670 0.169291,
        0.101978 0.021728 0.169291,
        0.137954 0.030135 0.169291,
        0.142379 0.027323 0.169291,
        0.148629 -0.014558 0.169291,
        0.148863 0.008120 0.169291,
        0.145748 -0.010804 0.169291,
        0.147132 0.004178 0.169291,
        0.144130 0.000286 0.169291,
        -0.028167 -0.014907 0.169291,
        -0.028167 -0.046595 0.169291,
        -0.045452 -0.046595 0.169291,
        0.066582 -0.023624 0.169291,
        0.066837 -0.023624 0.169291,
        0.064665 -0.020471 0.169291,
        0.066067 -0.018217 0.169291,
        0.065937 -0.012746 0.169291,
        0.030483 0.032145 0.169291,
        0.062666 -0.017367 0.169291,
        0.151399 -0.025124 0.169291,
        0.150672 -0.030915 0.169291,
        0.149059 -0.035011 0.169291,
        0.105510 -0.008518 0.169291,
        0.106629 -0.001999 0.169291,
        0.109954 -0.006153 0.169291,
        0.111924 -0.005424 0.169291,
        0.145667 0.023876 0.169291,
        0.148154 0.019521 0.169291,
        0.150615 -0.019206 0.169291,
        0.109681 -0.044697 0.169291,
        0.104278 -0.041318 0.169291,
        0.100738 -0.037709 0.169291,
        0.098373 -0.033747 0.169291,
        0.103105 0.001678 0.169291,
        0.100966 0.005348 0.169291,
        0.099818 0.009113 0.169291,
        0.096976 -0.029068 0.169291,
        0.096665 -0.025274 0.169291,
        0.097281 -0.020131 0.169291,
        0.104711 0.025437 0.169291,
        0.108385 0.028572 0.169291,
        0.114143 0.031446 0.169291,
        0.120428 0.032885 0.169291,
        0.146333 -0.038871 0.169291,
        0.142751 -0.042109 0.169291,
        0.137805 -0.044950 0.169291,
        0.124407 0.033106 0.169291,
        0.131809 0.032308 0.169291,
        0.130596 -0.047044 0.169291,
        0.124032 -0.047555 0.169291,
        0.115983 -0.046760 0.169291,
        0.028487 -0.001808 0.169291,
        0.295276 -0.295276 0.169291,
      ]
    }
    coordIndex [
      0, 1, 2, -1,
      2, 1, 3, -1,
      2, 3, 4, -1,
      5, 6, 7, -1,
      8, 4, 9, -1,
      9, 4, 10, -1,
      11, 12, 13, -1,
      13, 12, 1, -1,
      13, 1, 14, -1,
      15, 16, 17, -1,
      17, 16, 18, -1,
      7, 14, 5, -1,
      5, 14, 1, -1,
      5, 1, 19, -1,
      19, 1, 0, -1,
      19, 0, 10, -1,
      20, 21, 22, -1,
      23, 24, 25, -1,
      25, 24, 26, -1,
      25, 26, 27, -1,
      28, 29, 25, -1,
      25, 29, 30, -1,
      31, 32, 33, -1,
      33, 32, 34, -1,
      30, 35, 25, -1,
      25, 35, 34, -1,
      25, 34, 36, -1,
      36, 34, 32, -1,
      27, 37, 25, -1,
      25, 37, 38, -1,
      25, 38, 28, -1,
      21, 39, 22, -1,
      22, 39, 0, -1,
      22, 0, 40, -1,
      40, 0, 41, -1,
      40, 41, 42, -1,
      42, 41, 43, -1,
      15, 44, 16, -1,
      16, 44, 45, -1,
      16, 45, 46, -1,
      46, 45, 47, -1,
      46, 47, 48, -1,
      47, 49, 48, -1,
      48, 49, 50, -1,
      48, 50, 22, -1,
      22, 50, 51, -1,
      22, 51, 20, -1,
      39, 52, 0, -1,
      0, 52, 53, -1,
      0, 53, 54, -1,
      54, 55, 0, -1,
      0, 55, 56, -1,
      0, 56, 10, -1,
      10, 56, 57, -1,
      10, 57, 9, -1,
      9, 57, 58, -1,
      9, 58, 25, -1,
      25, 58, 59, -1,
      25, 59, 23, -1,
      16, 42, 18, -1,
      18, 42, 43, -1,
      18, 43, 60, -1,
      60, 43, 61, -1,
      60, 61, 62, -1,
      62, 61, 63, -1,
      62, 63, 64, -1,
      65, 66, 63, -1,
      63, 66, 2, -1,
      63, 2, 64, -1,
      64, 2, 4, -1,
      64, 4, 67, -1,
      67, 4, 8, -1,
      68, 69, 70, -1,
      71, 2, 72, -1,
      72, 2, 66, -1,
      72, 66, 73, -1,
      73, 66, 74, -1,
      73, 74, 75, -1,
      75, 74, 0, -1,
      70, 76, 68, -1,
      68, 76, 77, -1,
      68, 77, 78, -1,
      79, 80, 2, -1,
      2, 80, 81, -1,
      2, 81, 0, -1,
      0, 81, 82, -1,
      83, 84, 75, -1,
      75, 84, 85, -1,
      82, 86, 0, -1,
      0, 86, 87, -1,
      0, 87, 75, -1,
      75, 87, 88, -1,
      75, 88, 83, -1,
      78, 79, 68, -1,
      68, 79, 2, -1,
      68, 2, 89, -1,
      89, 2, 71, -1,
      89, 71, 90, -1,
      90, 71, 91, -1,
      85, 92, 75, -1,
      75, 92, 93, -1,
      75, 93, 68, -1,
      68, 93, 94, -1,
      68, 94, 69, -1,
      95, 96, 97, -1,
      98, 99, 100, -1,
      100, 101, 98, -1,
      98, 101, 102, -1,
      98, 102, 103, -1,
      103, 102, 104, -1,
      103, 104, 105, -1,
      106, 107, 108, -1,
      108, 107, 109, -1,
      108, 109, 110, -1,
      111, 112, 113, -1,
      113, 112, 114, -1,
      113, 114, 108, -1,
      108, 114, 115, -1,
      108, 115, 106, -1,
      116, 117, 118, -1,
      105, 119, 103, -1,
      103, 119, 120, -1,
      103, 120, 121, -1,
      110, 122, 108, -1,
      108, 122, 123, -1,
      108, 123, 124, -1,
      117, 125, 118, -1,
      118, 125, 126, -1,
      118, 126, 127, -1,
      121, 128, 103, -1,
      103, 128, 129, -1,
      103, 129, 113, -1,
      113, 129, 130, -1,
      113, 130, 111, -1,
      95, 97, 127, -1,
      131, 132, 133, -1,
      133, 132, 134, -1,
      131, 135, 132, -1,
      132, 135, 136, -1,
      132, 136, 137, -1,
      138, 133, 103, -1,
      103, 133, 134, -1,
      103, 134, 98, -1,
      137, 139, 132, -1,
      132, 139, 140, -1,
      132, 140, 141, -1,
      127, 97, 118, -1,
      118, 97, 132, -1,
      118, 132, 142, -1,
      142, 132, 141, -1,
      142, 141, 143, -1,
      144, 145, 146, -1,
      143, 147, 142, -1,
      142, 147, 148, -1,
      142, 148, 149, -1,
      146, 150, 144, -1,
      144, 150, 151, -1,
      144, 151, 152, -1,
      149, 153, 142, -1,
      142, 153, 154, -1,
      142, 154, 144, -1,
      144, 154, 155, -1,
      144, 155, 145, -1,
      152, 156, 144, -1,
      144, 156, 157, -1,
      144, 157, 103, -1,
      103, 157, 158, -1,
      103, 158, 138, -1,
      159, 160, 118, -1,
      161, 162, 163, -1,
      164, 165, 166, -1,
      167, 168, 169, -1,
      169, 168, 108, -1,
      169, 108, 118, -1,
      118, 108, 124, -1,
      118, 124, 116, -1,
      170, 171, 172, -1,
      173, 174, 175, -1,
      175, 174, 176, -1,
      175, 176, 177, -1,
      177, 176, 166, -1,
      178, 179, 160, -1,
      180, 172, 168, -1,
      181, 182, 168, -1,
      183, 184, 185, -1,
      185, 184, 178, -1,
      185, 178, 186, -1,
      186, 178, 160, -1,
      187, 188, 172, -1,
      172, 188, 189, -1,
      190, 191, 168, -1,
      192, 193, 194, -1,
      194, 193, 195, -1,
      194, 195, 163, -1,
      163, 195, 196, -1,
      163, 196, 161, -1,
      179, 197, 160, -1,
      160, 197, 198, -1,
      160, 198, 118, -1,
      118, 198, 199, -1,
      118, 199, 169, -1,
      200, 201, 202, -1,
      202, 201, 203, -1,
      204, 205, 203, -1,
      203, 205, 206, -1,
      203, 206, 202, -1,
      207, 208, 164, -1,
      164, 208, 209, -1,
      171, 210, 211, -1,
      211, 210, 212, -1,
      211, 212, 213, -1,
      191, 214, 168, -1,
      168, 214, 215, -1,
      168, 215, 181, -1,
      182, 193, 168, -1,
      168, 193, 192, -1,
      168, 192, 164, -1,
      164, 192, 216, -1,
      164, 216, 207, -1,
      204, 180, 205, -1,
      205, 180, 168, -1,
      205, 168, 186, -1,
      186, 168, 167, -1,
      186, 167, 185, -1,
      217, 218, 165, -1,
      165, 218, 219, -1,
      165, 219, 220, -1,
      211, 221, 171, -1,
      171, 221, 222, -1,
      171, 222, 172, -1,
      172, 222, 223, -1,
      172, 223, 187, -1,
      220, 224, 165, -1,
      165, 224, 225, -1,
      165, 225, 172, -1,
      172, 225, 226, -1,
      172, 226, 170, -1,
      189, 227, 172, -1,
      172, 227, 228, -1,
      172, 228, 168, -1,
      168, 228, 229, -1,
      168, 229, 230, -1,
      209, 231, 164, -1,
      164, 231, 232, -1,
      164, 232, 233, -1,
      230, 234, 168, -1,
      168, 234, 235, -1,
      168, 235, 190, -1,
      233, 236, 164, -1,
      164, 236, 237, -1,
      164, 237, 165, -1,
      165, 237, 238, -1,
      165, 238, 217, -1,
      176, 239, 166, -1,
      166, 239, 159, -1,
      166, 159, 164, -1,
      164, 159, 118, -1,
      164, 118, 240, -1,
      240, 118, 142, -1,
      41, 168, 43, -1,
      43, 168, 164, -1,
      43, 164, 61, -1,
      61, 164, 240, -1,
      74, 113, 0, -1,
      0, 113, 108, -1,
      0, 108, 41, -1,
      41, 108, 168, -1,
      65, 144, 66, -1,
      66, 144, 103, -1,
      66, 103, 74, -1,
      74, 103, 113, -1,
      61, 240, 63, -1,
      63, 240, 142, -1,
      63, 142, 65, -1,
      65, 142, 144, -1,
    ]
  }
}

Shape {
  appearance Appearance {
    material Material {
      diffuseColor 0.4510 0.4314 0.4196
      specularColor 0.0314 0.0314 0.0314
      ambientIntensity 0.2
      transparency 0.0000
      shininess 0.5
    }
  }
  geometry IndexedFaceSet {
    ccw TRUE
    solid FALSE
    coord DEF co Coordinate {
      point [
        -0.069319 -0.036913 0.169291,
        -0.069983 -0.037593 0.169291,
        -0.055094 -0.052356 0.169291,
        -0.079430 -0.052356 0.169291,
        -0.085287 -0.046145 0.169291,
        -0.090935 -0.047214 0.169291,
        -0.096674 -0.047555 0.169291,
        -0.106379 -0.046537 0.169291,
        -0.114232 -0.043831 0.169291,
        -0.121655 -0.038946 0.169291,
        -0.095399 0.033106 0.169291,
        -0.085822 0.032100 0.169291,
        -0.078101 0.029394 0.169291,
        -0.070970 0.024647 0.169291,
        -0.126353 0.018786 0.169291,
        -0.119650 0.025521 0.169291,
        -0.112626 0.029707 0.169291,
        -0.104439 0.032273 0.169291,
        -0.057935 -0.006624 0.169291,
        -0.059015 -0.017467 0.169291,
        -0.127781 -0.032184 0.169291,
        -0.132068 -0.024091 0.169291,
        -0.134271 -0.015367 0.169291,
        -0.065250 0.018327 0.169291,
        -0.060887 0.010289 0.169291,
        -0.058520 0.001343 0.169291,
        -0.061977 -0.026427 0.169291,
        -0.066473 -0.033690 0.169291,
        -0.068662 -0.036227 0.169291,
        -0.134754 -0.008230 0.169291,
        -0.133809 0.002009 0.169291,
        -0.130937 0.011154 0.169291,
        -0.050253 -0.057157 0.169291,
        -0.074904 -0.057157 0.169291,
        -0.134754 -0.008230 0.165354,
        -0.134271 -0.015367 0.165354,
        -0.132068 -0.024091 0.165354,
        -0.127781 -0.032184 0.165354,
        -0.121655 -0.038946 0.165354,
        -0.114232 -0.043831 0.165354,
        -0.106379 -0.046537 0.165354,
        -0.096674 -0.047555 0.165354,
        -0.095399 0.033106 0.165354,
        -0.104439 0.032273 0.165354,
        -0.112626 0.029707 0.165354,
        -0.119650 0.025521 0.165354,
        -0.126353 0.018786 0.165354,
        -0.130937 0.011154 0.165354,
        -0.133809 0.002009 0.165354,
        -0.057935 -0.006624 0.165354,
        -0.058520 0.001343 0.165354,
        -0.060887 0.010289 0.165354,
        -0.065250 0.018327 0.165354,
        -0.070970 0.024647 0.165354,
        -0.078101 0.029394 0.165354,
        -0.085822 0.032100 0.165354,
        -0.068662 -0.036227 0.165354,
        -0.066473 -0.033690 0.165354,
        -0.061977 -0.026427 0.165354,
        -0.059015 -0.017467 0.165354,
        -0.069983 -0.037593 0.165354,
        -0.069319 -0.036913 0.165354,
        -0.050253 -0.057157 0.165354,
        -0.074904 -0.057157 0.165354,
        -0.085287 -0.046145 0.165354,
        -0.090935 -0.047214 0.165354,
        -0.086974 -0.031131 0.165354,
        -0.090990 -0.032560 0.165354,
        -0.083999 0.014887 0.165354,
        -0.081102 0.011933 0.165354,
        -0.076696 -0.017454 0.165354,
        -0.079098 -0.023391 0.165354,
        -0.096359 -0.033151 0.165354,
        -0.100967 -0.032694 0.165354,
        -0.104936 -0.031375 0.165354,
        -0.080765 -0.025922 0.165354,
        -0.083643 -0.028953 0.165354,
        -0.076241 0.000642 0.165354,
        -0.075519 -0.007630 0.165354,
        -0.075550 -0.009072 0.165354,
        -0.078112 0.006871 0.165354,
        -0.108301 -0.029281 0.165354,
        -0.111399 -0.026159 0.165354,
        -0.114345 -0.021333 0.165354,
        -0.116352 -0.015174 0.165354,
        -0.087335 0.016949 0.165354,
        -0.091212 0.018241 0.165354,
        -0.095909 0.018702 0.165354,
        -0.101396 0.018065 0.165354,
        -0.105429 0.016532 0.165354,
        -0.109114 0.013962 0.165354,
        -0.112543 0.009935 0.165354,
        -0.114980 0.005192 0.165354,
        -0.116755 -0.001864 0.165354,
        -0.117110 -0.007330 0.165354,
        -0.117110 -0.007330 0.169291,
        -0.116755 -0.001864 0.169291,
        -0.114980 0.005192 0.169291,
        -0.112543 0.009935 0.169291,
        -0.109114 0.013962 0.169291,
        -0.105429 0.016532 0.169291,
        -0.101396 0.018065 0.169291,
        -0.095909 0.018702 0.169291,
        -0.091212 0.018241 0.169291,
        -0.087335 0.016949 0.169291,
        -0.083999 0.014887 0.169291,
        -0.081102 0.011933 0.169291,
        -0.078112 0.006871 0.169291,
        -0.076241 0.000642 0.169291,
        -0.075519 -0.007630 0.169291,
        -0.075550 -0.009072 0.169291,
        -0.076696 -0.017454 0.169291,
        -0.079098 -0.023391 0.169291,
        -0.080765 -0.025922 0.169291,
        -0.083643 -0.028953 0.169291,
        -0.086974 -0.031131 0.169291,
        -0.090990 -0.032560 0.169291,
        -0.096359 -0.033151 0.169291,
        -0.100967 -0.032694 0.169291,
        -0.104936 -0.031375 0.169291,
        -0.108301 -0.029281 0.169291,
        -0.111399 -0.026159 0.169291,
        -0.114345 -0.021333 0.169291,
        -0.116352 -0.015174 0.169291,
      ]
    }
    coordIndex [
      34, 29, 22, -1,
      34, 22, 35, -1,
      35, 22, 21, -1,
      35, 21, 36, -1,
      36, 21, 20, -1,
      36, 20, 37, -1,
      37, 20, 9, -1,
      37, 9, 38, -1,
      38, 9, 8, -1,
      38, 8, 39, -1,
      39, 8, 7, -1,
      39, 7, 40, -1,
      40, 7, 6, -1,
      40, 6, 41, -1,
      42, 10, 17, -1,
      42, 17, 43, -1,
      43, 17, 16, -1,
      43, 16, 44, -1,
      44, 16, 15, -1,
      44, 15, 45, -1,
      45, 15, 14, -1,
      45, 14, 46, -1,
      46, 14, 31, -1,
      46, 31, 47, -1,
      47, 31, 30, -1,
      47, 30, 48, -1,
      48, 30, 29, -1,
      48, 29, 34, -1,
      49, 18, 25, -1,
      49, 25, 50, -1,
      50, 25, 24, -1,
      50, 24, 51, -1,
      51, 24, 23, -1,
      51, 23, 52, -1,
      52, 23, 13, -1,
      52, 13, 53, -1,
      53, 13, 12, -1,
      53, 12, 54, -1,
      54, 12, 11, -1,
      54, 11, 55, -1,
      55, 11, 10, -1,
      55, 10, 42, -1,
      56, 28, 27, -1,
      56, 27, 57, -1,
      57, 27, 26, -1,
      57, 26, 58, -1,
      58, 26, 19, -1,
      58, 19, 59, -1,
      59, 19, 18, -1,
      59, 18, 49, -1,
      60, 1, 0, -1,
      60, 0, 61, -1,
      61, 0, 28, -1,
      61, 28, 56, -1,
      1, 60, 2, -1,
      2, 60, 62, -1,
      2, 62, 32, -1,
      62, 63, 32, -1,
      32, 63, 33, -1,
      64, 4, 63, -1,
      63, 4, 3, -1,
      63, 3, 33, -1,
      41, 6, 5, -1,
      41, 5, 65, -1,
      65, 5, 4, -1,
      65, 4, 64, -1,
      64, 63, 62, -1,
      64, 66, 67, -1,
      68, 69, 53, -1,
      62, 60, 64, -1,
      64, 60, 70, -1,
      64, 70, 71, -1,
      64, 67, 65, -1,
      65, 67, 72, -1,
      65, 72, 41, -1,
      41, 72, 40, -1,
      40, 72, 73, -1,
      40, 73, 39, -1,
      39, 73, 74, -1,
      39, 74, 38, -1,
      71, 75, 64, -1,
      64, 75, 76, -1,
      64, 76, 66, -1,
      77, 78, 60, -1,
      60, 78, 79, -1,
      60, 79, 70, -1,
      53, 69, 52, -1,
      52, 69, 80, -1,
      52, 80, 51, -1,
      51, 80, 50, -1,
      50, 80, 77, -1,
      50, 77, 49, -1,
      60, 61, 77, -1,
      77, 61, 56, -1,
      77, 56, 57, -1,
      74, 81, 38, -1,
      38, 81, 82, -1,
      38, 82, 37, -1,
      37, 82, 83, -1,
      37, 83, 36, -1,
      36, 83, 84, -1,
      68, 53, 85, -1,
      85, 53, 54, -1,
      85, 54, 86, -1,
      86, 54, 55, -1,
      86, 55, 87, -1,
      87, 55, 42, -1,
      87, 42, 88, -1,
      88, 42, 43, -1,
      88, 43, 89, -1,
      89, 43, 44, -1,
      89, 44, 90, -1,
      90, 44, 45, -1,
      90, 45, 91, -1,
      91, 45, 46, -1,
      91, 46, 92, -1,
      92, 46, 47, -1,
      92, 47, 93, -1,
      93, 47, 48, -1,
      93, 48, 94, -1,
      94, 48, 34, -1,
      94, 34, 84, -1,
      84, 34, 35, -1,
      84, 35, 36, -1,
      57, 58, 77, -1,
      77, 58, 59, -1,
      77, 59, 49, -1,
      94, 95, 96, -1,
      94, 96, 93, -1,
      93, 96, 97, -1,
      93, 97, 92, -1,
      92, 97, 98, -1,
      92, 98, 91, -1,
      91, 98, 99, -1,
      91, 99, 90, -1,
      90, 99, 100, -1,
      90, 100, 89, -1,
      89, 100, 101, -1,
      89, 101, 88, -1,
      88, 101, 102, -1,
      88, 102, 87, -1,
      87, 102, 103, -1,
      87, 103, 86, -1,
      86, 103, 104, -1,
      86, 104, 85, -1,
      85, 104, 105, -1,
      85, 105, 68, -1,
      68, 105, 106, -1,
      68, 106, 69, -1,
      69, 106, 107, -1,
      69, 107, 80, -1,
      80, 107, 108, -1,
      80, 108, 77, -1,
      77, 108, 109, -1,
      77, 109, 78, -1,
      78, 109, 110, -1,
      78, 110, 79, -1,
      79, 110, 111, -1,
      79, 111, 70, -1,
      70, 111, 112, -1,
      70, 112, 71, -1,
      71, 112, 113, -1,
      71, 113, 75, -1,
      75, 113, 114, -1,
      75, 114, 76, -1,
      76, 114, 115, -1,
      76, 115, 66, -1,
      66, 115, 116, -1,
      66, 116, 67, -1,
      67, 116, 117, -1,
      67, 117, 72, -1,
      72, 117, 118, -1,
      72, 118, 73, -1,
      73, 118, 119, -1,
      73, 119, 74, -1,
      74, 119, 120, -1,
      74, 120, 81, -1,
      81, 120, 121, -1,
      81, 121, 82, -1,
      82, 121, 122, -1,
      82, 122, 83, -1,
      83, 122, 123, -1,
      83, 123, 84, -1,
      84, 123, 95, -1,
      84, 95, 94, -1,
    ]
  }
}

Shape {
  appearance Appearance {
    material Material {
      diffuseColor 0.2510 0.2510 0.2510
      specularColor 0.0745 0.0745 0.0745
      ambientIntensity 0.2
      transparency 0.0000
      shininess 0.5
    }
  }
  geometry IndexedFaceSet {
    ccw TRUE
    solid FALSE
    coord DEF co Coordinate {
      point [
        -0.117110 -0.007330 0.169291,
        -0.116755 -0.001864 0.169291,
        -0.114980 0.005192 0.169291,
        -0.112543 0.009935 0.169291,
        -0.109114 0.013962 0.169291,
        -0.105429 0.016532 0.169291,
        -0.101396 0.018065 0.169291,
        -0.095909 0.018702 0.169291,
        -0.091212 0.018241 0.169291,
        -0.087335 0.016949 0.169291,
        -0.083999 0.014887 0.169291,
        -0.081102 0.011933 0.169291,
        -0.078112 0.006871 0.169291,
        -0.076241 0.000642 0.169291,
        -0.075519 -0.007630 0.169291,
        -0.075550 -0.009072 0.169291,
        -0.076696 -0.017454 0.169291,
        -0.079098 -0.023391 0.169291,
        -0.080765 -0.025922 0.169291,
        -0.083643 -0.028953 0.169291,
        -0.086974 -0.031131 0.169291,
        -0.090990 -0.032560 0.169291,
        -0.096359 -0.033151 0.169291,
        -0.100967 -0.032694 0.169291,
        -0.104936 -0.031375 0.169291,
        -0.108301 -0.029281 0.169291,
        -0.111399 -0.026159 0.169291,
        -0.114345 -0.021333 0.169291,
        -0.116352 -0.015174 0.169291,
      ]
    }
    coordIndex [
      23, 22, 28, -1,
      0, 17, 16, -1,
      9, 8, 1, -1,
      1, 8, 7, -1,
      1, 7, 2, -1,
      20, 19, 0, -1,
      0, 19, 18, -1,
      0, 18, 17, -1,
      27, 26, 25, -1,
      28, 22, 0, -1,
      0, 22, 21, -1,
      0, 21, 20, -1,
      7, 6, 5, -1,
      27, 25, 28, -1,
      28, 25, 24, -1,
      28, 24, 23, -1,
      16, 15, 0, -1,
      0, 15, 14, -1,
      0, 14, 1, -1,
      1, 14, 13, -1,
      1, 13, 12, -1,
      5, 4, 7, -1,
      7, 4, 3, -1,
      7, 3, 2, -1,
      12, 11, 1, -1,
      1, 11, 10, -1,
      1, 10, 9, -1,
    ]
  }
}

Shape {
  appearance Appearance {
    material Material {
      diffuseColor 0.4510 0.4314 0.4196
      specularColor 0.0314 0.0314 0.0314
      ambientIntensity 0.2
      transparency 0.0000
      shininess 0.5
    }
  }
  geometry IndexedFaceSet {
    ccw TRUE
    solid FALSE
    coord DEF co Coordinate {
      point [
        0.028487 -0.046595 0.169291,
        0.012163 -0.046595 0.169291,
        0.140204 -0.002950 0.169291,
        0.136440 -0.005019 0.169291,
        0.141781 -0.007599 0.169291,
        0.082261 -0.046595 0.169291,
        0.065052 -0.046595 0.169291,
        -0.000320 0.032145 0.169291,
        -0.045452 0.032145 0.169291,
        0.098869 -0.015931 0.169291,
        0.101679 -0.011850 0.169291,
        0.082261 0.032145 0.169291,
        0.027887 0.010750 0.169291,
        0.027632 0.010750 0.169291,
        0.029676 0.007492 0.169291,
        0.028341 0.004493 0.169291,
        0.031654 0.004343 0.169291,
        -0.002240 -0.001463 0.169291,
        -0.002240 -0.014907 0.169291,
        0.065937 0.032145 0.169291,
        0.149236 0.015671 0.169291,
        0.149478 0.012535 0.169291,
        -0.028587 0.018702 0.169291,
        -0.028587 -0.001463 0.169291,
        -0.000320 0.018702 0.169291,
        0.012163 0.032145 0.169291,
        0.099546 0.012325 0.169291,
        0.100271 0.017670 0.169291,
        0.101978 0.021728 0.169291,
        0.137954 0.030135 0.169291,
        0.142379 0.027323 0.169291,
        0.148629 -0.014558 0.169291,
        0.148863 0.008120 0.169291,
        0.145748 -0.010804 0.169291,
        0.147132 0.004178 0.169291,
        0.144130 0.000286 0.169291,
        -0.028167 -0.014907 0.169291,
        -0.028167 -0.046595 0.169291,
        -0.045452 -0.046595 0.169291,
        0.066582 -0.023624 0.169291,
        0.066837 -0.023624 0.169291,
        0.064665 -0.020471 0.169291,
        0.066067 -0.018217 0.169291,
        0.065937 -0.012746 0.169291,
        0.030483 0.032145 0.169291,
        0.062666 -0.017367 0.169291,
        0.151399 -0.025124 0.169291,
        0.150672 -0.030915 0.169291,
        0.149059 -0.035011 0.169291,
        0.105510 -0.008518 0.169291,
        0.106629 -0.001999 0.169291,
        0.109954 -0.006153 0.169291,
        0.111924 -0.005424 0.169291,
        0.145667 0.023876 0.169291,
        0.148154 0.019521 0.169291,
        0.150615 -0.019206 0.169291,
        0.109681 -0.044697 0.169291,
        0.104278 -0.041318 0.169291,
        0.100738 -0.037709 0.169291,
        0.098373 -0.033747 0.169291,
        0.103105 0.001678 0.169291,
        0.100966 0.005348 0.169291,
        0.099818 0.009113 0.169291,
        0.096976 -0.029068 0.169291,
        0.096665 -0.025274 0.169291,
        0.097281 -0.020131 0.169291,
        0.104711 0.025437 0.169291,
        0.108385 0.028572 0.169291,
        0.114143 0.031446 0.169291,
        0.120428 0.032885 0.169291,
        0.146333 -0.038871 0.169291,
        0.142751 -0.042109 0.169291,
        0.137805 -0.044950 0.169291,
        0.124407 0.033106 0.169291,
        0.131809 0.032308 0.169291,
        0.130596 -0.047044 0.169291,
        0.124032 -0.047555 0.169291,
        0.115983 -0.046760 0.169291,
        0.028487 -0.001808 0.169291,
        -0.000320 0.032145 0.165354,
        -0.000320 0.018702 0.165354,
        -0.028587 0.018702 0.165354,
        -0.028587 -0.001463 0.165354,
        -0.002240 -0.001463 0.165354,
        -0.002240 -0.014907 0.165354,
        -0.028167 -0.014907 0.165354,
        -0.028167 -0.046595 0.165354,
        -0.045452 -0.046595 0.165354,
        -0.045452 0.032145 0.165354,
        0.082261 0.032145 0.165354,
        0.082261 -0.046595 0.165354,
        0.065052 -0.046595 0.165354,
        0.031654 0.004343 0.165354,
        0.027887 0.010750 0.165354,
        0.029676 0.007492 0.165354,
        0.027632 0.010750 0.165354,
        0.028487 -0.001808 0.165354,
        0.028341 0.004493 0.165354,
        0.028487 -0.046595 0.165354,
        0.012163 -0.046595 0.165354,
        0.012163 0.032145 0.165354,
        0.030483 0.032145 0.165354,
        0.062666 -0.017367 0.165354,
        0.066582 -0.023624 0.165354,
        0.064665 -0.020471 0.165354,
        0.066837 -0.023624 0.165354,
        0.065937 -0.012746 0.165354,
        0.066067 -0.018217 0.165354,
        0.065937 0.032145 0.165354,
        0.096665 -0.025274 0.165354,
        0.096976 -0.029068 0.165354,
        0.098373 -0.033747 0.165354,
        0.100738 -0.037709 0.165354,
        0.104278 -0.041318 0.165354,
        0.109681 -0.044697 0.165354,
        0.115983 -0.046760 0.165354,
        0.124032 -0.047555 0.165354,
        0.111924 -0.005424 0.165354,
        0.109954 -0.006153 0.165354,
        0.105510 -0.008518 0.165354,
        0.101679 -0.011850 0.165354,
        0.098869 -0.015931 0.165354,
        0.097281 -0.020131 0.165354,
        0.099546 0.012325 0.165354,
        0.099818 0.009113 0.165354,
        0.100966 0.005348 0.165354,
        0.103105 0.001678 0.165354,
        0.106629 -0.001999 0.165354,
        0.124407 0.033106 0.165354,
        0.120428 0.032885 0.165354,
        0.114143 0.031446 0.165354,
        0.108385 0.028572 0.165354,
        0.104711 0.025437 0.165354,
        0.101978 0.021728 0.165354,
        0.100271 0.017670 0.165354,
        0.149478 0.012535 0.165354,
        0.149236 0.015671 0.165354,
        0.148154 0.019521 0.165354,
        0.145667 0.023876 0.165354,
        0.142379 0.027323 0.165354,
        0.137954 0.030135 0.165354,
        0.131809 0.032308 0.165354,
        0.136440 -0.005019 0.165354,
        0.140204 -0.002950 0.165354,
        0.144130 0.000286 0.165354,
        0.147132 0.004178 0.165354,
        0.148863 0.008120 0.165354,
        0.151399 -0.025124 0.165354,
        0.150615 -0.019206 0.165354,
        0.148629 -0.014558 0.165354,
        0.145748 -0.010804 0.165354,
        0.141781 -0.007599 0.165354,
        0.130596 -0.047044 0.165354,
        0.137805 -0.044950 0.165354,
        0.142751 -0.042109 0.165354,
        0.146333 -0.038871 0.165354,
        0.149059 -0.035011 0.165354,
        0.150672 -0.030915 0.165354,
        0.124032 -0.036032 0.165354,
        0.118362 -0.013200 0.165354,
        0.116017 -0.014787 0.165354,
        0.114081 -0.016958 0.165354,
        0.126236 -0.012131 0.165354,
        0.124512 0.000292 0.165354,
        0.124032 -0.011966 0.165354,
        0.120857 -0.012307 0.165354,
        0.122767 0.000443 0.165354,
        0.120949 0.000970 0.165354,
        0.119120 0.002004 0.165354,
        0.132241 0.004459 0.165354,
        0.130666 0.002667 0.165354,
        0.128974 0.001430 0.165354,
        0.127089 0.000641 0.165354,
        0.117518 0.003507 0.165354,
        0.116181 0.005478 0.165354,
        0.115254 0.007865 0.165354,
        0.128854 -0.012859 0.165354,
        0.131133 -0.014135 0.165354,
        0.133041 -0.015858 0.165354,
        0.134701 -0.018210 0.165354,
        0.135656 -0.020726 0.165354,
        0.133777 0.013878 0.165354,
        0.134115 0.010840 0.165354,
        0.128152 0.020872 0.165354,
        0.129906 0.019856 0.165354,
        0.131543 0.018276 0.165354,
        0.132891 0.016256 0.165354,
        0.133974 0.008946 0.165354,
        0.133351 0.006560 0.165354,
        0.114910 0.010840 0.165354,
        0.115102 0.013172 0.165354,
        0.115843 0.015664 0.165354,
        0.117034 0.017769 0.165354,
        0.118527 0.019428 0.165354,
        0.120306 0.020639 0.165354,
        0.122065 0.021294 0.165354,
        0.124512 0.021583 0.165354,
        0.126366 0.021413 0.165354,
        0.127218 -0.035688 0.165354,
        0.129759 -0.034796 0.165354,
        0.132109 -0.033243 0.165354,
        0.133891 -0.031298 0.165354,
        0.135188 -0.028909 0.165354,
        0.135870 -0.026270 0.165354,
        0.136035 -0.023954 0.165354,
        0.121349 -0.035807 0.165354,
        0.118784 -0.035078 0.165354,
        0.116500 -0.033789 0.165354,
        0.114561 -0.031928 0.165354,
        0.113219 -0.029781 0.165354,
        0.112356 -0.027155 0.165354,
        0.112869 -0.019243 0.165354,
        0.112181 -0.021833 0.165354,
        0.112029 -0.023954 0.165354,
        0.112029 -0.023954 0.169291,
        0.112181 -0.021833 0.169291,
        0.112869 -0.019243 0.169291,
        0.114081 -0.016958 0.169291,
        0.116017 -0.014787 0.169291,
        0.118362 -0.013200 0.169291,
        0.120857 -0.012307 0.169291,
        0.124032 -0.011966 0.169291,
        0.126236 -0.012131 0.169291,
        0.128854 -0.012859 0.169291,
        0.131133 -0.014135 0.169291,
        0.133041 -0.015858 0.169291,
        0.134701 -0.018210 0.169291,
        0.135656 -0.020726 0.169291,
        0.136035 -0.023954 0.169291,
        0.135870 -0.026270 0.169291,
        0.135188 -0.028909 0.169291,
        0.133891 -0.031298 0.169291,
        0.132109 -0.033243 0.169291,
        0.129759 -0.034796 0.169291,
        0.127218 -0.035688 0.169291,
        0.124032 -0.036032 0.169291,
        0.121349 -0.035807 0.169291,
        0.118784 -0.035078 0.169291,
        0.116500 -0.033789 0.169291,
        0.114561 -0.031928 0.169291,
        0.113219 -0.029781 0.169291,
        0.112356 -0.027155 0.169291,
        0.114910 0.010840 0.169291,
        0.115102 0.013172 0.169291,
        0.115843 0.015664 0.169291,
        0.117034 0.017769 0.169291,
        0.118527 0.019428 0.169291,
        0.120306 0.020639 0.169291,
        0.122065 0.021294 0.169291,
        0.124512 0.021583 0.169291,
        0.126366 0.021413 0.169291,
        0.128152 0.020872 0.169291,
        0.129906 0.019856 0.169291,
        0.131543 0.018276 0.169291,
        0.132891 0.016256 0.169291,
        0.133777 0.013878 0.169291,
        0.134115 0.010840 0.169291,
        0.133974 0.008946 0.169291,
        0.133351 0.006560 0.169291,
        0.132241 0.004459 0.169291,
        0.130666 0.002667 0.169291,
        0.128974 0.001430 0.169291,
        0.127089 0.000641 0.169291,
        0.124512 0.000292 0.169291,
        0.122767 0.000443 0.169291,
        0.120949 0.000970 0.169291,
        0.119120 0.002004 0.169291,
        0.117518 0.003507 0.169291,
        0.116181 0.005478 0.169291,
        0.115254 0.007865 0.169291,
      ]
    }
    coordIndex [
      79, 80, 7, -1,
      7, 80, 24, -1,
      80, 81, 24, -1,
      24, 81, 22, -1,
      81, 82, 22, -1,
      22, 82, 23, -1,
      82, 83, 23, -1,
      23, 83, 17, -1,
      83, 84, 17, -1,
      17, 84, 18, -1,
      84, 85, 18, -1,
      18, 85, 36, -1,
      85, 86, 36, -1,
      36, 86, 37, -1,
      86, 87, 37, -1,
      37, 87, 38, -1,
      87, 88, 38, -1,
      38, 88, 8, -1,
      88, 79, 8, -1,
      8, 79, 7, -1,
      87, 86, 88, -1,
      88, 86, 85, -1,
      80, 79, 81, -1,
      81, 79, 88, -1,
      81, 88, 82, -1,
      82, 88, 85, -1,
      82, 85, 83, -1,
      83, 85, 84, -1,
      89, 90, 11, -1,
      11, 90, 5, -1,
      90, 91, 5, -1,
      5, 91, 6, -1,
      91, 92, 6, -1,
      6, 92, 16, -1,
      93, 12, 14, -1,
      93, 14, 94, -1,
      94, 14, 16, -1,
      94, 16, 92, -1,
      93, 95, 12, -1,
      12, 95, 13, -1,
      96, 78, 15, -1,
      96, 15, 97, -1,
      97, 15, 13, -1,
      97, 13, 95, -1,
      96, 98, 78, -1,
      78, 98, 0, -1,
      98, 99, 0, -1,
      0, 99, 1, -1,
      99, 100, 1, -1,
      1, 100, 25, -1,
      100, 101, 25, -1,
      25, 101, 44, -1,
      101, 102, 44, -1,
      44, 102, 45, -1,
      103, 39, 41, -1,
      103, 41, 104, -1,
      104, 41, 45, -1,
      104, 45, 102, -1,
      103, 105, 39, -1,
      39, 105, 40, -1,
      106, 43, 42, -1,
      106, 42, 107, -1,
      107, 42, 40, -1,
      107, 40, 105, -1,
      106, 108, 43, -1,
      43, 108, 19, -1,
      108, 89, 19, -1,
      19, 89, 11, -1,
      89, 108, 90, -1,
      90, 108, 106, -1,
      99, 98, 100, -1,
      100, 98, 96, -1,
      96, 97, 100, -1,
      100, 97, 95, -1,
      100, 95, 101, -1,
      101, 95, 93, -1,
      106, 107, 90, -1,
      90, 107, 105, -1,
      90, 105, 91, -1,
      91, 105, 103, -1,
      103, 104, 91, -1,
      91, 104, 102, -1,
      91, 102, 92, -1,
      92, 102, 101, -1,
      92, 101, 94, -1,
      94, 101, 93, -1,
      109, 64, 63, -1,
      109, 63, 110, -1,
      110, 63, 59, -1,
      110, 59, 111, -1,
      111, 59, 58, -1,
      111, 58, 112, -1,
      112, 58, 57, -1,
      112, 57, 113, -1,
      113, 57, 56, -1,
      113, 56, 114, -1,
      114, 56, 77, -1,
      114, 77, 115, -1,
      115, 77, 76, -1,
      115, 76, 116, -1,
      117, 52, 51, -1,
      117, 51, 118, -1,
      118, 51, 49, -1,
      118, 49, 119, -1,
      119, 49, 10, -1,
      119, 10, 120, -1,
      120, 10, 9, -1,
      120, 9, 121, -1,
      121, 9, 65, -1,
      121, 65, 122, -1,
      122, 65, 64, -1,
      122, 64, 109, -1,
      123, 26, 62, -1,
      123, 62, 124, -1,
      124, 62, 61, -1,
      124, 61, 125, -1,
      125, 61, 60, -1,
      125, 60, 126, -1,
      126, 60, 50, -1,
      126, 50, 127, -1,
      127, 50, 52, -1,
      127, 52, 117, -1,
      128, 73, 69, -1,
      128, 69, 129, -1,
      129, 69, 68, -1,
      129, 68, 130, -1,
      130, 68, 67, -1,
      130, 67, 131, -1,
      131, 67, 66, -1,
      131, 66, 132, -1,
      132, 66, 28, -1,
      132, 28, 133, -1,
      133, 28, 27, -1,
      133, 27, 134, -1,
      134, 27, 26, -1,
      134, 26, 123, -1,
      135, 21, 20, -1,
      135, 20, 136, -1,
      136, 20, 54, -1,
      136, 54, 137, -1,
      137, 54, 53, -1,
      137, 53, 138, -1,
      138, 53, 30, -1,
      138, 30, 139, -1,
      139, 30, 29, -1,
      139, 29, 140, -1,
      140, 29, 74, -1,
      140, 74, 141, -1,
      141, 74, 73, -1,
      141, 73, 128, -1,
      142, 3, 2, -1,
      142, 2, 143, -1,
      143, 2, 35, -1,
      143, 35, 144, -1,
      144, 35, 34, -1,
      144, 34, 145, -1,
      145, 34, 32, -1,
      145, 32, 146, -1,
      146, 32, 21, -1,
      146, 21, 135, -1,
      147, 46, 55, -1,
      147, 55, 148, -1,
      148, 55, 31, -1,
      148, 31, 149, -1,
      149, 31, 33, -1,
      149, 33, 150, -1,
      150, 33, 4, -1,
      150, 4, 151, -1,
      151, 4, 3, -1,
      151, 3, 142, -1,
      116, 76, 75, -1,
      116, 75, 152, -1,
      152, 75, 72, -1,
      152, 72, 153, -1,
      153, 72, 71, -1,
      153, 71, 154, -1,
      154, 71, 70, -1,
      154, 70, 155, -1,
      155, 70, 48, -1,
      155, 48, 156, -1,
      156, 48, 47, -1,
      156, 47, 157, -1,
      157, 47, 46, -1,
      157, 46, 147, -1,
      115, 116, 158, -1,
      159, 117, 160, -1,
      160, 117, 118, -1,
      160, 118, 161, -1,
      162, 163, 164, -1,
      164, 163, 165, -1,
      166, 117, 163, -1,
      163, 117, 159, -1,
      163, 159, 165, -1,
      166, 167, 117, -1,
      117, 167, 168, -1,
      117, 168, 127, -1,
      169, 170, 142, -1,
      142, 170, 171, -1,
      142, 171, 162, -1,
      162, 171, 172, -1,
      162, 172, 163, -1,
      168, 173, 127, -1,
      127, 173, 174, -1,
      127, 174, 126, -1,
      126, 174, 175, -1,
      126, 175, 125, -1,
      162, 176, 142, -1,
      142, 176, 177, -1,
      142, 177, 151, -1,
      151, 177, 178, -1,
      151, 178, 150, -1,
      150, 178, 179, -1,
      150, 179, 149, -1,
      149, 179, 180, -1,
      142, 181, 182, -1,
      141, 183, 140, -1,
      140, 183, 184, -1,
      140, 184, 139, -1,
      139, 184, 185, -1,
      139, 185, 138, -1,
      138, 185, 186, -1,
      138, 186, 137, -1,
      137, 186, 181, -1,
      137, 181, 136, -1,
      182, 187, 142, -1,
      142, 187, 188, -1,
      142, 188, 169, -1,
      125, 175, 124, -1,
      124, 175, 189, -1,
      124, 189, 123, -1,
      123, 189, 190, -1,
      123, 190, 134, -1,
      134, 190, 133, -1,
      133, 190, 191, -1,
      133, 191, 132, -1,
      132, 191, 192, -1,
      132, 192, 131, -1,
      131, 192, 193, -1,
      131, 193, 130, -1,
      130, 193, 194, -1,
      130, 194, 129, -1,
      129, 194, 195, -1,
      129, 195, 128, -1,
      128, 195, 196, -1,
      128, 196, 141, -1,
      141, 196, 197, -1,
      141, 197, 183, -1,
      158, 116, 198, -1,
      198, 116, 152, -1,
      198, 152, 199, -1,
      199, 152, 153, -1,
      199, 153, 200, -1,
      200, 153, 154, -1,
      200, 154, 201, -1,
      201, 154, 155, -1,
      201, 155, 202, -1,
      202, 155, 156, -1,
      202, 156, 203, -1,
      203, 156, 157, -1,
      203, 157, 204, -1,
      204, 157, 147, -1,
      204, 147, 180, -1,
      180, 147, 148, -1,
      180, 148, 149, -1,
      142, 143, 181, -1,
      181, 143, 144, -1,
      181, 144, 145, -1,
      158, 205, 115, -1,
      115, 205, 206, -1,
      115, 206, 114, -1,
      114, 206, 207, -1,
      114, 207, 113, -1,
      113, 207, 208, -1,
      113, 208, 112, -1,
      112, 208, 209, -1,
      112, 209, 111, -1,
      111, 209, 210, -1,
      145, 146, 181, -1,
      181, 146, 135, -1,
      181, 135, 136, -1,
      118, 119, 161, -1,
      161, 119, 120, -1,
      161, 120, 211, -1,
      211, 120, 121, -1,
      211, 121, 212, -1,
      212, 121, 122, -1,
      212, 122, 213, -1,
      213, 122, 109, -1,
      213, 109, 210, -1,
      210, 109, 110, -1,
      210, 110, 111, -1,
      213, 214, 215, -1,
      213, 215, 212, -1,
      212, 215, 216, -1,
      212, 216, 211, -1,
      211, 216, 217, -1,
      211, 217, 161, -1,
      161, 217, 218, -1,
      161, 218, 160, -1,
      160, 218, 219, -1,
      160, 219, 159, -1,
      159, 219, 220, -1,
      159, 220, 165, -1,
      165, 220, 221, -1,
      165, 221, 164, -1,
      164, 221, 222, -1,
      164, 222, 162, -1,
      162, 222, 223, -1,
      162, 223, 176, -1,
      176, 223, 224, -1,
      176, 224, 177, -1,
      177, 224, 225, -1,
      177, 225, 178, -1,
      178, 225, 226, -1,
      178, 226, 179, -1,
      179, 226, 227, -1,
      179, 227, 180, -1,
      180, 227, 228, -1,
      180, 228, 204, -1,
      204, 228, 229, -1,
      204, 229, 203, -1,
      203, 229, 230, -1,
      203, 230, 202, -1,
      202, 230, 231, -1,
      202, 231, 201, -1,
      201, 231, 232, -1,
      201, 232, 200, -1,
      200, 232, 233, -1,
      200, 233, 199, -1,
      199, 233, 234, -1,
      199, 234, 198, -1,
      198, 234, 235, -1,
      198, 235, 158, -1,
      158, 235, 236, -1,
      158, 236, 205, -1,
      205, 236, 237, -1,
      205, 237, 206, -1,
      206, 237, 238, -1,
      206, 238, 207, -1,
      207, 238, 239, -1,
      207, 239, 208, -1,
      208, 239, 240, -1,
      208, 240, 209, -1,
      209, 240, 241, -1,
      209, 241, 210, -1,
      210, 241, 214, -1,
      210, 214, 213, -1,
      189, 242, 243, -1,
      189, 243, 190, -1,
      190, 243, 244, -1,
      190, 244, 191, -1,
      191, 244, 245, -1,
      191, 245, 192, -1,
      192, 245, 246, -1,
      192, 246, 193, -1,
      193, 246, 247, -1,
      193, 247, 194, -1,
      194, 247, 248, -1,
      194, 248, 195, -1,
      195, 248, 249, -1,
      195, 249, 196, -1,
      196, 249, 250, -1,
      196, 250, 197, -1,
      197, 250, 251, -1,
      197, 251, 183, -1,
      183, 251, 252, -1,
      183, 252, 184, -1,
      184, 252, 253, -1,
      184, 253, 185, -1,
      185, 253, 254, -1,
      185, 254, 186, -1,
      186, 254, 255, -1,
      186, 255, 181, -1,
      181, 255, 256, -1,
      181, 256, 182, -1,
      182, 256, 257, -1,
      182, 257, 187, -1,
      187, 257, 258, -1,
      187, 258, 188, -1,
      188, 258, 259, -1,
      188, 259, 169, -1,
      169, 259, 260, -1,
      169, 260, 170, -1,
      170, 260, 261, -1,
      170, 261, 171, -1,
      171, 261, 262, -1,
      171, 262, 172, -1,
      172, 262, 263, -1,
      172, 263, 163, -1,
      163, 263, 264, -1,
      163, 264, 166, -1,
      166, 264, 265, -1,
      166, 265, 167, -1,
      167, 265, 266, -1,
      167, 266, 168, -1,
      168, 266, 267, -1,
      168, 267, 173, -1,
      173, 267, 268, -1,
      173, 268, 174, -1,
      174, 268, 269, -1,
      174, 269, 175, -1,
      175, 269, 242, -1,
      175, 242, 189, -1,
    ]
  }
}

Shape {
  appearance Appearance {
    material Material {
      diffuseColor 0.2510 0.2510 0.2510
      specularColor 0.0745 0.0745 0.0745
      ambientIntensity 0.2
      transparency 0.0000
      shininess 0.5
    }
  }
  geometry IndexedFaceSet {
    ccw TRUE
    solid FALSE
    coord DEF co Coordinate {
      point [
        0.112029 -0.023954 0.169291,
        0.112181 -0.021833 0.169291,
        0.112869 -0.019243 0.169291,
        0.114081 -0.016958 0.169291,
        0.116017 -0.014787 0.169291,
        0.118362 -0.013200 0.169291,
        0.120857 -0.012307 0.169291,
        0.124032 -0.011966 0.169291,
        0.126236 -0.012131 0.169291,
        0.128854 -0.012859 0.169291,
        0.131133 -0.014135 0.169291,
        0.133041 -0.015858 0.169291,
        0.134701 -0.018210 0.169291,
        0.135656 -0.020726 0.169291,
        0.136035 -0.023954 0.169291,
        0.135870 -0.026270 0.169291,
        0.135188 -0.028909 0.169291,
        0.133891 -0.031298 0.169291,
        0.132109 -0.033243 0.169291,
        0.129759 -0.034796 0.169291,
        0.127218 -0.035688 0.169291,
        0.124032 -0.036032 0.169291,
        0.121349 -0.035807 0.169291,
        0.118784 -0.035078 0.169291,
        0.116500 -0.033789 0.169291,
        0.114561 -0.031928 0.169291,
        0.113219 -0.029781 0.169291,
        0.112356 -0.027155 0.169291,
        0.114910 0.010840 0.169291,
        0.115102 0.013172 0.169291,
        0.115843 0.015664 0.169291,
        0.117034 0.017769 0.169291,
        0.118527 0.019428 0.169291,
        0.120306 0.020639 0.169291,
        0.122065 0.021294 0.169291,
        0.124512 0.021583 0.169291,
        0.126366 0.021413 0.169291,
        0.128152 0.020872 0.169291,
        0.129906 0.019856 0.169291,
        0.131543 0.018276 0.169291,
        0.132891 0.016256 0.169291,
        0.133777 0.013878 0.169291,
        0.134115 0.010840 0.169291,
        0.133974 0.008946 0.169291,
        0.133351 0.006560 0.169291,
        0.132241 0.004459 0.169291,
        0.130666 0.002667 0.169291,
        0.128974 0.001430 0.169291,
        0.127089 0.000641 0.169291,
        0.124512 0.000292 0.169291,
        0.122767 0.000443 0.169291,
        0.120949 0.000970 0.169291,
        0.119120 0.002004 0.169291,
        0.117518 0.003507 0.169291,
        0.116181 0.005478 0.169291,
        0.115254 0.007865 0.169291,
      ]
    }
    coordIndex [
      15, 14, 0, -1,
      13, 12, 11, -1,
      3, 2, 14, -1,
      14, 2, 1, -1,
      14, 1, 0, -1,
      9, 8, 14, -1,
      14, 8, 7, -1,
      14, 7, 6, -1,
      13, 11, 14, -1,
      14, 11, 10, -1,
      14, 10, 9, -1,
      25, 24, 23, -1,
      21, 20, 0, -1,
      0, 20, 19, -1,
      0, 19, 18, -1,
      18, 17, 0, -1,
      0, 17, 16, -1,
      0, 16, 15, -1,
      6, 5, 14, -1,
      14, 5, 4, -1,
      14, 4, 3, -1,
      21, 0, 22, -1,
      22, 0, 27, -1,
      22, 27, 23, -1,
      23, 27, 26, -1,
      23, 26, 25, -1,
      29, 43, 42, -1,
      47, 46, 29, -1,
      29, 36, 35, -1,
      47, 29, 48, -1,
      46, 45, 29, -1,
      29, 45, 44, -1,
      29, 44, 43, -1,
      55, 54, 28, -1,
      28, 54, 53, -1,
      28, 53, 52, -1,
      52, 51, 28, -1,
      28, 51, 50, -1,
      28, 50, 29, -1,
      29, 50, 49, -1,
      29, 49, 48, -1,
      42, 41, 29, -1,
      29, 41, 40, -1,
      29, 40, 39, -1,
      39, 38, 29, -1,
      29, 38, 37, -1,
      29, 37, 36, -1,
      33, 32, 34, -1,
      34, 32, 31, -1,
      34, 31, 35, -1,
      35, 31, 30, -1,
      35, 30, 29, -1,
    ]
  }
}

Shape {
  appearance Appearance {
    material Material {
      diffuseColor 0.4510 0.4314 0.4196
      specularColor 0.0314 0.0314 0.0314
      ambientIntensity 0.2
      transparency 0.0000
      shininess 0.5
    }
  }
  geometry IndexedFaceSet {
    ccw TRUE
    solid FALSE
    coord DEF co Coordinate {
      point [
        -0.243863 -0.207699 0.169291,
        -0.250984 -0.210649 0.169291,
        -0.236220 -0.206693 0.169291,
        -0.228578 -0.207699 0.169291,
        -0.221457 -0.210649 0.169291,
        -0.257100 -0.215341 0.169291,
        -0.215341 -0.215341 0.169291,
        -0.210649 -0.221457 0.169291,
        -0.207699 -0.228578 0.169291,
        -0.206693 -0.236220 0.169291,
        -0.243863 -0.264742 0.169291,
        -0.250984 -0.261792 0.169291,
        -0.207699 -0.243863 0.169291,
        -0.210649 -0.250984 0.169291,
        -0.215341 -0.257100 0.169291,
        -0.257100 -0.257100 0.169291,
        -0.261792 -0.250984 0.169291,
        -0.264742 -0.243863 0.169291,
        -0.221457 -0.261792 0.169291,
        -0.228578 -0.264742 0.169291,
        -0.236220 -0.265748 0.169291,
        -0.265748 -0.236220 0.169291,
        -0.264742 -0.228578 0.169291,
        -0.261792 -0.221457 0.169291,
        -0.206693 -0.236220 0.165354,
        -0.207699 -0.228578 0.165354,
        -0.210649 -0.221457 0.165354,
        -0.215341 -0.215341 0.165354,
        -0.221457 -0.210649 0.165354,
        -0.228578 -0.207699 0.165354,
        -0.236220 -0.206693 0.165354,
        -0.243863 -0.207699 0.165354,
        -0.250984 -0.210649 0.165354,
        -0.257100 -0.215341 0.165354,
        -0.261792 -0.221457 0.165354,
        -0.264742 -0.228578 0.165354,
        -0.265748 -0.236220 0.165354,
        -0.264742 -0.243863 0.165354,
        -0.261792 -0.250984 0.165354,
        -0.257100 -0.257100 0.165354,
        -0.250984 -0.261792 0.165354,
        -0.243863 -0.264742 0.165354,
        -0.236220 -0.265748 0.165354,
        -0.228578 -0.264742 0.165354,
        -0.221457 -0.261792 0.165354,
        -0.215341 -0.257100 0.165354,
        -0.210649 -0.250984 0.165354,
        -0.207699 -0.243863 0.165354,
        -0.236220 -0.236220 0.165354,
      ]
    }
    coordIndex [
      24, 9, 25, -1,
      25, 9, 8, -1,
      25, 8, 26, -1,
      26, 8, 7, -1,
      26, 7, 27, -1,
      27, 7, 6, -1,
      27, 6, 28, -1,
      28, 6, 4, -1,
      28, 4, 29, -1,
      29, 4, 3, -1,
      29, 3, 30, -1,
      30, 3, 2, -1,
      30, 2, 31, -1,
      31, 2, 0, -1,
      31, 0, 32, -1,
      32, 0, 1, -1,
      32, 1, 33, -1,
      33, 1, 5, -1,
      33, 5, 34, -1,
      34, 5, 23, -1,
      34, 23, 35, -1,
      35, 23, 22, -1,
      35, 22, 36, -1,
      36, 22, 21, -1,
      36, 21, 37, -1,
      37, 21, 17, -1,
      37, 17, 38, -1,
      38, 17, 16, -1,
      38, 16, 39, -1,
      39, 16, 15, -1,
      39, 15, 40, -1,
      40, 15, 11, -1,
      40, 11, 41, -1,
      41, 11, 10, -1,
      41, 10, 42, -1,
      42, 10, 20, -1,
      42, 20, 43, -1,
      43, 20, 19, -1,
      43, 19, 44, -1,
      44, 19, 18, -1,
      44, 18, 45, -1,
      45, 18, 14, -1,
      45, 14, 46, -1,
      46, 14, 13, -1,
      46, 13, 47, -1,
      47, 13, 12, -1,
      47, 12, 24, -1,
      24, 12, 9, -1,
      46, 47, 48, -1,
      48, 47, 24, -1,
      48, 24, 25, -1,
      43, 44, 48, -1,
      48, 44, 45, -1,
      48, 45, 46, -1,
      40, 41, 48, -1,
      48, 41, 42, -1,
      48, 42, 43, -1,
      37, 38, 48, -1,
      48, 38, 39, -1,
      48, 39, 40, -1,
      34, 35, 48, -1,
      48, 35, 36, -1,
      48, 36, 37, -1,
      31, 32, 48, -1,
      48, 32, 33, -1,
      48, 33, 34, -1,
      28, 29, 48, -1,
      48, 29, 30, -1,
      48, 30, 31, -1,
      25, 26, 48, -1,
      48, 26, 27, -1,
      48, 27, 28, -1,
    ]
  }
}

Shape {
  appearance Appearance {
    material Material {
      diffuseColor 1.0000 1.0000 1.0000
      specularColor 0.8784 0.8784 0.8784
      ambientIntensity 0.2
      transparency 0.0000
      shininess 0.5
    }
  }
  geometry IndexedFaceSet {
    ccw TRUE
    solid FALSE
    coord DEF co Coordinate {
      point [
        -0.004886 -0.015456 0.011811,
        -0.004886 -0.019777 0.011811,
        0.016239 -0.019777 0.011811,
        -0.003926 0.015272 0.011811,
        0.010958 0.015272 0.011811,
        0.010958 0.002309 0.011811,
        0.023921 -0.017737 0.011811,
        0.023921 -0.013415 0.011811,
        0.016239 0.019593 0.011811,
        0.010958 -0.002013 0.011811,
        0.010958 -0.015456 0.011811,
        -0.002965 -0.002013 0.011811,
        -0.002965 0.002309 0.011811,
        0.043422 -0.018441 0.011811,
        0.056570 -0.019777 0.011811,
        0.039606 -0.019754 0.011811,
        0.037069 -0.020017 0.011811,
        -0.003926 0.019593 0.011811,
        0.051131 0.009224 0.011811,
        0.048824 0.012904 0.011811,
        0.071454 0.019593 0.011811,
        0.037018 0.015317 0.011811,
        0.039965 0.014253 0.011811,
        0.024627 -0.013806 0.011811,
        0.042690 0.012430 0.011811,
        0.045067 0.009806 0.011811,
        0.047928 -0.000512 0.011811,
        0.047529 -0.004774 0.011811,
        0.046459 -0.008161 0.011811,
        0.037699 -0.015524 0.011811,
        0.034026 -0.015936 0.011811,
        0.040567 -0.014468 0.011811,
        0.042983 -0.012839 0.011811,
        0.044831 -0.010891 0.011811,
        0.028800 -0.015356 0.011811,
        0.046690 0.006766 0.011811,
        0.047740 0.002551 0.011811,
        0.045269 0.016323 0.011811,
        0.076735 0.019593 0.011811,
        0.076735 -0.019777 0.011811,
        0.046589 -0.016419 0.011811,
        0.049546 -0.013305 0.011811,
        0.056570 -0.015456 0.011811,
        0.051643 -0.009561 0.011811,
        0.071454 -0.015456 0.011811,
        0.052828 -0.005394 0.011811,
        0.053209 -0.000835 0.011811,
        0.052643 0.004763 0.011811,
        0.041530 0.018475 0.011811,
        0.037141 0.019750 0.011811,
        0.033186 0.020073 0.011811,
        0.028473 0.019748 0.011811,
        0.023921 0.018513 0.011811,
        0.023921 0.013231 0.011811,
        0.028356 0.015130 0.011811,
        0.033141 0.015752 0.011811,
        0.034754 -0.020257 0.011811,
        0.033678 -0.020239 0.011811,
        0.032096 -0.020017 0.011811,
        0.028118 -0.019459 0.011811,
        -0.047137 -0.019777 0.011811,
        -0.042290 -0.008987 0.011811,
        -0.040032 -0.012508 0.011811,
        -0.076904 -0.019777 0.011811,
        -0.082666 -0.019777 0.011811,
        -0.067302 0.019593 0.011811,
        -0.062020 0.019593 0.011811,
        -0.036792 -0.015611 0.011811,
        -0.032681 -0.018000 0.011811,
        -0.028144 -0.019352 0.011811,
        -0.023273 -0.019777 0.011811,
        -0.012568 -0.019777 0.011811,
        -0.012568 0.019593 0.011811,
        -0.023678 0.019593 0.011811,
        -0.038299 0.014459 0.011811,
        -0.041083 0.011372 0.011811,
        -0.042913 0.007987 0.011811,
        -0.029366 0.018985 0.011811,
        -0.033972 0.017368 0.011811,
        -0.038257 0.014496 0.011811,
        -0.052898 -0.019777 0.011811,
        -0.056657 -0.008734 0.011811,
        -0.072921 -0.008734 0.011811,
        -0.043970 0.004107 0.011811,
        -0.044256 0.000403 0.011811,
        -0.043704 -0.004866 0.011811,
        -0.067302 0.019593 0.015748,
        -0.082666 -0.019777 0.015748,
        -0.076904 -0.019777 0.015748,
        -0.072921 -0.008734 0.015748,
        -0.056657 -0.008734 0.015748,
        -0.052898 -0.019777 0.015748,
        -0.047137 -0.019777 0.015748,
        -0.062020 0.019593 0.015748,
        -0.057985 -0.004413 0.015748,
        -0.071150 -0.004413 0.015748,
        -0.063859 0.012031 0.015748,
        -0.064237 0.013396 0.015748,
        -0.064489 0.014792 0.015748,
        -0.064616 0.014792 0.015748,
        -0.064873 0.013401 0.015748,
        -0.065224 0.012031 0.015748,
        -0.057985 -0.004413 0.011811,
        -0.071150 -0.004413 0.011811,
        -0.063859 0.012031 0.011811,
        -0.064237 0.013396 0.011811,
        -0.064489 0.014792 0.011811,
        -0.064616 0.014792 0.011811,
        -0.064873 0.013401 0.011811,
        -0.065224 0.012031 0.011811,
        -0.023273 -0.019777 0.015748,
        -0.012568 -0.019777 0.015748,
        -0.012568 0.019593 0.015748,
        -0.023678 0.019593 0.015748,
        -0.044256 0.000403 0.015748,
        -0.043970 0.004107 0.015748,
        -0.042913 0.007987 0.015748,
        -0.041083 0.011372 0.015748,
        -0.038299 0.014459 0.015748,
        -0.038257 0.014496 0.015748,
        -0.033972 0.017368 0.015748,
        -0.029366 0.018985 0.015748,
        -0.028144 -0.019352 0.015748,
        -0.032681 -0.018000 0.015748,
        -0.036792 -0.015611 0.015748,
        -0.040032 -0.012508 0.015748,
        -0.042290 -0.008987 0.015748,
        -0.043704 -0.004866 0.015748,
        -0.036354 0.009751 0.015748,
        -0.034441 0.011781 0.015748,
        -0.031565 0.013639 0.015748,
        -0.028316 0.014777 0.015748,
        -0.023656 0.015272 0.015748,
        -0.017849 0.015272 0.015748,
        -0.017849 -0.015456 0.015748,
        -0.023438 -0.015456 0.015748,
        -0.027592 -0.015069 0.015748,
        -0.030905 -0.014035 0.015748,
        -0.033590 -0.012441 0.015748,
        -0.035798 -0.010260 0.015748,
        -0.037459 -0.007545 0.015748,
        -0.038613 -0.003844 0.015748,
        -0.038975 0.000291 0.015748,
        -0.038640 0.004209 0.015748,
        -0.037721 0.007323 0.015748,
        -0.023656 0.015272 0.011811,
        -0.017849 0.015272 0.011811,
        -0.028316 0.014777 0.011811,
        -0.031565 0.013639 0.011811,
        -0.034441 0.011781 0.011811,
        -0.036354 0.009751 0.011811,
        -0.037721 0.007323 0.011811,
        -0.038640 0.004209 0.011811,
        -0.038975 0.000291 0.011811,
        -0.038613 -0.003844 0.011811,
        -0.037459 -0.007545 0.011811,
        -0.035798 -0.010260 0.011811,
        -0.033590 -0.012441 0.011811,
        -0.030905 -0.014035 0.011811,
        -0.027592 -0.015069 0.011811,
        -0.023438 -0.015456 0.011811,
        -0.017849 -0.015456 0.011811,
        -0.004886 -0.015456 0.015748,
        -0.004886 -0.019777 0.015748,
        0.016239 -0.019777 0.015748,
        0.016239 0.019593 0.015748,
        -0.003926 0.019593 0.015748,
        -0.003926 0.015272 0.015748,
        0.010958 0.015272 0.015748,
        0.010958 0.002309 0.015748,
        -0.002965 0.002309 0.015748,
        -0.002965 -0.002013 0.015748,
        0.010958 -0.002013 0.015748,
        0.010958 -0.015456 0.015748,
        0.023921 -0.013415 0.015748,
        0.023921 -0.017737 0.015748,
        0.028118 -0.019459 0.015748,
        0.034754 -0.020257 0.015748,
        0.033678 -0.020239 0.015748,
        0.053209 -0.000835 0.015748,
        0.052828 -0.005394 0.015748,
        0.051643 -0.009561 0.015748,
        0.049546 -0.013305 0.015748,
        0.046589 -0.016419 0.015748,
        0.043422 -0.018441 0.015748,
        0.039606 -0.019754 0.015748,
        0.033186 0.020073 0.015748,
        0.037141 0.019750 0.015748,
        0.041530 0.018475 0.015748,
        0.045269 0.016323 0.015748,
        0.048824 0.012904 0.015748,
        0.051131 0.009224 0.015748,
        0.052643 0.004763 0.015748,
        0.023921 0.018513 0.015748,
        0.028473 0.019748 0.015748,
        0.023921 0.013231 0.015748,
        0.033141 0.015752 0.015748,
        0.028356 0.015130 0.015748,
        0.047928 -0.000512 0.015748,
        0.047740 0.002551 0.015748,
        0.046690 0.006766 0.015748,
        0.045067 0.009806 0.015748,
        0.042690 0.012430 0.015748,
        0.039965 0.014253 0.015748,
        0.037018 0.015317 0.015748,
        0.034026 -0.015936 0.015748,
        0.037699 -0.015524 0.015748,
        0.040567 -0.014468 0.015748,
        0.042983 -0.012839 0.015748,
        0.044831 -0.010891 0.015748,
        0.046459 -0.008161 0.015748,
        0.047529 -0.004774 0.015748,
        0.024627 -0.013806 0.015748,
        0.028800 -0.015356 0.015748,
        0.056570 -0.015456 0.015748,
        0.056570 -0.019777 0.015748,
        0.076735 -0.019777 0.015748,
        0.076735 0.019593 0.015748,
        0.071454 0.019593 0.015748,
        0.071454 -0.015456 0.015748,
      ]
    }
    coordIndex [
      86, 87, 65, -1,
      65, 87, 64, -1,
      87, 88, 64, -1,
      64, 88, 63, -1,
      88, 89, 63, -1,
      63, 89, 82, -1,
      89, 90, 82, -1,
      82, 90, 81, -1,
      90, 91, 81, -1,
      81, 91, 80, -1,
      91, 92, 80, -1,
      80, 92, 60, -1,
      92, 93, 60, -1,
      60, 93, 66, -1,
      93, 86, 66, -1,
      66, 86, 65, -1,
      94, 90, 95, -1,
      95, 90, 89, -1,
      96, 93, 94, -1,
      94, 93, 92, -1,
      94, 92, 90, -1,
      90, 92, 91, -1,
      96, 97, 93, -1,
      93, 97, 98, -1,
      93, 98, 86, -1,
      86, 98, 99, -1,
      86, 99, 100, -1,
      100, 101, 86, -1,
      86, 101, 95, -1,
      86, 95, 87, -1,
      87, 95, 89, -1,
      87, 89, 88, -1,
      94, 95, 102, -1,
      102, 95, 103, -1,
      96, 94, 104, -1,
      104, 94, 102, -1,
      96, 104, 105, -1,
      96, 105, 97, -1,
      97, 105, 106, -1,
      97, 106, 98, -1,
      99, 98, 107, -1,
      107, 98, 106, -1,
      99, 107, 108, -1,
      99, 108, 100, -1,
      100, 108, 109, -1,
      100, 109, 101, -1,
      95, 101, 103, -1,
      103, 101, 109, -1,
      110, 111, 70, -1,
      70, 111, 71, -1,
      111, 112, 71, -1,
      71, 112, 72, -1,
      112, 113, 72, -1,
      72, 113, 73, -1,
      114, 84, 83, -1,
      114, 83, 115, -1,
      115, 83, 76, -1,
      115, 76, 116, -1,
      116, 76, 75, -1,
      116, 75, 117, -1,
      117, 75, 74, -1,
      117, 74, 118, -1,
      118, 74, 79, -1,
      118, 79, 119, -1,
      119, 79, 78, -1,
      119, 78, 120, -1,
      120, 78, 77, -1,
      120, 77, 121, -1,
      121, 77, 73, -1,
      121, 73, 113, -1,
      110, 70, 69, -1,
      110, 69, 122, -1,
      122, 69, 68, -1,
      122, 68, 123, -1,
      123, 68, 67, -1,
      123, 67, 124, -1,
      124, 67, 62, -1,
      124, 62, 125, -1,
      125, 62, 61, -1,
      125, 61, 126, -1,
      126, 61, 85, -1,
      126, 85, 127, -1,
      127, 85, 84, -1,
      127, 84, 114, -1,
      116, 117, 128, -1,
      128, 117, 118, -1,
      128, 118, 129, -1,
      129, 118, 119, -1,
      129, 119, 130, -1,
      130, 119, 120, -1,
      130, 120, 131, -1,
      131, 120, 121, -1,
      131, 121, 132, -1,
      132, 121, 113, -1,
      132, 113, 133, -1,
      133, 113, 112, -1,
      133, 112, 134, -1,
      134, 112, 111, -1,
      134, 111, 135, -1,
      135, 111, 110, -1,
      135, 110, 136, -1,
      136, 110, 122, -1,
      136, 122, 137, -1,
      137, 122, 123, -1,
      137, 123, 138, -1,
      138, 123, 124, -1,
      138, 124, 139, -1,
      139, 124, 125, -1,
      139, 125, 140, -1,
      140, 125, 126, -1,
      140, 126, 141, -1,
      141, 126, 127, -1,
      141, 127, 142, -1,
      142, 127, 114, -1,
      142, 114, 143, -1,
      143, 114, 115, -1,
      143, 115, 144, -1,
      144, 115, 116, -1,
      144, 116, 128, -1,
      132, 133, 145, -1,
      145, 133, 146, -1,
      132, 145, 147, -1,
      132, 147, 131, -1,
      131, 147, 148, -1,
      131, 148, 130, -1,
      130, 148, 149, -1,
      130, 149, 129, -1,
      129, 149, 150, -1,
      129, 150, 128, -1,
      128, 150, 151, -1,
      128, 151, 144, -1,
      144, 151, 152, -1,
      144, 152, 143, -1,
      143, 152, 153, -1,
      143, 153, 142, -1,
      142, 153, 154, -1,
      142, 154, 141, -1,
      141, 154, 155, -1,
      141, 155, 140, -1,
      140, 155, 156, -1,
      140, 156, 139, -1,
      139, 156, 157, -1,
      139, 157, 138, -1,
      138, 157, 158, -1,
      138, 158, 137, -1,
      137, 158, 159, -1,
      137, 159, 136, -1,
      136, 159, 160, -1,
      136, 160, 135, -1,
      134, 135, 161, -1,
      161, 135, 160, -1,
      133, 134, 146, -1,
      146, 134, 161, -1,
      162, 163, 0, -1,
      0, 163, 1, -1,
      163, 164, 1, -1,
      1, 164, 2, -1,
      164, 165, 2, -1,
      2, 165, 8, -1,
      165, 166, 8, -1,
      8, 166, 17, -1,
      166, 167, 17, -1,
      17, 167, 3, -1,
      167, 168, 3, -1,
      3, 168, 4, -1,
      168, 169, 4, -1,
      4, 169, 5, -1,
      169, 170, 5, -1,
      5, 170, 12, -1,
      170, 171, 12, -1,
      12, 171, 11, -1,
      171, 172, 11, -1,
      11, 172, 9, -1,
      172, 173, 9, -1,
      9, 173, 10, -1,
      173, 162, 10, -1,
      10, 162, 0, -1,
      164, 163, 162, -1,
      162, 173, 164, -1,
      164, 173, 172, -1,
      164, 172, 165, -1,
      167, 166, 168, -1,
      168, 166, 165, -1,
      168, 165, 169, -1,
      169, 165, 172, -1,
      169, 172, 170, -1,
      170, 172, 171, -1,
      174, 175, 7, -1,
      7, 175, 6, -1,
      6, 175, 176, -1,
      177, 56, 57, -1,
      177, 57, 178, -1,
      178, 57, 58, -1,
      178, 58, 176, -1,
      176, 58, 59, -1,
      176, 59, 6, -1,
      179, 46, 45, -1,
      179, 45, 180, -1,
      180, 45, 43, -1,
      180, 43, 181, -1,
      181, 43, 41, -1,
      181, 41, 182, -1,
      182, 41, 40, -1,
      182, 40, 183, -1,
      183, 40, 13, -1,
      183, 13, 184, -1,
      184, 13, 15, -1,
      184, 15, 185, -1,
      185, 15, 177, -1,
      177, 15, 16, -1,
      177, 16, 56, -1,
      186, 50, 49, -1,
      186, 49, 187, -1,
      187, 49, 48, -1,
      187, 48, 188, -1,
      188, 48, 37, -1,
      188, 37, 189, -1,
      189, 37, 19, -1,
      189, 19, 190, -1,
      190, 19, 18, -1,
      190, 18, 191, -1,
      191, 18, 47, -1,
      191, 47, 192, -1,
      192, 47, 46, -1,
      192, 46, 179, -1,
      193, 52, 51, -1,
      193, 51, 194, -1,
      194, 51, 50, -1,
      194, 50, 186, -1,
      193, 195, 52, -1,
      52, 195, 53, -1,
      196, 55, 54, -1,
      196, 54, 197, -1,
      197, 54, 53, -1,
      197, 53, 195, -1,
      198, 26, 36, -1,
      198, 36, 199, -1,
      199, 36, 35, -1,
      199, 35, 200, -1,
      200, 35, 25, -1,
      200, 25, 201, -1,
      201, 25, 24, -1,
      201, 24, 202, -1,
      202, 24, 22, -1,
      202, 22, 203, -1,
      203, 22, 21, -1,
      203, 21, 204, -1,
      204, 21, 55, -1,
      204, 55, 196, -1,
      205, 30, 29, -1,
      205, 29, 206, -1,
      206, 29, 31, -1,
      206, 31, 207, -1,
      207, 31, 32, -1,
      207, 32, 208, -1,
      208, 32, 33, -1,
      208, 33, 209, -1,
      209, 33, 28, -1,
      209, 28, 210, -1,
      210, 28, 27, -1,
      210, 27, 211, -1,
      211, 27, 26, -1,
      211, 26, 198, -1,
      174, 7, 23, -1,
      174, 23, 212, -1,
      212, 23, 34, -1,
      212, 34, 213, -1,
      213, 34, 30, -1,
      213, 30, 205, -1,
      206, 177, 205, -1,
      205, 177, 178, -1,
      205, 178, 213, -1,
      213, 178, 176, -1,
      213, 176, 212, -1,
      212, 176, 175, -1,
      212, 175, 174, -1,
      195, 193, 197, -1,
      197, 193, 194, -1,
      197, 194, 196, -1,
      196, 194, 186, -1,
      196, 186, 204, -1,
      204, 186, 187, -1,
      204, 187, 203, -1,
      203, 187, 188, -1,
      203, 188, 202, -1,
      202, 188, 189, -1,
      202, 189, 201, -1,
      201, 189, 190, -1,
      201, 190, 200, -1,
      200, 190, 191, -1,
      200, 191, 199, -1,
      199, 191, 192, -1,
      199, 192, 198, -1,
      198, 192, 179, -1,
      198, 179, 211, -1,
      211, 179, 180, -1,
      211, 180, 210, -1,
      210, 180, 181, -1,
      210, 181, 209, -1,
      209, 181, 182, -1,
      209, 182, 208, -1,
      208, 182, 183, -1,
      208, 183, 207, -1,
      207, 183, 184, -1,
      207, 184, 206, -1,
      206, 184, 185, -1,
      206, 185, 177, -1,
      214, 215, 42, -1,
      42, 215, 14, -1,
      215, 216, 14, -1,
      14, 216, 39, -1,
      216, 217, 39, -1,
      39, 217, 38, -1,
      217, 218, 38, -1,
      38, 218, 20, -1,
      218, 219, 20, -1,
      20, 219, 44, -1,
      219, 214, 44, -1,
      44, 214, 42, -1,
      218, 217, 219, -1,
      219, 217, 216, -1,
      219, 216, 214, -1,
      214, 216, 215, -1,
    ]
  }
}

Shape {
  appearance Appearance {
    material Material {
      diffuseColor 0.2510 0.2510 0.2510
      specularColor 0.0745 0.0745 0.0745
      ambientIntensity 0.2
      transparency 0.0000
      shininess 0.5
    }
  }
  geometry IndexedFaceSet {
    ccw TRUE
    solid FALSE
    coord DEF co Coordinate {
      point [
        -0.057985 -0.004413 0.011811,
        -0.071150 -0.004413 0.011811,
        -0.063859 0.012031 0.011811,
        -0.064237 0.013396 0.011811,
        -0.064489 0.014792 0.011811,
        -0.064616 0.014792 0.011811,
        -0.064873 0.013401 0.011811,
        -0.065224 0.012031 0.011811,
        -0.023656 0.015272 0.011811,
        -0.017849 0.015272 0.011811,
        -0.028316 0.014777 0.011811,
        -0.031565 0.013639 0.011811,
        -0.034441 0.011781 0.011811,
        -0.036354 0.009751 0.011811,
        -0.037721 0.007323 0.011811,
        -0.038640 0.004209 0.011811,
        -0.038975 0.000291 0.011811,
        -0.038613 -0.003844 0.011811,
        -0.037459 -0.007545 0.011811,
        -0.035798 -0.010260 0.011811,
        -0.033590 -0.012441 0.011811,
        -0.030905 -0.014035 0.011811,
        -0.027592 -0.015069 0.011811,
        -0.023438 -0.015456 0.011811,
        -0.017849 -0.015456 0.011811,
      ]
    }
    coordIndex [
      0, 1, 2, -1,
      2, 1, 7, -1,
      2, 7, 3, -1,
      3, 7, 6, -1,
      3, 6, 4, -1,
      4, 6, 5, -1,
      9, 24, 8, -1,
      8, 24, 23, -1,
      8, 23, 22, -1,
      16, 15, 8, -1,
      8, 15, 14, -1,
      8, 14, 10, -1,
      22, 21, 8, -1,
      8, 21, 20, -1,
      8, 20, 19, -1,
      19, 18, 8, -1,
      8, 18, 17, -1,
      8, 17, 16, -1,
      13, 12, 14, -1,
      14, 12, 11, -1,
      14, 11, 10, -1,
    ]
  }
}

Shape {
  appearance Appearance {
    material Material {
      diffuseColor 0.7686 0.7686 0.7686
      specularColor 0.6157 0.6157 0.6157
      ambientIntensity 0.2
      transparency 0.0000
      shininess 0.5
    }
  }
  geometry IndexedFaceSet {
    ccw TRUE
    solid FALSE
    coord DEF co Coordinate {
      point [
        -0.157480 -0.196850 0.082677,
        -0.157480 -0.299213 0.082677,
        -0.157480 -0.196850 0.003937,
        -0.157480 -0.299213 0.003937,
        -0.157920 -0.190983 0.003937,
        -0.157920 -0.190983 0.082677,
        -0.159230 -0.185246 0.003937,
        -0.159230 -0.185246 0.082677,
        -0.161379 -0.179769 0.003937,
        -0.161379 -0.179769 0.082677,
        -0.164321 -0.174672 0.003937,
        -0.164321 -0.174672 0.082677,
        -0.167990 -0.170072 0.003937,
        -0.167990 -0.170072 0.082677,
        -0.172304 -0.166070 0.003937,
        -0.172304 -0.166070 0.082677,
        -0.177165 -0.162755 0.003937,
        -0.177165 -0.162755 0.082677,
        -0.182467 -0.160202 0.003937,
        -0.182467 -0.160202 0.082677,
        -0.188090 -0.158467 0.003937,
        -0.188090 -0.158467 0.082677,
        -0.193908 -0.157591 0.003937,
        -0.193908 -0.157591 0.082677,
        -0.199793 -0.157591 0.003937,
        -0.199793 -0.157591 0.082677,
        -0.205611 -0.158467 0.003937,
        -0.205611 -0.158467 0.082677,
        -0.211234 -0.160202 0.003937,
        -0.211234 -0.160202 0.082677,
        -0.216535 -0.162755 0.003937,
        -0.216535 -0.162755 0.082677,
        -0.221397 -0.166070 0.003937,
        -0.221397 -0.166070 0.082677,
        -0.225711 -0.170072 0.003937,
        -0.225711 -0.170072 0.082677,
        -0.229380 -0.174672 0.003937,
        -0.229380 -0.174672 0.082677,
        -0.232322 -0.179769 0.003937,
        -0.232322 -0.179769 0.082677,
        -0.234471 -0.185246 0.003937,
        -0.234471 -0.185246 0.082677,
        -0.235781 -0.190983 0.003937,
        -0.235781 -0.190983 0.082677,
        -0.236220 -0.196850 0.003937,
        -0.236220 -0.196850 0.082677,
        -0.236220 -0.299213 0.082677,
        -0.236220 -0.299213 0.003937,
        0.039370 -0.196850 0.082677,
        0.039370 -0.299213 0.082677,
        0.039370 -0.196850 0.003937,
        0.039370 -0.299213 0.003937,
        0.038930 -0.190983 0.003937,
        0.038930 -0.190983 0.082677,
        0.037621 -0.185246 0.003937,
        0.037621 -0.185246 0.082677,
        0.035471 -0.179769 0.003937,
        0.035471 -0.179769 0.082677,
        0.032529 -0.174672 0.003937,
        0.032529 -0.174672 0.082677,
        0.028860 -0.170072 0.003937,
        0.028860 -0.170072 0.082677,
        0.024547 -0.166070 0.003937,
        0.024547 -0.166070 0.082677,
        0.019685 -0.162755 0.003937,
        0.019685 -0.162755 0.082677,
        0.014383 -0.160202 0.003937,
        0.014383 -0.160202 0.082677,
        0.008761 -0.158467 0.003937,
        0.008761 -0.158467 0.082677,
        0.002942 -0.157591 0.003937,
        0.002942 -0.157591 0.082677,
        -0.002942 -0.157591 0.003937,
        -0.002942 -0.157591 0.082677,
        -0.008761 -0.158467 0.003937,
        -0.008761 -0.158467 0.082677,
        -0.014383 -0.160202 0.003937,
        -0.014383 -0.160202 0.082677,
        -0.019685 -0.162755 0.003937,
        -0.019685 -0.162755 0.082677,
        -0.024547 -0.166070 0.003937,
        -0.024547 -0.166070 0.082677,
        -0.028860 -0.170072 0.003937,
        -0.028860 -0.170072 0.082677,
        -0.032529 -0.174672 0.003937,
        -0.032529 -0.174672 0.082677,
        -0.035471 -0.179769 0.003937,
        -0.035471 -0.179769 0.082677,
        -0.037621 -0.185246 0.003937,
        -0.037621 -0.185246 0.082677,
        -0.038930 -0.190983 0.003937,
        -0.038930 -0.190983 0.082677,
        -0.039370 -0.196850 0.003937,
        -0.039370 -0.196850 0.082677,
        -0.039370 -0.299213 0.082677,
        -0.039370 -0.299213 0.003937,
        0.236220 -0.196850 0.082677,
        0.236220 -0.299213 0.082677,
        0.236220 -0.196850 0.003937,
        0.236220 -0.299213 0.003937,
        0.235781 -0.190983 0.003937,
        0.235781 -0.190983 0.082677,
        0.234471 -0.185246 0.003937,
        0.234471 -0.185246 0.082677,
        0.232322 -0.179769 0.003937,
        0.232322 -0.179769 0.082677,
        0.229380 -0.174672 0.003937,
        0.229380 -0.174672 0.082677,
        0.225711 -0.170072 0.003937,
        0.225711 -0.170072 0.082677,
        0.221397 -0.166070 0.003937,
        0.221397 -0.166070 0.082677,
        0.216535 -0.162755 0.003937,
        0.216535 -0.162755 0.082677,
        0.211234 -0.160202 0.003937,
        0.211234 -0.160202 0.082677,
        0.205611 -0.158467 0.003937,
        0.205611 -0.158467 0.082677,
        0.199793 -0.157591 0.003937,
        0.199793 -0.157591 0.082677,
        0.193908 -0.157591 0.003937,
        0.193908 -0.157591 0.082677,
        0.188090 -0.158467 0.003937,
        0.188090 -0.158467 0.082677,
        0.182467 -0.160202 0.003937,
        0.182467 -0.160202 0.082677,
        0.177165 -0.162755 0.003937,
        0.177165 -0.162755 0.082677,
        0.172304 -0.166070 0.003937,
        0.172304 -0.166070 0.082677,
        0.167990 -0.170072 0.003937,
        0.167990 -0.170072 0.082677,
        0.164321 -0.174672 0.003937,
        0.164321 -0.174672 0.082677,
        0.161379 -0.179769 0.003937,
        0.161379 -0.179769 0.082677,
        0.159230 -0.185246 0.003937,
        0.159230 -0.185246 0.082677,
        0.157920 -0.190983 0.003937,
        0.157920 -0.190983 0.082677,
        0.157480 -0.196850 0.003937,
        0.157480 -0.196850 0.082677,
        0.157480 -0.299213 0.082677,
        0.157480 -0.299213 0.003937,
        -0.157480 0.196850 0.003937,
        -0.157480 0.299213 0.003937,
        -0.157480 0.196850 0.082677,
        -0.157480 0.299213 0.082677,
        -0.157920 0.190983 0.082677,
        -0.157920 0.190983 0.003937,
        -0.159230 0.185246 0.082677,
        -0.159230 0.185246 0.003937,
        -0.161379 0.179769 0.082677,
        -0.161379 0.179769 0.003937,
        -0.164321 0.174672 0.082677,
        -0.164321 0.174672 0.003937,
        -0.167990 0.170072 0.082677,
        -0.167990 0.170072 0.003937,
        -0.172304 0.166070 0.082677,
        -0.172304 0.166070 0.003937,
        -0.177165 0.162755 0.082677,
        -0.177165 0.162755 0.003937,
        -0.182467 0.160202 0.082677,
        -0.182467 0.160202 0.003937,
        -0.188090 0.158467 0.082677,
        -0.188090 0.158467 0.003937,
        -0.193908 0.157591 0.082677,
        -0.193908 0.157591 0.003937,
        -0.199793 0.157591 0.082677,
        -0.199793 0.157591 0.003937,
        -0.205611 0.158467 0.082677,
        -0.205611 0.158467 0.003937,
        -0.211234 0.160202 0.082677,
        -0.211234 0.160202 0.003937,
        -0.216535 0.162755 0.082677,
        -0.216535 0.162755 0.003937,
        -0.221397 0.166070 0.082677,
        -0.221397 0.166070 0.003937,
        -0.225711 0.170072 0.082677,
        -0.225711 0.170072 0.003937,
        -0.229380 0.174672 0.082677,
        -0.229380 0.174672 0.003937,
        -0.232322 0.179769 0.082677,
        -0.232322 0.179769 0.003937,
        -0.234471 0.185246 0.082677,
        -0.234471 0.185246 0.003937,
        -0.235781 0.190983 0.082677,
        -0.235781 0.190983 0.003937,
        -0.236220 0.196850 0.082677,
        -0.236220 0.196850 0.003937,
        -0.236220 0.299213 0.003937,
        -0.236220 0.299213 0.082677,
        0.039370 0.196850 0.003937,
        0.039370 0.299213 0.003937,
        0.039370 0.196850 0.082677,
        0.039370 0.299213 0.082677,
        0.038930 0.190983 0.082677,
        0.038930 0.190983 0.003937,
        0.037621 0.185246 0.082677,
        0.037621 0.185246 0.003937,
        0.035471 0.179769 0.082677,
        0.035471 0.179769 0.003937,
        0.032529 0.174672 0.082677,
        0.032529 0.174672 0.003937,
        0.028860 0.170072 0.082677,
        0.028860 0.170072 0.003937,
        0.024547 0.166070 0.082677,
        0.024547 0.166070 0.003937,
        0.019685 0.162755 0.082677,
        0.019685 0.162755 0.003937,
        0.014383 0.160202 0.082677,
        0.014383 0.160202 0.003937,
        0.008761 0.158467 0.082677,
        0.008761 0.158467 0.003937,
        0.002942 0.157591 0.082677,
        0.002942 0.157591 0.003937,
        -0.002942 0.157591 0.082677,
        -0.002942 0.157591 0.003937,
        -0.008761 0.158467 0.082677,
        -0.008761 0.158467 0.003937,
        -0.014383 0.160202 0.082677,
        -0.014383 0.160202 0.003937,
        -0.019685 0.162755 0.082677,
        -0.019685 0.162755 0.003937,
        -0.024547 0.166070 0.082677,
        -0.024547 0.166070 0.003937,
        -0.028860 0.170072 0.082677,
        -0.028860 0.170072 0.003937,
        -0.032529 0.174672 0.082677,
        -0.032529 0.174672 0.003937,
        -0.035471 0.179769 0.082677,
        -0.035471 0.179769 0.003937,
        -0.037621 0.185246 0.082677,
        -0.037621 0.185246 0.003937,
        -0.038930 0.190983 0.082677,
        -0.038930 0.190983 0.003937,
        -0.039370 0.196850 0.082677,
        -0.039370 0.196850 0.003937,
        -0.039370 0.299213 0.003937,
        -0.039370 0.299213 0.082677,
        0.236220 0.196850 0.003937,
        0.236220 0.299213 0.003937,
        0.236220 0.196850 0.082677,
        0.236220 0.299213 0.082677,
        0.235781 0.190983 0.082677,
        0.235781 0.190983 0.003937,
        0.234471 0.185246 0.082677,
        0.234471 0.185246 0.003937,
        0.232322 0.179769 0.082677,
        0.232322 0.179769 0.003937,
        0.229380 0.174672 0.082677,
        0.229380 0.174672 0.003937,
        0.225711 0.170072 0.082677,
        0.225711 0.170072 0.003937,
        0.221397 0.166070 0.082677,
        0.221397 0.166070 0.003937,
        0.216535 0.162755 0.082677,
        0.216535 0.162755 0.003937,
        0.211234 0.160202 0.082677,
        0.211234 0.160202 0.003937,
        0.205611 0.158467 0.082677,
        0.205611 0.158467 0.003937,
        0.199793 0.157591 0.082677,
        0.199793 0.157591 0.003937,
        0.193908 0.157591 0.082677,
        0.193908 0.157591 0.003937,
        0.188090 0.158467 0.082677,
        0.188090 0.158467 0.003937,
        0.182467 0.160202 0.082677,
        0.182467 0.160202 0.003937,
        0.177165 0.162755 0.082677,
        0.177165 0.162755 0.003937,
        0.172304 0.166070 0.082677,
        0.172304 0.166070 0.003937,
        0.167990 0.170072 0.082677,
        0.167990 0.170072 0.003937,
        0.164321 0.174672 0.082677,
        0.164321 0.174672 0.003937,
        0.161379 0.179769 0.082677,
        0.161379 0.179769 0.003937,
        0.159230 0.185246 0.082677,
        0.159230 0.185246 0.003937,
        0.157920 0.190983 0.082677,
        0.157920 0.190983 0.003937,
        0.157480 0.196850 0.082677,
        0.157480 0.196850 0.003937,
        0.157480 0.299213 0.003937,
        0.157480 0.299213 0.082677,
        0.181102 0.059055 0.082677,
        0.299213 0.059055 0.082677,
        0.181102 0.059055 0.003937,
        0.299213 0.059055 0.003937,
        0.173061 0.058505 0.003937,
        0.173061 0.058505 0.082677,
        0.165169 0.056865 0.003937,
        0.165169 0.056865 0.082677,
        0.157575 0.054166 0.003937,
        0.157575 0.054166 0.082677,
        0.150418 0.050458 0.003937,
        0.150418 0.050458 0.082677,
        0.143833 0.045810 0.003937,
        0.143833 0.045810 0.082677,
        0.137943 0.040308 0.003937,
        0.137943 0.040308 0.082677,
        0.132856 0.034056 0.003937,
        0.132856 0.034056 0.082677,
        0.128668 0.027169 0.003937,
        0.128668 0.027169 0.082677,
        0.125457 0.019776 0.003937,
        0.125457 0.019776 0.082677,
        0.123282 0.012015 0.003937,
        0.123282 0.012015 0.082677,
        0.122185 0.004030 0.003937,
        0.122185 0.004030 0.082677,
        0.122185 -0.004030 0.003937,
        0.122185 -0.004030 0.082677,
        0.123282 -0.012015 0.003937,
        0.123282 -0.012015 0.082677,
        0.125457 -0.019776 0.003937,
        0.125457 -0.019776 0.082677,
        0.128668 -0.027169 0.003937,
        0.128668 -0.027169 0.082677,
        0.132856 -0.034056 0.003937,
        0.132856 -0.034056 0.082677,
        0.137943 -0.040308 0.003937,
        0.137943 -0.040308 0.082677,
        0.143833 -0.045810 0.003937,
        0.143833 -0.045810 0.082677,
        0.150418 -0.050458 0.003937,
        0.150418 -0.050458 0.082677,
        0.157575 -0.054166 0.003937,
        0.157575 -0.054166 0.082677,
        0.165169 -0.056865 0.003937,
        0.165169 -0.056865 0.082677,
        0.173061 -0.058505 0.003937,
        0.173061 -0.058505 0.082677,
        0.181102 -0.059055 0.003937,
        0.181102 -0.059055 0.082677,
        0.299213 -0.059055 0.082677,
        0.299213 -0.059055 0.003937,
        -0.181102 0.059055 0.003937,
        -0.299213 0.059055 0.003937,
        -0.181102 0.059055 0.082677,
        -0.299213 0.059055 0.082677,
        -0.173061 0.058505 0.082677,
        -0.173061 0.058505 0.003937,
        -0.165169 0.056865 0.082677,
        -0.165169 0.056865 0.003937,
        -0.157575 0.054166 0.082677,
        -0.157575 0.054166 0.003937,
        -0.150418 0.050458 0.082677,
        -0.150418 0.050458 0.003937,
        -0.143833 0.045810 0.082677,
        -0.143833 0.045810 0.003937,
        -0.137943 0.040308 0.082677,
        -0.137943 0.040308 0.003937,
        -0.132856 0.034056 0.082677,
        -0.132856 0.034056 0.003937,
        -0.128668 0.027169 0.082677,
        -0.128668 0.027169 0.003937,
        -0.125457 0.019776 0.082677,
        -0.125457 0.019776 0.003937,
        -0.123282 0.012015 0.082677,
        -0.123282 0.012015 0.003937,
        -0.122185 0.004030 0.082677,
        -0.122185 0.004030 0.003937,
        -0.122185 -0.004030 0.082677,
        -0.122185 -0.004030 0.003937,
        -0.123282 -0.012015 0.082677,
        -0.123282 -0.012015 0.003937,
        -0.125457 -0.019776 0.082677,
        -0.125457 -0.019776 0.003937,
        -0.128668 -0.027169 0.082677,
        -0.128668 -0.027169 0.003937,
        -0.132856 -0.034056 0.082677,
        -0.132856 -0.034056 0.003937,
        -0.137943 -0.040308 0.082677,
        -0.137943 -0.040308 0.003937,
        -0.143833 -0.045810 0.082677,
        -0.143833 -0.045810 0.003937,
        -0.150418 -0.050458 0.082677,
        -0.150418 -0.050458 0.003937,
        -0.157575 -0.054166 0.082677,
        -0.157575 -0.054166 0.003937,
        -0.165169 -0.056865 0.082677,
        -0.165169 -0.056865 0.003937,
        -0.173061 -0.058505 0.082677,
        -0.173061 -0.058505 0.003937,
        -0.181102 -0.059055 0.082677,
        -0.181102 -0.059055 0.003937,
        -0.299213 -0.059055 0.003937,
        -0.299213 -0.059055 0.082677,
      ]
    }
    coordIndex [
      0, 1, 2, -1,
      2, 1, 3, -1,
      0, 2, 4, -1,
      0, 4, 5, -1,
      5, 4, 6, -1,
      5, 6, 7, -1,
      7, 6, 8, -1,
      7, 8, 9, -1,
      9, 8, 10, -1,
      9, 10, 11, -1,
      11, 10, 12, -1,
      11, 12, 13, -1,
      13, 12, 14, -1,
      13, 14, 15, -1,
      15, 14, 16, -1,
      15, 16, 17, -1,
      17, 16, 18, -1,
      17, 18, 19, -1,
      19, 18, 20, -1,
      19, 20, 21, -1,
      21, 20, 22, -1,
      21, 22, 23, -1,
      23, 22, 24, -1,
      23, 24, 25, -1,
      25, 24, 26, -1,
      25, 26, 27, -1,
      27, 26, 28, -1,
      27, 28, 29, -1,
      29, 28, 30, -1,
      29, 30, 31, -1,
      31, 30, 32, -1,
      31, 32, 33, -1,
      33, 32, 34, -1,
      33, 34, 35, -1,
      35, 34, 36, -1,
      35, 36, 37, -1,
      37, 36, 38, -1,
      37, 38, 39, -1,
      39, 38, 40, -1,
      39, 40, 41, -1,
      41, 40, 42, -1,
      41, 42, 43, -1,
      43, 42, 44, -1,
      43, 44, 45, -1,
      46, 45, 47, -1,
      47, 45, 44, -1,
      1, 46, 3, -1,
      3, 46, 47, -1,
      39, 41, 0, -1,
      46, 1, 45, -1,
      45, 1, 0, -1,
      45, 0, 43, -1,
      43, 0, 41, -1,
      9, 35, 7, -1,
      7, 35, 5, -1,
      9, 11, 35, -1,
      35, 11, 13, -1,
      35, 13, 33, -1,
      5, 35, 0, -1,
      0, 35, 37, -1,
      0, 37, 39, -1,
      27, 29, 13, -1,
      13, 29, 31, -1,
      13, 31, 33, -1,
      13, 15, 27, -1,
      27, 15, 17, -1,
      27, 17, 19, -1,
      19, 21, 27, -1,
      27, 21, 23, -1,
      27, 23, 25, -1,
      3, 47, 2, -1,
      2, 47, 44, -1,
      32, 30, 2, -1,
      44, 42, 2, -1,
      2, 42, 40, -1,
      2, 40, 38, -1,
      14, 12, 26, -1,
      38, 36, 2, -1,
      2, 36, 34, -1,
      2, 34, 32, -1,
      26, 12, 28, -1,
      28, 12, 30, -1,
      30, 12, 10, -1,
      30, 10, 8, -1,
      8, 6, 30, -1,
      30, 6, 4, -1,
      30, 4, 2, -1,
      20, 26, 22, -1,
      22, 26, 24, -1,
      20, 18, 26, -1,
      26, 18, 16, -1,
      26, 16, 14, -1,
      48, 49, 50, -1,
      50, 49, 51, -1,
      48, 50, 52, -1,
      48, 52, 53, -1,
      53, 52, 54, -1,
      53, 54, 55, -1,
      55, 54, 56, -1,
      55, 56, 57, -1,
      57, 56, 58, -1,
      57, 58, 59, -1,
      59, 58, 60, -1,
      59, 60, 61, -1,
      61, 60, 62, -1,
      61, 62, 63, -1,
      63, 62, 64, -1,
      63, 64, 65, -1,
      65, 64, 66, -1,
      65, 66, 67, -1,
      67, 66, 68, -1,
      67, 68, 69, -1,
      69, 68, 70, -1,
      69, 70, 71, -1,
      71, 70, 72, -1,
      71, 72, 73, -1,
      73, 72, 74, -1,
      73, 74, 75, -1,
      75, 74, 76, -1,
      75, 76, 77, -1,
      77, 76, 78, -1,
      77, 78, 79, -1,
      79, 78, 80, -1,
      79, 80, 81, -1,
      81, 80, 82, -1,
      81, 82, 83, -1,
      83, 82, 84, -1,
      83, 84, 85, -1,
      85, 84, 86, -1,
      85, 86, 87, -1,
      87, 86, 88, -1,
      87, 88, 89, -1,
      89, 88, 90, -1,
      89, 90, 91, -1,
      91, 90, 92, -1,
      91, 92, 93, -1,
      94, 93, 95, -1,
      95, 93, 92, -1,
      49, 94, 51, -1,
      51, 94, 95, -1,
      93, 94, 49, -1,
      67, 69, 93, -1,
      49, 48, 93, -1,
      93, 48, 53, -1,
      93, 53, 55, -1,
      55, 57, 93, -1,
      93, 57, 59, -1,
      93, 59, 61, -1,
      61, 63, 93, -1,
      93, 63, 65, -1,
      93, 65, 67, -1,
      93, 75, 77, -1,
      77, 79, 93, -1,
      93, 79, 81, -1,
      93, 81, 83, -1,
      69, 71, 93, -1,
      93, 71, 73, -1,
      93, 73, 75, -1,
      83, 85, 93, -1,
      93, 85, 87, -1,
      93, 87, 91, -1,
      91, 87, 89, -1,
      66, 64, 92, -1,
      92, 64, 62, -1,
      92, 62, 60, -1,
      60, 58, 92, -1,
      92, 58, 56, -1,
      92, 56, 54, -1,
      51, 95, 50, -1,
      50, 95, 92, -1,
      50, 92, 52, -1,
      52, 92, 54, -1,
      78, 76, 92, -1,
      92, 76, 74, -1,
      92, 74, 72, -1,
      90, 88, 86, -1,
      72, 70, 92, -1,
      92, 70, 68, -1,
      92, 68, 66, -1,
      86, 84, 90, -1,
      90, 84, 82, -1,
      90, 82, 92, -1,
      92, 82, 80, -1,
      92, 80, 78, -1,
      96, 97, 98, -1,
      98, 97, 99, -1,
      96, 98, 100, -1,
      96, 100, 101, -1,
      101, 100, 102, -1,
      101, 102, 103, -1,
      103, 102, 104, -1,
      103, 104, 105, -1,
      105, 104, 106, -1,
      105, 106, 107, -1,
      107, 106, 108, -1,
      107, 108, 109, -1,
      109, 108, 110, -1,
      109, 110, 111, -1,
      111, 110, 112, -1,
      111, 112, 113, -1,
      113, 112, 114, -1,
      113, 114, 115, -1,
      115, 114, 116, -1,
      115, 116, 117, -1,
      117, 116, 118, -1,
      117, 118, 119, -1,
      119, 118, 120, -1,
      119, 120, 121, -1,
      121, 120, 122, -1,
      121, 122, 123, -1,
      123, 122, 124, -1,
      123, 124, 125, -1,
      125, 124, 126, -1,
      125, 126, 127, -1,
      127, 126, 128, -1,
      127, 128, 129, -1,
      129, 128, 130, -1,
      129, 130, 131, -1,
      131, 130, 132, -1,
      131, 132, 133, -1,
      133, 132, 134, -1,
      133, 134, 135, -1,
      135, 134, 136, -1,
      135, 136, 137, -1,
      137, 136, 138, -1,
      137, 138, 139, -1,
      139, 138, 140, -1,
      139, 140, 141, -1,
      142, 141, 143, -1,
      143, 141, 140, -1,
      97, 142, 99, -1,
      99, 142, 143, -1,
      141, 142, 97, -1,
      97, 96, 141, -1,
      141, 96, 101, -1,
      141, 101, 103, -1,
      135, 137, 103, -1,
      103, 137, 139, -1,
      103, 139, 141, -1,
      103, 105, 135, -1,
      135, 105, 107, -1,
      135, 107, 109, -1,
      131, 113, 129, -1,
      129, 113, 127, -1,
      109, 111, 135, -1,
      135, 111, 113, -1,
      135, 113, 133, -1,
      133, 113, 131, -1,
      115, 123, 113, -1,
      113, 123, 125, -1,
      113, 125, 127, -1,
      115, 117, 123, -1,
      123, 117, 119, -1,
      123, 119, 121, -1,
      99, 143, 98, -1,
      98, 143, 140, -1,
      98, 140, 138, -1,
      138, 136, 98, -1,
      98, 136, 134, -1,
      98, 134, 100, -1,
      100, 134, 102, -1,
      102, 134, 132, -1,
      102, 132, 130, -1,
      108, 106, 126, -1,
      130, 128, 102, -1,
      102, 128, 126, -1,
      102, 126, 104, -1,
      104, 126, 106, -1,
      116, 122, 118, -1,
      118, 122, 120, -1,
      116, 114, 122, -1,
      122, 114, 112, -1,
      122, 112, 124, -1,
      124, 112, 126, -1,
      126, 112, 110, -1,
      126, 110, 108, -1,
      144, 145, 146, -1,
      146, 145, 147, -1,
      144, 146, 148, -1,
      144, 148, 149, -1,
      149, 148, 150, -1,
      149, 150, 151, -1,
      151, 150, 152, -1,
      151, 152, 153, -1,
      153, 152, 154, -1,
      153, 154, 155, -1,
      155, 154, 156, -1,
      155, 156, 157, -1,
      157, 156, 158, -1,
      157, 158, 159, -1,
      159, 158, 160, -1,
      159, 160, 161, -1,
      161, 160, 162, -1,
      161, 162, 163, -1,
      163, 162, 164, -1,
      163, 164, 165, -1,
      165, 164, 166, -1,
      165, 166, 167, -1,
      167, 166, 168, -1,
      167, 168, 169, -1,
      169, 168, 170, -1,
      169, 170, 171, -1,
      171, 170, 172, -1,
      171, 172, 173, -1,
      173, 172, 174, -1,
      173, 174, 175, -1,
      175, 174, 176, -1,
      175, 176, 177, -1,
      177, 176, 178, -1,
      177, 178, 179, -1,
      179, 178, 180, -1,
      179, 180, 181, -1,
      181, 180, 182, -1,
      181, 182, 183, -1,
      183, 182, 184, -1,
      183, 184, 185, -1,
      185, 184, 186, -1,
      185, 186, 187, -1,
      187, 186, 188, -1,
      187, 188, 189, -1,
      190, 189, 191, -1,
      191, 189, 188, -1,
      145, 190, 147, -1,
      147, 190, 191, -1,
      190, 145, 189, -1,
      189, 145, 144, -1,
      181, 183, 144, -1,
      151, 153, 179, -1,
      183, 185, 144, -1,
      144, 185, 187, -1,
      144, 187, 189, -1,
      181, 144, 179, -1,
      179, 144, 149, -1,
      179, 149, 151, -1,
      153, 155, 179, -1,
      179, 155, 157, -1,
      179, 157, 177, -1,
      171, 173, 157, -1,
      157, 173, 175, -1,
      157, 175, 177, -1,
      157, 159, 171, -1,
      171, 159, 161, -1,
      171, 161, 163, -1,
      163, 165, 171, -1,
      171, 165, 167, -1,
      171, 167, 169, -1,
      147, 191, 146, -1,
      146, 191, 188, -1,
      146, 188, 186, -1,
      186, 184, 146, -1,
      146, 184, 182, -1,
      146, 182, 180, -1,
      180, 178, 146, -1,
      146, 178, 176, -1,
      146, 176, 174, -1,
      158, 156, 170, -1,
      170, 156, 172, -1,
      172, 156, 174, -1,
      174, 156, 154, -1,
      174, 154, 152, -1,
      152, 150, 174, -1,
      174, 150, 148, -1,
      174, 148, 146, -1,
      164, 170, 166, -1,
      166, 170, 168, -1,
      164, 162, 170, -1,
      170, 162, 160, -1,
      170, 160, 158, -1,
      192, 193, 194, -1,
      194, 193, 195, -1,
      192, 194, 196, -1,
      192, 196, 197, -1,
      197, 196, 198, -1,
      197, 198, 199, -1,
      199, 198, 200, -1,
      199, 200, 201, -1,
      201, 200, 202, -1,
      201, 202, 203, -1,
      203, 202, 204, -1,
      203, 204, 205, -1,
      205, 204, 206, -1,
      205, 206, 207, -1,
      207, 206, 208, -1,
      207, 208, 209, -1,
      209, 208, 210, -1,
      209, 210, 211, -1,
      211, 210, 212, -1,
      211, 212, 213, -1,
      213, 212, 214, -1,
      213, 214, 215, -1,
      215, 214, 216, -1,
      215, 216, 217, -1,
      217, 216, 218, -1,
      217, 218, 219, -1,
      219, 218, 220, -1,
      219, 220, 221, -1,
      221, 220, 222, -1,
      221, 222, 223, -1,
      223, 222, 224, -1,
      223, 224, 225, -1,
      225, 224, 226, -1,
      225, 226, 227, -1,
      227, 226, 228, -1,
      227, 228, 229, -1,
      229, 228, 230, -1,
      229, 230, 231, -1,
      231, 230, 232, -1,
      231, 232, 233, -1,
      233, 232, 234, -1,
      233, 234, 235, -1,
      235, 234, 236, -1,
      235, 236, 237, -1,
      238, 237, 239, -1,
      239, 237, 236, -1,
      193, 238, 195, -1,
      195, 238, 239, -1,
      237, 238, 193, -1,
      193, 192, 237, -1,
      237, 192, 197, -1,
      237, 197, 199, -1,
      211, 213, 237, -1,
      199, 201, 237, -1,
      237, 201, 203, -1,
      237, 203, 205, -1,
      205, 207, 237, -1,
      237, 207, 209, -1,
      237, 209, 211, -1,
      223, 237, 221, -1,
      221, 237, 219, -1,
      231, 233, 229, -1,
      229, 233, 227, -1,
      223, 225, 237, -1,
      237, 225, 227, -1,
      237, 227, 235, -1,
      235, 227, 233, -1,
      213, 215, 237, -1,
      237, 215, 217, -1,
      237, 217, 219, -1,
      234, 226, 236, -1,
      236, 226, 224, -1,
      236, 224, 222, -1,
      210, 208, 236, -1,
      236, 208, 206, -1,
      236, 206, 204, -1,
      204, 202, 236, -1,
      236, 202, 200, -1,
      236, 200, 198, -1,
      195, 239, 194, -1,
      194, 239, 236, -1,
      194, 236, 196, -1,
      196, 236, 198, -1,
      222, 220, 236, -1,
      236, 220, 218, -1,
      236, 218, 216, -1,
      234, 232, 226, -1,
      226, 232, 230, -1,
      226, 230, 228, -1,
      216, 214, 236, -1,
      236, 214, 212, -1,
      236, 212, 210, -1,
      240, 241, 242, -1,
      242, 241, 243, -1,
      240, 242, 244, -1,
      240, 244, 245, -1,
      245, 244, 246, -1,
      245, 246, 247, -1,
      247, 246, 248, -1,
      247, 248, 249, -1,
      249, 248, 250, -1,
      249, 250, 251, -1,
      251, 250, 252, -1,
      251, 252, 253, -1,
      253, 252, 254, -1,
      253, 254, 255, -1,
      255, 254, 256, -1,
      255, 256, 257, -1,
      257, 256, 258, -1,
      257, 258, 259, -1,
      259, 258, 260, -1,
      259, 260, 261, -1,
      261, 260, 262, -1,
      261, 262, 263, -1,
      263, 262, 264, -1,
      263, 264, 265, -1,
      265, 264, 266, -1,
      265, 266, 267, -1,
      267, 266, 268, -1,
      267, 268, 269, -1,
      269, 268, 270, -1,
      269, 270, 271, -1,
      271, 270, 272, -1,
      271, 272, 273, -1,
      273, 272, 274, -1,
      273, 274, 275, -1,
      275, 274, 276, -1,
      275, 276, 277, -1,
      277, 276, 278, -1,
      277, 278, 279, -1,
      279, 278, 280, -1,
      279, 280, 281, -1,
      281, 280, 282, -1,
      281, 282, 283, -1,
      283, 282, 284, -1,
      283, 284, 285, -1,
      286, 285, 287, -1,
      287, 285, 284, -1,
      241, 286, 243, -1,
      243, 286, 287, -1,
      285, 286, 241, -1,
      241, 240, 285, -1,
      285, 240, 245, -1,
      285, 245, 247, -1,
      247, 249, 285, -1,
      285, 249, 251, -1,
      285, 251, 253, -1,
      275, 257, 273, -1,
      273, 257, 271, -1,
      259, 267, 257, -1,
      257, 267, 269, -1,
      257, 269, 271, -1,
      259, 261, 267, -1,
      267, 261, 263, -1,
      267, 263, 265, -1,
      275, 277, 257, -1,
      257, 277, 279, -1,
      257, 279, 281, -1,
      253, 255, 285, -1,
      285, 255, 257, -1,
      285, 257, 283, -1,
      283, 257, 281, -1,
      243, 287, 242, -1,
      242, 287, 284, -1,
      242, 284, 244, -1,
      244, 284, 246, -1,
      246, 284, 282, -1,
      246, 282, 280, -1,
      280, 278, 246, -1,
      246, 278, 276, -1,
      246, 276, 274, -1,
      252, 250, 270, -1,
      274, 272, 246, -1,
      246, 272, 270, -1,
      246, 270, 248, -1,
      248, 270, 250, -1,
      260, 266, 262, -1,
      262, 266, 264, -1,
      260, 258, 266, -1,
      266, 258, 256, -1,
      266, 256, 268, -1,
      268, 256, 270, -1,
      270, 256, 254, -1,
      270, 254, 252, -1,
      288, 289, 290, -1,
      290, 289, 291, -1,
      288, 290, 292, -1,
      288, 292, 293, -1,
      293, 292, 294, -1,
      293, 294, 295, -1,
      295, 294, 296, -1,
      295, 296, 297, -1,
      297, 296, 298, -1,
      297, 298, 299, -1,
      299, 298, 300, -1,
      299, 300, 301, -1,
      301, 300, 302, -1,
      301, 302, 303, -1,
      303, 302, 304, -1,
      303, 304, 305, -1,
      305, 304, 306, -1,
      305, 306, 307, -1,
      307, 306, 308, -1,
      307, 308, 309, -1,
      309, 308, 310, -1,
      309, 310, 311, -1,
      311, 310, 312, -1,
      311, 312, 313, -1,
      313, 312, 314, -1,
      313, 314, 315, -1,
      315, 314, 316, -1,
      315, 316, 317, -1,
      317, 316, 318, -1,
      317, 318, 319, -1,
      319, 318, 320, -1,
      319, 320, 321, -1,
      321, 320, 322, -1,
      321, 322, 323, -1,
      323, 322, 324, -1,
      323, 324, 325, -1,
      325, 324, 326, -1,
      325, 326, 327, -1,
      327, 326, 328, -1,
      327, 328, 329, -1,
      329, 328, 330, -1,
      329, 330, 331, -1,
      331, 330, 332, -1,
      331, 332, 333, -1,
      333, 332, 334, -1,
      333, 334, 335, -1,
      335, 334, 336, -1,
      335, 336, 337, -1,
      338, 337, 339, -1,
      339, 337, 336, -1,
      289, 338, 291, -1,
      291, 338, 339, -1,
      335, 337, 315, -1,
      338, 289, 337, -1,
      337, 289, 288, -1,
      315, 337, 313, -1,
      301, 337, 299, -1,
      299, 337, 297, -1,
      301, 303, 337, -1,
      337, 303, 305, -1,
      337, 305, 307, -1,
      288, 293, 337, -1,
      337, 293, 295, -1,
      337, 295, 297, -1,
      307, 309, 337, -1,
      337, 309, 311, -1,
      337, 311, 313, -1,
      315, 317, 335, -1,
      335, 317, 319, -1,
      335, 319, 321, -1,
      331, 333, 329, -1,
      329, 333, 335, -1,
      329, 335, 327, -1,
      321, 323, 335, -1,
      335, 323, 325, -1,
      335, 325, 327, -1,
      290, 291, 339, -1,
      326, 324, 290, -1,
      339, 336, 290, -1,
      290, 336, 334, -1,
      290, 334, 332, -1,
      290, 312, 310, -1,
      332, 330, 290, -1,
      290, 330, 328, -1,
      290, 328, 326, -1,
      310, 308, 290, -1,
      290, 308, 306, -1,
      290, 306, 304, -1,
      304, 302, 290, -1,
      290, 302, 300, -1,
      290, 300, 298, -1,
      298, 296, 290, -1,
      290, 296, 294, -1,
      290, 294, 292, -1,
      324, 322, 290, -1,
      290, 322, 320, -1,
      290, 320, 318, -1,
      318, 316, 290, -1,
      290, 316, 314, -1,
      290, 314, 312, -1,
      340, 341, 342, -1,
      342, 341, 343, -1,
      340, 342, 344, -1,
      340, 344, 345, -1,
      345, 344, 346, -1,
      345, 346, 347, -1,
      347, 346, 348, -1,
      347, 348, 349, -1,
      349, 348, 350, -1,
      349, 350, 351, -1,
      351, 350, 352, -1,
      351, 352, 353, -1,
      353, 352, 354, -1,
      353, 354, 355, -1,
      355, 354, 356, -1,
      355, 356, 357, -1,
      357, 356, 358, -1,
      357, 358, 359, -1,
      359, 358, 360, -1,
      359, 360, 361, -1,
      361, 360, 362, -1,
      361, 362, 363, -1,
      363, 362, 364, -1,
      363, 364, 365, -1,
      365, 364, 366, -1,
      365, 366, 367, -1,
      367, 366, 368, -1,
      367, 368, 369, -1,
      369, 368, 370, -1,
      369, 370, 371, -1,
      371, 370, 372, -1,
      371, 372, 373, -1,
      373, 372, 374, -1,
      373, 374, 375, -1,
      375, 374, 376, -1,
      375, 376, 377, -1,
      377, 376, 378, -1,
      377, 378, 379, -1,
      379, 378, 380, -1,
      379, 380, 381, -1,
      381, 380, 382, -1,
      381, 382, 383, -1,
      383, 382, 384, -1,
      383, 384, 385, -1,
      385, 384, 386, -1,
      385, 386, 387, -1,
      387, 386, 388, -1,
      387, 388, 389, -1,
      390, 389, 391, -1,
      391, 389, 388, -1,
      341, 390, 343, -1,
      343, 390, 391, -1,
      387, 389, 367, -1,
      390, 341, 389, -1,
      389, 341, 340, -1,
      367, 389, 365, -1,
      353, 389, 351, -1,
      351, 389, 349, -1,
      353, 355, 389, -1,
      389, 355, 357, -1,
      389, 357, 359, -1,
      340, 345, 389, -1,
      389, 345, 347, -1,
      389, 347, 349, -1,
      359, 361, 389, -1,
      389, 361, 363, -1,
      389, 363, 365, -1,
      367, 369, 387, -1,
      387, 369, 371, -1,
      387, 371, 373, -1,
      383, 385, 381, -1,
      381, 385, 387, -1,
      381, 387, 379, -1,
      373, 375, 387, -1,
      387, 375, 377, -1,
      387, 377, 379, -1,
      342, 343, 391, -1,
      378, 376, 342, -1,
      391, 388, 342, -1,
      342, 388, 386, -1,
      342, 386, 384, -1,
      342, 364, 362, -1,
      384, 382, 342, -1,
      342, 382, 380, -1,
      342, 380, 378, -1,
      362, 360, 342, -1,
      342, 360, 358, -1,
      342, 358, 356, -1,
      356, 354, 342, -1,
      342, 354, 352, -1,
      342, 352, 350, -1,
      350, 348, 342, -1,
      342, 348, 346, -1,
      342, 346, 344, -1,
      376, 374, 342, -1,
      342, 374, 372, -1,
      342, 372, 370, -1,
      370, 368, 342, -1,
      342, 368, 366, -1,
      342, 366, 364, -1,
    ]
  }
}
