#VRML V2.0 utf8

Shape {
  appearance Appearance {
    material Material {
      diffuseColor 1.0000 1.0000 1.0000
      specularColor 0.8784 0.8784 0.8784
      ambientIntensity 0.2
      transparency 0.0000
      shininess 0.5
    }
  }
  geometry IndexedFaceSet {
    ccw TRUE
    solid FALSE
    coord DEF co Coordinate {
      point [
        -0.826772 0.465908 -0.451989,
        -0.826772 0.465908 -0.274823,
        -0.835532 0.464921 -0.451989,
        -0.835532 0.464921 -0.274823,
        -0.843854 0.462009 -0.451989,
        -0.843854 0.462009 -0.274823,
        -0.851319 0.457319 -0.451989,
        -0.851319 0.457319 -0.274823,
        -0.857552 0.451085 -0.451989,
        -0.857552 0.451085 -0.274823,
        -0.862243 0.443620 -0.451989,
        -0.862243 0.443620 -0.274823,
        -0.865155 0.435298 -0.451989,
        -0.865155 0.435298 -0.274823,
        -0.866142 0.426538 -0.451989,
        -0.866142 0.426538 -0.274823,
        -0.905512 0.426538 -0.451989,
        -0.905512 0.426538 -0.274823,
        -0.903538 0.444059 -0.274823,
        -0.903538 0.444059 -0.451989,
        -0.897714 0.460702 -0.274823,
        -0.897714 0.460702 -0.451989,
        -0.888333 0.475631 -0.274823,
        -0.888333 0.475631 -0.451989,
        -0.875865 0.488099 -0.274823,
        -0.875865 0.488099 -0.451989,
        -0.860936 0.497480 -0.274823,
        -0.860936 0.497480 -0.451989,
        -0.844293 0.503304 -0.274823,
        -0.844293 0.503304 -0.451989,
        -0.826772 0.505278 -0.274823,
        -0.826772 0.505278 -0.451989,
        -0.905512 0.080252 -0.274823,
        -0.905512 0.032837 -0.451989,
        -0.905512 -0.321494 -0.362442,
        -0.905512 -0.061109 -0.362442,
        -0.905512 -0.321494 -0.633091,
        -0.905512 -0.242754 -0.648839,
        -0.905512 -0.321494 -0.648839,
        -0.905512 -0.242754 -0.707894,
        -0.905512 0.032837 -0.707894,
        -0.905512 -0.238058 -0.743558,
        -0.905512 -0.224293 -0.776792,
        -0.905512 0.028142 -0.743558,
        -0.905512 0.014376 -0.776792,
        -0.905512 -0.007522 -0.805330,
        -0.905512 -0.036061 -0.827228,
        -0.905512 -0.069294 -0.840994,
        -0.905512 -0.104958 -0.845689,
        -0.905512 -0.140622 -0.840994,
        -0.905512 -0.173856 -0.827228,
        -0.905512 -0.202394 -0.805330,
        -0.866142 0.032837 -0.451989,
        -0.866142 -0.321494 -0.633091,
        -0.866142 -0.321494 -0.648839,
        -0.866142 -0.242754 -0.648839,
        -0.866142 -0.321494 -0.362442,
        -0.866142 -0.061109 -0.362442,
        -0.866142 0.080252 -0.274823,
        -0.866142 0.028142 -0.743558,
        -0.866142 0.032837 -0.707894,
        -0.866142 -0.104958 -0.845689,
        -0.866142 -0.242754 -0.707894,
        -0.866142 -0.238058 -0.743558,
        -0.866142 -0.224293 -0.776792,
        -0.866142 -0.202394 -0.805330,
        -0.866142 -0.173856 -0.827228,
        -0.866142 -0.140622 -0.840994,
        -0.866142 -0.069294 -0.840994,
        -0.866142 -0.036061 -0.827228,
        -0.866142 -0.007522 -0.805330,
        -0.866142 0.014376 -0.776792,
        -0.196850 0.505278 -0.648839,
        -0.019685 0.505278 -0.648839,
        -0.196850 0.465908 -0.648839,
        -0.019685 0.465908 -0.648839,
        -0.196850 0.505278 -0.451989,
        -0.019685 0.505278 -0.274823,
        -0.196850 0.465908 -0.451989,
        -0.019685 0.465908 -0.274823,
        0.826772 0.465908 -0.274823,
        0.826772 0.465908 -0.451989,
        0.835532 0.464921 -0.274823,
        0.835532 0.464921 -0.451989,
        0.843854 0.462009 -0.274823,
        0.843854 0.462009 -0.451989,
        0.851319 0.457319 -0.274823,
        0.851319 0.457319 -0.451989,
        0.857552 0.451085 -0.274823,
        0.857552 0.451085 -0.451989,
        0.862243 0.443620 -0.274823,
        0.862243 0.443620 -0.451989,
        0.865155 0.435298 -0.274823,
        0.865155 0.435298 -0.451989,
        0.866142 0.426538 -0.274823,
        0.866142 0.426538 -0.451989,
        0.905512 0.426538 -0.451989,
        0.905512 0.426538 -0.274823,
        0.905512 0.080252 -0.274823,
        0.905512 -0.061109 -0.362442,
        0.905512 -0.321494 -0.362442,
        0.905512 -0.321494 -0.633091,
        0.905512 0.032837 -0.451989,
        0.905512 -0.242754 -0.648839,
        0.905512 0.032837 -0.707894,
        0.905512 -0.242754 -0.707894,
        0.905512 -0.321494 -0.648839,
        0.905512 0.014376 -0.776792,
        0.905512 -0.140622 -0.840994,
        0.905512 -0.104958 -0.845689,
        0.905512 -0.238058 -0.743558,
        0.905512 -0.224293 -0.776792,
        0.905512 -0.202394 -0.805330,
        0.905512 0.028142 -0.743558,
        0.905512 -0.173856 -0.827228,
        0.905512 -0.069294 -0.840994,
        0.905512 -0.036061 -0.827228,
        0.905512 -0.007522 -0.805330,
        0.866142 0.080252 -0.274823,
        0.866142 0.032837 -0.451989,
        0.866142 -0.061109 -0.362442,
        0.866142 -0.242754 -0.648839,
        0.866142 -0.321494 -0.648839,
        0.866142 -0.321494 -0.633091,
        0.866142 -0.036061 -0.827228,
        0.866142 -0.069294 -0.840994,
        0.866142 -0.104958 -0.845689,
        0.866142 -0.224293 -0.776792,
        0.866142 -0.238058 -0.743558,
        0.866142 0.032837 -0.707894,
        0.866142 -0.242754 -0.707894,
        0.866142 -0.321494 -0.362442,
        0.866142 -0.140622 -0.840994,
        0.866142 -0.173856 -0.827228,
        0.866142 -0.202394 -0.805330,
        0.866142 0.028142 -0.743558,
        0.866142 0.014376 -0.776792,
        0.866142 -0.007522 -0.805330,
        0.866142 -0.400234 -0.192483,
        0.905512 -0.400234 -0.192483,
        0.905512 -0.400234 0.083444,
        0.629921 -0.400234 -0.156713,
        0.393701 -0.400234 -0.116959,
        0.629921 -0.400234 -0.392933,
        0.393701 -0.400234 -0.432687,
        0.748031 -0.400234 -0.392933,
        0.826772 -0.400234 -0.274823,
        0.807087 -0.400234 -0.274823,
        0.826772 -0.400234 -0.633091,
        0.748031 -0.400234 -0.156713,
        0.807087 -0.400234 -0.255138,
        0.866142 -0.400234 -0.255138,
        0.374265 -0.400234 -0.083171,
        0.378501 -0.400234 -0.085994,
        0.369690 -0.400234 -0.080926,
        0.382327 -0.400234 -0.089346,
        0.385680 -0.400234 -0.093172,
        0.388502 -0.400234 -0.097408,
        -0.905512 -0.400234 0.083444,
        -0.905512 -0.400234 -0.192483,
        -0.866142 -0.400234 -0.192483,
        -0.378501 -0.400234 -0.463652,
        -0.382327 -0.400234 -0.460300,
        -0.629921 -0.400234 -0.392933,
        -0.807087 -0.400234 -0.274823,
        -0.748031 -0.400234 -0.392933,
        -0.807087 -0.400234 -0.255138,
        -0.748031 -0.400234 -0.156713,
        -0.866142 -0.400234 -0.255138,
        0.390748 -0.400234 -0.101983,
        0.392379 -0.400234 -0.106821,
        -0.629921 -0.400234 -0.156713,
        -0.826772 -0.400234 -0.274823,
        -0.826772 -0.400234 -0.633091,
        0.364852 -0.400234 -0.079294,
        -0.374265 -0.400234 -0.466475,
        0.354714 -0.400234 -0.471674,
        0.388502 -0.400234 -0.452238,
        0.385680 -0.400234 -0.456474,
        -0.385680 -0.400234 -0.456474,
        -0.388502 -0.400234 -0.452238,
        -0.390748 -0.400234 -0.447663,
        -0.392379 -0.400234 -0.442825,
        -0.393701 -0.400234 -0.432687,
        -0.393701 -0.400234 -0.116959,
        -0.392379 -0.400234 -0.106821,
        -0.385680 -0.400234 -0.093172,
        -0.382327 -0.400234 -0.089346,
        -0.378501 -0.400234 -0.085994,
        -0.374265 -0.400234 -0.083171,
        -0.354714 -0.400234 -0.471674,
        -0.364852 -0.400234 -0.470352,
        -0.369690 -0.400234 -0.468720,
        0.390748 -0.400234 -0.447663,
        0.382327 -0.400234 -0.460300,
        0.378501 -0.400234 -0.463652,
        0.374265 -0.400234 -0.466475,
        -0.390748 -0.400234 -0.101983,
        -0.388502 -0.400234 -0.097408,
        -0.369690 -0.400234 -0.080926,
        -0.364852 -0.400234 -0.079294,
        -0.354714 -0.400234 -0.077973,
        0.354714 -0.400234 -0.077973,
        0.392379 -0.400234 -0.442825,
        0.369690 -0.400234 -0.468720,
        0.364852 -0.400234 -0.470352,
        0.807087 -0.360864 -0.274823,
        0.826772 -0.360864 -0.274823,
        0.826772 -0.360864 -0.633091,
        0.866142 -0.360864 -0.192483,
        0.866142 -0.360864 -0.255138,
        0.807087 -0.360864 -0.255138,
        -0.866142 -0.360864 -0.192483,
        -0.905512 -0.360864 -0.192483,
        -0.905512 -0.360864 0.083444,
        -0.826772 -0.360864 -0.633091,
        -0.826772 -0.360864 -0.274823,
        -0.807087 -0.360864 -0.274823,
        -0.807087 -0.360864 -0.255138,
        -0.866142 -0.360864 -0.255138,
        0.905512 -0.360864 0.083444,
        0.905512 -0.360864 -0.192483,
        0.847151 -0.397551 -0.633091,
        0.847151 -0.397551 -0.274823,
        0.866142 -0.389685 -0.362442,
        0.866142 -0.389685 -0.274823,
        0.866142 -0.389685 -0.633091,
        0.882449 -0.377171 -0.633091,
        0.882449 -0.377171 -0.362442,
        0.894963 -0.360864 -0.633091,
        0.894963 -0.360864 -0.362442,
        0.902829 -0.341873 -0.633091,
        0.902829 -0.341873 -0.362442,
        0.860867 -0.341179 -0.274823,
        0.864800 -0.331683 -0.274823,
        0.866142 -0.321494 -0.274823,
        0.836961 -0.359522 -0.274823,
        0.846457 -0.355589 -0.274823,
        0.854611 -0.349333 -0.274823,
        0.864800 -0.331683 -0.633091,
        0.860867 -0.341179 -0.633091,
        0.854611 -0.349333 -0.633091,
        0.846457 -0.355589 -0.633091,
        0.836961 -0.359522 -0.633091,
        -0.836961 -0.359522 -0.633091,
        -0.847151 -0.397551 -0.633091,
        -0.846457 -0.355589 -0.633091,
        -0.866142 -0.389685 -0.633091,
        -0.854611 -0.349333 -0.633091,
        -0.882449 -0.377171 -0.633091,
        -0.860867 -0.341179 -0.633091,
        -0.894963 -0.360864 -0.633091,
        -0.864800 -0.331683 -0.633091,
        -0.902829 -0.341873 -0.633091,
        -0.854611 -0.349333 -0.274823,
        -0.860867 -0.341179 -0.274823,
        -0.866142 -0.389685 -0.274823,
        -0.864800 -0.331683 -0.274823,
        -0.866142 -0.321494 -0.274823,
        -0.847151 -0.397551 -0.274823,
        -0.836961 -0.359522 -0.274823,
        -0.846457 -0.355589 -0.274823,
        -0.866142 -0.389685 -0.362442,
        -0.882449 -0.377171 -0.362442,
        -0.894963 -0.360864 -0.362442,
        -0.902829 -0.341873 -0.362442,
      ]
    }
    coordIndex [
      0, 1, 2, -1,
      2, 1, 3, -1,
      2, 3, 4, -1,
      4, 3, 5, -1,
      4, 5, 6, -1,
      6, 5, 7, -1,
      6, 7, 8, -1,
      8, 7, 9, -1,
      8, 9, 10, -1,
      10, 9, 11, -1,
      10, 11, 12, -1,
      12, 11, 13, -1,
      12, 13, 14, -1,
      14, 13, 15, -1,
      16, 17, 18, -1,
      16, 18, 19, -1,
      19, 18, 20, -1,
      19, 20, 21, -1,
      21, 20, 22, -1,
      21, 22, 23, -1,
      23, 22, 24, -1,
      23, 24, 25, -1,
      25, 24, 26, -1,
      25, 26, 27, -1,
      27, 26, 28, -1,
      27, 28, 29, -1,
      29, 28, 30, -1,
      29, 30, 31, -1,
      17, 16, 32, -1,
      32, 16, 33, -1,
      34, 35, 36, -1,
      36, 35, 37, -1,
      36, 37, 38, -1,
      35, 32, 37, -1,
      37, 32, 33, -1,
      37, 33, 39, -1,
      39, 33, 40, -1,
      39, 40, 41, -1,
      41, 40, 42, -1,
      40, 43, 42, -1,
      42, 43, 44, -1,
      42, 44, 45, -1,
      45, 46, 42, -1,
      42, 46, 47, -1,
      42, 47, 48, -1,
      48, 49, 42, -1,
      42, 49, 50, -1,
      42, 50, 51, -1,
      52, 14, 15, -1,
      53, 54, 55, -1,
      56, 53, 57, -1,
      57, 53, 55, -1,
      57, 55, 58, -1,
      59, 60, 61, -1,
      15, 58, 52, -1,
      52, 58, 55, -1,
      52, 55, 60, -1,
      60, 55, 62, -1,
      62, 63, 60, -1,
      60, 63, 64, -1,
      60, 64, 65, -1,
      65, 66, 60, -1,
      60, 66, 67, -1,
      60, 67, 61, -1,
      61, 68, 69, -1,
      69, 70, 61, -1,
      61, 70, 71, -1,
      61, 71, 59, -1,
      72, 73, 74, -1,
      74, 73, 75, -1,
      31, 30, 76, -1,
      76, 30, 77, -1,
      76, 77, 72, -1,
      72, 77, 73, -1,
      74, 75, 78, -1,
      78, 75, 79, -1,
      78, 79, 0, -1,
      0, 79, 1, -1,
      80, 81, 82, -1,
      82, 81, 83, -1,
      82, 83, 84, -1,
      84, 83, 85, -1,
      84, 85, 86, -1,
      86, 85, 87, -1,
      86, 87, 88, -1,
      88, 87, 89, -1,
      88, 89, 90, -1,
      90, 89, 91, -1,
      90, 91, 92, -1,
      92, 91, 93, -1,
      92, 93, 94, -1,
      94, 93, 95, -1,
      96, 97, 98, -1,
      99, 100, 101, -1,
      102, 103, 104, -1,
      104, 103, 105, -1,
      96, 98, 102, -1,
      102, 98, 99, -1,
      102, 99, 103, -1,
      103, 99, 101, -1,
      103, 101, 106, -1,
      107, 108, 109, -1,
      105, 110, 104, -1,
      104, 110, 111, -1,
      104, 111, 112, -1,
      107, 113, 108, -1,
      108, 113, 104, -1,
      108, 104, 114, -1,
      114, 104, 112, -1,
      115, 116, 109, -1,
      109, 116, 117, -1,
      109, 117, 107, -1,
      94, 95, 118, -1,
      118, 95, 119, -1,
      118, 119, 120, -1,
      121, 122, 123, -1,
      124, 125, 126, -1,
      127, 128, 129, -1,
      129, 128, 130, -1,
      129, 130, 119, -1,
      119, 130, 121, -1,
      119, 121, 120, -1,
      120, 121, 123, -1,
      120, 123, 131, -1,
      132, 133, 129, -1,
      129, 133, 134, -1,
      129, 134, 127, -1,
      129, 135, 132, -1,
      132, 135, 136, -1,
      132, 136, 126, -1,
      126, 136, 137, -1,
      126, 137, 124, -1,
      138, 139, 140, -1,
      141, 142, 143, -1,
      143, 142, 144, -1,
      143, 144, 145, -1,
      146, 147, 148, -1,
      148, 147, 145, -1,
      145, 147, 149, -1,
      149, 147, 150, -1,
      149, 150, 151, -1,
      152, 153, 141, -1,
      152, 141, 154, -1,
      153, 155, 141, -1,
      141, 155, 156, -1,
      141, 156, 157, -1,
      158, 159, 160, -1,
      161, 162, 163, -1,
      164, 165, 166, -1,
      166, 165, 167, -1,
      166, 167, 168, -1,
      157, 169, 141, -1,
      141, 169, 170, -1,
      141, 170, 142, -1,
      171, 158, 167, -1,
      167, 158, 160, -1,
      167, 160, 168, -1,
      164, 172, 165, -1,
      165, 172, 173, -1,
      165, 173, 163, -1,
      151, 138, 149, -1,
      149, 138, 140, -1,
      149, 140, 141, -1,
      141, 140, 174, -1,
      141, 174, 154, -1,
      161, 163, 175, -1,
      173, 148, 176, -1,
      177, 178, 148, -1,
      162, 179, 163, -1,
      163, 179, 180, -1,
      163, 180, 181, -1,
      181, 182, 163, -1,
      163, 182, 183, -1,
      163, 183, 171, -1,
      171, 183, 184, -1,
      171, 184, 185, -1,
      186, 187, 171, -1,
      171, 187, 188, -1,
      171, 188, 189, -1,
      176, 190, 173, -1,
      173, 190, 191, -1,
      173, 191, 163, -1,
      163, 191, 192, -1,
      163, 192, 175, -1,
      177, 148, 193, -1,
      178, 194, 148, -1,
      148, 194, 195, -1,
      148, 195, 196, -1,
      185, 197, 171, -1,
      171, 197, 198, -1,
      171, 198, 186, -1,
      189, 199, 171, -1,
      171, 199, 200, -1,
      171, 200, 158, -1,
      158, 200, 201, -1,
      158, 201, 140, -1,
      140, 201, 202, -1,
      140, 202, 174, -1,
      145, 144, 148, -1,
      148, 144, 203, -1,
      148, 203, 193, -1,
      196, 204, 148, -1,
      148, 204, 205, -1,
      148, 205, 176, -1,
      206, 207, 208, -1,
      209, 210, 211, -1,
      212, 213, 214, -1,
      215, 216, 217, -1,
      208, 215, 206, -1,
      206, 215, 217, -1,
      206, 217, 211, -1,
      211, 217, 218, -1,
      218, 219, 212, -1,
      218, 212, 211, -1,
      211, 212, 214, -1,
      211, 214, 209, -1,
      209, 214, 220, -1,
      209, 220, 221, -1,
      221, 220, 139, -1,
      139, 220, 140, -1,
      146, 148, 222, -1,
      146, 222, 223, -1,
      223, 222, 224, -1,
      223, 224, 225, -1,
      222, 226, 224, -1,
      224, 226, 227, -1,
      224, 227, 228, -1,
      228, 227, 229, -1,
      228, 229, 230, -1,
      230, 229, 231, -1,
      230, 231, 232, -1,
      232, 231, 101, -1,
      232, 101, 100, -1,
      98, 97, 118, -1,
      118, 97, 94, -1,
      55, 54, 37, -1,
      37, 54, 38, -1,
      106, 122, 103, -1,
      103, 122, 121, -1,
      15, 17, 58, -1,
      58, 17, 32, -1,
      158, 214, 159, -1,
      159, 214, 213, -1,
      208, 148, 215, -1,
      215, 148, 173, -1,
      220, 214, 140, -1,
      140, 214, 158, -1,
      207, 206, 146, -1,
      146, 206, 147, -1,
      206, 211, 147, -1,
      147, 211, 150, -1,
      150, 211, 151, -1,
      151, 211, 210, -1,
      218, 166, 219, -1,
      219, 166, 168, -1,
      218, 217, 166, -1,
      166, 217, 164, -1,
      217, 216, 164, -1,
      164, 216, 172, -1,
      233, 225, 234, -1,
      234, 225, 235, -1,
      207, 146, 236, -1,
      236, 146, 223, -1,
      236, 223, 237, -1,
      237, 223, 225, -1,
      237, 225, 238, -1,
      238, 225, 233, -1,
      123, 101, 239, -1,
      239, 101, 231, -1,
      239, 231, 240, -1,
      240, 231, 229, -1,
      240, 229, 241, -1,
      241, 229, 227, -1,
      241, 227, 242, -1,
      242, 227, 226, -1,
      242, 226, 243, -1,
      243, 226, 222, -1,
      243, 222, 208, -1,
      208, 222, 148, -1,
      131, 123, 239, -1,
      235, 131, 234, -1,
      234, 131, 239, -1,
      234, 239, 233, -1,
      233, 239, 240, -1,
      233, 240, 238, -1,
      238, 240, 241, -1,
      238, 241, 237, -1,
      237, 241, 242, -1,
      237, 242, 236, -1,
      236, 242, 243, -1,
      236, 243, 207, -1,
      207, 243, 208, -1,
      122, 106, 123, -1,
      123, 106, 101, -1,
      215, 173, 244, -1,
      244, 173, 245, -1,
      244, 245, 246, -1,
      246, 245, 247, -1,
      246, 247, 248, -1,
      248, 247, 249, -1,
      248, 249, 250, -1,
      250, 249, 251, -1,
      250, 251, 252, -1,
      252, 251, 253, -1,
      252, 253, 53, -1,
      53, 253, 36, -1,
      254, 255, 256, -1,
      256, 255, 257, -1,
      256, 257, 258, -1,
      172, 216, 259, -1,
      259, 216, 260, -1,
      259, 260, 256, -1,
      256, 260, 261, -1,
      256, 261, 254, -1,
      173, 172, 259, -1,
      259, 256, 262, -1,
      173, 259, 245, -1,
      245, 259, 262, -1,
      245, 262, 247, -1,
      247, 262, 263, -1,
      247, 263, 249, -1,
      249, 263, 264, -1,
      249, 264, 251, -1,
      251, 264, 265, -1,
      251, 265, 253, -1,
      253, 265, 34, -1,
      253, 34, 36, -1,
      56, 258, 257, -1,
      53, 56, 252, -1,
      252, 56, 257, -1,
      252, 257, 250, -1,
      250, 257, 255, -1,
      250, 255, 248, -1,
      248, 255, 254, -1,
      248, 254, 246, -1,
      246, 254, 261, -1,
      246, 261, 244, -1,
      244, 261, 260, -1,
      244, 260, 215, -1,
      215, 260, 216, -1,
      36, 38, 53, -1,
      53, 38, 54, -1,
    ]
  }
}

Shape {
  appearance Appearance {
    material Material {
      diffuseColor 0.2510 0.2510 0.2510
      specularColor 0.1255 0.1255 0.1255
      ambientIntensity 0.2
      transparency 0.0000
      shininess 0.5
    }
  }
  geometry IndexedFaceSet {
    ccw TRUE
    solid FALSE
    coord DEF co Coordinate {
      point [
        0.393701 -0.400234 -0.116959,
        0.393701 -0.400234 -0.432687,
        0.354714 -0.400234 -0.471674,
        -0.393701 -0.400234 -0.432687,
        -0.393701 -0.400234 -0.116959,
        -0.354714 -0.400234 -0.471674,
        -0.354714 -0.400234 -0.077973,
        0.354714 -0.400234 -0.077973,
        0.332067 -0.838784 -0.371052,
        0.332067 -0.838784 -0.178594,
        -0.293080 -0.838784 -0.139607,
        0.293080 -0.838784 -0.139607,
        -0.332067 -0.838784 -0.178594,
        -0.332067 -0.838784 -0.371052,
        -0.293080 -0.838784 -0.410039,
        0.293080 -0.838784 -0.410039,
        0.293080 -0.872675 -0.371052,
        0.293080 -0.872675 -0.178594,
        -0.293080 -0.872675 -0.371052,
        -0.293080 -0.872675 -0.178594,
      ]
    }
    coordIndex [
      1, 0, 8, -1,
      8, 0, 9, -1,
      10, 11, 6, -1,
      6, 11, 7, -1,
      4, 3, 12, -1,
      12, 3, 13, -1,
      5, 2, 14, -1,
      14, 2, 15, -1,
      16, 17, 18, -1,
      18, 17, 19, -1,
    ]
  }
}

Shape {
  appearance Appearance {
    material Material {
      diffuseColor 1.0000 1.0000 0.7529
      specularColor 0.5020 0.5020 0.3765
      ambientIntensity 0.2
      transparency 0.0000
      shininess 0.5
    }
  }
  geometry IndexedFaceSet {
    ccw TRUE
    solid FALSE
    coord DEF co Coordinate {
      point [
        0.629921 -0.400234 -0.156713,
        0.629921 -0.400234 -0.392933,
        0.748031 -0.400234 -0.392933,
        0.748031 -0.400234 -0.156713,
        -0.629921 -0.400234 -0.392933,
        -0.748031 -0.400234 -0.392933,
        -0.748031 -0.400234 -0.156713,
        -0.629921 -0.400234 -0.156713,
        -0.636810 -0.478974 -0.163602,
        -0.636810 -0.478974 -0.386044,
        -0.741143 -0.478974 -0.163602,
        -0.741143 -0.478974 -0.386044,
        0.741143 -0.478974 -0.163602,
        0.741143 -0.478974 -0.386044,
        0.636810 -0.478974 -0.163602,
        0.636810 -0.478974 -0.386044,
      ]
    }
    coordIndex [
      8, 9, 7, -1,
      7, 9, 4, -1,
      10, 8, 6, -1,
      6, 8, 7, -1,
      11, 10, 5, -1,
      5, 10, 6, -1,
      9, 11, 4, -1,
      4, 11, 5, -1,
      10, 11, 8, -1,
      8, 11, 9, -1,
      12, 13, 3, -1,
      3, 13, 2, -1,
      14, 12, 0, -1,
      0, 12, 3, -1,
      15, 14, 1, -1,
      1, 14, 0, -1,
      13, 15, 2, -1,
      2, 15, 1, -1,
      14, 15, 12, -1,
      12, 15, 13, -1,
    ]
  }
}

Shape {
  appearance Appearance {
    material Material {
      diffuseColor 0.2510 0.2510 0.2510
      specularColor 0.1255 0.1255 0.1255
      ambientIntensity 0.2
      transparency 0.0000
      shininess 0.5
    }
  }
  geometry IndexedFaceSet {
    ccw TRUE
    solid FALSE
    coord DEF co Coordinate {
      point [
        0.393701 -0.400234 -0.116959,
        0.393701 -0.400234 -0.432687,
        0.374265 -0.400234 -0.083171,
        0.378501 -0.400234 -0.085994,
        0.369690 -0.400234 -0.080926,
        0.382327 -0.400234 -0.089346,
        0.385680 -0.400234 -0.093172,
        0.388502 -0.400234 -0.097408,
        -0.378501 -0.400234 -0.463652,
        -0.382327 -0.400234 -0.460300,
        0.390748 -0.400234 -0.101983,
        0.392379 -0.400234 -0.106821,
        0.364852 -0.400234 -0.079294,
        -0.374265 -0.400234 -0.466475,
        0.354714 -0.400234 -0.471674,
        0.388502 -0.400234 -0.452238,
        0.385680 -0.400234 -0.456474,
        -0.385680 -0.400234 -0.456474,
        -0.388502 -0.400234 -0.452238,
        -0.390748 -0.400234 -0.447663,
        -0.392379 -0.400234 -0.442825,
        -0.393701 -0.400234 -0.432687,
        -0.393701 -0.400234 -0.116959,
        -0.392379 -0.400234 -0.106821,
        -0.385680 -0.400234 -0.093172,
        -0.382327 -0.400234 -0.089346,
        -0.378501 -0.400234 -0.085994,
        -0.374265 -0.400234 -0.083171,
        -0.354714 -0.400234 -0.471674,
        -0.364852 -0.400234 -0.470352,
        -0.369690 -0.400234 -0.468720,
        0.390748 -0.400234 -0.447663,
        0.382327 -0.400234 -0.460300,
        0.378501 -0.400234 -0.463652,
        0.374265 -0.400234 -0.466475,
        -0.390748 -0.400234 -0.101983,
        -0.388502 -0.400234 -0.097408,
        -0.369690 -0.400234 -0.080926,
        -0.364852 -0.400234 -0.079294,
        -0.354714 -0.400234 -0.077973,
        0.354714 -0.400234 -0.077973,
        0.392379 -0.400234 -0.442825,
        0.369690 -0.400234 -0.468720,
        0.364852 -0.400234 -0.470352,
        0.332067 -0.838784 -0.371052,
        0.332067 -0.838784 -0.178594,
        -0.293080 -0.838784 -0.139607,
        0.293080 -0.838784 -0.139607,
        -0.332067 -0.838784 -0.178594,
        -0.332067 -0.838784 -0.371052,
        -0.293080 -0.838784 -0.410039,
        0.293080 -0.838784 -0.410039,
        0.293080 -0.872675 -0.371052,
        0.293080 -0.872675 -0.178594,
        -0.293080 -0.872675 -0.371052,
        -0.293080 -0.872675 -0.178594,
        -0.330578 -0.839976 -0.168623,
        -0.330548 -0.839981 -0.168556,
        -0.326595 -0.840724 -0.159315,
        -0.326557 -0.840726 -0.159267,
        -0.320384 -0.840980 -0.151289,
        -0.312407 -0.840726 -0.145116,
        -0.312358 -0.840724 -0.145078,
        -0.303118 -0.839981 -0.141125,
        -0.303050 -0.839976 -0.141096,
        0.293080 -0.847578 -0.141902,
        -0.293080 -0.847578 -0.141902,
        0.293080 -0.847825 -0.142034,
        -0.293080 -0.847825 -0.142034,
        0.293080 -0.855889 -0.146346,
        -0.293080 -0.855889 -0.146346,
        0.293080 -0.856056 -0.146495,
        -0.293080 -0.856056 -0.146495,
        0.293080 -0.862907 -0.152637,
        -0.293080 -0.862907 -0.152637,
        0.293080 -0.863002 -0.152776,
        -0.293080 -0.863002 -0.152776,
        0.293080 -0.868227 -0.160417,
        -0.293080 -0.868227 -0.160417,
        0.293080 -0.868267 -0.160521,
        -0.293080 -0.868267 -0.160521,
        0.293080 -0.871547 -0.169237,
        -0.293080 -0.871547 -0.169237,
        0.293080 -0.871554 -0.169293,
        -0.293080 -0.871554 -0.169293,
        0.303050 -0.839976 -0.141096,
        0.303118 -0.839981 -0.141125,
        0.312358 -0.840724 -0.145078,
        0.312407 -0.840726 -0.145116,
        0.320384 -0.840980 -0.151289,
        0.326557 -0.840726 -0.159267,
        0.326595 -0.840724 -0.159315,
        0.330548 -0.839981 -0.168556,
        0.330578 -0.839976 -0.168623,
        -0.325178 -0.856056 -0.178594,
        -0.319036 -0.862907 -0.178594,
        -0.318152 -0.862907 -0.171876,
        -0.310638 -0.868227 -0.173889,
        -0.302118 -0.871547 -0.176172,
        -0.301183 -0.871547 -0.173915,
        -0.297758 -0.871547 -0.170491,
        -0.299696 -0.871547 -0.171978,
        -0.295502 -0.871547 -0.169556,
        -0.302381 -0.871554 -0.178594,
        -0.328521 -0.847578 -0.169097,
        -0.324856 -0.847578 -0.160248,
        -0.319024 -0.847578 -0.152649,
        -0.311426 -0.847578 -0.146818,
        -0.302576 -0.847578 -0.143152,
        -0.318898 -0.863002 -0.178594,
        -0.311257 -0.868227 -0.178594,
        -0.311152 -0.868267 -0.178594,
        -0.302437 -0.871547 -0.178594,
        -0.308822 -0.868227 -0.169505,
        -0.305933 -0.868227 -0.165741,
        -0.302169 -0.868227 -0.162852,
        -0.297784 -0.868227 -0.161036,
        -0.315559 -0.862907 -0.165616,
        -0.311433 -0.862907 -0.160240,
        -0.306058 -0.862907 -0.156115,
        -0.299798 -0.862907 -0.153522,
        -0.329639 -0.847825 -0.178594,
        -0.325328 -0.855889 -0.178594,
        -0.324229 -0.855889 -0.170247,
        -0.321007 -0.855889 -0.162470,
        -0.315882 -0.855889 -0.155791,
        -0.309204 -0.855889 -0.150666,
        -0.301426 -0.855889 -0.147444,
        -0.329771 -0.847578 -0.178594,
        0.299798 -0.862907 -0.153522,
        0.297784 -0.868227 -0.161036,
        0.295502 -0.871547 -0.169556,
        0.297758 -0.871547 -0.170491,
        0.301183 -0.871547 -0.173915,
        0.299696 -0.871547 -0.171978,
        0.302118 -0.871547 -0.176172,
        0.302576 -0.847578 -0.143152,
        0.311426 -0.847578 -0.146818,
        0.319024 -0.847578 -0.152649,
        0.324856 -0.847578 -0.160248,
        0.328521 -0.847578 -0.169097,
        0.329771 -0.847578 -0.178594,
        0.302381 -0.871554 -0.178594,
        0.302169 -0.868227 -0.162852,
        0.305933 -0.868227 -0.165741,
        0.308822 -0.868227 -0.169505,
        0.310638 -0.868227 -0.173889,
        0.302437 -0.871547 -0.178594,
        0.311152 -0.868267 -0.178594,
        0.311257 -0.868227 -0.178594,
        0.318898 -0.863002 -0.178594,
        0.306058 -0.862907 -0.156115,
        0.311433 -0.862907 -0.160240,
        0.315559 -0.862907 -0.165616,
        0.318152 -0.862907 -0.171876,
        0.301426 -0.855889 -0.147444,
        0.309204 -0.855889 -0.150666,
        0.315882 -0.855889 -0.155791,
        0.321007 -0.855889 -0.162470,
        0.324229 -0.855889 -0.170247,
        0.319036 -0.862907 -0.178594,
        0.325178 -0.856056 -0.178594,
        0.325328 -0.855889 -0.178594,
        0.329639 -0.847825 -0.178594,
        -0.303050 -0.839976 -0.408550,
        -0.303118 -0.839981 -0.408521,
        -0.312358 -0.840724 -0.404568,
        -0.312407 -0.840726 -0.404530,
        -0.320384 -0.840980 -0.398357,
        -0.326557 -0.840726 -0.390380,
        -0.326595 -0.840724 -0.390331,
        -0.330548 -0.839981 -0.381091,
        -0.330578 -0.839976 -0.381023,
        -0.329771 -0.847578 -0.371052,
        -0.329639 -0.847825 -0.371052,
        -0.325328 -0.855889 -0.371052,
        -0.325178 -0.856056 -0.371052,
        -0.319036 -0.862907 -0.371052,
        -0.318898 -0.863002 -0.371052,
        -0.311257 -0.868227 -0.371052,
        -0.311152 -0.868267 -0.371052,
        -0.302437 -0.871547 -0.371052,
        -0.302381 -0.871554 -0.371052,
        0.329771 -0.847578 -0.371052,
        0.329639 -0.847825 -0.371052,
        0.325328 -0.855889 -0.371052,
        0.325178 -0.856056 -0.371052,
        0.319036 -0.862907 -0.371052,
        0.318898 -0.863002 -0.371052,
        0.311257 -0.868227 -0.371052,
        0.311152 -0.868267 -0.371052,
        0.302437 -0.871547 -0.371052,
        0.302381 -0.871554 -0.371052,
        0.330578 -0.839976 -0.381023,
        0.330548 -0.839981 -0.381091,
        0.326595 -0.840724 -0.390331,
        0.326557 -0.840726 -0.390380,
        0.320384 -0.840980 -0.398357,
        0.312407 -0.840726 -0.404530,
        0.312358 -0.840724 -0.404568,
        0.303118 -0.839981 -0.408521,
        0.303050 -0.839976 -0.408550,
        -0.293080 -0.856056 -0.403151,
        -0.293080 -0.862907 -0.397009,
        -0.299798 -0.862907 -0.396124,
        -0.297784 -0.868227 -0.388610,
        -0.295502 -0.871547 -0.380090,
        -0.297758 -0.871547 -0.379156,
        -0.301183 -0.871547 -0.375731,
        -0.299696 -0.871547 -0.377669,
        -0.302118 -0.871547 -0.373474,
        -0.293080 -0.871554 -0.380354,
        -0.302576 -0.847578 -0.406494,
        -0.311426 -0.847578 -0.402828,
        -0.319024 -0.847578 -0.396997,
        -0.324856 -0.847578 -0.389398,
        -0.328521 -0.847578 -0.380549,
        -0.293080 -0.863002 -0.396870,
        -0.293080 -0.868227 -0.389230,
        -0.293080 -0.868267 -0.389125,
        -0.293080 -0.871547 -0.380409,
        -0.302169 -0.868227 -0.386794,
        -0.305933 -0.868227 -0.383906,
        -0.308822 -0.868227 -0.380141,
        -0.310638 -0.868227 -0.375757,
        -0.306058 -0.862907 -0.393531,
        -0.311433 -0.862907 -0.389406,
        -0.315559 -0.862907 -0.384031,
        -0.318152 -0.862907 -0.377770,
        -0.293080 -0.847825 -0.407612,
        -0.293080 -0.855889 -0.403300,
        -0.301426 -0.855889 -0.402202,
        -0.309204 -0.855889 -0.398980,
        -0.315882 -0.855889 -0.393855,
        -0.321007 -0.855889 -0.387176,
        -0.324229 -0.855889 -0.379399,
        -0.293080 -0.847578 -0.407744,
        0.318152 -0.862907 -0.377770,
        0.310638 -0.868227 -0.375757,
        0.302118 -0.871547 -0.373474,
        0.301183 -0.871547 -0.375731,
        0.297758 -0.871547 -0.379156,
        0.299696 -0.871547 -0.377669,
        0.295502 -0.871547 -0.380090,
        0.328521 -0.847578 -0.380549,
        0.324856 -0.847578 -0.389398,
        0.319024 -0.847578 -0.396997,
        0.311426 -0.847578 -0.402828,
        0.302576 -0.847578 -0.406494,
        0.293080 -0.847578 -0.407744,
        0.293080 -0.871554 -0.380354,
        0.308822 -0.868227 -0.380141,
        0.305933 -0.868227 -0.383906,
        0.302169 -0.868227 -0.386794,
        0.297784 -0.868227 -0.388610,
        0.293080 -0.871547 -0.380409,
        0.293080 -0.868267 -0.389125,
        0.293080 -0.868227 -0.389230,
        0.293080 -0.863002 -0.396870,
        0.315559 -0.862907 -0.384031,
        0.311433 -0.862907 -0.389406,
        0.306058 -0.862907 -0.393531,
        0.299798 -0.862907 -0.396124,
        0.324229 -0.855889 -0.379399,
        0.321007 -0.855889 -0.387176,
        0.315882 -0.855889 -0.393855,
        0.309204 -0.855889 -0.398980,
        0.301426 -0.855889 -0.402202,
        0.293080 -0.862907 -0.397009,
        0.293080 -0.856056 -0.403151,
        0.293080 -0.855889 -0.403300,
        0.293080 -0.847825 -0.407612,
      ]
    }
    coordIndex [
      48, 56, 22, -1,
      22, 56, 23, -1,
      23, 56, 35, -1,
      35, 56, 57, -1,
      35, 57, 36, -1,
      36, 57, 58, -1,
      36, 58, 24, -1,
      24, 58, 59, -1,
      24, 59, 25, -1,
      25, 59, 60, -1,
      25, 60, 26, -1,
      26, 60, 61, -1,
      26, 61, 27, -1,
      27, 61, 62, -1,
      27, 62, 37, -1,
      37, 62, 63, -1,
      37, 63, 38, -1,
      63, 64, 38, -1,
      38, 64, 46, -1,
      38, 46, 39, -1,
      47, 46, 65, -1,
      65, 46, 66, -1,
      65, 66, 67, -1,
      67, 66, 68, -1,
      67, 68, 69, -1,
      69, 68, 70, -1,
      69, 70, 71, -1,
      71, 70, 72, -1,
      71, 72, 73, -1,
      73, 72, 74, -1,
      73, 74, 75, -1,
      75, 74, 76, -1,
      75, 76, 77, -1,
      77, 76, 78, -1,
      77, 78, 79, -1,
      79, 78, 80, -1,
      79, 80, 81, -1,
      81, 80, 82, -1,
      81, 82, 83, -1,
      82, 84, 83, -1,
      83, 84, 55, -1,
      83, 55, 53, -1,
      47, 85, 40, -1,
      40, 85, 12, -1,
      12, 85, 4, -1,
      4, 85, 86, -1,
      4, 86, 2, -1,
      2, 86, 87, -1,
      2, 87, 3, -1,
      3, 87, 88, -1,
      3, 88, 5, -1,
      5, 88, 89, -1,
      5, 89, 6, -1,
      6, 89, 90, -1,
      6, 90, 7, -1,
      7, 90, 91, -1,
      7, 91, 10, -1,
      10, 91, 92, -1,
      10, 92, 11, -1,
      92, 93, 11, -1,
      11, 93, 45, -1,
      11, 45, 0, -1,
      94, 95, 96, -1,
      97, 98, 99, -1,
      55, 100, 101, -1,
      102, 100, 55, -1,
      99, 98, 55, -1,
      103, 55, 98, -1,
      104, 57, 56, -1,
      57, 104, 58, -1,
      58, 104, 105, -1,
      58, 105, 59, -1,
      59, 105, 106, -1,
      59, 106, 60, -1,
      60, 106, 107, -1,
      60, 107, 61, -1,
      61, 107, 62, -1,
      62, 107, 108, -1,
      62, 108, 63, -1,
      63, 108, 64, -1,
      64, 108, 66, -1,
      64, 66, 46, -1,
      84, 102, 55, -1,
      109, 110, 97, -1,
      97, 110, 111, -1,
      97, 111, 98, -1,
      98, 111, 112, -1,
      98, 112, 103, -1,
      113, 101, 114, -1,
      114, 101, 100, -1,
      114, 100, 115, -1,
      115, 100, 102, -1,
      115, 102, 116, -1,
      84, 82, 102, -1,
      102, 82, 80, -1,
      102, 80, 116, -1,
      116, 80, 78, -1,
      116, 78, 76, -1,
      96, 113, 117, -1,
      117, 113, 114, -1,
      117, 114, 118, -1,
      118, 114, 115, -1,
      118, 115, 119, -1,
      119, 115, 116, -1,
      119, 116, 120, -1,
      120, 116, 76, -1,
      121, 122, 123, -1,
      123, 122, 94, -1,
      94, 96, 123, -1,
      123, 96, 117, -1,
      123, 117, 124, -1,
      124, 117, 118, -1,
      124, 118, 125, -1,
      125, 118, 119, -1,
      125, 119, 126, -1,
      126, 119, 120, -1,
      126, 120, 127, -1,
      95, 109, 96, -1,
      96, 109, 97, -1,
      96, 97, 113, -1,
      113, 97, 99, -1,
      113, 99, 101, -1,
      101, 99, 55, -1,
      121, 104, 128, -1,
      128, 104, 56, -1,
      128, 56, 48, -1,
      76, 74, 120, -1,
      120, 74, 72, -1,
      120, 72, 127, -1,
      127, 72, 70, -1,
      127, 70, 68, -1,
      121, 123, 104, -1,
      104, 123, 124, -1,
      104, 124, 105, -1,
      105, 124, 125, -1,
      105, 125, 106, -1,
      106, 125, 126, -1,
      106, 126, 107, -1,
      107, 126, 127, -1,
      107, 127, 108, -1,
      108, 127, 68, -1,
      108, 68, 66, -1,
      71, 73, 129, -1,
      130, 131, 132, -1,
      53, 133, 134, -1,
      135, 133, 53, -1,
      132, 131, 53, -1,
      83, 53, 131, -1,
      136, 86, 85, -1,
      86, 136, 87, -1,
      87, 136, 137, -1,
      87, 137, 88, -1,
      88, 137, 138, -1,
      88, 138, 89, -1,
      89, 138, 139, -1,
      89, 139, 90, -1,
      90, 139, 91, -1,
      91, 139, 140, -1,
      91, 140, 92, -1,
      92, 140, 93, -1,
      93, 140, 141, -1,
      93, 141, 45, -1,
      142, 135, 53, -1,
      75, 77, 130, -1,
      130, 77, 79, -1,
      130, 79, 131, -1,
      131, 79, 81, -1,
      131, 81, 83, -1,
      143, 134, 144, -1,
      144, 134, 133, -1,
      144, 133, 145, -1,
      145, 133, 135, -1,
      145, 135, 146, -1,
      142, 147, 135, -1,
      135, 147, 148, -1,
      135, 148, 146, -1,
      146, 148, 149, -1,
      146, 149, 150, -1,
      129, 143, 151, -1,
      151, 143, 144, -1,
      151, 144, 152, -1,
      152, 144, 145, -1,
      152, 145, 153, -1,
      153, 145, 146, -1,
      153, 146, 154, -1,
      154, 146, 150, -1,
      67, 69, 155, -1,
      155, 69, 71, -1,
      71, 129, 155, -1,
      155, 129, 151, -1,
      155, 151, 156, -1,
      156, 151, 152, -1,
      156, 152, 157, -1,
      157, 152, 153, -1,
      157, 153, 158, -1,
      158, 153, 154, -1,
      158, 154, 159, -1,
      73, 75, 129, -1,
      129, 75, 130, -1,
      129, 130, 143, -1,
      143, 130, 132, -1,
      143, 132, 134, -1,
      134, 132, 53, -1,
      67, 136, 65, -1,
      65, 136, 85, -1,
      65, 85, 47, -1,
      150, 160, 154, -1,
      154, 160, 161, -1,
      154, 161, 159, -1,
      159, 161, 162, -1,
      159, 162, 163, -1,
      67, 155, 136, -1,
      136, 155, 156, -1,
      136, 156, 137, -1,
      137, 156, 157, -1,
      137, 157, 138, -1,
      138, 157, 158, -1,
      138, 158, 139, -1,
      139, 158, 159, -1,
      139, 159, 140, -1,
      140, 159, 163, -1,
      140, 163, 141, -1,
      50, 164, 28, -1,
      28, 164, 29, -1,
      29, 164, 30, -1,
      30, 164, 165, -1,
      30, 165, 13, -1,
      13, 165, 166, -1,
      13, 166, 8, -1,
      8, 166, 167, -1,
      8, 167, 9, -1,
      9, 167, 168, -1,
      9, 168, 17, -1,
      17, 168, 169, -1,
      17, 169, 18, -1,
      18, 169, 170, -1,
      18, 170, 19, -1,
      19, 170, 171, -1,
      19, 171, 20, -1,
      171, 172, 20, -1,
      20, 172, 49, -1,
      20, 49, 21, -1,
      48, 49, 128, -1,
      128, 49, 173, -1,
      128, 173, 121, -1,
      121, 173, 174, -1,
      121, 174, 122, -1,
      122, 174, 175, -1,
      122, 175, 94, -1,
      94, 175, 176, -1,
      94, 176, 95, -1,
      95, 176, 177, -1,
      95, 177, 109, -1,
      109, 177, 178, -1,
      109, 178, 110, -1,
      110, 178, 179, -1,
      110, 179, 111, -1,
      111, 179, 180, -1,
      111, 180, 112, -1,
      112, 180, 181, -1,
      112, 181, 103, -1,
      181, 182, 103, -1,
      103, 182, 54, -1,
      103, 54, 55, -1,
      44, 45, 183, -1,
      183, 45, 141, -1,
      183, 141, 184, -1,
      184, 141, 163, -1,
      184, 163, 185, -1,
      185, 163, 162, -1,
      185, 162, 186, -1,
      186, 162, 161, -1,
      186, 161, 187, -1,
      187, 161, 160, -1,
      187, 160, 188, -1,
      188, 160, 150, -1,
      188, 150, 189, -1,
      189, 150, 149, -1,
      189, 149, 190, -1,
      190, 149, 148, -1,
      190, 148, 191, -1,
      191, 148, 147, -1,
      191, 147, 192, -1,
      147, 142, 192, -1,
      192, 142, 53, -1,
      192, 53, 52, -1,
      44, 193, 1, -1,
      1, 193, 41, -1,
      41, 193, 31, -1,
      31, 193, 194, -1,
      31, 194, 15, -1,
      15, 194, 195, -1,
      15, 195, 16, -1,
      16, 195, 196, -1,
      16, 196, 32, -1,
      32, 196, 197, -1,
      32, 197, 33, -1,
      33, 197, 198, -1,
      33, 198, 34, -1,
      34, 198, 199, -1,
      34, 199, 42, -1,
      42, 199, 200, -1,
      42, 200, 43, -1,
      200, 201, 43, -1,
      43, 201, 51, -1,
      43, 51, 14, -1,
      202, 203, 204, -1,
      205, 206, 207, -1,
      54, 208, 209, -1,
      210, 208, 54, -1,
      207, 206, 54, -1,
      211, 54, 206, -1,
      212, 165, 164, -1,
      165, 212, 166, -1,
      166, 212, 213, -1,
      166, 213, 167, -1,
      167, 213, 214, -1,
      167, 214, 168, -1,
      168, 214, 215, -1,
      168, 215, 169, -1,
      169, 215, 170, -1,
      170, 215, 216, -1,
      170, 216, 171, -1,
      171, 216, 172, -1,
      172, 216, 173, -1,
      172, 173, 49, -1,
      182, 210, 54, -1,
      217, 218, 205, -1,
      205, 218, 219, -1,
      205, 219, 206, -1,
      206, 219, 220, -1,
      206, 220, 211, -1,
      221, 209, 222, -1,
      222, 209, 208, -1,
      222, 208, 223, -1,
      223, 208, 210, -1,
      223, 210, 224, -1,
      182, 181, 210, -1,
      210, 181, 180, -1,
      210, 180, 224, -1,
      224, 180, 179, -1,
      224, 179, 178, -1,
      204, 221, 225, -1,
      225, 221, 222, -1,
      225, 222, 226, -1,
      226, 222, 223, -1,
      226, 223, 227, -1,
      227, 223, 224, -1,
      227, 224, 228, -1,
      228, 224, 178, -1,
      229, 230, 231, -1,
      231, 230, 202, -1,
      202, 204, 231, -1,
      231, 204, 225, -1,
      231, 225, 232, -1,
      232, 225, 226, -1,
      232, 226, 233, -1,
      233, 226, 227, -1,
      233, 227, 234, -1,
      234, 227, 228, -1,
      234, 228, 235, -1,
      203, 217, 204, -1,
      204, 217, 205, -1,
      204, 205, 221, -1,
      221, 205, 207, -1,
      221, 207, 209, -1,
      209, 207, 54, -1,
      229, 212, 236, -1,
      236, 212, 164, -1,
      236, 164, 50, -1,
      178, 177, 228, -1,
      228, 177, 176, -1,
      228, 176, 235, -1,
      235, 176, 175, -1,
      235, 175, 174, -1,
      229, 231, 212, -1,
      212, 231, 232, -1,
      212, 232, 213, -1,
      213, 232, 233, -1,
      213, 233, 214, -1,
      214, 233, 234, -1,
      214, 234, 215, -1,
      215, 234, 235, -1,
      215, 235, 216, -1,
      216, 235, 174, -1,
      216, 174, 173, -1,
      186, 187, 237, -1,
      238, 239, 240, -1,
      52, 241, 242, -1,
      243, 241, 52, -1,
      240, 239, 52, -1,
      192, 52, 239, -1,
      244, 194, 193, -1,
      194, 244, 195, -1,
      195, 244, 245, -1,
      195, 245, 196, -1,
      196, 245, 246, -1,
      196, 246, 197, -1,
      197, 246, 247, -1,
      197, 247, 198, -1,
      198, 247, 199, -1,
      199, 247, 248, -1,
      199, 248, 200, -1,
      200, 248, 201, -1,
      201, 248, 249, -1,
      201, 249, 51, -1,
      250, 243, 52, -1,
      188, 189, 238, -1,
      238, 189, 190, -1,
      238, 190, 239, -1,
      239, 190, 191, -1,
      239, 191, 192, -1,
      251, 242, 252, -1,
      252, 242, 241, -1,
      252, 241, 253, -1,
      253, 241, 243, -1,
      253, 243, 254, -1,
      250, 255, 243, -1,
      243, 255, 256, -1,
      243, 256, 254, -1,
      254, 256, 257, -1,
      254, 257, 258, -1,
      237, 251, 259, -1,
      259, 251, 252, -1,
      259, 252, 260, -1,
      260, 252, 253, -1,
      260, 253, 261, -1,
      261, 253, 254, -1,
      261, 254, 262, -1,
      262, 254, 258, -1,
      184, 185, 263, -1,
      263, 185, 186, -1,
      186, 237, 263, -1,
      263, 237, 259, -1,
      263, 259, 264, -1,
      264, 259, 260, -1,
      264, 260, 265, -1,
      265, 260, 261, -1,
      265, 261, 266, -1,
      266, 261, 262, -1,
      266, 262, 267, -1,
      187, 188, 237, -1,
      237, 188, 238, -1,
      237, 238, 251, -1,
      251, 238, 240, -1,
      251, 240, 242, -1,
      242, 240, 52, -1,
      184, 244, 183, -1,
      183, 244, 193, -1,
      183, 193, 44, -1,
      258, 268, 262, -1,
      262, 268, 269, -1,
      262, 269, 267, -1,
      267, 269, 270, -1,
      267, 270, 271, -1,
      184, 263, 244, -1,
      244, 263, 264, -1,
      244, 264, 245, -1,
      245, 264, 265, -1,
      245, 265, 246, -1,
      246, 265, 266, -1,
      246, 266, 247, -1,
      247, 266, 267, -1,
      247, 267, 248, -1,
      248, 267, 271, -1,
      248, 271, 249, -1,
      50, 51, 236, -1,
      236, 51, 249, -1,
      236, 249, 229, -1,
      229, 249, 271, -1,
      229, 271, 230, -1,
      230, 271, 270, -1,
      230, 270, 202, -1,
      202, 270, 269, -1,
      202, 269, 203, -1,
      203, 269, 268, -1,
      203, 268, 217, -1,
      217, 268, 258, -1,
      217, 258, 218, -1,
      218, 258, 257, -1,
      218, 257, 219, -1,
      219, 257, 256, -1,
      219, 256, 220, -1,
      220, 256, 255, -1,
      220, 255, 211, -1,
      255, 250, 211, -1,
      211, 250, 52, -1,
      211, 52, 54, -1,
    ]
  }
}

Shape {
  appearance Appearance {
    material Material {
      diffuseColor 1.0000 1.0000 1.0000
      specularColor 0.8784 0.8784 0.8784
      ambientIntensity 0.2
      transparency 0.0000
      shininess 0.5
    }
  }
  geometry IndexedFaceSet {
    ccw TRUE
    solid FALSE
    coord DEF co Coordinate {
      point [
        -0.826772 0.465908 -0.451989,
        -0.826772 0.465908 -0.274823,
        -0.835532 0.464921 -0.451989,
        -0.835532 0.464921 -0.274823,
        -0.843854 0.462009 -0.451989,
        -0.843854 0.462009 -0.274823,
        -0.851319 0.457319 -0.451989,
        -0.851319 0.457319 -0.274823,
        -0.857552 0.451085 -0.451989,
        -0.857552 0.451085 -0.274823,
        -0.862243 0.443620 -0.451989,
        -0.862243 0.443620 -0.274823,
        -0.865155 0.435298 -0.451989,
        -0.865155 0.435298 -0.274823,
        -0.866142 0.426538 -0.451989,
        -0.866142 0.426538 -0.274823,
        -0.905512 0.426538 -0.451989,
        -0.905512 0.426538 -0.274823,
        -0.903538 0.444059 -0.274823,
        -0.903538 0.444059 -0.451989,
        -0.897714 0.460702 -0.274823,
        -0.897714 0.460702 -0.451989,
        -0.888333 0.475631 -0.274823,
        -0.888333 0.475631 -0.451989,
        -0.875865 0.488099 -0.274823,
        -0.875865 0.488099 -0.451989,
        -0.860936 0.497480 -0.274823,
        -0.860936 0.497480 -0.451989,
        -0.844293 0.503304 -0.274823,
        -0.844293 0.503304 -0.451989,
        -0.826772 0.505278 -0.274823,
        -0.826772 0.505278 -0.451989,
        -0.905512 0.080252 -0.274823,
        -0.905512 0.032837 -0.451989,
        -0.905512 -0.321494 -0.362442,
        -0.905512 -0.061109 -0.362442,
        -0.905512 -0.242754 -0.648839,
        -0.905512 -0.242754 -0.707894,
        -0.905512 0.032837 -0.707894,
        -0.905512 -0.238058 -0.743558,
        -0.905512 -0.224293 -0.776792,
        -0.905512 0.028142 -0.743558,
        -0.905512 0.014376 -0.776792,
        -0.905512 -0.007522 -0.805330,
        -0.905512 -0.036061 -0.827228,
        -0.905512 -0.069294 -0.840994,
        -0.905512 -0.104958 -0.845689,
        -0.905512 -0.140622 -0.840994,
        -0.905512 -0.173856 -0.827228,
        -0.905512 -0.202394 -0.805330,
        -0.866142 0.032837 -0.451989,
        -0.866142 -0.242754 -0.648839,
        -0.866142 -0.321494 -0.362442,
        -0.866142 -0.061109 -0.362442,
        -0.866142 0.080252 -0.274823,
        -0.866142 0.028142 -0.743558,
        -0.866142 0.032837 -0.707894,
        -0.866142 -0.104958 -0.845689,
        -0.866142 -0.242754 -0.707894,
        -0.866142 -0.238058 -0.743558,
        -0.866142 -0.224293 -0.776792,
        -0.866142 -0.202394 -0.805330,
        -0.866142 -0.173856 -0.827228,
        -0.866142 -0.140622 -0.840994,
        -0.866142 -0.069294 -0.840994,
        -0.866142 -0.036061 -0.827228,
        -0.866142 -0.007522 -0.805330,
        -0.866142 0.014376 -0.776792,
        -0.196850 0.505278 -0.648839,
        -0.019685 0.505278 -0.648839,
        -0.196850 0.465908 -0.648839,
        -0.019685 0.465908 -0.648839,
        -0.196850 0.505278 -0.451989,
        -0.019685 0.505278 -0.274823,
        -0.196850 0.465908 -0.451989,
        -0.019685 0.465908 -0.274823,
        0.826772 0.465908 -0.274823,
        0.826772 0.465908 -0.451989,
        0.835532 0.464921 -0.274823,
        0.835532 0.464921 -0.451989,
        0.843854 0.462009 -0.274823,
        0.843854 0.462009 -0.451989,
        0.851319 0.457319 -0.274823,
        0.851319 0.457319 -0.451989,
        0.857552 0.451085 -0.274823,
        0.857552 0.451085 -0.451989,
        0.862243 0.443620 -0.274823,
        0.862243 0.443620 -0.451989,
        0.865155 0.435298 -0.274823,
        0.865155 0.435298 -0.451989,
        0.866142 0.426538 -0.274823,
        0.866142 0.426538 -0.451989,
        0.905512 0.426538 -0.451989,
        0.905512 0.426538 -0.274823,
        0.905512 0.080252 -0.274823,
        0.905512 -0.061109 -0.362442,
        0.905512 -0.321494 -0.362442,
        0.905512 0.032837 -0.451989,
        0.905512 -0.242754 -0.648839,
        0.905512 0.032837 -0.707894,
        0.905512 -0.242754 -0.707894,
        0.905512 0.014376 -0.776792,
        0.905512 -0.140622 -0.840994,
        0.905512 -0.104958 -0.845689,
        0.905512 -0.238058 -0.743558,
        0.905512 -0.224293 -0.776792,
        0.905512 -0.202394 -0.805330,
        0.905512 0.028142 -0.743558,
        0.905512 -0.173856 -0.827228,
        0.905512 -0.069294 -0.840994,
        0.905512 -0.036061 -0.827228,
        0.905512 -0.007522 -0.805330,
        0.866142 0.080252 -0.274823,
        0.866142 0.032837 -0.451989,
        0.866142 -0.061109 -0.362442,
        0.866142 -0.242754 -0.648839,
        0.866142 -0.036061 -0.827228,
        0.866142 -0.069294 -0.840994,
        0.866142 -0.104958 -0.845689,
        0.866142 -0.224293 -0.776792,
        0.866142 -0.238058 -0.743558,
        0.866142 0.032837 -0.707894,
        0.866142 -0.242754 -0.707894,
        0.866142 -0.321494 -0.362442,
        0.866142 -0.140622 -0.840994,
        0.866142 -0.173856 -0.827228,
        0.866142 -0.202394 -0.805330,
        0.866142 0.028142 -0.743558,
        0.866142 0.014376 -0.776792,
        0.866142 -0.007522 -0.805330,
        0.866142 -0.400234 -0.192483,
        0.905512 -0.400234 -0.192483,
        0.866142 -0.400234 -0.255138,
        -0.905512 -0.400234 -0.192483,
        -0.866142 -0.400234 -0.192483,
        -0.866142 -0.400234 -0.255138,
        0.866142 -0.360864 -0.192483,
        0.866142 -0.360864 -0.255138,
        -0.866142 -0.360864 -0.192483,
        -0.905512 -0.360864 -0.192483,
        -0.866142 -0.360864 -0.255138,
        0.905512 -0.360864 -0.192483,
        0.866142 -0.389685 -0.362442,
        0.866142 -0.389685 -0.274823,
        0.882449 -0.377171 -0.362442,
        0.894963 -0.360864 -0.362442,
        0.902829 -0.341873 -0.362442,
        0.866142 -0.321494 -0.274823,
        -0.866142 -0.389685 -0.274823,
        -0.866142 -0.321494 -0.274823,
        -0.866142 -0.389685 -0.362442,
        -0.882449 -0.377171 -0.362442,
        -0.894963 -0.360864 -0.362442,
        -0.902829 -0.341873 -0.362442,
        0.903538 0.444059 -0.274823,
        0.897714 0.460702 -0.274823,
        0.888333 0.475631 -0.274823,
        0.875865 0.488099 -0.274823,
        0.860936 0.497480 -0.274823,
        0.844293 0.503304 -0.274823,
        0.826772 0.505278 -0.274823,
        0.903538 0.444059 -0.451989,
        0.897714 0.460702 -0.451989,
        0.888333 0.475631 -0.451989,
        0.875865 0.488099 -0.451989,
        0.860936 0.497480 -0.451989,
        0.844293 0.503304 -0.451989,
        0.826772 0.505278 -0.451989,
        0.019685 0.465908 -0.648839,
        0.019685 0.505278 -0.648839,
        0.196850 0.465908 -0.648839,
        0.196850 0.505278 -0.648839,
        0.019685 0.505278 -0.274823,
        0.019685 0.465908 -0.274823,
        0.196850 0.505278 -0.451989,
        0.196850 0.465908 -0.451989,
      ]
    }
    coordIndex [
      90, 93, 88, -1,
      88, 93, 154, -1,
      88, 154, 86, -1,
      86, 154, 155, -1,
      86, 155, 84, -1,
      84, 155, 156, -1,
      84, 156, 82, -1,
      82, 156, 157, -1,
      82, 157, 80, -1,
      80, 157, 158, -1,
      80, 158, 78, -1,
      78, 158, 159, -1,
      78, 159, 76, -1,
      76, 159, 160, -1,
      93, 92, 161, -1,
      93, 161, 154, -1,
      154, 161, 162, -1,
      154, 162, 155, -1,
      155, 162, 163, -1,
      155, 163, 156, -1,
      156, 163, 164, -1,
      156, 164, 157, -1,
      157, 164, 165, -1,
      157, 165, 158, -1,
      158, 165, 166, -1,
      158, 166, 159, -1,
      159, 166, 167, -1,
      159, 167, 160, -1,
      168, 169, 170, -1,
      170, 169, 171, -1,
      160, 172, 76, -1,
      76, 172, 173, -1,
      171, 169, 174, -1,
      174, 169, 172, -1,
      174, 172, 167, -1,
      167, 172, 160, -1,
      77, 76, 175, -1,
      175, 76, 173, -1,
      175, 173, 170, -1,
      170, 173, 168, -1,
      172, 169, 173, -1,
      173, 169, 168, -1,
      1, 30, 3, -1,
      3, 30, 28, -1,
      3, 28, 5, -1,
      5, 28, 26, -1,
      5, 26, 7, -1,
      7, 26, 24, -1,
      7, 24, 9, -1,
      9, 24, 22, -1,
      9, 22, 11, -1,
      11, 22, 20, -1,
      11, 20, 13, -1,
      13, 20, 18, -1,
      13, 18, 15, -1,
      15, 18, 17, -1,
      1, 75, 30, -1,
      30, 75, 73, -1,
      69, 73, 71, -1,
      71, 73, 75, -1,
      175, 174, 77, -1,
      77, 174, 167, -1,
      77, 167, 79, -1,
      79, 167, 166, -1,
      79, 166, 81, -1,
      81, 166, 165, -1,
      81, 165, 83, -1,
      83, 165, 164, -1,
      83, 164, 85, -1,
      85, 164, 163, -1,
      85, 163, 87, -1,
      87, 163, 162, -1,
      87, 162, 89, -1,
      89, 162, 161, -1,
      89, 161, 91, -1,
      91, 161, 92, -1,
      91, 92, 113, -1,
      113, 92, 97, -1,
      175, 170, 174, -1,
      174, 170, 171, -1,
      100, 98, 122, -1,
      122, 98, 115, -1,
      121, 113, 99, -1,
      99, 113, 97, -1,
      118, 103, 102, -1,
      118, 102, 124, -1,
      124, 102, 108, -1,
      124, 108, 125, -1,
      125, 108, 106, -1,
      125, 106, 126, -1,
      126, 106, 105, -1,
      126, 105, 119, -1,
      119, 105, 104, -1,
      119, 104, 120, -1,
      120, 104, 100, -1,
      120, 100, 122, -1,
      121, 99, 107, -1,
      121, 107, 127, -1,
      127, 107, 101, -1,
      127, 101, 128, -1,
      128, 101, 111, -1,
      128, 111, 129, -1,
      129, 111, 110, -1,
      129, 110, 116, -1,
      116, 110, 109, -1,
      116, 109, 117, -1,
      117, 109, 103, -1,
      117, 103, 118, -1,
      58, 51, 37, -1,
      37, 51, 36, -1,
      38, 33, 56, -1,
      56, 33, 50, -1,
      58, 37, 39, -1,
      58, 39, 59, -1,
      59, 39, 40, -1,
      59, 40, 60, -1,
      60, 40, 49, -1,
      60, 49, 61, -1,
      61, 49, 48, -1,
      61, 48, 62, -1,
      62, 48, 47, -1,
      62, 47, 63, -1,
      63, 47, 46, -1,
      63, 46, 57, -1,
      57, 46, 45, -1,
      57, 45, 64, -1,
      64, 45, 44, -1,
      64, 44, 65, -1,
      65, 44, 43, -1,
      65, 43, 66, -1,
      66, 43, 42, -1,
      66, 42, 67, -1,
      67, 42, 41, -1,
      67, 41, 55, -1,
      55, 41, 38, -1,
      55, 38, 56, -1,
      149, 52, 148, -1,
      148, 52, 150, -1,
      53, 35, 52, -1,
      52, 35, 34, -1,
      52, 34, 153, -1,
      153, 152, 52, -1,
      52, 152, 151, -1,
      52, 151, 150, -1,
      53, 54, 35, -1,
      35, 54, 32, -1,
      133, 139, 134, -1,
      134, 139, 138, -1,
      134, 138, 135, -1,
      135, 138, 140, -1,
      112, 114, 94, -1,
      94, 114, 95, -1,
      142, 123, 143, -1,
      143, 123, 147, -1,
      145, 123, 144, -1,
      144, 123, 142, -1,
      95, 114, 96, -1,
      96, 114, 123, -1,
      96, 123, 146, -1,
      146, 123, 145, -1,
      131, 130, 141, -1,
      141, 130, 136, -1,
      132, 137, 130, -1,
      130, 137, 136, -1,
      70, 74, 68, -1,
      68, 74, 72, -1,
      50, 33, 14, -1,
      14, 33, 16, -1,
      14, 16, 12, -1,
      12, 16, 19, -1,
      12, 19, 10, -1,
      10, 19, 21, -1,
      10, 21, 8, -1,
      8, 21, 23, -1,
      8, 23, 6, -1,
      6, 23, 25, -1,
      6, 25, 4, -1,
      4, 25, 27, -1,
      4, 27, 2, -1,
      2, 27, 29, -1,
      2, 29, 0, -1,
      0, 29, 31, -1,
      0, 31, 74, -1,
      74, 31, 72, -1,
    ]
  }
}

Shape {
  appearance Appearance {
    material Material {
      diffuseColor 1.0000 1.0000 0.7529
      specularColor 0.5020 0.5020 0.3765
      ambientIntensity 0.2
      transparency 0.0000
      shininess 0.5
    }
  }
  geometry IndexedFaceSet {
    ccw TRUE
    solid FALSE
    coord DEF co Coordinate {
      point [
        0.854611 -0.349333 -0.633091,
        -0.854611 -0.349333 -0.633091,
        -0.854611 -0.030336 -0.633091,
        -0.854611 0.269057 -0.633091,
        -0.748031 0.269057 -0.633091,
        -0.748031 0.263210 -0.633091,
        -0.590551 0.263210 -0.633091,
        -0.209630 -0.030336 -0.633091,
        -0.590551 0.269057 -0.633091,
        -0.539650 0.269057 -0.633091,
        -0.207944 0.141670 -0.633091,
        -0.207910 0.141222 -0.633091,
        -0.207364 0.124527 -0.633091,
        -0.539650 0.426538 -0.633091,
        -0.157480 0.426538 -0.633091,
        -0.157480 0.347798 -0.633091,
        -0.075713 -0.025924 -0.633091,
        -0.069352 -0.022503 -0.633091,
        -0.055606 -0.024967 -0.633091,
        -0.208813 0.149733 -0.633091,
        -0.207364 -0.002904 -0.633091,
        -0.207569 -0.016715 -0.633091,
        -0.063250 -0.016983 -0.633091,
        -0.060135 -0.012802 -0.633091,
        -0.057619 -0.008272 -0.633091,
        -0.056738 0.050619 -0.633091,
        -0.117404 0.070326 -0.633091,
        -0.117056 0.077255 -0.633091,
        -0.085376 -0.028105 -0.633091,
        -0.083919 -0.028071 -0.633091,
        -0.035286 -0.030336 -0.633091,
        -0.095771 0.152089 -0.633091,
        -0.146208 0.146591 -0.633091,
        -0.088101 0.154695 -0.633091,
        -0.146540 0.147234 -0.633091,
        -0.051369 -0.024967 -0.633091,
        -0.051369 0.050619 -0.633091,
        -0.047132 0.085434 -0.633091,
        -0.048417 0.111065 -0.633091,
        -0.035286 0.347798 -0.633091,
        -0.052327 0.131454 -0.633091,
        -0.056577 0.140448 -0.633091,
        -0.061054 0.146404 -0.633091,
        -0.066419 0.150757 -0.633091,
        -0.072897 0.153796 -0.633091,
        -0.079976 0.155106 -0.633091,
        -0.199982 0.142354 -0.633091,
        -0.178188 0.140565 -0.633091,
        -0.199982 -0.002022 -0.633091,
        -0.167803 0.138935 -0.633091,
        -0.206933 0.153813 -0.633091,
        -0.207367 0.153700 -0.633091,
        -0.207695 0.153528 -0.633091,
        -0.207987 0.153272 -0.633091,
        -0.111747 0.111370 -0.633091,
        -0.051663 0.085182 -0.633091,
        -0.112409 0.133422 -0.633091,
        -0.120202 0.110511 -0.633091,
        -0.147165 0.143557 -0.633091,
        -0.146787 0.147505 -0.633091,
        -0.208330 0.152820 -0.633091,
        -0.208730 0.152061 -0.633091,
        -0.208878 0.151396 -0.633091,
        -0.164091 0.138026 -0.633091,
        -0.161929 0.136898 -0.633091,
        -0.159044 0.134437 -0.633091,
        -0.093813 -0.026450 -0.633091,
        -0.195745 -0.019891 -0.633091,
        -0.099491 -0.022969 -0.633091,
        -0.106625 -0.016548 -0.633091,
        -0.148123 0.142584 -0.633091,
        -0.123752 0.087696 -0.633091,
        -0.125174 0.051942 -0.633091,
        -0.157827 0.133881 -0.633091,
        -0.123557 0.033337 -0.633091,
        -0.118422 0.007819 -0.633091,
        -0.101515 0.148527 -0.633091,
        -0.106333 0.143472 -0.633091,
        -0.146346 0.145557 -0.633091,
        -0.146724 0.144300 -0.633091,
        -0.148538 0.148160 -0.633091,
        -0.152723 0.148177 -0.633091,
        -0.164455 0.149792 -0.633091,
        -0.107194 0.126265 -0.633091,
        -0.054881 0.112102 -0.633091,
        -0.053089 0.100157 -0.633091,
        -0.198754 -0.013556 -0.633091,
        -0.112168 -0.008215 -0.633091,
        -0.101982 0.135156 -0.633091,
        -0.098841 0.138897 -0.633091,
        -0.094690 0.142485 -0.633091,
        -0.083919 0.145752 -0.633091,
        -0.058811 0.128363 -0.633091,
        -0.062428 0.135101 -0.633091,
        -0.115942 0.031638 -0.633091,
        -0.057854 0.019576 -0.633091,
        -0.113550 0.017650 -0.633091,
        -0.061374 0.001580 -0.633091,
        -0.065595 -0.008066 -0.633091,
        -0.199901 -0.005509 -0.633091,
        -0.147207 0.147784 -0.633091,
        -0.147953 0.148061 -0.633091,
        -0.091104 0.144448 -0.633091,
        -0.087256 0.145464 -0.633091,
        -0.077499 0.145244 -0.633091,
        -0.071379 0.142970 -0.633091,
        -0.066431 0.139584 -0.633091,
        -0.102107 -0.008974 -0.633091,
        -0.107004 -0.001244 -0.633091,
        -0.073022 -0.015763 -0.633091,
        -0.068957 -0.012520 -0.633091,
        -0.151226 0.139713 -0.633091,
        -0.185846 0.151708 -0.633091,
        -0.197717 0.152841 -0.633091,
        -0.081654 -0.018759 -0.633091,
        -0.087576 -0.018394 -0.633091,
        -0.076938 -0.017678 -0.633091,
        -0.092593 -0.016665 -0.633091,
        -0.097394 -0.013681 -0.633091,
        -0.169376 0.150318 -0.633091,
        -0.204260 0.153386 -0.633091,
        -0.206237 0.153843 -0.633091,
        -0.089833 -0.027759 -0.633091,
        -0.204107 -0.030336 -0.633091,
        -0.208203 -0.035453 -0.633091,
        -0.035286 -0.349333 -0.633091,
        -0.210175 -0.033188 -0.633091,
        0.748031 0.269057 -0.633091,
        0.854611 0.269057 -0.633091,
        0.748031 0.263210 -0.633091,
        0.854611 -0.030336 -0.633091,
        0.590551 0.263210 -0.633091,
        -0.017485 0.153804 -0.633091,
        -0.018142 0.153318 -0.633091,
        -0.016705 0.154130 -0.633091,
        0.088343 0.155570 -0.633091,
        0.088100 0.155651 -0.633091,
        0.539650 0.426538 -0.633091,
        -0.023493 -0.019639 -0.633091,
        -0.023444 -0.019824 -0.633091,
        -0.023357 -0.019983 -0.633091,
        -0.008249 0.054310 -0.633091,
        0.015534 0.051206 -0.633091,
        -0.008249 -0.007979 -0.633091,
        0.025350 0.049213 -0.633091,
        0.037052 0.043824 -0.633091,
        0.045274 -0.016200 -0.633091,
        0.040743 -0.015613 -0.633091,
        -0.018575 0.152783 -0.633091,
        -0.018941 0.151997 -0.633091,
        -0.019160 0.150891 -0.633091,
        0.031635 0.046983 -0.633091,
        0.034494 0.045250 -0.633091,
        0.027405 -0.013935 -0.633091,
        0.034077 -0.014747 -0.633091,
        0.074392 -0.016202 -0.633091,
        0.074156 -0.017044 -0.633091,
        0.075048 0.141013 -0.633091,
        0.074134 -0.017807 -0.633091,
        0.074898 0.141124 -0.633091,
        0.044393 0.130735 -0.633091,
        0.074758 0.141296 -0.633091,
        0.074636 0.141513 -0.633091,
        -0.021332 -0.013763 -0.633091,
        -0.022491 -0.015294 -0.633091,
        -0.016470 0.128764 -0.633091,
        -0.023427 -0.017699 -0.633091,
        -0.023461 -0.018484 -0.633091,
        -0.023484 -0.019046 -0.633091,
        -0.023190 -0.020164 -0.633091,
        -0.022898 -0.020358 -0.633091,
        -0.022492 -0.020506 -0.633091,
        -0.021974 -0.020558 -0.633091,
        -0.021000 -0.020437 -0.633091,
        -0.015631 -0.019598 -0.633091,
        0.129157 -0.024695 -0.633091,
        0.135731 -0.023046 -0.633091,
        0.217048 -0.030336 -0.633091,
        0.146271 0.134306 -0.633091,
        0.178814 0.133724 -0.633091,
        0.153616 0.119240 -0.633091,
        0.179409 0.132004 -0.633091,
        0.179919 0.131029 -0.633091,
        0.053102 0.140578 -0.633091,
        0.053370 0.141182 -0.633091,
        0.074380 0.142124 -0.633091,
        0.157480 0.426538 -0.633091,
        0.157480 0.347798 -0.633091,
        0.087455 0.155623 -0.633091,
        0.087078 0.155501 -0.633091,
        0.051371 0.144039 -0.633091,
        0.050643 0.144074 -0.633091,
        0.046406 0.144326 -0.633091,
        -0.010819 -0.019005 -0.633091,
        -0.005984 -0.019011 -0.633091,
        -0.005145 -0.019011 -0.633091,
        0.045876 0.052843 -0.633091,
        0.046252 0.053492 -0.633091,
        0.046045 -0.016271 -0.633091,
        0.046469 0.054103 -0.633091,
        0.046589 -0.016442 -0.633091,
        0.046535 0.054608 -0.633091,
        0.047078 -0.016746 -0.633091,
        0.182371 0.162102 -0.633091,
        0.182193 0.162083 -0.633091,
        0.182065 0.162035 -0.633091,
        -0.012478 0.153691 -0.633091,
        -0.014348 0.154191 -0.633091,
        -0.015707 0.154287 -0.633091,
        0.045225 0.056618 -0.633091,
        0.045568 0.056418 -0.633091,
        0.045993 0.056032 -0.633091,
        0.140646 -0.020496 -0.633091,
        0.144924 -0.016822 -0.633091,
        0.149408 -0.010701 -0.633091,
        0.074341 0.142388 -0.633091,
        0.053474 0.141754 -0.633091,
        0.074365 0.142644 -0.633091,
        0.053448 0.142257 -0.633091,
        0.074465 0.142951 -0.633091,
        0.052320 0.139544 -0.633091,
        0.076775 -0.013641 -0.633091,
        0.075573 -0.014599 -0.633091,
        0.075947 0.140830 -0.633091,
        0.074841 -0.015410 -0.633091,
        0.075362 0.140894 -0.633091,
        -0.016177 0.121675 -0.633091,
        -0.016470 -0.007979 -0.633091,
        -0.019513 -0.011502 -0.633091,
        0.000402 -0.019107 -0.633091,
        0.005887 -0.019891 -0.633091,
        0.016960 -0.021863 -0.633091,
        -0.008249 0.064209 -0.633091,
        -0.008249 0.140928 -0.633091,
        0.033948 0.135013 -0.633091,
        0.045274 0.052045 -0.633091,
        0.181920 0.161934 -0.633091,
        0.136630 0.144428 -0.633091,
        0.131231 0.147013 -0.633091,
        0.118129 0.149487 -0.633091,
        0.109324 0.150575 -0.633091,
        0.096867 0.152002 -0.633091,
        0.120356 -0.025260 -0.633091,
        0.038478 -0.029203 -0.633091,
        0.114079 -0.024744 -0.633091,
        0.153546 -0.000716 -0.633091,
        0.157607 0.021846 -0.633091,
        0.188140 0.103554 -0.633091,
        0.075285 0.140914 -0.633091,
        -0.016470 0.134133 -0.633091,
        -0.017198 0.141469 -0.633091,
        -0.019029 0.148604 -0.633091,
        -0.019031 0.148619 -0.633091,
        -0.023125 -0.016563 -0.633091,
        0.026711 -0.023836 -0.633091,
        0.034529 -0.026683 -0.633091,
        0.035920 -0.027526 -0.633091,
        0.046658 -0.020730 -0.633091,
        0.074542 -0.019085 -0.633091,
        0.047204 -0.019799 -0.633091,
        0.047542 -0.019120 -0.633091,
        0.047790 -0.018193 -0.633091,
        0.047754 -0.017804 -0.633091,
        0.044687 0.056794 -0.633091,
        0.043847 0.056869 -0.633091,
        0.041876 0.132161 -0.633091,
        0.038042 0.133952 -0.633091,
        0.590551 0.269057 -0.633091,
        0.221491 -0.030336 -0.633091,
        0.539650 0.269057 -0.633091,
        0.248709 0.089964 -0.633091,
        0.252107 0.104142 -0.633091,
        0.258522 0.161601 -0.633091,
        0.258743 0.161489 -0.633091,
        0.258917 0.161339 -0.633091,
        0.092242 0.153239 -0.633091,
        0.089266 0.155032 -0.633091,
        0.181345 0.128470 -0.633091,
        0.185047 0.116106 -0.633091,
        0.158057 0.097929 -0.633091,
        0.159743 0.072724 -0.633091,
        0.075483 0.144435 -0.633091,
        0.074999 0.143830 -0.633091,
        0.074667 0.143337 -0.633091,
        0.086124 0.154906 -0.633091,
        0.053283 0.142800 -0.633091,
        0.053000 0.143353 -0.633091,
        0.052815 0.143586 -0.633091,
        0.024967 0.146957 -0.633091,
        0.003622 0.150282 -0.633091,
        -0.009381 0.152547 -0.633091,
        -0.016298 0.125220 -0.633091,
        0.047727 -0.018608 -0.633091,
        0.074305 -0.018593 -0.633091,
        0.047623 -0.017418 -0.633091,
        0.047397 -0.017063 -0.633091,
        0.259070 0.161128 -0.633091,
        0.259209 0.160816 -0.633091,
        0.183124 0.161789 -0.633091,
        0.182842 0.161976 -0.633091,
        0.257392 0.161278 -0.633091,
        0.088791 -0.019454 -0.633091,
        0.091204 -0.019891 -0.633091,
        0.046472 0.055117 -0.633091,
        0.046298 0.055578 -0.633091,
        0.253612 0.110841 -0.633091,
        0.255505 0.117438 -0.633091,
        0.257476 0.122807 -0.633091,
        0.259294 0.127889 -0.633091,
        0.260491 0.129672 -0.633091,
        0.261488 0.130871 -0.633091,
        0.258315 0.161649 -0.633091,
        0.258097 0.161646 -0.633091,
        0.257874 0.161593 -0.633091,
        0.183423 0.161480 -0.633091,
        0.257635 0.161476 -0.633091,
        0.182581 0.162073 -0.633091,
        0.254666 0.148310 -0.633091,
        0.237971 0.079520 -0.633091,
        0.256637 0.159635 -0.633091,
        0.199465 0.088831 -0.633091,
        0.097160 -0.020437 -0.633091,
        0.107898 -0.023541 -0.633091,
        0.052618 0.143739 -0.633091,
        0.052300 0.143878 -0.633091,
        0.085541 0.140928 -0.633091,
        0.085541 -0.007433 -0.633091,
        0.077068 0.140928 -0.633091,
        0.083646 -0.008328 -0.633091,
        0.081850 -0.009405 -0.633091,
        0.181728 0.161717 -0.633091,
        0.181438 0.161195 -0.633091,
        0.141433 0.140448 -0.633091,
        0.181256 0.160526 -0.633091,
        0.180865 0.157523 -0.633091,
        0.082194 0.151550 -0.633091,
        0.079585 0.148856 -0.633091,
        0.076187 0.145206 -0.633091,
        0.261788 0.131371 -0.633091,
        0.261924 0.131796 -0.633091,
        0.261961 0.132441 -0.633091,
        0.259741 0.157077 -0.633091,
        0.259631 0.158583 -0.633091,
        0.180464 0.153679 -0.633091,
        0.179080 0.141809 -0.633091,
        0.178696 0.136310 -0.633091,
        0.074931 -0.019541 -0.633091,
        0.075348 -0.019891 -0.633091,
        0.080466 -0.019011 -0.633091,
        0.086380 -0.019011 -0.633091,
        0.186127 0.152547 -0.633091,
        0.184449 0.159342 -0.633091,
        0.261719 0.135320 -0.633091,
        0.261640 0.136487 -0.633091,
        0.261461 0.139544 -0.633091,
        0.260328 0.152253 -0.633091,
        0.259465 0.159643 -0.633091,
        0.259330 0.160368 -0.633091,
        0.184059 0.160342 -0.633091,
        0.183729 0.161020 -0.633091,
        0.190405 0.131029 -0.633091,
        0.257119 0.160919 -0.633091,
        0.256815 0.160239 -0.633091,
        0.221235 -0.031468 -0.633091,
        0.217292 -0.031468 -0.633091,
        -0.748031 0.269057 -0.574036,
        -0.854611 0.269057 -0.475610,
        -0.590551 0.269057 -0.574036,
        -0.539650 0.269057 -0.475610,
        0.590551 0.269057 -0.574036,
        0.539650 0.269057 -0.475610,
        0.748031 0.269057 -0.574036,
        0.854611 0.269057 -0.475610,
        -0.539650 0.426538 -0.074036,
        -0.539650 0.426538 0.083444,
        -0.157480 0.426538 0.083444,
        -0.539650 0.426538 -0.475610,
        -0.854611 0.426538 -0.475610,
        -0.854611 0.426538 -0.074036,
        -0.854611 -0.349333 0.083444,
        -0.854611 0.269057 0.083444,
        -0.854611 0.269057 -0.074036,
        0.854611 -0.349333 0.083444,
        0.854611 0.269057 0.083444,
        0.854611 0.269057 -0.074036,
        0.854611 0.426538 -0.074036,
        0.854611 0.426538 -0.475610,
        0.539650 0.426538 -0.475610,
        0.157480 0.426538 0.083444,
        0.539650 0.426538 0.083444,
        0.539650 0.426538 -0.074036,
        -0.539650 0.269057 0.083444,
        0.539650 0.269057 0.083444,
        -0.157480 0.347798 0.083444,
        0.157480 0.347798 0.083444,
        0.539650 0.269057 -0.074036,
        -0.539650 0.269057 -0.074036,
      ]
    }
    coordIndex [
      2, 3, 4, -1,
      5, 6, 7, -1,
      7, 6, 8, -1,
      7, 8, 9, -1,
      10, 11, 12, -1,
      13, 14, 15, -1,
      16, 17, 18, -1,
      13, 15, 9, -1,
      10, 12, 19, -1,
      19, 12, 20, -1,
      19, 20, 9, -1,
      9, 20, 21, -1,
      9, 21, 7, -1,
      17, 22, 18, -1,
      18, 22, 23, -1,
      18, 23, 24, -1,
      25, 26, 27, -1,
      28, 29, 30, -1,
      31, 32, 33, -1,
      33, 32, 34, -1,
      30, 35, 36, -1,
      37, 38, 39, -1,
      38, 40, 39, -1,
      39, 40, 41, -1,
      39, 41, 42, -1,
      42, 43, 39, -1,
      39, 43, 44, -1,
      39, 44, 45, -1,
      35, 30, 18, -1,
      18, 30, 29, -1,
      18, 29, 16, -1,
      46, 47, 48, -1,
      48, 47, 49, -1,
      50, 51, 15, -1,
      15, 51, 52, -1,
      15, 52, 53, -1,
      27, 54, 25, -1,
      25, 54, 55, -1,
      25, 55, 36, -1,
      36, 55, 37, -1,
      36, 37, 30, -1,
      30, 37, 39, -1,
      56, 57, 58, -1,
      45, 33, 39, -1,
      39, 33, 34, -1,
      39, 34, 15, -1,
      15, 34, 59, -1,
      53, 60, 15, -1,
      15, 60, 61, -1,
      15, 61, 9, -1,
      9, 61, 62, -1,
      9, 62, 19, -1,
      49, 63, 48, -1,
      48, 63, 64, -1,
      48, 64, 65, -1,
      66, 67, 68, -1,
      68, 67, 69, -1,
      58, 57, 70, -1,
      71, 72, 73, -1,
      73, 72, 74, -1,
      73, 74, 75, -1,
      31, 76, 32, -1,
      32, 76, 77, -1,
      32, 77, 78, -1,
      78, 77, 56, -1,
      78, 56, 79, -1,
      79, 56, 58, -1,
      80, 81, 82, -1,
      83, 84, 54, -1,
      54, 84, 85, -1,
      54, 85, 55, -1,
      86, 75, 67, -1,
      67, 75, 87, -1,
      67, 87, 69, -1,
      83, 88, 84, -1,
      84, 88, 89, -1,
      84, 89, 90, -1,
      84, 91, 92, -1,
      92, 91, 93, -1,
      26, 25, 94, -1,
      94, 25, 95, -1,
      94, 95, 96, -1,
      96, 95, 97, -1,
      96, 97, 98, -1,
      65, 73, 48, -1,
      48, 73, 75, -1,
      48, 75, 99, -1,
      99, 75, 86, -1,
      59, 100, 15, -1,
      15, 100, 101, -1,
      15, 101, 80, -1,
      90, 102, 84, -1,
      84, 102, 103, -1,
      84, 103, 91, -1,
      104, 105, 91, -1,
      91, 105, 106, -1,
      91, 106, 93, -1,
      107, 108, 109, -1,
      109, 108, 96, -1,
      109, 96, 110, -1,
      110, 96, 98, -1,
      71, 73, 57, -1,
      57, 73, 111, -1,
      57, 111, 70, -1,
      112, 113, 15, -1,
      114, 115, 116, -1,
      116, 115, 117, -1,
      116, 117, 109, -1,
      109, 117, 118, -1,
      109, 118, 107, -1,
      80, 82, 15, -1,
      15, 82, 119, -1,
      15, 119, 112, -1,
      113, 120, 15, -1,
      15, 120, 121, -1,
      15, 121, 50, -1,
      66, 122, 67, -1,
      67, 122, 28, -1,
      67, 28, 123, -1,
      123, 28, 30, -1,
      123, 30, 124, -1,
      124, 30, 125, -1,
      124, 125, 1, -1,
      4, 5, 2, -1,
      2, 5, 7, -1,
      2, 7, 1, -1,
      1, 7, 126, -1,
      1, 126, 124, -1,
      127, 128, 129, -1,
      129, 128, 130, -1,
      129, 130, 131, -1,
      132, 133, 39, -1,
      132, 39, 134, -1,
      135, 136, 137, -1,
      138, 139, 30, -1,
      30, 139, 140, -1,
      141, 142, 143, -1,
      143, 142, 144, -1,
      145, 146, 147, -1,
      133, 148, 39, -1,
      39, 148, 149, -1,
      39, 149, 150, -1,
      144, 151, 143, -1,
      143, 151, 152, -1,
      143, 152, 153, -1,
      153, 152, 145, -1,
      153, 145, 154, -1,
      154, 145, 147, -1,
      155, 156, 157, -1,
      157, 156, 158, -1,
      157, 158, 159, -1,
      159, 158, 160, -1,
      159, 160, 161, -1,
      161, 160, 162, -1,
      163, 164, 165, -1,
      166, 167, 30, -1,
      30, 167, 168, -1,
      30, 168, 138, -1,
      140, 169, 30, -1,
      30, 169, 170, -1,
      30, 170, 171, -1,
      171, 172, 30, -1,
      30, 172, 173, -1,
      30, 173, 174, -1,
      175, 176, 177, -1,
      178, 179, 180, -1,
      180, 179, 181, -1,
      180, 181, 182, -1,
      183, 184, 185, -1,
      186, 137, 187, -1,
      187, 137, 136, -1,
      187, 136, 39, -1,
      39, 136, 188, -1,
      39, 188, 189, -1,
      190, 191, 192, -1,
      174, 193, 30, -1,
      30, 193, 194, -1,
      30, 194, 195, -1,
      196, 197, 198, -1,
      198, 197, 199, -1,
      198, 199, 200, -1,
      200, 199, 201, -1,
      200, 201, 202, -1,
      203, 204, 137, -1,
      137, 204, 205, -1,
      206, 207, 39, -1,
      39, 207, 208, -1,
      39, 208, 134, -1,
      209, 160, 210, -1,
      210, 160, 211, -1,
      176, 212, 177, -1,
      177, 212, 213, -1,
      177, 213, 214, -1,
      185, 184, 215, -1,
      215, 184, 216, -1,
      215, 216, 217, -1,
      217, 216, 218, -1,
      217, 218, 219, -1,
      162, 160, 185, -1,
      185, 160, 220, -1,
      185, 220, 183, -1,
      221, 222, 223, -1,
      223, 222, 224, -1,
      223, 224, 225, -1,
      226, 227, 228, -1,
      195, 229, 30, -1,
      30, 229, 230, -1,
      30, 230, 231, -1,
      232, 233, 234, -1,
      146, 145, 198, -1,
      198, 145, 235, -1,
      198, 235, 196, -1,
      236, 237, 205, -1,
      205, 237, 238, -1,
      205, 238, 137, -1,
      238, 239, 137, -1,
      137, 239, 240, -1,
      137, 240, 241, -1,
      175, 177, 242, -1,
      242, 177, 243, -1,
      242, 243, 244, -1,
      214, 245, 177, -1,
      177, 245, 246, -1,
      177, 246, 247, -1,
      155, 157, 224, -1,
      224, 157, 248, -1,
      224, 248, 225, -1,
      249, 165, 250, -1,
      250, 165, 164, -1,
      250, 164, 251, -1,
      251, 164, 252, -1,
      166, 30, 253, -1,
      253, 30, 39, -1,
      253, 39, 164, -1,
      164, 39, 150, -1,
      164, 150, 252, -1,
      231, 254, 30, -1,
      30, 254, 255, -1,
      30, 255, 256, -1,
      243, 257, 258, -1,
      258, 257, 259, -1,
      258, 259, 260, -1,
      261, 262, 158, -1,
      209, 263, 160, -1,
      160, 263, 264, -1,
      160, 264, 265, -1,
      265, 264, 232, -1,
      265, 232, 266, -1,
      266, 232, 234, -1,
      267, 268, 269, -1,
      269, 268, 270, -1,
      269, 270, 271, -1,
      272, 137, 273, -1,
      273, 137, 274, -1,
      241, 275, 137, -1,
      137, 275, 276, -1,
      137, 276, 135, -1,
      182, 277, 180, -1,
      180, 277, 278, -1,
      180, 278, 279, -1,
      279, 278, 247, -1,
      279, 247, 280, -1,
      280, 247, 246, -1,
      281, 282, 218, -1,
      218, 282, 283, -1,
      218, 283, 219, -1,
      284, 285, 189, -1,
      189, 285, 286, -1,
      189, 286, 287, -1,
      192, 288, 190, -1,
      190, 288, 289, -1,
      190, 289, 290, -1,
      163, 165, 228, -1,
      228, 165, 291, -1,
      228, 291, 226, -1,
      260, 292, 258, -1,
      258, 292, 261, -1,
      258, 261, 293, -1,
      293, 261, 158, -1,
      262, 294, 158, -1,
      158, 294, 295, -1,
      158, 295, 202, -1,
      274, 137, 296, -1,
      296, 137, 269, -1,
      296, 269, 297, -1,
      298, 299, 300, -1,
      301, 302, 243, -1,
      202, 201, 158, -1,
      158, 201, 303, -1,
      158, 303, 160, -1,
      160, 303, 304, -1,
      160, 304, 211, -1,
      271, 305, 269, -1,
      269, 305, 306, -1,
      269, 306, 307, -1,
      307, 308, 269, -1,
      269, 308, 309, -1,
      269, 309, 310, -1,
      272, 311, 137, -1,
      137, 311, 312, -1,
      137, 312, 203, -1,
      203, 312, 313, -1,
      298, 300, 314, -1,
      313, 315, 203, -1,
      203, 315, 300, -1,
      203, 300, 316, -1,
      316, 300, 299, -1,
      317, 318, 319, -1,
      319, 318, 320, -1,
      302, 321, 243, -1,
      243, 321, 322, -1,
      243, 322, 244, -1,
      287, 323, 189, -1,
      189, 323, 324, -1,
      189, 324, 39, -1,
      39, 324, 190, -1,
      39, 190, 206, -1,
      206, 190, 290, -1,
      325, 326, 327, -1,
      327, 326, 328, -1,
      327, 328, 223, -1,
      223, 328, 329, -1,
      223, 329, 221, -1,
      236, 330, 237, -1,
      237, 330, 331, -1,
      237, 331, 332, -1,
      332, 331, 333, -1,
      332, 333, 334, -1,
      284, 335, 285, -1,
      285, 335, 336, -1,
      285, 336, 218, -1,
      218, 336, 337, -1,
      218, 337, 281, -1,
      310, 338, 269, -1,
      269, 338, 339, -1,
      269, 339, 340, -1,
      341, 342, 269, -1,
      334, 343, 332, -1,
      332, 343, 344, -1,
      332, 344, 178, -1,
      178, 344, 345, -1,
      178, 345, 179, -1,
      258, 346, 243, -1,
      243, 346, 347, -1,
      243, 347, 301, -1,
      301, 347, 348, -1,
      301, 348, 349, -1,
      350, 351, 300, -1,
      352, 353, 340, -1,
      340, 353, 354, -1,
      340, 354, 269, -1,
      269, 354, 355, -1,
      269, 355, 341, -1,
      342, 356, 269, -1,
      269, 356, 357, -1,
      269, 357, 297, -1,
      351, 358, 300, -1,
      300, 358, 359, -1,
      300, 359, 314, -1,
      350, 300, 360, -1,
      360, 300, 361, -1,
      360, 361, 320, -1,
      320, 361, 362, -1,
      320, 362, 319, -1,
      267, 131, 268, -1,
      268, 131, 130, -1,
      268, 130, 363, -1,
      363, 130, 0, -1,
      363, 0, 364, -1,
      364, 0, 125, -1,
      364, 125, 177, -1,
      177, 125, 30, -1,
      177, 30, 243, -1,
      243, 30, 256, -1,
      4, 3, 365, -1,
      365, 3, 366, -1,
      365, 366, 367, -1,
      367, 366, 368, -1,
      367, 368, 8, -1,
      8, 368, 9, -1,
      267, 269, 369, -1,
      369, 269, 370, -1,
      369, 370, 371, -1,
      371, 370, 372, -1,
      371, 372, 127, -1,
      127, 372, 128, -1,
      373, 374, 375, -1,
      14, 13, 376, -1,
      377, 378, 376, -1,
      376, 378, 373, -1,
      376, 373, 14, -1,
      14, 373, 375, -1,
      2, 1, 379, -1,
      379, 380, 381, -1,
      378, 377, 381, -1,
      381, 377, 366, -1,
      381, 366, 379, -1,
      379, 366, 3, -1,
      379, 3, 2, -1,
      0, 382, 125, -1,
      125, 382, 379, -1,
      125, 379, 1, -1,
      128, 372, 130, -1,
      130, 372, 382, -1,
      130, 382, 0, -1,
      383, 382, 384, -1,
      384, 382, 372, -1,
      384, 372, 385, -1,
      385, 372, 386, -1,
      387, 137, 186, -1,
      388, 389, 390, -1,
      385, 386, 390, -1,
      390, 386, 387, -1,
      390, 387, 388, -1,
      388, 387, 186, -1,
      380, 379, 391, -1,
      391, 379, 382, -1,
      391, 382, 392, -1,
      392, 382, 383, -1,
      375, 374, 393, -1,
      393, 374, 391, -1,
      393, 391, 394, -1,
      394, 391, 392, -1,
      394, 392, 388, -1,
      388, 392, 389, -1,
      14, 375, 15, -1,
      15, 375, 393, -1,
      15, 393, 39, -1,
      39, 393, 394, -1,
      39, 394, 187, -1,
      187, 394, 186, -1,
      186, 394, 388, -1,
      9, 368, 13, -1,
      13, 368, 376, -1,
      368, 366, 376, -1,
      376, 366, 377, -1,
      372, 370, 386, -1,
      386, 370, 387, -1,
      370, 269, 387, -1,
      387, 269, 137, -1,
      392, 395, 389, -1,
      389, 395, 390, -1,
      395, 384, 390, -1,
      390, 384, 385, -1,
      395, 392, 384, -1,
      384, 392, 383, -1,
      381, 396, 378, -1,
      378, 396, 373, -1,
      396, 391, 373, -1,
      373, 391, 374, -1,
      391, 396, 380, -1,
      380, 396, 381, -1,
    ]
  }
}

Shape {
  appearance Appearance {
    material Material {
      diffuseColor 1.0000 1.0000 1.0000
      specularColor 0.8784 0.8784 0.8784
      ambientIntensity 0.2
      transparency 0.0000
      shininess 0.5
    }
  }
  geometry IndexedFaceSet {
    ccw TRUE
    solid FALSE
    coord DEF co Coordinate {
      point [
        -0.748031 0.269057 -0.633091,
        -0.748031 0.263210 -0.633091,
        -0.590551 0.263210 -0.633091,
        -0.590551 0.269057 -0.633091,
        0.748031 0.269057 -0.633091,
        0.748031 0.263210 -0.633091,
        0.590551 0.263210 -0.633091,
        0.088343 0.155570 -0.633091,
        0.088100 0.155651 -0.633091,
        0.074392 -0.016202 -0.633091,
        0.074156 -0.017044 -0.633091,
        0.075048 0.141013 -0.633091,
        0.074134 -0.017807 -0.633091,
        0.074898 0.141124 -0.633091,
        0.074758 0.141296 -0.633091,
        0.074636 0.141513 -0.633091,
        0.129157 -0.024695 -0.633091,
        0.135731 -0.023046 -0.633091,
        0.217048 -0.030336 -0.633091,
        0.146271 0.134306 -0.633091,
        0.178814 0.133724 -0.633091,
        0.153616 0.119240 -0.633091,
        0.179409 0.132004 -0.633091,
        0.179919 0.131029 -0.633091,
        0.074380 0.142124 -0.633091,
        0.087455 0.155623 -0.633091,
        0.087078 0.155501 -0.633091,
        0.182371 0.162102 -0.633091,
        0.182193 0.162083 -0.633091,
        0.182065 0.162035 -0.633091,
        0.140646 -0.020496 -0.633091,
        0.144924 -0.016822 -0.633091,
        0.149408 -0.010701 -0.633091,
        0.074341 0.142388 -0.633091,
        0.074365 0.142644 -0.633091,
        0.074465 0.142951 -0.633091,
        0.076775 -0.013641 -0.633091,
        0.075573 -0.014599 -0.633091,
        0.075947 0.140830 -0.633091,
        0.074841 -0.015410 -0.633091,
        0.075362 0.140894 -0.633091,
        0.181920 0.161934 -0.633091,
        0.136630 0.144428 -0.633091,
        0.131231 0.147013 -0.633091,
        0.118129 0.149487 -0.633091,
        0.109324 0.150575 -0.633091,
        0.096867 0.152002 -0.633091,
        0.120356 -0.025260 -0.633091,
        0.114079 -0.024744 -0.633091,
        0.153546 -0.000716 -0.633091,
        0.157607 0.021846 -0.633091,
        0.188140 0.103554 -0.633091,
        0.075285 0.140914 -0.633091,
        0.074542 -0.019085 -0.633091,
        0.590551 0.269057 -0.633091,
        0.221491 -0.030336 -0.633091,
        0.248709 0.089964 -0.633091,
        0.252107 0.104142 -0.633091,
        0.258522 0.161601 -0.633091,
        0.258743 0.161489 -0.633091,
        0.258917 0.161339 -0.633091,
        0.092242 0.153239 -0.633091,
        0.089266 0.155032 -0.633091,
        0.181345 0.128470 -0.633091,
        0.185047 0.116106 -0.633091,
        0.158057 0.097929 -0.633091,
        0.159743 0.072724 -0.633091,
        0.075483 0.144435 -0.633091,
        0.074999 0.143830 -0.633091,
        0.074667 0.143337 -0.633091,
        0.086124 0.154906 -0.633091,
        0.074305 -0.018593 -0.633091,
        0.259070 0.161128 -0.633091,
        0.259209 0.160816 -0.633091,
        0.183124 0.161789 -0.633091,
        0.182842 0.161976 -0.633091,
        0.257392 0.161278 -0.633091,
        0.088791 -0.019454 -0.633091,
        0.091204 -0.019891 -0.633091,
        0.253612 0.110841 -0.633091,
        0.255505 0.117438 -0.633091,
        0.257476 0.122807 -0.633091,
        0.259294 0.127889 -0.633091,
        0.260491 0.129672 -0.633091,
        0.261488 0.130871 -0.633091,
        0.258315 0.161649 -0.633091,
        0.258097 0.161646 -0.633091,
        0.257874 0.161593 -0.633091,
        0.183423 0.161480 -0.633091,
        0.257635 0.161476 -0.633091,
        0.182581 0.162073 -0.633091,
        0.254666 0.148310 -0.633091,
        0.237971 0.079520 -0.633091,
        0.256637 0.159635 -0.633091,
        0.199465 0.088831 -0.633091,
        0.097160 -0.020437 -0.633091,
        0.107898 -0.023541 -0.633091,
        0.085541 0.140928 -0.633091,
        0.085541 -0.007433 -0.633091,
        0.077068 0.140928 -0.633091,
        0.083646 -0.008328 -0.633091,
        0.081850 -0.009405 -0.633091,
        0.181728 0.161717 -0.633091,
        0.181438 0.161195 -0.633091,
        0.141433 0.140448 -0.633091,
        0.181256 0.160526 -0.633091,
        0.180865 0.157523 -0.633091,
        0.082194 0.151550 -0.633091,
        0.079585 0.148856 -0.633091,
        0.076187 0.145206 -0.633091,
        0.261788 0.131371 -0.633091,
        0.261924 0.131796 -0.633091,
        0.261961 0.132441 -0.633091,
        0.259741 0.157077 -0.633091,
        0.259631 0.158583 -0.633091,
        0.180464 0.153679 -0.633091,
        0.179080 0.141809 -0.633091,
        0.178696 0.136310 -0.633091,
        0.074931 -0.019541 -0.633091,
        0.075348 -0.019891 -0.633091,
        0.080466 -0.019011 -0.633091,
        0.086380 -0.019011 -0.633091,
        0.186127 0.152547 -0.633091,
        0.184449 0.159342 -0.633091,
        0.261719 0.135320 -0.633091,
        0.261640 0.136487 -0.633091,
        0.261461 0.139544 -0.633091,
        0.260328 0.152253 -0.633091,
        0.259465 0.159643 -0.633091,
        0.259330 0.160368 -0.633091,
        0.184059 0.160342 -0.633091,
        0.183729 0.161020 -0.633091,
        0.190405 0.131029 -0.633091,
        0.257119 0.160919 -0.633091,
        0.256815 0.160239 -0.633091,
        0.221235 -0.031468 -0.633091,
        0.217292 -0.031468 -0.633091,
        -0.748031 0.269057 -0.574036,
        -0.590551 0.269057 -0.574036,
        0.590551 0.269057 -0.574036,
        0.748031 0.269057 -0.574036,
        0.590551 0.454326 -0.671314,
        0.748031 0.454326 -0.671314,
        0.748031 0.465908 -0.613406,
        0.590551 0.465908 -0.613406,
        -0.748031 0.454326 -0.671314,
        -0.590551 0.454326 -0.671314,
        -0.748031 0.465908 -0.613406,
        -0.590551 0.465908 -0.613406,
        0.254666 0.148310 -0.593721,
        0.237971 0.079520 -0.593721,
        0.199465 0.088831 -0.593721,
        0.190405 0.131029 -0.593721,
        0.186127 0.152547 -0.593721,
        0.184449 0.159342 -0.593721,
        0.180464 0.153679 -0.593721,
        0.180865 0.157523 -0.593721,
        0.181256 0.160526 -0.593721,
        0.181438 0.161195 -0.593721,
        0.181728 0.161717 -0.593721,
        0.181920 0.161934 -0.593721,
        0.182065 0.162035 -0.593721,
        0.182193 0.162083 -0.593721,
        0.182371 0.162102 -0.593721,
        0.182581 0.162073 -0.593721,
        0.182842 0.161976 -0.593721,
        0.183124 0.161789 -0.593721,
        0.183423 0.161480 -0.593721,
        0.183729 0.161020 -0.593721,
        0.184059 0.160342 -0.593721,
        0.179080 0.141809 -0.593721,
        0.179919 0.131029 -0.593721,
        0.179409 0.132004 -0.593721,
        0.178814 0.133724 -0.593721,
        0.178696 0.136310 -0.593721,
        0.181345 0.128470 -0.593721,
        0.188140 0.103554 -0.593721,
        0.185047 0.116106 -0.593721,
        0.217292 -0.031468 -0.593721,
        0.221235 -0.031468 -0.593721,
        0.248709 0.089964 -0.593721,
        0.252107 0.104142 -0.593721,
        0.255505 0.117438 -0.593721,
        0.253612 0.110841 -0.593721,
        0.257476 0.122807 -0.593721,
        0.261461 0.139544 -0.593721,
        0.261640 0.136487 -0.593721,
        0.261719 0.135320 -0.593721,
        0.261961 0.132441 -0.593721,
        0.261924 0.131796 -0.593721,
        0.261788 0.131371 -0.593721,
        0.261488 0.130871 -0.593721,
        0.260491 0.129672 -0.593721,
        0.259294 0.127889 -0.593721,
        0.260328 0.152253 -0.593721,
        0.259741 0.157077 -0.593721,
        0.256637 0.159635 -0.593721,
        0.256815 0.160239 -0.593721,
        0.257119 0.160919 -0.593721,
        0.257392 0.161278 -0.593721,
        0.257635 0.161476 -0.593721,
        0.257874 0.161593 -0.593721,
        0.258097 0.161646 -0.593721,
        0.258315 0.161649 -0.593721,
        0.258522 0.161601 -0.593721,
        0.258743 0.161489 -0.593721,
        0.258917 0.161339 -0.593721,
        0.259070 0.161128 -0.593721,
        0.259209 0.160816 -0.593721,
        0.259330 0.160368 -0.593721,
        0.259465 0.159643 -0.593721,
        0.259631 0.158583 -0.593721,
        0.219264 -0.004287 -0.593721,
        0.200850 0.078932 -0.593721,
        0.237384 0.075241 -0.593721,
        0.229750 0.067901 -0.593721,
        0.222661 0.072724 -0.593721,
        0.220049 0.074096 -0.593721,
        0.211996 0.076607 -0.593721,
        0.229750 0.067901 -0.633091,
        0.237384 0.075241 -0.633091,
        0.222661 0.072724 -0.633091,
        0.220049 0.074096 -0.633091,
        0.211996 0.076607 -0.633091,
        0.200850 0.078932 -0.633091,
        0.219264 -0.004287 -0.633091,
        0.085541 0.140928 -0.593721,
        0.085541 -0.007433 -0.593721,
        0.081850 -0.009405 -0.593721,
        0.083646 -0.008328 -0.593721,
        0.076775 -0.013641 -0.593721,
        0.075348 -0.019891 -0.593721,
        0.074931 -0.019541 -0.593721,
        0.074542 -0.019085 -0.593721,
        0.074305 -0.018593 -0.593721,
        0.074134 -0.017807 -0.593721,
        0.074156 -0.017044 -0.593721,
        0.074392 -0.016202 -0.593721,
        0.074841 -0.015410 -0.593721,
        0.075573 -0.014599 -0.593721,
        0.080466 -0.019011 -0.593721,
        0.086380 -0.019011 -0.593721,
        0.091204 -0.019891 -0.593721,
        0.088791 -0.019454 -0.593721,
        0.097160 -0.020437 -0.593721,
        0.107898 -0.023541 -0.593721,
        0.120356 -0.025260 -0.593721,
        0.114079 -0.024744 -0.593721,
        0.159743 0.072724 -0.593721,
        0.157607 0.021846 -0.593721,
        0.153546 -0.000716 -0.593721,
        0.149408 -0.010701 -0.593721,
        0.144924 -0.016822 -0.593721,
        0.140646 -0.020496 -0.593721,
        0.135731 -0.023046 -0.593721,
        0.129157 -0.024695 -0.593721,
        0.109324 0.150575 -0.593721,
        0.118129 0.149487 -0.593721,
        0.131231 0.147013 -0.593721,
        0.136630 0.144428 -0.593721,
        0.141433 0.140448 -0.593721,
        0.146271 0.134306 -0.593721,
        0.153616 0.119240 -0.593721,
        0.158057 0.097929 -0.593721,
        0.096867 0.152002 -0.593721,
        0.088100 0.155651 -0.593721,
        0.088343 0.155570 -0.593721,
        0.089266 0.155032 -0.593721,
        0.092242 0.153239 -0.593721,
        0.079585 0.148856 -0.593721,
        0.082194 0.151550 -0.593721,
        0.086124 0.154906 -0.593721,
        0.087078 0.155501 -0.593721,
        0.087455 0.155623 -0.593721,
        0.076187 0.145206 -0.593721,
        0.077068 0.140928 -0.593721,
        0.075947 0.140830 -0.593721,
        0.075362 0.140894 -0.593721,
        0.075285 0.140914 -0.593721,
        0.075048 0.141013 -0.593721,
        0.074898 0.141124 -0.593721,
        0.074758 0.141296 -0.593721,
        0.074636 0.141513 -0.593721,
        0.074380 0.142124 -0.593721,
        0.074341 0.142388 -0.593721,
        0.074365 0.142644 -0.593721,
        0.074465 0.142951 -0.593721,
        0.074667 0.143337 -0.593721,
        0.074999 0.143830 -0.593721,
        0.075483 0.144435 -0.593721,
      ]
    }
    coordIndex [
      141, 142, 6, -1,
      6, 142, 5, -1,
      143, 142, 144, -1,
      144, 142, 141, -1,
      140, 143, 139, -1,
      139, 143, 144, -1,
      143, 140, 142, -1,
      142, 140, 4, -1,
      142, 4, 5, -1,
      139, 144, 54, -1,
      54, 144, 141, -1,
      54, 141, 6, -1,
      1, 145, 2, -1,
      2, 145, 146, -1,
      147, 137, 148, -1,
      148, 137, 138, -1,
      145, 147, 146, -1,
      146, 147, 148, -1,
      137, 147, 0, -1,
      0, 147, 145, -1,
      0, 145, 1, -1,
      148, 138, 146, -1,
      146, 138, 3, -1,
      146, 3, 2, -1,
      149, 150, 91, -1,
      91, 150, 92, -1,
      150, 151, 92, -1,
      92, 151, 94, -1,
      151, 152, 94, -1,
      94, 152, 132, -1,
      152, 153, 132, -1,
      132, 153, 122, -1,
      153, 154, 122, -1,
      122, 154, 123, -1,
      155, 115, 106, -1,
      155, 106, 156, -1,
      156, 106, 105, -1,
      156, 105, 157, -1,
      157, 105, 103, -1,
      157, 103, 158, -1,
      158, 103, 102, -1,
      158, 102, 159, -1,
      159, 102, 41, -1,
      159, 41, 160, -1,
      160, 41, 29, -1,
      160, 29, 161, -1,
      161, 29, 28, -1,
      161, 28, 162, -1,
      162, 28, 27, -1,
      162, 27, 163, -1,
      163, 27, 90, -1,
      163, 90, 164, -1,
      164, 90, 75, -1,
      164, 75, 165, -1,
      165, 75, 74, -1,
      165, 74, 166, -1,
      166, 74, 88, -1,
      166, 88, 167, -1,
      167, 88, 131, -1,
      167, 131, 168, -1,
      168, 131, 130, -1,
      168, 130, 169, -1,
      169, 130, 123, -1,
      169, 123, 154, -1,
      155, 170, 115, -1,
      115, 170, 116, -1,
      171, 23, 22, -1,
      171, 22, 172, -1,
      172, 22, 20, -1,
      172, 20, 173, -1,
      173, 20, 117, -1,
      173, 117, 174, -1,
      174, 117, 116, -1,
      174, 116, 170, -1,
      171, 175, 23, -1,
      23, 175, 63, -1,
      176, 51, 64, -1,
      176, 64, 177, -1,
      177, 64, 63, -1,
      177, 63, 175, -1,
      51, 176, 18, -1,
      18, 176, 178, -1,
      18, 178, 136, -1,
      178, 179, 136, -1,
      136, 179, 135, -1,
      135, 179, 55, -1,
      55, 179, 180, -1,
      55, 180, 56, -1,
      180, 181, 56, -1,
      56, 181, 57, -1,
      182, 80, 79, -1,
      182, 79, 183, -1,
      183, 79, 57, -1,
      183, 57, 181, -1,
      182, 184, 80, -1,
      80, 184, 81, -1,
      185, 126, 125, -1,
      185, 125, 186, -1,
      186, 125, 124, -1,
      186, 124, 187, -1,
      187, 124, 112, -1,
      187, 112, 188, -1,
      188, 112, 111, -1,
      188, 111, 189, -1,
      189, 111, 110, -1,
      189, 110, 190, -1,
      190, 110, 84, -1,
      190, 84, 191, -1,
      191, 84, 83, -1,
      191, 83, 192, -1,
      192, 83, 82, -1,
      192, 82, 193, -1,
      193, 82, 81, -1,
      193, 81, 184, -1,
      185, 194, 126, -1,
      126, 194, 127, -1,
      194, 195, 127, -1,
      127, 195, 113, -1,
      196, 93, 134, -1,
      196, 134, 197, -1,
      197, 134, 133, -1,
      197, 133, 198, -1,
      198, 133, 76, -1,
      198, 76, 199, -1,
      199, 76, 89, -1,
      199, 89, 200, -1,
      200, 89, 87, -1,
      200, 87, 201, -1,
      201, 87, 86, -1,
      201, 86, 202, -1,
      202, 86, 85, -1,
      202, 85, 203, -1,
      203, 85, 58, -1,
      203, 58, 204, -1,
      204, 58, 59, -1,
      204, 59, 205, -1,
      205, 59, 60, -1,
      205, 60, 206, -1,
      206, 60, 72, -1,
      206, 72, 207, -1,
      207, 72, 73, -1,
      207, 73, 208, -1,
      208, 73, 129, -1,
      208, 129, 209, -1,
      209, 129, 128, -1,
      209, 128, 210, -1,
      210, 128, 114, -1,
      210, 114, 211, -1,
      211, 114, 113, -1,
      211, 113, 195, -1,
      196, 149, 93, -1,
      93, 149, 91, -1,
      212, 178, 213, -1,
      213, 178, 176, -1,
      150, 214, 215, -1,
      192, 193, 149, -1,
      149, 193, 184, -1,
      215, 216, 150, -1,
      150, 216, 217, -1,
      150, 217, 151, -1,
      151, 217, 218, -1,
      177, 152, 176, -1,
      176, 152, 151, -1,
      176, 151, 213, -1,
      213, 151, 218, -1,
      184, 182, 149, -1,
      149, 182, 183, -1,
      149, 183, 150, -1,
      150, 183, 181, -1,
      150, 181, 214, -1,
      214, 181, 180, -1,
      214, 180, 212, -1,
      212, 180, 179, -1,
      212, 179, 178, -1,
      152, 170, 153, -1,
      153, 170, 155, -1,
      153, 155, 154, -1,
      154, 155, 156, -1,
      154, 156, 169, -1,
      210, 196, 209, -1,
      209, 196, 197, -1,
      209, 197, 208, -1,
      185, 186, 149, -1,
      149, 186, 187, -1,
      149, 187, 192, -1,
      192, 187, 188, -1,
      177, 175, 152, -1,
      152, 175, 171, -1,
      152, 171, 172, -1,
      169, 156, 168, -1,
      168, 156, 157, -1,
      168, 157, 167, -1,
      189, 190, 188, -1,
      188, 190, 191, -1,
      188, 191, 192, -1,
      172, 173, 152, -1,
      152, 173, 174, -1,
      152, 174, 170, -1,
      165, 166, 159, -1,
      210, 211, 196, -1,
      196, 211, 195, -1,
      196, 195, 149, -1,
      149, 195, 194, -1,
      149, 194, 185, -1,
      167, 157, 166, -1,
      166, 157, 158, -1,
      166, 158, 159, -1,
      199, 200, 207, -1,
      208, 197, 207, -1,
      207, 197, 198, -1,
      207, 198, 199, -1,
      205, 202, 204, -1,
      204, 202, 203, -1,
      200, 201, 207, -1,
      207, 201, 202, -1,
      207, 202, 206, -1,
      206, 202, 205, -1,
      165, 159, 164, -1,
      164, 159, 160, -1,
      164, 160, 163, -1,
      163, 160, 161, -1,
      163, 161, 162, -1,
      215, 214, 219, -1,
      219, 214, 220, -1,
      216, 215, 221, -1,
      221, 215, 219, -1,
      216, 221, 222, -1,
      216, 222, 217, -1,
      217, 222, 223, -1,
      217, 223, 218, -1,
      218, 223, 224, -1,
      218, 224, 213, -1,
      212, 213, 225, -1,
      225, 213, 224, -1,
      214, 212, 220, -1,
      220, 212, 225, -1,
      226, 227, 97, -1,
      97, 227, 98, -1,
      228, 101, 100, -1,
      228, 100, 229, -1,
      229, 100, 98, -1,
      229, 98, 227, -1,
      228, 230, 101, -1,
      101, 230, 36, -1,
      231, 119, 118, -1,
      231, 118, 232, -1,
      232, 118, 53, -1,
      232, 53, 233, -1,
      233, 53, 71, -1,
      233, 71, 234, -1,
      234, 71, 12, -1,
      234, 12, 235, -1,
      235, 12, 10, -1,
      235, 10, 236, -1,
      236, 10, 9, -1,
      236, 9, 237, -1,
      237, 9, 39, -1,
      237, 39, 238, -1,
      238, 39, 37, -1,
      238, 37, 239, -1,
      239, 37, 36, -1,
      239, 36, 230, -1,
      231, 240, 119, -1,
      119, 240, 120, -1,
      240, 241, 120, -1,
      120, 241, 121, -1,
      242, 78, 77, -1,
      242, 77, 243, -1,
      243, 77, 121, -1,
      243, 121, 241, -1,
      242, 244, 78, -1,
      78, 244, 95, -1,
      244, 245, 95, -1,
      95, 245, 96, -1,
      246, 47, 48, -1,
      246, 48, 247, -1,
      247, 48, 96, -1,
      247, 96, 245, -1,
      248, 66, 50, -1,
      248, 50, 249, -1,
      249, 50, 49, -1,
      249, 49, 250, -1,
      250, 49, 32, -1,
      250, 32, 251, -1,
      251, 32, 31, -1,
      251, 31, 252, -1,
      252, 31, 30, -1,
      252, 30, 253, -1,
      253, 30, 17, -1,
      253, 17, 254, -1,
      254, 17, 16, -1,
      254, 16, 255, -1,
      255, 16, 47, -1,
      255, 47, 246, -1,
      256, 45, 44, -1,
      256, 44, 257, -1,
      257, 44, 43, -1,
      257, 43, 258, -1,
      258, 43, 42, -1,
      258, 42, 259, -1,
      259, 42, 104, -1,
      259, 104, 260, -1,
      260, 104, 19, -1,
      260, 19, 261, -1,
      261, 19, 21, -1,
      261, 21, 262, -1,
      262, 21, 65, -1,
      262, 65, 263, -1,
      263, 65, 66, -1,
      263, 66, 248, -1,
      256, 264, 45, -1,
      45, 264, 46, -1,
      265, 8, 7, -1,
      265, 7, 266, -1,
      266, 7, 62, -1,
      266, 62, 267, -1,
      267, 62, 61, -1,
      267, 61, 268, -1,
      268, 61, 46, -1,
      268, 46, 264, -1,
      269, 108, 107, -1,
      269, 107, 270, -1,
      270, 107, 70, -1,
      270, 70, 271, -1,
      271, 70, 26, -1,
      271, 26, 272, -1,
      272, 26, 25, -1,
      272, 25, 273, -1,
      273, 25, 8, -1,
      273, 8, 265, -1,
      269, 274, 108, -1,
      108, 274, 109, -1,
      275, 99, 38, -1,
      275, 38, 276, -1,
      276, 38, 40, -1,
      276, 40, 277, -1,
      277, 40, 52, -1,
      277, 52, 278, -1,
      278, 52, 11, -1,
      278, 11, 279, -1,
      279, 11, 13, -1,
      279, 13, 280, -1,
      280, 13, 14, -1,
      280, 14, 281, -1,
      281, 14, 15, -1,
      281, 15, 282, -1,
      282, 15, 24, -1,
      282, 24, 283, -1,
      283, 24, 33, -1,
      283, 33, 284, -1,
      284, 33, 34, -1,
      284, 34, 285, -1,
      285, 34, 35, -1,
      285, 35, 286, -1,
      286, 35, 69, -1,
      286, 69, 287, -1,
      287, 69, 68, -1,
      287, 68, 288, -1,
      288, 68, 67, -1,
      288, 67, 289, -1,
      289, 67, 109, -1,
      289, 109, 274, -1,
    ]
  }
}

Shape {
  appearance Appearance {
    material Material {
      diffuseColor 0.2510 0.2510 0.2510
      specularColor 0.1255 0.1255 0.1255
      ambientIntensity 0.2
      transparency 0.0000
      shininess 0.5
    }
  }
  geometry IndexedFaceSet {
    ccw TRUE
    solid FALSE
    coord DEF co Coordinate {
      point [
        -0.008249 0.054310 -0.633091,
        0.015534 0.051206 -0.633091,
        -0.008249 -0.007979 -0.633091,
        0.027405 -0.013935 -0.633091,
        0.085541 0.140928 -0.633091,
        0.077068 0.140928 -0.633091,
        0.085541 0.140928 -0.593721,
        0.085541 -0.007433 -0.593721,
        0.081850 -0.009405 -0.593721,
        0.083646 -0.008328 -0.593721,
        0.076775 -0.013641 -0.593721,
        0.075348 -0.019891 -0.593721,
        0.074931 -0.019541 -0.593721,
        0.074542 -0.019085 -0.593721,
        0.074305 -0.018593 -0.593721,
        0.074134 -0.017807 -0.593721,
        0.074156 -0.017044 -0.593721,
        0.074392 -0.016202 -0.593721,
        0.074841 -0.015410 -0.593721,
        0.075573 -0.014599 -0.593721,
        0.080466 -0.019011 -0.593721,
        0.086380 -0.019011 -0.593721,
        0.091204 -0.019891 -0.593721,
        0.088791 -0.019454 -0.593721,
        0.097160 -0.020437 -0.593721,
        0.107898 -0.023541 -0.593721,
        0.120356 -0.025260 -0.593721,
        0.114079 -0.024744 -0.593721,
        0.159743 0.072724 -0.593721,
        0.157607 0.021846 -0.593721,
        0.153546 -0.000716 -0.593721,
        0.149408 -0.010701 -0.593721,
        0.144924 -0.016822 -0.593721,
        0.140646 -0.020496 -0.593721,
        0.135731 -0.023046 -0.593721,
        0.129157 -0.024695 -0.593721,
        0.109324 0.150575 -0.593721,
        0.118129 0.149487 -0.593721,
        0.131231 0.147013 -0.593721,
        0.136630 0.144428 -0.593721,
        0.141433 0.140448 -0.593721,
        0.146271 0.134306 -0.593721,
        0.153616 0.119240 -0.593721,
        0.158057 0.097929 -0.593721,
        0.096867 0.152002 -0.593721,
        0.088100 0.155651 -0.593721,
        0.088343 0.155570 -0.593721,
        0.089266 0.155032 -0.593721,
        0.092242 0.153239 -0.593721,
        0.079585 0.148856 -0.593721,
        0.082194 0.151550 -0.593721,
        0.086124 0.154906 -0.593721,
        0.087078 0.155501 -0.593721,
        0.087455 0.155623 -0.593721,
        0.076187 0.145206 -0.593721,
        0.077068 0.140928 -0.593721,
        0.075947 0.140830 -0.593721,
        0.075362 0.140894 -0.593721,
        0.075285 0.140914 -0.593721,
        0.075048 0.141013 -0.593721,
        0.074898 0.141124 -0.593721,
        0.074758 0.141296 -0.593721,
        0.074636 0.141513 -0.593721,
        0.074380 0.142124 -0.593721,
        0.074341 0.142388 -0.593721,
        0.074365 0.142644 -0.593721,
        0.074465 0.142951 -0.593721,
        0.074667 0.143337 -0.593721,
        0.074999 0.143830 -0.593721,
        0.075483 0.144435 -0.593721,
        0.093469 -0.009405 -0.593721,
        0.093469 0.140383 -0.593721,
        0.098838 -0.011670 -0.593721,
        0.110891 -0.014414 -0.593721,
        0.123208 -0.015361 -0.593721,
        0.131694 -0.013602 -0.593721,
        0.136548 -0.011535 -0.593721,
        0.139755 -0.009051 -0.593721,
        0.143468 -0.004288 -0.593721,
        0.146527 0.002186 -0.593721,
        0.134304 0.134198 -0.593721,
        0.129731 0.136215 -0.593721,
        0.123406 0.137815 -0.593721,
        0.114693 0.138956 -0.593721,
        0.102235 0.140383 -0.593721,
        0.097853 0.140509 -0.593721,
        0.149692 0.016640 -0.593721,
        0.151815 0.047809 -0.593721,
        0.151820 0.048096 -0.593721,
        0.151256 0.088216 -0.593721,
        0.146854 0.113904 -0.593721,
        0.140957 0.127346 -0.593721,
        0.137724 0.131489 -0.593721,
        0.093469 -0.009405 -0.633091,
        0.093469 0.140383 -0.633091,
        0.098838 -0.011670 -0.633091,
        0.110891 -0.014414 -0.633091,
        0.123208 -0.015361 -0.633091,
        0.131694 -0.013602 -0.633091,
        0.136548 -0.011535 -0.633091,
        0.139755 -0.009051 -0.633091,
        0.143468 -0.004288 -0.633091,
        0.146527 0.002186 -0.633091,
        0.149692 0.016640 -0.633091,
        0.151815 0.047809 -0.633091,
        0.151820 0.048096 -0.633091,
        0.151256 0.088216 -0.633091,
        0.146854 0.113904 -0.633091,
        0.140957 0.127346 -0.633091,
        0.137724 0.131489 -0.633091,
        0.134304 0.134198 -0.633091,
        0.129731 0.136215 -0.633091,
        0.123406 0.137815 -0.633091,
        0.114693 0.138956 -0.633091,
        0.102235 0.140383 -0.633091,
        0.097853 0.140509 -0.633091,
        0.027405 -0.013935 -0.593721,
        -0.008249 -0.007979 -0.593721,
        -0.008249 0.054310 -0.593721,
        0.015534 0.051206 -0.593721,
      ]
    }
    coordIndex [
      55, 6, 5, -1,
      5, 6, 4, -1,
      21, 20, 70, -1,
      19, 10, 20, -1,
      48, 6, 47, -1,
      47, 6, 55, -1,
      67, 68, 55, -1,
      55, 68, 69, -1,
      55, 69, 54, -1,
      48, 44, 6, -1,
      6, 44, 71, -1,
      6, 71, 7, -1,
      7, 71, 70, -1,
      7, 70, 9, -1,
      9, 70, 20, -1,
      9, 20, 8, -1,
      8, 20, 10, -1,
      72, 73, 25, -1,
      25, 73, 27, -1,
      27, 73, 74, -1,
      27, 74, 26, -1,
      25, 24, 72, -1,
      72, 24, 22, -1,
      72, 22, 70, -1,
      70, 22, 23, -1,
      70, 23, 21, -1,
      26, 74, 35, -1,
      35, 74, 75, -1,
      35, 75, 34, -1,
      53, 45, 46, -1,
      64, 65, 55, -1,
      55, 65, 66, -1,
      55, 66, 67, -1,
      20, 11, 19, -1,
      19, 11, 12, -1,
      19, 12, 18, -1,
      18, 12, 13, -1,
      54, 49, 55, -1,
      55, 49, 50, -1,
      55, 50, 47, -1,
      47, 50, 51, -1,
      47, 51, 46, -1,
      46, 51, 52, -1,
      46, 52, 53, -1,
      56, 57, 62, -1,
      62, 57, 58, -1,
      62, 58, 61, -1,
      61, 58, 59, -1,
      61, 59, 60, -1,
      13, 14, 18, -1,
      18, 14, 15, -1,
      18, 15, 17, -1,
      17, 15, 16, -1,
      56, 62, 55, -1,
      55, 62, 63, -1,
      55, 63, 64, -1,
      34, 75, 33, -1,
      33, 75, 76, -1,
      33, 76, 32, -1,
      32, 76, 77, -1,
      32, 77, 31, -1,
      31, 77, 78, -1,
      31, 78, 30, -1,
      30, 78, 79, -1,
      30, 79, 29, -1,
      40, 80, 39, -1,
      39, 80, 81, -1,
      39, 81, 38, -1,
      38, 81, 82, -1,
      38, 82, 37, -1,
      37, 82, 83, -1,
      37, 83, 36, -1,
      36, 83, 84, -1,
      36, 84, 44, -1,
      44, 84, 85, -1,
      44, 85, 71, -1,
      79, 86, 29, -1,
      29, 86, 87, -1,
      29, 87, 28, -1,
      28, 87, 88, -1,
      28, 88, 43, -1,
      43, 88, 89, -1,
      43, 89, 42, -1,
      42, 89, 90, -1,
      42, 90, 41, -1,
      41, 90, 91, -1,
      41, 91, 40, -1,
      40, 91, 92, -1,
      40, 92, 80, -1,
      70, 71, 93, -1,
      93, 71, 94, -1,
      72, 70, 95, -1,
      95, 70, 93, -1,
      72, 95, 96, -1,
      72, 96, 73, -1,
      73, 96, 97, -1,
      73, 97, 74, -1,
      74, 97, 98, -1,
      74, 98, 75, -1,
      75, 98, 99, -1,
      75, 99, 76, -1,
      76, 99, 100, -1,
      76, 100, 77, -1,
      77, 100, 101, -1,
      77, 101, 78, -1,
      78, 101, 102, -1,
      78, 102, 79, -1,
      79, 102, 103, -1,
      79, 103, 86, -1,
      86, 103, 104, -1,
      86, 104, 87, -1,
      87, 104, 105, -1,
      87, 105, 88, -1,
      88, 105, 106, -1,
      88, 106, 89, -1,
      89, 106, 107, -1,
      89, 107, 90, -1,
      90, 107, 108, -1,
      90, 108, 91, -1,
      91, 108, 109, -1,
      91, 109, 92, -1,
      92, 109, 110, -1,
      92, 110, 80, -1,
      80, 110, 111, -1,
      80, 111, 81, -1,
      81, 111, 112, -1,
      81, 112, 82, -1,
      82, 112, 113, -1,
      82, 113, 83, -1,
      84, 83, 114, -1,
      114, 83, 113, -1,
      84, 114, 115, -1,
      84, 115, 85, -1,
      85, 115, 94, -1,
      85, 94, 71, -1,
      116, 117, 3, -1,
      3, 117, 2, -1,
      117, 118, 2, -1,
      2, 118, 0, -1,
      118, 119, 0, -1,
      0, 119, 1, -1,
    ]
  }
}

Shape {
  appearance Appearance {
    material Material {
      diffuseColor 1.0000 1.0000 0.7529
      specularColor 0.5020 0.5020 0.3765
      ambientIntensity 0.2
      transparency 0.0000
      shininess 0.5
    }
  }
  geometry IndexedFaceSet {
    ccw TRUE
    solid FALSE
    coord DEF co Coordinate {
      point [
        0.015534 0.051206 -0.633091,
        0.025350 0.049213 -0.633091,
        0.037052 0.043824 -0.633091,
        0.031635 0.046983 -0.633091,
        0.034494 0.045250 -0.633091,
        0.044393 0.130735 -0.633091,
        0.045876 0.052843 -0.633091,
        0.046252 0.053492 -0.633091,
        0.046469 0.054103 -0.633091,
        0.046535 0.054608 -0.633091,
        0.045225 0.056618 -0.633091,
        0.045568 0.056418 -0.633091,
        0.045993 0.056032 -0.633091,
        0.052320 0.139544 -0.633091,
        -0.008249 0.064209 -0.633091,
        -0.008249 0.140928 -0.633091,
        0.033948 0.135013 -0.633091,
        0.045274 0.052045 -0.633091,
        0.044687 0.056794 -0.633091,
        0.043847 0.056869 -0.633091,
        0.041876 0.132161 -0.633091,
        0.038042 0.133952 -0.633091,
        0.046472 0.055117 -0.633091,
        0.046298 0.055578 -0.633091,
        0.015534 0.051206 -0.593721,
        0.034494 0.045250 -0.593721,
        0.031635 0.046983 -0.593721,
        0.025350 0.049213 -0.593721,
        0.037052 0.043824 -0.593721,
        0.045274 0.052045 -0.593721,
        0.043847 0.056869 -0.593721,
        0.044687 0.056794 -0.593721,
        0.045225 0.056618 -0.593721,
        0.045568 0.056418 -0.593721,
        0.045993 0.056032 -0.593721,
        0.046298 0.055578 -0.593721,
        0.046472 0.055117 -0.593721,
        0.046535 0.054608 -0.593721,
        0.046469 0.054103 -0.593721,
        0.046252 0.053492 -0.593721,
        0.045876 0.052843 -0.593721,
        -0.008249 0.064209 -0.593721,
        -0.008249 0.140928 -0.593721,
        0.033948 0.135013 -0.593721,
        0.041876 0.132161 -0.593721,
        0.038042 0.133952 -0.593721,
        0.044393 0.130735 -0.593721,
        0.052320 0.139544 -0.593721,
      ]
    }
    coordIndex [
      25, 4, 3, -1,
      25, 3, 26, -1,
      26, 3, 1, -1,
      26, 1, 27, -1,
      27, 1, 0, -1,
      27, 0, 24, -1,
      25, 28, 4, -1,
      4, 28, 2, -1,
      28, 29, 2, -1,
      2, 29, 17, -1,
      30, 19, 18, -1,
      30, 18, 31, -1,
      31, 18, 10, -1,
      31, 10, 32, -1,
      32, 10, 11, -1,
      32, 11, 33, -1,
      33, 11, 12, -1,
      33, 12, 34, -1,
      34, 12, 23, -1,
      34, 23, 35, -1,
      35, 23, 22, -1,
      35, 22, 36, -1,
      36, 22, 9, -1,
      36, 9, 37, -1,
      37, 9, 8, -1,
      37, 8, 38, -1,
      38, 8, 7, -1,
      38, 7, 39, -1,
      39, 7, 6, -1,
      39, 6, 40, -1,
      40, 6, 17, -1,
      40, 17, 29, -1,
      30, 41, 19, -1,
      19, 41, 14, -1,
      41, 42, 14, -1,
      14, 42, 15, -1,
      42, 43, 15, -1,
      15, 43, 16, -1,
      44, 20, 21, -1,
      44, 21, 45, -1,
      45, 21, 16, -1,
      45, 16, 43, -1,
      44, 46, 20, -1,
      20, 46, 5, -1,
      46, 47, 5, -1,
      5, 47, 13, -1,
    ]
  }
}

Shape {
  appearance Appearance {
    material Material {
      diffuseColor 0.2510 0.2510 0.2510
      specularColor 0.1255 0.1255 0.1255
      ambientIntensity 0.2
      transparency 0.0000
      shininess 0.5
    }
  }
  geometry IndexedFaceSet {
    ccw TRUE
    solid FALSE
    coord DEF co Coordinate {
      point [
        -0.017485 0.153804 -0.633091,
        -0.018142 0.153318 -0.633091,
        -0.016705 0.154130 -0.633091,
        -0.018575 0.152783 -0.633091,
        -0.018941 0.151997 -0.633091,
        -0.019160 0.150891 -0.633091,
        0.053102 0.140578 -0.633091,
        0.053370 0.141182 -0.633091,
        0.051371 0.144039 -0.633091,
        0.050643 0.144074 -0.633091,
        0.046406 0.144326 -0.633091,
        -0.012478 0.153691 -0.633091,
        -0.014348 0.154191 -0.633091,
        -0.015707 0.154287 -0.633091,
        0.053474 0.141754 -0.633091,
        0.053448 0.142257 -0.633091,
        0.052320 0.139544 -0.633091,
        -0.019029 0.148604 -0.633091,
        -0.019031 0.148619 -0.633091,
        0.053283 0.142800 -0.633091,
        0.053000 0.143353 -0.633091,
        0.052815 0.143586 -0.633091,
        0.024967 0.146957 -0.633091,
        0.003622 0.150282 -0.633091,
        -0.009381 0.152547 -0.633091,
        0.052618 0.143739 -0.633091,
        0.052300 0.143878 -0.633091,
        0.052320 0.139544 -0.593721,
        0.050643 0.144074 -0.593721,
        0.051371 0.144039 -0.593721,
        0.052300 0.143878 -0.593721,
        0.052618 0.143739 -0.593721,
        0.052815 0.143586 -0.593721,
        0.053000 0.143353 -0.593721,
        0.053283 0.142800 -0.593721,
        0.053448 0.142257 -0.593721,
        0.053474 0.141754 -0.593721,
        0.053370 0.141182 -0.593721,
        0.053102 0.140578 -0.593721,
        0.046406 0.144326 -0.593721,
        0.003622 0.150282 -0.593721,
        0.024967 0.146957 -0.593721,
        -0.009381 0.152547 -0.593721,
        -0.019029 0.148604 -0.593721,
        -0.019031 0.148619 -0.593721,
        -0.019160 0.150891 -0.593721,
        -0.018941 0.151997 -0.593721,
        -0.018575 0.152783 -0.593721,
        -0.018142 0.153318 -0.593721,
        -0.017485 0.153804 -0.593721,
        -0.016705 0.154130 -0.593721,
        -0.015707 0.154287 -0.593721,
        -0.014348 0.154191 -0.593721,
        -0.012478 0.153691 -0.593721,
      ]
    }
    coordIndex [
      28, 9, 8, -1,
      28, 8, 29, -1,
      29, 8, 26, -1,
      29, 26, 30, -1,
      30, 26, 25, -1,
      30, 25, 31, -1,
      31, 25, 21, -1,
      31, 21, 32, -1,
      32, 21, 20, -1,
      32, 20, 33, -1,
      33, 20, 19, -1,
      33, 19, 34, -1,
      34, 19, 15, -1,
      34, 15, 35, -1,
      35, 15, 14, -1,
      35, 14, 36, -1,
      36, 14, 7, -1,
      36, 7, 37, -1,
      37, 7, 6, -1,
      37, 6, 38, -1,
      38, 6, 16, -1,
      38, 16, 27, -1,
      28, 39, 9, -1,
      9, 39, 10, -1,
      40, 23, 22, -1,
      40, 22, 41, -1,
      41, 22, 10, -1,
      41, 10, 39, -1,
      40, 42, 23, -1,
      23, 42, 24, -1,
      43, 17, 18, -1,
      43, 18, 44, -1,
      44, 18, 5, -1,
      44, 5, 45, -1,
      45, 5, 4, -1,
      45, 4, 46, -1,
      46, 4, 3, -1,
      46, 3, 47, -1,
      47, 3, 1, -1,
      47, 1, 48, -1,
      48, 1, 0, -1,
      48, 0, 49, -1,
      49, 0, 2, -1,
      49, 2, 50, -1,
      50, 2, 13, -1,
      50, 13, 51, -1,
      51, 13, 12, -1,
      51, 12, 52, -1,
      52, 12, 11, -1,
      52, 11, 53, -1,
      53, 11, 24, -1,
      53, 24, 42, -1,
    ]
  }
}

Shape {
  appearance Appearance {
    material Material {
      diffuseColor 1.0000 1.0000 1.0000
      specularColor 0.8784 0.8784 0.8784
      ambientIntensity 0.2
      transparency 0.0000
      shininess 0.5
    }
  }
  geometry IndexedFaceSet {
    ccw TRUE
    solid FALSE
    coord DEF co Coordinate {
      point [
        -0.209630 -0.030336 -0.633091,
        -0.207944 0.141670 -0.633091,
        -0.207910 0.141222 -0.633091,
        -0.207364 0.124527 -0.633091,
        -0.075713 -0.025924 -0.633091,
        -0.069352 -0.022503 -0.633091,
        -0.055606 -0.024967 -0.633091,
        -0.208813 0.149733 -0.633091,
        -0.207364 -0.002904 -0.633091,
        -0.207569 -0.016715 -0.633091,
        -0.063250 -0.016983 -0.633091,
        -0.060135 -0.012802 -0.633091,
        -0.057619 -0.008272 -0.633091,
        -0.056738 0.050619 -0.633091,
        -0.117404 0.070326 -0.633091,
        -0.117056 0.077255 -0.633091,
        -0.085376 -0.028105 -0.633091,
        -0.083919 -0.028071 -0.633091,
        -0.095771 0.152089 -0.633091,
        -0.146208 0.146591 -0.633091,
        -0.088101 0.154695 -0.633091,
        -0.146540 0.147234 -0.633091,
        -0.051369 -0.024967 -0.633091,
        -0.051369 0.050619 -0.633091,
        -0.047132 0.085434 -0.633091,
        -0.048417 0.111065 -0.633091,
        -0.052327 0.131454 -0.633091,
        -0.056577 0.140448 -0.633091,
        -0.061054 0.146404 -0.633091,
        -0.066419 0.150757 -0.633091,
        -0.072897 0.153796 -0.633091,
        -0.079976 0.155106 -0.633091,
        -0.199982 0.142354 -0.633091,
        -0.178188 0.140565 -0.633091,
        -0.199982 -0.002022 -0.633091,
        -0.167803 0.138935 -0.633091,
        -0.206933 0.153813 -0.633091,
        -0.207367 0.153700 -0.633091,
        -0.207695 0.153528 -0.633091,
        -0.207987 0.153272 -0.633091,
        -0.111747 0.111370 -0.633091,
        -0.051663 0.085182 -0.633091,
        -0.112409 0.133422 -0.633091,
        -0.120202 0.110511 -0.633091,
        -0.147165 0.143557 -0.633091,
        -0.146787 0.147505 -0.633091,
        -0.208330 0.152820 -0.633091,
        -0.208730 0.152061 -0.633091,
        -0.208878 0.151396 -0.633091,
        -0.164091 0.138026 -0.633091,
        -0.161929 0.136898 -0.633091,
        -0.159044 0.134437 -0.633091,
        -0.093813 -0.026450 -0.633091,
        -0.195745 -0.019891 -0.633091,
        -0.099491 -0.022969 -0.633091,
        -0.106625 -0.016548 -0.633091,
        -0.148123 0.142584 -0.633091,
        -0.123752 0.087696 -0.633091,
        -0.125174 0.051942 -0.633091,
        -0.157827 0.133881 -0.633091,
        -0.123557 0.033337 -0.633091,
        -0.118422 0.007819 -0.633091,
        -0.101515 0.148527 -0.633091,
        -0.106333 0.143472 -0.633091,
        -0.146346 0.145557 -0.633091,
        -0.146724 0.144300 -0.633091,
        -0.148538 0.148160 -0.633091,
        -0.152723 0.148177 -0.633091,
        -0.164455 0.149792 -0.633091,
        -0.107194 0.126265 -0.633091,
        -0.054881 0.112102 -0.633091,
        -0.053089 0.100157 -0.633091,
        -0.198754 -0.013556 -0.633091,
        -0.112168 -0.008215 -0.633091,
        -0.101982 0.135156 -0.633091,
        -0.098841 0.138897 -0.633091,
        -0.094690 0.142485 -0.633091,
        -0.083919 0.145752 -0.633091,
        -0.058811 0.128363 -0.633091,
        -0.062428 0.135101 -0.633091,
        -0.115942 0.031638 -0.633091,
        -0.057854 0.019576 -0.633091,
        -0.113550 0.017650 -0.633091,
        -0.061374 0.001580 -0.633091,
        -0.065595 -0.008066 -0.633091,
        -0.199901 -0.005509 -0.633091,
        -0.147207 0.147784 -0.633091,
        -0.147953 0.148061 -0.633091,
        -0.091104 0.144448 -0.633091,
        -0.087256 0.145464 -0.633091,
        -0.077499 0.145244 -0.633091,
        -0.071379 0.142970 -0.633091,
        -0.066431 0.139584 -0.633091,
        -0.102107 -0.008974 -0.633091,
        -0.107004 -0.001244 -0.633091,
        -0.073022 -0.015763 -0.633091,
        -0.068957 -0.012520 -0.633091,
        -0.151226 0.139713 -0.633091,
        -0.185846 0.151708 -0.633091,
        -0.197717 0.152841 -0.633091,
        -0.081654 -0.018759 -0.633091,
        -0.087576 -0.018394 -0.633091,
        -0.076938 -0.017678 -0.633091,
        -0.092593 -0.016665 -0.633091,
        -0.097394 -0.013681 -0.633091,
        -0.169376 0.150318 -0.633091,
        -0.204260 0.153386 -0.633091,
        -0.206237 0.153843 -0.633091,
        -0.089833 -0.027759 -0.633091,
        -0.204107 -0.030336 -0.633091,
        -0.208203 -0.035453 -0.633091,
        -0.210175 -0.033188 -0.633091,
        -0.023493 -0.019639 -0.633091,
        -0.023444 -0.019824 -0.633091,
        -0.023357 -0.019983 -0.633091,
        0.045274 -0.016200 -0.633091,
        0.040743 -0.015613 -0.633091,
        0.027405 -0.013935 -0.633091,
        0.034077 -0.014747 -0.633091,
        -0.021332 -0.013763 -0.633091,
        -0.022491 -0.015294 -0.633091,
        -0.016470 0.128764 -0.633091,
        -0.023427 -0.017699 -0.633091,
        -0.023461 -0.018484 -0.633091,
        -0.023484 -0.019046 -0.633091,
        -0.023190 -0.020164 -0.633091,
        -0.022898 -0.020358 -0.633091,
        -0.022492 -0.020506 -0.633091,
        -0.021974 -0.020558 -0.633091,
        -0.021000 -0.020437 -0.633091,
        -0.015631 -0.019598 -0.633091,
        -0.010819 -0.019005 -0.633091,
        -0.005984 -0.019011 -0.633091,
        -0.005145 -0.019011 -0.633091,
        0.046045 -0.016271 -0.633091,
        0.046589 -0.016442 -0.633091,
        0.047078 -0.016746 -0.633091,
        -0.016177 0.121675 -0.633091,
        -0.016470 -0.007979 -0.633091,
        -0.019513 -0.011502 -0.633091,
        0.000402 -0.019107 -0.633091,
        0.005887 -0.019891 -0.633091,
        0.016960 -0.021863 -0.633091,
        0.038478 -0.029203 -0.633091,
        -0.016470 0.134133 -0.633091,
        -0.017198 0.141469 -0.633091,
        -0.019029 0.148604 -0.633091,
        -0.023125 -0.016563 -0.633091,
        0.026711 -0.023836 -0.633091,
        0.034529 -0.026683 -0.633091,
        0.035920 -0.027526 -0.633091,
        0.046658 -0.020730 -0.633091,
        0.047204 -0.019799 -0.633091,
        0.047542 -0.019120 -0.633091,
        0.047790 -0.018193 -0.633091,
        0.047754 -0.017804 -0.633091,
        -0.016298 0.125220 -0.633091,
        0.047727 -0.018608 -0.633091,
        0.047623 -0.017418 -0.633091,
        0.047397 -0.017063 -0.633091,
        0.027405 -0.013935 -0.593721,
        -0.008249 -0.007979 -0.593721,
        -0.008249 0.054310 -0.593721,
        0.015534 0.051206 -0.593721,
        0.034494 0.045250 -0.593721,
        0.031635 0.046983 -0.593721,
        0.025350 0.049213 -0.593721,
        0.037052 0.043824 -0.593721,
        0.045274 0.052045 -0.593721,
        0.043847 0.056869 -0.593721,
        0.044687 0.056794 -0.593721,
        0.045225 0.056618 -0.593721,
        0.045568 0.056418 -0.593721,
        0.045993 0.056032 -0.593721,
        0.046298 0.055578 -0.593721,
        0.046472 0.055117 -0.593721,
        0.046535 0.054608 -0.593721,
        0.046469 0.054103 -0.593721,
        0.046252 0.053492 -0.593721,
        0.045876 0.052843 -0.593721,
        -0.008249 0.064209 -0.593721,
        -0.008249 0.140928 -0.593721,
        0.033948 0.135013 -0.593721,
        0.041876 0.132161 -0.593721,
        0.038042 0.133952 -0.593721,
        0.044393 0.130735 -0.593721,
        0.052320 0.139544 -0.593721,
        0.050643 0.144074 -0.593721,
        0.051371 0.144039 -0.593721,
        0.052300 0.143878 -0.593721,
        0.052618 0.143739 -0.593721,
        0.052815 0.143586 -0.593721,
        0.053000 0.143353 -0.593721,
        0.053283 0.142800 -0.593721,
        0.053448 0.142257 -0.593721,
        0.053474 0.141754 -0.593721,
        0.053370 0.141182 -0.593721,
        0.053102 0.140578 -0.593721,
        0.046406 0.144326 -0.593721,
        0.003622 0.150282 -0.593721,
        0.024967 0.146957 -0.593721,
        -0.009381 0.152547 -0.593721,
        -0.019029 0.148604 -0.593721,
        -0.019031 0.148619 -0.593721,
        -0.019160 0.150891 -0.593721,
        -0.018941 0.151997 -0.593721,
        -0.018575 0.152783 -0.593721,
        -0.018142 0.153318 -0.593721,
        -0.017485 0.153804 -0.593721,
        -0.016705 0.154130 -0.593721,
        -0.015707 0.154287 -0.593721,
        -0.014348 0.154191 -0.593721,
        -0.012478 0.153691 -0.593721,
        -0.016470 0.134133 -0.593721,
        -0.017198 0.141469 -0.593721,
        -0.016470 0.128764 -0.593721,
        -0.016177 0.121675 -0.593721,
        -0.016298 0.125220 -0.593721,
        -0.016470 -0.007979 -0.593721,
        -0.021000 -0.020437 -0.593721,
        -0.021974 -0.020558 -0.593721,
        -0.022492 -0.020506 -0.593721,
        -0.022898 -0.020358 -0.593721,
        -0.023190 -0.020164 -0.593721,
        -0.023357 -0.019983 -0.593721,
        -0.023444 -0.019824 -0.593721,
        -0.023493 -0.019639 -0.593721,
        -0.023484 -0.019046 -0.593721,
        -0.023461 -0.018484 -0.593721,
        -0.023427 -0.017699 -0.593721,
        -0.023125 -0.016563 -0.593721,
        -0.022491 -0.015294 -0.593721,
        -0.021332 -0.013763 -0.593721,
        -0.019513 -0.011502 -0.593721,
        -0.015631 -0.019598 -0.593721,
        -0.005984 -0.019011 -0.593721,
        -0.010819 -0.019005 -0.593721,
        -0.005145 -0.019011 -0.593721,
        0.005887 -0.019891 -0.593721,
        0.000402 -0.019107 -0.593721,
        0.016960 -0.021863 -0.593721,
        0.035920 -0.027526 -0.593721,
        0.034529 -0.026683 -0.593721,
        0.026711 -0.023836 -0.593721,
        0.038478 -0.029203 -0.593721,
        0.046658 -0.020730 -0.593721,
        0.045274 -0.016200 -0.593721,
        0.046045 -0.016271 -0.593721,
        0.046589 -0.016442 -0.593721,
        0.047078 -0.016746 -0.593721,
        0.047397 -0.017063 -0.593721,
        0.047623 -0.017418 -0.593721,
        0.047754 -0.017804 -0.593721,
        0.047790 -0.018193 -0.593721,
        0.047727 -0.018608 -0.593721,
        0.047542 -0.019120 -0.593721,
        0.047204 -0.019799 -0.593721,
        0.040743 -0.015613 -0.593721,
        0.034077 -0.014747 -0.593721,
        -0.060135 -0.012802 -0.593721,
        -0.057619 -0.008272 -0.593721,
        -0.055606 -0.024967 -0.593721,
        -0.051369 -0.024967 -0.593721,
        -0.051369 0.050619 -0.593721,
        -0.056738 0.050619 -0.593721,
        -0.081654 -0.018759 -0.593721,
        -0.076938 -0.017678 -0.593721,
        -0.073022 -0.015763 -0.593721,
        -0.068957 -0.012520 -0.593721,
        -0.065595 -0.008066 -0.593721,
        -0.061374 0.001580 -0.593721,
        -0.057854 0.019576 -0.593721,
        -0.117056 0.077255 -0.593721,
        -0.117404 0.070326 -0.593721,
        -0.115942 0.031638 -0.593721,
        -0.113550 0.017650 -0.593721,
        -0.107004 -0.001244 -0.593721,
        -0.102107 -0.008974 -0.593721,
        -0.097394 -0.013681 -0.593721,
        -0.092593 -0.016665 -0.593721,
        -0.087576 -0.018394 -0.593721,
        -0.083919 0.145752 -0.593721,
        -0.087256 0.145464 -0.593721,
        -0.091104 0.144448 -0.593721,
        -0.094690 0.142485 -0.593721,
        -0.098841 0.138897 -0.593721,
        -0.101982 0.135156 -0.593721,
        -0.107194 0.126265 -0.593721,
        -0.111747 0.111370 -0.593721,
        -0.053089 0.100157 -0.593721,
        -0.054881 0.112102 -0.593721,
        -0.058811 0.128363 -0.593721,
        -0.062428 0.135101 -0.593721,
        -0.066431 0.139584 -0.593721,
        -0.071379 0.142970 -0.593721,
        -0.077499 0.145244 -0.593721,
        -0.051663 0.085182 -0.593721,
        -0.047132 0.085434 -0.593721,
        -0.079976 0.155106 -0.593721,
        -0.072897 0.153796 -0.593721,
        -0.066419 0.150757 -0.593721,
        -0.061054 0.146404 -0.593721,
        -0.056577 0.140448 -0.593721,
        -0.052327 0.131454 -0.593721,
        -0.048417 0.111065 -0.593721,
        -0.123557 0.033337 -0.593721,
        -0.125174 0.051942 -0.593721,
        -0.123752 0.087696 -0.593721,
        -0.120202 0.110511 -0.593721,
        -0.112409 0.133422 -0.593721,
        -0.106333 0.143472 -0.593721,
        -0.101515 0.148527 -0.593721,
        -0.095771 0.152089 -0.593721,
        -0.088101 0.154695 -0.593721,
        -0.083919 -0.028071 -0.593721,
        -0.085376 -0.028105 -0.593721,
        -0.089833 -0.027759 -0.593721,
        -0.093813 -0.026450 -0.593721,
        -0.099491 -0.022969 -0.593721,
        -0.106625 -0.016548 -0.593721,
        -0.112168 -0.008215 -0.593721,
        -0.118422 0.007819 -0.593721,
        -0.063250 -0.016983 -0.593721,
        -0.069352 -0.022503 -0.593721,
        -0.075713 -0.025924 -0.593721,
        -0.209630 -0.030336 -0.593721,
        -0.210175 -0.033188 -0.593721,
        -0.208203 -0.035453 -0.593721,
        -0.195745 -0.019891 -0.593721,
        -0.199982 -0.002022 -0.593721,
        -0.199901 -0.005509 -0.593721,
        -0.198754 -0.013556 -0.593721,
        -0.199982 0.142354 -0.593721,
        -0.157827 0.133881 -0.593721,
        -0.159044 0.134437 -0.593721,
        -0.161929 0.136898 -0.593721,
        -0.164091 0.138026 -0.593721,
        -0.167803 0.138935 -0.593721,
        -0.178188 0.140565 -0.593721,
        -0.146208 0.146591 -0.593721,
        -0.146346 0.145557 -0.593721,
        -0.146724 0.144300 -0.593721,
        -0.147165 0.143557 -0.593721,
        -0.148123 0.142584 -0.593721,
        -0.151226 0.139713 -0.593721,
        -0.185846 0.151708 -0.593721,
        -0.169376 0.150318 -0.593721,
        -0.164455 0.149792 -0.593721,
        -0.152723 0.148177 -0.593721,
        -0.148538 0.148160 -0.593721,
        -0.147953 0.148061 -0.593721,
        -0.147207 0.147784 -0.593721,
        -0.146787 0.147505 -0.593721,
        -0.146540 0.147234 -0.593721,
        -0.197717 0.152841 -0.593721,
        -0.204260 0.153386 -0.593721,
        -0.207910 0.141222 -0.593721,
        -0.207944 0.141670 -0.593721,
        -0.208813 0.149733 -0.593721,
        -0.208878 0.151396 -0.593721,
        -0.208730 0.152061 -0.593721,
        -0.208330 0.152820 -0.593721,
        -0.207987 0.153272 -0.593721,
        -0.207695 0.153528 -0.593721,
        -0.207367 0.153700 -0.593721,
        -0.206933 0.153813 -0.593721,
        -0.206237 0.153843 -0.593721,
        -0.207364 0.124527 -0.593721,
        -0.207364 -0.002904 -0.593721,
        -0.207569 -0.016715 -0.593721,
      ]
    }
    coordIndex [
      213, 144, 145, -1,
      213, 145, 214, -1,
      214, 145, 146, -1,
      214, 146, 202, -1,
      213, 215, 144, -1,
      144, 215, 121, -1,
      216, 137, 156, -1,
      216, 156, 217, -1,
      217, 156, 121, -1,
      217, 121, 215, -1,
      216, 218, 137, -1,
      137, 218, 138, -1,
      219, 129, 128, -1,
      219, 128, 220, -1,
      220, 128, 127, -1,
      220, 127, 221, -1,
      221, 127, 126, -1,
      221, 126, 222, -1,
      222, 126, 125, -1,
      222, 125, 223, -1,
      223, 125, 114, -1,
      223, 114, 224, -1,
      224, 114, 113, -1,
      224, 113, 225, -1,
      225, 113, 112, -1,
      225, 112, 226, -1,
      226, 112, 124, -1,
      226, 124, 227, -1,
      227, 124, 123, -1,
      227, 123, 228, -1,
      228, 123, 122, -1,
      228, 122, 229, -1,
      229, 122, 147, -1,
      229, 147, 230, -1,
      230, 147, 120, -1,
      230, 120, 231, -1,
      231, 120, 119, -1,
      231, 119, 232, -1,
      232, 119, 139, -1,
      232, 139, 233, -1,
      233, 139, 138, -1,
      233, 138, 218, -1,
      219, 234, 129, -1,
      129, 234, 130, -1,
      235, 132, 131, -1,
      235, 131, 236, -1,
      236, 131, 130, -1,
      236, 130, 234, -1,
      235, 237, 132, -1,
      132, 237, 133, -1,
      238, 141, 140, -1,
      238, 140, 239, -1,
      239, 140, 133, -1,
      239, 133, 237, -1,
      238, 240, 141, -1,
      141, 240, 142, -1,
      241, 150, 149, -1,
      241, 149, 242, -1,
      242, 149, 148, -1,
      242, 148, 243, -1,
      243, 148, 142, -1,
      243, 142, 240, -1,
      241, 244, 150, -1,
      150, 244, 143, -1,
      244, 245, 143, -1,
      143, 245, 151, -1,
      246, 115, 134, -1,
      246, 134, 247, -1,
      247, 134, 135, -1,
      247, 135, 248, -1,
      248, 135, 136, -1,
      248, 136, 249, -1,
      249, 136, 159, -1,
      249, 159, 250, -1,
      250, 159, 158, -1,
      250, 158, 251, -1,
      251, 158, 155, -1,
      251, 155, 252, -1,
      252, 155, 154, -1,
      252, 154, 253, -1,
      253, 154, 157, -1,
      253, 157, 254, -1,
      254, 157, 153, -1,
      254, 153, 255, -1,
      255, 153, 152, -1,
      255, 152, 256, -1,
      256, 152, 151, -1,
      256, 151, 245, -1,
      246, 257, 115, -1,
      115, 257, 116, -1,
      160, 117, 118, -1,
      160, 118, 258, -1,
      258, 118, 116, -1,
      258, 116, 257, -1,
      183, 184, 198, -1,
      198, 184, 182, -1,
      209, 210, 181, -1,
      181, 210, 211, -1,
      181, 211, 212, -1,
      203, 181, 202, -1,
      202, 181, 214, -1,
      231, 232, 161, -1,
      192, 193, 186, -1,
      212, 201, 181, -1,
      181, 201, 199, -1,
      181, 199, 182, -1,
      182, 199, 200, -1,
      182, 200, 198, -1,
      216, 217, 181, -1,
      217, 215, 181, -1,
      181, 215, 213, -1,
      181, 213, 214, -1,
      203, 204, 181, -1,
      181, 204, 205, -1,
      181, 205, 206, -1,
      162, 180, 163, -1,
      163, 180, 169, -1,
      163, 169, 166, -1,
      166, 169, 165, -1,
      255, 256, 246, -1,
      246, 256, 245, -1,
      232, 233, 161, -1,
      161, 233, 218, -1,
      161, 218, 162, -1,
      162, 218, 216, -1,
      162, 216, 180, -1,
      180, 216, 181, -1,
      165, 169, 164, -1,
      164, 169, 168, -1,
      164, 168, 167, -1,
      183, 198, 185, -1,
      185, 198, 187, -1,
      185, 187, 186, -1,
      186, 187, 188, -1,
      186, 188, 189, -1,
      193, 194, 195, -1,
      206, 207, 181, -1,
      181, 207, 208, -1,
      181, 208, 209, -1,
      223, 224, 161, -1,
      161, 224, 225, -1,
      228, 229, 161, -1,
      161, 229, 230, -1,
      161, 230, 231, -1,
      245, 244, 246, -1,
      246, 244, 241, -1,
      246, 241, 257, -1,
      257, 241, 242, -1,
      257, 242, 258, -1,
      258, 242, 243, -1,
      258, 243, 160, -1,
      160, 243, 240, -1,
      160, 240, 161, -1,
      161, 240, 238, -1,
      161, 238, 239, -1,
      239, 237, 161, -1,
      161, 237, 235, -1,
      161, 235, 236, -1,
      195, 196, 193, -1,
      193, 196, 197, -1,
      193, 197, 186, -1,
      170, 178, 169, -1,
      169, 178, 179, -1,
      169, 179, 168, -1,
      225, 226, 161, -1,
      161, 226, 227, -1,
      161, 227, 228, -1,
      249, 250, 254, -1,
      236, 234, 161, -1,
      161, 234, 219, -1,
      161, 219, 220, -1,
      189, 190, 186, -1,
      186, 190, 191, -1,
      186, 191, 192, -1,
      170, 171, 178, -1,
      178, 171, 172, -1,
      178, 172, 177, -1,
      177, 172, 173, -1,
      173, 174, 177, -1,
      177, 174, 175, -1,
      177, 175, 176, -1,
      249, 254, 248, -1,
      220, 221, 161, -1,
      161, 221, 222, -1,
      161, 222, 223, -1,
      255, 246, 254, -1,
      254, 246, 247, -1,
      254, 247, 248, -1,
      250, 251, 254, -1,
      254, 251, 252, -1,
      254, 252, 253, -1,
      259, 260, 11, -1,
      11, 260, 12, -1,
      260, 261, 12, -1,
      12, 261, 6, -1,
      261, 262, 6, -1,
      6, 262, 22, -1,
      262, 263, 22, -1,
      22, 263, 23, -1,
      263, 264, 23, -1,
      23, 264, 13, -1,
      265, 100, 102, -1,
      265, 102, 266, -1,
      266, 102, 95, -1,
      266, 95, 267, -1,
      267, 95, 96, -1,
      267, 96, 268, -1,
      268, 96, 84, -1,
      268, 84, 269, -1,
      269, 84, 83, -1,
      269, 83, 270, -1,
      270, 83, 81, -1,
      270, 81, 271, -1,
      271, 81, 13, -1,
      271, 13, 264, -1,
      272, 15, 14, -1,
      272, 14, 273, -1,
      273, 14, 80, -1,
      273, 80, 274, -1,
      274, 80, 82, -1,
      274, 82, 275, -1,
      275, 82, 94, -1,
      275, 94, 276, -1,
      276, 94, 93, -1,
      276, 93, 277, -1,
      277, 93, 104, -1,
      277, 104, 278, -1,
      278, 104, 103, -1,
      278, 103, 279, -1,
      279, 103, 101, -1,
      279, 101, 280, -1,
      280, 101, 100, -1,
      280, 100, 265, -1,
      281, 77, 89, -1,
      281, 89, 282, -1,
      282, 89, 88, -1,
      282, 88, 283, -1,
      283, 88, 76, -1,
      283, 76, 284, -1,
      284, 76, 75, -1,
      284, 75, 285, -1,
      285, 75, 74, -1,
      285, 74, 286, -1,
      286, 74, 69, -1,
      286, 69, 287, -1,
      287, 69, 40, -1,
      287, 40, 288, -1,
      288, 40, 15, -1,
      288, 15, 272, -1,
      289, 71, 70, -1,
      289, 70, 290, -1,
      290, 70, 78, -1,
      290, 78, 291, -1,
      291, 78, 79, -1,
      291, 79, 292, -1,
      292, 79, 92, -1,
      292, 92, 293, -1,
      293, 92, 91, -1,
      293, 91, 294, -1,
      294, 91, 90, -1,
      294, 90, 295, -1,
      295, 90, 77, -1,
      295, 77, 281, -1,
      289, 296, 71, -1,
      71, 296, 41, -1,
      296, 297, 41, -1,
      41, 297, 24, -1,
      298, 31, 30, -1,
      298, 30, 299, -1,
      299, 30, 29, -1,
      299, 29, 300, -1,
      300, 29, 28, -1,
      300, 28, 301, -1,
      301, 28, 27, -1,
      301, 27, 302, -1,
      302, 27, 26, -1,
      302, 26, 303, -1,
      303, 26, 25, -1,
      303, 25, 304, -1,
      304, 25, 24, -1,
      304, 24, 297, -1,
      305, 60, 58, -1,
      305, 58, 306, -1,
      306, 58, 57, -1,
      306, 57, 307, -1,
      307, 57, 43, -1,
      307, 43, 308, -1,
      308, 43, 42, -1,
      308, 42, 309, -1,
      309, 42, 63, -1,
      309, 63, 310, -1,
      310, 63, 62, -1,
      310, 62, 311, -1,
      311, 62, 18, -1,
      311, 18, 312, -1,
      312, 18, 20, -1,
      312, 20, 313, -1,
      313, 20, 31, -1,
      313, 31, 298, -1,
      314, 17, 16, -1,
      314, 16, 315, -1,
      315, 16, 108, -1,
      315, 108, 316, -1,
      316, 108, 52, -1,
      316, 52, 317, -1,
      317, 52, 54, -1,
      317, 54, 318, -1,
      318, 54, 55, -1,
      318, 55, 319, -1,
      319, 55, 73, -1,
      319, 73, 320, -1,
      320, 73, 61, -1,
      320, 61, 321, -1,
      321, 61, 60, -1,
      321, 60, 305, -1,
      259, 11, 10, -1,
      259, 10, 322, -1,
      322, 10, 5, -1,
      322, 5, 323, -1,
      323, 5, 4, -1,
      323, 4, 324, -1,
      324, 4, 17, -1,
      324, 17, 314, -1,
      263, 262, 260, -1,
      260, 262, 261, -1,
      259, 267, 260, -1,
      260, 267, 268, -1,
      260, 268, 269, -1,
      304, 297, 296, -1,
      259, 322, 267, -1,
      267, 322, 323, -1,
      267, 323, 266, -1,
      266, 323, 324, -1,
      266, 324, 265, -1,
      264, 263, 271, -1,
      271, 263, 260, -1,
      271, 260, 270, -1,
      270, 260, 269, -1,
      296, 289, 304, -1,
      304, 289, 290, -1,
      304, 290, 303, -1,
      303, 290, 291, -1,
      303, 291, 302, -1,
      302, 291, 292, -1,
      302, 292, 301, -1,
      301, 292, 293, -1,
      301, 293, 300, -1,
      300, 293, 294, -1,
      300, 294, 299, -1,
      299, 294, 295, -1,
      299, 295, 298, -1,
      298, 295, 281, -1,
      298, 281, 313, -1,
      313, 281, 282, -1,
      313, 282, 312, -1,
      312, 282, 283, -1,
      312, 283, 311, -1,
      311, 283, 284, -1,
      311, 284, 310, -1,
      324, 314, 265, -1,
      265, 314, 315, -1,
      265, 315, 280, -1,
      280, 315, 316, -1,
      280, 316, 279, -1,
      279, 316, 317, -1,
      279, 317, 278, -1,
      278, 317, 318, -1,
      278, 318, 277, -1,
      277, 318, 319, -1,
      277, 319, 276, -1,
      276, 319, 320, -1,
      276, 320, 275, -1,
      275, 320, 321, -1,
      275, 321, 274, -1,
      274, 321, 305, -1,
      274, 305, 273, -1,
      273, 305, 306, -1,
      273, 306, 272, -1,
      272, 306, 307, -1,
      272, 307, 288, -1,
      288, 307, 308, -1,
      288, 308, 287, -1,
      287, 308, 309, -1,
      287, 309, 286, -1,
      286, 309, 310, -1,
      286, 310, 285, -1,
      285, 310, 284, -1,
      325, 326, 0, -1,
      0, 326, 111, -1,
      326, 327, 111, -1,
      111, 327, 110, -1,
      110, 327, 109, -1,
      109, 327, 328, -1,
      109, 328, 53, -1,
      329, 34, 85, -1,
      329, 85, 330, -1,
      330, 85, 72, -1,
      330, 72, 331, -1,
      331, 72, 53, -1,
      331, 53, 328, -1,
      329, 332, 34, -1,
      34, 332, 32, -1,
      333, 59, 51, -1,
      333, 51, 334, -1,
      334, 51, 50, -1,
      334, 50, 335, -1,
      335, 50, 49, -1,
      335, 49, 336, -1,
      336, 49, 35, -1,
      336, 35, 337, -1,
      337, 35, 33, -1,
      337, 33, 338, -1,
      338, 33, 32, -1,
      338, 32, 332, -1,
      339, 19, 64, -1,
      339, 64, 340, -1,
      340, 64, 65, -1,
      340, 65, 341, -1,
      341, 65, 44, -1,
      341, 44, 342, -1,
      342, 44, 56, -1,
      342, 56, 343, -1,
      343, 56, 97, -1,
      343, 97, 344, -1,
      344, 97, 59, -1,
      344, 59, 333, -1,
      345, 98, 105, -1,
      345, 105, 346, -1,
      346, 105, 68, -1,
      346, 68, 347, -1,
      347, 68, 67, -1,
      347, 67, 348, -1,
      348, 67, 66, -1,
      348, 66, 349, -1,
      349, 66, 87, -1,
      349, 87, 350, -1,
      350, 87, 86, -1,
      350, 86, 351, -1,
      351, 86, 45, -1,
      351, 45, 352, -1,
      352, 45, 21, -1,
      352, 21, 353, -1,
      353, 21, 19, -1,
      353, 19, 339, -1,
      345, 354, 98, -1,
      98, 354, 99, -1,
      354, 355, 99, -1,
      99, 355, 106, -1,
      356, 2, 1, -1,
      356, 1, 357, -1,
      357, 1, 7, -1,
      357, 7, 358, -1,
      358, 7, 48, -1,
      358, 48, 359, -1,
      359, 48, 47, -1,
      359, 47, 360, -1,
      360, 47, 46, -1,
      360, 46, 361, -1,
      361, 46, 39, -1,
      361, 39, 362, -1,
      362, 39, 38, -1,
      362, 38, 363, -1,
      363, 38, 37, -1,
      363, 37, 364, -1,
      364, 37, 36, -1,
      364, 36, 365, -1,
      365, 36, 107, -1,
      365, 107, 366, -1,
      366, 107, 106, -1,
      366, 106, 355, -1,
      356, 367, 2, -1,
      2, 367, 3, -1,
      367, 368, 3, -1,
      3, 368, 8, -1,
      325, 0, 9, -1,
      325, 9, 369, -1,
      369, 9, 8, -1,
      369, 8, 368, -1,
      343, 344, 348, -1,
      347, 348, 335, -1,
      332, 361, 362, -1,
      344, 333, 348, -1,
      348, 333, 334, -1,
      348, 334, 335, -1,
      335, 336, 347, -1,
      347, 336, 337, -1,
      347, 337, 346, -1,
      346, 337, 338, -1,
      368, 367, 332, -1,
      367, 356, 332, -1,
      332, 356, 357, -1,
      332, 357, 358, -1,
      332, 365, 366, -1,
      327, 326, 328, -1,
      328, 326, 325, -1,
      328, 325, 331, -1,
      331, 325, 369, -1,
      331, 369, 330, -1,
      330, 369, 368, -1,
      330, 368, 329, -1,
      329, 368, 332, -1,
      358, 359, 332, -1,
      332, 359, 360, -1,
      332, 360, 361, -1,
      340, 341, 348, -1,
      348, 341, 342, -1,
      348, 342, 343, -1,
      362, 363, 332, -1,
      332, 363, 364, -1,
      332, 364, 365, -1,
      366, 355, 332, -1,
      332, 355, 354, -1,
      332, 354, 338, -1,
      338, 354, 345, -1,
      338, 345, 346, -1,
      348, 349, 340, -1,
      340, 349, 350, -1,
      340, 350, 351, -1,
      351, 352, 340, -1,
      340, 352, 353, -1,
      340, 353, 339, -1,
    ]
  }
}

Shape {
  appearance Appearance {
    material Material {
      diffuseColor 1.0000 1.0000 0.7529
      specularColor 0.5020 0.5020 0.3765
      ambientIntensity 0.2
      transparency 0.0000
      shininess 0.5
    }
  }
  geometry IndexedFaceSet {
    ccw TRUE
    solid FALSE
    coord DEF co Coordinate {
      point [
        0.229750 0.067901 -0.633091,
        0.237384 0.075241 -0.633091,
        0.222661 0.072724 -0.633091,
        0.220049 0.074096 -0.633091,
        0.211996 0.076607 -0.633091,
        0.200850 0.078932 -0.633091,
        0.219264 -0.004287 -0.633091,
        0.093469 -0.009405 -0.633091,
        0.093469 0.140383 -0.633091,
        0.098838 -0.011670 -0.633091,
        0.110891 -0.014414 -0.633091,
        0.123208 -0.015361 -0.633091,
        0.131694 -0.013602 -0.633091,
        0.136548 -0.011535 -0.633091,
        0.139755 -0.009051 -0.633091,
        0.143468 -0.004288 -0.633091,
        0.146527 0.002186 -0.633091,
        0.149692 0.016640 -0.633091,
        0.151815 0.047809 -0.633091,
        0.151820 0.048096 -0.633091,
        0.151256 0.088216 -0.633091,
        0.146854 0.113904 -0.633091,
        0.140957 0.127346 -0.633091,
        0.137724 0.131489 -0.633091,
        0.134304 0.134198 -0.633091,
        0.129731 0.136215 -0.633091,
        0.123406 0.137815 -0.633091,
        0.114693 0.138956 -0.633091,
        0.102235 0.140383 -0.633091,
        0.097853 0.140509 -0.633091,
      ]
    }
    coordIndex [
      0, 1, 6, -1,
      6, 5, 4, -1,
      4, 3, 6, -1,
      6, 3, 2, -1,
      6, 2, 0, -1,
      7, 8, 9, -1,
      9, 8, 29, -1,
      29, 28, 9, -1,
      9, 28, 27, -1,
      9, 27, 26, -1,
      20, 19, 9, -1,
      9, 19, 18, -1,
      9, 18, 10, -1,
      10, 18, 17, -1,
      26, 25, 9, -1,
      9, 25, 24, -1,
      9, 24, 23, -1,
      23, 22, 9, -1,
      9, 22, 21, -1,
      9, 21, 20, -1,
      16, 12, 17, -1,
      17, 12, 11, -1,
      17, 11, 10, -1,
      16, 15, 12, -1,
      12, 15, 14, -1,
      12, 14, 13, -1,
    ]
  }
}
