ISO-10303-21;
HEADER;
FILE_DESCRIPTION (( 'STEP AP214' ),
    '1' );
FILE_NAME ('SW-SMD_YTSB001XXXX.STEP',
    '2021-06-11T19:08:05',
    ( '' ),
    ( '' ),
    'SwSTEP 2.0',
    'SolidWorks 2018',
    '' );
FILE_SCHEMA (( 'AUTOMOTIVE_DESIGN' ));
ENDSEC;

DATA;
#1 = ORIENTED_EDGE ( 'NONE', *, *, #4462, .T. ) ;
#2 = PLANE ( 'NONE',  #5344 ) ;
#3 = CARTESIAN_POINT ( 'NONE',  ( 0.09116305327725719720, -0.009849607626533252169, -0.01867101149142461752 ) ) ;
#4 = CIRCLE ( 'NONE', #656, 0.2999999999999999334 ) ;
#5 = MECHANICAL_DESIGN_GEOMETRIC_PRESENTATION_REPRESENTATION (  '', ( #7459 ), #452 ) ;
#6 = LINE ( 'NONE', #895, #3749 ) ;
#7 = DIRECTION ( 'NONE',  ( 1.000000000000000000, 0.0000000000000000000, 0.0000000000000000000 ) ) ;
#8 = CARTESIAN_POINT ( 'NONE',  ( 2.998179295342849215, -1.283471845651435572, 2.731321192064205317 ) ) ;
#9 = PLANE ( 'NONE',  #5557 ) ;
#10 = VECTOR ( 'NONE', #8400, 1000.000000000000000 ) ;
#11 = VECTOR ( 'NONE', #6457, 1000.000000000000000 ) ;
#12 = CARTESIAN_POINT ( 'NONE',  ( -3.450000000000000178, -1.283471845651427801, 0.4963289885085713227 ) ) ;
#13 = DIRECTION ( 'NONE',  ( -1.000000000000000000, -0.0000000000000000000, -0.0000000000000000000 ) ) ;
#15 = EDGE_CURVE ( 'NONE', #8447, #6426, #7019, .T. ) ;
#14 = DIRECTION ( 'NONE',  ( -1.000000000000000000, -0.0000000000000000000, -0.0000000000000000000 ) ) ;
#16 = AXIS2_PLACEMENT_3D ( 'NONE', #3078, #409, #1019 ) ;
#17 = SURFACE_STYLE_FILL_AREA ( #359 ) ;
#18 = EDGE_LOOP ( 'NONE', ( #7145, #2552, #4832, #4281 ) ) ;
#19 = UNCERTAINTY_MEASURE_WITH_UNIT (LENGTH_MEASURE( 1.000000000000000082E-05 ), #8571, 'distance_accuracy_value', 'NONE');
#20 = APPLICATION_CONTEXT ( 'automotive_design' ) ;
#21 = CARTESIAN_POINT ( 'NONE',  ( -0.05472184711139754104, -0.02234800502023832555, -0.01867101149142505120 ) ) ;
#22 = ADVANCED_FACE ( 'NONE', ( #3793 ), #8529, .F. ) ;
#23 = CARTESIAN_POINT ( 'NONE',  ( 0.07704879468110578666, -0.02545565232631749608, -0.01867101149142505120 ) ) ;
#24 = EDGE_CURVE ( 'NONE', #2456, #3803, #1431, .T. ) ;
#25 = ORIENTED_EDGE ( 'NONE', *, *, #2376, .F. ) ;
#26 = CARTESIAN_POINT ( 'NONE',  ( 0.07937898878619481513, -0.01182067446367008647, -0.01867101149142505120 ) ) ;
#27 = VERTEX_POINT ( 'NONE', #8589 ) ;
#28 = LINE ( 'NONE', #5524, #7096 ) ;
#29 = AXIS2_PLACEMENT_3D ( 'NONE', #6136, #2832, #2783 ) ;
#30 = UNCERTAINTY_MEASURE_WITH_UNIT (LENGTH_MEASURE( 1.000000000000000082E-05 ), #6228, 'distance_accuracy_value', 'NONE');
#31 = DIRECTION ( 'NONE',  ( -1.000000000000000000, 2.891205793294681383E-15, 1.056478881437245228E-29 ) ) ;
#32 = FILL_AREA_STYLE ('',( #8001 ) ) ;
#33 = CARTESIAN_POINT ( 'NONE',  ( -0.06681659732748487790, -0.1074195557637465243, -0.02867101149142507743 ) ) ;
#34 = CARTESIAN_POINT ( 'NONE',  ( 2.098518552703152906, -1.283471845651432020, 1.746328988508570657 ) ) ;
#35 = COLOUR_RGB ( '',0.7764705882352941346, 0.7568627450980391913, 0.7372549019607843590 ) ;
#36 = CARTESIAN_POINT ( 'NONE',  ( 0.1181285655554905889, -0.01316959703675074471, -0.01867101149142582836 ) ) ;
#37 = DIRECTION ( 'NONE',  ( -0.0000000000000000000, 1.000000000000000000, 3.491481338843133355E-15 ) ) ;
#38 = ORIENTED_EDGE ( 'NONE', *, *, #2281, .F. ) ;
#39 = CARTESIAN_POINT ( 'NONE',  ( -0.04548148207381592228, -0.1108404744450473406, -0.02867101149142507743 ) ) ;
#40 = EDGE_LOOP ( 'NONE', ( #2296, #8141, #7569, #4789 ) ) ;
#41 = CARTESIAN_POINT ( 'NONE',  ( -0.01829017109820616979, -0.1108404744450473406, -0.02867101149142507743 ) ) ;
#42 = DIRECTION ( 'NONE',  ( -1.000000000000000000, -0.0000000000000000000, 0.0000000000000000000 ) ) ;
#43 = EDGE_CURVE ( 'NONE', #580, #8377, #8370, .T. ) ;
#44 =( GEOMETRIC_REPRESENTATION_CONTEXT ( 3 ) GLOBAL_UNCERTAINTY_ASSIGNED_CONTEXT ( ( #3110 ) ) GLOBAL_UNIT_ASSIGNED_CONTEXT ( ( #1790, #7798, #3818 ) ) REPRESENTATION_CONTEXT ( 'NONE', 'WORKASPACE' ) );
#45 = CYLINDRICAL_SURFACE ( 'NONE', #5425, 0.04999999999999999584 ) ;
#46 = ORIENTED_EDGE ( 'NONE', *, *, #7751, .T. ) ;
#47 = FACE_OUTER_BOUND ( 'NONE', #172, .T. ) ;
#48 = DIRECTION ( 'NONE',  ( 8.673617379884039416E-16, 4.358843076831534536E-15, -1.000000000000000000 ) ) ;
#49 =( LENGTH_UNIT ( ) NAMED_UNIT ( * ) SI_UNIT ( .MILLI., .METRE. ) );
#50 = CARTESIAN_POINT ( 'NONE',  ( 0.1438727488146064326, -0.08715958801036637060, -0.02867101149142507743 ) ) ;
#51 = SURFACE_SIDE_STYLE ('',( #7110 ) ) ;
#52 = LINE ( 'NONE', #3514, #4324 ) ;
#53 = CARTESIAN_POINT ( 'NONE',  ( -0.07722420950645908500, -0.03384398356338350067, -0.02867101149142507743 ) ) ;
#54 = LINE ( 'NONE', #6943, #7425 ) ;
#55 = ORIENTED_EDGE ( 'NONE', *, *, #8018, .T. ) ;
#56 = MECHANICAL_DESIGN_GEOMETRIC_PRESENTATION_REPRESENTATION (  '', ( #2354 ), #3062 ) ;
#57 = CARTESIAN_POINT ( 'NONE',  ( 0.09449297777412428434, -0.009645567699954756338, -0.01867101149142461752 ) ) ;
#58 = PRESENTATION_LAYER_ASSIGNMENT (  '', '', ( #2616 ) ) ;
#59 = FILL_AREA_STYLE ('',( #7430 ) ) ;
#60 = ORIENTED_EDGE ( 'NONE', *, *, #1278, .T. ) ;
#61 = PLANE ( 'NONE',  #3054 ) ;
#62 = ORIENTED_EDGE ( 'NONE', *, *, #491, .T. ) ;
#63 = EDGE_LOOP ( 'NONE', ( #4245, #1093, #7661, #5553, #6998, #5390, #1325, #2025 ) ) ;
#64 = CARTESIAN_POINT ( 'NONE',  ( 0.1268227597660341044, -0.01774050521862629431, -0.02867101149142507743 ) ) ;
#65 = FILL_AREA_STYLE ('',( #3388 ) ) ;
#66 = DIRECTION ( 'NONE',  ( 0.0000000000000000000, 1.000000000000000000, 4.336808689942020103E-15 ) ) ;
#67 = FILL_AREA_STYLE ('',( #4049 ) ) ;
#68 = ADVANCED_FACE ( 'NONE', ( #8069 ), #7192, .F. ) ;
#69 = ORIENTED_EDGE ( 'NONE', *, *, #6953, .F. ) ;
#70 = AXIS2_PLACEMENT_3D ( 'NONE', #5820, #1131, #460 ) ;
#71 = ORIENTED_EDGE ( 'NONE', *, *, #5059, .T. ) ;
#72 = AXIS2_PLACEMENT_3D ( 'NONE', #3727, #2509, #3173 ) ;
#73 = CARTESIAN_POINT ( 'NONE',  ( 0.08628289040913993124, -0.09952297187162278957, -0.02867101149142507743 ) ) ;
#74 = VERTEX_POINT ( 'NONE', #4577 ) ;
#75 = CARTESIAN_POINT ( 'NONE',  ( 3.549999999999999822, -1.083471845651425181, -0.02867101149142854688 ) ) ;
#76 = SURFACE_STYLE_USAGE ( .BOTH. , #6721 ) ;
#77 = FACE_OUTER_BOUND ( 'NONE', #5154, .T. ) ;
#78 = LINE ( 'NONE', #4391, #6937 ) ;
#79 = CARTESIAN_POINT ( 'NONE',  ( -0.08007034935969851996, -0.1001597405641437011, -0.01867101149142505120 ) ) ;
#80 = FACE_OUTER_BOUND ( 'NONE', #3658, .T. ) ;
#81 =( NAMED_UNIT ( * ) SI_UNIT ( $, .STERADIAN. ) SOLID_ANGLE_UNIT ( ) );
#82 = FILL_AREA_STYLE ('',( #2699 ) ) ;
#83 = DIRECTION ( 'NONE',  ( -0.7339715204324520625, -2.371345156258378148E-15, 0.6791802464692819896 ) ) ;
#84 = CARTESIAN_POINT ( 'NONE',  ( -2.098518552703154683, -1.362761167532775097, 1.127033865392921719 ) ) ;
#85 = EDGE_CURVE ( 'NONE', #6822, #7876, #1754, .T. ) ;
#86 = CARTESIAN_POINT ( 'NONE',  ( 0.1327646527105388052, -0.1017463590574335247, -0.02867101149142507743 ) ) ;
#87 =( LENGTH_UNIT ( ) NAMED_UNIT ( * ) SI_UNIT ( .MILLI., .METRE. ) );
#88 = VERTEX_POINT ( 'NONE', #3914 ) ;
#89 = CIRCLE ( 'NONE', #390, 0.09999999999999982514 ) ;
#90 = STYLED_ITEM ( 'NONE', ( #6919 ), #2950 ) ;
#91 = SURFACE_SIDE_STYLE ('',( #2412 ) ) ;
#92 = DIRECTION ( 'NONE',  ( -0.0000000000000000000, 3.491481338843133750E-15, -1.000000000000000000 ) ) ;
#93 =( NAMED_UNIT ( * ) SI_UNIT ( $, .STERADIAN. ) SOLID_ANGLE_UNIT ( ) );
#94 = VERTEX_POINT ( 'NONE', #3228 ) ;
#95 = COLOUR_RGB ( '',0.7764705882352941346, 0.7568627450980391913, 0.7372549019607843590 ) ;
#96 = SURFACE_STYLE_USAGE ( .BOTH. , #122 ) ;
#97 = CARTESIAN_POINT ( 'NONE',  ( -0.04548148207381592228, -0.1108404744450473406, -0.02867101149142507743 ) ) ;
#98 = CARTESIAN_POINT ( 'NONE',  ( 0.1084688135285121480, -0.01045008183075852443, -0.01867101149142582836 ) ) ;
#99 = CARTESIAN_POINT ( 'NONE',  ( 0.07704879468110578666, -0.02545565232631727751, -0.02867101149142507743 ) ) ;
#100 =( GEOMETRIC_REPRESENTATION_CONTEXT ( 3 ) GLOBAL_UNCERTAINTY_ASSIGNED_CONTEXT ( ( #1052 ) ) GLOBAL_UNIT_ASSIGNED_CONTEXT ( ( #6054, #6755, #6698 ) ) REPRESENTATION_CONTEXT ( 'NONE', 'WORKASPACE' ) );
#101 = DIRECTION ( 'NONE',  ( 0.3222024856061127540, -0.9466707760722534726, -3.305283348684419555E-15 ) ) ;
#102 = VERTEX_POINT ( 'NONE', #4793 ) ;
#103 = VECTOR ( 'NONE', #3958, 1000.000000000000000 ) ;
#104 = DIRECTION ( 'NONE',  ( 0.0000000000000000000, -1.000000000000000000, -3.491481338843133355E-15 ) ) ;
#105 = CARTESIAN_POINT ( 'NONE',  ( 2.549999999999998046, 0.6865281543485712845, 0.7213289885085777398 ) ) ;
#106 = CARTESIAN_POINT ( 'NONE',  ( -1.803784506222428030, 1.186528154348561737, 3.521328988508579894 ) ) ;
#107 = SURFACE_STYLE_FILL_AREA ( #7125 ) ;
#108 = CARTESIAN_POINT ( 'NONE',  ( -2.148518552703154949, -1.333471845651435617, 2.731321192064204872 ) ) ;
#109 = DIRECTION ( 'NONE',  ( 0.0000000000000000000, -1.000000000000000000, -3.491481338843133355E-15 ) ) ;
#110 = DIRECTION ( 'NONE',  ( 1.000000000000000000, 0.0000000000000000000, 0.0000000000000000000 ) ) ;
#111 = ORIENTED_EDGE ( 'NONE', *, *, #7198, .T. ) ;
#112 = EDGE_CURVE ( 'NONE', #3143, #4226, #2262, .T. ) ;
#113 = CARTESIAN_POINT ( 'NONE',  ( 0.07533109480856105267, -0.1061754725827682988, -0.02867101149142507743 ) ) ;
#114 = CARTESIAN_POINT ( 'NONE',  ( 0.08342524190655641048, -0.1096166941145463175, -0.02867101149142507743 ) ) ;
#115 = ORIENTED_EDGE ( 'NONE', *, *, #635, .F. ) ;
#116 = LINE ( 'NONE', #1236, #8011 ) ;
#117 = CARTESIAN_POINT ( 'NONE',  ( -3.500000000000000444, -1.283471845651425802, -0.02867101149142898056 ) ) ;
#118 = ADVANCED_FACE ( 'NONE', ( #167 ), #2454, .T. ) ;
#119 = DIRECTION ( 'NONE',  ( 0.0000000000000000000, 1.000000000000000000, 3.491481338843133355E-15 ) ) ;
#120 = DIRECTION ( 'NONE',  ( 0.9406672605435407730, -0.3393303772748771929, -1.184765679957833718E-15 ) ) ;
#121 = CARTESIAN_POINT ( 'NONE',  ( -0.09793096656189037574, -0.04905765402574081835, -0.02867101149142507743 ) ) ;
#122 = SURFACE_SIDE_STYLE ('',( #2830 ) ) ;
#123 = PLANE ( 'NONE',  #4258 ) ;
#124 = ORIENTED_EDGE ( 'NONE', *, *, #3500, .T. ) ;
#125 = DIRECTION ( 'NONE',  ( -1.000000000000000000, 0.0000000000000000000, 3.614007241618348771E-16 ) ) ;
#126 = SURFACE_STYLE_FILL_AREA ( #6917 ) ;
#127 = EDGE_LOOP ( 'NONE', ( #4741, #4452, #8388 ) ) ;
#128 = FILL_AREA_STYLE_COLOUR ( '', #4533 ) ;
#129 = CARTESIAN_POINT ( 'NONE',  ( 0.08853447881249149054, -0.02144984284120527232, -0.01867101149142505120 ) ) ;
#130 = SURFACE_STYLE_USAGE ( .BOTH. , #8042 ) ;
#131 = EDGE_LOOP ( 'NONE', ( #8476, #3480, #3000, #3773, #2526, #8097, #7573, #2717, #7673, #1740, #2502, #7553, #4360, #2349 ) ) ;
#132 = DIRECTION ( 'NONE',  ( 0.0000000000000000000, 1.000000000000000000, 3.491481338843133750E-15 ) ) ;
#133 = DIRECTION ( 'NONE',  ( 0.0000000000000000000, -1.000000000000000000, -3.491481338843133355E-15 ) ) ;
#134 = EDGE_CURVE ( 'NONE', #3907, #2574, #4005, .T. ) ;
#135 = DIRECTION ( 'NONE',  ( -2.744815626545581052E-16, -1.000000000000000000, -3.491481338843133355E-15 ) ) ;
#136 = ORIENTED_EDGE ( 'NONE', *, *, #7037, .T. ) ;
#137 = STYLED_ITEM ( 'NONE', ( #442 ), #2145 ) ;
#138 = FILL_AREA_STYLE_COLOUR ( '', #745 ) ;
#139 = FACE_OUTER_BOUND ( 'NONE', #5984, .T. ) ;
#140 = COLOUR_RGB ( '',0.1098039215686274495, 0.1098039215686274495, 0.1098039215686274495 ) ;
#141 = ORIENTED_EDGE ( 'NONE', *, *, #4985, .T. ) ;
#142 = DIRECTION ( 'NONE',  ( 5.102127870520024926E-16, -3.491481338843133355E-15, 1.000000000000000000 ) ) ;
#143 =( NAMED_UNIT ( * ) PLANE_ANGLE_UNIT ( ) SI_UNIT ( $, .RADIAN. ) );
#144 = UNCERTAINTY_MEASURE_WITH_UNIT (LENGTH_MEASURE( 1.000000000000000082E-05 ), #8118, 'distance_accuracy_value', 'NONE');
#145 = CARTESIAN_POINT ( 'NONE',  ( 0.1256678823961092095, -0.09052181339387946335, -0.01867101149142505120 ) ) ;
#146 = EDGE_CURVE ( 'NONE', #6563, #328, #5349, .T. ) ;
#147 = PRESENTATION_LAYER_ASSIGNMENT (  '', '', ( #6377 ) ) ;
#148 = ORIENTED_EDGE ( 'NONE', *, *, #3662, .T. ) ;
#149 = SURFACE_STYLE_FILL_AREA ( #2503 ) ;
#150 = ORIENTED_EDGE ( 'NONE', *, *, #974, .F. ) ;
#151 = DIRECTION ( 'NONE',  ( 0.0000000000000000000, 1.000000000000000000, 3.491481338843133355E-15 ) ) ;
#152 = CARTESIAN_POINT ( 'NONE',  ( 0.1486536774032898300, -0.05697389230473474953, -0.02867101149142507743 ) ) ;
#153 = CARTESIAN_POINT ( 'NONE',  ( -0.1060950491469866142, -0.1108404744450473406, -0.02867101149142507743 ) ) ;
#154 = CARTESIAN_POINT ( 'NONE',  ( -0.09512910809910800347, -0.08052097921487925969, -0.01867101149142505120 ) ) ;
#155 = FACE_OUTER_BOUND ( 'NONE', #945, .T. ) ;
#156 = ADVANCED_FACE ( 'NONE', ( #3169 ), #2731, .T. ) ;
#157 = SURFACE_STYLE_FILL_AREA ( #1053 ) ;
#158 = ORIENTED_EDGE ( 'NONE', *, *, #2636, .F. ) ;
#159 = EDGE_LOOP ( 'NONE', ( #4962, #1732, #7417, #5064 ) ) ;
#160 = FILL_AREA_STYLE_COLOUR ( '', #5790 ) ;
#161 = PLANE ( 'NONE',  #29 ) ;
#162 = CARTESIAN_POINT ( 'NONE',  ( 0.003661048413988954309, -0.01084047444504729341, -0.02867101149142507743 ) ) ;
#163 = EDGE_CURVE ( 'NONE', #3901, #8542, #4410, .T. ) ;
#164 = AXIS2_PLACEMENT_3D ( 'NONE', #213, #4876, #8216 ) ;
#165 = CARTESIAN_POINT ( 'NONE',  ( 1.803784506222427808, 0.6865281543485639570, 2.921328988508577584 ) ) ;
#166 = STYLED_ITEM ( 'NONE', ( #6747 ), #4732 ) ;
#167 = FACE_OUTER_BOUND ( 'NONE', #8070, .T. ) ;
#168 = CARTESIAN_POINT ( 'NONE',  ( -0.1963389515860108347, -0.1108404744450475488, -0.01867101149142505120 ) ) ;
#169 = VERTEX_POINT ( 'NONE', #170 ) ;
#170 = CARTESIAN_POINT ( 'NONE',  ( 1.149999999999999689, -0.1834718456514231877, -0.8286710114914258574 ) ) ;
#171 =( LENGTH_UNIT ( ) NAMED_UNIT ( * ) SI_UNIT ( .MILLI., .METRE. ) );
#172 = EDGE_LOOP ( 'NONE', ( #7838, #2988, #71, #4625 ) ) ;
#173 = SURFACE_STYLE_USAGE ( .BOTH. , #4130 ) ;
#174 = EDGE_LOOP ( 'NONE', ( #7730, #589, #1915, #482 ) ) ;
#175 = STYLED_ITEM ( 'NONE', ( #4256 ), #851 ) ;
#176 = CARTESIAN_POINT ( 'NONE',  ( -2.699999999999999734, -1.083471845651426513, 0.1213289885085715447 ) ) ;
#177 = EDGE_LOOP ( 'NONE', ( #3603, #6493, #694, #5190, #3400, #2935 ) ) ;
#178 = MECHANICAL_DESIGN_GEOMETRIC_PRESENTATION_REPRESENTATION (  '', ( #3177 ), #956 ) ;
#179 = LINE ( 'NONE', #731, #4135 ) ;
#180 = CARTESIAN_POINT ( 'NONE',  ( -3.500000000000000888, -1.283471845651437571, 3.321328988508570834 ) ) ;
#181 = LINE ( 'NONE', #3343, #7035 ) ;
#182 = CARTESIAN_POINT ( 'NONE',  ( -7.293723705811574028E-16, -1.283471845651425802, -0.02867101149142941424 ) ) ;
#183 = CARTESIAN_POINT ( 'NONE',  ( 0.09675598788207109835, -0.02061252606565689566, -0.02867101149142507743 ) ) ;
#184 = ORIENTED_EDGE ( 'NONE', *, *, #8073, .T. ) ;
#185 = AXIS2_PLACEMENT_3D ( 'NONE', #6394, #5461, #4671 ) ;
#186 = DIRECTION ( 'NONE',  ( 0.0000000000000000000, 1.000000000000000000, 4.336808689942025625E-15 ) ) ;
#187 = DIRECTION ( 'NONE',  ( -0.0000000000000000000, 4.304632968207263259E-15, -1.000000000000000000 ) ) ;
#188 = DIRECTION ( 'NONE',  ( 1.355252715606880543E-16, 3.491481338843133355E-15, -1.000000000000000000 ) ) ;
#189 = SURFACE_STYLE_USAGE ( .BOTH. , #7915 ) ;
#190 = CARTESIAN_POINT ( 'NONE',  ( -3.299999999999998934, 1.186528154348561737, 3.521328988508579894 ) ) ;
#191 = ORIENTED_EDGE ( 'NONE', *, *, #5672, .F. ) ;
#192 = DIRECTION ( 'NONE',  ( 1.000000000000000000, -2.744815626545565767E-16, -4.336808689942027104E-16 ) ) ;
#193 = FACE_OUTER_BOUND ( 'NONE', #5252, .T. ) ;
#194 = EDGE_CURVE ( 'NONE', #7340, #581, #6074, .T. ) ;
#195 = LINE ( 'NONE', #6902, #6421 ) ;
#196 = CARTESIAN_POINT ( 'NONE',  ( -0.09873779258477306808, -0.06147168503963960917, -0.02867101149142507743 ) ) ;
#197 =( GEOMETRIC_REPRESENTATION_CONTEXT ( 3 ) GLOBAL_UNCERTAINTY_ASSIGNED_CONTEXT ( ( #356 ) ) GLOBAL_UNIT_ASSIGNED_CONTEXT ( ( #3675, #5847, #3217 ) ) REPRESENTATION_CONTEXT ( 'NONE', 'WORKASPACE' ) );
#198 = EDGE_LOOP ( 'NONE', ( #8054, #7468, #1433, #4305 ) ) ;
#199 = DIRECTION ( 'NONE',  ( 1.000000000000000000, 0.0000000000000000000, 0.0000000000000000000 ) ) ;
#200 = ADVANCED_FACE ( 'NONE', ( #155 ), #4397, .F. ) ;
#201 = VECTOR ( 'NONE', #7667, 1000.000000000000000 ) ;
#202 = B_SPLINE_CURVE_WITH_KNOTS ( 'NONE', 3,
 ( #6626, #3967, #2659, #8060, #5281, #5919, #668 ),
 .UNSPECIFIED., .F., .F.,
 ( 4, 1, 1, 1, 4 ),
 ( 0.0000000000000000000, 0.1744817153170450941, 0.3982857591281150356, 0.6738978473986464435, 1.000000000000000000 ),
 .UNSPECIFIED. ) ;
#203 = CARTESIAN_POINT ( 'NONE',  ( -0.04651044548845006954, -0.01084047444504729341, -0.02867101149142507743 ) ) ;
#204 = PRESENTATION_STYLE_ASSIGNMENT (( #5729 ) ) ;
#205 = CARTESIAN_POINT ( 'NONE',  ( 0.1353683654871594977, -0.06190754761577926119, -0.01867101149142505120 ) ) ;
#206 =( NAMED_UNIT ( * ) PLANE_ANGLE_UNIT ( ) SI_UNIT ( $, .RADIAN. ) );
#207 = VERTEX_POINT ( 'NONE', #4824 ) ;
#208 =( NAMED_UNIT ( * ) SI_UNIT ( $, .STERADIAN. ) SOLID_ANGLE_UNIT ( ) );
#209 = CARTESIAN_POINT ( 'NONE',  ( 0.1951244630481353548, -0.01084047444504729341, -0.02867101149142507743 ) ) ;
#210 = AXIS2_PLACEMENT_3D ( 'NONE', #4989, #6293, #2987 ) ;
#211 = EDGE_CURVE ( 'NONE', #8607, #2780, #6581, .T. ) ;
#212 = VECTOR ( 'NONE', #333, 1000.000000000000000 ) ;
#213 = CARTESIAN_POINT ( 'NONE',  ( 1.400000000000000133, -2.213471845651430403, 1.246328988508567548 ) ) ;
#214 =( LENGTH_UNIT ( ) NAMED_UNIT ( * ) SI_UNIT ( .MILLI., .METRE. ) );
#215 = CARTESIAN_POINT ( 'NONE',  ( 0.07982953784248580931, -0.02417127338370773232, -0.02867101149142507743 ) ) ;
#216 = DIRECTION ( 'NONE',  ( 0.0000000000000000000, 1.000000000000000000, 4.336808689942025625E-15 ) ) ;
#217 = PLANE ( 'NONE',  #3174 ) ;
#218 =( NAMED_UNIT ( * ) PLANE_ANGLE_UNIT ( ) SI_UNIT ( $, .RADIAN. ) );
#219 = AXIS2_PLACEMENT_3D ( 'NONE', #6226, #2923, #6261 ) ;
#220 =( NAMED_UNIT ( * ) SI_UNIT ( $, .STERADIAN. ) SOLID_ANGLE_UNIT ( ) );
#221 = CARTESIAN_POINT ( 'NONE',  ( -0.09793258815309854870, -0.07057632915885443670, -0.01867101149142528019 ) ) ;
#222 = PRESENTATION_LAYER_ASSIGNMENT (  '', '', ( #5724 ) ) ;
#223 = CARTESIAN_POINT ( 'NONE',  ( -0.04787720965909820353, -0.02184538177238382756, -0.01867101149142505120 ) ) ;
#224 = CARTESIAN_POINT ( 'NONE',  ( 3.549999999999999822, -1.283471845651425136, -0.02867101149142941424 ) ) ;
#225 = DIRECTION ( 'NONE',  ( 0.0000000000000000000, -1.000000000000000000, -3.491481338843133355E-15 ) ) ;
#226 = COLOUR_RGB ( '',0.1098039215686274495, 0.1098039215686274495, 0.1098039215686274495 ) ;
#227 = FILL_AREA_STYLE ('',( #6150 ) ) ;
#228 = ORIENTED_EDGE ( 'NONE', *, *, #7600, .T. ) ;
#229 = DIRECTION ( 'NONE',  ( 0.0000000000000000000, 1.000000000000000000, 3.491481338843133750E-15 ) ) ;
#230 = VECTOR ( 'NONE', #2727, 1000.000000000000000 ) ;
#231 = CARTESIAN_POINT ( 'NONE',  ( 0.1057047834555349397, -0.02124601077639078767, -0.01867101149142505120 ) ) ;
#232 = CARTESIAN_POINT ( 'NONE',  ( 3.499999999999999112, -1.283471845651437571, 3.321328988508570834 ) ) ;
#233 = AXIS2_PLACEMENT_3D ( 'NONE', #7261, #4073, #6100 ) ;
#234 = CARTESIAN_POINT ( 'NONE',  ( 0.07439275573106213235, -0.01358437688407177282, -0.02867101149142507743 ) ) ;
#235 = DIRECTION ( 'NONE',  ( 1.000000000000000000, 0.0000000000000000000, -0.0000000000000000000 ) ) ;
#236 = AXIS2_PLACEMENT_3D ( 'NONE', #3992, #4752, #5353 ) ;
#237 =( LENGTH_UNIT ( ) NAMED_UNIT ( * ) SI_UNIT ( .MILLI., .METRE. ) );
#238 = EDGE_LOOP ( 'NONE', ( #141, #5911, #7320, #1479 ) ) ;
#239 = UNCERTAINTY_MEASURE_WITH_UNIT (LENGTH_MEASURE( 1.000000000000000082E-05 ), #3942, 'distance_accuracy_value', 'NONE');
#240 = CARTESIAN_POINT ( 'NONE',  ( 0.1432532846799481063, -0.03644305402520416765, -0.02867101149142507743 ) ) ;
#241 = PRESENTATION_STYLE_ASSIGNMENT (( #6437 ) ) ;
#242 = ADVANCED_FACE ( 'NONE', ( #2860 ), #1702, .F. ) ;
#243 =( NAMED_UNIT ( * ) SI_UNIT ( $, .STERADIAN. ) SOLID_ANGLE_UNIT ( ) );
#244 = DIRECTION ( 'NONE',  ( -1.000000000000000000, -0.0000000000000000000, 0.0000000000000000000 ) ) ;
#245 = CARTESIAN_POINT ( 'NONE',  ( 2.998179295342849215, -1.333471845651435617, 2.731321192064204872 ) ) ;
#246 = CARTESIAN_POINT ( 'NONE',  ( 0.07439275573106213235, -0.02699901103041311978, -0.02867101149142507743 ) ) ;
#247 = EDGE_CURVE ( 'NONE', #3453, #7340, #4257, .T. ) ;
#248 = CARTESIAN_POINT ( 'NONE',  ( -0.06596646539415285115, -0.09582482243794525345, -0.01867101149142505120 ) ) ;
#249 = EDGE_LOOP ( 'NONE', ( #4849, #2142 ) ) ;
#250 = PLANE ( 'NONE',  #5116 ) ;
#251 = ORIENTED_EDGE ( 'NONE', *, *, #5388, .T. ) ;
#252 = CARTESIAN_POINT ( 'NONE',  ( 1.400000000000000133, -2.213471845651430403, 1.246328988508567548 ) ) ;
#253 = PRESENTATION_LAYER_ASSIGNMENT (  '', '', ( #6635 ) ) ;
#254 = DIRECTION ( 'NONE',  ( 1.734723475976807094E-14, 4.336808689942017736E-15, -1.000000000000000000 ) ) ;
#255 = DIRECTION ( 'NONE',  ( 0.0000000000000000000, -1.000000000000000000, -3.491481338843133355E-15 ) ) ;
#256 = CARTESIAN_POINT ( 'NONE',  ( 2.998179295342849215, -1.333471845651435617, 2.731321192064204872 ) ) ;
#257 = SURFACE_SIDE_STYLE ('',( #8347 ) ) ;
#258 = DIRECTION ( 'NONE',  ( -0.0000000000000000000, 1.000000000000000000, 3.491481338843133355E-15 ) ) ;
#259 = ORIENTED_EDGE ( 'NONE', *, *, #1036, .T. ) ;
#260 = DIRECTION ( 'NONE',  ( 0.0000000000000000000, -3.491481338843133355E-15, 1.000000000000000000 ) ) ;
#261 = DIRECTION ( 'NONE',  ( 0.0000000000000000000, -1.000000000000000000, -3.489775742687718975E-15 ) ) ;
#262 = EDGE_LOOP ( 'NONE', ( #2103, #2855, #1116, #6716, #1992, #3090 ) ) ;
#263 =( GEOMETRIC_REPRESENTATION_CONTEXT ( 3 ) GLOBAL_UNCERTAINTY_ASSIGNED_CONTEXT ( ( #7217 ) ) GLOBAL_UNIT_ASSIGNED_CONTEXT ( ( #343, #7776, #5733 ) ) REPRESENTATION_CONTEXT ( 'NONE', 'WORKASPACE' ) );
#264 = COLOUR_RGB ( '',0.7764705882352941346, 0.7568627450980391913, 0.7372549019607843590 ) ;
#265 = EDGE_LOOP ( 'NONE', ( #2595, #4006, #2468, #5082 ) ) ;
#266 = DIRECTION ( 'NONE',  ( 0.0000000000000000000, 3.523657060577890199E-15, -1.000000000000000000 ) ) ;
#267 = CARTESIAN_POINT ( 'NONE',  ( 0.1479786965297628099, -0.05140538459981209424, -0.02867101149142507743 ) ) ;
#268 = ORIENTED_EDGE ( 'NONE', *, *, #3252, .F. ) ;
#269 = LINE ( 'NONE', #6615, #1211 ) ;
#270 = ORIENTED_EDGE ( 'NONE', *, *, #1499, .T. ) ;
#271 = FILL_AREA_STYLE ('',( #4747 ) ) ;
#272 = VECTOR ( 'NONE', #7527, 1000.000000000000000 ) ;
#273 = DIRECTION ( 'NONE',  ( 1.000000000000000000, 3.491481338843132961E-15, 1.294569758191769182E-16 ) ) ;
#274 = ORIENTED_EDGE ( 'NONE', *, *, #2686, .T. ) ;
#275 = ORIENTED_EDGE ( 'NONE', *, *, #6270, .T. ) ;
#276 = SURFACE_SIDE_STYLE ('',( #2032 ) ) ;
#277 = CARTESIAN_POINT ( 'NONE',  ( 0.1353405898621502512, -0.06336967148584128628, -0.02867101149142507743 ) ) ;
#278 = EDGE_CURVE ( 'NONE', #5764, #808, #1535, .T. ) ;
#279 = PRESENTATION_LAYER_ASSIGNMENT (  '', '', ( #8020 ) ) ;
#280 = DIRECTION ( 'NONE',  ( 4.336808689942017736E-16, -3.491481338843133355E-15, 1.000000000000000000 ) ) ;
#281 = MECHANICAL_DESIGN_GEOMETRIC_PRESENTATION_REPRESENTATION (  '', ( #166 ), #891 ) ;
#282 = CARTESIAN_POINT ( 'NONE',  ( 3.450000000000000622, -1.283471845651435572, 2.746076259633627004 ) ) ;
#283 = ORIENTED_EDGE ( 'NONE', *, *, #1968, .T. ) ;
#284 = CARTESIAN_POINT ( 'NONE',  ( -0.07594281625977920835, -0.1030524002363112923, -0.02867101149142507743 ) ) ;
#285 = VERTEX_POINT ( 'NONE', #5597 ) ;
#286 = SURFACE_STYLE_FILL_AREA ( #2458 ) ;
#287 = VECTOR ( 'NONE', #2183, 1000.000000000000000 ) ;
#288 = ADVANCED_FACE ( 'NONE', ( #1091 ), #3096, .F. ) ;
#289 = PLANE ( 'NONE',  #1878 ) ;
#290 = PRESENTATION_LAYER_ASSIGNMENT (  '', '', ( #559 ) ) ;
#291 = LINE ( 'NONE', #1267, #6838 ) ;
#292 = DIRECTION ( 'NONE',  ( -1.000000000000000000, 0.0000000000000000000, 0.0000000000000000000 ) ) ;
#293 = MECHANICAL_DESIGN_GEOMETRIC_PRESENTATION_REPRESENTATION (  '', ( #4921 ), #3244 ) ;
#294 = VERTEX_POINT ( 'NONE', #4428 ) ;
#295 = COLOUR_RGB ( '',1.000000000000000000, 1.000000000000000000, 1.000000000000000000 ) ;
#296 = CARTESIAN_POINT ( 'NONE',  ( 0.1162327094089008056, -0.02489098387735335510, -0.01867101149142505120 ) ) ;
#297 = DIRECTION ( 'NONE',  ( 0.0000000000000000000, 3.491481338843133355E-15, -1.000000000000000000 ) ) ;
#298 = EDGE_CURVE ( 'NONE', #7230, #5827, #7315, .T. ) ;
#299 = CARTESIAN_POINT ( 'NONE',  ( -3.499999999999999556, -1.083471845651437615, 3.321328988508572166 ) ) ;
#300 = EDGE_CURVE ( 'NONE', #1037, #4148, #993, .T. ) ;
#301 = ORIENTED_EDGE ( 'NONE', *, *, #3538, .T. ) ;
#302 = LINE ( 'NONE', #2660, #7155 ) ;
#303 = MECHANICAL_DESIGN_GEOMETRIC_PRESENTATION_REPRESENTATION (  '', ( #5642 ), #1672 ) ;
#304 = DIRECTION ( 'NONE',  ( -1.000000000000000000, 0.0000000000000000000, 0.0000000000000000000 ) ) ;
#305 = SURFACE_STYLE_USAGE ( .BOTH. , #1583 ) ;
#306 =( NAMED_UNIT ( * ) SI_UNIT ( $, .STERADIAN. ) SOLID_ANGLE_UNIT ( ) );
#307 = DIRECTION ( 'NONE',  ( 0.0000000000000000000, 4.304632968207263259E-15, -1.000000000000000000 ) ) ;
#308 =( LENGTH_UNIT ( ) NAMED_UNIT ( * ) SI_UNIT ( .MILLI., .METRE. ) );
#309 = ORIENTED_EDGE ( 'NONE', *, *, #426, .F. ) ;
#310 = VECTOR ( 'NONE', #6243, 1000.000000000000000 ) ;
#311 = PLANE ( 'NONE',  #1621 ) ;
#312 = EDGE_CURVE ( 'NONE', #6636, #1341, #5038, .T. ) ;
#313 =( GEOMETRIC_REPRESENTATION_CONTEXT ( 3 ) GLOBAL_UNCERTAINTY_ASSIGNED_CONTEXT ( ( #7487 ) ) GLOBAL_UNIT_ASSIGNED_CONTEXT ( ( #5340, #2149, #6769 ) ) REPRESENTATION_CONTEXT ( 'NONE', 'WORKASPACE' ) );
#314 = VECTOR ( 'NONE', #5465, 1000.000000000000000 ) ;
#315 = ORIENTED_EDGE ( 'NONE', *, *, #7324, .T. ) ;
#316 =( NAMED_UNIT ( * ) PLANE_ANGLE_UNIT ( ) SI_UNIT ( $, .RADIAN. ) );
#317 =( NAMED_UNIT ( * ) PLANE_ANGLE_UNIT ( ) SI_UNIT ( $, .RADIAN. ) );
#318 = CARTESIAN_POINT ( 'NONE',  ( -3.499999999999999556, 0.6865281543485639570, 2.921328988508578473 ) ) ;
#319 = CARTESIAN_POINT ( 'NONE',  ( 0.1291588774609376267, -0.1045191384941319274, -0.01867101149142505120 ) ) ;
#320 = ORIENTED_EDGE ( 'NONE', *, *, #4748, .F. ) ;
#321 = CARTESIAN_POINT ( 'NONE',  ( 0.003661048413988954309, -0.01084047444504729341, -0.02867101149142507743 ) ) ;
#322 = VECTOR ( 'NONE', #4092, 1000.000000000000000 ) ;
#323 = EDGE_CURVE ( 'NONE', #1085, #5793, #4509, .T. ) ;
#324 = CARTESIAN_POINT ( 'NONE',  ( 0.1468583230632884706, -0.04613078164007310827, -0.02867101149142507743 ) ) ;
#325 = AXIS2_PLACEMENT_3D ( 'NONE', #1274, #3964, #1957 ) ;
#326 = ADVANCED_FACE ( 'NONE', ( #4218, #5969, #5660, #2450, #4842, #365, #7529, #7846 ), #8380, .F. ) ;
#327 = FACE_OUTER_BOUND ( 'NONE', #5735, .T. ) ;
#328 = VERTEX_POINT ( 'NONE', #5095 ) ;
#329 = FILL_AREA_STYLE_COLOUR ( '', #8031 ) ;
#330 = LINE ( 'NONE', #658, #3138 ) ;
#331 = CARTESIAN_POINT ( 'NONE',  ( -3.300000000000000711, -1.083471845651438281, 3.521328988508571012 ) ) ;
#332 = CARTESIAN_POINT ( 'NONE',  ( 2.422348207309731549, -1.083471845651426291, 0.07132898850857127826 ) ) ;
#333 = DIRECTION ( 'NONE',  ( 0.0000000000000000000, 1.000000000000000000, 3.491481338843133355E-15 ) ) ;
#334 = SURFACE_STYLE_FILL_AREA ( #3305 ) ;
#335 = VECTOR ( 'NONE', #4106, 1000.000000000000000 ) ;
#336 = EDGE_LOOP ( 'NONE', ( #4961, #6828, #2712, #4050 ) ) ;
#337 =( NAMED_UNIT ( * ) PLANE_ANGLE_UNIT ( ) SI_UNIT ( $, .RADIAN. ) );
#338 = CARTESIAN_POINT ( 'NONE',  ( -0.1490518916392067073, -0.02860974612264172157, -0.02867101149142507743 ) ) ;
#339 =( NAMED_UNIT ( * ) PLANE_ANGLE_UNIT ( ) SI_UNIT ( $, .RADIAN. ) );
#340 = EDGE_LOOP ( 'NONE', ( #6470, #2771, #8301, #4235 ) ) ;
#341 = FILL_AREA_STYLE ('',( #374 ) ) ;
#342 = SURFACE_STYLE_FILL_AREA ( #5517 ) ;
#343 =( LENGTH_UNIT ( ) NAMED_UNIT ( * ) SI_UNIT ( .MILLI., .METRE. ) );
#344 = SURFACE_STYLE_FILL_AREA ( #4206 ) ;
#345 = ORIENTED_EDGE ( 'NONE', *, *, #4310, .T. ) ;
#346 = PLANE ( 'NONE',  #16 ) ;
#347 = ORIENTED_EDGE ( 'NONE', *, *, #3771, .T. ) ;
#348 = COLOUR_RGB ( '',0.7764705882352941346, 0.7568627450980391913, 0.7372549019607843590 ) ;
#349 = AXIS2_PLACEMENT_3D ( 'NONE', #4314, #4359, #304 ) ;
#350 =( NAMED_UNIT ( * ) PLANE_ANGLE_UNIT ( ) SI_UNIT ( $, .RADIAN. ) );
#351 = SURFACE_STYLE_FILL_AREA ( #7322 ) ;
#352 = ORIENTED_EDGE ( 'NONE', *, *, #6082, .T. ) ;
#353 = VECTOR ( 'NONE', #7104, 1000.000000000000000 ) ;
#354 = EDGE_LOOP ( 'NONE', ( #1175, #1637, #7432, #2440 ) ) ;
#355 = CARTESIAN_POINT ( 'NONE',  ( -0.04548148207381592228, -0.1108404744450473406, -0.02867101149142507743 ) ) ;
#356 = UNCERTAINTY_MEASURE_WITH_UNIT (LENGTH_MEASURE( 1.000000000000000082E-05 ), #3675, 'distance_accuracy_value', 'NONE');
#357 = UNCERTAINTY_MEASURE_WITH_UNIT (LENGTH_MEASURE( 1.000000000000000082E-05 ), #1789, 'distance_accuracy_value', 'NONE');
#358 = CARTESIAN_POINT ( 'NONE',  ( 3.849999999999998757, -1.283471845651438459, 0.4713289885085710229 ) ) ;
#359 = FILL_AREA_STYLE ('',( #3669 ) ) ;
#360 = EDGE_CURVE ( 'NONE', #1194, #3137, #833, .T. ) ;
#361 = CARTESIAN_POINT ( 'NONE',  ( -0.08396814814954640938, -0.07284500578181710151, -0.01867101149142505120 ) ) ;
#362 =( NAMED_UNIT ( * ) PLANE_ANGLE_UNIT ( ) SI_UNIT ( $, .RADIAN. ) );
#363 = AXIS2_PLACEMENT_3D ( 'NONE', #1342, #5966, #5324 ) ;
#364 = SURFACE_STYLE_FILL_AREA ( #2253 ) ;
#365 = FACE_OUTER_BOUND ( 'NONE', #7461, .T. ) ;
#366 = SURFACE_STYLE_USAGE ( .BOTH. , #7627 ) ;
#367 = LINE ( 'NONE', #5609, #8568 ) ;
#368 = EDGE_LOOP ( 'NONE', ( #1222, #662, #7024, #8342 ) ) ;
#369 = FILL_AREA_STYLE_COLOUR ( '', #1835 ) ;
#370 = CARTESIAN_POINT ( 'NONE',  ( 0.07722138216580494430, -0.1072188342422985829, -0.01867101149142505120 ) ) ;
#371 = ADVANCED_FACE ( 'NONE', ( #193 ), #3962, .T. ) ;
#372 = COLOUR_RGB ( '',1.000000000000000000, 1.000000000000000000, 1.000000000000000000 ) ;
#373 = ORIENTED_EDGE ( 'NONE', *, *, #4095, .T. ) ;
#374 = FILL_AREA_STYLE_COLOUR ( '', #3116 ) ;
#375 =( LENGTH_UNIT ( ) NAMED_UNIT ( * ) SI_UNIT ( .MILLI., .METRE. ) );
#376 = DIRECTION ( 'NONE',  ( 2.891205793294681383E-15, 1.000000000000000000, 3.491481338843133355E-15 ) ) ;
#377 = ORIENTED_EDGE ( 'NONE', *, *, #7482, .T. ) ;
#378 =( GEOMETRIC_REPRESENTATION_CONTEXT ( 3 ) GLOBAL_UNCERTAINTY_ASSIGNED_CONTEXT ( ( #2238 ) ) GLOBAL_UNIT_ASSIGNED_CONTEXT ( ( #3756, #1837, #1210 ) ) REPRESENTATION_CONTEXT ( 'NONE', 'WORKASPACE' ) );
#379 = EDGE_CURVE ( 'NONE', #4443, #1944, #89, .T. ) ;
#380 = CARTESIAN_POINT ( 'NONE',  ( 0.1480571467189090717, -0.07325897798202857247, -0.01867101149142505120 ) ) ;
#381 = ORIENTED_EDGE ( 'NONE', *, *, #5103, .T. ) ;
#382 = ORIENTED_EDGE ( 'NONE', *, *, #2555, .F. ) ;
#383 = CARTESIAN_POINT ( 'NONE',  ( -0.1501689820738158765, -0.02303559639626681643, -0.02867101149142507743 ) ) ;
#384 = VERTEX_POINT ( 'NONE', #6779 ) ;
#385 = VECTOR ( 'NONE', #7115, 1000.000000000000000 ) ;
#386 = VECTOR ( 'NONE', #5471, 1000.000000000000000 ) ;
#387 = CARTESIAN_POINT ( 'NONE',  ( -1.600000000000000311, 0.6865281543485739491, -0.02867101149142160799 ) ) ;
#388 = FILL_AREA_STYLE ('',( #5005 ) ) ;
#389 = CARTESIAN_POINT ( 'NONE',  ( 3.500000000000000888, -1.083471845651435617, 2.796076259633627714 ) ) ;
#390 = AXIS2_PLACEMENT_3D ( 'NONE', #7500, #6166, #186 ) ;
#391 = EDGE_LOOP ( 'NONE', ( #449, #4514, #7123, #5033 ) ) ;
#392 = ORIENTED_EDGE ( 'NONE', *, *, #6512, .T. ) ;
#393 = SURFACE_STYLE_USAGE ( .BOTH. , #4365 ) ;
#394 = AXIS2_PLACEMENT_3D ( 'NONE', #7505, #3511, #216 ) ;
#395 = CYLINDRICAL_SURFACE ( 'NONE', #7175, 0.04999999999999991257 ) ;
#396 =( NAMED_UNIT ( * ) SI_UNIT ( $, .STERADIAN. ) SOLID_ANGLE_UNIT ( ) );
#397 = VECTOR ( 'NONE', #2020, 1000.000000000000000 ) ;
#398 = COLOUR_RGB ( '',1.000000000000000000, 1.000000000000000000, 1.000000000000000000 ) ;
#399 = DIRECTION ( 'NONE',  ( 0.0000000000000000000, -1.000000000000000000, -3.491481338843133355E-15 ) ) ;
#400 = ORIENTED_EDGE ( 'NONE', *, *, #2505, .T. ) ;
#401 =( NAMED_UNIT ( * ) PLANE_ANGLE_UNIT ( ) SI_UNIT ( $, .RADIAN. ) );
#402 = PRESENTATION_STYLE_ASSIGNMENT (( #6589 ) ) ;
#403 = COLOUR_RGB ( '',0.7764705882352941346, 0.7568627450980391913, 0.7372549019607843590 ) ;
#404 = CARTESIAN_POINT ( 'NONE',  ( 1.825000000000000400, 1.476528154348572874, 0.1713289885085793607 ) ) ;
#405 = PRESENTATION_LAYER_ASSIGNMENT (  '', '', ( #2098 ) ) ;
#406 = DIRECTION ( 'NONE',  ( 0.0000000000000000000, -3.491481338843133355E-15, 1.000000000000000000 ) ) ;
#407 = CARTESIAN_POINT ( 'NONE',  ( -0.06596646539415285115, -0.09582482243794521182, -0.02867101149142507743 ) ) ;
#408 = PRESENTATION_LAYER_ASSIGNMENT (  '', '', ( #1016 ) ) ;
#409 = DIRECTION ( 'NONE',  ( 0.0000000000000000000, 1.000000000000000000, 3.491481338843133355E-15 ) ) ;
#410 = VERTEX_POINT ( 'NONE', #794 ) ;
#411 = LINE ( 'NONE', #6277, #7053 ) ;
#412 = CARTESIAN_POINT ( 'NONE',  ( 0.001222024023745052739, -0.1108404744450473406, -0.02867101149142507743 ) ) ;
#413 = EDGE_CURVE ( 'NONE', #3907, #3080, #5694, .T. ) ;
#414 = VECTOR ( 'NONE', #7913, 1000.000000000000000 ) ;
#415 = ADVANCED_FACE ( 'NONE', ( #1781 ), #4875, .F. ) ;
#416 = AXIS2_PLACEMENT_3D ( 'NONE', #4726, #744, #5485 ) ;
#417 = SURFACE_SIDE_STYLE ('',( #1288 ) ) ;
#418 = ORIENTED_EDGE ( 'NONE', *, *, #8316, .F. ) ;
#419 = LINE ( 'NONE', #5749, #6534 ) ;
#420 = DIRECTION ( 'NONE',  ( 0.0000000000000000000, -1.000000000000000000, -3.491481338843133355E-15 ) ) ;
#421 = CARTESIAN_POINT ( 'NONE',  ( -3.149999999999996803, 1.186528154348571285, 0.7213289885085804043 ) ) ;
#422 = CARTESIAN_POINT ( 'NONE',  ( 0.1951244630481353548, -0.09986486468894985313, -0.02867101149142507743 ) ) ;
#423 = CARTESIAN_POINT ( 'NONE',  ( 3.450000000000000178, -1.283471845651427801, 0.4963289885085713227 ) ) ;
#424 = FACE_OUTER_BOUND ( 'NONE', #1785, .T. ) ;
#425 = CARTESIAN_POINT ( 'NONE',  ( 1.399999999999999689, -2.313471845651434933, 2.546328988508567370 ) ) ;
#426 = EDGE_CURVE ( 'NONE', #581, #3986, #7251, .T. ) ;
#427 = AXIS2_PLACEMENT_3D ( 'NONE', #1424, #6125, #4075 ) ;
#428 = DIRECTION ( 'NONE',  ( 0.0000000000000000000, -1.000000000000000000, -3.491481338843133355E-15 ) ) ;
#429 = CARTESIAN_POINT ( 'NONE',  ( -1.803784506222427808, 0.6865281543485639570, 2.921328988508578028 ) ) ;
#430 = CYLINDRICAL_SURFACE ( 'NONE', #4322, 0.2999999999999999334 ) ;
#431 = ORIENTED_EDGE ( 'NONE', *, *, #5480, .T. ) ;
#432 = CARTESIAN_POINT ( 'NONE',  ( -0.04590068939088910033, -0.09986486468894985313, -0.02867101149142507743 ) ) ;
#433 = LINE ( 'NONE', #5452, #6652 ) ;
#434 = LINE ( 'NONE', #6073, #6549 ) ;
#435 = CYLINDRICAL_SURFACE ( 'NONE', #3030, 0.02499999999999984873 ) ;
#436 =( NAMED_UNIT ( * ) SI_UNIT ( $, .STERADIAN. ) SOLID_ANGLE_UNIT ( ) );
#437 = COLOUR_RGB ( '',0.1098039215686274495, 0.1098039215686274495, 0.1098039215686274495 ) ;
#438 = ORIENTED_EDGE ( 'NONE', *, *, #3561, .T. ) ;
#439 = EDGE_CURVE ( 'NONE', #6426, #5323, #5074, .T. ) ;
#440 = STYLED_ITEM ( 'NONE', ( #3935 ), #8145 ) ;
#441 = DIRECTION ( 'NONE',  ( -0.7071067811865490160, -2.468850131082259822E-15, 0.7071067811865460184 ) ) ;
#442 = PRESENTATION_STYLE_ASSIGNMENT (( #4070 ) ) ;
#443 = MECHANICAL_DESIGN_GEOMETRIC_PRESENTATION_REPRESENTATION (  '', ( #2961 ), #8022 ) ;
#444 = LINE ( 'NONE', #8383, #1515 ) ;
#445 = DIRECTION ( 'NONE',  ( -1.000000000000000000, -0.0000000000000000000, 0.0000000000000000000 ) ) ;
#446 = CARTESIAN_POINT ( 'NONE',  ( -0.04590068939088910033, -0.09986486468894985313, -0.02867101149142507743 ) ) ;
#447 = VERTEX_POINT ( 'NONE', #2326 ) ;
#448 = CARTESIAN_POINT ( 'NONE',  ( 0.09781120085301320266, -0.02059657200602317204, -0.01867101149142505120 ) ) ;
#449 = ORIENTED_EDGE ( 'NONE', *, *, #7483, .F. ) ;
#450 =( LENGTH_UNIT ( ) NAMED_UNIT ( * ) SI_UNIT ( .MILLI., .METRE. ) );
#451 = CARTESIAN_POINT ( 'NONE',  ( -2.998179295342850992, -1.283471845651435572, 2.731321192064205317 ) ) ;
#452 =( GEOMETRIC_REPRESENTATION_CONTEXT ( 3 ) GLOBAL_UNCERTAINTY_ASSIGNED_CONTEXT ( ( #1729 ) ) GLOBAL_UNIT_ASSIGNED_CONTEXT ( ( #7951, #2724, #7359 ) ) REPRESENTATION_CONTEXT ( 'NONE', 'WORKASPACE' ) );
#453 = CARTESIAN_POINT ( 'NONE',  ( -2.549999999999999822, 1.186528154348573949, -0.02867101149142074062 ) ) ;
#454 = PRESENTATION_LAYER_ASSIGNMENT (  '', '', ( #3463 ) ) ;
#455 = DIRECTION ( 'NONE',  ( 3.942553354492744024E-16, -3.491481338843133355E-15, 1.000000000000000000 ) ) ;
#456 = VERTEX_POINT ( 'NONE', #4957 ) ;
#457 = CARTESIAN_POINT ( 'NONE',  ( 0.1005608002701419562, -0.1120441862591304572, -0.01867101149142505120 ) ) ;
#458 = ORIENTED_EDGE ( 'NONE', *, *, #7950, .T. ) ;
#459 = DIRECTION ( 'NONE',  ( -1.000000000000000000, -2.168404344971008079E-15, -7.570943305532643149E-30 ) ) ;
#460 = DIRECTION ( 'NONE',  ( 0.0000000000000000000, 1.000000000000000000, 3.491481338843133355E-15 ) ) ;
#461 = EDGE_CURVE ( 'NONE', #7852, #4641, #8397, .T. ) ;
#462 = DIRECTION ( 'NONE',  ( 0.0000000000000000000, 4.336808689942017736E-15, -1.000000000000000000 ) ) ;
#463 = EDGE_CURVE ( 'NONE', #6383, #2516, #2937, .T. ) ;
#464 = SURFACE_STYLE_USAGE ( .BOTH. , #5187 ) ;
#465 = SURFACE_STYLE_FILL_AREA ( #7000 ) ;
#466 = STYLED_ITEM ( 'NONE', ( #7525 ), #2444 ) ;
#467 = UNCERTAINTY_MEASURE_WITH_UNIT (LENGTH_MEASURE( 1.000000000000000082E-05 ), #8371, 'distance_accuracy_value', 'NONE');
#468 = DIRECTION ( 'NONE',  ( 1.000000000000000000, -4.336808689942018229E-16, -1.514188661106529260E-30 ) ) ;
#469 = ADVANCED_FACE ( 'NONE', ( #2683 ), #4982, .F. ) ;
#470 = CARTESIAN_POINT ( 'NONE',  ( -1.600000000000000311, -1.283471845651430021, 1.096328988508570301 ) ) ;
#471 = PRESENTATION_STYLE_ASSIGNMENT (( #8138 ) ) ;
#472 = SURFACE_STYLE_FILL_AREA ( #2480 ) ;
#473 = ORIENTED_EDGE ( 'NONE', *, *, #247, .T. ) ;
#474 = FILL_AREA_STYLE ('',( #2457 ) ) ;
#475 = EDGE_CURVE ( 'NONE', #4584, #6636, #5496, .T. ) ;
#476 = CARTESIAN_POINT ( 'NONE',  ( -0.05034687652483241238, -0.09976883555078752686, -0.01867101149142505120 ) ) ;
#477 = CARTESIAN_POINT ( 'NONE',  ( 0.1313739658045091907, -0.04122977441244654595, -0.02867101149142507743 ) ) ;
#478 = ORIENTED_EDGE ( 'NONE', *, *, #1291, .F. ) ;
#479 = PRESENTATION_LAYER_ASSIGNMENT (  '', '', ( #6708 ) ) ;
#480 = DIRECTION ( 'NONE',  ( 1.000000000000000000, 0.0000000000000000000, 0.0000000000000000000 ) ) ;
#481 = ORIENTED_EDGE ( 'NONE', *, *, #6408, .F. ) ;
#482 = ORIENTED_EDGE ( 'NONE', *, *, #5940, .F. ) ;
#483 = ORIENTED_EDGE ( 'NONE', *, *, #1499, .F. ) ;
#484 = CARTESIAN_POINT ( 'NONE',  ( -3.500000000000000888, -1.083471845651435617, 2.796076259633627714 ) ) ;
#485 = CARTESIAN_POINT ( 'NONE',  ( -0.1494287031545386835, -0.02697194092945564420, -0.02867101149142507743 ) ) ;
#486 = CARTESIAN_POINT ( 'NONE',  ( -0.06708323738077184850, -0.01407233869780304993, -0.02867101149142507743 ) ) ;
#487 = ORIENTED_EDGE ( 'NONE', *, *, #3751, .T. ) ;
#488 = SURFACE_SIDE_STYLE ('',( #8010 ) ) ;
#489 = CARTESIAN_POINT ( 'NONE',  ( -0.01829017109820616979, -0.01084047444504729341, -0.02867101149142507743 ) ) ;
#490 = ORIENTED_EDGE ( 'NONE', *, *, #6097, .T. ) ;
#491 = EDGE_CURVE ( 'NONE', #1327, #6383, #703, .T. ) ;
#492 = COLOUR_RGB ( '',0.7764705882352941346, 0.7568627450980391913, 0.7372549019607843590 ) ;
#493 = CARTESIAN_POINT ( 'NONE',  ( -0.1438999271957671078, -0.01084047444504729341, -0.02867101149142507743 ) ) ;
#494 = MECHANICAL_DESIGN_GEOMETRIC_PRESENTATION_REPRESENTATION (  '', ( #5389 ), #5105 ) ;
#495 = FACE_OUTER_BOUND ( 'NONE', #2637, .T. ) ;
#496 = CARTESIAN_POINT ( 'NONE',  ( -0.1520363601225961647, -0.03004779151821800054, -0.02867101149142507743 ) ) ;
#497 = LINE ( 'NONE', #5617, #1023 ) ;
#498 = CARTESIAN_POINT ( 'NONE',  ( 3.149999999999995914, -1.083471845651428511, 0.7213289885085713005 ) ) ;
#499 = ORIENTED_EDGE ( 'NONE', *, *, #6541, .T. ) ;
#500 = FACE_OUTER_BOUND ( 'NONE', #1822, .T. ) ;
#501 = CARTESIAN_POINT ( 'NONE',  ( 3.499999999999999556, 1.186528154348563957, 2.921328988508579361 ) ) ;
#502 = PRESENTATION_LAYER_ASSIGNMENT (  '', '', ( #1916 ) ) ;
#503 = EDGE_CURVE ( 'NONE', #447, #2801, #1572, .T. ) ;
#504 = CARTESIAN_POINT ( 'NONE',  ( 3.549999999999999822, -0.9834718456514253138, -0.02867101149142811320 ) ) ;
#505 = VERTEX_POINT ( 'NONE', #3725 ) ;
#506 = UNCERTAINTY_MEASURE_WITH_UNIT (LENGTH_MEASURE( 1.000000000000000082E-05 ), #7196, 'distance_accuracy_value', 'NONE');
#507 = AXIS2_PLACEMENT_3D ( 'NONE', #4788, #5449, #1469 ) ;
#508 = EDGE_LOOP ( 'NONE', ( #6360, #3533, #786, #2464 ) ) ;
#509 = LINE ( 'NONE', #5881, #5393 ) ;
#510 = ADVANCED_FACE ( 'NONE', ( #6731 ), #2535, .F. ) ;
#511 = PLANE ( 'NONE',  #8390 ) ;
#512 = FILL_AREA_STYLE_COLOUR ( '', #5228 ) ;
#513 = CARTESIAN_POINT ( 'NONE',  ( 0.1174737287245927186, -0.09700392714867664412, -0.02867101149142507743 ) ) ;
#514 = CARTESIAN_POINT ( 'NONE',  ( -1.500000000000000222, -2.313471845651434933, 2.546328988508567370 ) ) ;
#515 = DIRECTION ( 'NONE',  ( 4.625929269271485322E-15, 3.491481338843133355E-15, -1.000000000000000000 ) ) ;
#516 = ORIENTED_EDGE ( 'NONE', *, *, #5280, .F. ) ;
#517 = UNCERTAINTY_MEASURE_WITH_UNIT (LENGTH_MEASURE( 1.000000000000000082E-05 ), #7520, 'distance_accuracy_value', 'NONE');
#518 = CARTESIAN_POINT ( 'NONE',  ( 1.499999999999999778, -1.083471845651435395, 2.646328988508571900 ) ) ;
#519 =( GEOMETRIC_REPRESENTATION_CONTEXT ( 3 ) GLOBAL_UNCERTAINTY_ASSIGNED_CONTEXT ( ( #467 ) ) GLOBAL_UNIT_ASSIGNED_CONTEXT ( ( #8371, #6368, #4338 ) ) REPRESENTATION_CONTEXT ( 'NONE', 'WORKASPACE' ) );
#520 =( LENGTH_UNIT ( ) NAMED_UNIT ( * ) SI_UNIT ( .MILLI., .METRE. ) );
#521 = FILL_AREA_STYLE_COLOUR ( '', #7706 ) ;
#522 =( GEOMETRIC_REPRESENTATION_CONTEXT ( 3 ) GLOBAL_UNCERTAINTY_ASSIGNED_CONTEXT ( ( #6451 ) ) GLOBAL_UNIT_ASSIGNED_CONTEXT ( ( #1141, #5773, #1830 ) ) REPRESENTATION_CONTEXT ( 'NONE', 'WORKASPACE' ) );
#523 = CARTESIAN_POINT ( 'NONE',  ( 3.299999999999998934, -1.283471845651437571, 3.321328988508570834 ) ) ;
#524 = VECTOR ( 'NONE', #1390, 1000.000000000000000 ) ;
#525 = FILL_AREA_STYLE ('',( #3948 ) ) ;
#526 = ORIENTED_EDGE ( 'NONE', *, *, #6082, .F. ) ;
#527 = UNCERTAINTY_MEASURE_WITH_UNIT (LENGTH_MEASURE( 1.000000000000000082E-05 ), #2227, 'distance_accuracy_value', 'NONE');
#528 = EDGE_CURVE ( 'NONE', #7741, #4969, #1128, .T. ) ;
#529 = DIRECTION ( 'NONE',  ( -1.000000000000000000, 2.891205793294681383E-15, 1.056478881437245228E-29 ) ) ;
#530 = PRESENTATION_LAYER_ASSIGNMENT (  '', '', ( #8277 ) ) ;
#531 = ORIENTED_EDGE ( 'NONE', *, *, #360, .T. ) ;
#532 = FILL_AREA_STYLE ('',( #6444 ) ) ;
#533 = PLANE ( 'NONE',  #1056 ) ;
#534 = CARTESIAN_POINT ( 'NONE',  ( 0.1353338093006013765, -0.06036291447389808412, -0.02867101149142507743 ) ) ;
#535 = PLANE ( 'NONE',  #4111 ) ;
#536 = ORIENTED_EDGE ( 'NONE', *, *, #1831, .T. ) ;
#537 =( LENGTH_UNIT ( ) NAMED_UNIT ( * ) SI_UNIT ( .MILLI., .METRE. ) );
#538 = MECHANICAL_DESIGN_GEOMETRIC_PRESENTATION_REPRESENTATION (  '', ( #4537 ), #5264 ) ;
#539 = CARTESIAN_POINT ( 'NONE',  ( 0.09792553012130623957, -0.009620962249925688048, -0.01867101149142461752 ) ) ;
#540 = DIRECTION ( 'NONE',  ( 0.0000000000000000000, 1.000000000000000000, 3.491481338843133355E-15 ) ) ;
#541 = CARTESIAN_POINT ( 'NONE',  ( 0.1486904542437758325, -0.06808518077571606986, -0.02867101149142507743 ) ) ;
#542 = ORIENTED_EDGE ( 'NONE', *, *, #7535, .T. ) ;
#543 = FILL_AREA_STYLE_COLOUR ( '', #4404 ) ;
#544 = VECTOR ( 'NONE', #576, 1000.000000000000000 ) ;
#545 = CARTESIAN_POINT ( 'NONE',  ( 1.600000000000001643, 0.6865281543485669546, 1.839362977258473197 ) ) ;
#546 = CARTESIAN_POINT ( 'NONE',  ( 3.499999999999999556, 0.6865281543485639570, 2.921328988508577584 ) ) ;
#547 = ADVANCED_FACE ( 'NONE', ( #3092 ), #395, .T. ) ;
#548 = VECTOR ( 'NONE', #7546, 1000.000000000000000 ) ;
#549 = ORIENTED_EDGE ( 'NONE', *, *, #3005, .F. ) ;
#550 = CARTESIAN_POINT ( 'NONE',  ( -0.08526180085909217110, -0.06439582964054471614, -0.01867101149142505120 ) ) ;
#551 =( GEOMETRIC_REPRESENTATION_CONTEXT ( 3 ) GLOBAL_UNCERTAINTY_ASSIGNED_CONTEXT ( ( #2691 ) ) GLOBAL_UNIT_ASSIGNED_CONTEXT ( ( #1733, #1703, #5747 ) ) REPRESENTATION_CONTEXT ( 'NONE', 'WORKASPACE' ) );
#552 = ORIENTED_EDGE ( 'NONE', *, *, #6660, .F. ) ;
#553 = CARTESIAN_POINT ( 'NONE',  ( -2.422348207309730661, -1.083471845651426291, 0.07132898850857127826 ) ) ;
#554 =( LENGTH_UNIT ( ) NAMED_UNIT ( * ) SI_UNIT ( .MILLI., .METRE. ) );
#555 = ORIENTED_EDGE ( 'NONE', *, *, #1507, .F. ) ;
#556 = CARTESIAN_POINT ( 'NONE',  ( 3.549999999999999822, -1.283471845651427357, 0.4713289885085705788 ) ) ;
#557 = CYLINDRICAL_SURFACE ( 'NONE', #5023, 0.2000000000000000944 ) ;
#558 = ORIENTED_EDGE ( 'NONE', *, *, #5558, .F. ) ;
#559 = STYLED_ITEM ( 'NONE', ( #628 ), #1356 ) ;
#560 = CARTESIAN_POINT ( 'NONE',  ( -3.550000000000001155, -1.083471845651427179, 0.4713289885085714670 ) ) ;
#561 = CARTESIAN_POINT ( 'NONE',  ( 0.1316251675013209166, -0.08151615231142154971, -0.01867101149142505120 ) ) ;
#562 = FACE_OUTER_BOUND ( 'NONE', #2947, .T. ) ;
#563 = CARTESIAN_POINT ( 'NONE',  ( -0.09873825365979468915, -0.05777008316759841416, -0.02867101149142507743 ) ) ;
#564 = CARTESIAN_POINT ( 'NONE',  ( 0.001222024023745052739, -0.1108404744450473406, -0.02867101149142507743 ) ) ;
#565 = EDGE_LOOP ( 'NONE', ( #4020, #7750, #7360, #3695 ) ) ;
#566 = UNCERTAINTY_MEASURE_WITH_UNIT (LENGTH_MEASURE( 1.000000000000000082E-05 ), #5695, 'distance_accuracy_value', 'NONE');
#567 = EDGE_CURVE ( 'NONE', #6037, #5333, #4103, .T. ) ;
#568 = CARTESIAN_POINT ( 'NONE',  ( -1.399999999999999689, -1.083471845651430066, 1.146328988508571678 ) ) ;
#569 = EDGE_CURVE ( 'NONE', #328, #2066, #4761, .T. ) ;
#570 = FILL_AREA_STYLE_COLOUR ( '', #3072 ) ;
#571 = AXIS2_PLACEMENT_3D ( 'NONE', #4132, #6767, #6120 ) ;
#572 = VERTEX_POINT ( 'NONE', #6000 ) ;
#573 = CARTESIAN_POINT ( 'NONE',  ( 0.07531198874394579024, -0.09519969327748556420, -0.01867101149142505120 ) ) ;
#574 = ORIENTED_EDGE ( 'NONE', *, *, #6788, .F. ) ;
#575 = CARTESIAN_POINT ( 'NONE',  ( -0.05463035766575956298, -0.09926387317413459810, -0.01867101149142505120 ) ) ;
#576 = DIRECTION ( 'NONE',  ( 4.336808689942017736E-16, -3.491481338843133355E-15, 1.000000000000000000 ) ) ;
#577 = VERTEX_POINT ( 'NONE', #5272 ) ;
#578 = FILL_AREA_STYLE ('',( #7877 ) ) ;
#579 = EDGE_CURVE ( 'NONE', #2130, #3583, #3204, .T. ) ;
#580 = VERTEX_POINT ( 'NONE', #1309 ) ;
#581 = VERTEX_POINT ( 'NONE', #2634 ) ;
#582 = CARTESIAN_POINT ( 'NONE',  ( 0.1000596764627694479, -0.1010843768840717222, -0.01867101149142505120 ) ) ;
#583 = CARTESIAN_POINT ( 'NONE',  ( 0.1274248289718643568, -0.03463016507794907523, -0.01867101149142505120 ) ) ;
#584 = DIRECTION ( 'NONE',  ( 0.0000000000000000000, 1.000000000000000000, 3.491481338843133355E-15 ) ) ;
#585 =( GEOMETRIC_REPRESENTATION_CONTEXT ( 3 ) GLOBAL_UNCERTAINTY_ASSIGNED_CONTEXT ( ( #5671 ) ) GLOBAL_UNIT_ASSIGNED_CONTEXT ( ( #6486, #7161, #5884 ) ) REPRESENTATION_CONTEXT ( 'NONE', 'WORKASPACE' ) );
#586 = CARTESIAN_POINT ( 'NONE',  ( -0.1520363601225964145, -0.03004779151821781666, -0.01867101149142505120 ) ) ;
#587 = ADVANCED_FACE ( 'NONE', ( #7453 ), #6026, .F. ) ;
#588 = CARTESIAN_POINT ( 'NONE',  ( 3.500000000000000888, -1.083471845651435617, 2.796076259633627714 ) ) ;
#589 = ORIENTED_EDGE ( 'NONE', *, *, #6972, .T. ) ;
#590 = EDGE_LOOP ( 'NONE', ( #8080, #3638, #5846, #1787 ) ) ;
#591 =( LENGTH_UNIT ( ) NAMED_UNIT ( * ) SI_UNIT ( .MILLI., .METRE. ) );
#592 = DIRECTION ( 'NONE',  ( -1.000000000000000000, -8.926864933501709942E-31, 2.556755734074619058E-16 ) ) ;
#593 = LINE ( 'NONE', #3814, #5996 ) ;
#594 = FILL_AREA_STYLE ('',( #2521 ) ) ;
#595 = FACE_OUTER_BOUND ( 'NONE', #63, .T. ) ;
#596 = FILL_AREA_STYLE ('',( #7301 ) ) ;
#597 = CARTESIAN_POINT ( 'NONE',  ( -0.08478791374570733563, -0.06875189655299865366, -0.02867101149142507743 ) ) ;
#598 = SURFACE_STYLE_FILL_AREA ( #5666 ) ;
#599 = EDGE_CURVE ( 'NONE', #4341, #3419, #3518, .T. ) ;
#600 = SURFACE_SIDE_STYLE ('',( #5443 ) ) ;
#601 =( GEOMETRIC_REPRESENTATION_CONTEXT ( 3 ) GLOBAL_UNCERTAINTY_ASSIGNED_CONTEXT ( ( #660 ) ) GLOBAL_UNIT_ASSIGNED_CONTEXT ( ( #2188, #6194, #8184 ) ) REPRESENTATION_CONTEXT ( 'NONE', 'WORKASPACE' ) );
#602 =( NAMED_UNIT ( * ) PLANE_ANGLE_UNIT ( ) SI_UNIT ( $, .RADIAN. ) );
#603 = VERTEX_POINT ( 'NONE', #6084 ) ;
#604 = AXIS2_PLACEMENT_3D ( 'NONE', #3765, #8412, #8494 ) ;
#605 = COLOUR_RGB ( '',0.7764705882352941346, 0.7568627450980391913, 0.7372549019607843590 ) ;
#606 = CARTESIAN_POINT ( 'NONE',  ( -0.04739555377716007933, -0.1108058439098034281, -0.01867101149142505120 ) ) ;
#607 = CARTESIAN_POINT ( 'NONE',  ( -0.06888836375684881386, -0.02713501834494448303, -0.01867101149142505120 ) ) ;
#608 =( NAMED_UNIT ( * ) SI_UNIT ( $, .STERADIAN. ) SOLID_ANGLE_UNIT ( ) );
#609 = PRESENTATION_STYLE_ASSIGNMENT (( #7439 ) ) ;
#610 = UNCERTAINTY_MEASURE_WITH_UNIT (LENGTH_MEASURE( 1.000000000000000082E-05 ), #4651, 'distance_accuracy_value', 'NONE');
#611 = ORIENTED_EDGE ( 'NONE', *, *, #857, .T. ) ;
#612 = VECTOR ( 'NONE', #2363, 1000.000000000000000 ) ;
#613 = FACE_OUTER_BOUND ( 'NONE', #3398, .T. ) ;
#614 = STYLED_ITEM ( 'NONE', ( #2483 ), #720 ) ;
#615 = CARTESIAN_POINT ( 'NONE',  ( 0.08312053101137309441, -0.09863337158662267845, -0.02867101149142507743 ) ) ;
#616 = CARTESIAN_POINT ( 'NONE',  ( 2.948179295342848949, -1.333471845651432064, 1.746328988508570434 ) ) ;
#617 = PRESENTATION_LAYER_ASSIGNMENT (  '', '', ( #1814 ) ) ;
#618 = LINE ( 'NONE', #7979, #3019 ) ;
#619 = CARTESIAN_POINT ( 'NONE',  ( -0.1506315846008844939, -0.02380433379336634528, -0.01867101149142505120 ) ) ;
#620 = VERTEX_POINT ( 'NONE', #7626 ) ;
#621 = VECTOR ( 'NONE', #1074, 1000.000000000000000 ) ;
#622 = SURFACE_SIDE_STYLE ('',( #8505 ) ) ;
#623 = CARTESIAN_POINT ( 'NONE',  ( 0.1353683654871597197, -0.06190754761577908771, -0.01867101149142505120 ) ) ;
#624 = VECTOR ( 'NONE', #3351, 1000.000000000000000 ) ;
#625 = CARTESIAN_POINT ( 'NONE',  ( 2.998179295342849215, -1.283471845651432020, 1.746328988508570657 ) ) ;
#626 = AXIS2_PLACEMENT_3D ( 'NONE', #8148, #7522, #936 ) ;
#627 =( LENGTH_UNIT ( ) NAMED_UNIT ( * ) SI_UNIT ( .MILLI., .METRE. ) );
#628 = PRESENTATION_STYLE_ASSIGNMENT (( #7369 ) ) ;
#629 = CARTESIAN_POINT ( 'NONE',  ( 0.2085390971944766358, 1.186528154348573949, -0.01867101149142071440 ) ) ;
#630 = CARTESIAN_POINT ( 'NONE',  ( 3.299999999999999378, 1.186528154348562181, 3.321328988508578828 ) ) ;
#631 = CARTESIAN_POINT ( 'NONE',  ( 0.09885213440619379510, -0.1010685228293299043, -0.01867101149142505120 ) ) ;
#632 = SURFACE_STYLE_USAGE ( .BOTH. , #5334 ) ;
#633 = ADVANCED_FACE ( 'NONE', ( #6508 ), #217, .F. ) ;
#634 = ORIENTED_EDGE ( 'NONE', *, *, #7279, .F. ) ;
#635 = EDGE_CURVE ( 'NONE', #8431, #3402, #4872, .T. ) ;
#636 = DIRECTION ( 'NONE',  ( -0.0000000000000000000, 1.000000000000000000, 3.491481338843133355E-15 ) ) ;
#637 = VECTOR ( 'NONE', #7778, 1000.000000000000000 ) ;
#638 = AXIS2_PLACEMENT_3D ( 'NONE', #2805, #6080, #2131 ) ;
#639 = LINE ( 'NONE', #7387, #7710 ) ;
#640 = FILL_AREA_STYLE_COLOUR ( '', #6764 ) ;
#641 = FACE_OUTER_BOUND ( 'NONE', #368, .T. ) ;
#642 = ORIENTED_EDGE ( 'NONE', *, *, #3051, .F. ) ;
#643 = DIRECTION ( 'NONE',  ( -1.000000000000000000, 0.0000000000000000000, 0.0000000000000000000 ) ) ;
#644 =( NAMED_UNIT ( * ) PLANE_ANGLE_UNIT ( ) SI_UNIT ( $, .RADIAN. ) );
#645 = CARTESIAN_POINT ( 'NONE',  ( 0.04146592646276942712, 1.186528154348573949, -0.01867101149142071440 ) ) ;
#646 = CARTESIAN_POINT ( 'NONE',  ( -0.1508874537283171613, -0.02522278575891032104, -0.01867101149142505120 ) ) ;
#647 = FACE_OUTER_BOUND ( 'NONE', #1359, .T. ) ;
#648 =( NAMED_UNIT ( * ) SI_UNIT ( $, .STERADIAN. ) SOLID_ANGLE_UNIT ( ) );
#649 = FILL_AREA_STYLE_COLOUR ( '', #1891 ) ;
#650 = STYLED_ITEM ( 'NONE', ( #3548 ), #4466 ) ;
#651 = ORIENTED_EDGE ( 'NONE', *, *, #5544, .F. ) ;
#652 = CARTESIAN_POINT ( 'NONE',  ( -1.149999999999999689, -0.1834718456514257690, -0.02867101149142551111 ) ) ;
#653 = EDGE_CURVE ( 'NONE', #2407, #761, #1344, .T. ) ;
#654 = CARTESIAN_POINT ( 'NONE',  ( 2.456307219633194983, -1.083471845651426513, 0.08463041248694899710 ) ) ;
#655 = ORIENTED_EDGE ( 'NONE', *, *, #1647, .T. ) ;
#656 = AXIS2_PLACEMENT_3D ( 'NONE', #7403, #4739, #125 ) ;
#657 = DIRECTION ( 'NONE',  ( 1.294569758191647155E-16, 3.491481338843133355E-15, -1.000000000000000000 ) ) ;
#658 = CARTESIAN_POINT ( 'NONE',  ( -2.549999999999999822, 0.6865281543485743931, -0.02867101149142247535 ) ) ;
#659 = B_SPLINE_CURVE_WITH_KNOTS ( 'NONE', 3,
 ( #432, #3828, #1796, #3102, #4436, #1132, #407, #5757, #5051, #1820, #8440, #5128, #7804, #1880, #8496, #597, #5273, #4546, #3969 ),
 .UNSPECIFIED., .F., .F.,
 ( 4, 1, 1, 1, 1, 1, 1, 1, 1, 1, 1, 1, 1, 1, 1, 1, 4 ),
 ( 0.0000000000000000000, 0.07082642719843205981, 0.1381687497167491396, 0.2024749159955613331, 0.2639732126625843889, 0.3236544888807542653, 0.3818108019687186383, 0.4394031355784575599, 0.4973374405450628477, 0.5550967670692515954, 0.6130048974764317204, 0.6715395104890307110, 0.7316562728107176561, 0.7942982337746841148, 0.8594824933627498442, 0.9276814738717472641, 1.000000000000000000 ),
 .UNSPECIFIED. ) ;
#660 = UNCERTAINTY_MEASURE_WITH_UNIT (LENGTH_MEASURE( 1.000000000000000082E-05 ), #2188, 'distance_accuracy_value', 'NONE');
#661 = ORIENTED_EDGE ( 'NONE', *, *, #413, .T. ) ;
#662 = ORIENTED_EDGE ( 'NONE', *, *, #6141, .F. ) ;
#663 = ORIENTED_EDGE ( 'NONE', *, *, #8134, .F. ) ;
#664 =( LENGTH_UNIT ( ) NAMED_UNIT ( * ) SI_UNIT ( .MILLI., .METRE. ) );
#665 = CARTESIAN_POINT ( 'NONE',  ( -0.08533063766704415687, -0.05833656422801498237, -0.02867101149142507743 ) ) ;
#666 = VECTOR ( 'NONE', #6387, 1000.000000000000000 ) ;
#667 = EDGE_CURVE ( 'NONE', #8223, #7970, #2384, .T. ) ;
#668 = CARTESIAN_POINT ( 'NONE',  ( -0.1504929150006450445, -0.02303559639626703154, -0.01867101149142505120 ) ) ;
#669 = STYLED_ITEM ( 'NONE', ( #1842 ), #22 ) ;
#670 = CARTESIAN_POINT ( 'NONE',  ( 0.09792553012130604528, -0.009620962249925507637, -0.01867101149142461752 ) ) ;
#671 = AXIS2_PLACEMENT_3D ( 'NONE', #859, #1619, #6169 ) ;
#672 = VECTOR ( 'NONE', #3760, 1000.000000000000000 ) ;
#673 = UNCERTAINTY_MEASURE_WITH_UNIT (LENGTH_MEASURE( 1.000000000000000082E-05 ), #3559, 'distance_accuracy_value', 'NONE');
#674 = CARTESIAN_POINT ( 'NONE',  ( -1.600000000000000533, -1.283471845651435350, 2.696328988508570390 ) ) ;
#675 = CARTESIAN_POINT ( 'NONE',  ( 2.098518552703152906, -1.383471845651430110, 1.127033865392921719 ) ) ;
#676 = CARTESIAN_POINT ( 'NONE',  ( -2.998179295342850992, -1.283471845651430021, 1.127033865392922163 ) ) ;
#677 = COLOUR_RGB ( '',0.7764705882352941346, 0.7568627450980391913, 0.7372549019607843590 ) ;
#678 = ADVANCED_FACE ( 'NONE', ( #3306 ), #1119, .T. ) ;
#679 = ORIENTED_EDGE ( 'NONE', *, *, #3853, .F. ) ;
#680 =( GEOMETRIC_REPRESENTATION_CONTEXT ( 3 ) GLOBAL_UNCERTAINTY_ASSIGNED_CONTEXT ( ( #6197 ) ) GLOBAL_UNIT_ASSIGNED_CONTEXT ( ( #3696, #6343, #2955 ) ) REPRESENTATION_CONTEXT ( 'NONE', 'WORKASPACE' ) );
#681 = CARTESIAN_POINT ( 'NONE',  ( 0.08008981571292621282, -0.09751596547588571584, -0.02867101149142507743 ) ) ;
#682 = VERTEX_POINT ( 'NONE', #1763 ) ;
#683 = DIRECTION ( 'NONE',  ( 1.972152263052529514E-31, -1.000000000000000000, -3.491481338843133355E-15 ) ) ;
#684 = VERTEX_POINT ( 'NONE', #423 ) ;
#685 = CARTESIAN_POINT ( 'NONE',  ( 3.299999999999998934, -1.083471845651438281, 3.521328988508571456 ) ) ;
#686 = EDGE_CURVE ( 'NONE', #1945, #8122, #593, .T. ) ;
#687 = FILL_AREA_STYLE_COLOUR ( '', #5262 ) ;
#688 =( NAMED_UNIT ( * ) PLANE_ANGLE_UNIT ( ) SI_UNIT ( $, .RADIAN. ) );
#689 = DIRECTION ( 'NONE',  ( 1.000000000000000000, 0.0000000000000000000, 0.0000000000000000000 ) ) ;
#690 =( LENGTH_UNIT ( ) NAMED_UNIT ( * ) SI_UNIT ( .MILLI., .METRE. ) );
#691 = ORIENTED_EDGE ( 'NONE', *, *, #6315, .F. ) ;
#692 = DIRECTION ( 'NONE',  ( 1.000000000000000000, 0.0000000000000000000, 0.0000000000000000000 ) ) ;
#693 = CARTESIAN_POINT ( 'NONE',  ( 0.08496420043039601411, -0.01058764067194267050, -0.01867101149142505120 ) ) ;
#694 = ORIENTED_EDGE ( 'NONE', *, *, #6512, .F. ) ;
#695 = PLANE ( 'NONE',  #427 ) ;
#696 = CARTESIAN_POINT ( 'NONE',  ( 0.1479786965297628099, -0.05140538459981212893, -0.01867101149142582836 ) ) ;
#697 = CARTESIAN_POINT ( 'NONE',  ( -3.300000000000000711, -1.283471845651437571, 3.321328988508570834 ) ) ;
#698 =( GEOMETRIC_REPRESENTATION_CONTEXT ( 3 ) GLOBAL_UNCERTAINTY_ASSIGNED_CONTEXT ( ( #5936 ) ) GLOBAL_UNIT_ASSIGNED_CONTEXT ( ( #2397, #6356, #7021 ) ) REPRESENTATION_CONTEXT ( 'NONE', 'WORKASPACE' ) );
#699 = EDGE_LOOP ( 'NONE', ( #2341, #7437, #4703, #6932 ) ) ;
#700 = DIRECTION ( 'NONE',  ( 0.0000000000000000000, -4.304632968207263259E-15, 1.000000000000000000 ) ) ;
#701 = EDGE_LOOP ( 'NONE', ( #743, #4252, #3145, #3037 ) ) ;
#702 = CARTESIAN_POINT ( 'NONE',  ( -0.1485683723177183002, -0.03004779151821821565, -0.01867101149142505120 ) ) ;
#703 = LINE ( 'NONE', #1582, #3316 ) ;
#704 = FACE_OUTER_BOUND ( 'NONE', #8479, .T. ) ;
#705 = SURFACE_SIDE_STYLE ('',( #3254 ) ) ;
#706 = FILL_AREA_STYLE_COLOUR ( '', #7258 ) ;
#707 = CIRCLE ( 'NONE', #164, 0.1000000000000000472 ) ;
#708 = FILL_AREA_STYLE_COLOUR ( '', #3056 ) ;
#709 = ORIENTED_EDGE ( 'NONE', *, *, #7614, .T. ) ;
#710 = DIRECTION ( 'NONE',  ( 0.0000000000000000000, -3.491481338843133355E-15, 1.000000000000000000 ) ) ;
#711 = CARTESIAN_POINT ( 'NONE',  ( -3.499999999999999556, -1.083471845651436061, 2.921328988508571811 ) ) ;
#712 = EDGE_CURVE ( 'NONE', #6946, #3803, #8209, .T. ) ;
#713 = EDGE_CURVE ( 'NONE', #5668, #4107, #1129, .T. ) ;
#714 = DIRECTION ( 'NONE',  ( 2.037523541425300566E-30, 4.358843076831536902E-15, -1.000000000000000000 ) ) ;
#715 = AXIS2_PLACEMENT_3D ( 'NONE', #6816, #6227, #4904 ) ;
#716 = CARTESIAN_POINT ( 'NONE',  ( 0.1119986650413456880, -0.1113108711396401246, -0.02867101149142507743 ) ) ;
#717 = DIRECTION ( 'NONE',  ( 0.0000000000000000000, -1.000000000000000000, -4.336808689942025625E-15 ) ) ;
#718 = EDGE_LOOP ( 'NONE', ( #7531, #7014, #7826, #4493 ) ) ;
#719 = CARTESIAN_POINT ( 'NONE',  ( -0.08275244242718270138, -0.04329151035579605761, -0.01867101149142505120 ) ) ;
#720 = ADVANCED_FACE ( 'NONE', ( #7136 ), #3413, .T. ) ;
#721 = LINE ( 'NONE', #7047, #5802 ) ;
#722 = CARTESIAN_POINT ( 'NONE',  ( 0.0000000000000000000, -2.213471845651430403, 1.246328988508567548 ) ) ;
#723 = CARTESIAN_POINT ( 'NONE',  ( 0.07681161915275598606, -0.01260250689220335403, -0.02867101149142507743 ) ) ;
#724 =( NAMED_UNIT ( * ) SI_UNIT ( $, .STERADIAN. ) SOLID_ANGLE_UNIT ( ) );
#725 = CARTESIAN_POINT ( 'NONE',  ( -0.1060950491469864476, -0.1108404744450475488, -0.01867101149142505120 ) ) ;
#726 = ORIENTED_EDGE ( 'NONE', *, *, #1802, .F. ) ;
#727 = LINE ( 'NONE', #1177, #2813 ) ;
#728 =( GEOMETRIC_REPRESENTATION_CONTEXT ( 3 ) GLOBAL_UNCERTAINTY_ASSIGNED_CONTEXT ( ( #6057 ) ) GLOBAL_UNIT_ASSIGNED_CONTEXT ( ( #375, #317, #989 ) ) REPRESENTATION_CONTEXT ( 'NONE', 'WORKASPACE' ) );
#729 = CARTESIAN_POINT ( 'NONE',  ( 0.1487829996335011673, -0.06272690737187661125, -0.01867101149142582836 ) ) ;
#730 = CARTESIAN_POINT ( 'NONE',  ( 2.098518552703152906, -1.333471845651429843, 1.127033865392921719 ) ) ;
#731 = CARTESIAN_POINT ( 'NONE',  ( -1.499999999999999778, -2.213471845651429959, 1.146328988508567903 ) ) ;
#732 = ORIENTED_EDGE ( 'NONE', *, *, #475, .F. ) ;
#733 = LINE ( 'NONE', #4406, #2321 ) ;
#734 = EDGE_CURVE ( 'NONE', #5764, #5981, #7147, .T. ) ;
#735 = DIRECTION ( 'NONE',  ( 0.0000000000000000000, -4.336808689942017736E-15, 1.000000000000000000 ) ) ;
#736 = CARTESIAN_POINT ( 'NONE',  ( -2.998179295342850992, -1.333471845651429843, 1.127033865392921719 ) ) ;
#737 = EDGE_CURVE ( 'NONE', #2872, #4191, #1668, .T. ) ;
#738 = CARTESIAN_POINT ( 'NONE',  ( -1.825000000000001066, 0.6865281543485739491, -0.02867101149142160799 ) ) ;
#739 = DIRECTION ( 'NONE',  ( 1.734723475976807094E-14, 4.336808689942017736E-15, -1.000000000000000000 ) ) ;
#740 =( GEOMETRIC_REPRESENTATION_CONTEXT ( 3 ) GLOBAL_UNCERTAINTY_ASSIGNED_CONTEXT ( ( #3292 ) ) GLOBAL_UNIT_ASSIGNED_CONTEXT ( ( #2740, #2121, #724 ) ) REPRESENTATION_CONTEXT ( 'NONE', 'WORKASPACE' ) );
#741 = EDGE_LOOP ( 'NONE', ( #345, #4943, #1025, #7659 ) ) ;
#742 = DIRECTION ( 'NONE',  ( 0.0000000000000000000, -1.000000000000000000, -3.491481338843133355E-15 ) ) ;
#743 = ORIENTED_EDGE ( 'NONE', *, *, #24, .T. ) ;
#744 = DIRECTION ( 'NONE',  ( 0.0000000000000000000, -1.000000000000000000, -3.491481338843133355E-15 ) ) ;
#745 = COLOUR_RGB ( '',0.7764705882352941346, 0.7568627450980391913, 0.7372549019607843590 ) ;
#746 = CARTESIAN_POINT ( 'NONE',  ( 0.07533109480856105267, -0.1061754725827683404, -0.01867101149142505120 ) ) ;
#747 = FACE_OUTER_BOUND ( 'NONE', #7022, .T. ) ;
#748 = CARTESIAN_POINT ( 'NONE',  ( -2.549999999999999822, 1.186528154348573949, -0.02867101149142074062 ) ) ;
#749 = DIRECTION ( 'NONE',  ( -1.000000000000000000, -1.781398424831212605E-30, 5.102127870520025912E-16 ) ) ;
#750 = COLOUR_RGB ( '',0.7764705882352941346, 0.7568627450980391913, 0.7372549019607843590 ) ;
#751 = EDGE_CURVE ( 'NONE', #6069, #8441, #2293, .T. ) ;
#752 = ORIENTED_EDGE ( 'NONE', *, *, #4767, .T. ) ;
#753 = CARTESIAN_POINT ( 'NONE',  ( 2.119229230821807697, -1.383471845651430110, 1.147744543511576509 ) ) ;
#754 = DIRECTION ( 'NONE',  ( 0.0000000000000000000, -1.000000000000000000, -3.491481338843133355E-15 ) ) ;
#755 = DIRECTION ( 'NONE',  ( 0.0000000000000000000, -1.000000000000000000, -3.491481338843133355E-15 ) ) ;
#756 = VECTOR ( 'NONE', #6209, 1000.000000000000000 ) ;
#757 = CARTESIAN_POINT ( 'NONE',  ( 0.003661048413988819000, -0.01084047444504751025, -0.01867101149142505120 ) ) ;
#758 = CARTESIAN_POINT ( 'NONE',  ( 0.006100072804232863251, -0.06571852322553514703, -0.02867101149142507743 ) ) ;
#759 = ORIENTED_EDGE ( 'NONE', *, *, #7037, .F. ) ;
#760 = SURFACE_STYLE_USAGE ( .BOTH. , #6105 ) ;
#761 = VERTEX_POINT ( 'NONE', #779 ) ;
#762 = ADVANCED_FACE ( 'NONE', ( #6619 ), #5501, .F. ) ;
#763 = FILL_AREA_STYLE_COLOUR ( '', #2588 ) ;
#764 = UNCERTAINTY_MEASURE_WITH_UNIT (LENGTH_MEASURE( 1.000000000000000082E-05 ), #4860, 'distance_accuracy_value', 'NONE');
#765 =( LENGTH_UNIT ( ) NAMED_UNIT ( * ) SI_UNIT ( .MILLI., .METRE. ) );
#766 = EDGE_CURVE ( 'NONE', #7968, #7888, #3195, .T. ) ;
#767 =( NAMED_UNIT ( * ) PLANE_ANGLE_UNIT ( ) SI_UNIT ( $, .RADIAN. ) );
#768 =( GEOMETRIC_REPRESENTATION_CONTEXT ( 3 ) GLOBAL_UNCERTAINTY_ASSIGNED_CONTEXT ( ( #3386 ) ) GLOBAL_UNIT_ASSIGNED_CONTEXT ( ( #8071, #2046, #6106 ) ) REPRESENTATION_CONTEXT ( 'NONE', 'WORKASPACE' ) );
#769 = VERTEX_POINT ( 'NONE', #1691 ) ;
#770 = DIRECTION ( 'NONE',  ( -0.0000000000000000000, 1.000000000000000000, 3.491481338843133355E-15 ) ) ;
#771 = CARTESIAN_POINT ( 'NONE',  ( -3.500000000000000888, -1.083471845651437615, 3.321328988508571278 ) ) ;
#772 = ORIENTED_EDGE ( 'NONE', *, *, #6285, .T. ) ;
#773 = CARTESIAN_POINT ( 'NONE',  ( -1.399999999999999689, -2.213471845651430403, 1.246328988508567548 ) ) ;
#774 = CARTESIAN_POINT ( 'NONE',  ( 0.08342524190655641048, -0.1096166941145463591, -0.01867101149142505120 ) ) ;
#775 = VECTOR ( 'NONE', #2413, 1000.000000000000000 ) ;
#776 = DIRECTION ( 'NONE',  ( 0.0000000000000000000, -1.000000000000000000, -3.491481338843133355E-15 ) ) ;
#777 = UNCERTAINTY_MEASURE_WITH_UNIT (LENGTH_MEASURE( 1.000000000000000082E-05 ), #2301, 'distance_accuracy_value', 'NONE');
#778 = CARTESIAN_POINT ( 'NONE',  ( 2.422348207309731549, -1.083471845651426513, 0.1213289885085712810 ) ) ;
#779 = CARTESIAN_POINT ( 'NONE',  ( 2.422348207309731549, -1.283471845651426246, 0.07132898850857084805 ) ) ;
#780 = ORIENTED_EDGE ( 'NONE', *, *, #8134, .T. ) ;
#781 = MECHANICAL_DESIGN_GEOMETRIC_PRESENTATION_REPRESENTATION (  '', ( #6401 ), #6296 ) ;
#782 = CARTESIAN_POINT ( 'NONE',  ( -0.09866058159799939720, -0.05422543764653075388, -0.02867101149142507743 ) ) ;
#783 = AXIS2_PLACEMENT_3D ( 'NONE', #7558, #1663, #3585 ) ;
#784 = CARTESIAN_POINT ( 'NONE',  ( 0.07439275573106213235, -0.02699901103041311978, -0.02867101149142507743 ) ) ;
#785 = VECTOR ( 'NONE', #1474, 1000.000000000000000 ) ;
#786 = ORIENTED_EDGE ( 'NONE', *, *, #2390, .T. ) ;
#787 = CIRCLE ( 'NONE', #1544, 0.04999999999999999584 ) ;
#788 = ORIENTED_EDGE ( 'NONE', *, *, #1889, .F. ) ;
#789 = UNCERTAINTY_MEASURE_WITH_UNIT (LENGTH_MEASURE( 1.000000000000000082E-05 ), #6040, 'distance_accuracy_value', 'NONE');
#790 = CARTESIAN_POINT ( 'NONE',  ( -3.299999999999999378, 1.186528154348562181, 3.321328988508579716 ) ) ;
#791 = CARTESIAN_POINT ( 'NONE',  ( 0.09156800734651385221, -0.02096818176992431421, -0.02867101149142507743 ) ) ;
#792 = ORIENTED_EDGE ( 'NONE', *, *, #146, .F. ) ;
#793 = ORIENTED_EDGE ( 'NONE', *, *, #5714, .F. ) ;
#794 = CARTESIAN_POINT ( 'NONE',  ( 3.149999999999995914, 1.186528154348571285, 0.7213289885085795161 ) ) ;
#795 = PRESENTATION_LAYER_ASSIGNMENT (  '', '', ( #4515 ) ) ;
#796 = CARTESIAN_POINT ( 'NONE',  ( 0.0000000000000000000, -1.083471845651432064, 1.746328988508571323 ) ) ;
#797 = ORIENTED_EDGE ( 'NONE', *, *, #4840, .T. ) ;
#798 = ORIENTED_EDGE ( 'NONE', *, *, #5672, .T. ) ;
#799 =( NAMED_UNIT ( * ) PLANE_ANGLE_UNIT ( ) SI_UNIT ( $, .RADIAN. ) );
#800 = CARTESIAN_POINT ( 'NONE',  ( -0.1963389515860110013, -0.1108404744450473406, -0.02867101149142507743 ) ) ;
#801 = VECTOR ( 'NONE', #2357, 1000.000000000000000 ) ;
#802 = LINE ( 'NONE', #545, #5374 ) ;
#803 = SURFACE_STYLE_USAGE ( .BOTH. , #2930 ) ;
#804 = VECTOR ( 'NONE', #2622, 1000.000000000000000 ) ;
#805 =( NAMED_UNIT ( * ) PLANE_ANGLE_UNIT ( ) SI_UNIT ( $, .RADIAN. ) );
#806 = CARTESIAN_POINT ( 'NONE',  ( -3.850000000000000089, -1.283471845651438459, 0.4713289885085710229 ) ) ;
#807 = EDGE_CURVE ( 'NONE', #808, #7958, #7995, .T. ) ;
#808 = VERTEX_POINT ( 'NONE', #7692 ) ;
#809 = ORIENTED_EDGE ( 'NONE', *, *, #5492, .T. ) ;
#810 = PRESENTATION_LAYER_ASSIGNMENT (  '', '', ( #7767 ) ) ;
#811 = DIRECTION ( 'NONE',  ( 1.000000000000000000, 0.0000000000000000000, 0.0000000000000000000 ) ) ;
#812 = ADVANCED_FACE ( 'NONE', ( #4446 ), #6351, .F. ) ;
#813 = B_SPLINE_CURVE_WITH_KNOTS ( 'NONE', 3,
 ( #1321, #6606, #23, #2668, #2646, #7371, #1381, #5336, #7285, #7309, #5247 ),
 .UNSPECIFIED., .F., .F.,
 ( 4, 1, 1, 1, 1, 1, 1, 1, 4 ),
 ( 0.0000000000000000000, 0.1252796967356235025, 0.2494199707420483858, 0.3733567994928193023, 0.4966812787822841302, 0.6202029157439812312, 0.7450863201614558173, 0.8712691950190976087, 1.000000000000000000 ),
 .UNSPECIFIED. ) ;
#814 = DIRECTION ( 'NONE',  ( -1.000000000000000000, 0.0000000000000000000, 0.0000000000000000000 ) ) ;
#815 =( NAMED_UNIT ( * ) SI_UNIT ( $, .STERADIAN. ) SOLID_ANGLE_UNIT ( ) );
#816 = ORIENTED_EDGE ( 'NONE', *, *, #1831, .F. ) ;
#817 = PRESENTATION_STYLE_ASSIGNMENT (( #3061 ) ) ;
#818 = PRESENTATION_STYLE_ASSIGNMENT (( #5236 ) ) ;
#819 = DIRECTION ( 'NONE',  ( 1.000000000000000000, 0.0000000000000000000, 0.0000000000000000000 ) ) ;
#820 = CARTESIAN_POINT ( 'NONE',  ( -2.549999999999999822, -0.1108404744450475488, -0.01867101149142505120 ) ) ;
#821 = STYLED_ITEM ( 'NONE', ( #3031 ), #4371 ) ;
#822 = EDGE_CURVE ( 'NONE', #7588, #7340, #6936, .T. ) ;
#823 = CARTESIAN_POINT ( 'NONE',  ( -1.399999999999999689, -2.313471845651430048, 1.146328988508567459 ) ) ;
#824 = ORIENTED_EDGE ( 'NONE', *, *, #1685, .T. ) ;
#825 = SURFACE_STYLE_FILL_AREA ( #3380 ) ;
#826 = FILL_AREA_STYLE ('',( #706 ) ) ;
#827 = DIRECTION ( 'NONE',  ( -0.0000000000000000000, 1.000000000000000000, 3.491481338843133355E-15 ) ) ;
#828 = SURFACE_SIDE_STYLE ('',( #2674 ) ) ;
#829 = FILL_AREA_STYLE_COLOUR ( '', #6114 ) ;
#830 = SURFACE_SIDE_STYLE ('',( #1063 ) ) ;
#831 = ORIENTED_EDGE ( 'NONE', *, *, #2243, .T. ) ;
#832 = COLOUR_RGB ( '',1.000000000000000000, 1.000000000000000000, 1.000000000000000000 ) ;
#833 = B_SPLINE_CURVE_WITH_KNOTS ( 'NONE', 3,
 ( #2463, #7797, #7092, #3124, #5121, #1215, #3846, #3875, #8518, #4534, #6560, #2626, #4684, #1400, #8040, #7271, #7237, #7912, #4593 ),
 .UNSPECIFIED., .F., .F.,
 ( 4, 1, 1, 1, 1, 1, 1, 1, 1, 1, 1, 1, 1, 1, 1, 1, 4 ),
 ( 0.0000000000000000000, 0.07063773301117780290, 0.1382450011702487380, 0.2033468934001621820, 0.2662317646429688267, 0.3281106245739829341, 0.3887373469517428903, 0.4496058064250175734, 0.5110380842449868677, 0.5720950616662165977, 0.6318835811693589433, 0.6911433818761031356, 0.7503811812088845290, 0.8100489962335832850, 0.8713733501460632080, 0.9344326971469834042, 0.9999999999999998890 ),
 .UNSPECIFIED. ) ;
#834 =( NAMED_UNIT ( * ) PLANE_ANGLE_UNIT ( ) SI_UNIT ( $, .RADIAN. ) );
#835 = MECHANICAL_DESIGN_GEOMETRIC_PRESENTATION_REPRESENTATION (  '', ( #8304 ), #6176 ) ;
#836 = VECTOR ( 'NONE', #2795, 1000.000000000000000 ) ;
#837 = CARTESIAN_POINT ( 'NONE',  ( -0.05857504366135873886, -0.02307967293561485195, -0.02867101149142507743 ) ) ;
#838 = CARTESIAN_POINT ( 'NONE',  ( 0.1110504197503133089, -0.09966693915964371098, -0.01867101149142505120 ) ) ;
#839 = B_SPLINE_SURFACE_WITH_KNOTS ( 'NONE', 3, 1, ( 
 ( #4698, #4036 ),
 ( #2667, #6038 ),
 ( #2732, #4639 ),
 ( #3257, #21 ),
 ( #7254, #3915 ),
 ( #8591, #3378 ),
 ( #4579, #4612 ),
 ( #5945, #607 ),
 ( #5245, #3319 ),
 ( #1380, #7284 ),
 ( #53, #1355 ),
 ( #5279, #1290 ),
 ( #1973, #4667 ),
 ( #3284, #719 ),
 ( #6576, #7927 ),
 ( #1319, #5976 ),
 ( #2001, #3345 ),
 ( #665, #6605 ),
 ( #2643, #7962 ) ),
 .UNSPECIFIED., .F., .F., .F.,
 ( 4, 1, 1, 1, 1, 1, 1, 1, 1, 1, 1, 1, 1, 1, 1, 1, 4 ),
 ( 2, 2 ),
 ( 0.0000000000000000000, 0.06905207252007627972, 0.1347465263090332765, 0.1981262564911068225, 0.2590629770305138413, 0.3186738692911921245, 0.3768170599215823202, 0.4347542133424528998, 0.4923932805146840064, 0.5501211953540401378, 0.6076737513521417444, 0.6662171152667630825, 0.7267757507703785924, 0.7895196170547855719, 0.8556195004408313487, 0.9257029502726532577, 1.000000000000000000 ),
 ( 0.0000000000000000000, 1.000000000000000000 ),
 .UNSPECIFIED. ) ;
#840 = SURFACE_SIDE_STYLE ('',( #2002 ) ) ;
#841 = DIRECTION ( 'NONE',  ( 0.0000000000000000000, -1.000000000000000000, -3.491481338843133355E-15 ) ) ;
#842 = CARTESIAN_POINT ( 'NONE',  ( 3.549999999999999822, -0.9834718456514253138, -0.02867101149142811320 ) ) ;
#843 = CARTESIAN_POINT ( 'NONE',  ( 0.1057047834555349397, -0.02124601077639056909, -0.02867101149142507743 ) ) ;
#844 = PRESENTATION_LAYER_ASSIGNMENT (  '', '', ( #7695 ) ) ;
#845 = VECTOR ( 'NONE', #2318, 1000.000000000000000 ) ;
#846 = ORIENTED_EDGE ( 'NONE', *, *, #567, .T. ) ;
#847 = CARTESIAN_POINT ( 'NONE',  ( 1.149999999999999911, -0.1834718456514242702, -0.5286710114914259240 ) ) ;
#848 = DIRECTION ( 'NONE',  ( -0.0000000000000000000, -3.491481338843133355E-15, 1.000000000000000000 ) ) ;
#849 =( GEOMETRIC_REPRESENTATION_CONTEXT ( 3 ) GLOBAL_UNCERTAINTY_ASSIGNED_CONTEXT ( ( #5130 ) ) GLOBAL_UNIT_ASSIGNED_CONTEXT ( ( #8341, #4356, #5028 ) ) REPRESENTATION_CONTEXT ( 'NONE', 'WORKASPACE' ) );
#850 = SURFACE_STYLE_FILL_AREA ( #4948 ) ;
#851 = ADVANCED_FACE ( 'NONE', ( #77 ), #1012, .F. ) ;
#852 = LINE ( 'NONE', #5564, #5533 ) ;
#853 =( NAMED_UNIT ( * ) SI_UNIT ( $, .STERADIAN. ) SOLID_ANGLE_UNIT ( ) );
#854 = ORIENTED_EDGE ( 'NONE', *, *, #278, .F. ) ;
#855 = SURFACE_STYLE_USAGE ( .BOTH. , #5479 ) ;
#856 = CARTESIAN_POINT ( 'NONE',  ( -0.1504929150006451277, -0.02303559639626681643, -0.02867101149142507743 ) ) ;
#857 = EDGE_CURVE ( 'NONE', #6822, #3583, #4646, .T. ) ;
#858 = VECTOR ( 'NONE', #7490, 1000.000000000000000 ) ;
#859 = CARTESIAN_POINT ( 'NONE',  ( 0.04146592646276945487, -0.05474291346943765957, -0.02867101149142507743 ) ) ;
#860 = CARTESIAN_POINT ( 'NONE',  ( -2.948179295342850725, -1.333471845651432064, 1.746328988508570434 ) ) ;
#861 = CARTESIAN_POINT ( 'NONE',  ( 0.1019079996335011673, -0.1120599866401693762, -0.02867101149142507743 ) ) ;
#862 = ORIENTED_EDGE ( 'NONE', *, *, #2709, .F. ) ;
#863 = CARTESIAN_POINT ( 'NONE',  ( -0.09512910809910800347, -0.08052097921487907928, -0.01867101149142528019 ) ) ;
#864 = CARTESIAN_POINT ( 'NONE',  ( -0.08394460389428659575, -0.04701758868164412214, -0.01867101149142505120 ) ) ;
#865 = SURFACE_SIDE_STYLE ('',( #2854 ) ) ;
#866 = VECTOR ( 'NONE', #5824, 1000.000000000000000 ) ;
#867 = B_SPLINE_SURFACE_WITH_KNOTS ( 'NONE', 3, 1, ( 
 ( #4589, #582 ),
 ( #2568, #7266 ),
 ( #5924, #5316 ),
 ( #5870, #3354 ),
 ( #5985, #2650 ),
 ( #8543, #5197 ),
 ( #615, #1924 ),
 ( #1299, #4560 ),
 ( #5226, #1952 ),
 ( #6554, #2592 ),
 ( #5259, #3295 ) ),
 .UNSPECIFIED., .F., .F., .F.,
 ( 4, 1, 1, 1, 1, 1, 1, 1, 4 ),
 ( 2, 2 ),
 ( 0.0000000000000000000, 0.1352946047634291937, 0.2667656579247481008, 0.3948160188358729172, 0.5200516544342453917, 0.6421757029708216047, 0.7626518205584227328, 0.8818340043805041883, 0.9999999999999998890 ),
 ( 0.0000000000000000000, 1.000000000000000000 ),
 .UNSPECIFIED. ) ;
#868 = EDGE_CURVE ( 'NONE', #808, #7854, #2185, .T. ) ;
#869 = DIRECTION ( 'NONE',  ( 0.0000000000000000000, 4.336808689942016947E-15, -1.000000000000000000 ) ) ;
#870 = CARTESIAN_POINT ( 'NONE',  ( -0.09877797597625495585, -0.05958285249382778287, -0.02867101149142507743 ) ) ;
#871 = MECHANICAL_DESIGN_GEOMETRIC_PRESENTATION_REPRESENTATION (  '', ( #4590 ), #3098 ) ;
#872 = PRESENTATION_STYLE_ASSIGNMENT (( #5993 ) ) ;
#873 = VERTEX_POINT ( 'NONE', #4689 ) ;
#874 = DIRECTION ( 'NONE',  ( -0.0000000000000000000, 4.304632968207263259E-15, -1.000000000000000000 ) ) ;
#875 = VERTEX_POINT ( 'NONE', #654 ) ;
#876 = ORIENTED_EDGE ( 'NONE', *, *, #734, .T. ) ;
#877 = LINE ( 'NONE', #6280, #5126 ) ;
#878 = PLANE ( 'NONE',  #1981 ) ;
#879 = UNCERTAINTY_MEASURE_WITH_UNIT (LENGTH_MEASURE( 1.000000000000000082E-05 ), #6596, 'distance_accuracy_value', 'NONE');
#880 = VECTOR ( 'NONE', #5043, 1000.000000000000000 ) ;
#881 = CIRCLE ( 'NONE', #3125, 0.2999999999999999334 ) ;
#882 = ORIENTED_EDGE ( 'NONE', *, *, #8467, .T. ) ;
#883 = CARTESIAN_POINT ( 'NONE',  ( 0.1019079996335010146, -0.1120599866401695982, -0.01867101149142505120 ) ) ;
#884 = DIRECTION ( 'NONE',  ( 0.0000000000000000000, -3.491481338843133355E-15, 1.000000000000000000 ) ) ;
#885 = DIRECTION ( 'NONE',  ( 1.000000000000000000, 0.0000000000000000000, 0.0000000000000000000 ) ) ;
#886 = EDGE_CURVE ( 'NONE', #6575, #5003, #5689, .T. ) ;
#887 = VERTEX_POINT ( 'NONE', #3309 ) ;
#888 = CARTESIAN_POINT ( 'NONE',  ( -0.08478791374570733563, -0.06875189655299869529, -0.01867101149142505120 ) ) ;
#889 = PRESENTATION_LAYER_ASSIGNMENT (  '', '', ( #8345 ) ) ;
#890 = DIRECTION ( 'NONE',  ( 0.0000000000000000000, -1.000000000000000000, -3.491481338843133355E-15 ) ) ;
#891 =( GEOMETRIC_REPRESENTATION_CONTEXT ( 3 ) GLOBAL_UNCERTAINTY_ASSIGNED_CONTEXT ( ( #943 ) ) GLOBAL_UNIT_ASSIGNED_CONTEXT ( ( #5294, #2594, #2012 ) ) REPRESENTATION_CONTEXT ( 'NONE', 'WORKASPACE' ) );
#892 = CARTESIAN_POINT ( 'NONE',  ( -3.149999999999995914, 1.186528154348563957, 2.921328988508580249 ) ) ;
#893 = CYLINDRICAL_SURFACE ( 'NONE', #3206, 0.04999999999999999584 ) ;
#894 = ORIENTED_EDGE ( 'NONE', *, *, #1577, .F. ) ;
#895 = CARTESIAN_POINT ( 'NONE',  ( -0.1060950491469866142, -0.1108404744450475488, -0.01867101149142505120 ) ) ;
#896 = ORIENTED_EDGE ( 'NONE', *, *, #8234, .T. ) ;
#897 = CARTESIAN_POINT ( 'NONE',  ( 3.299999999999999378, -1.083471845651437615, 3.321328988508571278 ) ) ;
#898 = CARTESIAN_POINT ( 'NONE',  ( 2.998179295342849215, -1.362761167532780870, 2.731321192064205761 ) ) ;
#899 = EDGE_LOOP ( 'NONE', ( #473, #5107, #3905, #1351 ) ) ;
#900 = FILL_AREA_STYLE_COLOUR ( '', #1926 ) ;
#901 = CARTESIAN_POINT ( 'NONE',  ( -2.456307219633194538, -1.283471845651426468, 0.08463041248694781749 ) ) ;
#902 = ADVANCED_FACE ( 'NONE', ( #4873 ), #4144, .T. ) ;
#903 = FACE_OUTER_BOUND ( 'NONE', #899, .T. ) ;
#904 = EDGE_LOOP ( 'NONE', ( #7855, #6371, #862, #772, #3601 ) ) ;
#905 = CARTESIAN_POINT ( 'NONE',  ( -1.150000000000000133, -0.1834718456514229934, -0.8286710114914245251 ) ) ;
#906 = ORIENTED_EDGE ( 'NONE', *, *, #163, .T. ) ;
#907 = CARTESIAN_POINT ( 'NONE',  ( 2.375000000000000444, 0.6865281543485735050, -0.02867101149142377639 ) ) ;
#908 = ORIENTED_EDGE ( 'NONE', *, *, #667, .T. ) ;
#909 = AXIS2_PLACEMENT_3D ( 'NONE', #8395, #7731, #5087 ) ;
#910 = DIRECTION ( 'NONE',  ( -0.0000000000000000000, 3.491481338843133355E-15, -1.000000000000000000 ) ) ;
#911 = FILL_AREA_STYLE ('',( #5433 ) ) ;
#912 = CARTESIAN_POINT ( 'NONE',  ( 0.04146592646276945487, -0.06571852322553514703, -0.02867101149142507743 ) ) ;
#913 = EDGE_CURVE ( 'NONE', #6895, #4329, #2388, .T. ) ;
#914 =( LENGTH_UNIT ( ) NAMED_UNIT ( * ) SI_UNIT ( .MILLI., .METRE. ) );
#915 = ORIENTED_EDGE ( 'NONE', *, *, #8160, .T. ) ;
#916 = CIRCLE ( 'NONE', #5127, 0.02499999999999984873 ) ;
#917 = EDGE_CURVE ( 'NONE', #1526, #6887, #4544, .T. ) ;
#918 =( GEOMETRIC_REPRESENTATION_CONTEXT ( 3 ) GLOBAL_UNCERTAINTY_ASSIGNED_CONTEXT ( ( #1623 ) ) GLOBAL_UNIT_ASSIGNED_CONTEXT ( ( #7940, #3928, #1335 ) ) REPRESENTATION_CONTEXT ( 'NONE', 'WORKASPACE' ) );
#919 = LINE ( 'NONE', #7532, #7680 ) ;
#920 = SURFACE_STYLE_USAGE ( .BOTH. , #276 ) ;
#921 =( NAMED_UNIT ( * ) PLANE_ANGLE_UNIT ( ) SI_UNIT ( $, .RADIAN. ) );
#922 = CARTESIAN_POINT ( 'NONE',  ( -0.06244635162287279218, -0.09731347799046487224, -0.01867101149142505120 ) ) ;
#923 = ORIENTED_EDGE ( 'NONE', *, *, #5863, .T. ) ;
#924 = DIRECTION ( 'NONE',  ( -1.000000000000000000, 3.491481338843133355E-15, 1.219044193948983948E-29 ) ) ;
#925 = VECTOR ( 'NONE', #135, 1000.000000000000000 ) ;
#926 = SURFACE_STYLE_USAGE ( .BOTH. , #830 ) ;
#927 = EDGE_CURVE ( 'NONE', #294, #2130, #7041, .T. ) ;
#928 = ORIENTED_EDGE ( 'NONE', *, *, #5880, .T. ) ;
#929 = STYLED_ITEM ( 'NONE', ( #3994 ), #3258 ) ;
#930 = CARTESIAN_POINT ( 'NONE',  ( -0.06565731838114502450, -0.02548417259775389437, -0.01867101149142505120 ) ) ;
#931 = ORIENTED_EDGE ( 'NONE', *, *, #3436, .T. ) ;
#932 = DIRECTION ( 'NONE',  ( 0.0000000000000000000, -1.000000000000000000, -3.491481338843133355E-15 ) ) ;
#933 = FACE_OUTER_BOUND ( 'NONE', #3208, .T. ) ;
#934 = CARTESIAN_POINT ( 'NONE',  ( -1.399999999999999911, -2.213471845651432179, 1.746328988508567104 ) ) ;
#935 = UNCERTAINTY_MEASURE_WITH_UNIT (LENGTH_MEASURE( 1.000000000000000082E-05 ), #8352, 'distance_accuracy_value', 'NONE');
#936 = DIRECTION ( 'NONE',  ( 1.000000000000000000, 0.0000000000000000000, 0.0000000000000000000 ) ) ;
#937 = ORIENTED_EDGE ( 'NONE', *, *, #4952, .F. ) ;
#938 = PRESENTATION_STYLE_ASSIGNMENT (( #3827 ) ) ;
#939 = SURFACE_SIDE_STYLE ('',( #6393 ) ) ;
#940 = DIRECTION ( 'NONE',  ( 0.0000000000000000000, 1.000000000000000000, 3.491481338843133355E-15 ) ) ;
#941 = EDGE_CURVE ( 'NONE', #682, #7852, #6412, .T. ) ;
#942 = STYLED_ITEM ( 'NONE', ( #4776 ), #7976 ) ;
#943 = UNCERTAINTY_MEASURE_WITH_UNIT (LENGTH_MEASURE( 1.000000000000000082E-05 ), #5294, 'distance_accuracy_value', 'NONE');
#944 = CARTESIAN_POINT ( 'NONE',  ( -0.1490518916392067073, -0.02860974612264172157, -0.02867101149142507743 ) ) ;
#945 = EDGE_LOOP ( 'NONE', ( #6067, #1360, #2728, #2632 ) ) ;
#946 = VECTOR ( 'NONE', #8471, 1000.000000000000114 ) ;
#947 =( NAMED_UNIT ( * ) PLANE_ANGLE_UNIT ( ) SI_UNIT ( $, .RADIAN. ) );
#948 =( NAMED_UNIT ( * ) SI_UNIT ( $, .STERADIAN. ) SOLID_ANGLE_UNIT ( ) );
#949 = SURFACE_STYLE_USAGE ( .BOTH. , #5007 ) ;
#950 = DIRECTION ( 'NONE',  ( 0.0000000000000000000, -1.000000000000000000, 0.0000000000000000000 ) ) ;
#951 =( LENGTH_UNIT ( ) NAMED_UNIT ( * ) SI_UNIT ( .MILLI., .METRE. ) );
#952 = STYLED_ITEM ( 'NONE', ( #6178 ), #288 ) ;
#953 = UNCERTAINTY_MEASURE_WITH_UNIT (LENGTH_MEASURE( 1.000000000000000082E-05 ), #5785, 'distance_accuracy_value', 'NONE');
#954 = CARTESIAN_POINT ( 'NONE',  ( -3.300000000000000711, -1.283471845651438459, 3.521328988508570568 ) ) ;
#955 = CIRCLE ( 'NONE', #8549, 0.05000000000000000278 ) ;
#956 =( GEOMETRIC_REPRESENTATION_CONTEXT ( 3 ) GLOBAL_UNCERTAINTY_ASSIGNED_CONTEXT ( ( #3063 ) ) GLOBAL_UNIT_ASSIGNED_CONTEXT ( ( #1608, #8152, #4282 ) ) REPRESENTATION_CONTEXT ( 'NONE', 'WORKASPACE' ) );
#957 = SURFACE_SIDE_STYLE ('',( #5551 ) ) ;
#958 = LINE ( 'NONE', #6137, #3033 ) ;
#959 =( NAMED_UNIT ( * ) SI_UNIT ( $, .STERADIAN. ) SOLID_ANGLE_UNIT ( ) );
#960 = DIRECTION ( 'NONE',  ( -0.7339715204324520625, 2.371345156258378148E-15, -0.6791802464692819896 ) ) ;
#961 = ORIENTED_EDGE ( 'NONE', *, *, #1261, .F. ) ;
#962 = PLANE ( 'NONE',  #1209 ) ;
#963 = PRESENTATION_LAYER_ASSIGNMENT (  '', '', ( #7803 ) ) ;
#964 = DIRECTION ( 'NONE',  ( 0.0000000000000000000, 1.000000000000000000, 3.491481338843133355E-15 ) ) ;
#965 = FILL_AREA_STYLE ('',( #3779 ) ) ;
#966 = AXIS2_PLACEMENT_3D ( 'NONE', #6290, #307, #5669 ) ;
#967 = SURFACE_STYLE_FILL_AREA ( #4768 ) ;
#968 = ORIENTED_EDGE ( 'NONE', *, *, #4525, .T. ) ;
#969 = DIRECTION ( 'NONE',  ( 0.0000000000000000000, -3.491481338843133355E-15, 1.000000000000000000 ) ) ;
#970 = CARTESIAN_POINT ( 'NONE',  ( -0.1498413696466823208, -0.02509622219135933946, -0.02867101149142507743 ) ) ;
#971 = DIRECTION ( 'NONE',  ( 0.0000000000000000000, 1.000000000000000000, 3.491481338843133355E-15 ) ) ;
#972 = CARTESIAN_POINT ( 'NONE',  ( -2.098518552703154683, -1.333471845651435617, 2.731321192064204872 ) ) ;
#973 = CARTESIAN_POINT ( 'NONE',  ( 0.1348200975289000625, -0.07039288676088657770, -0.02867101149142507743 ) ) ;
#974 = EDGE_CURVE ( 'NONE', #4182, #7605, #2286, .T. ) ;
#975 = CARTESIAN_POINT ( 'NONE',  ( -0.08526180085909217110, -0.06439582964054449410, -0.02867101149142507743 ) ) ;
#976 = ORIENTED_EDGE ( 'NONE', *, *, #4441, .T. ) ;
#977 = DIRECTION ( 'NONE',  ( -1.000000000000000000, -0.0000000000000000000, 0.0000000000000000000 ) ) ;
#978 = VERTEX_POINT ( 'NONE', #7446 ) ;
#979 = DIRECTION ( 'NONE',  ( -0.0000000000000000000, 3.491481338843133355E-15, -1.000000000000000000 ) ) ;
#980 =( GEOMETRIC_REPRESENTATION_CONTEXT ( 3 ) GLOBAL_UNCERTAINTY_ASSIGNED_CONTEXT ( ( #4038 ) ) GLOBAL_UNIT_ASSIGNED_CONTEXT ( ( #49, #834, #2839 ) ) REPRESENTATION_CONTEXT ( 'NONE', 'WORKASPACE' ) );
#981 = DIRECTION ( 'NONE',  ( 0.0000000000000000000, -4.304632968207263259E-15, 1.000000000000000000 ) ) ;
#982 = CARTESIAN_POINT ( 'NONE',  ( 3.149999999999995914, 1.186528154348571285, 0.7213289885085795161 ) ) ;
#983 = CARTESIAN_POINT ( 'NONE',  ( -0.08742097336376605798, -0.09327324795648309075, -0.02867101149142507743 ) ) ;
#984 = VERTEX_POINT ( 'NONE', #4879 ) ;
#985 = CARTESIAN_POINT ( 'NONE',  ( 2.098518552703152906, -1.362761167532780870, 2.731321192064205761 ) ) ;
#986 = ADVANCED_FACE ( 'NONE', ( #595 ), #1524, .F. ) ;
#987 = ORIENTED_EDGE ( 'NONE', *, *, #8598, .F. ) ;
#988 = SURFACE_STYLE_USAGE ( .BOTH. , #4974 ) ;
#989 =( NAMED_UNIT ( * ) SI_UNIT ( $, .STERADIAN. ) SOLID_ANGLE_UNIT ( ) );
#990 = PRESENTATION_LAYER_ASSIGNMENT (  '', '', ( #2447 ) ) ;
#991 = CARTESIAN_POINT ( 'NONE',  ( 0.2085390971944768301, -0.01084047444504729341, -0.02867101149142507743 ) ) ;
#992 = VECTOR ( 'NONE', #4274, 1000.000000000000000 ) ;
#993 = LINE ( 'NONE', #7662, #2549 ) ;
#994 = LINE ( 'NONE', #6282, #4114 ) ;
#995 = ORIENTED_EDGE ( 'NONE', *, *, #6541, .F. ) ;
#996 = SURFACE_STYLE_USAGE ( .BOTH. , #2348 ) ;
#997 = CARTESIAN_POINT ( 'NONE',  ( 2.549999999999996270, 1.186528154348571285, 0.7213289885085795161 ) ) ;
#998 = ORIENTED_EDGE ( 'NONE', *, *, #1055, .F. ) ;
#999 = FILL_AREA_STYLE ('',( #3685 ) ) ;
#1000 = ORIENTED_EDGE ( 'NONE', *, *, #6162, .T. ) ;
#1001 = EDGE_CURVE ( 'NONE', #5473, #2456, #5270, .T. ) ;
#1002 = SURFACE_STYLE_FILL_AREA ( #4072 ) ;
#1003 = SURFACE_STYLE_USAGE ( .BOTH. , #5840 ) ;
#1004 = EDGE_LOOP ( 'NONE', ( #3362, #7352, #6791, #4817, #6710 ) ) ;
#1005 = PLANE ( 'NONE',  #7644 ) ;
#1006 = PRESENTATION_LAYER_ASSIGNMENT (  '', '', ( #2030 ) ) ;
#1007 = CARTESIAN_POINT ( 'NONE',  ( 3.549999999999999822, -1.083471845651427179, 0.4713289885085714670 ) ) ;
#1008 = VERTEX_POINT ( 'NONE', #6200 ) ;
#1009 = ORIENTED_EDGE ( 'NONE', *, *, #1162, .F. ) ;
#1010 =( LENGTH_UNIT ( ) NAMED_UNIT ( * ) SI_UNIT ( .MILLI., .METRE. ) );
#1011 = VERTEX_POINT ( 'NONE', #5645 ) ;
#1012 = PLANE ( 'NONE',  #4012 ) ;
#1013 = CARTESIAN_POINT ( 'NONE',  ( -2.549999999999999822, -1.083471845651426513, 0.1713289885085715336 ) ) ;
#1014 = MECHANICAL_DESIGN_GEOMETRIC_PRESENTATION_REPRESENTATION (  '', ( #6070 ), #5466 ) ;
#1015 = SURFACE_STYLE_USAGE ( .BOTH. , #2939 ) ;
#1016 = STYLED_ITEM ( 'NONE', ( #3975 ), #7059 ) ;
#1017 = ORIENTED_EDGE ( 'NONE', *, *, #6818, .F. ) ;
#1018 = LINE ( 'NONE', #1527, #3824 ) ;
#1019 = DIRECTION ( 'NONE',  ( -1.000000000000000000, -0.0000000000000000000, 0.0000000000000000000 ) ) ;
#1020 = PRESENTATION_STYLE_ASSIGNMENT (( #5481 ) ) ;
#1021 = DIRECTION ( 'NONE',  ( 0.0000000000000000000, -1.000000000000000000, -3.491481338843133355E-15 ) ) ;
#1022 = FILL_AREA_STYLE_COLOUR ( '', #7219 ) ;
#1023 = VECTOR ( 'NONE', #7619, 1000.000000000000000 ) ;
#1024 = EDGE_CURVE ( 'NONE', #1414, #3183, #2578, .T. ) ;
#1025 = ORIENTED_EDGE ( 'NONE', *, *, #886, .F. ) ;
#1026 = ADVANCED_FACE ( 'NONE', ( #8596 ), #4535, .F. ) ;
#1027 = LINE ( 'NONE', #514, #2910 ) ;
#1028 = LINE ( 'NONE', #2110, #8311 ) ;
#1029 = STYLED_ITEM ( 'NONE', ( #4706 ), #2477 ) ;
#1030 =( LENGTH_UNIT ( ) NAMED_UNIT ( * ) SI_UNIT ( .MILLI., .METRE. ) );
#1031 =( NAMED_UNIT ( * ) SI_UNIT ( $, .STERADIAN. ) SOLID_ANGLE_UNIT ( ) );
#1032 = DIRECTION ( 'NONE',  ( 4.336808689942017736E-16, -3.491481338843133355E-15, 1.000000000000000000 ) ) ;
#1033 = DIRECTION ( 'NONE',  ( 0.0000000000000000000, 1.000000000000000000, 3.491481338843133355E-15 ) ) ;
#1034 = ORIENTED_EDGE ( 'NONE', *, *, #5441, .F. ) ;
#1035 =( NAMED_UNIT ( * ) PLANE_ANGLE_UNIT ( ) SI_UNIT ( $, .RADIAN. ) );
#1036 = EDGE_CURVE ( 'NONE', #1965, #6804, #6501, .T. ) ;
#1037 = VERTEX_POINT ( 'NONE', #4449 ) ;
#1038 = DIRECTION ( 'NONE',  ( 0.0000000000000000000, 1.000000000000000000, 3.491481338843133355E-15 ) ) ;
#1039 = UNCERTAINTY_MEASURE_WITH_UNIT (LENGTH_MEASURE( 1.000000000000000082E-05 ), #554, 'distance_accuracy_value', 'NONE');
#1040 = LINE ( 'NONE', #4076, #5809 ) ;
#1041 = CARTESIAN_POINT ( 'NONE',  ( -2.375000000000001332, 1.476528154348573763, -0.02867101149141900590 ) ) ;
#1042 = B_SPLINE_SURFACE_WITH_KNOTS ( 'NONE', 3, 1, ( 
 ( #8283, #2909 ),
 ( #2995, #6242 ),
 ( #338, #2287 ),
 ( #485, #7045 ),
 ( #3707, #7690 ),
 ( #4370, #5124 ),
 ( #1070, #3678 ) ),
 .UNSPECIFIED., .F., .F., .F.,
 ( 4, 1, 1, 1, 4 ),
 ( 2, 2 ),
 ( 0.0000000000000000000, 0.1999888450462393719, 0.4316525873880203701, 0.6994251322298119522, 1.000000000000000000 ),
 ( 0.0000000000000000000, 1.000000000000000000 ),
 .UNSPECIFIED. ) ;
#1043 = CARTESIAN_POINT ( 'NONE',  ( 3.500000000000000888, -1.083471845651435617, 2.796076259633627714 ) ) ;
#1044 = B_SPLINE_CURVE_WITH_KNOTS ( 'NONE', 3,
 ( #2295, #3807, #8448, #575, #6548, #2507, #4526, #3889, #1295, #3919, #4469, #5920, #3202, #5220, #8506, #7144, #550, #3139, #5833 ),
 .UNSPECIFIED., .F., .F.,
 ( 4, 1, 1, 1, 1, 1, 1, 1, 1, 1, 1, 1, 1, 1, 1, 1, 4 ),
 ( 0.0000000000000000000, 0.07082642719843205981, 0.1381687497167491396, 0.2024749159955613331, 0.2639732126625843889, 0.3236544888807542653, 0.3818108019687186383, 0.4394031355784575599, 0.4973374405450628477, 0.5550967670692515954, 0.6130048974764317204, 0.6715395104890307110, 0.7316562728107176561, 0.7942982337746841148, 0.8594824933627498442, 0.9276814738717472641, 1.000000000000000000 ),
 .UNSPECIFIED. ) ;
#1045 = ORIENTED_EDGE ( 'NONE', *, *, #1991, .F. ) ;
#1046 = FILL_AREA_STYLE_COLOUR ( '', #2802 ) ;
#1047 = FACE_OUTER_BOUND ( 'NONE', #5448, .T. ) ;
#1048 = VECTOR ( 'NONE', #7318, 1000.000000000000000 ) ;
#1049 = DIRECTION ( 'NONE',  ( 1.000000000000000000, 0.0000000000000000000, -0.0000000000000000000 ) ) ;
#1050 =( LENGTH_UNIT ( ) NAMED_UNIT ( * ) SI_UNIT ( .MILLI., .METRE. ) );
#1051 = CARTESIAN_POINT ( 'NONE',  ( -3.500000000000000888, -1.283471845651435794, 2.796076259633627270 ) ) ;
#1052 = UNCERTAINTY_MEASURE_WITH_UNIT (LENGTH_MEASURE( 1.000000000000000082E-05 ), #6054, 'distance_accuracy_value', 'NONE');
#1053 = FILL_AREA_STYLE ('',( #1022 ) ) ;
#1054 = FACE_OUTER_BOUND ( 'NONE', #5451, .T. ) ;
#1055 = EDGE_CURVE ( 'NONE', #2246, #8603, #4866, .T. ) ;
#1056 = AXIS2_PLACEMENT_3D ( 'NONE', #2379, #4337, #2327 ) ;
#1057 = PRESENTATION_LAYER_ASSIGNMENT (  '', '', ( #3566 ) ) ;
#1058 = LINE ( 'NONE', #2215, #1389 ) ;
#1059 = DIRECTION ( 'NONE',  ( 1.000000000000000000, 0.0000000000000000000, 0.0000000000000000000 ) ) ;
#1060 = LINE ( 'NONE', #4947, #845 ) ;
#1061 = ORIENTED_EDGE ( 'NONE', *, *, #2956, .F. ) ;
#1062 = CARTESIAN_POINT ( 'NONE',  ( 0.1256678823961092095, -0.09052181339387925518, -0.02867101149142507743 ) ) ;
#1063 = SURFACE_STYLE_FILL_AREA ( #4821 ) ;
#1064 = FILL_AREA_STYLE_COLOUR ( '', #3238 ) ;
#1065 =( GEOMETRIC_REPRESENTATION_CONTEXT ( 3 ) GLOBAL_UNCERTAINTY_ASSIGNED_CONTEXT ( ( #3243 ) ) GLOBAL_UNIT_ASSIGNED_CONTEXT ( ( #6041, #5402, #7547 ) ) REPRESENTATION_CONTEXT ( 'NONE', 'WORKASPACE' ) );
#1066 = ORIENTED_EDGE ( 'NONE', *, *, #6818, .T. ) ;
#1067 = CARTESIAN_POINT ( 'NONE',  ( -1.149999999999999689, -0.1834718456514257690, -0.02867101149142551111 ) ) ;
#1068 = AXIS2_PLACEMENT_3D ( 'NONE', #182, #8210, #3529 ) ;
#1069 = PLANE ( 'NONE',  #6900 ) ;
#1070 = CARTESIAN_POINT ( 'NONE',  ( -0.1501689820738158765, -0.02303559639626681643, -0.02867101149142507743 ) ) ;
#1071 = ADVANCED_FACE ( 'NONE', ( #1671 ), #6345, .F. ) ;
#1072 = DIRECTION ( 'NONE',  ( 0.0000000000000000000, 3.491481338843133355E-15, -1.000000000000000000 ) ) ;
#1073 =( NAMED_UNIT ( * ) SI_UNIT ( $, .STERADIAN. ) SOLID_ANGLE_UNIT ( ) );
#1074 = DIRECTION ( 'NONE',  ( 0.0000000000000000000, -3.491481338843133355E-15, 1.000000000000000000 ) ) ;
#1075 = DIRECTION ( 'NONE',  ( -1.000000000000000000, -0.0000000000000000000, 0.0000000000000000000 ) ) ;
#1076 = VERTEX_POINT ( 'NONE', #702 ) ;
#1077 = ORIENTED_EDGE ( 'NONE', *, *, #3561, .F. ) ;
#1078 = VECTOR ( 'NONE', #2556, 1000.000000000000000 ) ;
#1079 =( GEOMETRIC_REPRESENTATION_CONTEXT ( 3 ) GLOBAL_UNCERTAINTY_ASSIGNED_CONTEXT ( ( #2252 ) ) GLOBAL_UNIT_ASSIGNED_CONTEXT ( ( #6410, #6359, #1107 ) ) REPRESENTATION_CONTEXT ( 'NONE', 'WORKASPACE' ) );
#1080 = DIRECTION ( 'NONE',  ( -4.336808689942018229E-16, -1.000000000000000000, -3.491481338843132961E-15 ) ) ;
#1081 = DIRECTION ( 'NONE',  ( -1.000000000000000000, 0.0000000000000000000, 0.0000000000000000000 ) ) ;
#1082 = LINE ( 'NONE', #7503, #3151 ) ;
#1083 = EDGE_LOOP ( 'NONE', ( #481, #1927, #3770, #6181 ) ) ;
#1084 = FACE_OUTER_BOUND ( 'NONE', #2148, .T. ) ;
#1085 = VERTEX_POINT ( 'NONE', #6685 ) ;
#1086 = ORIENTED_EDGE ( 'NONE', *, *, #2308, .F. ) ;
#1087 = CARTESIAN_POINT ( 'NONE',  ( -2.977468617224196201, -1.383471845651435661, 2.710610513945550526 ) ) ;
#1088 = EDGE_CURVE ( 'NONE', #761, #7876, #8588, .T. ) ;
#1089 = CARTESIAN_POINT ( 'NONE',  ( 0.09781120085301335532, -0.02059657200602298815, -0.01867101149142505120 ) ) ;
#1090 = AXIS2_PLACEMENT_3D ( 'NONE', #2190, #6750, #4117 ) ;
#1091 = FACE_OUTER_BOUND ( 'NONE', #5362, .T. ) ;
#1092 = DIRECTION ( 'NONE',  ( 0.0000000000000000000, -3.491481338843133355E-15, 1.000000000000000000 ) ) ;
#1093 = ORIENTED_EDGE ( 'NONE', *, *, #8274, .T. ) ;
#1094 = DIRECTION ( 'NONE',  ( 0.0000000000000000000, -3.491481338843133355E-15, 1.000000000000000000 ) ) ;
#1095 = CARTESIAN_POINT ( 'NONE',  ( 3.500000000000000888, -1.283471845651435794, 2.796076259633627270 ) ) ;
#1096 = FILL_AREA_STYLE ('',( #5730 ) ) ;
#1097 = DIRECTION ( 'NONE',  ( 1.000000000000000000, 4.336808689942020694E-16, 1.514188661106530136E-30 ) ) ;
#1098 = DIRECTION ( 'NONE',  ( -0.0000000000000000000, 4.575683511328640156E-15, -1.000000000000000000 ) ) ;
#1099 = LINE ( 'NONE', #153, #4344 ) ;
#1100 = VECTOR ( 'NONE', #6665, 1000.000000000000000 ) ;
#1101 = CARTESIAN_POINT ( 'NONE',  ( 3.299999999999998934, 1.186528154348561737, 3.521328988508579450 ) ) ;
#1102 = FACE_OUTER_BOUND ( 'NONE', #6935, .T. ) ;
#1103 = ORIENTED_EDGE ( 'NONE', *, *, #7414, .T. ) ;
#1104 = DIRECTION ( 'NONE',  ( 1.972152263052529514E-31, 1.000000000000000000, 3.491481338843133355E-15 ) ) ;
#1105 = ORIENTED_EDGE ( 'NONE', *, *, #3219, .F. ) ;
#1106 = EDGE_CURVE ( 'NONE', #5486, #3084, #6836, .T. ) ;
#1107 =( NAMED_UNIT ( * ) SI_UNIT ( $, .STERADIAN. ) SOLID_ANGLE_UNIT ( ) );
#1108 = MECHANICAL_DESIGN_GEOMETRIC_PRESENTATION_REPRESENTATION (  '', ( #2449 ), #1578 ) ;
#1109 = VERTEX_POINT ( 'NONE', #1338 ) ;
#1110 = CARTESIAN_POINT ( 'NONE',  ( -0.04651044548844998627, -0.01084047444504751025, -0.01867101149142505120 ) ) ;
#1111 = ORIENTED_EDGE ( 'NONE', *, *, #599, .F. ) ;
#1112 = CARTESIAN_POINT ( 'NONE',  ( -3.149999999999995914, -1.083471845651436061, 2.921328988508571811 ) ) ;
#1113 = PLANE ( 'NONE',  #5852 ) ;
#1114 = DIRECTION ( 'NONE',  ( 0.0000000000000000000, 3.491481338843133355E-15, -1.000000000000000000 ) ) ;
#1115 = MECHANICAL_DESIGN_GEOMETRIC_PRESENTATION_REPRESENTATION (  '', ( #5008 ), #8251 ) ;
#1116 = ORIENTED_EDGE ( 'NONE', *, *, #7212, .T. ) ;
#1117 = FILL_AREA_STYLE_COLOUR ( '', #5372 ) ;
#1118 =( GEOMETRIC_REPRESENTATION_CONTEXT ( 3 ) GLOBAL_UNCERTAINTY_ASSIGNED_CONTEXT ( ( #1039 ) ) GLOBAL_UNIT_ASSIGNED_CONTEXT ( ( #554, #6528, #1174 ) ) REPRESENTATION_CONTEXT ( 'NONE', 'WORKASPACE' ) );
#1119 = SPHERICAL_SURFACE ( 'NONE', #5403, 0.1000000000000000056 ) ;
#1120 = LINE ( 'NONE', #4342, #8296 ) ;
#1121 = CARTESIAN_POINT ( 'NONE',  ( 0.08209083348231233090, -0.01112291661112957408, -0.02867101149142507743 ) ) ;
#1122 = VECTOR ( 'NONE', #2867, 1000.000000000000000 ) ;
#1123 = ADVANCED_FACE ( 'NONE', ( #1337 ), #7353, .F. ) ;
#1124 = ORIENTED_EDGE ( 'NONE', *, *, #6465, .T. ) ;
#1125 = CARTESIAN_POINT ( 'NONE',  ( -3.650000000000001688, -0.7834718456514281337, 0.4713289885085727438 ) ) ;
#1126 = EDGE_LOOP ( 'NONE', ( #5055, #1045, #5875, #5058 ) ) ;
#1127 = CARTESIAN_POINT ( 'NONE',  ( 0.1000596764627694479, -0.1010843768840716805, -0.02867101149142507743 ) ) ;
#1128 = LINE ( 'NONE', #4953, #2085 ) ;
#1129 = CIRCLE ( 'NONE', #4453, 0.2999999999999998779 ) ;
#1130 = DIRECTION ( 'NONE',  ( -1.000000000000000000, 4.731839565957903720E-31, -1.355252715606880543E-16 ) ) ;
#1131 = DIRECTION ( 'NONE',  ( 0.0000000000000000000, 3.491481338843133355E-15, -1.000000000000000000 ) ) ;
#1132 = CARTESIAN_POINT ( 'NONE',  ( -0.06244635162287279218, -0.09731347799046483060, -0.02867101149142507743 ) ) ;
#1133 = EDGE_LOOP ( 'NONE', ( #1077, #8014, #6467 ) ) ;
#1134 = SURFACE_STYLE_USAGE ( .BOTH. , #5887 ) ;
#1135 = ORIENTED_EDGE ( 'NONE', *, *, #6831, .T. ) ;
#1136 = LINE ( 'NONE', #232, #6517 ) ;
#1137 = CARTESIAN_POINT ( 'NONE',  ( -0.1504929150006451277, -0.02303559639626681643, -0.02867101149142507743 ) ) ;
#1138 = EDGE_CURVE ( 'NONE', #4495, #6887, #1556, .T. ) ;
#1139 = AXIS2_PLACEMENT_3D ( 'NONE', #982, #3652, #3569 ) ;
#1140 = VERTEX_POINT ( 'NONE', #7379 ) ;
#1141 =( LENGTH_UNIT ( ) NAMED_UNIT ( * ) SI_UNIT ( .MILLI., .METRE. ) );
#1142 = UNCERTAINTY_MEASURE_WITH_UNIT (LENGTH_MEASURE( 1.000000000000000082E-05 ), #914, 'distance_accuracy_value', 'NONE');
#1143 = CARTESIAN_POINT ( 'NONE',  ( 3.499999999999999556, -1.083471845651437615, 3.321328988508571278 ) ) ;
#1144 = FACE_OUTER_BOUND ( 'NONE', #5577, .T. ) ;
#1145 = FILL_AREA_STYLE ('',( #3843 ) ) ;
#1146 = CIRCLE ( 'NONE', #1658, 0.04999999999999999584 ) ;
#1147 = COLOUR_RGB ( '',0.7764705882352941346, 0.7568627450980391913, 0.7372549019607843590 ) ;
#1148 = CARTESIAN_POINT ( 'NONE',  ( 0.1274248289718643568, -0.03463016507794904053, -0.02867101149142507743 ) ) ;
#1149 = STYLED_ITEM ( 'NONE', ( #1382 ), #3917 ) ;
#1150 = CARTESIAN_POINT ( 'NONE',  ( -3.450000000000000622, -1.083471845651435617, 2.746076259633627892 ) ) ;
#1151 = ORIENTED_EDGE ( 'NONE', *, *, #6056, .T. ) ;
#1152 = VECTOR ( 'NONE', #4448, 1000.000000000000000 ) ;
#1153 = UNCERTAINTY_MEASURE_WITH_UNIT (LENGTH_MEASURE( 1.000000000000000082E-05 ), #8239, 'distance_accuracy_value', 'NONE');
#1154 = COLOUR_RGB ( '',0.7764705882352941346, 0.7568627450980391913, 0.7372549019607843590 ) ;
#1155 =( NAMED_UNIT ( * ) PLANE_ANGLE_UNIT ( ) SI_UNIT ( $, .RADIAN. ) );
#1156 = CARTESIAN_POINT ( 'NONE',  ( 0.1291588774609376267, -0.1045191384941317053, -0.02867101149142507743 ) ) ;
#1157 = LINE ( 'NONE', #3368, #7384 ) ;
#1158 = VECTOR ( 'NONE', #4255, 1000.000000000000000 ) ;
#1159 = SURFACE_STYLE_USAGE ( .BOTH. , #5131 ) ;
#1160 = ORIENTED_EDGE ( 'NONE', *, *, #5637, .T. ) ;
#1161 = FILL_AREA_STYLE_COLOUR ( '', #5858 ) ;
#1162 = EDGE_CURVE ( 'NONE', #384, #3687, #1230, .T. ) ;
#1163 = ADVANCED_FACE ( 'NONE', ( #495 ), #6473, .F. ) ;
#1164 = LINE ( 'NONE', #7670, #6976 ) ;
#1165 = ORIENTED_EDGE ( 'NONE', *, *, #3426, .T. ) ;
#1166 = EDGE_CURVE ( 'NONE', #4374, #7380, #3706, .T. ) ;
#1167 = LINE ( 'NONE', #7957, #2730 ) ;
#1168 = MECHANICAL_DESIGN_GEOMETRIC_PRESENTATION_REPRESENTATION (  '', ( #2081 ), #3721 ) ;
#1169 = STYLED_ITEM ( 'NONE', ( #4254 ), #5160 ) ;
#1170 = LINE ( 'NONE', #6507, #8351 ) ;
#1171 = DIRECTION ( 'NONE',  ( 1.000000000000000000, 1.376535146460481305E-30, -3.942553354492744024E-16 ) ) ;
#1172 = ORIENTED_EDGE ( 'NONE', *, *, #5532, .F. ) ;
#1173 = CARTESIAN_POINT ( 'NONE',  ( 0.07439275573106231276, -0.09468193785968173626, -0.01867101149142505120 ) ) ;
#1174 =( NAMED_UNIT ( * ) SI_UNIT ( $, .STERADIAN. ) SOLID_ANGLE_UNIT ( ) );
#1175 = ORIENTED_EDGE ( 'NONE', *, *, #3835, .F. ) ;
#1176 = LINE ( 'NONE', #4280, #1638 ) ;
#1177 = CARTESIAN_POINT ( 'NONE',  ( -0.1504929150006451277, -0.02303559639626681643, -0.02867101149142507743 ) ) ;
#1178 = PRESENTATION_STYLE_ASSIGNMENT (( #6392 ) ) ;
#1179 = STYLED_ITEM ( 'NONE', ( #8123 ), #1580 ) ;
#1180 = LINE ( 'NONE', #117, #5643 ) ;
#1181 = PRESENTATION_LAYER_ASSIGNMENT (  '', '', ( #3963 ) ) ;
#1182 = CARTESIAN_POINT ( 'NONE',  ( 0.1353338093006013765, -0.06036291447389808412, -0.02867101149142507743 ) ) ;
#1183 = PRESENTATION_STYLE_ASSIGNMENT (( #3447 ) ) ;
#1184 = ORIENTED_EDGE ( 'NONE', *, *, #6199, .T. ) ;
#1185 =( NAMED_UNIT ( * ) PLANE_ANGLE_UNIT ( ) SI_UNIT ( $, .RADIAN. ) );
#1186 = PLANE ( 'NONE',  #2798 ) ;
#1187 = ORIENTED_EDGE ( 'NONE', *, *, #6788, .T. ) ;
#1188 = DIRECTION ( 'NONE',  ( -1.000000000000000000, -2.168404344971021884E-15, 0.0000000000000000000 ) ) ;
#1189 = DIRECTION ( 'NONE',  ( -1.000000000000000000, 0.0000000000000000000, -0.0000000000000000000 ) ) ;
#1190 = CARTESIAN_POINT ( 'NONE',  ( 0.1416728091516727128, -0.09125089246717286995, -0.01867101149142489855 ) ) ;
#1191 = DIRECTION ( 'NONE',  ( 0.0000000000000000000, -1.000000000000000000, -3.491481338843133355E-15 ) ) ;
#1192 = EDGE_CURVE ( 'NONE', #5793, #5827, #1971, .T. ) ;
#1193 = FACE_OUTER_BOUND ( 'NONE', #5180, .T. ) ;
#1194 = VERTEX_POINT ( 'NONE', #2682 ) ;
#1195 = SURFACE_STYLE_FILL_AREA ( #2029 ) ;
#1196 = STYLED_ITEM ( 'NONE', ( #2427 ), #2186 ) ;
#1197 = DIRECTION ( 'NONE',  ( -3.491481338843133355E-15, -1.000000000000000000, -3.491481338843133355E-15 ) ) ;
#1198 = CARTESIAN_POINT ( 'NONE',  ( -3.550000000000001155, -0.9834718456514257579, -0.02867101149142811320 ) ) ;
#1199 =( BOUNDED_CURVE ( )  B_SPLINE_CURVE ( 3, ( #7788, #1087, #8570, #4647 ),
 .UNSPECIFIED., .F., .T. ) 
 B_SPLINE_CURVE_WITH_KNOTS ( ( 4, 4 ),
 ( 4.712388980384687009, 6.283185307179585344 ),
 .UNSPECIFIED. ) 
 CURVE ( )  GEOMETRIC_REPRESENTATION_ITEM ( )  RATIONAL_B_SPLINE_CURVE ( ( 1.000000000000000000, 0.8047378541243643824, 0.8047378541243643824, 1.000000000000000000 ) ) 
 REPRESENTATION_ITEM ( '' )  );
#1200 = VERTEX_POINT ( 'NONE', #4654 ) ;
#1201 = CARTESIAN_POINT ( 'NONE',  ( 0.001222024023745174603, -0.1108404744450475488, -0.01867101149142505120 ) ) ;
#1202 = COLOUR_RGB ( '',1.000000000000000000, 1.000000000000000000, 1.000000000000000000 ) ;
#1203 = ORIENTED_EDGE ( 'NONE', *, *, #8062, .T. ) ;
#1204 = CARTESIAN_POINT ( 'NONE',  ( -0.8500000000000003109, -0.1834718456514231877, -0.8286710114914246361 ) ) ;
#1205 = EDGE_CURVE ( 'NONE', #5323, #1200, #179, .T. ) ;
#1206 = CARTESIAN_POINT ( 'NONE',  ( 1.449999999999999956, -0.1834718456514253526, -0.5286710114914260350 ) ) ;
#1207 = CARTESIAN_POINT ( 'NONE',  ( 0.1328271481906107276, -0.04490709251754360087, -0.02867101149142507743 ) ) ;
#1208 = ORIENTED_EDGE ( 'NONE', *, *, #5979, .F. ) ;
#1209 = AXIS2_PLACEMENT_3D ( 'NONE', #5711, #1845, #7749 ) ;
#1210 =( NAMED_UNIT ( * ) SI_UNIT ( $, .STERADIAN. ) SOLID_ANGLE_UNIT ( ) );
#1211 = VECTOR ( 'NONE', #7291, 1000.000000000000000 ) ;
#1212 = EDGE_LOOP ( 'NONE', ( #1009, #4418, #7801, #5050 ) ) ;
#1213 = ADVANCED_FACE ( 'NONE', ( #8091 ), #8128, .T. ) ;
#1214 = FACE_OUTER_BOUND ( 'NONE', #2981, .T. ) ;
#1215 = CARTESIAN_POINT ( 'NONE',  ( 0.1452980803958951184, -0.04113108377825844264, -0.01867101149142505120 ) ) ;
#1216 = ORIENTED_EDGE ( 'NONE', *, *, #2133, .T. ) ;
#1217 = PLANE ( 'NONE',  #6438 ) ;
#1218 = CARTESIAN_POINT ( 'NONE',  ( 2.799999999999999822, -1.083471845651426291, 0.02132898850857171957 ) ) ;
#1219 = CARTESIAN_POINT ( 'NONE',  ( 0.1353683654871597197, -0.06190754761577904608, -0.02867101149142507743 ) ) ;
#1220 = CARTESIAN_POINT ( 'NONE',  ( 2.375000000000000444, 0.6865281543485735050, -0.02867101149142377639 ) ) ;
#1221 = CARTESIAN_POINT ( 'NONE',  ( -0.04834762645629605421, -0.01088143391143317137, -0.02867101149142507743 ) ) ;
#1222 = ORIENTED_EDGE ( 'NONE', *, *, #3422, .F. ) ;
#1223 = CARTESIAN_POINT ( 'NONE',  ( 2.148518552703153173, -1.383471845651430332, 1.177033865392921985 ) ) ;
#1224 = CARTESIAN_POINT ( 'NONE',  ( 0.1487517014625492906, -0.06453903607432338874, -0.02867101149142507743 ) ) ;
#1225 = B_SPLINE_CURVE_WITH_KNOTS ( 'NONE', 3,
 ( #7621, #277, #4289, #973, #5619, #5036, #2926, #6265, #4267, #1062, #7566, #4340, #1677, #3593, #2330, #1701, #6952, #2985, #4315 ),
 .UNSPECIFIED., .F., .F.,
 ( 4, 1, 1, 1, 1, 1, 1, 1, 1, 1, 1, 1, 1, 1, 1, 1, 4 ),
 ( 0.0000000000000000000, 0.07378258718587328568, 0.1440956521627401454, 0.2113727769445224169, 0.2761085739136396322, 0.3385597713347675564, 0.3996464779878221019, 0.4600223579231184634, 0.5203641801036607006, 0.5799897433270183589, 0.6384216733782913655, 0.6963296981378336303, 0.7539735389223942708, 0.8127841951639485085, 0.8727398202468062971, 0.9351745571517245947, 1.000000000000000000 ),
 .UNSPECIFIED. ) ;
#1226 = ORIENTED_EDGE ( 'NONE', *, *, #426, .T. ) ;
#1227 = EDGE_CURVE ( 'NONE', #5431, #8593, #7032, .T. ) ;
#1228 = VECTOR ( 'NONE', #5871, 1000.000000000000000 ) ;
#1229 = FILL_AREA_STYLE ('',( #8442 ) ) ;
#1230 = CIRCLE ( 'NONE', #7236, 0.04999999999999999584 ) ;
#1231 = DIRECTION ( 'NONE',  ( 1.000000000000000000, 0.0000000000000000000, 0.0000000000000000000 ) ) ;
#1232 = SURFACE_SIDE_STYLE ('',( #149 ) ) ;
#1233 = CARTESIAN_POINT ( 'NONE',  ( -2.998179295342850992, -1.383471845651430110, 1.127033865392921719 ) ) ;
#1234 = EDGE_LOOP ( 'NONE', ( #7649, #5017, #5743, #268 ) ) ;
#1235 = LINE ( 'NONE', #7334, #8556 ) ;
#1236 = CARTESIAN_POINT ( 'NONE',  ( -0.03170480524454762777, -0.09986486468894985313, -0.02867101149142507743 ) ) ;
#1237 = AXIS2_PLACEMENT_3D ( 'NONE', #3268, #584, #2236 ) ;
#1238 =( NAMED_UNIT ( * ) PLANE_ANGLE_UNIT ( ) SI_UNIT ( $, .RADIAN. ) );
#1239 = CARTESIAN_POINT ( 'NONE',  ( 0.1057047834555349397, -0.02124601077639060379, -0.01867101149142505120 ) ) ;
#1240 = ORIENTED_EDGE ( 'NONE', *, *, #1968, .F. ) ;
#1241 = CIRCLE ( 'NONE', #4812, 0.1000000000000000472 ) ;
#1242 =( NAMED_UNIT ( * ) PLANE_ANGLE_UNIT ( ) SI_UNIT ( $, .RADIAN. ) );
#1243 = LINE ( 'NONE', #4782, #8409 ) ;
#1244 = ORIENTED_EDGE ( 'NONE', *, *, #6420, .F. ) ;
#1245 = DIRECTION ( 'NONE',  ( -0.0000000000000000000, 1.000000000000000000, 3.491481338843133750E-15 ) ) ;
#1246 = CARTESIAN_POINT ( 'NONE',  ( 0.1075484773836542646, -0.1004814080446411878, -0.02867101149142507743 ) ) ;
#1247 = CARTESIAN_POINT ( 'NONE',  ( -0.09877797597625495585, -0.05958285249382778287, -0.02867101149142507743 ) ) ;
#1248 = ORIENTED_EDGE ( 'NONE', *, *, #7216, .T. ) ;
#1249 = CARTESIAN_POINT ( 'NONE',  ( -0.09512507135418876714, -0.03956896899462740425, -0.02867101149142507743 ) ) ;
#1250 = LINE ( 'NONE', #5302, #3732 ) ;
#1251 =( GEOMETRIC_REPRESENTATION_CONTEXT ( 3 ) GLOBAL_UNCERTAINTY_ASSIGNED_CONTEXT ( ( #789 ) ) GLOBAL_UNIT_ASSIGNED_CONTEXT ( ( #6040, #2089, #608 ) ) REPRESENTATION_CONTEXT ( 'NONE', 'WORKASPACE' ) );
#1252 = STYLED_ITEM ( 'NONE', ( #3758 ), #7169 ) ;
#1253 = FILL_AREA_STYLE_COLOUR ( '', #348 ) ;
#1254 = FACE_OUTER_BOUND ( 'NONE', #6598, .T. ) ;
#1255 =( NAMED_UNIT ( * ) PLANE_ANGLE_UNIT ( ) SI_UNIT ( $, .RADIAN. ) );
#1256 = ORIENTED_EDGE ( 'NONE', *, *, #1260, .F. ) ;
#1257 = FILL_AREA_STYLE_COLOUR ( '', #6696 ) ;
#1258 = ADVANCED_FACE ( 'NONE', ( #80 ), #2154, .F. ) ;
#1259 = LINE ( 'NONE', #7794, #5616 ) ;
#1260 = EDGE_CURVE ( 'NONE', #3143, #7693, #7665, .T. ) ;
#1261 = EDGE_CURVE ( 'NONE', #4888, #5536, #3600, .T. ) ;
#1262 =( LENGTH_UNIT ( ) NAMED_UNIT ( * ) SI_UNIT ( .MILLI., .METRE. ) );
#1263 = AXIS2_PLACEMENT_3D ( 'NONE', #6289, #4266, #7591 ) ;
#1264 = LINE ( 'NONE', #1361, #836 ) ;
#1265 = CARTESIAN_POINT ( 'NONE',  ( -0.1302756893908890434, -0.08279169395724239600, -0.02867101149142507743 ) ) ;
#1266 = DIRECTION ( 'NONE',  ( 0.0000000000000000000, 3.491481338843133355E-15, -1.000000000000000000 ) ) ;
#1267 = CARTESIAN_POINT ( 'NONE',  ( 2.375000000000000444, 0.6865281543485735050, -0.02867101149142377639 ) ) ;
#1268 = CARTESIAN_POINT ( 'NONE',  ( 0.1347904273447740608, -0.05296168242411745941, -0.02867101149142507743 ) ) ;
#1269 = CARTESIAN_POINT ( 'NONE',  ( -3.149999999999995914, 1.186528154348563957, 2.921328988508580249 ) ) ;
#1270 = FACE_OUTER_BOUND ( 'NONE', #5868, .T. ) ;
#1271 = EDGE_LOOP ( 'NONE', ( #2374, #5006, #7764, #4105 ) ) ;
#1272 = EDGE_CURVE ( 'NONE', #6019, #1635, #802, .T. ) ;
#1273 = CYLINDRICAL_SURFACE ( 'NONE', #7716, 0.1000000000000000472 ) ;
#1274 = CARTESIAN_POINT ( 'NONE',  ( 0.05488056060911092326, -0.1108404744450473406, -0.02867101149142507743 ) ) ;
#1275 = MECHANICAL_DESIGN_GEOMETRIC_PRESENTATION_REPRESENTATION (  '', ( #2447 ), #8126 ) ;
#1276 =( NAMED_UNIT ( * ) SI_UNIT ( $, .STERADIAN. ) SOLID_ANGLE_UNIT ( ) );
#1277 = CARTESIAN_POINT ( 'NONE',  ( 0.1143536544606393035, -0.09850275059986057791, -0.02867101149142507743 ) ) ;
#1278 = EDGE_CURVE ( 'NONE', #4437, #1475, #1768, .T. ) ;
#1279 = LINE ( 'NONE', #2373, #2933 ) ;
#1280 = CARTESIAN_POINT ( 'NONE',  ( -0.09865902558768538388, -0.06517415170928801682, -0.02867101149142507743 ) ) ;
#1281 = AXIS2_PLACEMENT_3D ( 'NONE', #4116, #5444, #2158 ) ;
#1282 =( NAMED_UNIT ( * ) SI_UNIT ( $, .STERADIAN. ) SOLID_ANGLE_UNIT ( ) );
#1283 = FILL_AREA_STYLE ('',( #5239 ) ) ;
#1284 = B_SPLINE_CURVE_WITH_KNOTS ( 'NONE', 3,
 ( #246, #8104, #3478, #215, #2866, #2784, #6874, #4906, #7475, #4174, #7534 ),
 .UNSPECIFIED., .F., .F.,
 ( 4, 1, 1, 1, 1, 1, 1, 1, 4 ),
 ( 0.0000000000000000000, 0.1252796967356235025, 0.2494199707420483858, 0.3733567994928193023, 0.4966812787822841302, 0.6202029157439812312, 0.7450863201614558173, 0.8712691950190976087, 1.000000000000000000 ),
 .UNSPECIFIED. ) ;
#1285 = VERTEX_POINT ( 'NONE', #8563 ) ;
#1286 = CARTESIAN_POINT ( 'NONE',  ( -0.1715866650006451499, -0.08279169395724239600, -0.02867101149142507743 ) ) ;
#1287 = DIRECTION ( 'NONE',  ( 0.0000000000000000000, -1.000000000000000000, -3.491481338843133355E-15 ) ) ;
#1288 = SURFACE_STYLE_FILL_AREA ( #999 ) ;
#1289 = DIRECTION ( 'NONE',  ( 0.0000000000000000000, -1.000000000000000000, -3.491481338843133355E-15 ) ) ;
#1290 = CARTESIAN_POINT ( 'NONE',  ( -0.07941803085778807725, -0.03669069164647821568, -0.01867101149142505120 ) ) ;
#1291 = EDGE_CURVE ( 'NONE', #1302, #7688, #7347, .T. ) ;
#1292 =( GEOMETRIC_REPRESENTATION_CONTEXT ( 3 ) GLOBAL_UNCERTAINTY_ASSIGNED_CONTEXT ( ( #1930 ) ) GLOBAL_UNIT_ASSIGNED_CONTEXT ( ( #5070, #337, #8330 ) ) REPRESENTATION_CONTEXT ( 'NONE', 'WORKASPACE' ) );
#1293 = PRESENTATION_STYLE_ASSIGNMENT (( #920 ) ) ;
#1294 = EDGE_LOOP ( 'NONE', ( #7752, #4087, #3156, #1765 ) ) ;
#1295 = CARTESIAN_POINT ( 'NONE',  ( -0.07224715050297149388, -0.09185622900339823760, -0.01867101149142505120 ) ) ;
#1296 = MECHANICAL_DESIGN_GEOMETRIC_PRESENTATION_REPRESENTATION (  '', ( #5724 ), #1118 ) ;
#1297 = ORIENTED_EDGE ( 'NONE', *, *, #8300, .T. ) ;
#1298 = DIRECTION ( 'NONE',  ( 0.0000000000000000000, 4.336808689942016947E-15, -1.000000000000000000 ) ) ;
#1299 = CARTESIAN_POINT ( 'NONE',  ( 0.08008981571292621282, -0.09751596547588571584, -0.02867101149142507743 ) ) ;
#1300 = PLANE ( 'NONE',  #6447 ) ;
#1301 = FACE_OUTER_BOUND ( 'NONE', #7159, .T. ) ;
#1302 = VERTEX_POINT ( 'NONE', #7840 ) ;
#1303 = ORIENTED_EDGE ( 'NONE', *, *, #85, .F. ) ;
#1304 = ADVANCED_FACE ( 'NONE', ( #5586 ), #5189, .F. ) ;
#1305 = MECHANICAL_DESIGN_GEOMETRIC_PRESENTATION_REPRESENTATION (  '', ( #7695 ), #2210 ) ;
#1306 = STYLED_ITEM ( 'NONE', ( #3481 ), #6428 ) ;
#1307 = CARTESIAN_POINT ( 'NONE',  ( 2.750000000000000000, -1.083471845651426513, 0.1713289885085715336 ) ) ;
#1308 = CARTESIAN_POINT ( 'NONE',  ( -2.456307219633194538, -1.083471845651426513, 0.08463041248694859464 ) ) ;
#1309 = CARTESIAN_POINT ( 'NONE',  ( 0.07439275573106213235, -0.09468193785968151421, -0.02867101149142507743 ) ) ;
#1310 = CARTESIAN_POINT ( 'NONE',  ( -3.450000000000000622, -1.083471845651435617, 2.746076259633627892 ) ) ;
#1311 = ORIENTED_EDGE ( 'NONE', *, *, #5213, .F. ) ;
#1312 = UNCERTAINTY_MEASURE_WITH_UNIT (LENGTH_MEASURE( 1.000000000000000082E-05 ), #8332, 'distance_accuracy_value', 'NONE');
#1313 = FILL_AREA_STYLE_COLOUR ( '', #2845 ) ;
#1314 = EDGE_CURVE ( 'NONE', #887, #8377, #6328, .T. ) ;
#1315 = PRESENTATION_LAYER_ASSIGNMENT (  '', '', ( #3088 ) ) ;
#1316 = COLOUR_RGB ( '',0.7764705882352941346, 0.7568627450980391913, 0.7372549019607843590 ) ;
#1317 = PRESENTATION_STYLE_ASSIGNMENT (( #6543 ) ) ;
#1318 = CARTESIAN_POINT ( 'NONE',  ( -0.01829017109820614898, -0.1108404744450475488, -0.01867101149142505120 ) ) ;
#1319 = CARTESIAN_POINT ( 'NONE',  ( -0.08477045157354148874, -0.05104144467277835218, -0.02867101149142507743 ) ) ;
#1320 = VECTOR ( 'NONE', #2710, 1000.000000000000000 ) ;
#1321 = CARTESIAN_POINT ( 'NONE',  ( 0.07439275573106231276, -0.02699901103041333489, -0.01867101149142505120 ) ) ;
#1322 = ORIENTED_EDGE ( 'NONE', *, *, #5103, .F. ) ;
#1323 = FILL_AREA_STYLE ('',( #8538 ) ) ;
#1324 = UNCERTAINTY_MEASURE_WITH_UNIT (LENGTH_MEASURE( 1.000000000000000082E-05 ), #1050, 'distance_accuracy_value', 'NONE');
#1325 = ORIENTED_EDGE ( 'NONE', *, *, #7148, .T. ) ;
#1326 = VECTOR ( 'NONE', #1427, 1000.000000000000000 ) ;
#1327 = VERTEX_POINT ( 'NONE', #5243 ) ;
#1328 = EDGE_CURVE ( 'NONE', #410, #6069, #4903, .T. ) ;
#1329 = FACE_OUTER_BOUND ( 'NONE', #2974, .T. ) ;
#1330 = ORIENTED_EDGE ( 'NONE', *, *, #1848, .T. ) ;
#1331 = CARTESIAN_POINT ( 'NONE',  ( 1.500000000000000222, -1.083471845651430288, 1.246328988508571545 ) ) ;
#1332 = SURFACE_SIDE_STYLE ('',( #2980 ) ) ;
#1333 = FILL_AREA_STYLE_COLOUR ( '', #6723 ) ;
#1334 = AXIS2_PLACEMENT_3D ( 'NONE', #7863, #4635, #3192 ) ;
#1335 =( NAMED_UNIT ( * ) SI_UNIT ( $, .STERADIAN. ) SOLID_ANGLE_UNIT ( ) );
#1336 = CARTESIAN_POINT ( 'NONE',  ( -0.1508874537283171613, -0.02522278575891028635, -0.02867101149142507743 ) ) ;
#1337 = FACE_OUTER_BOUND ( 'NONE', #340, .T. ) ;
#1338 = CARTESIAN_POINT ( 'NONE',  ( -2.098518552703154683, -1.333471845651435617, 2.731321192064204872 ) ) ;
#1339 = CARTESIAN_POINT ( 'NONE',  ( 3.549999999999999822, -0.9834718456514274232, 0.4713289885085719111 ) ) ;
#1340 = SURFACE_STYLE_USAGE ( .BOTH. , #622 ) ;
#1341 = VERTEX_POINT ( 'NONE', #1318 ) ;
#1342 = CARTESIAN_POINT ( 'NONE',  ( -3.500000000000000444, -1.283471845651425802, -0.02867101149142898056 ) ) ;
#1343 = CARTESIAN_POINT ( 'NONE',  ( -0.04651044548844998627, -0.01084047444504751025, -0.01867101149142505120 ) ) ;
#1344 = LINE ( 'NONE', #332, #5896 ) ;
#1345 = DIRECTION ( 'NONE',  ( -0.0000000000000000000, 4.304632968207263259E-15, -1.000000000000000000 ) ) ;
#1346 = CARTESIAN_POINT ( 'NONE',  ( -0.08009083420827678435, -0.02090799829146980371, -0.02867101149142507743 ) ) ;
#1347 = CYLINDRICAL_SURFACE ( 'NONE', #5214, 0.04999999999999991257 ) ;
#1348 = EDGE_CURVE ( 'NONE', #3084, #7759, #7701, .T. ) ;
#1349 =( LENGTH_UNIT ( ) NAMED_UNIT ( * ) SI_UNIT ( .MILLI., .METRE. ) );
#1350 = MECHANICAL_DESIGN_GEOMETRIC_PRESENTATION_REPRESENTATION (  '', ( #8345 ), #601 ) ;
#1351 = ORIENTED_EDGE ( 'NONE', *, *, #3201, .F. ) ;
#1352 = AXIS2_PLACEMENT_3D ( 'NONE', #2967, #5048, #5021 ) ;
#1353 = FACE_OUTER_BOUND ( 'NONE', #5012, .T. ) ;
#1354 = PRESENTATION_STYLE_ASSIGNMENT (( #173 ) ) ;
#1355 = CARTESIAN_POINT ( 'NONE',  ( -0.07722420950645908500, -0.03384398356338352842, -0.01867101149142505120 ) ) ;
#1356 = ADVANCED_FACE ( 'NONE', ( #1376 ), #5158, .F. ) ;
#1357 = CYLINDRICAL_SURFACE ( 'NONE', #715, 0.04999999999999991257 ) ;
#1358 = CARTESIAN_POINT ( 'NONE',  ( 0.09676284405892392193, -0.009629296693486767006, -0.01867101149142461752 ) ) ;
#1359 = EDGE_LOOP ( 'NONE', ( #4611, #6250, #6204, #7625 ) ) ;
#1360 = ORIENTED_EDGE ( 'NONE', *, *, #8315, .T. ) ;
#1361 = CARTESIAN_POINT ( 'NONE',  ( -2.441932734462168852, -1.083471845651426291, 0.07132898850857127826 ) ) ;
#1362 = STYLED_ITEM ( 'NONE', ( #1020 ), #986 ) ;
#1363 = CARTESIAN_POINT ( 'NONE',  ( -2.549999999999999822, -0.01084047444504751025, -0.01867101149142505120 ) ) ;
#1364 =( LENGTH_UNIT ( ) NAMED_UNIT ( * ) SI_UNIT ( .MILLI., .METRE. ) );
#1365 = CARTESIAN_POINT ( 'NONE',  ( 2.375000000000000444, 0.6865281543485730609, 0.1713289885085763076 ) ) ;
#1366 = ORIENTED_EDGE ( 'NONE', *, *, #4693, .F. ) ;
#1367 = SURFACE_STYLE_FILL_AREA ( #5710 ) ;
#1368 = EDGE_CURVE ( 'NONE', #4760, #8023, #2924, .T. ) ;
#1369 = DIRECTION ( 'NONE',  ( -0.0000000000000000000, 1.000000000000000000, 3.491481338843133355E-15 ) ) ;
#1370 = FILL_AREA_STYLE_COLOUR ( '', #1634 ) ;
#1371 =( NAMED_UNIT ( * ) PLANE_ANGLE_UNIT ( ) SI_UNIT ( $, .RADIAN. ) );
#1372 = EDGE_CURVE ( 'NONE', #3273, #94, #1146, .T. ) ;
#1373 = SURFACE_STYLE_USAGE ( .BOTH. , #1993 ) ;
#1374 = PRESENTATION_LAYER_ASSIGNMENT (  '', '', ( #1029 ) ) ;
#1375 =( NAMED_UNIT ( * ) SI_UNIT ( $, .STERADIAN. ) SOLID_ANGLE_UNIT ( ) );
#1376 = FACE_OUTER_BOUND ( 'NONE', #4835, .T. ) ;
#1377 = VECTOR ( 'NONE', #6931, 1000.000000000000000 ) ;
#1378 = CARTESIAN_POINT ( 'NONE',  ( 3.149999999999995914, 1.186528154348571285, 0.7213289885085795161 ) ) ;
#1379 = CARTESIAN_POINT ( 'NONE',  ( 0.1456916709764614071, -0.08280438004631897331, -0.02867101149142507743 ) ) ;
#1380 = CARTESIAN_POINT ( 'NONE',  ( -0.07470069598602160910, -0.03131312710136702204, -0.02867101149142507743 ) ) ;
#1381 = CARTESIAN_POINT ( 'NONE',  ( 0.08853447881249149054, -0.02144984284120545620, -0.01867101149142505120 ) ) ;
#1382 = PRESENTATION_STYLE_ASSIGNMENT (( #3712 ) ) ;
#1383 = EDGE_CURVE ( 'NONE', #7005, #6786, #4892, .T. ) ;
#1384 = SURFACE_STYLE_FILL_AREA ( #6821 ) ;
#1385 = CARTESIAN_POINT ( 'NONE',  ( 0.07439275573106213235, -0.01358437688407180925, -0.01867101149142505120 ) ) ;
#1386 = LINE ( 'NONE', #2204, #6144 ) ;
#1387 = STYLED_ITEM ( 'NONE', ( #5439 ), #3441 ) ;
#1388 = CARTESIAN_POINT ( 'NONE',  ( -0.03170480524454771104, -0.02181608420114521107, -0.01867101149142505120 ) ) ;
#1389 = VECTOR ( 'NONE', #2132, 1000.000000000000000 ) ;
#1390 = DIRECTION ( 'NONE',  ( 0.0000000000000000000, 3.491481338843133355E-15, -1.000000000000000000 ) ) ;
#1391 = VECTOR ( 'NONE', #1713, 1000.000000000000000 ) ;
#1392 = ORIENTED_EDGE ( 'NONE', *, *, #8343, .F. ) ;
#1393 = CARTESIAN_POINT ( 'NONE',  ( 0.003661048413988819000, -0.02181608420114521107, -0.01867101149142505120 ) ) ;
#1394 = FACE_OUTER_BOUND ( 'NONE', #238, .T. ) ;
#1395 = FILL_AREA_STYLE ('',( #5319 ) ) ;
#1396 = DIRECTION ( 'NONE',  ( -1.000000000000000000, -1.261823884255441284E-30, 3.614007241618349264E-16 ) ) ;
#1397 = SURFACE_STYLE_FILL_AREA ( #2593 ) ;
#1398 = ADVANCED_FACE ( 'NONE', ( #2504 ), #2169, .T. ) ;
#1399 = VECTOR ( 'NONE', #2601, 1000.000000000000000 ) ;
#1400 = CARTESIAN_POINT ( 'NONE',  ( 0.1181285655554905889, -0.01316959703675092512, -0.01867101149142505120 ) ) ;
#1401 = PLANE ( 'NONE',  #1281 ) ;
#1402 = LINE ( 'NONE', #4010, #335 ) ;
#1403 = EDGE_LOOP ( 'NONE', ( #5857, #499, #2486, #3250 ) ) ;
#1404 = SURFACE_STYLE_USAGE ( .BOTH. , #4717 ) ;
#1405 = CARTESIAN_POINT ( 'NONE',  ( -2.098518552703154683, -1.283471845651435572, 2.731321192064205317 ) ) ;
#1406 = EDGE_CURVE ( 'NONE', #7968, #6895, #4467, .T. ) ;
#1407 = SURFACE_SIDE_STYLE ('',( #5898 ) ) ;
#1408 = EDGE_LOOP ( 'NONE', ( #5585, #3837, #5315, #4209 ) ) ;
#1409 = PRESENTATION_LAYER_ASSIGNMENT (  '', '', ( #942 ) ) ;
#1410 = CARTESIAN_POINT ( 'NONE',  ( 0.2085390971944768301, -0.1108404744450473406, -0.02867101149142507743 ) ) ;
#1411 = PRESENTATION_STYLE_ASSIGNMENT (( #6733 ) ) ;
#1412 = DIRECTION ( 'NONE',  ( 0.0000000000000000000, -1.000000000000000000, -4.336808689942025625E-15 ) ) ;
#1413 = CARTESIAN_POINT ( 'NONE',  ( 0.1360844012691325988, -0.09857639640505826140, -0.02867101149142507743 ) ) ;
#1414 = VERTEX_POINT ( 'NONE', #3488 ) ;
#1415 =( NAMED_UNIT ( * ) PLANE_ANGLE_UNIT ( ) SI_UNIT ( $, .RADIAN. ) );
#1416 = ORIENTED_EDGE ( 'NONE', *, *, #6928, .F. ) ;
#1417 = LINE ( 'NONE', #991, #3584 ) ;
#1418 = SURFACE_STYLE_USAGE ( .BOTH. , #4580 ) ;
#1419 =( NAMED_UNIT ( * ) PLANE_ANGLE_UNIT ( ) SI_UNIT ( $, .RADIAN. ) );
#1420 = PRESENTATION_LAYER_ASSIGNMENT (  '', '', ( #5008 ) ) ;
#1421 = CARTESIAN_POINT ( 'NONE',  ( 0.09792553012130623957, -0.009620962249925688048, -0.01867101149142461752 ) ) ;
#1422 = PRESENTATION_LAYER_ASSIGNMENT (  '', '', ( #3018 ) ) ;
#1423 = EDGE_LOOP ( 'NONE', ( #2283, #3059, #25, #3433 ) ) ;
#1424 = CARTESIAN_POINT ( 'NONE',  ( 0.0000000000000000000, -1.283471845651432020, 1.746328988508570657 ) ) ;
#1425 = DIRECTION ( 'NONE',  ( -0.9466707760722534726, -0.3222024856061127540, -1.124963965822616183E-15 ) ) ;
#1426 = CARTESIAN_POINT ( 'NONE',  ( 0.1225802159147960924, -0.01525111396527664871, -0.02867101149142507743 ) ) ;
#1427 = DIRECTION ( 'NONE',  ( -0.7339715204324520625, 2.371345156258378148E-15, -0.6791802464692819896 ) ) ;
#1428 = ORIENTED_EDGE ( 'NONE', *, *, #6141, .T. ) ;
#1429 =( NAMED_UNIT ( * ) SI_UNIT ( $, .STERADIAN. ) SOLID_ANGLE_UNIT ( ) );
#1430 = SURFACE_STYLE_USAGE ( .BOTH. , #6650 ) ;
#1431 = LINE ( 'NONE', #8560, #7539 ) ;
#1432 = PRESENTATION_LAYER_ASSIGNMENT (  '', '', ( #5690 ) ) ;
#1433 = ORIENTED_EDGE ( 'NONE', *, *, #4878, .T. ) ;
#1434 = DIRECTION ( 'NONE',  ( -1.000000000000000000, -0.0000000000000000000, 0.0000000000000000000 ) ) ;
#1435 = CARTESIAN_POINT ( 'NONE',  ( -0.03170480524454771104, -0.09986486468895007518, -0.01867101149142505120 ) ) ;
#1436 = CARTESIAN_POINT ( 'NONE',  ( -0.05723231350516318205, -0.01157149453752696552, -0.01867101149142505120 ) ) ;
#1437 = ORIENTED_EDGE ( 'NONE', *, *, #278, .T. ) ;
#1438 = CARTESIAN_POINT ( 'NONE',  ( 3.549999999999999822, -1.083471845651427179, 0.4713289885085714670 ) ) ;
#1439 = LINE ( 'NONE', #4169, #6600 ) ;
#1440 = ORIENTED_EDGE ( 'NONE', *, *, #1445, .T. ) ;
#1441 = CARTESIAN_POINT ( 'NONE',  ( 3.299999999999999378, 1.186528154348562181, 3.321328988508578828 ) ) ;
#1442 = ORIENTED_EDGE ( 'NONE', *, *, #1383, .F. ) ;
#1443 = EDGE_LOOP ( 'NONE', ( #4400, #7224, #2124, #5203 ) ) ;
#1444 = CARTESIAN_POINT ( 'NONE',  ( -2.148518552703154949, -1.383471845651430332, 1.177033865392921985 ) ) ;
#1445 = EDGE_CURVE ( 'NONE', #620, #1846, #5520, .T. ) ;
#1446 = CARTESIAN_POINT ( 'NONE',  ( 0.07722138216580494430, -0.1072188342422983609, -0.02867101149142507743 ) ) ;
#1447 =( GEOMETRIC_REPRESENTATION_CONTEXT ( 3 ) GLOBAL_UNCERTAINTY_ASSIGNED_CONTEXT ( ( #6472 ) ) GLOBAL_UNIT_ASSIGNED_CONTEXT ( ( #7481, #6115, #6058 ) ) REPRESENTATION_CONTEXT ( 'NONE', 'WORKASPACE' ) );
#1448 =( NAMED_UNIT ( * ) PLANE_ANGLE_UNIT ( ) SI_UNIT ( $, .RADIAN. ) );
#1449 = SURFACE_STYLE_USAGE ( .BOTH. , #4128 ) ;
#1450 = ADVANCED_FACE ( 'NONE', ( #3748 ), #7903, .T. ) ;
#1451 = ORIENTED_EDGE ( 'NONE', *, *, #734, .F. ) ;
#1452 =( NAMED_UNIT ( * ) PLANE_ANGLE_UNIT ( ) SI_UNIT ( $, .RADIAN. ) );
#1453 = VERTEX_POINT ( 'NONE', #8259 ) ;
#1454 = VECTOR ( 'NONE', #5648, 1000.000000000000000 ) ;
#1455 = CARTESIAN_POINT ( 'NONE',  ( 2.098518552703152906, -1.362761167532775097, 1.127033865392921719 ) ) ;
#1456 = DIRECTION ( 'NONE',  ( 3.614007241618349757E-16, -3.491481338843133355E-15, 1.000000000000000000 ) ) ;
#1457 = CARTESIAN_POINT ( 'NONE',  ( 0.1573195849993548334, -0.09986486468894985313, -0.02867101149142507743 ) ) ;
#1458 = FACE_OUTER_BOUND ( 'NONE', #6191, .T. ) ;
#1459 = UNCERTAINTY_MEASURE_WITH_UNIT (LENGTH_MEASURE( 1.000000000000000082E-05 ), #4460, 'distance_accuracy_value', 'NONE');
#1460 = AXIS2_PLACEMENT_3D ( 'NONE', #2387, #1735, #6956 ) ;
#1461 = ORIENTED_EDGE ( 'NONE', *, *, #974, .T. ) ;
#1462 = CARTESIAN_POINT ( 'NONE',  ( -2.549999999999999822, 1.186528154348573949, -0.01867101149142071440 ) ) ;
#1463 = COLOUR_RGB ( '',0.7764705882352941346, 0.7568627450980391913, 0.7372549019607843590 ) ;
#1464 = SURFACE_STYLE_USAGE ( .BOTH. , #705 ) ;
#1465 = EDGE_LOOP ( 'NONE', ( #6977, #5719, #1762, #5693 ) ) ;
#1466 = CARTESIAN_POINT ( 'NONE',  ( -1.600000000000000533, -1.283471845651435350, 2.696328988508570390 ) ) ;
#1467 = CARTESIAN_POINT ( 'NONE',  ( 2.375000000000000444, 1.476528154348573318, -0.02867101149142117431 ) ) ;
#1468 = ORIENTED_EDGE ( 'NONE', *, *, #1906, .F. ) ;
#1469 = DIRECTION ( 'NONE',  ( -1.000000000000000000, 0.0000000000000000000, 3.614007241618348771E-16 ) ) ;
#1470 = LINE ( 'NONE', #4165, #8310 ) ;
#1471 = COLOUR_RGB ( '',0.7764705882352941346, 0.7568627450980391913, 0.7372549019607843590 ) ;
#1472 = CARTESIAN_POINT ( 'NONE',  ( -1.500000000000000222, -2.213471845651434844, 2.546328988508567370 ) ) ;
#1473 = PRESENTATION_LAYER_ASSIGNMENT (  '', '', ( #4669 ) ) ;
#1474 = DIRECTION ( 'NONE',  ( -2.891205793294677044E-15, 1.000000000000000000, 3.491481338843133355E-15 ) ) ;
#1475 = VERTEX_POINT ( 'NONE', #905 ) ;
#1476 = CARTESIAN_POINT ( 'NONE',  ( 0.08679190315449254733, -0.1105021790706834095, -0.01867101149142505120 ) ) ;
#1477 = AXIS2_PLACEMENT_3D ( 'NONE', #697, #3355, #3927 ) ;
#1478 = CARTESIAN_POINT ( 'NONE',  ( -0.08275244242718270138, -0.04329151035579602291, -0.02867101149142507743 ) ) ;
#1479 = ORIENTED_EDGE ( 'NONE', *, *, #913, .T. ) ;
#1480 = CARTESIAN_POINT ( 'NONE',  ( -3.300000000000000711, -1.083471845651437615, 3.321328988508571278 ) ) ;
#1481 = FACE_OUTER_BOUND ( 'NONE', #5359, .T. ) ;
#1482 = DIRECTION ( 'NONE',  ( 4.336808689942017736E-16, -3.491481338843133355E-15, 1.000000000000000000 ) ) ;
#1483 = LINE ( 'NONE', #4773, #314 ) ;
#1484 = DIRECTION ( 'NONE',  ( -1.000000000000000000, -0.0000000000000000000, 0.0000000000000000000 ) ) ;
#1485 = CARTESIAN_POINT ( 'NONE',  ( 1.825000000000000400, 1.476528154348573318, -0.02867101149142074062 ) ) ;
#1486 = EDGE_LOOP ( 'NONE', ( #5256, #4121, #846, #968, #1756, #3203, #7300, #4158, #184, #6991 ) ) ;
#1487 = VECTOR ( 'NONE', #960, 1000.000000000000000 ) ;
#1488 = FACE_OUTER_BOUND ( 'NONE', #5114, .T. ) ;
#1489 =( GEOMETRIC_REPRESENTATION_CONTEXT ( 3 ) GLOBAL_UNCERTAINTY_ASSIGNED_CONTEXT ( ( #3876 ) ) GLOBAL_UNIT_ASSIGNED_CONTEXT ( ( #3456, #143, #4795 ) ) REPRESENTATION_CONTEXT ( 'NONE', 'WORKASPACE' ) );
#1490 = ADVANCED_BREP_SHAPE_REPRESENTATION ( 'SW-SMD_YTSB001XXXX', ( #6419, #7059, #4724, #3182, #2444, #6157, #7976, #2664 ), #2405 ) ;
#1491 = CARTESIAN_POINT ( 'NONE',  ( 0.09792553012130604528, -0.009620962249925471207, -0.02867101149142464375 ) ) ;
#1492 = PLANE ( 'NONE',  #2310 ) ;
#1493 =( GEOMETRIC_REPRESENTATION_CONTEXT ( 3 ) GLOBAL_UNCERTAINTY_ASSIGNED_CONTEXT ( ( #2851 ) ) GLOBAL_UNIT_ASSIGNED_CONTEXT ( ( #2934, #4219, #4994 ) ) REPRESENTATION_CONTEXT ( 'NONE', 'WORKASPACE' ) );
#1494 = ADVANCED_FACE ( 'NONE', ( #5410 ), #2208, .T. ) ;
#1495 = DIRECTION ( 'NONE',  ( 0.0000000000000000000, -1.000000000000000000, -4.304632968207263259E-15 ) ) ;
#1496 = VECTOR ( 'NONE', #6268, 1000.000000000000000 ) ;
#1497 =( LENGTH_UNIT ( ) NAMED_UNIT ( * ) SI_UNIT ( .MILLI., .METRE. ) );
#1498 = DIRECTION ( 'NONE',  ( -1.000000000000000000, 4.336808689942002452E-16, 4.336808689942033020E-16 ) ) ;
#1499 = EDGE_CURVE ( 'NONE', #6060, #873, #4790, .T. ) ;
#1500 =( NAMED_UNIT ( * ) PLANE_ANGLE_UNIT ( ) SI_UNIT ( $, .RADIAN. ) );
#1501 = STYLED_ITEM ( 'NONE', ( #7402 ), #2104 ) ;
#1502 = EDGE_LOOP ( 'NONE', ( #3242, #1135, #894, #6309 ) ) ;
#1503 =( LENGTH_UNIT ( ) NAMED_UNIT ( * ) SI_UNIT ( .MILLI., .METRE. ) );
#1504 = ORIENTED_EDGE ( 'NONE', *, *, #6436, .T. ) ;
#1505 = COLOUR_RGB ( '',1.000000000000000000, 1.000000000000000000, 1.000000000000000000 ) ;
#1506 = CARTESIAN_POINT ( 'NONE',  ( 0.1353683654871594977, -0.06190754761577926119, -0.01867101149142505120 ) ) ;
#1507 = EDGE_CURVE ( 'NONE', #3687, #875, #6533, .T. ) ;
#1508 = ORIENTED_EDGE ( 'NONE', *, *, #7311, .F. ) ;
#1509 = CARTESIAN_POINT ( 'NONE',  ( 2.998179295342849215, -1.362761167532775097, 1.127033865392921719 ) ) ;
#1510 = FACE_OUTER_BOUND ( 'NONE', #5573, .T. ) ;
#1511 = SURFACE_STYLE_USAGE ( .BOTH. , #3383 ) ;
#1512 = CARTESIAN_POINT ( 'NONE',  ( 1.499999999999999778, -2.313471845651435377, 2.646328988508567459 ) ) ;
#1513 = VERTEX_POINT ( 'NONE', #4278 ) ;
#1514 = CARTESIAN_POINT ( 'NONE',  ( 0.1162327094089008056, -0.02489098387735314000, -0.02867101149142507743 ) ) ;
#1515 = VECTOR ( 'NONE', #5782, 1000.000000000000000 ) ;
#1516 = CARTESIAN_POINT ( 'NONE',  ( 0.1268227597660341044, -0.01774050521862632901, -0.01867101149142582836 ) ) ;
#1517 = CARTESIAN_POINT ( 'NONE',  ( -3.550000000000001155, -0.9834718456514278673, 0.4713289885085719111 ) ) ;
#1518 = ORIENTED_EDGE ( 'NONE', *, *, #6691, .F. ) ;
#1519 = ORIENTED_EDGE ( 'NONE', *, *, #1647, .F. ) ;
#1520 = PRESENTATION_STYLE_ASSIGNMENT (( #1134 ) ) ;
#1521 =( NAMED_UNIT ( * ) PLANE_ANGLE_UNIT ( ) SI_UNIT ( $, .RADIAN. ) );
#1522 = DIRECTION ( 'NONE',  ( -2.167903786088317724E-15, -3.491481338843133355E-15, 1.000000000000000000 ) ) ;
#1523 = EDGE_CURVE ( 'NONE', #4584, #5536, #1592, .T. ) ;
#1524 = PLANE ( 'NONE',  #2257 ) ;
#1525 = PRESENTATION_LAYER_ASSIGNMENT (  '', '', ( #3405 ) ) ;
#1526 = VERTEX_POINT ( 'NONE', #7491 ) ;
#1527 = CARTESIAN_POINT ( 'NONE',  ( 1.600000000000000755, 1.186528154348573505, -0.02867101149142160799 ) ) ;
#1528 = AXIS2_PLACEMENT_3D ( 'NONE', #4679, #700, #66 ) ;
#1529 = VECTOR ( 'NONE', #2844, 1000.000000000000000 ) ;
#1530 = EDGE_LOOP ( 'NONE', ( #6590, #1827, #6077, #3976 ) ) ;
#1531 = DIRECTION ( 'NONE',  ( -0.0000000000000000000, 1.000000000000000000, 3.491481338843133355E-15 ) ) ;
#1532 = CARTESIAN_POINT ( 'NONE',  ( -2.998179295342850992, -1.362761167532775097, 1.127033865392921719 ) ) ;
#1533 = CARTESIAN_POINT ( 'NONE',  ( -0.07470069598602160910, -0.03131312710136723715, -0.01867101149142505120 ) ) ;
#1534 = CIRCLE ( 'NONE', #4154, 0.02499999999999984873 ) ;
#1535 = CIRCLE ( 'NONE', #7061, 0.2000000000000000944 ) ;
#1536 = CARTESIAN_POINT ( 'NONE',  ( -0.06565731838114502450, -0.02548417259775367927, -0.02867101149142507743 ) ) ;
#1537 = CARTESIAN_POINT ( 'NONE',  ( 0.1075484773836542646, -0.1004814080446413960, -0.01867101149142505120 ) ) ;
#1538 = ADVANCED_FACE ( 'NONE', ( #8322 ), #2317, .F. ) ;
#1539 = PRESENTATION_STYLE_ASSIGNMENT (( #2975 ) ) ;
#1540 = CLOSED_SHELL ( 'NONE', ( #6039, #3346, #1398, #7518, #1976, #6827, #5297, #8269, #8180, #4335 ) ) ;
#1541 = PRESENTATION_LAYER_ASSIGNMENT (  '', '', ( #7459 ) ) ;
#1542 =( NAMED_UNIT ( * ) PLANE_ANGLE_UNIT ( ) SI_UNIT ( $, .RADIAN. ) );
#1543 = CARTESIAN_POINT ( 'NONE',  ( 2.948179295342848949, -1.383471845651430332, 1.177033865392921985 ) ) ;
#1544 = AXIS2_PLACEMENT_3D ( 'NONE', #7843, #5865, #6521 ) ;
#1545 = DIRECTION ( 'NONE',  ( 0.0000000000000000000, -1.000000000000000000, -3.491481338843133355E-15 ) ) ;
#1546 = SURFACE_STYLE_FILL_AREA ( #6202 ) ;
#1547 = SURFACE_STYLE_FILL_AREA ( #3253 ) ;
#1548 = CARTESIAN_POINT ( 'NONE',  ( 0.1193353022339197073, -0.02684728000343708509, -0.02867101149142507743 ) ) ;
#1549 = ORIENTED_EDGE ( 'NONE', *, *, #6577, .F. ) ;
#1550 = AXIS2_PLACEMENT_3D ( 'NONE', #6333, #3637, #2343 ) ;
#1551 = VERTEX_POINT ( 'NONE', #6993 ) ;
#1552 = CIRCLE ( 'NONE', #5523, 0.2999999999999999889 ) ;
#1553 = CARTESIAN_POINT ( 'NONE',  ( -3.475000000000000533, -1.283471845651427579, 0.4713289885085710229 ) ) ;
#1554 = ORIENTED_EDGE ( 'NONE', *, *, #5196, .F. ) ;
#1555 =( NAMED_UNIT ( * ) SI_UNIT ( $, .STERADIAN. ) SOLID_ANGLE_UNIT ( ) );
#1556 = CIRCLE ( 'NONE', #5779, 0.2999999999999998224 ) ;
#1557 = DIRECTION ( 'NONE',  ( 8.673617379884064068E-16, 3.491481338843136511E-15, -1.000000000000000000 ) ) ;
#1558 = SURFACE_SIDE_STYLE ('',( #7241 ) ) ;
#1559 = CARTESIAN_POINT ( 'NONE',  ( -3.500000000000000888, -1.083471845651437615, 3.321328988508571278 ) ) ;
#1560 = FACE_OUTER_BOUND ( 'NONE', #6281, .T. ) ;
#1561 = EDGE_CURVE ( 'NONE', #2662, #6288, #7057, .T. ) ;
#1562 = CARTESIAN_POINT ( 'NONE',  ( -0.09877797597625495585, -0.05958285249382778287, -0.02867101149142507743 ) ) ;
#1563 = ORIENTED_EDGE ( 'NONE', *, *, #2109, .T. ) ;
#1564 = SURFACE_STYLE_FILL_AREA ( #6852 ) ;
#1565 = MECHANICAL_DESIGN_GEOMETRIC_PRESENTATION_REPRESENTATION (  '', ( #929 ), #3755 ) ;
#1566 = CARTESIAN_POINT ( 'NONE',  ( -0.05472184711139754104, -0.02234800502023850943, -0.01867101149142505120 ) ) ;
#1567 =( LENGTH_UNIT ( ) NAMED_UNIT ( * ) SI_UNIT ( .MILLI., .METRE. ) );
#1569 = DIRECTION ( 'NONE',  ( 0.0000000000000000000, -3.491481338843132961E-15, 1.000000000000000000 ) ) ;
#1568 = SURFACE_STYLE_FILL_AREA ( #2010 ) ;
#1570 = CARTESIAN_POINT ( 'NONE',  ( -0.06708323738077184850, -0.01407233869780304993, -0.02867101149142507743 ) ) ;
#1571 = VERTEX_POINT ( 'NONE', #5682 ) ;
#1572 = LINE ( 'NONE', #8320, #5167 ) ;
#1573 = VECTOR ( 'NONE', #5999, 1000.000000000000000 ) ;
#1574 = DIRECTION ( 'NONE',  ( 0.0000000000000000000, 1.000000000000000000, 3.491481338843133355E-15 ) ) ;
#1575 = PRESENTATION_LAYER_ASSIGNMENT (  '', '', ( #4537 ) ) ;
#1576 = ORIENTED_EDGE ( 'NONE', *, *, #8389, .F. ) ;
#1577 = EDGE_CURVE ( 'NONE', #2043, #3901, #8413, .T. ) ;
#1578 =( GEOMETRIC_REPRESENTATION_CONTEXT ( 3 ) GLOBAL_UNCERTAINTY_ASSIGNED_CONTEXT ( ( #4933 ) ) GLOBAL_UNIT_ASSIGNED_CONTEXT ( ( #1767, #5122, #2437 ) ) REPRESENTATION_CONTEXT ( 'NONE', 'WORKASPACE' ) );
#1579 = VERTEX_POINT ( 'NONE', #1771 ) ;
#1580 = ADVANCED_FACE ( 'NONE', ( #4898 ), #6129, .F. ) ;
#1581 = SURFACE_STYLE_FILL_AREA ( #8323 ) ;
#1582 = CARTESIAN_POINT ( 'NONE',  ( -0.1501689820738158765, -0.02303559639626681643, -0.02867101149142507743 ) ) ;
#1583 = SURFACE_SIDE_STYLE ('',( #4656 ) ) ;
#1584 = DIRECTION ( 'NONE',  ( -0.0000000000000000000, 1.000000000000000000, 3.491481338843133355E-15 ) ) ;
#1585 = CARTESIAN_POINT ( 'NONE',  ( -2.799999999999999822, -1.283471845651426024, 0.02132898850857102221 ) ) ;
#1586 = FILL_AREA_STYLE ('',( #2630 ) ) ;
#1587 = DIRECTION ( 'NONE',  ( 0.0000000000000000000, -3.491481338843133355E-15, 1.000000000000000000 ) ) ;
#1588 = LINE ( 'NONE', #5143, #6530 ) ;
#1589 = SURFACE_SIDE_STYLE ('',( #3624 ) ) ;
#1590 = CARTESIAN_POINT ( 'NONE',  ( 0.1951244630481354936, -0.09986486468895007518, -0.01867101149142505120 ) ) ;
#1591 = EDGE_LOOP ( 'NONE', ( #4714, #2831, #1563, #4770 ) ) ;
#1592 = LINE ( 'NONE', #2969, #3115 ) ;
#1593 = LINE ( 'NONE', #6353, #4558 ) ;
#1594 = AXIS2_PLACEMENT_3D ( 'NONE', #630, #1287, #4549 ) ;
#1595 = EDGE_CURVE ( 'NONE', #3221, #2061, #6237, .T. ) ;
#1596 = DIRECTION ( 'NONE',  ( 1.000000000000000000, 0.0000000000000000000, 0.0000000000000000000 ) ) ;
#1597 = CARTESIAN_POINT ( 'NONE',  ( -0.05663277111234002459, -0.1100401292274016535, -0.01867101149142528019 ) ) ;
#1598 = PRESENTATION_LAYER_ASSIGNMENT (  '', '', ( #6955 ) ) ;
#1599 = CARTESIAN_POINT ( 'NONE',  ( -0.08536334182991352215, -0.05986867566455970902, -0.01867101149142505120 ) ) ;
#1600 = VECTOR ( 'NONE', #8003, 1000.000000000000000 ) ;
#1601 = SURFACE_STYLE_USAGE ( .BOTH. , #6916 ) ;
#1602 = CARTESIAN_POINT ( 'NONE',  ( -2.549999999999999822, -1.083471845651426069, -0.02867101149142854688 ) ) ;
#1603 = SURFACE_STYLE_FILL_AREA ( #3698 ) ;
#1604 = CARTESIAN_POINT ( 'NONE',  ( -0.03170480524454762777, -0.09986486468894985313, -0.02867101149142507743 ) ) ;
#1605 = UNCERTAINTY_MEASURE_WITH_UNIT (LENGTH_MEASURE( 1.000000000000000082E-05 ), #5176, 'distance_accuracy_value', 'NONE');
#1606 = PLANE ( 'NONE',  #626 ) ;
#1607 = MECHANICAL_DESIGN_GEOMETRIC_PRESENTATION_REPRESENTATION (  '', ( #4454 ), #7073 ) ;
#1608 =( LENGTH_UNIT ( ) NAMED_UNIT ( * ) SI_UNIT ( .MILLI., .METRE. ) );
#1609 = MECHANICAL_DESIGN_GEOMETRIC_PRESENTATION_REPRESENTATION (  '', ( #2750 ), #2471 ) ;
#1610 = DIRECTION ( 'NONE',  ( 0.0000000000000000000, -1.000000000000000000, -3.491481338843133355E-15 ) ) ;
#1611 = LINE ( 'NONE', #2353, #8531 ) ;
#1612 = DIRECTION ( 'NONE',  ( -0.0000000000000000000, 3.491481338843133355E-15, -1.000000000000000000 ) ) ;
#1613 = CARTESIAN_POINT ( 'NONE',  ( -3.550000000000001155, -1.283471845651427135, 0.4713289885085705788 ) ) ;
#1614 = CYLINDRICAL_SURFACE ( 'NONE', #2652, 0.1000000000000000472 ) ;
#1615 = ORIENTED_EDGE ( 'NONE', *, *, #2479, .T. ) ;
#1616 = CARTESIAN_POINT ( 'NONE',  ( -0.09873825365979468915, -0.05777008316759862927, -0.01867101149142505120 ) ) ;
#1617 = EDGE_CURVE ( 'NONE', #2093, #6069, #2707, .T. ) ;
#1618 = COLOUR_RGB ( '',0.1098039215686274495, 0.1098039215686274495, 0.1098039215686274495 ) ;
#1619 = DIRECTION ( 'NONE',  ( 0.0000000000000000000, 1.000000000000000000, 3.491481338843133355E-15 ) ) ;
#1620 = DIRECTION ( 'NONE',  ( 0.0000000000000000000, -1.000000000000000000, -3.491481338843133355E-15 ) ) ;
#1621 = AXIS2_PLACEMENT_3D ( 'NONE', #4992, #6854, #255 ) ;
#1622 = DIRECTION ( 'NONE',  ( 0.0000000000000000000, -1.000000000000000000, -3.491481338843133355E-15 ) ) ;
#1623 = UNCERTAINTY_MEASURE_WITH_UNIT (LENGTH_MEASURE( 1.000000000000000082E-05 ), #7940, 'distance_accuracy_value', 'NONE');
#1624 = DIRECTION ( 'NONE',  ( 0.0000000000000000000, -4.336808689942017736E-15, 1.000000000000000000 ) ) ;
#1625 = VERTEX_POINT ( 'NONE', #6385 ) ;
#1626 = CARTESIAN_POINT ( 'NONE',  ( -0.04739555377716007933, -0.1108058439098032061, -0.02867101149142507743 ) ) ;
#1627 = ORIENTED_EDGE ( 'NONE', *, *, #6078, .T. ) ;
#1628 = CARTESIAN_POINT ( 'NONE',  ( 2.098518552703152906, -1.333471845651429843, 1.127033865392921719 ) ) ;
#1629 = CARTESIAN_POINT ( 'NONE',  ( 2.098518552703152906, -1.333471845651435617, 2.731321192064204872 ) ) ;
#1630 = ADVANCED_FACE ( 'NONE', ( #1047 ), #5787, .F. ) ;
#1631 = FILL_AREA_STYLE ('',( #4668 ) ) ;
#1632 = PRESENTATION_STYLE_ASSIGNMENT (( #1449 ) ) ;
#1633 = CARTESIAN_POINT ( 'NONE',  ( -2.375000000000001332, 1.476528154348573763, -0.02867101149141900590 ) ) ;
#1634 = COLOUR_RGB ( '',0.7764705882352941346, 0.7568627450980391913, 0.7372549019607843590 ) ;
#1635 = VERTEX_POINT ( 'NONE', #1819 ) ;
#1636 = CARTESIAN_POINT ( 'NONE',  ( 0.1018236802061384116, -0.02068226302561664356, -0.01867101149142505120 ) ) ;
#1637 = ORIENTED_EDGE ( 'NONE', *, *, #4878, .F. ) ;
#1638 = VECTOR ( 'NONE', #4194, 1000.000000000000000 ) ;
#1639 = ORIENTED_EDGE ( 'NONE', *, *, #2404, .F. ) ;
#1640 = DIRECTION ( 'NONE',  ( 1.224646799147353207E-16, -1.000000000000000000, -3.491481338843133355E-15 ) ) ;
#1641 =( NAMED_UNIT ( * ) PLANE_ANGLE_UNIT ( ) SI_UNIT ( $, .RADIAN. ) );
#1642 = ORIENTED_EDGE ( 'NONE', *, *, #4754, .T. ) ;
#1643 = VERTEX_POINT ( 'NONE', #8495 ) ;
#1644 = DIRECTION ( 'NONE',  ( 0.0000000000000000000, 3.491481338843133355E-15, -1.000000000000000000 ) ) ;
#1645 = EDGE_CURVE ( 'NONE', #1846, #572, #6523, .T. ) ;
#1646 = CARTESIAN_POINT ( 'NONE',  ( 0.006100072804232863251, -0.06571852322553514703, -0.02867101149142507743 ) ) ;
#1647 = EDGE_CURVE ( 'NONE', #1327, #1076, #5428, .T. ) ;
#1648 =( LENGTH_UNIT ( ) NAMED_UNIT ( * ) SI_UNIT ( .MILLI., .METRE. ) );
#1649 = PRESENTATION_LAYER_ASSIGNMENT (  '', '', ( #1169 ) ) ;
#1650 = FACE_OUTER_BOUND ( 'NONE', #6272, .T. ) ;
#1651 = COLOUR_RGB ( '',0.7764705882352941346, 0.7568627450980391913, 0.7372549019607843590 ) ;
#1652 = ORIENTED_EDGE ( 'NONE', *, *, #8421, .T. ) ;
#1653 = DIRECTION ( 'NONE',  ( 1.000000000000000000, 0.0000000000000000000, 0.0000000000000000000 ) ) ;
#1654 = CARTESIAN_POINT ( 'NONE',  ( 0.1013443497691281781, -0.1010512763560589139, -0.01867101149142505120 ) ) ;
#1655 = ORIENTED_EDGE ( 'NONE', *, *, #3647, .T. ) ;
#1656 = DIRECTION ( 'NONE',  ( -1.084202172485504631E-15, -3.491481338843133355E-15, 1.000000000000000000 ) ) ;
#1657 = LINE ( 'NONE', #8231, #3505 ) ;
#1658 = AXIS2_PLACEMENT_3D ( 'NONE', #8025, #776, #2642 ) ;
#1659 = ORIENTED_EDGE ( 'NONE', *, *, #3335, .T. ) ;
#1660 =( GEOMETRIC_REPRESENTATION_CONTEXT ( 3 ) GLOBAL_UNCERTAINTY_ASSIGNED_CONTEXT ( ( #506 ) ) GLOBAL_UNIT_ASSIGNED_CONTEXT ( ( #7196, #3888, #5889 ) ) REPRESENTATION_CONTEXT ( 'NONE', 'WORKASPACE' ) );
#1661 = PRESENTATION_STYLE_ASSIGNMENT (( #6664 ) ) ;
#1662 = ORIENTED_EDGE ( 'NONE', *, *, #3141, .T. ) ;
#1663 = DIRECTION ( 'NONE',  ( 1.000000000000000000, 0.0000000000000000000, -0.0000000000000000000 ) ) ;
#1664 = EDGE_CURVE ( 'NONE', #5003, #2574, #1250, .T. ) ;
#1665 = DIRECTION ( 'NONE',  ( 1.000000000000000000, 1.376535146460480779E-30, -3.942553354492742545E-16 ) ) ;
#1666 = ORIENTED_EDGE ( 'NONE', *, *, #3249, .T. ) ;
#1667 = CARTESIAN_POINT ( 'NONE',  ( 0.1134136355043513233, -0.01158808537139602649, -0.02867101149142507743 ) ) ;
#1668 = CIRCLE ( 'NONE', #5519, 0.09999999999999939493 ) ;
#1669 = LINE ( 'NONE', #6499, #6724 ) ;
#1670 = EDGE_CURVE ( 'NONE', #1700, #2400, #202, .T. ) ;
#1671 = FACE_OUTER_BOUND ( 'NONE', #1403, .T. ) ;
#1672 =( GEOMETRIC_REPRESENTATION_CONTEXT ( 3 ) GLOBAL_UNCERTAINTY_ASSIGNED_CONTEXT ( ( #6866 ) ) GLOBAL_UNIT_ASSIGNED_CONTEXT ( ( #171, #1999, #7130 ) ) REPRESENTATION_CONTEXT ( 'NONE', 'WORKASPACE' ) );
#1673 = DIRECTION ( 'NONE',  ( 1.000000000000000000, 0.0000000000000000000, 0.0000000000000000000 ) ) ;
#1674 = UNCERTAINTY_MEASURE_WITH_UNIT (LENGTH_MEASURE( 1.000000000000000082E-05 ), #3947, 'distance_accuracy_value', 'NONE');
#1675 = DIRECTION ( 'NONE',  ( -1.000000000000000000, 0.0000000000000000000, 0.0000000000000000000 ) ) ;
#1676 =( NAMED_UNIT ( * ) PLANE_ANGLE_UNIT ( ) SI_UNIT ( $, .RADIAN. ) );
#1677 = CARTESIAN_POINT ( 'NONE',  ( 0.1174737287245927186, -0.09700392714867664412, -0.02867101149142507743 ) ) ;
#1678 = DIRECTION ( 'NONE',  ( 4.336808689942017736E-16, -3.491481338843133355E-15, 1.000000000000000000 ) ) ;
#1679 = ORIENTED_EDGE ( 'NONE', *, *, #2331, .F. ) ;
#1680 = SURFACE_STYLE_FILL_AREA ( #7296 ) ;
#1681 = VECTOR ( 'NONE', #6053, 1000.000000000000000 ) ;
#1682 = PLANE ( 'NONE',  #1460 ) ;
#1683 = COLOUR_RGB ( '',0.7764705882352941346, 0.7568627450980391913, 0.7372549019607843590 ) ;
#1684 = SURFACE_STYLE_USAGE ( .BOTH. , #6324 ) ;
#1685 = EDGE_CURVE ( 'NONE', #984, #5570, #813, .T. ) ;
#1686 = CARTESIAN_POINT ( 'NONE',  ( -0.09877797597625495585, -0.05958285249382781756, -0.01867101149142528019 ) ) ;
#1687 = AXIS2_PLACEMENT_3D ( 'NONE', #489, #3743, #1075 ) ;
#1688 = ORIENTED_EDGE ( 'NONE', *, *, #5000, .F. ) ;
#1689 = SURFACE_STYLE_USAGE ( .BOTH. , #957 ) ;
#1690 = LINE ( 'NONE', #358, #1885 ) ;
#1691 = CARTESIAN_POINT ( 'NONE',  ( -2.750000000000000000, -1.283471845651426246, 0.1213289885085707953 ) ) ;
#1692 = B_SPLINE_CURVE_WITH_KNOTS ( 'NONE', 3,
 ( #5576, #8208, #1636, #231, #3493, #4867, #296, #2319, #6918, #4895, #2260, #2915, #8230, #2942, #3526, #2972, #7579, #8174, #205 ),
 .UNSPECIFIED., .F., .F.,
 ( 4, 1, 1, 1, 1, 1, 1, 1, 1, 1, 1, 1, 1, 1, 1, 1, 4 ),
 ( 0.0000000000000000000, 0.06460651091172693594, 0.1267073966769823312, 0.1867641584560546242, 0.2456160792896877609, 0.3036342601009781594, 0.3614875846788058178, 0.4202270435406777471, 0.4800225128200905078, 0.5406696917432121108, 0.6011857431162470622, 0.6623298436784398335, 0.7250194742551530069, 0.7894594567563132381, 0.8564992169370768682, 0.9263091979800039955, 1.000000000000000000 ),
 .UNSPECIFIED. ) ;
#1693 = SURFACE_SIDE_STYLE ('',( #7382 ) ) ;
#1694 = SURFACE_SIDE_STYLE ('',( #4715 ) ) ;
#1695 = ORIENTED_EDGE ( 'NONE', *, *, #503, .F. ) ;
#1696 = DIRECTION ( 'NONE',  ( 0.0000000000000000000, -1.000000000000000000, -3.491481338843133355E-15 ) ) ;
#1697 = EDGE_CURVE ( 'NONE', #7380, #102, #3838, .T. ) ;
#1698 = CARTESIAN_POINT ( 'NONE',  ( 0.1344832986877904091, -0.02414479520486509379, -0.02867101149142507743 ) ) ;
#1699 = AXIS2_PLACEMENT_3D ( 'NONE', #4803, #2675, #819 ) ;
#1700 = VERTEX_POINT ( 'NONE', #5947 ) ;
#1701 = CARTESIAN_POINT ( 'NONE',  ( 0.1075484773836542646, -0.1004814080446411878, -0.02867101149142507743 ) ) ;
#1702 = B_SPLINE_SURFACE_WITH_KNOTS ( 'NONE', 3, 1, ( 
 ( #1562, #1686 ),
 ( #196, #2309 ),
 ( #2876, #6175 ),
 ( #4298, #221 ),
 ( #4186, #7572 ),
 ( #4854, #863 ),
 ( #4968, #3597 ),
 ( #2222, #5513 ),
 ( #983, #6912 ),
 ( #5626, #2906 ),
 ( #3632, #7544 ),
 ( #284, #3572 ),
 ( #7512, #6298 ),
 ( #5546, #8225 ),
 ( #8254, #4275 ),
 ( #6934, #1597 ),
 ( #4246, #3544 ),
 ( #1626, #8196 ),
 ( #4215, #4886 ) ),
 .UNSPECIFIED., .F., .F., .F.,
 ( 4, 1, 1, 1, 1, 1, 1, 1, 1, 1, 1, 1, 1, 1, 1, 1, 4 ),
 ( 2, 2 ),
 ( 0.0000000000000000000, 0.06807022544602514547, 0.1334304311243613983, 0.1961504414953044451, 0.2571279473187754738, 0.3168673125347739039, 0.3761731906999620234, 0.4359476605849043618, 0.4965239232888287724, 0.5574553990935481318, 0.6176782722867170117, 0.6779364036295142393, 0.7387994153869098524, 0.8009448638132562470, 0.8648116296622978538, 0.9310232311067556665, 1.000000000000000000 ),
 ( 0.0000000000000000000, 1.000000000000000000 ),
 .UNSPECIFIED. ) ;
#1703 =( NAMED_UNIT ( * ) PLANE_ANGLE_UNIT ( ) SI_UNIT ( $, .RADIAN. ) );
#1704 = ORIENTED_EDGE ( 'NONE', *, *, #5423, .T. ) ;
#1705 =( NAMED_UNIT ( * ) PLANE_ANGLE_UNIT ( ) SI_UNIT ( $, .RADIAN. ) );
#1706 = AXIS2_PLACEMENT_3D ( 'NONE', #4632, #4722, #739 ) ;
#1707 = CARTESIAN_POINT ( 'NONE',  ( -1.803784506222427808, 1.186528154348563957, 2.921328988508579805 ) ) ;
#1708 = UNCERTAINTY_MEASURE_WITH_UNIT (LENGTH_MEASURE( 1.000000000000000082E-05 ), #8601, 'distance_accuracy_value', 'NONE');
#1709 = CARTESIAN_POINT ( 'NONE',  ( -0.04645328085430373843, -0.02181608420114477739, -0.02867101149142507743 ) ) ;
#1710 = ADVANCED_FACE ( 'NONE', ( #5607 ), #5400, .T. ) ;
#1711 = ORIENTED_EDGE ( 'NONE', *, *, #3085, .T. ) ;
#1712 = ORIENTED_EDGE ( 'NONE', *, *, #1088, .F. ) ;
#1713 = DIRECTION ( 'NONE',  ( -1.000000000000000000, -0.0000000000000000000, 0.0000000000000000000 ) ) ;
#1714 = FACE_OUTER_BOUND ( 'NONE', #4636, .T. ) ;
#1715 = FACE_OUTER_BOUND ( 'NONE', #699, .T. ) ;
#1716 = CARTESIAN_POINT ( 'NONE',  ( 0.1119986650413456880, -0.1113108711396403327, -0.01867101149142505120 ) ) ;
#1717 = UNCERTAINTY_MEASURE_WITH_UNIT (LENGTH_MEASURE( 1.000000000000000082E-05 ), #5916, 'distance_accuracy_value', 'NONE');
#1718 = STYLED_ITEM ( 'NONE', ( #1178 ), #1976 ) ;
#1719 = CARTESIAN_POINT ( 'NONE',  ( 0.1456916709764614071, -0.08280438004631897331, -0.02867101149142507743 ) ) ;
#1720 = MECHANICAL_DESIGN_GEOMETRIC_PRESENTATION_REPRESENTATION (  '', ( #4515 ), #2582 ) ;
#1721 = VECTOR ( 'NONE', #2824, 1000.000000000000000 ) ;
#1722 = VERTEX_POINT ( 'NONE', #7575 ) ;
#1723 = VECTOR ( 'NONE', #2398, 1000.000000000000000 ) ;
#1724 = ORIENTED_EDGE ( 'NONE', *, *, #7711, .F. ) ;
#1725 = CARTESIAN_POINT ( 'NONE',  ( -1.499999999999999778, -1.083471845651430288, 1.246328988508571545 ) ) ;
#1726 = CARTESIAN_POINT ( 'NONE',  ( -1.600000000000000089, 0.6865281543485712845, 0.7213289885085777398 ) ) ;
#1727 = LINE ( 'NONE', #1739, #3468 ) ;
#1728 = FILL_AREA_STYLE_COLOUR ( '', #1810 ) ;
#1729 = UNCERTAINTY_MEASURE_WITH_UNIT (LENGTH_MEASURE( 1.000000000000000082E-05 ), #7951, 'distance_accuracy_value', 'NONE');
#1730 = EDGE_CURVE ( 'NONE', #1883, #7970, #5287, .T. ) ;
#1731 = EDGE_CURVE ( 'NONE', #2661, #7557, #6119, .T. ) ;
#1732 = ORIENTED_EDGE ( 'NONE', *, *, #6660, .T. ) ;
#1733 =( LENGTH_UNIT ( ) NAMED_UNIT ( * ) SI_UNIT ( .MILLI., .METRE. ) );
#1734 =( GEOMETRIC_REPRESENTATION_CONTEXT ( 3 ) GLOBAL_UNCERTAINTY_ASSIGNED_CONTEXT ( ( #5826 ) ) GLOBAL_UNIT_ASSIGNED_CONTEXT ( ( #3415, #6803, #7463 ) ) REPRESENTATION_CONTEXT ( 'NONE', 'WORKASPACE' ) );
#1735 = DIRECTION ( 'NONE',  ( 0.0000000000000000000, -3.491481338843133355E-15, 1.000000000000000000 ) ) ;
#1736 = VECTOR ( 'NONE', #6602, 1000.000000000000000 ) ;
#1737 = CARTESIAN_POINT ( 'NONE',  ( -1.400000000000000133, -2.313471845651434933, 2.546328988508567370 ) ) ;
#1738 = ORIENTED_EDGE ( 'NONE', *, *, #3868, .F. ) ;
#1739 = CARTESIAN_POINT ( 'NONE',  ( -2.549999999999999822, -0.1108404744450475488, -0.01867101149142505120 ) ) ;
#1740 = ORIENTED_EDGE ( 'NONE', *, *, #4160, .F. ) ;
#1741 = SURFACE_STYLE_USAGE ( .BOTH. , #4997 ) ;
#1742 = FILL_AREA_STYLE_COLOUR ( '', #6638 ) ;
#1743 = DIRECTION ( 'NONE',  ( 0.0000000000000000000, 1.000000000000000000, 3.491481338843133355E-15 ) ) ;
#1744 = AXIS2_PLACEMENT_3D ( 'NONE', #2460, #8485, #5810 ) ;
#1745 = EDGE_CURVE ( 'NONE', #5849, #3180, #2306, .T. ) ;
#1746 = CARTESIAN_POINT ( 'NONE',  ( 0.1487517014625492906, -0.06453903607432361078, -0.01867101149142505120 ) ) ;
#1747 = MECHANICAL_DESIGN_GEOMETRIC_PRESENTATION_REPRESENTATION (  '', ( #7327 ), #7952 ) ;
#1748 = VECTOR ( 'NONE', #6186, 1000.000000000000000 ) ;
#1749 = EDGE_LOOP ( 'NONE', ( #5598, #2418, #3700 ) ) ;
#1750 = ORIENTED_EDGE ( 'NONE', *, *, #1024, .F. ) ;
#1751 = CARTESIAN_POINT ( 'NONE',  ( 2.549999999999996270, -1.083471845651428511, 0.7213289885085713005 ) ) ;
#1752 = CARTESIAN_POINT ( 'NONE',  ( 0.09973164025101291519, -0.009662996671331094967, -0.02867101149142464375 ) ) ;
#1753 = ADVANCED_FACE ( 'NONE', ( #3943 ), #289, .F. ) ;
#1754 = CIRCLE ( 'NONE', #5454, 0.05000000000000000971 ) ;
#1755 = LINE ( 'NONE', #3286, #5049 ) ;
#1756 = ORIENTED_EDGE ( 'NONE', *, *, #6365, .T. ) ;
#1757 = VERTEX_POINT ( 'NONE', #4299 ) ;
#1758 = DIRECTION ( 'NONE',  ( 0.0000000000000000000, -1.000000000000000000, -3.491481338843133355E-15 ) ) ;
#1759 = PRESENTATION_LAYER_ASSIGNMENT (  '', '', ( #2354 ) ) ;
#1760 = SURFACE_STYLE_USAGE ( .BOTH. , #6317 ) ;
#1761 =( GEOMETRIC_REPRESENTATION_CONTEXT ( 3 ) GLOBAL_UNCERTAINTY_ASSIGNED_CONTEXT ( ( #610 ) ) GLOBAL_UNIT_ASSIGNED_CONTEXT ( ( #4651, #644, #7905 ) ) REPRESENTATION_CONTEXT ( 'NONE', 'WORKASPACE' ) );
#1762 = ORIENTED_EDGE ( 'NONE', *, *, #3538, .F. ) ;
#1763 = CARTESIAN_POINT ( 'NONE',  ( 1.499999999999999778, -1.083471845651434950, 2.546328988508571367 ) ) ;
#1764 = VERTEX_POINT ( 'NONE', #8437 ) ;
#1765 = ORIENTED_EDGE ( 'NONE', *, *, #6411, .T. ) ;
#1766 = VECTOR ( 'NONE', #6159, 1000.000000000000000 ) ;
#1767 =( LENGTH_UNIT ( ) NAMED_UNIT ( * ) SI_UNIT ( .MILLI., .METRE. ) );
#1768 = CIRCLE ( 'NONE', #6354, 0.2999999999999999889 ) ;
#1769 = CARTESIAN_POINT ( 'NONE',  ( 0.07533109480856105267, -0.1061754725827685070, -0.01867101149142505120 ) ) ;
#1770 = CARTESIAN_POINT ( 'NONE',  ( -3.499999999999999556, 1.186528154348563957, 2.921328988508580249 ) ) ;
#1771 = CARTESIAN_POINT ( 'NONE',  ( -2.998179295342850992, -1.333471845651435617, 2.731321192064204872 ) ) ;
#1772 = CARTESIAN_POINT ( 'NONE',  ( 0.001222024023745052739, -0.09986486468894985313, -0.02867101149142507743 ) ) ;
#1773 = STYLED_ITEM ( 'NONE', ( #2545 ), #6546 ) ;
#1774 = EDGE_LOOP ( 'NONE', ( #6189, #6851, #2793, #4126 ) ) ;
#1775 = ORIENTED_EDGE ( 'NONE', *, *, #4124, .T. ) ;
#1776 = CARTESIAN_POINT ( 'NONE',  ( -3.475000000000000533, -1.083471845651427623, 0.4713289885085714670 ) ) ;
#1777 = VECTOR ( 'NONE', #1678, 1000.000000000000000 ) ;
#1778 = CARTESIAN_POINT ( 'NONE',  ( 0.1390647760839438529, -0.09506222077848136554, -0.02867101149142507743 ) ) ;
#1779 = EDGE_CURVE ( 'NONE', #6288, #7027, #721, .T. ) ;
#1780 = ORIENTED_EDGE ( 'NONE', *, *, #7762, .T. ) ;
#1781 = FACE_OUTER_BOUND ( 'NONE', #1234, .T. ) ;
#1782 = FILL_AREA_STYLE_COLOUR ( '', #3833 ) ;
#1783 = DIRECTION ( 'NONE',  ( -0.0000000000000000000, -1.000000000000000000, -3.491481338843133355E-15 ) ) ;
#1784 = CIRCLE ( 'NONE', #3836, 0.05000000000000000278 ) ;
#1785 = EDGE_LOOP ( 'NONE', ( #3722, #2433, #2656, #7658 ) ) ;
#1786 = DIRECTION ( 'NONE',  ( 0.0000000000000000000, -1.000000000000000000, -3.491481338843133355E-15 ) ) ;
#1787 = ORIENTED_EDGE ( 'NONE', *, *, #4940, .F. ) ;
#1788 = FACE_OUTER_BOUND ( 'NONE', #1126, .T. ) ;
#1789 =( LENGTH_UNIT ( ) NAMED_UNIT ( * ) SI_UNIT ( .MILLI., .METRE. ) );
#1790 =( LENGTH_UNIT ( ) NAMED_UNIT ( * ) SI_UNIT ( .MILLI., .METRE. ) );
#1791 = PRESENTATION_LAYER_ASSIGNMENT (  '', '', ( #4477 ) ) ;
#1792 = VECTOR ( 'NONE', #3302, 1000.000000000000000 ) ;
#1793 = DIRECTION ( 'NONE',  ( -1.000000000000000000, -0.0000000000000000000, -0.0000000000000000000 ) ) ;
#1794 = ORIENTED_EDGE ( 'NONE', *, *, #8018, .F. ) ;
#1795 = DIRECTION ( 'NONE',  ( 0.0000000000000000000, -1.000000000000000000, -3.491481338843133355E-15 ) ) ;
#1796 = CARTESIAN_POINT ( 'NONE',  ( -0.05034687652483241238, -0.09976883555078749910, -0.02867101149142507743 ) ) ;
#1797 = CARTESIAN_POINT ( 'NONE',  ( 0.1166848891816083811, -0.1102381970374687187, -0.01867101149142505120 ) ) ;
#1798 = LINE ( 'NONE', #3439, #4902 ) ;
#1799 = CARTESIAN_POINT ( 'NONE',  ( 0.1487517014625492906, -0.06453903607432338874, -0.02867101149142507743 ) ) ;
#1800 = ADVANCED_FACE ( 'NONE', ( #1788 ), #5704, .F. ) ;
#1801 = SURFACE_STYLE_FILL_AREA ( #6147 ) ;
#1802 = EDGE_CURVE ( 'NONE', #4641, #3143, #1027, .T. ) ;
#1803 = MECHANICAL_DESIGN_GEOMETRIC_PRESENTATION_REPRESENTATION (  '', ( #4786 ), #6542 ) ;
#1804 = FILL_AREA_STYLE_COLOUR ( '', #3181 ) ;
#1805 = SURFACE_SIDE_STYLE ('',( #1581 ) ) ;
#1806 =( NAMED_UNIT ( * ) PLANE_ANGLE_UNIT ( ) SI_UNIT ( $, .RADIAN. ) );
#1807 = COLOUR_RGB ( '',1.000000000000000000, 1.000000000000000000, 1.000000000000000000 ) ;
#1808 =( LENGTH_UNIT ( ) NAMED_UNIT ( * ) SI_UNIT ( .MILLI., .METRE. ) );
#1809 = CARTESIAN_POINT ( 'NONE',  ( -0.04548148207381592228, -0.1108404744450473406, -0.02867101149142507743 ) ) ;
#1810 = COLOUR_RGB ( '',0.7764705882352941346, 0.7568627450980391913, 0.7372549019607843590 ) ;
#1811 = LINE ( 'NONE', #1604, #1391 ) ;
#1812 = ORIENTED_EDGE ( 'NONE', *, *, #5614, .F. ) ;
#1813 = DIRECTION ( 'NONE',  ( 1.000000000000000000, 0.0000000000000000000, 0.0000000000000000000 ) ) ;
#1814 = STYLED_ITEM ( 'NONE', ( #4863 ), #6039 ) ;
#1815 = VECTOR ( 'NONE', #2635, 1000.000000000000000 ) ;
#1816 = CARTESIAN_POINT ( 'NONE',  ( -1.803784506222429140, 0.6865281543485617366, 3.521328988508578117 ) ) ;
#1817 = SURFACE_STYLE_FILL_AREA ( #6668 ) ;
#1818 = FILL_AREA_STYLE_COLOUR ( '', #6587 ) ;
#1819 = CARTESIAN_POINT ( 'NONE',  ( 1.600000000000000755, 0.6865281543485735050, -0.02867101149142334271 ) ) ;
#1820 = CARTESIAN_POINT ( 'NONE',  ( -0.07498663169476317558, -0.08937849813740608718, -0.02867101149142507743 ) ) ;
#1821 = EDGE_CURVE ( 'NONE', #6395, #4584, #2171, .T. ) ;
#1822 = EDGE_LOOP ( 'NONE', ( #5839, #3482, #6099, #2461 ) ) ;
#1823 = EDGE_CURVE ( 'NONE', #2305, #1722, #4663, .T. ) ;
#1824 = VERTEX_POINT ( 'NONE', #2176 ) ;
#1825 = AXIS2_PLACEMENT_3D ( 'NONE', #8527, #7808, #1849 ) ;
#1826 = CARTESIAN_POINT ( 'NONE',  ( -3.500000000000000888, -1.083471845651435617, 2.796076259633627714 ) ) ;
#1827 = ORIENTED_EDGE ( 'NONE', *, *, #3614, .T. ) ;
#1828 =( LENGTH_UNIT ( ) NAMED_UNIT ( * ) SI_UNIT ( .MILLI., .METRE. ) );
#1829 = ORIENTED_EDGE ( 'NONE', *, *, #503, .T. ) ;
#1830 =( NAMED_UNIT ( * ) SI_UNIT ( $, .STERADIAN. ) SOLID_ANGLE_UNIT ( ) );
#1831 = EDGE_CURVE ( 'NONE', #6037, #1194, #1470, .T. ) ;
#1832 = CARTESIAN_POINT ( 'NONE',  ( 1.599999999999999645, -1.083471845651435617, 2.696328988508570834 ) ) ;
#1833 = SURFACE_SIDE_STYLE ('',( #8198 ) ) ;
#1834 = PRESENTATION_LAYER_ASSIGNMENT (  '', '', ( #6145 ) ) ;
#1835 = COLOUR_RGB ( '',0.1098039215686274495, 0.1098039215686274495, 0.1098039215686274495 ) ;
#1836 = VERTEX_POINT ( 'NONE', #5464 ) ;
#1837 =( NAMED_UNIT ( * ) PLANE_ANGLE_UNIT ( ) SI_UNIT ( $, .RADIAN. ) );
#1838 = ORIENTED_EDGE ( 'NONE', *, *, #5914, .F. ) ;
#1839 = ADVANCED_FACE ( 'NONE', ( #8405 ), #123, .F. ) ;
#1840 = DIRECTION ( 'NONE',  ( -1.000000000000000000, -0.0000000000000000000, 0.0000000000000000000 ) ) ;
#1841 = DIRECTION ( 'NONE',  ( 0.0000000000000000000, 3.523657060577890199E-15, -1.000000000000000000 ) ) ;
#1842 = PRESENTATION_STYLE_ASSIGNMENT (( #7991 ) ) ;
#1843 = DIRECTION ( 'NONE',  ( -2.168404344971012812E-15, 1.000000000000000000, 4.336808689942025625E-15 ) ) ;
#1844 = FILL_AREA_STYLE ('',( #1879 ) ) ;
#1845 = DIRECTION ( 'NONE',  ( 0.0000000000000000000, -3.491481338843133355E-15, 1.000000000000000000 ) ) ;
#1846 = VERTEX_POINT ( 'NONE', #2887 ) ;
#1847 = DIRECTION ( 'NONE',  ( 5.102127870520024926E-16, -3.491481338843133355E-15, 1.000000000000000000 ) ) ;
#1848 = EDGE_CURVE ( 'NONE', #7888, #88, #1136, .T. ) ;
#1849 = DIRECTION ( 'NONE',  ( -2.891205793294677044E-15, 1.000000000000000000, 3.491481338843133355E-15 ) ) ;
#1850 = ORIENTED_EDGE ( 'NONE', *, *, #6985, .T. ) ;
#1851 = MECHANICAL_DESIGN_GEOMETRIC_PRESENTATION_REPRESENTATION (  '', ( #942 ), #2298 ) ;
#1852 = ORIENTED_EDGE ( 'NONE', *, *, #7364, .T. ) ;
#1853 = VERTEX_POINT ( 'NONE', #2352 ) ;
#1854 = ORIENTED_EDGE ( 'NONE', *, *, #2428, .F. ) ;
#1855 = UNCERTAINTY_MEASURE_WITH_UNIT (LENGTH_MEASURE( 1.000000000000000082E-05 ), #2703, 'distance_accuracy_value', 'NONE');
#1856 = FILL_AREA_STYLE ('',( #1804 ) ) ;
#1857 = ORIENTED_EDGE ( 'NONE', *, *, #5652, .F. ) ;
#1858 = DIRECTION ( 'NONE',  ( 3.942553354492744024E-16, -3.491481338843133355E-15, 1.000000000000000000 ) ) ;
#1859 = AXIS2_PLACEMENT_3D ( 'NONE', #1339, #3331, #1495 ) ;
#1860 = EDGE_CURVE ( 'NONE', #5030, #682, #1241, .T. ) ;
#1861 = ORIENTED_EDGE ( 'NONE', *, *, #4214, .T. ) ;
#1862 = CARTESIAN_POINT ( 'NONE',  ( 2.375000000000000444, 0.6865281543485730609, 0.1713289885085763076 ) ) ;
#1863 = CARTESIAN_POINT ( 'NONE',  ( 0.1347904273447740608, -0.05296168242411748717, -0.01867101149142505120 ) ) ;
#1864 = MECHANICAL_DESIGN_GEOMETRIC_PRESENTATION_REPRESENTATION (  '', ( #5227 ), #7906 ) ;
#1865 = LINE ( 'NONE', #7684, #5777 ) ;
#1866 = FILL_AREA_STYLE_COLOUR ( '', #1978 ) ;
#1867 = CARTESIAN_POINT ( 'NONE',  ( -1.149999999999999911, -0.1834718456514240481, -0.5286710114914247027 ) ) ;
#1868 = PRESENTATION_STYLE_ASSIGNMENT (( #1430 ) ) ;
#1869 = UNCERTAINTY_MEASURE_WITH_UNIT (LENGTH_MEASURE( 1.000000000000000082E-05 ), #2550, 'distance_accuracy_value', 'NONE');
#1870 = VECTOR ( 'NONE', #7028, 1000.000000000000000 ) ;
#1871 = DIRECTION ( 'NONE',  ( 0.0000000000000000000, 1.000000000000000000, 3.491481338843133355E-15 ) ) ;
#1872 = ORIENTED_EDGE ( 'NONE', *, *, #7930, .F. ) ;
#1873 = DIRECTION ( 'NONE',  ( -1.000000000000000000, 0.0000000000000000000, 0.0000000000000000000 ) ) ;
#1874 = CARTESIAN_POINT ( 'NONE',  ( 0.1075484773836542646, -0.1004814080446412294, -0.01867101149142505120 ) ) ;
#1875 = LINE ( 'NONE', #5591, #5897 ) ;
#1876 = CARTESIAN_POINT ( 'NONE',  ( -2.549999999999999822, -1.283471845651426690, 0.1713289885085706732 ) ) ;
#1877 = DIRECTION ( 'NONE',  ( 1.355252715606880543E-16, 3.491481338843133355E-15, -1.000000000000000000 ) ) ;
#1878 = AXIS2_PLACEMENT_3D ( 'NONE', #2911, #2966, #1097 ) ;
#1879 = FILL_AREA_STYLE_COLOUR ( '', #3742 ) ;
#1880 = CARTESIAN_POINT ( 'NONE',  ( -0.08283502140647945600, -0.07668492226556343494, -0.02867101149142507743 ) ) ;
#1881 = UNCERTAINTY_MEASURE_WITH_UNIT (LENGTH_MEASURE( 1.000000000000000082E-05 ), #1349, 'distance_accuracy_value', 'NONE');
#1882 = CARTESIAN_POINT ( 'NONE',  ( 0.1390647760839438529, -0.09506222077848136554, -0.02867101149142507743 ) ) ;
#1883 = VERTEX_POINT ( 'NONE', #2916 ) ;
#1884 = ORIENTED_EDGE ( 'NONE', *, *, #1889, .T. ) ;
#1885 = VECTOR ( 'NONE', #2408, 1000.000000000000000 ) ;
#1886 = CARTESIAN_POINT ( 'NONE',  ( 3.149999999999995914, 1.186528154348571285, 0.7213289885085795161 ) ) ;
#1887 = CARTESIAN_POINT ( 'NONE',  ( -0.1508874537283171613, -0.02522278575891028635, -0.02867101149142507743 ) ) ;
#1888 = ADVANCED_FACE ( 'NONE', ( #5392 ), #4960, .F. ) ;
#1889 = EDGE_CURVE ( 'NONE', #1764, #1824, #1690, .T. ) ;
#1890 = EDGE_CURVE ( 'NONE', #5964, #1011, #6948, .T. ) ;
#1891 = COLOUR_RGB ( '',1.000000000000000000, 1.000000000000000000, 1.000000000000000000 ) ;
#1892 = CARTESIAN_POINT ( 'NONE',  ( 0.04146592646276945487, -0.06571852322553514703, -0.02867101149142507743 ) ) ;
#1893 =( GEOMETRIC_REPRESENTATION_CONTEXT ( 3 ) GLOBAL_UNCERTAINTY_ASSIGNED_CONTEXT ( ( #1928 ) ) GLOBAL_UNIT_ASSIGNED_CONTEXT ( ( #591, #1185, #5878 ) ) REPRESENTATION_CONTEXT ( 'NONE', 'WORKASPACE' ) );
#1894 = ORIENTED_EDGE ( 'NONE', *, *, #686, .T. ) ;
#1895 = PRESENTATION_STYLE_ASSIGNMENT (( #1418 ) ) ;
#1896 = SURFACE_STYLE_USAGE ( .BOTH. , #5836 ) ;
#1897 =( NAMED_UNIT ( * ) PLANE_ANGLE_UNIT ( ) SI_UNIT ( $, .RADIAN. ) );
#1898 = CARTESIAN_POINT ( 'NONE',  ( 0.1339754069689018112, -0.04881662085267066131, -0.01867101149142505120 ) ) ;
#1899 = FACE_OUTER_BOUND ( 'NONE', #4628, .T. ) ;
#1900 = CARTESIAN_POINT ( 'NONE',  ( 2.750000000000000000, -1.283471845651426246, 0.1213289885085707953 ) ) ;
#1901 = EDGE_LOOP ( 'NONE', ( #2746, #7409 ) ) ;
#1902 = DIRECTION ( 'NONE',  ( 3.942553354492742545E-16, -3.491481338843133355E-15, 1.000000000000000000 ) ) ;
#1903 =( GEOMETRIC_REPRESENTATION_CONTEXT ( 3 ) GLOBAL_UNCERTAINTY_ASSIGNED_CONTEXT ( ( #6858 ) ) GLOBAL_UNIT_ASSIGNED_CONTEXT ( ( #627, #5327, #1375 ) ) REPRESENTATION_CONTEXT ( 'NONE', 'WORKASPACE' ) );
#1904 = CARTESIAN_POINT ( 'NONE',  ( -2.549999999999999822, 1.186528154348573949, -0.01867101149142071440 ) ) ;
#1905 = CARTESIAN_POINT ( 'NONE',  ( 0.1279505695555585854, -0.08776443102986933309, -0.01867101149142505120 ) ) ;
#1906 = EDGE_CURVE ( 'NONE', #2885, #3631, #3107, .T. ) ;
#1907 = DIRECTION ( 'NONE',  ( 0.0000000000000000000, -1.000000000000000000, -4.575683511328640156E-15 ) ) ;
#1908 = LINE ( 'NONE', #8374, #10 ) ;
#1909 = SURFACE_STYLE_USAGE ( .BOTH. , #5148 ) ;
#1910 = DIRECTION ( 'NONE',  ( 0.0000000000000000000, 1.000000000000000000, 3.491481338843133355E-15 ) ) ;
#1911 = B_SPLINE_CURVE_WITH_KNOTS ( 'NONE', 3,
 ( #496, #1946, #3231, #6545, #1887, #6440, #1137 ),
 .UNSPECIFIED., .F., .F.,
 ( 4, 1, 1, 1, 4 ),
 ( 0.0000000000000000000, 0.1744817153170450941, 0.3982857591281150356, 0.6738978473986464435, 1.000000000000000000 ),
 .UNSPECIFIED. ) ;
#1912 = SURFACE_SIDE_STYLE ('',( #2036 ) ) ;
#1913 = EDGE_LOOP ( 'NONE', ( #1775, #7819, #6316, #2613 ) ) ;
#1914 = FILL_AREA_STYLE_COLOUR ( '', #4609 ) ;
#1915 = ORIENTED_EDGE ( 'NONE', *, *, #7866, .T. ) ;
#1916 = STYLED_ITEM ( 'NONE', ( #5783 ), #469 ) ;
#1917 = SURFACE_STYLE_FILL_AREA ( #1283 ) ;
#1918 = SURFACE_STYLE_USAGE ( .BOTH. , #5799 ) ;
#1919 = VECTOR ( 'NONE', #1482, 1000.000000000000000 ) ;
#1920 = PRESENTATION_LAYER_ASSIGNMENT (  '', '', ( #4556 ) ) ;
#1921 = DIRECTION ( 'NONE',  ( 0.0000000000000000000, -3.491481338843133355E-15, 1.000000000000000000 ) ) ;
#1922 = COLOUR_RGB ( '',1.000000000000000000, 1.000000000000000000, 1.000000000000000000 ) ;
#1923 = VERTEX_POINT ( 'NONE', #1726 ) ;
#1924 = CARTESIAN_POINT ( 'NONE',  ( 0.08312053101137309441, -0.09863337158662272008, -0.01867101149142505120 ) ) ;
#1925 = DIRECTION ( 'NONE',  ( 1.000000000000000000, -4.731839565957903720E-31, 1.355252715606880543E-16 ) ) ;
#1926 = COLOUR_RGB ( '',1.000000000000000000, 1.000000000000000000, 1.000000000000000000 ) ;
#1927 = ORIENTED_EDGE ( 'NONE', *, *, #4413, .F. ) ;
#1928 = UNCERTAINTY_MEASURE_WITH_UNIT (LENGTH_MEASURE( 1.000000000000000082E-05 ), #591, 'distance_accuracy_value', 'NONE');
#1929 = ADVANCED_FACE ( 'NONE', ( #4771 ), #5772, .F. ) ;
#1930 = UNCERTAINTY_MEASURE_WITH_UNIT (LENGTH_MEASURE( 1.000000000000000082E-05 ), #5070, 'distance_accuracy_value', 'NONE');
#1931 = ADVANCED_FACE ( 'NONE', ( #7884 ), #1113, .F. ) ;
#1932 = AXIS2_PLACEMENT_3D ( 'NONE', #5830, #3775, #3167 ) ;
#1933 = CARTESIAN_POINT ( 'NONE',  ( -7.293723705811576000E-16, -1.283471845651425802, -0.02867101149142984792 ) ) ;
#1934 = COLOUR_RGB ( '',1.000000000000000000, 1.000000000000000000, 1.000000000000000000 ) ;
#1935 = EDGE_LOOP ( 'NONE', ( #4421, #1554, #1977, #6739 ) ) ;
#1936 = PLANE ( 'NONE',  #2217 ) ;
#1937 = CARTESIAN_POINT ( 'NONE',  ( 0.1000596764627694479, -0.1010843768840717222, -0.01867101149142505120 ) ) ;
#1938 = ORIENTED_EDGE ( 'NONE', *, *, #5475, .F. ) ;
#1939 = CARTESIAN_POINT ( 'NONE',  ( 2.750000000000000000, -1.083471845651426513, 0.1713289885085715336 ) ) ;
#1940 = DIRECTION ( 'NONE',  ( -1.000000000000000000, -0.0000000000000000000, 0.0000000000000000000 ) ) ;
#1941 = EDGE_CURVE ( 'NONE', #4374, #6823, #6205, .T. ) ;
#1942 = ORIENTED_EDGE ( 'NONE', *, *, #5306, .T. ) ;
#1943 = DIRECTION ( 'NONE',  ( -2.744815626545581052E-16, -1.000000000000000000, -3.491481338843133355E-15 ) ) ;
#1944 = VERTEX_POINT ( 'NONE', #3171 ) ;
#1945 = VERTEX_POINT ( 'NONE', #7201 ) ;
#1946 = CARTESIAN_POINT ( 'NONE',  ( -0.1519115696102572854, -0.02964880807290693962, -0.02867101149142507743 ) ) ;
#1947 = PLANE ( 'NONE',  #8089 ) ;
#1948 = FACE_OUTER_BOUND ( 'NONE', #6046, .T. ) ;
#1949 = ORIENTED_EDGE ( 'NONE', *, *, #941, .F. ) ;
#1950 = CARTESIAN_POINT ( 'NONE',  ( -3.450000000000000622, -1.283471845651435572, 2.746076259633627004 ) ) ;
#1951 = EDGE_CURVE ( 'NONE', #8253, #4936, #916, .T. ) ;
#1952 = CARTESIAN_POINT ( 'NONE',  ( 0.07715835986743792285, -0.09623965663722697239, -0.01867101149142505120 ) ) ;
#1953 = CARTESIAN_POINT ( 'NONE',  ( 0.1129074540456534020, -0.02334056336705542939, -0.02867101149142507743 ) ) ;
#1954 = DIRECTION ( 'NONE',  ( 1.000000000000000000, 0.0000000000000000000, 0.0000000000000000000 ) ) ;
#1955 = LINE ( 'NONE', #7875, #1320 ) ;
#1956 = ORIENTED_EDGE ( 'NONE', *, *, #1523, .T. ) ;
#1957 = DIRECTION ( 'NONE',  ( 0.0000000000000000000, 1.000000000000000000, 3.491481338843133355E-15 ) ) ;
#1958 = DIRECTION ( 'NONE',  ( 0.0000000000000000000, -3.491481338843133355E-15, 1.000000000000000000 ) ) ;
#1959 = DIRECTION ( 'NONE',  ( 0.0000000000000000000, -1.000000000000000000, -3.491481338843133355E-15 ) ) ;
#1960 = CARTESIAN_POINT ( 'NONE',  ( -0.09306518296233363963, -0.08507899486235757924, -0.02867101149142507743 ) ) ;
#1961 = CARTESIAN_POINT ( 'NONE',  ( -0.08392075616440133889, -0.02399422821417290796, -0.01867101149142621000 ) ) ;
#1962 = ORIENTED_EDGE ( 'NONE', *, *, #2723, .F. ) ;
#1963 = ORIENTED_EDGE ( 'NONE', *, *, #6815, .T. ) ;
#1964 = FACE_OUTER_BOUND ( 'NONE', #7232, .T. ) ;
#1965 = VERTEX_POINT ( 'NONE', #3627 ) ;
#1966 = ORIENTED_EDGE ( 'NONE', *, *, #6494, .T. ) ;
#1967 = UNCERTAINTY_MEASURE_WITH_UNIT (LENGTH_MEASURE( 1.000000000000000082E-05 ), #1648, 'distance_accuracy_value', 'NONE');
#1968 = EDGE_CURVE ( 'NONE', #8551, #456, #3823, .T. ) ;
#1969 = CARTESIAN_POINT ( 'NONE',  ( 0.006100072804232863251, -0.05474291346943765957, -0.02867101149142507743 ) ) ;
#1970 = AXIS2_PLACEMENT_3D ( 'NONE', #6474, #8600, #3326 ) ;
#1971 = LINE ( 'NONE', #7942, #3510 ) ;
#1972 = PRESENTATION_LAYER_ASSIGNMENT (  '', '', ( #166 ) ) ;
#1973 = CARTESIAN_POINT ( 'NONE',  ( -0.08125424498057297329, -0.03984711540559217335, -0.02867101149142507743 ) ) ;
#1974 = ADVANCED_FACE ( 'NONE', ( #5640 ), #3079, .T. ) ;
#1975 = FACE_OUTER_BOUND ( 'NONE', #1271, .T. ) ;
#1976 = ADVANCED_FACE ( 'NONE', ( #2528 ), #7618, .F. ) ;
#1977 = ORIENTED_EDGE ( 'NONE', *, *, #4524, .T. ) ;
#1978 = COLOUR_RGB ( '',0.1098039215686274495, 0.1098039215686274495, 0.1098039215686274495 ) ;
#1979 =( LENGTH_UNIT ( ) NAMED_UNIT ( * ) SI_UNIT ( .MILLI., .METRE. ) );
#1980 = MECHANICAL_DESIGN_GEOMETRIC_PRESENTATION_REPRESENTATION (  '', ( #1362 ), #4189 ) ;
#1981 = AXIS2_PLACEMENT_3D ( 'NONE', #5109, #8264, #7084 ) ;
#1982 = DIRECTION ( 'NONE',  ( -0.0000000000000000000, 3.491481338843133355E-15, -1.000000000000000000 ) ) ;
#1983 = CARTESIAN_POINT ( 'NONE',  ( -1.599999999999999867, 1.186528154348571285, 0.7213289885085795161 ) ) ;
#1984 = ORIENTED_EDGE ( 'NONE', *, *, #2356, .F. ) ;
#1985 = SPHERICAL_SURFACE ( 'NONE', #8449, 0.2999999999999999889 ) ;
#1986 = CARTESIAN_POINT ( 'NONE',  ( 3.499999999999999556, 0.6865281543485639570, 2.921328988508577584 ) ) ;
#1987 = FACE_OUTER_BOUND ( 'NONE', #4660, .T. ) ;
#1988 = DIRECTION ( 'NONE',  ( 0.0000000000000000000, -1.000000000000000000, -3.491481338843133355E-15 ) ) ;
#1989 = CARTESIAN_POINT ( 'NONE',  ( 0.1174737287245927186, -0.09700392714867668575, -0.01867101149142505120 ) ) ;
#1991 = EDGE_CURVE ( 'NONE', #3713, #5431, #7193, .T. ) ;
#1990 = CARTESIAN_POINT ( 'NONE',  ( -0.08742097336376605798, -0.09327324795648309075, -0.02867101149142507743 ) ) ;
#1992 = ORIENTED_EDGE ( 'NONE', *, *, #1192, .T. ) ;
#1993 = SURFACE_SIDE_STYLE ('',( #6618 ) ) ;
#1994 = LINE ( 'NONE', #6329, #2488 ) ;
#1995 = PRESENTATION_LAYER_ASSIGNMENT (  '', '', ( #5642 ) ) ;
#1996 = DIRECTION ( 'NONE',  ( 0.0000000000000000000, 1.000000000000000000, 3.491481338843133355E-15 ) ) ;
#1997 = CARTESIAN_POINT ( 'NONE',  ( 0.07439275573106231276, 1.186528154348573949, -0.01867101149142071440 ) ) ;
#1998 = LINE ( 'NONE', #6807, #7586 ) ;
#1999 =( NAMED_UNIT ( * ) PLANE_ANGLE_UNIT ( ) SI_UNIT ( $, .RADIAN. ) );
#2000 = ORIENTED_EDGE ( 'NONE', *, *, #2003, .T. ) ;
#2001 = CARTESIAN_POINT ( 'NONE',  ( -0.08526708408867100797, -0.05535923181171592544, -0.02867101149142507743 ) ) ;
#2002 = SURFACE_STYLE_FILL_AREA ( #7552 ) ;
#2003 = EDGE_CURVE ( 'NONE', #875, #2407, #3149, .T. ) ;
#2004 = FILL_AREA_STYLE_COLOUR ( '', #7925 ) ;
#2005 = FILL_AREA_STYLE_COLOUR ( '', #2655 ) ;
#2006 = PRESENTATION_LAYER_ASSIGNMENT (  '', '', ( #6273 ) ) ;
#2007 = PRESENTATION_STYLE_ASSIGNMENT (( #7231 ) ) ;
#2008 =( NAMED_UNIT ( * ) PLANE_ANGLE_UNIT ( ) SI_UNIT ( $, .RADIAN. ) );
#2009 = PRESENTATION_STYLE_ASSIGNMENT (( #5493 ) ) ;
#2010 = FILL_AREA_STYLE ('',( #2677 ) ) ;
#2011 = FILL_AREA_STYLE ('',( #5291 ) ) ;
#2012 =( NAMED_UNIT ( * ) SI_UNIT ( $, .STERADIAN. ) SOLID_ANGLE_UNIT ( ) );
#2013 = CARTESIAN_POINT ( 'NONE',  ( -3.850000000000001421, -0.7834718456514286888, 0.4713289885085727438 ) ) ;
#2014 = ADVANCED_FACE ( 'NONE', ( #8444 ), #2617, .F. ) ;
#2015 = CARTESIAN_POINT ( 'NONE',  ( 0.003661048413988954309, -0.01084047444504729341, -0.02867101149142507743 ) ) ;
#2016 = PRESENTATION_LAYER_ASSIGNMENT (  '', '', ( #5603 ) ) ;
#2017 = FILL_AREA_STYLE ('',( #1370 ) ) ;
#2018 = EDGE_CURVE ( 'NONE', #8008, #1414, #6275, .T. ) ;
#2019 = CIRCLE ( 'NONE', #4756, 0.2999999999999998779 ) ;
#2020 = DIRECTION ( 'NONE',  ( 0.0000000000000000000, -3.491481338843133355E-15, 1.000000000000000000 ) ) ;
#2021 = PRESENTATION_LAYER_ASSIGNMENT (  '', '', ( #2725 ) ) ;
#2022 = CARTESIAN_POINT ( 'NONE',  ( -0.09305725257966029895, -0.03522157705092266583, -0.02867101149142507743 ) ) ;
#2023 = CARTESIAN_POINT ( 'NONE',  ( -2.456307219633194538, -1.083471845651426513, 0.08463041248694866403 ) ) ;
#2024 = CIRCLE ( 'NONE', #4162, 0.2999999999999998779 ) ;
#2025 = ORIENTED_EDGE ( 'NONE', *, *, #5004, .F. ) ;
#2026 =( NAMED_UNIT ( * ) PLANE_ANGLE_UNIT ( ) SI_UNIT ( $, .RADIAN. ) );
#2027 = CARTESIAN_POINT ( 'NONE',  ( 0.1252730288566754890, -0.1068645585483217059, -0.01867101149142489855 ) ) ;
#2028 = VECTOR ( 'NONE', #5368, 1000.000000000000000 ) ;
#2029 = FILL_AREA_STYLE ('',( #1257 ) ) ;
#2030 = STYLED_ITEM ( 'NONE', ( #471 ), #118 ) ;
#2031 = DIRECTION ( 'NONE',  ( 0.3393303772748771374, 0.9406672605435406620, 3.284322186248463980E-15 ) ) ;
#2032 = SURFACE_STYLE_FILL_AREA ( #3619 ) ;
#2033 = VERTEX_POINT ( 'NONE', #5713 ) ;
#2034 = CARTESIAN_POINT ( 'NONE',  ( 0.08209083348231233090, -0.01112291661112957408, -0.02867101149142507743 ) ) ;
#2035 = MECHANICAL_DESIGN_GEOMETRIC_PRESENTATION_REPRESENTATION (  '', ( #2907 ), #5569 ) ;
#2036 = SURFACE_STYLE_FILL_AREA ( #1229 ) ;
#2037 = DIRECTION ( 'NONE',  ( -1.000000000000000000, -0.0000000000000000000, 0.0000000000000000000 ) ) ;
#2038 = FACE_OUTER_BOUND ( 'NONE', #1465, .T. ) ;
#2039 = CARTESIAN_POINT ( 'NONE',  ( 1.599999999999999645, -1.083471845651435617, 2.696328988508570834 ) ) ;
#2040 = ORIENTED_EDGE ( 'NONE', *, *, #8498, .F. ) ;
#2041 = CARTESIAN_POINT ( 'NONE',  ( 2.375000000000000444, 1.476528154348573318, -0.02867101149142117431 ) ) ;
#2042 = DIRECTION ( 'NONE',  ( -0.3635424856527061932, -0.9315776194850602376, -3.252585874115997162E-15 ) ) ;
#2043 = VERTEX_POINT ( 'NONE', #6580 ) ;
#2044 =( GEOMETRIC_REPRESENTATION_CONTEXT ( 3 ) GLOBAL_UNCERTAINTY_ASSIGNED_CONTEXT ( ( #953 ) ) GLOBAL_UNIT_ASSIGNED_CONTEXT ( ( #5785, #3903, #4570 ) ) REPRESENTATION_CONTEXT ( 'NONE', 'WORKASPACE' ) );
#2045 = AXIS2_PLACEMENT_3D ( 'NONE', #4118, #6751, #3509 ) ;
#2046 =( NAMED_UNIT ( * ) PLANE_ANGLE_UNIT ( ) SI_UNIT ( $, .RADIAN. ) );
#2047 =( LENGTH_UNIT ( ) NAMED_UNIT ( * ) SI_UNIT ( .MILLI., .METRE. ) );
#2048 =( NAMED_UNIT ( * ) SI_UNIT ( $, .STERADIAN. ) SOLID_ANGLE_UNIT ( ) );
#2049 = CARTESIAN_POINT ( 'NONE',  ( -0.07599567996070623332, -0.01820603830979218227, -0.02867101149142507743 ) ) ;
#2050 = DIRECTION ( 'NONE',  ( 1.000000000000000000, 0.0000000000000000000, 0.0000000000000000000 ) ) ;
#2051 = ORIENTED_EDGE ( 'NONE', *, *, #7364, .F. ) ;
#2052 = EDGE_CURVE ( 'NONE', #4501, #2361, #7617, .T. ) ;
#2053 =( NAMED_UNIT ( * ) SI_UNIT ( $, .STERADIAN. ) SOLID_ANGLE_UNIT ( ) );
#2054 = DIRECTION ( 'NONE',  ( 1.000000000000000000, 0.0000000000000000000, 0.0000000000000000000 ) ) ;
#2055 = AXIS2_PLACEMENT_3D ( 'NONE', #3971, #5974, #7221 ) ;
#2056 = VECTOR ( 'NONE', #8052, 1000.000000000000000 ) ;
#2057 = CARTESIAN_POINT ( 'NONE',  ( -2.998179295342850992, -1.383471845651435661, 2.731321192064204872 ) ) ;
#2058 = ADVANCED_FACE ( 'NONE', ( #6675 ), #3856, .F. ) ;
#2059 = ORIENTED_EDGE ( 'NONE', *, *, #1730, .F. ) ;
#2060 = CARTESIAN_POINT ( 'NONE',  ( -1.600000000000000311, 1.186528154348573949, -0.02867101149141987326 ) ) ;
#2061 = VERTEX_POINT ( 'NONE', #4217 ) ;
#2062 = CARTESIAN_POINT ( 'NONE',  ( 1.149999999999999911, -0.1834718456514242702, -0.5286710114914259240 ) ) ;
#2063 = CIRCLE ( 'NONE', #3349, 0.09999999999999982514 ) ;
#2064 = ORIENTED_EDGE ( 'NONE', *, *, #2663, .F. ) ;
#2065 = DIRECTION ( 'NONE',  ( 1.000000000000000000, 0.0000000000000000000, 0.0000000000000000000 ) ) ;
#2066 = VERTEX_POINT ( 'NONE', #4858 ) ;
#2067 = CARTESIAN_POINT ( 'NONE',  ( 0.1452980803958951184, -0.04113108377825822753, -0.02867101149142507743 ) ) ;
#2068 = DIRECTION ( 'NONE',  ( 0.0000000000000000000, 1.000000000000000000, 4.336808689942025625E-15 ) ) ;
#2069 = CARTESIAN_POINT ( 'NONE',  ( 2.998179295342849215, -1.383471845651432108, 1.746328988508570212 ) ) ;
#2070 = ORIENTED_EDGE ( 'NONE', *, *, #4364, .F. ) ;
#2071 = DIRECTION ( 'NONE',  ( 0.0000000000000000000, 1.000000000000000000, 3.491481338843133355E-15 ) ) ;
#2072 = VERTEX_POINT ( 'NONE', #6177 ) ;
#2073 = DIRECTION ( 'NONE',  ( 0.0000000000000000000, -3.491481338843133355E-15, 1.000000000000000000 ) ) ;
#2074 = UNCERTAINTY_MEASURE_WITH_UNIT (LENGTH_MEASURE( 1.000000000000000082E-05 ), #1828, 'distance_accuracy_value', 'NONE');
#2075 =( LENGTH_UNIT ( ) NAMED_UNIT ( * ) SI_UNIT ( .MILLI., .METRE. ) );
#2076 = LINE ( 'NONE', #5540, #8483 ) ;
#2077 = EDGE_CURVE ( 'NONE', #8363, #6168, #6276, .T. ) ;
#2078 = FACE_OUTER_BOUND ( 'NONE', #3330, .T. ) ;
#2079 = EDGE_CURVE ( 'NONE', #8346, #4107, #6784, .T. ) ;
#2080 = DIRECTION ( 'NONE',  ( -0.0000000000000000000, 3.491481338843133355E-15, -1.000000000000000000 ) ) ;
#2081 = STYLED_ITEM ( 'NONE', ( #5169 ), #8269 ) ;
#2082 = CARTESIAN_POINT ( 'NONE',  ( 0.1480571467189090717, -0.07325897798202839206, -0.01867101149142489855 ) ) ;
#2083 = DIRECTION ( 'NONE',  ( -1.000000000000000000, -0.0000000000000000000, -0.0000000000000000000 ) ) ;
#2084 = ORIENTED_EDGE ( 'NONE', *, *, #3422, .T. ) ;
#2085 = VECTOR ( 'NONE', #6255, 1000.000000000000000 ) ;
#2086 = DIRECTION ( 'NONE',  ( 0.0000000000000000000, -1.000000000000000000, -3.491481338843133355E-15 ) ) ;
#2087 = UNCERTAINTY_MEASURE_WITH_UNIT (LENGTH_MEASURE( 1.000000000000000082E-05 ), #3391, 'distance_accuracy_value', 'NONE');
#2088 = UNCERTAINTY_MEASURE_WITH_UNIT (LENGTH_MEASURE( 1.000000000000000082E-05 ), #450, 'distance_accuracy_value', 'NONE');
#2089 =( NAMED_UNIT ( * ) PLANE_ANGLE_UNIT ( ) SI_UNIT ( $, .RADIAN. ) );
#2090 = VECTOR ( 'NONE', #8158, 1000.000000000000000 ) ;
#2091 = DIRECTION ( 'NONE',  ( -1.000000000000000000, 0.0000000000000000000, 3.614007241618348771E-16 ) ) ;
#2092 = ORIENTED_EDGE ( 'NONE', *, *, #6389, .T. ) ;
#2093 = VERTEX_POINT ( 'NONE', #8169 ) ;
#2094 = VECTOR ( 'NONE', #1795, 1000.000000000000000 ) ;
#2095 = DIRECTION ( 'NONE',  ( -1.000000000000000000, -0.0000000000000000000, -0.0000000000000000000 ) ) ;
#2096 = CARTESIAN_POINT ( 'NONE',  ( -3.450000000000000622, -1.283471845651435572, 2.746076259633627004 ) ) ;
#2097 = B_SPLINE_SURFACE_WITH_KNOTS ( 'NONE', 3, 1, ( 
 ( #5181, #2443 ),
 ( #1221, #6433 ),
 ( #3159, #5786 ),
 ( #2467, #6455 ),
 ( #7774, #3794 ),
 ( #486, #7802 ),
 ( #3826, #3338 ),
 ( #2049, #8611 ),
 ( #1346, #3968 ),
 ( #7917, #1961 ),
 ( #7244, #5208 ),
 ( #3310, #4631 ),
 ( #2022, #4545 ),
 ( #1249, #7218 ),
 ( #2696, #8524 ),
 ( #5271, #6538 ),
 ( #3882, #2579 ),
 ( #563, #7328 ),
 ( #8557, #6629 ) ),
 .UNSPECIFIED., .F., .F., .F.,
 ( 4, 1, 1, 1, 1, 1, 1, 1, 1, 1, 1, 1, 1, 1, 1, 1, 4 ),
 ( 2, 2 ),
 ( 0.0000000000000000000, 0.06862671829588534722, 0.1345577204848092123, 0.1983152645473653941, 0.2607728177603441666, 0.3219782245696933831, 0.3825859545041832566, 0.4433977295869493962, 0.5049896818787295016, 0.5660661575043696159, 0.6259542549415563206, 0.6853936046933639670, 0.7449328108247915692, 0.8054284879535847930, 0.8676448687429462181, 0.9323121816594183153, 0.9999999999999998890 ),
 ( 0.0000000000000000000, 1.000000000000000000 ),
 .UNSPECIFIED. ) ;
#2098 = STYLED_ITEM ( 'NONE', ( #8015 ), #1398 ) ;
#2099 = UNCERTAINTY_MEASURE_WITH_UNIT (LENGTH_MEASURE( 1.000000000000000082E-05 ), #664, 'distance_accuracy_value', 'NONE');
#2100 = CARTESIAN_POINT ( 'NONE',  ( 0.1032747766184220345, -0.009745457693345739233, -0.01867101149142539468 ) ) ;
#2101 = CARTESIAN_POINT ( 'NONE',  ( -2.750000000000000000, -1.283471845651426468, 0.1213289885085708369 ) ) ;
#2102 = PRESENTATION_LAYER_ASSIGNMENT (  '', '', ( #2517 ) ) ;
#2103 = ORIENTED_EDGE ( 'NONE', *, *, #4290, .F. ) ;
#2104 = ADVANCED_FACE ( 'NONE', ( #1510 ), #7717, .T. ) ;
#2105 = LINE ( 'NONE', #7973, #6238 ) ;
#2106 = CARTESIAN_POINT ( 'NONE',  ( 1.399999999999999911, -2.313471845651430048, 1.146328988508567459 ) ) ;
#2107 = SURFACE_SIDE_STYLE ('',( #8111 ) ) ;
#2108 = FILL_AREA_STYLE_COLOUR ( '', #750 ) ;
#2109 = EDGE_CURVE ( 'NONE', #2671, #5229, #7085, .T. ) ;
#2110 = CARTESIAN_POINT ( 'NONE',  ( 0.05488056060911092326, -0.1108404744450473406, -0.02867101149142507743 ) ) ;
#2111 = SURFACE_STYLE_USAGE ( .BOTH. , #8051 ) ;
#2112 = EDGE_LOOP ( 'NONE', ( #55, #3892, #574, #2481 ) ) ;
#2113 = SURFACE_STYLE_FILL_AREA ( #227 ) ;
#2114 = LINE ( 'NONE', #7882, #6341 ) ;
#2115 = CARTESIAN_POINT ( 'NONE',  ( 0.09403409270932476527, -0.1116958409842685324, -0.02867101149142507743 ) ) ;
#2116 = CARTESIAN_POINT ( 'NONE',  ( 0.1353405898621502512, -0.06336967148584150833, -0.01867101149142505120 ) ) ;
#2117 = LINE ( 'NONE', #318, #4069 ) ;
#2118 = CARTESIAN_POINT ( 'NONE',  ( 2.375000000000000444, 0.6865281543485735050, -0.02867101149142377639 ) ) ;
#2119 = EDGE_CURVE ( 'NONE', #6915, #6063, #3865, .T. ) ;
#2120 = CARTESIAN_POINT ( 'NONE',  ( 2.998179295342849215, -1.333471845651429843, 1.127033865392921719 ) ) ;
#2121 =( NAMED_UNIT ( * ) PLANE_ANGLE_UNIT ( ) SI_UNIT ( $, .RADIAN. ) );
#2122 = ORIENTED_EDGE ( 'NONE', *, *, #8598, .T. ) ;
#2123 = DIRECTION ( 'NONE',  ( -0.0000000000000000000, 1.000000000000000000, 3.491481338843133355E-15 ) ) ;
#2124 = ORIENTED_EDGE ( 'NONE', *, *, #1106, .T. ) ;
#2125 =( NAMED_UNIT ( * ) PLANE_ANGLE_UNIT ( ) SI_UNIT ( $, .RADIAN. ) );
#2126 = CARTESIAN_POINT ( 'NONE',  ( 0.07528079429383800758, -0.02648299373126547507, -0.01867101149142505120 ) ) ;
#2127 = LINE ( 'NONE', #711, #230 ) ;
#2128 = DIRECTION ( 'NONE',  ( 0.0000000000000000000, -3.491481338843133355E-15, 1.000000000000000000 ) ) ;
#2129 = LINE ( 'NONE', #2669, #3564 ) ;
#2130 = VERTEX_POINT ( 'NONE', #4700 ) ;
#2131 = DIRECTION ( 'NONE',  ( -1.000000000000000000, -1.376535146460480779E-30, 3.942553354492742545E-16 ) ) ;
#2132 = DIRECTION ( 'NONE',  ( 0.0000000000000000000, -1.000000000000000000, -3.491481338843133355E-15 ) ) ;
#2133 = EDGE_CURVE ( 'NONE', #1076, #2516, #5110, .T. ) ;
#2134 = AXIS2_PLACEMENT_3D ( 'NONE', #2687, #6780, #4146 ) ;
#2135 = CARTESIAN_POINT ( 'NONE',  ( -3.149999999999995914, -1.083471845651436061, 2.921328988508571811 ) ) ;
#2136 = DIRECTION ( 'NONE',  ( 0.0000000000000000000, -4.336808689942017736E-15, 1.000000000000000000 ) ) ;
#2137 =( LENGTH_UNIT ( ) NAMED_UNIT ( * ) SI_UNIT ( .MILLI., .METRE. ) );
#2138 = PLANE ( 'NONE',  #416 ) ;
#2139 = CIRCLE ( 'NONE', #7657, 0.04999999999999999584 ) ;
#2140 = EDGE_LOOP ( 'NONE', ( #2174, #998, #1639, #7971 ) ) ;
#2141 = CARTESIAN_POINT ( 'NONE',  ( 0.09032195178578993067, -0.1112138206455927369, -0.01867101149142505120 ) ) ;
#2142 = ORIENTED_EDGE ( 'NONE', *, *, #2342, .F. ) ;
#2143 = SURFACE_STYLE_USAGE ( .BOTH. , #6825 ) ;
#2144 = CARTESIAN_POINT ( 'NONE',  ( 0.1352863447217638737, -0.06622516491098356939, -0.01867101149142505120 ) ) ;
#2145 = ADVANCED_FACE ( 'NONE', ( #747 ), #7372, .F. ) ;
#2146 = STYLED_ITEM ( 'NONE', ( #3795 ), #6157 ) ;
#2147 = VECTOR ( 'NONE', #7298, 1000.000000000000000 ) ;
#2148 = EDGE_LOOP ( 'NONE', ( #3191, #7595, #8066, #1442 ) ) ;
#2149 =( NAMED_UNIT ( * ) PLANE_ANGLE_UNIT ( ) SI_UNIT ( $, .RADIAN. ) );
#2150 = ORIENTED_EDGE ( 'NONE', *, *, #8614, .F. ) ;
#2151 = ADVANCED_FACE ( 'NONE', ( #1715 ), #2821, .F. ) ;
#2152 = CARTESIAN_POINT ( 'NONE',  ( 0.09973164025101291519, -0.009662996671331094967, -0.02867101149142464375 ) ) ;
#2153 = CARTESIAN_POINT ( 'NONE',  ( 0.09675598788207109835, -0.02061252606565693035, -0.01867101149142505120 ) ) ;
#2154 = PLANE ( 'NONE',  #7576 ) ;
#2155 =( GEOMETRIC_REPRESENTATION_CONTEXT ( 3 ) GLOBAL_UNCERTAINTY_ASSIGNED_CONTEXT ( ( #5474 ) ) GLOBAL_UNIT_ASSIGNED_CONTEXT ( ( #3692, #7587, #8319 ) ) REPRESENTATION_CONTEXT ( 'NONE', 'WORKASPACE' ) );
#2156 = ORIENTED_EDGE ( 'NONE', *, *, #5222, .F. ) ;
#2157 =( GEOMETRIC_REPRESENTATION_CONTEXT ( 3 ) GLOBAL_UNCERTAINTY_ASSIGNED_CONTEXT ( ( #6846 ) ) GLOBAL_UNIT_ASSIGNED_CONTEXT ( ( #765, #1371, #4657 ) ) REPRESENTATION_CONTEXT ( 'NONE', 'WORKASPACE' ) );
#2158 = DIRECTION ( 'NONE',  ( 1.000000000000000000, 8.926864933501709942E-31, -2.556755734074619058E-16 ) ) ;
#2159 = FILL_AREA_STYLE_COLOUR ( '', #3983 ) ;
#2160 = CARTESIAN_POINT ( 'NONE',  ( -0.09877797597625509463, -0.05958285249382799798, -0.01867101149142505120 ) ) ;
#2161 = CARTESIAN_POINT ( 'NONE',  ( 1.499999999999999778, -2.313471845651434933, 2.546328988508567370 ) ) ;
#2162 = VECTOR ( 'NONE', #6031, 1000.000000000000000 ) ;
#2163 = ORIENTED_EDGE ( 'NONE', *, *, #5923, .F. ) ;
#2164 = ORIENTED_EDGE ( 'NONE', *, *, #211, .F. ) ;
#2165 = DIRECTION ( 'NONE',  ( -0.0000000000000000000, 1.000000000000000000, 3.491481338843133750E-15 ) ) ;
#2166 = EDGE_CURVE ( 'NONE', #447, #1285, #4081, .T. ) ;
#2167 = FILL_AREA_STYLE ('',( #8167 ) ) ;
#2168 = DIRECTION ( 'NONE',  ( 0.0000000000000000000, -1.000000000000000000, -4.304632968207263259E-15 ) ) ;
#2169 = PLANE ( 'NONE',  #4868 ) ;
#2170 = CARTESIAN_POINT ( 'NONE',  ( -0.04590068939088910033, -0.09986486468894985313, -0.02867101149142507743 ) ) ;
#2171 = B_SPLINE_CURVE_WITH_KNOTS ( 'NONE', 3,
 ( #1247, #8461, #1280, #5815, #7916, #5147, #1960, #3939, #1990, #4629, #5627, #8002, #6644, #33, #5342, #3416, #7349, #3385, #97 ),
 .UNSPECIFIED., .F., .F.,
 ( 4, 1, 1, 1, 1, 1, 1, 1, 1, 1, 1, 1, 1, 1, 1, 1, 4 ),
 ( 0.0000000000000000000, 0.06807022544602514547, 0.1334304311243613983, 0.1961504414953044451, 0.2571279473187754738, 0.3168673125347739039, 0.3761731906999620234, 0.4359476605849043618, 0.4965239232888287724, 0.5574553990935481318, 0.6176782722867170117, 0.6779364036295142393, 0.7387994153869098524, 0.8009448638132562470, 0.8648116296622978538, 0.9310232311067556665, 1.000000000000000000 ),
 .UNSPECIFIED. ) ;
#2172 = ORIENTED_EDGE ( 'NONE', *, *, #5134, .T. ) ;
#2173 = CARTESIAN_POINT ( 'NONE',  ( -3.850000000000002753, -0.7834718456514331297, 1.746328988508569102 ) ) ;
#2174 = ORIENTED_EDGE ( 'NONE', *, *, #5475, .T. ) ;
#2175 = VECTOR ( 'NONE', #1587, 1000.000000000000000 ) ;
#2176 = CARTESIAN_POINT ( 'NONE',  ( 3.849999999999999645, -0.9834718456514283114, 0.4713289885085719111 ) ) ;
#2177 = CARTESIAN_POINT ( 'NONE',  ( 0.1222635831905930781, -0.02911430498580788034, -0.02867101149142507743 ) ) ;
#2178 = SURFACE_SIDE_STYLE ('',( #3916 ) ) ;
#2179 = CARTESIAN_POINT ( 'NONE',  ( 0.07704879468110578666, -0.02545565232631731220, -0.01867101149142505120 ) ) ;
#2180 = EDGE_CURVE ( 'NONE', #2130, #3633, #7815, .T. ) ;
#2181 = EDGE_LOOP ( 'NONE', ( #8077, #5123, #6746, #8507 ) ) ;
#2182 = EDGE_CURVE ( 'NONE', #207, #1008, #2129, .T. ) ;
#2183 = DIRECTION ( 'NONE',  ( -1.000000000000000000, -1.376535146460480254E-30, 3.942553354492741066E-16 ) ) ;
#2184 = AXIS2_PLACEMENT_3D ( 'NONE', #484, #7043, #6453 ) ;
#2185 = LINE ( 'NONE', #4457, #4764 ) ;
#2186 = ADVANCED_FACE ( 'NONE', ( #647 ), #6643, .T. ) ;
#2187 = DIRECTION ( 'NONE',  ( -1.000000000000000000, 0.0000000000000000000, -0.0000000000000000000 ) ) ;
#2188 =( LENGTH_UNIT ( ) NAMED_UNIT ( * ) SI_UNIT ( .MILLI., .METRE. ) );
#2189 = VECTOR ( 'NONE', #7151, 1000.000000000000000 ) ;
#2190 = CARTESIAN_POINT ( 'NONE',  ( -2.569584527152437570, -1.083471845651426513, 0.1213289885085715447 ) ) ;
#2191 = DIRECTION ( 'NONE',  ( -1.000000000000000000, 4.336808689942018229E-16, 1.514188661106529260E-30 ) ) ;
#2192 = VERTEX_POINT ( 'NONE', #6674 ) ;
#2193 = FILL_AREA_STYLE ('',( #4119 ) ) ;
#2194 = DIRECTION ( 'NONE',  ( 0.0000000000000000000, 4.336808689942017736E-15, -1.000000000000000000 ) ) ;
#2195 =( GEOMETRIC_REPRESENTATION_CONTEXT ( 3 ) GLOBAL_UNCERTAINTY_ASSIGNED_CONTEXT ( ( #1674 ) ) GLOBAL_UNIT_ASSIGNED_CONTEXT ( ( #3947, #688, #2638 ) ) REPRESENTATION_CONTEXT ( 'NONE', 'WORKASPACE' ) );
#2196 = CARTESIAN_POINT ( 'NONE',  ( 0.07439275573106213235, -0.1056575476157790433, -0.01867101149142505120 ) ) ;
#2197 = AXIS2_PLACEMENT_3D ( 'NONE', #616, #7972, #2068 ) ;
#2198 = CARTESIAN_POINT ( 'NONE',  ( -0.06222352120883564014, -0.02413425518763283317, -0.01867101149142505120 ) ) ;
#2199 = CARTESIAN_POINT ( 'NONE',  ( -0.06222352120883564014, -0.02413425518763261807, -0.02867101149142507743 ) ) ;
#2200 = ORIENTED_EDGE ( 'NONE', *, *, #7483, .T. ) ;
#2201 = VECTOR ( 'NONE', #3347, 1000.000000000000000 ) ;
#2202 = SURFACE_SIDE_STYLE ('',( #2113 ) ) ;
#2203 = CARTESIAN_POINT ( 'NONE',  ( 1.399999999999999689, -2.313471845651435377, 2.646328988508567459 ) ) ;
#2204 = CARTESIAN_POINT ( 'NONE',  ( -2.375000000000001332, 0.6865281543485739491, -0.02867101149142160799 ) ) ;
#2205 = DIRECTION ( 'NONE',  ( 2.891205793294678326E-16, 3.491481338843133355E-15, -1.000000000000000000 ) ) ;
#2206 = CARTESIAN_POINT ( 'NONE',  ( 0.1249636547122133928, -0.03173413358779886978, -0.02867101149142507743 ) ) ;
#2207 = ORIENTED_EDGE ( 'NONE', *, *, #2709, .T. ) ;
#2208 = SPHERICAL_SURFACE ( 'NONE', #2624, 0.1000000000000000056 ) ;
#2209 = LINE ( 'NONE', #2041, #6130 ) ;
#2210 =( GEOMETRIC_REPRESENTATION_CONTEXT ( 3 ) GLOBAL_UNCERTAINTY_ASSIGNED_CONTEXT ( ( #7607 ) ) GLOBAL_UNIT_ASSIGNED_CONTEXT ( ( #4829, #2848, #5521 ) ) REPRESENTATION_CONTEXT ( 'NONE', 'WORKASPACE' ) );
#2211 = CARTESIAN_POINT ( 'NONE',  ( 3.649999999999999467, -0.9834718456514257579, -0.02867101149142811320 ) ) ;
#2212 = AXIS2_PLACEMENT_3D ( 'NONE', #778, #5426, #4944 ) ;
#2213 = SPHERICAL_SURFACE ( 'NONE', #3007, 0.1000000000000000056 ) ;
#2214 = DIRECTION ( 'NONE',  ( 0.0000000000000000000, -1.000000000000000000, -4.304632968207264047E-15 ) ) ;
#2215 = CARTESIAN_POINT ( 'NONE',  ( 3.149999999999995914, 1.186528154348563957, 2.921328988508579361 ) ) ;
#2216 = EDGE_CURVE ( 'NONE', #7131, #1285, #6889, .T. ) ;
#2217 = AXIS2_PLACEMENT_3D ( 'NONE', #1904, #5233, #2546 ) ;
#2218 = DIRECTION ( 'NONE',  ( -1.000000000000000000, -1.261823884255441284E-30, 3.614007241618349264E-16 ) ) ;
#2219 = ORIENTED_EDGE ( 'NONE', *, *, #8275, .T. ) ;
#2220 = FILL_AREA_STYLE_COLOUR ( '', #7538 ) ;
#2221 = COLOUR_RGB ( '',0.7764705882352941346, 0.7568627450980391913, 0.7372549019607843590 ) ;
#2222 = CARTESIAN_POINT ( 'NONE',  ( -0.09045449526895553427, -0.08930949181369814138, -0.02867101149142507743 ) ) ;
#2223 = LINE ( 'NONE', #2060, #637 ) ;
#2224 = DIRECTION ( 'NONE',  ( 1.000000000000000000, 0.0000000000000000000, 0.0000000000000000000 ) ) ;
#2225 = ADVANCED_FACE ( 'NONE', ( #8436 ), #7498, .T. ) ;
#2226 = LINE ( 'NONE', #6101, #2620 ) ;
#2227 =( LENGTH_UNIT ( ) NAMED_UNIT ( * ) SI_UNIT ( .MILLI., .METRE. ) );
#2228 = VERTEX_POINT ( 'NONE', #6335 ) ;
#2229 = UNCERTAINTY_MEASURE_WITH_UNIT (LENGTH_MEASURE( 1.000000000000000082E-05 ), #3290, 'distance_accuracy_value', 'NONE');
#2230 = AXIS2_PLACEMENT_3D ( 'NONE', #176, #229, #3492 ) ;
#2231 = COLOUR_RGB ( '',0.7764705882352941346, 0.7568627450980391913, 0.7372549019607843590 ) ;
#2232 = CARTESIAN_POINT ( 'NONE',  ( -3.550000000000001155, -1.083471845651427179, 0.4713289885085714670 ) ) ;
#2233 = VECTOR ( 'NONE', #5703, 1000.000000000000000 ) ;
#2234 =( LENGTH_UNIT ( ) NAMED_UNIT ( * ) SI_UNIT ( .MILLI., .METRE. ) );
#2235 = SURFACE_SIDE_STYLE ('',( #4013 ) ) ;
#2236 = DIRECTION ( 'NONE',  ( -1.000000000000000000, 0.0000000000000000000, 0.0000000000000000000 ) ) ;
#2237 = ORIENTED_EDGE ( 'NONE', *, *, #2281, .T. ) ;
#2238 = UNCERTAINTY_MEASURE_WITH_UNIT (LENGTH_MEASURE( 1.000000000000000082E-05 ), #3756, 'distance_accuracy_value', 'NONE');
#2239 = CARTESIAN_POINT ( 'NONE',  ( -0.1485683723177183002, -0.03004779151821800054, -0.02867101149142507743 ) ) ;
#2240 = SURFACE_STYLE_USAGE ( .BOTH. , #2925 ) ;
#2241 = DIRECTION ( 'NONE',  ( 1.000000000000000000, 0.0000000000000000000, 0.0000000000000000000 ) ) ;
#2242 = SURFACE_SIDE_STYLE ('',( #4813 ) ) ;
#2243 = EDGE_CURVE ( 'NONE', #94, #1853, #4688, .T. ) ;
#2244 = CARTESIAN_POINT ( 'NONE',  ( -0.07955853273418211913, -0.08355865638112273952, -0.01867101149142505120 ) ) ;
#2245 = PRESENTATION_LAYER_ASSIGNMENT (  '', '', ( #5506 ) ) ;
#2246 = VERTEX_POINT ( 'NONE', #8314 ) ;
#2247 =( NAMED_UNIT ( * ) SI_UNIT ( $, .STERADIAN. ) SOLID_ANGLE_UNIT ( ) );
#2248 =( GEOMETRIC_REPRESENTATION_CONTEXT ( 3 ) GLOBAL_UNCERTAINTY_ASSIGNED_CONTEXT ( ( #6208 ) ) GLOBAL_UNIT_ASSIGNED_CONTEXT ( ( #5681, #4300, #959 ) ) REPRESENTATION_CONTEXT ( 'NONE', 'WORKASPACE' ) );
#2249 = ORIENTED_EDGE ( 'NONE', *, *, #4320, .F. ) ;
#2250 =( NAMED_UNIT ( * ) PLANE_ANGLE_UNIT ( ) SI_UNIT ( $, .RADIAN. ) );
#2251 = DIRECTION ( 'NONE',  ( 1.000000000000000000, 0.0000000000000000000, 0.0000000000000000000 ) ) ;
#2252 = UNCERTAINTY_MEASURE_WITH_UNIT (LENGTH_MEASURE( 1.000000000000000082E-05 ), #6410, 'distance_accuracy_value', 'NONE');
#2253 = FILL_AREA_STYLE ('',( #3595 ) ) ;
#2254 = CARTESIAN_POINT ( 'NONE',  ( 0.09791361960243959162, -0.1120131392854106789, -0.02867101149142507743 ) ) ;
#2255 = CARTESIAN_POINT ( 'NONE',  ( -2.549999999999999822, -0.08279169395724260416, -0.01867101149142505120 ) ) ;
#2256 = LINE ( 'NONE', #8504, #5560 ) ;
#2257 = AXIS2_PLACEMENT_3D ( 'NONE', #190, #4847, #6849 ) ;
#2258 = DIRECTION ( 'NONE',  ( -1.000000000000000000, 0.0000000000000000000, 0.0000000000000000000 ) ) ;
#2259 = STYLED_ITEM ( 'NONE', ( #6088 ), #6075 ) ;
#2260 = CARTESIAN_POINT ( 'NONE',  ( 0.1274248289718643568, -0.03463016507794926258, -0.01867101149142505120 ) ) ;
#2261 = SURFACE_SIDE_STYLE ('',( #2697 ) ) ;
#2262 = CIRCLE ( 'NONE', #6445, 0.09999999999999982514 ) ;
#2263 = VECTOR ( 'NONE', #6468, 1000.000000000000000 ) ;
#2264 = ORIENTED_EDGE ( 'NONE', *, *, #4576, .F. ) ;
#2265 = DIRECTION ( 'NONE',  ( -0.0000000000000000000, 1.000000000000000000, 3.491481338843133355E-15 ) ) ;
#2266 = EDGE_CURVE ( 'NONE', #2516, #2426, #1279, .T. ) ;
#2267 = SURFACE_SIDE_STYLE ('',( #7332 ) ) ;
#2268 = ORIENTED_EDGE ( 'NONE', *, *, #857, .F. ) ;
#2269 = EDGE_CURVE ( 'NONE', #3044, #6823, #5531, .T. ) ;
#2270 = ADVANCED_FACE ( 'NONE', ( #4474 ), #8338, .T. ) ;
#2271 = FACE_OUTER_BOUND ( 'NONE', #5903, .T. ) ;
#2272 = ORIENTED_EDGE ( 'NONE', *, *, #2927, .T. ) ;
#2273 = CARTESIAN_POINT ( 'NONE',  ( -0.1500556554113642860, -0.02374840160320845772, -0.02867101149142507743 ) ) ;
#2274 = FILL_AREA_STYLE ('',( #160 ) ) ;
#2275 = DIRECTION ( 'NONE',  ( 0.0000000000000000000, -3.491481338843133355E-15, 1.000000000000000000 ) ) ;
#2276 = ORIENTED_EDGE ( 'NONE', *, *, #7164, .F. ) ;
#2277 = CARTESIAN_POINT ( 'NONE',  ( 1.803784506222427808, 1.186528154348561737, 3.521328988508580338 ) ) ;
#2278 = FILL_AREA_STYLE_COLOUR ( '', #3001 ) ;
#2279 = PLANE ( 'NONE',  #3216 ) ;
#2280 = EDGE_LOOP ( 'NONE', ( #5859, #6409, #5331, #3808 ) ) ;
#2281 = EDGE_CURVE ( 'NONE', #2872, #5894, #434, .T. ) ;
#2282 = CARTESIAN_POINT ( 'NONE',  ( 0.1019079996335011673, -0.1120599866401694178, -0.01867101149142505120 ) ) ;
#2283 = ORIENTED_EDGE ( 'NONE', *, *, #7198, .F. ) ;
#2284 = VECTOR ( 'NONE', #5705, 1000.000000000000000 ) ;
#2285 = MECHANICAL_DESIGN_GEOMETRIC_PRESENTATION_REPRESENTATION (  '', ( #2878 ), #4216 ) ;
#2286 = LINE ( 'NONE', #8188, #5998 ) ;
#2287 = CARTESIAN_POINT ( 'NONE',  ( -0.1490518916392067073, -0.02860974612264175626, -0.01867101149142505120 ) ) ;
#2288 = CARTESIAN_POINT ( 'NONE',  ( 0.1573195849993548334, -0.09986486468894985313, -0.02867101149142507743 ) ) ;
#2289 = DIRECTION ( 'NONE',  ( -2.891205793294678326E-16, -3.491481338843133355E-15, 1.000000000000000000 ) ) ;
#2290 = EDGE_LOOP ( 'NONE', ( #3978, #7262, #1103, #3672 ) ) ;
#2291 = LINE ( 'NONE', #1438, #1681 ) ;
#2292 = SURFACE_STYLE_USAGE ( .BOTH. , #8261 ) ;
#2293 = LINE ( 'NONE', #1751, #6732 ) ;
#2294 = DIRECTION ( 'NONE',  ( 0.0000000000000000000, -1.000000000000000000, -3.491481338843133355E-15 ) ) ;
#2295 = CARTESIAN_POINT ( 'NONE',  ( -0.04590068939088919053, -0.09986486468895007518, -0.01867101149142505120 ) ) ;
#2296 = ORIENTED_EDGE ( 'NONE', *, *, #6344, .T. ) ;
#2297 = EDGE_CURVE ( 'NONE', #3986, #5750, #5309, .T. ) ;
#2298 =( GEOMETRIC_REPRESENTATION_CONTEXT ( 3 ) GLOBAL_UNCERTAINTY_ASSIGNED_CONTEXT ( ( #5453 ) ) GLOBAL_UNIT_ASSIGNED_CONTEXT ( ( #537, #8519, #6622 ) ) REPRESENTATION_CONTEXT ( 'NONE', 'WORKASPACE' ) );
#2299 = ORIENTED_EDGE ( 'NONE', *, *, #1991, .T. ) ;
#2300 = CARTESIAN_POINT ( 'NONE',  ( 2.750000000000000000, -1.283471845651426690, 0.1713289885085706732 ) ) ;
#2301 =( LENGTH_UNIT ( ) NAMED_UNIT ( * ) SI_UNIT ( .MILLI., .METRE. ) );
#2302 = CARTESIAN_POINT ( 'NONE',  ( -0.08136214266496520631, -0.08025667455981827514, -0.02867101149142507743 ) ) ;
#2303 = DIRECTION ( 'NONE',  ( 0.0000000000000000000, 1.000000000000000000, 3.491481338843133355E-15 ) ) ;
#2304 = SURFACE_STYLE_USAGE ( .BOTH. , #3042 ) ;
#2305 = VERTEX_POINT ( 'NONE', #5605 ) ;
#2306 = LINE ( 'NONE', #1602, #612 ) ;
#2307 = CIRCLE ( 'NONE', #1352, 0.2999999999999994893 ) ;
#2308 = EDGE_CURVE ( 'NONE', #5503, #4297, #3753, .T. ) ;
#2309 = CARTESIAN_POINT ( 'NONE',  ( -0.09873779258477306808, -0.06147168503963964387, -0.01867101149142528019 ) ) ;
#2310 = AXIS2_PLACEMENT_3D ( 'NONE', #6103, #1574, #4078 ) ;
#2311 = DIRECTION ( 'NONE',  ( 0.0000000000000000000, -1.000000000000000000, -3.491481338843133355E-15 ) ) ;
#2312 = CARTESIAN_POINT ( 'NONE',  ( -3.450000000000000178, -1.083471845651427623, 0.4963289885085717668 ) ) ;
#2313 = ORIENTED_EDGE ( 'NONE', *, *, #8554, .T. ) ;
#2314 = CARTESIAN_POINT ( 'NONE',  ( -1.600000000000000311, -1.083471845651429843, 1.096328988508571189 ) ) ;
#2315 = VECTOR ( 'NONE', #260, 1000.000000000000000 ) ;
#2316 = LINE ( 'NONE', #3815, #1048 ) ;
#2317 = PLANE ( 'NONE',  #3578 ) ;
#2318 = DIRECTION ( 'NONE',  ( -0.0000000000000000000, 4.304632968207263259E-15, -1.000000000000000000 ) ) ;
#2319 = CARTESIAN_POINT ( 'NONE',  ( 0.1193353022339197073, -0.02684728000343730020, -0.01867101149142505120 ) ) ;
#2320 = PRESENTATION_LAYER_ASSIGNMENT (  '', '', ( #7526 ) ) ;
#2321 = VECTOR ( 'NONE', #6386, 1000.000000000000000 ) ;
#2322 = DIRECTION ( 'NONE',  ( -1.972152263052529514E-31, 1.000000000000000000, 3.491481338843133355E-15 ) ) ;
#2323 =( NAMED_UNIT ( * ) PLANE_ANGLE_UNIT ( ) SI_UNIT ( $, .RADIAN. ) );
#2324 = AXIS2_PLACEMENT_3D ( 'NONE', #4363, #5696, #5804 ) ;
#2325 = DIRECTION ( 'NONE',  ( -0.0000000000000000000, 4.304632968207263259E-15, -1.000000000000000000 ) ) ;
#2326 = CARTESIAN_POINT ( 'NONE',  ( 0.04146592646276945487, -0.05474291346943765957, -0.02867101149142507743 ) ) ;
#2327 = DIRECTION ( 'NONE',  ( 0.0000000000000000000, -1.000000000000000000, -3.491481338843133355E-15 ) ) ;
#2328 = ORIENTED_EDGE ( 'NONE', *, *, #5663, .F. ) ;
#2329 = CARTESIAN_POINT ( 'NONE',  ( -2.098518552703154683, -1.362761167532780648, 2.731321192064204872 ) ) ;
#2330 = CARTESIAN_POINT ( 'NONE',  ( 0.1110504197503133089, -0.09966693915964348893, -0.02867101149142507743 ) ) ;
#2331 = EDGE_CURVE ( 'NONE', #285, #8362, #2223, .T. ) ;
#2332 = CARTESIAN_POINT ( 'NONE',  ( -0.08396814814954640938, -0.07284500578181707375, -0.02867101149142507743 ) ) ;
#2333 = CARTESIAN_POINT ( 'NONE',  ( 1.599999999999999867, -1.083471845651429843, 1.096328988508571189 ) ) ;
#2334 = CIRCLE ( 'NONE', #5854, 0.2999999999999998779 ) ;
#2335 = DIRECTION ( 'NONE',  ( 0.0000000000000000000, 1.000000000000000000, 3.491481338843133355E-15 ) ) ;
#2336 = VECTOR ( 'NONE', #841, 1000.000000000000000 ) ;
#2337 = ORIENTED_EDGE ( 'NONE', *, *, #2776, .F. ) ;
#2338 = UNCERTAINTY_MEASURE_WITH_UNIT (LENGTH_MEASURE( 1.000000000000000082E-05 ), #690, 'distance_accuracy_value', 'NONE');
#2339 = CARTESIAN_POINT ( 'NONE',  ( 0.05488056060911099265, 1.186528154348573949, -0.01867101149142071440 ) ) ;
#2340 = SURFACE_SIDE_STYLE ('',( #4480 ) ) ;
#2341 = ORIENTED_EDGE ( 'NONE', *, *, #1024, .T. ) ;
#2342 = EDGE_CURVE ( 'NONE', #505, #2228, #2019, .T. ) ;
#2343 = DIRECTION ( 'NONE',  ( 1.000000000000000000, 3.491481338843133355E-15, 1.219044193948983948E-29 ) ) ;
#2344 = VERTEX_POINT ( 'NONE', #2232 ) ;
#2345 = COLOUR_RGB ( '',0.7764705882352941346, 0.7568627450980391913, 0.7372549019607843590 ) ;
#2346 = UNCERTAINTY_MEASURE_WITH_UNIT (LENGTH_MEASURE( 1.000000000000000082E-05 ), #7773, 'distance_accuracy_value', 'NONE');
#2347 = DIRECTION ( 'NONE',  ( 0.3363908276654480334, -0.9417224702971438433, -3.288006431411734637E-15 ) ) ;
#2348 = SURFACE_SIDE_STYLE ('',( #157 ) ) ;
#2349 = ORIENTED_EDGE ( 'NONE', *, *, #4785, .F. ) ;
#2350 = ADVANCED_FACE ( 'NONE', ( #4583 ), #1606, .F. ) ;
#2351 = DIRECTION ( 'NONE',  ( 0.0000000000000000000, -1.000000000000000000, -3.491481338843133355E-15 ) ) ;
#2352 = CARTESIAN_POINT ( 'NONE',  ( 2.699999999999999734, -1.283471845651426690, 0.1713289885085706732 ) ) ;
#2353 = CARTESIAN_POINT ( 'NONE',  ( -1.400000000000000133, -2.313471845651435377, 2.646328988508567459 ) ) ;
#2354 = STYLED_ITEM ( 'NONE', ( #402 ), #371 ) ;
#2355 = CARTESIAN_POINT ( 'NONE',  ( -0.08536334182991349440, -0.05986867566455948697, -0.02867101149142507743 ) ) ;
#2356 = EDGE_CURVE ( 'NONE', #8542, #5706, #4378, .T. ) ;
#2357 = DIRECTION ( 'NONE',  ( -1.000000000000000000, -1.376535146460480254E-30, 3.942553354492741066E-16 ) ) ;
#2358 = AXIS2_PLACEMENT_3D ( 'NONE', #7478, #2303, #977 ) ;
#2359 = LINE ( 'NONE', #2874, #2973 ) ;
#2360 = CIRCLE ( 'NONE', #4970, 0.1000000000000000472 ) ;
#2361 = VERTEX_POINT ( 'NONE', #2886 ) ;
#2362 = ORIENTED_EDGE ( 'NONE', *, *, #300, .F. ) ;
#2363 = DIRECTION ( 'NONE',  ( -1.000000000000000000, 0.0000000000000000000, 0.0000000000000000000 ) ) ;
#2364 = FILL_AREA_STYLE ('',( #2888 ) ) ;
#2365 = ORIENTED_EDGE ( 'NONE', *, *, #1802, .T. ) ;
#2366 = DIRECTION ( 'NONE',  ( 3.469446951953611033E-15, -3.491481338843133355E-15, 1.000000000000000000 ) ) ;
#2367 = ORIENTED_EDGE ( 'NONE', *, *, #6389, .F. ) ;
#2368 = DIRECTION ( 'NONE',  ( 0.0000000000000000000, -1.000000000000000000, -3.491481338843133355E-15 ) ) ;
#2369 = EDGE_LOOP ( 'NONE', ( #5053, #431, #136, #8508 ) ) ;
#2370 = MECHANICAL_DESIGN_GEOMETRIC_PRESENTATION_REPRESENTATION (  '', ( #7124 ), #8457 ) ;
#2371 = CARTESIAN_POINT ( 'NONE',  ( 0.1252730288566754890, -0.1068645585483218724, -0.01867101149142505120 ) ) ;
#2372 = ORIENTED_EDGE ( 'NONE', *, *, #3280, .T. ) ;
#2373 = CARTESIAN_POINT ( 'NONE',  ( -0.1485683723177183002, -0.03004779151821800054, -0.02867101149142507743 ) ) ;
#2374 = ORIENTED_EDGE ( 'NONE', *, *, #6954, .T. ) ;
#2375 = PRESENTATION_STYLE_ASSIGNMENT (( #1760 ) ) ;
#2376 = EDGE_CURVE ( 'NONE', #7958, #3289, #2421, .T. ) ;
#2377 = SURFACE_STYLE_FILL_AREA ( #67 ) ;
#2378 = MECHANICAL_DESIGN_GEOMETRIC_PRESENTATION_REPRESENTATION (  '', ( #4101 ), #4578 ) ;
#2379 = CARTESIAN_POINT ( 'NONE',  ( -2.549999999999999822, 1.186528154348573949, -0.02867101149142074062 ) ) ;
#2380 = DIRECTION ( 'NONE',  ( -0.7071067811865490160, 2.468850131082259822E-15, -0.7071067811865460184 ) ) ;
#2381 = CARTESIAN_POINT ( 'NONE',  ( -2.375000000000001332, 0.6865281543485739491, -0.02867101149142160799 ) ) ;
#2382 = ORIENTED_EDGE ( 'NONE', *, *, #1314, .F. ) ;
#2383 = PLANE ( 'NONE',  #4125 ) ;
#2384 = CIRCLE ( 'NONE', #8356, 0.02499999999999984873 ) ;
#2385 = CIRCLE ( 'NONE', #507, 0.2999999999999999334 ) ;
#2386 = CARTESIAN_POINT ( 'NONE',  ( 0.1951244630481353548, -0.01084047444504729341, -0.02867101149142507743 ) ) ;
#2387 = CARTESIAN_POINT ( 'NONE',  ( -2.549999999999999822, 1.186528154348573949, -0.01867101149142071440 ) ) ;
#2388 = LINE ( 'NONE', #4600, #7455 ) ;
#2389 = ORIENTED_EDGE ( 'NONE', *, *, #15, .T. ) ;
#2390 = EDGE_CURVE ( 'NONE', #1008, #6060, #5312, .T. ) ;
#2391 = LINE ( 'NONE', #1862, #7986 ) ;
#2392 = ORIENTED_EDGE ( 'NONE', *, *, #3537, .F. ) ;
#2393 = ORIENTED_EDGE ( 'NONE', *, *, #3537, .T. ) ;
#2394 = ADVANCED_FACE ( 'NONE', ( #3040 ), #2948, .F. ) ;
#2395 = CARTESIAN_POINT ( 'NONE',  ( 3.549999999999999822, -1.083471845651427179, 0.4713289885085714670 ) ) ;
#2396 = DIRECTION ( 'NONE',  ( 1.000000000000000000, 3.491481338843132961E-15, 1.294569758191769182E-16 ) ) ;
#2397 =( LENGTH_UNIT ( ) NAMED_UNIT ( * ) SI_UNIT ( .MILLI., .METRE. ) );
#2398 = DIRECTION ( 'NONE',  ( 1.000000000000000000, 0.0000000000000000000, 0.0000000000000000000 ) ) ;
#2399 = DIRECTION ( 'NONE',  ( 0.0000000000000000000, -3.491481338843133355E-15, 1.000000000000000000 ) ) ;
#2400 = VERTEX_POINT ( 'NONE', #4164 ) ;
#2401 = LINE ( 'NONE', #5629, #6013 ) ;
#2402 = UNCERTAINTY_MEASURE_WITH_UNIT (LENGTH_MEASURE( 1.000000000000000082E-05 ), #3527, 'distance_accuracy_value', 'NONE');
#2403 = CARTESIAN_POINT ( 'NONE',  ( 0.1252730288566754890, -0.1068645585483216642, -0.02867101149142507743 ) ) ;
#2404 = EDGE_CURVE ( 'NONE', #6946, #2246, #1386, .T. ) ;
#2405 =( GEOMETRIC_REPRESENTATION_CONTEXT ( 3 ) GLOBAL_UNCERTAINTY_ASSIGNED_CONTEXT ( ( #2478 ) ) GLOBAL_UNIT_ASSIGNED_CONTEXT ( ( #5853, #7162, #2053 ) ) REPRESENTATION_CONTEXT ( 'NONE', 'WORKASPACE' ) );
#2406 = AXIS2_PLACEMENT_3D ( 'NONE', #2069, #5346, #6684 ) ;
#2407 = VERTEX_POINT ( 'NONE', #6863 ) ;
#2408 = DIRECTION ( 'NONE',  ( -2.891205793294681383E-15, -1.000000000000000000, -3.491481338843133355E-15 ) ) ;
#2409 = SURFACE_SIDE_STYLE ('',( #4179 ) ) ;
#2410 = CARTESIAN_POINT ( 'NONE',  ( 3.299999999999998934, -1.283471845651438459, 3.521328988508570568 ) ) ;
#2411 = PRESENTATION_LAYER_ASSIGNMENT (  '', '', ( #3577 ) ) ;
#2412 = SURFACE_STYLE_FILL_AREA ( #8057 ) ;
#2413 = DIRECTION ( 'NONE',  ( 0.0000000000000000000, -3.491481338843133355E-15, 1.000000000000000000 ) ) ;
#2414 = SURFACE_STYLE_USAGE ( .BOTH. , #6376 ) ;
#2415 = CARTESIAN_POINT ( 'NONE',  ( 0.1019079996335010146, -0.1120599866401695982, -0.01867101149142505120 ) ) ;
#2416 = PRESENTATION_STYLE_ASSIGNMENT (( #5112 ) ) ;
#2417 = DIRECTION ( 'NONE',  ( 0.0000000000000000000, -1.000000000000000000, -4.575683511328644100E-15 ) ) ;
#2418 = ORIENTED_EDGE ( 'NONE', *, *, #5721, .T. ) ;
#2419 = PLANE ( 'NONE',  #1687 ) ;
#2420 = VECTOR ( 'NONE', #7540, 1000.000000000000000 ) ;
#2421 = LINE ( 'NONE', #4923, #7076 ) ;
#2422 = SURFACE_STYLE_USAGE ( .BOTH. , #1694 ) ;
#2423 = EDGE_CURVE ( 'NONE', #2565, #88, #1176, .T. ) ;
#2424 = CARTESIAN_POINT ( 'NONE',  ( 0.1416728091516727128, -0.09125089246717282832, -0.02867101149142507743 ) ) ;
#2425 = COLOUR_RGB ( '',0.7764705882352941346, 0.7568627450980391913, 0.7372549019607843590 ) ;
#2426 = VERTEX_POINT ( 'NONE', #5497 ) ;
#2427 = PRESENTATION_STYLE_ASSIGNMENT (( #4074 ) ) ;
#2428 = EDGE_CURVE ( 'NONE', #5570, #3605, #1692, .T. ) ;
#2429 = CARTESIAN_POINT ( 'NONE',  ( -0.04740745884844765196, -0.09983232135056577250, -0.01867101149142505120 ) ) ;
#2430 = EDGE_CURVE ( 'NONE', #8302, #4198, #28, .T. ) ;
#2431 = VERTEX_POINT ( 'NONE', #4306 ) ;
#2432 = CARTESIAN_POINT ( 'NONE',  ( 0.09916621102649250674, -0.02062550977569263880, -0.01867101149142505120 ) ) ;
#2433 = ORIENTED_EDGE ( 'NONE', *, *, #4907, .T. ) ;
#2434 = PRESENTATION_LAYER_ASSIGNMENT (  '', '', ( #5090 ) ) ;
#2435 = CARTESIAN_POINT ( 'NONE',  ( 3.475000000000000533, -1.083471845651427623, 0.4713289885085714670 ) ) ;
#2436 =( NAMED_UNIT ( * ) SI_UNIT ( $, .STERADIAN. ) SOLID_ANGLE_UNIT ( ) );
#2437 =( NAMED_UNIT ( * ) SI_UNIT ( $, .STERADIAN. ) SOLID_ANGLE_UNIT ( ) );
#2438 = VECTOR ( 'NONE', #1498, 1000.000000000000000 ) ;
#2439 = ORIENTED_EDGE ( 'NONE', *, *, #5355, .F. ) ;
#2440 = ORIENTED_EDGE ( 'NONE', *, *, #6494, .F. ) ;
#2441 = ORIENTED_EDGE ( 'NONE', *, *, #4928, .T. ) ;
#2442 = LINE ( 'NONE', #7836, #6173 ) ;
#2443 = CARTESIAN_POINT ( 'NONE',  ( -0.04651044548845006954, -0.01084047444504732984, -0.01867101149142621000 ) ) ;
#2444 = MANIFOLD_SOLID_BREP ( '实体-移动/复制2[5]', #5418 ) ;
#2445 = PLANE ( 'NONE',  #2541 ) ;
#2446 = EDGE_CURVE ( 'NONE', #2192, #3605, #877, .T. ) ;
#2447 = STYLED_ITEM ( 'NONE', ( #6539 ), #4504 ) ;
#2448 = EDGE_CURVE ( 'NONE', #1109, #7168, #7734, .T. ) ;
#2449 = STYLED_ITEM ( 'NONE', ( #204 ), #7871 ) ;
#2450 = FACE_BOUND ( 'NONE', #4517, .T. ) ;
#2451 = CARTESIAN_POINT ( 'NONE',  ( -0.09877797597625495585, -0.05958285249382778287, -0.02867101149142507743 ) ) ;
#2452 =( NAMED_UNIT ( * ) SI_UNIT ( $, .STERADIAN. ) SOLID_ANGLE_UNIT ( ) );
#2453 = DIRECTION ( 'NONE',  ( 0.0000000000000000000, -1.000000000000000000, -4.336808689942043768E-15 ) ) ;
#2454 = CYLINDRICAL_SURFACE ( 'NONE', #8136, 0.2999999999999999334 ) ;
#2455 = ORIENTED_EDGE ( 'NONE', *, *, #312, .F. ) ;
#2456 = VERTEX_POINT ( 'NONE', #7697 ) ;
#2457 = FILL_AREA_STYLE_COLOUR ( '', #5098 ) ;
#2458 = FILL_AREA_STYLE ('',( #1117 ) ) ;
#2459 = STYLED_ITEM ( 'NONE', ( #3307 ), #5297 ) ;
#2460 = CARTESIAN_POINT ( 'NONE',  ( 0.003661048413988954309, -0.02181608420114499597, -0.02867101149142507743 ) ) ;
#2461 = ORIENTED_EDGE ( 'NONE', *, *, #8274, .F. ) ;
#2462 = VECTOR ( 'NONE', #441, 1000.000000000000114 ) ;
#2463 = CARTESIAN_POINT ( 'NONE',  ( 0.1487829996335010563, -0.06272690737187677779, -0.01867101149142505120 ) ) ;
#2464 = ORIENTED_EDGE ( 'NONE', *, *, #7653, .T. ) ;
#2465 = CARTESIAN_POINT ( 'NONE',  ( 0.1328271481906107276, -0.04490709251754360087, -0.02867101149142507743 ) ) ;
#2466 = CARTESIAN_POINT ( 'NONE',  ( 3.649999999999999911, -0.7834718456514280227, 0.4713289885085727438 ) ) ;
#2467 = CARTESIAN_POINT ( 'NONE',  ( -0.05723231350516318205, -0.01157149453752674868, -0.02867101149142507743 ) ) ;
#2468 = ORIENTED_EDGE ( 'NONE', *, *, #1561, .F. ) ;
#2469 =( GEOMETRIC_REPRESENTATION_CONTEXT ( 3 ) GLOBAL_UNCERTAINTY_ASSIGNED_CONTEXT ( ( #2402 ) ) GLOBAL_UNIT_ASSIGNED_CONTEXT ( ( #3527, #206, #6805 ) ) REPRESENTATION_CONTEXT ( 'NONE', 'WORKASPACE' ) );
#2470 = CARTESIAN_POINT ( 'NONE',  ( 0.1573195849993548889, 1.186528154348573949, -0.01867101149142071440 ) ) ;
#2471 =( GEOMETRIC_REPRESENTATION_CONTEXT ( 3 ) GLOBAL_UNCERTAINTY_ASSIGNED_CONTEXT ( ( #4183 ) ) GLOBAL_UNIT_ASSIGNED_CONTEXT ( ( #4024, #6081, #3397 ) ) REPRESENTATION_CONTEXT ( 'NONE', 'WORKASPACE' ) );
#2472 = EDGE_LOOP ( 'NONE', ( #1187, #824, #1518, #6694 ) ) ;
#2473 = VECTOR ( 'NONE', #48, 1000.000000000000000 ) ;
#2474 = LINE ( 'NONE', #4316, #3813 ) ;
#2475 = CARTESIAN_POINT ( 'NONE',  ( 0.1487829996335010563, -0.06272690737187677779, -0.01867101149142505120 ) ) ;
#2476 = DIRECTION ( 'NONE',  ( 2.744815626545581052E-16, 1.000000000000000000, 3.491481338843133355E-15 ) ) ;
#2477 = ADVANCED_FACE ( 'NONE', ( #3379 ), #6307, .F. ) ;
#2478 = UNCERTAINTY_MEASURE_WITH_UNIT (LENGTH_MEASURE( 1.000000000000000082E-05 ), #5853, 'distance_accuracy_value', 'NONE');
#2479 = EDGE_CURVE ( 'NONE', #1757, #3044, #4496, .T. ) ;
#2480 = FILL_AREA_STYLE ('',( #4555 ) ) ;
#2481 = ORIENTED_EDGE ( 'NONE', *, *, #6365, .F. ) ;
#2482 = COLOUR_RGB ( '',0.7764705882352941346, 0.7568627450980391913, 0.7372549019607843590 ) ;
#2483 = PRESENTATION_STYLE_ASSIGNMENT (( #3389 ) ) ;
#2484 = CARTESIAN_POINT ( 'NONE',  ( -0.05463035766575956298, -0.09926387317413443157, -0.01867101149142505120 ) ) ;
#2485 = CARTESIAN_POINT ( 'NONE',  ( 0.1295362304171099599, -0.03782321457342241455, -0.01867101149142505120 ) ) ;
#2486 = ORIENTED_EDGE ( 'NONE', *, *, #7216, .F. ) ;
#2487 =( BOUNDED_CURVE ( )  B_SPLINE_CURVE ( 3, ( #2120, #1509, #2767, #1543 ),
 .UNSPECIFIED., .F., .T. ) 
 B_SPLINE_CURVE_WITH_KNOTS ( ( 4, 4 ),
 ( -8.881784197001252323E-16, 1.570796326794898334 ),
 .UNSPECIFIED. ) 
 CURVE ( )  GEOMETRIC_REPRESENTATION_ITEM ( )  RATIONAL_B_SPLINE_CURVE ( ( 1.000000000000000000, 0.8047378541243643824, 0.8047378541243643824, 1.000000000000000000 ) ) 
 REPRESENTATION_ITEM ( '' )  );
#2488 = VECTOR ( 'NONE', #7603, 1000.000000000000000 ) ;
#2489 = PLANE ( 'NONE',  #4055 ) ;
#2490 = STYLED_ITEM ( 'NONE', ( #4808 ), #4129 ) ;
#2491 = VECTOR ( 'NONE', #5232, 1000.000000000000000 ) ;
#2492 = CARTESIAN_POINT ( 'NONE',  ( 0.1038663187477896488, -0.1009862960187130065, -0.01867101149142505120 ) ) ;
#2493 = ORIENTED_EDGE ( 'NONE', *, *, #6411, .F. ) ;
#2494 =( NAMED_UNIT ( * ) PLANE_ANGLE_UNIT ( ) SI_UNIT ( $, .RADIAN. ) );
#2495 = PRESENTATION_STYLE_ASSIGNMENT (( #5754 ) ) ;
#2496 = SURFACE_STYLE_FILL_AREA ( #341 ) ;
#2497 = DIRECTION ( 'NONE',  ( 0.0000000000000000000, -1.000000000000000000, -3.491481338843133355E-15 ) ) ;
#2498 = FILL_AREA_STYLE ('',( #521 ) ) ;
#2499 = CARTESIAN_POINT ( 'NONE',  ( 0.1291588774609376267, -0.1045191384941317470, -0.01867101149142489855 ) ) ;
#2500 = DIRECTION ( 'NONE',  ( -0.0000000000000000000, 1.000000000000000000, 3.491481338843133355E-15 ) ) ;
#2501 = CARTESIAN_POINT ( 'NONE',  ( -2.549999999999999822, -0.1108404744450475488, -0.01867101149142505120 ) ) ;
#2502 = ORIENTED_EDGE ( 'NONE', *, *, #6033, .F. ) ;
#2503 = FILL_AREA_STYLE ('',( #1161 ) ) ;
#2504 = FACE_OUTER_BOUND ( 'NONE', #336, .T. ) ;
#2505 = EDGE_CURVE ( 'NONE', #5661, #8223, #2644, .T. ) ;
#2506 = MECHANICAL_DESIGN_GEOMETRIC_PRESENTATION_REPRESENTATION (  '', ( #4909 ), #4001 ) ;
#2507 = CARTESIAN_POINT ( 'NONE',  ( -0.06244635162287279218, -0.09731347799046505265, -0.01867101149142505120 ) ) ;
#2508 = AXIS2_PLACEMENT_3D ( 'NONE', #5099, #6510, #7831 ) ;
#2509 = DIRECTION ( 'NONE',  ( 1.000000000000000000, 1.781398424831212605E-30, -5.102127870520025912E-16 ) ) ;
#2510 =( NAMED_UNIT ( * ) SI_UNIT ( $, .STERADIAN. ) SOLID_ANGLE_UNIT ( ) );
#2511 = DIRECTION ( 'NONE',  ( 0.3390537954853683478, 0.9407669869669993412, 3.284670379194959278E-15 ) ) ;
#2512 = ORIENTED_EDGE ( 'NONE', *, *, #2428, .T. ) ;
#2513 = PRESENTATION_STYLE_ASSIGNMENT (( #4984 ) ) ;
#2514 = ADVANCED_FACE ( 'NONE', ( #6673 ), #346, .F. ) ;
#2515 = AXIS2_PLACEMENT_3D ( 'NONE', #4080, #5962, #8038 ) ;
#2516 = VERTEX_POINT ( 'NONE', #7724 ) ;
#2517 = STYLED_ITEM ( 'NONE', ( #8561 ), #6586 ) ;
#2518 = SURFACE_STYLE_USAGE ( .BOTH. , #7660 ) ;
#2519 = CARTESIAN_POINT ( 'NONE',  ( 0.1256678823961092095, -0.09052181339387925518, -0.02867101149142507743 ) ) ;
#2520 = VECTOR ( 'NONE', #4796, 1000.000000000000000 ) ;
#2521 = FILL_AREA_STYLE_COLOUR ( '', #5593 ) ;
#2522 = CARTESIAN_POINT ( 'NONE',  ( -0.1501689820738159320, -0.02303559639626703154, -0.01867101149142505120 ) ) ;
#2523 = FILL_AREA_STYLE_COLOUR ( '', #6663 ) ;
#2524 = EDGE_CURVE ( 'NONE', #7557, #6613, #3988, .T. ) ;
#2525 = CARTESIAN_POINT ( 'NONE',  ( 0.1480571467189090717, -0.07325897798202835043, -0.02867101149142507743 ) ) ;
#2526 = ORIENTED_EDGE ( 'NONE', *, *, #7363, .F. ) ;
#2527 = EDGE_CURVE ( 'NONE', #8268, #1194, #2817, .T. ) ;
#2528 = FACE_OUTER_BOUND ( 'NONE', #718, .T. ) ;
#2529 =( GEOMETRIC_REPRESENTATION_CONTEXT ( 3 ) GLOBAL_UNCERTAINTY_ASSIGNED_CONTEXT ( ( #7550 ) ) GLOBAL_UNIT_ASSIGNED_CONTEXT ( ( #7310, #1419, #5282 ) ) REPRESENTATION_CONTEXT ( 'NONE', 'WORKASPACE' ) );
#2530 = DIRECTION ( 'NONE',  ( 0.0000000000000000000, 1.000000000000000000, 3.491481338843133355E-15 ) ) ;
#2531 = CARTESIAN_POINT ( 'NONE',  ( 3.475000000000000533, -1.283471845651427579, 0.4713289885085710229 ) ) ;
#2532 = CYLINDRICAL_SURFACE ( 'NONE', #2212, 0.04999999999999999584 ) ;
#2533 = VERTEX_POINT ( 'NONE', #4489 ) ;
#2534 = ORIENTED_EDGE ( 'NONE', *, *, #7249, .T. ) ;
#2535 = PLANE ( 'NONE',  #5224 ) ;
#2536 = LINE ( 'NONE', #3164, #3576 ) ;
#2537 = CARTESIAN_POINT ( 'NONE',  ( 2.948179295342848949, -1.383471845651430332, 1.177033865392921985 ) ) ;
#2538 = EDGE_CURVE ( 'NONE', #2737, #978, #1417, .T. ) ;
#2539 = DIRECTION ( 'NONE',  ( 0.0000000000000000000, -3.491481338843133355E-15, 1.000000000000000000 ) ) ;
#2540 = CARTESIAN_POINT ( 'NONE',  ( 0.1313739658045091907, -0.04122977441244658064, -0.01867101149142505120 ) ) ;
#2541 = AXIS2_PLACEMENT_3D ( 'NONE', #6511, #1189, #2553 ) ;
#2542 = PRESENTATION_STYLE_ASSIGNMENT (( #2518 ) ) ;
#2543 = ORIENTED_EDGE ( 'NONE', *, *, #6593, .F. ) ;
#2544 = DIRECTION ( 'NONE',  ( 0.0000000000000000000, -3.491481338843133355E-15, 1.000000000000000000 ) ) ;
#2545 = PRESENTATION_STYLE_ASSIGNMENT (( #8472 ) ) ;
#2546 = DIRECTION ( 'NONE',  ( 0.0000000000000000000, -1.000000000000000000, -3.491481338843133355E-15 ) ) ;
#2547 = CARTESIAN_POINT ( 'NONE',  ( -0.1573145613421086386, -0.01084047444504751025, -0.01867101149142505120 ) ) ;
#2548 = CIRCLE ( 'NONE', #5135, 0.2000000000000000944 ) ;
#2549 = VECTOR ( 'NONE', #1813, 1000.000000000000000 ) ;
#2550 =( LENGTH_UNIT ( ) NAMED_UNIT ( * ) SI_UNIT ( .MILLI., .METRE. ) );
#2551 = LINE ( 'NONE', #6922, #4511 ) ;
#2552 = ORIENTED_EDGE ( 'NONE', *, *, #2976, .F. ) ;
#2553 = DIRECTION ( 'NONE',  ( 0.0000000000000000000, -1.000000000000000000, -3.491481338843133355E-15 ) ) ;
#2554 = ORIENTED_EDGE ( 'NONE', *, *, #7140, .F. ) ;
#2555 = EDGE_CURVE ( 'NONE', #3665, #5254, #2442, .T. ) ;
#2556 = DIRECTION ( 'NONE',  ( -5.102127870520025912E-16, 3.491481338843133750E-15, -1.000000000000000000 ) ) ;
#2557 = PRESENTATION_LAYER_ASSIGNMENT (  '', '', ( #6595 ) ) ;
#2558 = EDGE_LOOP ( 'NONE', ( #6011, #8451, #7181, #6522 ) ) ;
#2559 = CARTESIAN_POINT ( 'NONE',  ( 0.09295998837268326653, -0.1007164652753202716, -0.01867101149142505120 ) ) ;
#2560 = ADVANCED_FACE ( 'NONE', ( #6688 ), #7138, .T. ) ;
#2561 = ORIENTED_EDGE ( 'NONE', *, *, #6880, .T. ) ;
#2562 = VERTEX_POINT ( 'NONE', #5185 ) ;
#2563 = DIRECTION ( 'NONE',  ( 0.0000000000000000000, -1.000000000000000000, -3.491481338843133355E-15 ) ) ;
#2564 = DIRECTION ( 'NONE',  ( 0.0000000000000000000, -3.491481338843133355E-15, 1.000000000000000000 ) ) ;
#2565 = VERTEX_POINT ( 'NONE', #3197 ) ;
#2566 = SURFACE_STYLE_USAGE ( .BOTH. , #3325 ) ;
#2567 = ORIENTED_EDGE ( 'NONE', *, *, #194, .F. ) ;
#2568 = CARTESIAN_POINT ( 'NONE',  ( 0.09885213440619379510, -0.1010685228293296961, -0.02867101149142507743 ) ) ;
#2569 = PRESENTATION_LAYER_ASSIGNMENT (  '', '', ( #6123 ) ) ;
#2570 = FACE_OUTER_BOUND ( 'NONE', #4617, .T. ) ;
#2571 =( NAMED_UNIT ( * ) SI_UNIT ( $, .STERADIAN. ) SOLID_ANGLE_UNIT ( ) );
#2572 = LINE ( 'NONE', #1363, #804 ) ;
#2573 = CARTESIAN_POINT ( 'NONE',  ( 2.456307219633194983, -1.283471845651426468, 0.08463041248694821994 ) ) ;
#2574 = VERTEX_POINT ( 'NONE', #4548 ) ;
#2575 = CARTESIAN_POINT ( 'NONE',  ( 2.750000000000000000, -1.283471845651426024, 0.02132898850857102221 ) ) ;
#2576 = SURFACE_STYLE_FILL_AREA ( #7002 ) ;
#2577 = CARTESIAN_POINT ( 'NONE',  ( 2.948179295342848949, -1.383471845651432108, 1.746328988508570212 ) ) ;
#2578 = LINE ( 'NONE', #6266, #2175 ) ;
#2579 = CARTESIAN_POINT ( 'NONE',  ( -0.09866058159799939720, -0.05422543764653078857, -0.01867101149142621000 ) ) ;
#2580 = STYLED_ITEM ( 'NONE', ( #1895 ), #1710 ) ;
#2581 = DIRECTION ( 'NONE',  ( 0.0000000000000000000, 1.000000000000000000, 3.491481338843133355E-15 ) ) ;
#2582 =( GEOMETRIC_REPRESENTATION_CONTEXT ( 3 ) GLOBAL_UNCERTAINTY_ASSIGNED_CONTEXT ( ( #5290 ) ) GLOBAL_UNIT_ASSIGNED_CONTEXT ( ( #7901, #8597, #5953 ) ) REPRESENTATION_CONTEXT ( 'NONE', 'WORKASPACE' ) );
#2583 = SURFACE_SIDE_STYLE ('',( #1547 ) ) ;
#2584 = EDGE_LOOP ( 'NONE', ( #1184, #4610, #4384, #8241 ) ) ;
#2585 = SURFACE_STYLE_FILL_AREA ( #6695 ) ;
#2586 = CARTESIAN_POINT ( 'NONE',  ( -0.1060950491469866142, -0.1108404744450473406, -0.02867101149142507743 ) ) ;
#2587 = EDGE_CURVE ( 'NONE', #1853, #4601, #4602, .T. ) ;
#2588 = COLOUR_RGB ( '',0.1098039215686274495, 0.1098039215686274495, 0.1098039215686274495 ) ;
#2589 = PLANE ( 'NONE',  #4801 ) ;
#2590 = AXIS2_PLACEMENT_3D ( 'NONE', #5387, #3304, #7981 ) ;
#2591 = ORIENTED_EDGE ( 'NONE', *, *, #2269, .T. ) ;
#2592 = CARTESIAN_POINT ( 'NONE',  ( 0.07531198874394579024, -0.09519969327748539767, -0.01867101149142505120 ) ) ;
#2593 = FILL_AREA_STYLE ('',( #5293 ) ) ;
#2594 =( NAMED_UNIT ( * ) PLANE_ANGLE_UNIT ( ) SI_UNIT ( $, .RADIAN. ) );
#2595 = ORIENTED_EDGE ( 'NONE', *, *, #7013, .T. ) ;
#2596 = ADVANCED_FACE ( 'NONE', ( #7830 ), #3800, .F. ) ;
#2597 = FACE_OUTER_BOUND ( 'NONE', #1408, .T. ) ;
#2598 = DIRECTION ( 'NONE',  ( 1.000000000000000000, 0.0000000000000000000, 0.0000000000000000000 ) ) ;
#2599 =( GEOMETRIC_REPRESENTATION_CONTEXT ( 3 ) GLOBAL_UNCERTAINTY_ASSIGNED_CONTEXT ( ( #2755 ) ) GLOBAL_UNIT_ASSIGNED_CONTEXT ( ( #3401, #8108, #3430 ) ) REPRESENTATION_CONTEXT ( 'NONE', 'WORKASPACE' ) );
#2600 = CARTESIAN_POINT ( 'NONE',  ( 0.006100072804232863251, -0.05474291346943765957, -0.02867101149142507743 ) ) ;
#2601 = DIRECTION ( 'NONE',  ( 2.744815626545581052E-16, 1.000000000000000000, 3.491481338843133355E-15 ) ) ;
#2602 = EDGE_CURVE ( 'NONE', #5333, #3137, #2536, .T. ) ;
#2603 = AXIS2_PLACEMENT_3D ( 'NONE', #3894, #5314, #6496 ) ;
#2604 = VECTOR ( 'NONE', #8093, 1000.000000000000000 ) ;
#2605 = SURFACE_SIDE_STYLE ('',( #2900 ) ) ;
#2606 = DIRECTION ( 'NONE',  ( 1.972152263052529514E-31, 1.000000000000000000, 3.491481338843133750E-15 ) ) ;
#2607 = FILL_AREA_STYLE ('',( #6662 ) ) ;
#2608 = LINE ( 'NONE', #6471, #1152 ) ;
#2609 = SURFACE_STYLE_USAGE ( .BOTH. , #3198 ) ;
#2610 =( NAMED_UNIT ( * ) SI_UNIT ( $, .STERADIAN. ) SOLID_ANGLE_UNIT ( ) );
#2611 = DIRECTION ( 'NONE',  ( 0.0000000000000000000, -1.000000000000000000, -4.336808689942025625E-15 ) ) ;
#2612 = COLOUR_RGB ( '',0.1098039215686274495, 0.1098039215686274495, 0.1098039215686274495 ) ;
#2613 = ORIENTED_EDGE ( 'NONE', *, *, #8213, .T. ) ;
#2614 =( NAMED_UNIT ( * ) SI_UNIT ( $, .STERADIAN. ) SOLID_ANGLE_UNIT ( ) );
#2615 = VECTOR ( 'NONE', #1545, 1000.000000000000000 ) ;
#2616 = STYLED_ITEM ( 'NONE', ( #5784 ), #5246 ) ;
#2617 = PLANE ( 'NONE',  #5238 ) ;
#2618 = FACE_OUTER_BOUND ( 'NONE', #6271, .T. ) ;
#2619 =( LENGTH_UNIT ( ) NAMED_UNIT ( * ) SI_UNIT ( .MILLI., .METRE. ) );
#2620 = VECTOR ( 'NONE', #8120, 1000.000000000000000 ) ;
#2621 = ORIENTED_EDGE ( 'NONE', *, *, #194, .T. ) ;
#2622 = DIRECTION ( 'NONE',  ( -1.000000000000000000, -0.0000000000000000000, -0.0000000000000000000 ) ) ;
#2623 = FILL_AREA_STYLE_COLOUR ( '', #832 ) ;
#2624 = AXIS2_PLACEMENT_3D ( 'NONE', #8203, #1569, #6861 ) ;
#2625 = VECTOR ( 'NONE', #592, 1000.000000000000000 ) ;
#2626 = CARTESIAN_POINT ( 'NONE',  ( 0.1268227597660341044, -0.01774050521862651289, -0.01867101149142505120 ) ) ;
#2627 =( GEOMETRIC_REPRESENTATION_CONTEXT ( 3 ) GLOBAL_UNCERTAINTY_ASSIGNED_CONTEXT ( ( #4288 ) ) GLOBAL_UNIT_ASSIGNED_CONTEXT ( ( #1567, #6180, #6095 ) ) REPRESENTATION_CONTEXT ( 'NONE', 'WORKASPACE' ) );
#2628 = ORIENTED_EDGE ( 'NONE', *, *, #1821, .F. ) ;
#2629 = SURFACE_SIDE_STYLE ('',( #6906 ) ) ;
#2630 = FILL_AREA_STYLE_COLOUR ( '', #3248 ) ;
#2631 = DIRECTION ( 'NONE',  ( 0.0000000000000000000, -1.000000000000000000, -3.491481338843133355E-15 ) ) ;
#2632 = ORIENTED_EDGE ( 'NONE', *, *, #6465, .F. ) ;
#2633 =( NAMED_UNIT ( * ) PLANE_ANGLE_UNIT ( ) SI_UNIT ( $, .RADIAN. ) );
#2634 = CARTESIAN_POINT ( 'NONE',  ( 2.148518552703153173, -1.383471845651435439, 2.681321192064204606 ) ) ;
#2635 = DIRECTION ( 'NONE',  ( -1.927687054276661595E-16, -3.491481338843133355E-15, 1.000000000000000000 ) ) ;
#2636 = EDGE_CURVE ( 'NONE', #7038, #3453, #7517, .T. ) ;
#2637 = EDGE_LOOP ( 'NONE', ( #792, #4411, #6363, #7434 ) ) ;
#2638 =( NAMED_UNIT ( * ) SI_UNIT ( $, .STERADIAN. ) SOLID_ANGLE_UNIT ( ) );
#2639 = ORIENTED_EDGE ( 'NONE', *, *, #6777, .F. ) ;
#2640 = MECHANICAL_DESIGN_GEOMETRIC_PRESENTATION_REPRESENTATION (  '', ( #90 ), #3973 ) ;
#2641 = EDGE_LOOP ( 'NONE', ( #7663, #5509, #6091, #3714 ) ) ;
#2642 = DIRECTION ( 'NONE',  ( 0.0000000000000000000, 4.336808689942017736E-15, -1.000000000000000000 ) ) ;
#2643 = CARTESIAN_POINT ( 'NONE',  ( -0.08536334182991349440, -0.05986867566455948697, -0.02867101149142507743 ) ) ;
#2644 = LINE ( 'NONE', #1776, #666 ) ;
#2645 = ADVANCED_FACE ( 'NONE', ( #3774 ), #5221, .T. ) ;
#2646 = CARTESIAN_POINT ( 'NONE',  ( 0.08266386215758098066, -0.02305725956629873369, -0.01867101149142505120 ) ) ;
#2647 = SURFACE_STYLE_FILL_AREA ( #8459 ) ;
#2648 = LINE ( 'NONE', #2943, #3068 ) ;
#2649 = PLANE ( 'NONE',  #6163 ) ;
#2650 = CARTESIAN_POINT ( 'NONE',  ( 0.08955896549450173549, -0.1002336433438165419, -0.01867101149142505120 ) ) ;
#2651 = SURFACE_SIDE_STYLE ('',( #4518 ) ) ;
#2652 = AXIS2_PLACEMENT_3D ( 'NONE', #4351, #4920, #2258 ) ;
#2653 = DIRECTION ( 'NONE',  ( 0.0000000000000000000, -1.000000000000000000, -3.491481338843133355E-15 ) ) ;
#2654 = CARTESIAN_POINT ( 'NONE',  ( -0.1302756893908890434, -0.08279169395724239600, -0.02867101149142507743 ) ) ;
#2655 = COLOUR_RGB ( '',1.000000000000000000, 1.000000000000000000, 1.000000000000000000 ) ;
#2656 = ORIENTED_EDGE ( 'NONE', *, *, #4658, .F. ) ;
#2657 = DIRECTION ( 'NONE',  ( 2.891205793294681383E-15, 1.000000000000000000, 3.491481338843133355E-15 ) ) ;
#2658 = DIRECTION ( 'NONE',  ( 0.0000000000000000000, -3.491481338843133355E-15, 1.000000000000000000 ) ) ;
#2659 = CARTESIAN_POINT ( 'NONE',  ( -0.1516267129199808383, -0.02873805691421720335, -0.01867101149142505120 ) ) ;
#2660 = CARTESIAN_POINT ( 'NONE',  ( -3.500000000000000888, -1.283471845651437571, 3.321328988508570834 ) ) ;
#2661 = VERTEX_POINT ( 'NONE', #6489 ) ;
#2662 = VERTEX_POINT ( 'NONE', #493 ) ;
#2663 = EDGE_CURVE ( 'NONE', #4692, #285, #5952, .T. ) ;
#2664 = AXIS2_PLACEMENT_3D ( 'NONE', #3372, #7366, #4792 ) ;
#2665 = CARTESIAN_POINT ( 'NONE',  ( 0.1019079996335011673, -0.1120599866401693762, -0.02867101149142507743 ) ) ;
#2666 = CARTESIAN_POINT ( 'NONE',  ( -0.08477045157354148874, -0.05104144467277835218, -0.02867101149142507743 ) ) ;
#2667 = CARTESIAN_POINT ( 'NONE',  ( -0.04787720965909820353, -0.02184538177238360898, -0.02867101149142507743 ) ) ;
#2668 = CARTESIAN_POINT ( 'NONE',  ( 0.07982953784248580931, -0.02417127338370794742, -0.01867101149142505120 ) ) ;
#2669 = CARTESIAN_POINT ( 'NONE',  ( 1.599999999999999645, -1.083471845651435617, 2.696328988508570834 ) ) ;
#2670 = CARTESIAN_POINT ( 'NONE',  ( 0.07681161915275598606, -0.01260250689220339046, -0.01867101149142505120 ) ) ;
#2671 = VERTEX_POINT ( 'NONE', #7191 ) ;
#2672 = VECTOR ( 'NONE', #2564, 1000.000000000000000 ) ;
#2673 = LINE ( 'NONE', #2928, #3414 ) ;
#2674 = SURFACE_STYLE_FILL_AREA ( #3427 ) ;
#2675 = DIRECTION ( 'NONE',  ( 0.0000000000000000000, -1.000000000000000000, -3.491481338843133355E-15 ) ) ;
#2676 = ORIENTED_EDGE ( 'NONE', *, *, #6870, .F. ) ;
#2677 = FILL_AREA_STYLE_COLOUR ( '', #3718 ) ;
#2678 =( NAMED_UNIT ( * ) SI_UNIT ( $, .STERADIAN. ) SOLID_ANGLE_UNIT ( ) );
#2679 = AXIS2_PLACEMENT_3D ( 'NONE', #4643, #7259, #2091 ) ;
#2680 = CARTESIAN_POINT ( 'NONE',  ( 0.006100072804232897078, -0.06571852322553536907, -0.01867101149142505120 ) ) ;
#2681 = VERTEX_POINT ( 'NONE', #568 ) ;
#2682 = CARTESIAN_POINT ( 'NONE',  ( 0.1487829996335010563, -0.06272690737187677779, -0.01867101149142505120 ) ) ;
#2683 = FACE_OUTER_BOUND ( 'NONE', #1591, .T. ) ;
#2684 = ADVANCED_FACE ( 'NONE', ( #6164 ), #4461, .F. ) ;
#2685 =( NAMED_UNIT ( * ) PLANE_ANGLE_UNIT ( ) SI_UNIT ( $, .RADIAN. ) );
#2686 = EDGE_CURVE ( 'NONE', #3143, #5249, #7726, .T. ) ;
#2687 = CARTESIAN_POINT ( 'NONE',  ( 3.299999999999999378, 0.6865281543485621807, 3.321328988508577051 ) ) ;
#2688 = CIRCLE ( 'NONE', #2134, 0.2000000000000000944 ) ;
#2689 = ORIENTED_EDGE ( 'NONE', *, *, #7929, .T. ) ;
#2690 =( NAMED_UNIT ( * ) SI_UNIT ( $, .STERADIAN. ) SOLID_ANGLE_UNIT ( ) );
#2691 = UNCERTAINTY_MEASURE_WITH_UNIT (LENGTH_MEASURE( 1.000000000000000082E-05 ), #1733, 'distance_accuracy_value', 'NONE');
#2692 = CARTESIAN_POINT ( 'NONE',  ( -0.04834762645629605421, -0.01088143391143338821, -0.01867101149142505120 ) ) ;
#2693 = EDGE_CURVE ( 'NONE', #6168, #3573, #2748, .T. ) ;
#2694 = CARTESIAN_POINT ( 'NONE',  ( -2.569584527152437570, -1.283471845651426690, 0.1713289885085708397 ) ) ;
#2695 = ORIENTED_EDGE ( 'NONE', *, *, #5544, .T. ) ;
#2696 = CARTESIAN_POINT ( 'NONE',  ( -0.09678776834212701741, -0.04416524864322133453, -0.02867101149142507743 ) ) ;
#2697 = SURFACE_STYLE_FILL_AREA ( #911 ) ;
#2698 = LINE ( 'NONE', #4775, #6949 ) ;
#2699 = FILL_AREA_STYLE_COLOUR ( '', #4143 ) ;
#2700 = STYLED_ITEM ( 'NONE', ( #241 ), #2645 ) ;
#2701 = FILL_AREA_STYLE_COLOUR ( '', #2221 ) ;
#2702 = CARTESIAN_POINT ( 'NONE',  ( 1.599999999999999867, -1.283471845651435350, 2.696328988508570390 ) ) ;
#2703 =( LENGTH_UNIT ( ) NAMED_UNIT ( * ) SI_UNIT ( .MILLI., .METRE. ) );
#2704 = CARTESIAN_POINT ( 'NONE',  ( 0.07533109480856105267, -0.1061754725827682988, -0.02867101149142507743 ) ) ;
#2705 = ORIENTED_EDGE ( 'NONE', *, *, #2686, .F. ) ;
#2706 = CARTESIAN_POINT ( 'NONE',  ( 2.799999999999999822, -1.083471845651426069, -0.02867101149142828320 ) ) ;
#2707 = LINE ( 'NONE', #3797, #7895 ) ;
#2708 = UNCERTAINTY_MEASURE_WITH_UNIT (LENGTH_MEASURE( 1.000000000000000082E-05 ), #7947, 'distance_accuracy_value', 'NONE');
#2709 = EDGE_CURVE ( 'NONE', #8161, #410, #6566, .T. ) ;
#2710 = DIRECTION ( 'NONE',  ( -1.000000000000000000, -2.947812203982775368E-15, -1.294569758191750200E-16 ) ) ;
#2711 = DIRECTION ( 'NONE',  ( -1.000000000000000000, 0.0000000000000000000, 3.614007241618348771E-16 ) ) ;
#2712 = ORIENTED_EDGE ( 'NONE', *, *, #2448, .T. ) ;
#2713 = CARTESIAN_POINT ( 'NONE',  ( 0.1378517194982400718, -0.02791944546562483837, -0.02867101149142507743 ) ) ;
#2714 =( NAMED_UNIT ( * ) PLANE_ANGLE_UNIT ( ) SI_UNIT ( $, .RADIAN. ) );
#2715 = PLANE ( 'NONE',  #8191 ) ;
#2716 = CARTESIAN_POINT ( 'NONE',  ( -0.1573145613421085831, -0.01084047444504729341, -0.02867101149142507743 ) ) ;
#2717 = ORIENTED_EDGE ( 'NONE', *, *, #7148, .F. ) ;
#2718 = PRESENTATION_STYLE_ASSIGNMENT (( #3659 ) ) ;
#2719 = SURFACE_STYLE_FILL_AREA ( #3339 ) ;
#2720 = CARTESIAN_POINT ( 'NONE',  ( 2.799999999999999822, -1.083471845651426291, 0.02132898850857171957 ) ) ;
#2721 =( NAMED_UNIT ( * ) PLANE_ANGLE_UNIT ( ) SI_UNIT ( $, .RADIAN. ) );
#2722 = DIRECTION ( 'NONE',  ( -0.0000000000000000000, 3.491481338843133355E-15, -1.000000000000000000 ) ) ;
#2723 = EDGE_CURVE ( 'NONE', #8377, #7103, #3979, .T. ) ;
#2724 =( NAMED_UNIT ( * ) PLANE_ANGLE_UNIT ( ) SI_UNIT ( $, .RADIAN. ) );
#2725 = STYLED_ITEM ( 'NONE', ( #4358 ), #7872 ) ;
#2726 = DIRECTION ( 'NONE',  ( 0.0000000000000000000, 1.000000000000000000, 3.491481338843133355E-15 ) ) ;
#2727 = DIRECTION ( 'NONE',  ( -1.084202172485504631E-15, -3.491481338843133750E-15, 1.000000000000000000 ) ) ;
#2728 = ORIENTED_EDGE ( 'NONE', *, *, #6953, .T. ) ;
#2729 = SURFACE_STYLE_USAGE ( .BOTH. , #4791 ) ;
#2730 = VECTOR ( 'NONE', #8558, 1000.000000000000000 ) ;
#2731 = PLANE ( 'NONE',  #5892 ) ;
#2732 = CARTESIAN_POINT ( 'NONE',  ( -0.05065582952024201557, -0.02190255233670856255, -0.02867101149142507743 ) ) ;
#2733 = ADVANCED_FACE ( 'NONE', ( #3264 ), #7305, .F. ) ;
#2734 = SURFACE_STYLE_FILL_AREA ( #5301 ) ;
#2735 = PRESENTATION_LAYER_ASSIGNMENT (  '', '', ( #3233 ) ) ;
#2736 = SPHERICAL_SURFACE ( 'NONE', #1263, 0.2999999999999999889 ) ;
#2737 = VERTEX_POINT ( 'NONE', #4030 ) ;
#2738 = SURFACE_SIDE_STYLE ('',( #1002 ) ) ;
#2739 =( GEOMETRIC_REPRESENTATION_CONTEXT ( 3 ) GLOBAL_UNCERTAINTY_ASSIGNED_CONTEXT ( ( #6671 ) ) GLOBAL_UNIT_ASSIGNED_CONTEXT ( ( #7898, #5164, #7814 ) ) REPRESENTATION_CONTEXT ( 'NONE', 'WORKASPACE' ) );
#2740 =( LENGTH_UNIT ( ) NAMED_UNIT ( * ) SI_UNIT ( .MILLI., .METRE. ) );
#2741 = CARTESIAN_POINT ( 'NONE',  ( 0.1353683654871594977, -0.06190754761577926119, -0.01867101149142505120 ) ) ;
#2742 = CARTESIAN_POINT ( 'NONE',  ( -1.449999999999999956, -0.1834718456514240481, -0.5286710114914245917 ) ) ;
#2743 = UNCERTAINTY_MEASURE_WITH_UNIT (LENGTH_MEASURE( 1.000000000000000082E-05 ), #7036, 'distance_accuracy_value', 'NONE');
#2744 = CARTESIAN_POINT ( 'NONE',  ( 0.09973164025101291519, -0.009662996671331131396, -0.01867101149142539468 ) ) ;
#2745 = CARTESIAN_POINT ( 'NONE',  ( 0.09156800734651385221, -0.02096818176992434890, -0.01867101149142505120 ) ) ;
#2746 = ORIENTED_EDGE ( 'NONE', *, *, #713, .F. ) ;
#2747 = ORIENTED_EDGE ( 'NONE', *, *, #2180, .F. ) ;
#2748 = LINE ( 'NONE', #5941, #4308 ) ;
#2749 = MECHANICAL_DESIGN_GEOMETRIC_PRESENTATION_REPRESENTATION (  '', ( #7918 ), #2044 ) ;
#2750 = STYLED_ITEM ( 'NONE', ( #5835 ), #7120 ) ;
#2751 = CARTESIAN_POINT ( 'NONE',  ( 0.09295998837268326653, -0.1007164652753200496, -0.02867101149142507743 ) ) ;
#2752 = SURFACE_STYLE_USAGE ( .BOTH. , #8045 ) ;
#2753 = COLOUR_RGB ( '',0.7764705882352941346, 0.7568627450980391913, 0.7372549019607843590 ) ;
#2754 = ORIENTED_EDGE ( 'NONE', *, *, #6985, .F. ) ;
#2755 = UNCERTAINTY_MEASURE_WITH_UNIT (LENGTH_MEASURE( 1.000000000000000082E-05 ), #3401, 'distance_accuracy_value', 'NONE');
#2756 =( LENGTH_UNIT ( ) NAMED_UNIT ( * ) SI_UNIT ( .MILLI., .METRE. ) );
#2757 = VECTOR ( 'NONE', #4520, 1000.000000000000000 ) ;
#2758 = SURFACE_STYLE_USAGE ( .BOTH. , #7418 ) ;
#2759 = CARTESIAN_POINT ( 'NONE',  ( 0.1005608002701419562, -0.1120441862591302490, -0.02867101149142507743 ) ) ;
#2760 = ORIENTED_EDGE ( 'NONE', *, *, #3135, .F. ) ;
#2761 = EDGE_CURVE ( 'NONE', #456, #1700, #6797, .T. ) ;
#2762 = FILL_AREA_STYLE_COLOUR ( '', #677 ) ;
#2763 = AXIS2_PLACEMENT_3D ( 'NONE', #6506, #7184, #7799 ) ;
#2764 = CARTESIAN_POINT ( 'NONE',  ( 1.399999999999999689, -2.213471845651434844, 2.546328988508567370 ) ) ;
#2765 = FACE_OUTER_BOUND ( 'NONE', #6601, .T. ) ;
#2766 = ORIENTED_EDGE ( 'NONE', *, *, #3662, .F. ) ;
#2767 = CARTESIAN_POINT ( 'NONE',  ( 2.977468617224194869, -1.383471845651430110, 1.147744543511576509 ) ) ;
#2768 = ORIENTED_EDGE ( 'NONE', *, *, #463, .T. ) ;
#2769 = CARTESIAN_POINT ( 'NONE',  ( -1.500000000000000222, -1.083471845651434950, 2.546328988508571367 ) ) ;
#2770 = ORIENTED_EDGE ( 'NONE', *, *, #8587, .T. ) ;
#2771 = ORIENTED_EDGE ( 'NONE', *, *, #2723, .T. ) ;
#2772 = CARTESIAN_POINT ( 'NONE',  ( 0.1486536774032898300, -0.05697389230473478422, -0.01867101149142582836 ) ) ;
#2773 = DIRECTION ( 'NONE',  ( 0.0000000000000000000, 3.491481338843133355E-15, -1.000000000000000000 ) ) ;
#2774 = EDGE_CURVE ( 'NONE', #1944, #7226, #1235, .T. ) ;
#2775 = AXIS2_PLACEMENT_3D ( 'NONE', #773, #6027, #5303 ) ;
#2776 = EDGE_CURVE ( 'NONE', #1140, #984, #3472, .T. ) ;
#2777 = CARTESIAN_POINT ( 'NONE',  ( -0.09793258815309854870, -0.07057632915885461711, -0.01867101149142505120 ) ) ;
#2778 = ADVANCED_FACE ( 'NONE', ( #8574 ), #4664, .F. ) ;
#2779 = VERTEX_POINT ( 'NONE', #685 ) ;
#2780 = VERTEX_POINT ( 'NONE', #6003 ) ;
#2781 =( NAMED_UNIT ( * ) SI_UNIT ( $, .STERADIAN. ) SOLID_ANGLE_UNIT ( ) );
#2782 = ORIENTED_EDGE ( 'NONE', *, *, #8110, .T. ) ;
#2783 = DIRECTION ( 'NONE',  ( 0.0000000000000000000, 1.000000000000000000, 3.491481338843133355E-15 ) ) ;
#2784 = CARTESIAN_POINT ( 'NONE',  ( 0.08557160931307312979, -0.02216795948333026567, -0.02867101149142507743 ) ) ;
#2785 = LINE ( 'NONE', #6981, #1454 ) ;
#2786 = DIRECTION ( 'NONE',  ( 0.0000000000000000000, 3.491481338843133355E-15, -1.000000000000000000 ) ) ;
#2787 = CARTESIAN_POINT ( 'NONE',  ( 0.09403409270932476527, -0.1116958409842685324, -0.02867101149142507743 ) ) ;
#2788 = ORIENTED_EDGE ( 'NONE', *, *, #8187, .T. ) ;
#2789 = CARTESIAN_POINT ( 'NONE',  ( -0.08125424498057297329, -0.03984711540559217335, -0.02867101149142507743 ) ) ;
#2790 = CARTESIAN_POINT ( 'NONE',  ( 0.1340652882662969614, -0.07433372249660463726, -0.01867101149142505120 ) ) ;
#2791 = SURFACE_STYLE_FILL_AREA ( #5170 ) ;
#2792 = CARTESIAN_POINT ( 'NONE',  ( -0.09873825365979468915, -0.05777008316759841416, -0.02867101149142507743 ) ) ;
#2793 = ORIENTED_EDGE ( 'NONE', *, *, #2891, .T. ) ;
#2794 = ORIENTED_EDGE ( 'NONE', *, *, #5004, .T. ) ;
#2795 = DIRECTION ( 'NONE',  ( -1.000000000000000000, 0.0000000000000000000, 0.0000000000000000000 ) ) ;
#2796 = PRESENTATION_LAYER_ASSIGNMENT (  '', '', ( #8456 ) ) ;
#2797 = CARTESIAN_POINT ( 'NONE',  ( 0.1344832986877904091, -0.02414479520486509379, -0.02867101149142507743 ) ) ;
#2798 = AXIS2_PLACEMENT_3D ( 'NONE', #4507, #7859, #1959 ) ;
#2799 = DIRECTION ( 'NONE',  ( 0.0000000000000000000, -1.000000000000000000, -3.491481338843133355E-15 ) ) ;
#2800 = VECTOR ( 'NONE', #4594, 1000.000000000000000 ) ;
#2801 = VERTEX_POINT ( 'NONE', #1969 ) ;
#2802 = COLOUR_RGB ( '',1.000000000000000000, 1.000000000000000000, 1.000000000000000000 ) ;
#2803 = CARTESIAN_POINT ( 'NONE',  ( 0.006100072804232863251, -0.05474291346943765957, -0.02867101149142507743 ) ) ;
#2804 = FILL_AREA_STYLE ('',( #6690 ) ) ;
#2805 = CARTESIAN_POINT ( 'NONE',  ( -6.426361967823172453E-16, -1.283471845651426690, 0.1713289885085702569 ) ) ;
#2806 = CARTESIAN_POINT ( 'NONE',  ( -0.07599567996070623332, -0.01820603830979240084, -0.01867101149142505120 ) ) ;
#2807 = EDGE_CURVE ( 'NONE', #6804, #978, #4004, .T. ) ;
#2808 = DIRECTION ( 'NONE',  ( 0.0000000000000000000, -1.000000000000000000, -3.491481338843133355E-15 ) ) ;
#2809 =( GEOMETRIC_REPRESENTATION_CONTEXT ( 3 ) GLOBAL_UNCERTAINTY_ASSIGNED_CONTEXT ( ( #4670 ) ) GLOBAL_UNIT_ASSIGNED_CONTEXT ( ( #4575, #5305, #3945 ) ) REPRESENTATION_CONTEXT ( 'NONE', 'WORKASPACE' ) );
#2810 = VERTEX_POINT ( 'NONE', #2702 ) ;
#2811 = UNCERTAINTY_MEASURE_WITH_UNIT (LENGTH_MEASURE( 1.000000000000000082E-05 ), #6592, 'distance_accuracy_value', 'NONE');
#2812 = VECTOR ( 'NONE', #7775, 1000.000000000000000 ) ;
#2813 = VECTOR ( 'NONE', #5725, 1000.000000000000000 ) ;
#2814 = DIRECTION ( 'NONE',  ( 0.0000000000000000000, -1.000000000000000000, -3.491481338843133355E-15 ) ) ;
#2815 = CARTESIAN_POINT ( 'NONE',  ( 0.1231361952221499273, -0.09299731286558873822, -0.01867101149142505120 ) ) ;
#2816 = ADVANCED_FACE ( 'NONE', ( #7109 ), #6571, .F. ) ;
#2817 = B_SPLINE_CURVE_WITH_KNOTS ( 'NONE', 3,
 ( #5659, #4408, #5080, #1716, #1797, #7077, #2371, #319, #8291, #3025, #4978, #5635, #7678, #8339, #4352, #380, #5688, #1746, #2475 ),
 .UNSPECIFIED., .F., .F.,
 ( 4, 1, 1, 1, 1, 1, 1, 1, 1, 1, 1, 1, 1, 1, 1, 1, 4 ),
 ( 0.0000000000000000000, 0.06783841660733067047, 0.1326656434087699621, 0.1950657447946818612, 0.2555234309514927693, 0.3148483309060611801, 0.3734407740129910280, 0.4325871886461008509, 0.4922968904792602851, 0.5525421068354920973, 0.6123884543503396172, 0.6724902392689825481, 0.7338180907090222638, 0.7965787412736499151, 0.8614392432807707056, 0.9291935480847505202, 1.000000000000000000 ),
 .UNSPECIFIED. ) ;
#2818 = CARTESIAN_POINT ( 'NONE',  ( -2.375000000000001332, 1.476528154348573763, -0.02867101149141900590 ) ) ;
#2819 = EDGE_CURVE ( 'NONE', #1757, #4374, #7431, .T. ) ;
#2820 = SURFACE_STYLE_FILL_AREA ( #3730 ) ;
#2821 = PLANE ( 'NONE',  #5972 ) ;
#2822 = CARTESIAN_POINT ( 'NONE',  ( -0.05194982235448247776, -0.01096174392138226511, -0.02867101149142507743 ) ) ;
#2823 = STYLED_ITEM ( 'NONE', ( #5308 ), #3900 ) ;
#2824 = DIRECTION ( 'NONE',  ( 0.0000000000000000000, 3.491481338843133355E-15, -1.000000000000000000 ) ) ;
#2825 = FACE_OUTER_BOUND ( 'NONE', #7770, .T. ) ;
#2826 = EDGE_LOOP ( 'NONE', ( #6712, #3069, #6450, #5575 ) ) ;
#2827 = SURFACE_STYLE_FILL_AREA ( #2167 ) ;
#2828 = LINE ( 'NONE', #7273, #7398 ) ;
#2829 = DIRECTION ( 'NONE',  ( -0.0000000000000000000, -1.000000000000000000, -3.491481338843133355E-15 ) ) ;
#2830 = SURFACE_STYLE_FILL_AREA ( #32 ) ;
#2831 = ORIENTED_EDGE ( 'NONE', *, *, #2834, .T. ) ;
#2832 = DIRECTION ( 'NONE',  ( 1.000000000000000000, 0.0000000000000000000, -0.0000000000000000000 ) ) ;
#2833 = CARTESIAN_POINT ( 'NONE',  ( -3.149999999999996803, 1.186528154348571285, 0.7213289885085804043 ) ) ;
#2834 = EDGE_CURVE ( 'NONE', #328, #2671, #8175, .T. ) ;
#2835 =( GEOMETRIC_REPRESENTATION_CONTEXT ( 3 ) GLOBAL_UNCERTAINTY_ASSIGNED_CONTEXT ( ( #7743 ) ) GLOBAL_UNIT_ASSIGNED_CONTEXT ( ( #7473, #947, #853 ) ) REPRESENTATION_CONTEXT ( 'NONE', 'WORKASPACE' ) );
#2836 = CARTESIAN_POINT ( 'NONE',  ( -3.850000000000000977, -0.7834718456514269125, -0.02867101149142724584 ) ) ;
#2837 = AXIS2_PLACEMENT_3D ( 'NONE', #1770, #3710, #1656 ) ;
#2838 = FILL_AREA_STYLE ('',( #6910 ) ) ;
#2839 =( NAMED_UNIT ( * ) SI_UNIT ( $, .STERADIAN. ) SOLID_ANGLE_UNIT ( ) );
#2840 = ORIENTED_EDGE ( 'NONE', *, *, #6078, .F. ) ;
#2841 = FILL_AREA_STYLE ('',( #4915 ) ) ;
#2842 = ORIENTED_EDGE ( 'NONE', *, *, #8172, .T. ) ;
#2843 = CARTESIAN_POINT ( 'NONE',  ( 1.449999999999999734, -0.1834718456514234097, -0.8286710114914259684 ) ) ;
#2844 = DIRECTION ( 'NONE',  ( -1.355252715606880543E-16, -3.491481338843133355E-15, 1.000000000000000000 ) ) ;
#2845 = COLOUR_RGB ( '',1.000000000000000000, 1.000000000000000000, 1.000000000000000000 ) ;
#2846 = MECHANICAL_DESIGN_GEOMETRIC_PRESENTATION_REPRESENTATION (  '', ( #175 ), #7902 ) ;
#2847 = DIRECTION ( 'NONE',  ( -1.000000000000000000, -0.0000000000000000000, 0.0000000000000000000 ) ) ;
#2848 =( NAMED_UNIT ( * ) PLANE_ANGLE_UNIT ( ) SI_UNIT ( $, .RADIAN. ) );
#2849 = COLOUR_RGB ( '',1.000000000000000000, 1.000000000000000000, 1.000000000000000000 ) ;
#2850 = DIRECTION ( 'NONE',  ( -2.891205793294678326E-16, -3.491481338843133355E-15, 1.000000000000000000 ) ) ;
#2851 = UNCERTAINTY_MEASURE_WITH_UNIT (LENGTH_MEASURE( 1.000000000000000082E-05 ), #2934, 'distance_accuracy_value', 'NONE');
#2852 = MECHANICAL_DESIGN_GEOMETRIC_PRESENTATION_REPRESENTATION (  '', ( #6123 ), #7460 ) ;
#2853 = ORIENTED_EDGE ( 'NONE', *, *, #7105, .F. ) ;
#2854 = SURFACE_STYLE_FILL_AREA ( #6796 ) ;
#2855 = ORIENTED_EDGE ( 'NONE', *, *, #7729, .T. ) ;
#2856 = ORIENTED_EDGE ( 'NONE', *, *, #4488, .T. ) ;
#2857 = PLANE ( 'NONE',  #5071 ) ;
#2858 = DIRECTION ( 'NONE',  ( 0.0000000000000000000, -3.491481338843133355E-15, 1.000000000000000000 ) ) ;
#2859 = EDGE_CURVE ( 'NONE', #4312, #4307, #3656, .T. ) ;
#2860 = FACE_OUTER_BOUND ( 'NONE', #3863, .T. ) ;
#2861 = ADVANCED_FACE ( 'NONE', ( #3691 ), #2138, .T. ) ;
#2862 = STYLED_ITEM ( 'NONE', ( #2963 ), #2560 ) ;
#2863 = VERTEX_POINT ( 'NONE', #3485 ) ;
#2864 = PLANE ( 'NONE',  #5329 ) ;
#2865 = SURFACE_SIDE_STYLE ('',( #8053 ) ) ;
#2866 = CARTESIAN_POINT ( 'NONE',  ( 0.08266386215758098066, -0.02305725956629851511, -0.02867101149142507743 ) ) ;
#2867 = DIRECTION ( 'NONE',  ( -0.0000000000000000000, -1.000000000000000000, -3.491481338843133355E-15 ) ) ;
#2868 = DIRECTION ( 'NONE',  ( 0.0000000000000000000, -3.491481338843133355E-15, 1.000000000000000000 ) ) ;
#2869 = FACE_OUTER_BOUND ( 'NONE', #2472, .T. ) ;
#2870 =( NAMED_UNIT ( * ) PLANE_ANGLE_UNIT ( ) SI_UNIT ( $, .RADIAN. ) );
#2871 = PRESENTATION_STYLE_ASSIGNMENT (( #4735 ) ) ;
#2872 = VERTEX_POINT ( 'NONE', #6093 ) ;
#2873 = ORIENTED_EDGE ( 'NONE', *, *, #653, .T. ) ;
#2874 = CARTESIAN_POINT ( 'NONE',  ( -3.849999999999999645, -1.283471845651436682, -0.02867101149142898056 ) ) ;
#2875 = EDGE_CURVE ( 'NONE', #3402, #8441, #52, .T. ) ;
#2876 = CARTESIAN_POINT ( 'NONE',  ( -0.09865902558768538388, -0.06517415170928801682, -0.02867101149142507743 ) ) ;
#2877 = EDGE_LOOP ( 'NONE', ( #4262, #7542, #4427, #5248 ) ) ;
#2878 = STYLED_ITEM ( 'NONE', ( #1293 ), #3460 ) ;
#2879 = CARTESIAN_POINT ( 'NONE',  ( -0.08125424498057297329, -0.03984711540559238846, -0.01867101149142505120 ) ) ;
#2880 = CARTESIAN_POINT ( 'NONE',  ( 0.1000596764627694757, -0.1010843768840718887, -0.01867101149142505120 ) ) ;
#2881 = ORIENTED_EDGE ( 'NONE', *, *, #2018, .T. ) ;
#2882 = VECTOR ( 'NONE', #1665, 1000.000000000000000 ) ;
#2883 = CARTESIAN_POINT ( 'NONE',  ( -0.1490518916392067073, -0.02860974612264193667, -0.01867101149142505120 ) ) ;
#2884 = SURFACE_SIDE_STYLE ('',( #6449 ) ) ;
#2885 = VERTEX_POINT ( 'NONE', #3431 ) ;
#2886 = CARTESIAN_POINT ( 'NONE',  ( 1.803784506222427808, 0.6865281543485617366, 3.521328988508577673 ) ) ;
#2887 = CARTESIAN_POINT ( 'NONE',  ( 0.1573195849993548889, -0.09986486468895007518, -0.01867101149142505120 ) ) ;
#2888 = FILL_AREA_STYLE_COLOUR ( '', #492 ) ;
#2889 = MECHANICAL_DESIGN_GEOMETRIC_PRESENTATION_REPRESENTATION (  '', ( #3819 ), #378 ) ;
#2890 = ORIENTED_EDGE ( 'NONE', *, *, #4695, .F. ) ;
#2891 = EDGE_CURVE ( 'NONE', #7090, #8354, #7383, .T. ) ;
#2892 = MECHANICAL_DESIGN_GEOMETRIC_PRESENTATION_REPRESENTATION (  '', ( #2725 ), #44 ) ;
#2893 = VECTOR ( 'NONE', #6627, 1000.000000000000000 ) ;
#2894 = CARTESIAN_POINT ( 'NONE',  ( 0.003661048413988954309, -0.01084047444504729341, -0.02867101149142507743 ) ) ;
#2895 = DIRECTION ( 'NONE',  ( 0.0000000000000000000, -3.491481338843133355E-15, 1.000000000000000000 ) ) ;
#2896 = SURFACE_STYLE_USAGE ( .BOTH. , #2242 ) ;
#2897 = CARTESIAN_POINT ( 'NONE',  ( -0.07224715050297149388, -0.09185622900339802943, -0.02867101149142507743 ) ) ;
#2898 = ORIENTED_EDGE ( 'NONE', *, *, #1730, .T. ) ;
#2899 = PLANE ( 'NONE',  #671 ) ;
#2900 = SURFACE_STYLE_FILL_AREA ( #596 ) ;
#2901 =( LENGTH_UNIT ( ) NAMED_UNIT ( * ) SI_UNIT ( .MILLI., .METRE. ) );
#2902 = SURFACE_SIDE_STYLE ('',( #1384 ) ) ;
#2903 = MECHANICAL_DESIGN_GEOMETRIC_PRESENTATION_REPRESENTATION (  '', ( #669 ), #2195 ) ;
#2904 =( NAMED_UNIT ( * ) SI_UNIT ( $, .STERADIAN. ) SOLID_ANGLE_UNIT ( ) );
#2905 = VECTOR ( 'NONE', #8240, 1000.000000000000000 ) ;
#2906 = CARTESIAN_POINT ( 'NONE',  ( -0.08393007814851027870, -0.09690710295282840836, -0.01867101149142528019 ) ) ;
#2907 = STYLED_ITEM ( 'NONE', ( #2375 ), #5518 ) ;
#2908 = ORIENTED_EDGE ( 'NONE', *, *, #1088, .T. ) ;
#2909 = CARTESIAN_POINT ( 'NONE',  ( -0.1485683723177183002, -0.03004779151821803176, -0.01867101149142505120 ) ) ;
#2910 = VECTOR ( 'NONE', #5909, 1000.000000000000000 ) ;
#2911 = CARTESIAN_POINT ( 'NONE',  ( 2.600000000000000977, 0.6865281543485673987, 1.839362977258472753 ) ) ;
#2912 = CARTESIAN_POINT ( 'NONE',  ( 2.549999999999999822, -1.083471845651426513, 0.1713289885085715336 ) ) ;
#2913 = SURFACE_STYLE_USAGE ( .BOTH. , #2340 ) ;
#2914 = COLOUR_RGB ( '',1.000000000000000000, 1.000000000000000000, 1.000000000000000000 ) ;
#2915 = CARTESIAN_POINT ( 'NONE',  ( 0.1295362304171099599, -0.03782321457342259496, -0.01867101149142505120 ) ) ;
#2916 = CARTESIAN_POINT ( 'NONE',  ( -3.450000000000000178, -1.083471845651427623, 0.4963289885085717668 ) ) ;
#2917 = ORIENTED_EDGE ( 'NONE', *, *, #1821, .T. ) ;
#2918 = PRESENTATION_STYLE_ASSIGNMENT (( #5380 ) ) ;
#2919 = MECHANICAL_DESIGN_GEOMETRIC_PRESENTATION_REPRESENTATION (  '', ( #7526 ), #519 ) ;
#2920 = DIRECTION ( 'NONE',  ( 0.0000000000000000000, -1.000000000000000000, -3.491481338843133355E-15 ) ) ;
#2921 = FILL_AREA_STYLE_COLOUR ( '', #7029 ) ;
#2922 = LINE ( 'NONE', #5195, #8523 ) ;
#2923 = DIRECTION ( 'NONE',  ( 1.000000000000000000, 2.891205793294673889E-15, 8.673617379884164648E-16 ) ) ;
#2924 = LINE ( 'NONE', #7994, #5615 ) ;
#2925 = SURFACE_SIDE_STYLE ('',( #4450 ) ) ;
#2926 = CARTESIAN_POINT ( 'NONE',  ( 0.1316251675013209166, -0.08151615231142150808, -0.02867101149142507743 ) ) ;
#2927 = EDGE_CURVE ( 'NONE', #6909, #7893, #6156, .T. ) ;
#2928 = CARTESIAN_POINT ( 'NONE',  ( -2.375000000000001332, 0.6865281543485735050, 0.1713289885085784725 ) ) ;
#2929 = STYLED_ITEM ( 'NONE', ( #1520 ), #2684 ) ;
#2930 = SURFACE_SIDE_STYLE ('',( #6646 ) ) ;
#2931 = CARTESIAN_POINT ( 'NONE',  ( 3.849999999999999645, -0.9834718456514283114, 0.4713289885085719111 ) ) ;
#2932 = CARTESIAN_POINT ( 'NONE',  ( 2.948179295342848949, -1.383471845651435439, 2.681321192064204606 ) ) ;
#2933 = VECTOR ( 'NONE', #2347, 1000.000000000000114 ) ;
#2934 =( LENGTH_UNIT ( ) NAMED_UNIT ( * ) SI_UNIT ( .MILLI., .METRE. ) );
#2935 = ORIENTED_EDGE ( 'NONE', *, *, #7414, .F. ) ;
#2936 = FACE_OUTER_BOUND ( 'NONE', #40, .T. ) ;
#2937 = B_SPLINE_CURVE_WITH_KNOTS ( 'NONE', 3,
 ( #8271, #2273, #970, #5561, #944, #5612, #2239 ),
 .UNSPECIFIED., .F., .F.,
 ( 4, 1, 1, 1, 4 ),
 ( 0.0000000000000000000, 0.3005748677701881033, 0.5683474126119796299, 0.8000111549537606281, 1.000000000000000000 ),
 .UNSPECIFIED. ) ;
#2938 = ORIENTED_EDGE ( 'NONE', *, *, #4151, .F. ) ;
#2939 = SURFACE_SIDE_STYLE ('',( #126 ) ) ;
#2940 = COLOUR_RGB ( '',0.7764705882352941346, 0.7568627450980391913, 0.7372549019607843590 ) ;
#2941 = STYLED_ITEM ( 'NONE', ( #3855 ), #4220 ) ;
#2942 = CARTESIAN_POINT ( 'NONE',  ( 0.1328271481906107276, -0.04490709251754382292, -0.01867101149142505120 ) ) ;
#2943 = CARTESIAN_POINT ( 'NONE',  ( -0.03170480524454762777, -0.02181608420114499597, -0.02867101149142507743 ) ) ;
#2944 = CARTESIAN_POINT ( 'NONE',  ( -3.500000000000000888, -1.083471845651435617, 2.796076259633627714 ) ) ;
#2945 = ORIENTED_EDGE ( 'NONE', *, *, #4112, .T. ) ;
#2946 = CARTESIAN_POINT ( 'NONE',  ( 0.1307751191004726254, -0.02075252065234715892, -0.02867101149142507743 ) ) ;
#2947 = EDGE_LOOP ( 'NONE', ( #1962, #2382, #2639, #1854, #8088, #2337, #5296, #8373, #5367, #69 ) ) ;
#2948 = CYLINDRICAL_SURFACE ( 'NONE', #6973, 0.09999999999999982514 ) ;
#2949 = ORIENTED_EDGE ( 'NONE', *, *, #5589, .T. ) ;
#2950 = ADVANCED_FACE ( 'NONE', ( #3494 ), #893, .F. ) ;
#2951 = DIRECTION ( 'NONE',  ( -1.000000000000000000, -0.0000000000000000000, 0.0000000000000000000 ) ) ;
#2952 = DIRECTION ( 'NONE',  ( 0.0000000000000000000, -1.000000000000000000, -3.491481338843133355E-15 ) ) ;
#2953 = CARTESIAN_POINT ( 'NONE',  ( 0.1573195849993548334, -0.1108404744450473406, -0.02867101149142507743 ) ) ;
#2954 = CARTESIAN_POINT ( 'NONE',  ( -1.499999999999999778, -2.313471845651430048, 1.146328988508567459 ) ) ;
#2955 =( NAMED_UNIT ( * ) SI_UNIT ( $, .STERADIAN. ) SOLID_ANGLE_UNIT ( ) );
#2956 = EDGE_CURVE ( 'NONE', #3394, #8161, #4622, .T. ) ;
#2957 = PRESENTATION_LAYER_ASSIGNMENT (  '', '', ( #440 ) ) ;
#2958 = FACE_OUTER_BOUND ( 'NONE', #7956, .T. ) ;
#2959 = EDGE_LOOP ( 'NONE', ( #3899, #8260, #7150, #2945, #8306, #4950 ) ) ;
#2960 = CARTESIAN_POINT ( 'NONE',  ( -3.475000000000000089, -1.083471845651427623, 0.4963289885085717668 ) ) ;
#2961 = STYLED_ITEM ( 'NONE', ( #6518 ), #5202 ) ;
#2962 = EDGE_LOOP ( 'NONE', ( #2365, #4666, #5490, #4319 ) ) ;
#2963 = PRESENTATION_STYLE_ASSIGNMENT (( #1159 ) ) ;
#2964 = ORIENTED_EDGE ( 'NONE', *, *, #1205, .F. ) ;
#2965 = CARTESIAN_POINT ( 'NONE',  ( 2.119229230821808141, -1.383471845651435661, 2.710610513945550526 ) ) ;
#2966 = DIRECTION ( 'NONE',  ( 4.336808689942020694E-16, -1.000000000000000000, -3.491481338843133750E-15 ) ) ;
#2967 = CARTESIAN_POINT ( 'NONE',  ( -3.550000000000001155, -0.9834718456514278673, 0.4713289885085719111 ) ) ;
#2968 =( GEOMETRIC_REPRESENTATION_CONTEXT ( 3 ) GLOBAL_UNCERTAINTY_ASSIGNED_CONTEXT ( ( #4781 ) ) GLOBAL_UNIT_ASSIGNED_CONTEXT ( ( #3420, #3959, #8604 ) ) REPRESENTATION_CONTEXT ( 'NONE', 'WORKASPACE' ) );
#2969 = CARTESIAN_POINT ( 'NONE',  ( -0.04548148207381592228, -0.1108404744450473406, -0.02867101149142507743 ) ) ;
#2970 = DIRECTION ( 'NONE',  ( -1.000000000000000000, -8.926864933501709942E-31, 2.556755734074619058E-16 ) ) ;
#2971 = MECHANICAL_DESIGN_GEOMETRIC_PRESENTATION_REPRESENTATION (  '', ( #8035 ), #1493 ) ;
#2972 = CARTESIAN_POINT ( 'NONE',  ( 0.1347904273447740608, -0.05296168242411767452, -0.01867101149142505120 ) ) ;
#2973 = VECTOR ( 'NONE', #7510, 1000.000000000000000 ) ;
#2974 = EDGE_LOOP ( 'NONE', ( #3015, #2770, #5361, #6117 ) ) ;
#2975 = SURFACE_STYLE_USAGE ( .BOTH. , #4900 ) ;
#2976 = EDGE_CURVE ( 'NONE', #4601, #3273, #7747, .T. ) ;
#2977 = SURFACE_SIDE_STYLE ('',( #2576 ) ) ;
#2978 = ORIENTED_EDGE ( 'NONE', *, *, #2979, .T. ) ;
#2979 = EDGE_CURVE ( 'NONE', #4148, #447, #4614, .T. ) ;
#2980 = SURFACE_STYLE_FILL_AREA ( #65 ) ;
#2981 = EDGE_LOOP ( 'NONE', ( #8105, #931, #7795, #8379 ) ) ;
#2982 =( NAMED_UNIT ( * ) SI_UNIT ( $, .STERADIAN. ) SOLID_ANGLE_UNIT ( ) );
#2983 =( LENGTH_UNIT ( ) NAMED_UNIT ( * ) SI_UNIT ( .MILLI., .METRE. ) );
#2984 = ORIENTED_EDGE ( 'NONE', *, *, #7629, .F. ) ;
#2985 = CARTESIAN_POINT ( 'NONE',  ( 0.1013443497691281781, -0.1010512763560587057, -0.02867101149142507743 ) ) ;
#2986 = DIRECTION ( 'NONE',  ( -0.0000000000000000000, 1.000000000000000000, 3.491481338843133355E-15 ) ) ;
#2987 = DIRECTION ( 'NONE',  ( 0.0000000000000000000, 4.336808689942017736E-15, -1.000000000000000000 ) ) ;
#2988 = ORIENTED_EDGE ( 'NONE', *, *, #6722, .T. ) ;
#2989 =( LENGTH_UNIT ( ) NAMED_UNIT ( * ) SI_UNIT ( .MILLI., .METRE. ) );
#2990 = EDGE_CURVE ( 'NONE', #2431, #7605, #2548, .T. ) ;
#2991 = ORIENTED_EDGE ( 'NONE', *, *, #7311, .T. ) ;
#2992 = SURFACE_STYLE_FILL_AREA ( #5775 ) ;
#2993 = PRESENTATION_LAYER_ASSIGNMENT (  '', '', ( #4590 ) ) ;
#2994 = COLOUR_RGB ( '',0.7764705882352941346, 0.7568627450980391913, 0.7372549019607843590 ) ;
#2995 = CARTESIAN_POINT ( 'NONE',  ( -0.1487214630836126983, -0.02959248092106983585, -0.02867101149142507743 ) ) ;
#2996 = ADVANCED_FACE ( 'NONE', ( #8462 ), #7543, .F. ) ;
#2997 = SURFACE_STYLE_USAGE ( .BOTH. , #6302 ) ;
#2998 = DIRECTION ( 'NONE',  ( 0.0000000000000000000, 1.000000000000000000, 3.491481338843133355E-15 ) ) ;
#2999 = FACE_OUTER_BOUND ( 'NONE', #6379, .T. ) ;
#3000 = ORIENTED_EDGE ( 'NONE', *, *, #751, .F. ) ;
#3001 = COLOUR_RGB ( '',0.7764705882352941346, 0.7568627450980391913, 0.7372549019607843590 ) ;
#3002 = DIRECTION ( 'NONE',  ( 1.000000000000000000, 0.0000000000000000000, 0.0000000000000000000 ) ) ;
#3003 = LINE ( 'NONE', #553, #6107 ) ;
#3004 = ORIENTED_EDGE ( 'NONE', *, *, #3998, .T. ) ;
#3005 = EDGE_CURVE ( 'NONE', #5229, #2066, #2359, .T. ) ;
#3006 = DIRECTION ( 'NONE',  ( 1.000000000000000000, 0.0000000000000000000, 0.0000000000000000000 ) ) ;
#3007 = AXIS2_PLACEMENT_3D ( 'NONE', #7264, #7374, #2065 ) ;
#3008 = VERTEX_POINT ( 'NONE', #1707 ) ;
#3009 = PRESENTATION_STYLE_ASSIGNMENT (( #6864 ) ) ;
#3010 = CARTESIAN_POINT ( 'NONE',  ( 1.803784506222427808, 1.186528154348561737, 3.521328988508579450 ) ) ;
#3011 = PLANE ( 'NONE',  #2324 ) ;
#3012 = CARTESIAN_POINT ( 'NONE',  ( -0.08532883971457139172, -0.06140693541712501091, -0.02867101149142507743 ) ) ;
#3013 = CARTESIAN_POINT ( 'NONE',  ( 3.149999999999995914, 1.186528154348563957, 2.921328988508579361 ) ) ;
#3014 = CARTESIAN_POINT ( 'NONE',  ( -2.549999999999999822, -0.02303559639626703154, -0.01867101149142505120 ) ) ;
#3015 = ORIENTED_EDGE ( 'NONE', *, *, #8213, .F. ) ;
#3016 = PRESENTATION_STYLE_ASSIGNMENT (( #2997 ) ) ;
#3017 = MECHANICAL_DESIGN_GEOMETRIC_PRESENTATION_REPRESENTATION (  '', ( #614 ), #8510 ) ;
#3018 = STYLED_ITEM ( 'NONE', ( #6193 ), #5988 ) ;
#3019 = VECTOR ( 'NONE', #2657, 1000.000000000000000 ) ;
#3020 = CARTESIAN_POINT ( 'NONE',  ( 3.649999999999999911, -0.7834718456514262463, -0.02867101149142724584 ) ) ;
#3021 = ORIENTED_EDGE ( 'NONE', *, *, #7753, .F. ) ;
#3022 = PRESENTATION_STYLE_ASSIGNMENT (( #8416 ) ) ;
#3023 = DIRECTION ( 'NONE',  ( 0.0000000000000000000, 1.000000000000000000, 3.491481338843133355E-15 ) ) ;
#3024 = CARTESIAN_POINT ( 'NONE',  ( 1.150000000000000133, -0.1834718456514259910, -0.02867101149142551111 ) ) ;
#3025 = CARTESIAN_POINT ( 'NONE',  ( 0.1360844012691325988, -0.09857639640505846956, -0.01867101149142505120 ) ) ;
#3026 = VECTOR ( 'NONE', #4137, 1000.000000000000000 ) ;
#3027 = STYLED_ITEM ( 'NONE', ( #6366 ), #2058 ) ;
#3028 = CARTESIAN_POINT ( 'NONE',  ( 2.699999999999999734, -1.283471845651426690, 0.1713289885085708397 ) ) ;
#3029 = SURFACE_SIDE_STYLE ('',( #465 ) ) ;
#3030 = AXIS2_PLACEMENT_3D ( 'NONE', #6847, #7443, #885 ) ;
#3031 = PRESENTATION_STYLE_ASSIGNMENT (( #803 ) ) ;
#3032 = ADVANCED_FACE ( 'NONE', ( #562 ), #311, .F. ) ;
#3033 = VECTOR ( 'NONE', #2191, 1000.000000000000000 ) ;
#3034 = DIRECTION ( 'NONE',  ( 0.0000000000000000000, 1.000000000000000000, 3.491481338843133355E-15 ) ) ;
#3035 = CARTESIAN_POINT ( 'NONE',  ( 3.299999999999999378, -1.083471845651437615, 3.321328988508571278 ) ) ;
#3036 = DIRECTION ( 'NONE',  ( 4.336808689942017736E-16, -3.491481338843133355E-15, 1.000000000000000000 ) ) ;
#3037 = ORIENTED_EDGE ( 'NONE', *, *, #1001, .T. ) ;
#3038 =( LENGTH_UNIT ( ) NAMED_UNIT ( * ) SI_UNIT ( .MILLI., .METRE. ) );
#3039 = EDGE_CURVE ( 'NONE', #1414, #1757, #6701, .T. ) ;
#3040 = FACE_OUTER_BOUND ( 'NONE', #1913, .T. ) ;
#3041 = MECHANICAL_DESIGN_GEOMETRIC_PRESENTATION_REPRESENTATION (  '', ( #6708 ), #6320 ) ;
#3042 = SURFACE_SIDE_STYLE ('',( #2820 ) ) ;
#3043 = FACE_OUTER_BOUND ( 'NONE', #3984, .T. ) ;
#3044 = VERTEX_POINT ( 'NONE', #4913 ) ;
#3045 = SURFACE_SIDE_STYLE ('',( #6860 ) ) ;
#3046 = PLANE ( 'NONE',  #2837 ) ;
#3047 = LINE ( 'NONE', #1127, #7088 ) ;
#3048 = FILL_AREA_STYLE_COLOUR ( '', #2612 ) ;
#3049 = STYLED_ITEM ( 'NONE', ( #4079 ), #4172 ) ;
#3050 = ORIENTED_EDGE ( 'NONE', *, *, #3918, .T. ) ;
#3051 = EDGE_CURVE ( 'NONE', #8515, #8593, #4841, .T. ) ;
#3052 =( NAMED_UNIT ( * ) SI_UNIT ( $, .STERADIAN. ) SOLID_ANGLE_UNIT ( ) );
#3053 = ORIENTED_EDGE ( 'NONE', *, *, #5834, .T. ) ;
#3054 = AXIS2_PLACEMENT_3D ( 'NONE', #8032, #151, #2037 ) ;
#3055 = CARTESIAN_POINT ( 'NONE',  ( 1.399999999999999911, -1.083471845651430066, 1.146328988508571678 ) ) ;
#3056 = COLOUR_RGB ( '',1.000000000000000000, 1.000000000000000000, 1.000000000000000000 ) ;
#3057 = ORIENTED_EDGE ( 'NONE', *, *, #8329, .F. ) ;
#3058 = LINE ( 'NONE', #2706, #8361 ) ;
#3059 = ORIENTED_EDGE ( 'NONE', *, *, #5029, .F. ) ;
#3060 = ORIENTED_EDGE ( 'NONE', *, *, #4767, .F. ) ;
#3061 = SURFACE_STYLE_USAGE ( .BOTH. , #6342 ) ;
#3062 =( GEOMETRIC_REPRESENTATION_CONTEXT ( 3 ) GLOBAL_UNCERTAINTY_ASSIGNED_CONTEXT ( ( #2708 ) ) GLOBAL_UNIT_ASSIGNED_CONTEXT ( ( #7947, #2685, #648 ) ) REPRESENTATION_CONTEXT ( 'NONE', 'WORKASPACE' ) );
#3063 = UNCERTAINTY_MEASURE_WITH_UNIT (LENGTH_MEASURE( 1.000000000000000082E-05 ), #1608, 'distance_accuracy_value', 'NONE');
#3064 = DIRECTION ( 'NONE',  ( 0.0000000000000000000, -3.491481338843133355E-15, 1.000000000000000000 ) ) ;
#3065 = MECHANICAL_DESIGN_GEOMETRIC_PRESENTATION_REPRESENTATION (  '', ( #8255 ), #551 ) ;
#3066 = LINE ( 'NONE', #2575, #7739 ) ;
#3067 = DIRECTION ( 'NONE',  ( -1.000000000000000000, -2.891205793294683355E-15, 0.0000000000000000000 ) ) ;
#3068 = VECTOR ( 'NONE', #297, 1000.000000000000000 ) ;
#3069 = ORIENTED_EDGE ( 'NONE', *, *, #6332, .F. ) ;
#3070 = DIRECTION ( 'NONE',  ( 1.000000000000000000, 0.0000000000000000000, 0.0000000000000000000 ) ) ;
#3071 = CARTESIAN_POINT ( 'NONE',  ( -0.04590068939088910033, -0.09986486468894985313, -0.02867101149142507743 ) ) ;
#3072 = COLOUR_RGB ( '',1.000000000000000000, 1.000000000000000000, 1.000000000000000000 ) ;
#3073 = CARTESIAN_POINT ( 'NONE',  ( 3.475000000000000533, -1.083471845651427623, 0.4713289885085714670 ) ) ;
#3074 = VECTOR ( 'NONE', #3322, 1000.000000000000000 ) ;
#3075 =( GEOMETRIC_REPRESENTATION_CONTEXT ( 3 ) GLOBAL_UNCERTAINTY_ASSIGNED_CONTEXT ( ( #2099 ) ) GLOBAL_UNIT_ASSIGNED_CONTEXT ( ( #664, #1448, #4102 ) ) REPRESENTATION_CONTEXT ( 'NONE', 'WORKASPACE' ) );
#3076 = ORIENTED_EDGE ( 'NONE', *, *, #298, .T. ) ;
#3077 = MECHANICAL_DESIGN_GEOMETRIC_PRESENTATION_REPRESENTATION (  '', ( #5734 ), #2627 ) ;
#3078 = CARTESIAN_POINT ( 'NONE',  ( -0.1336484028055232032, -0.07181608420114490854, -0.02867101149142507743 ) ) ;
#3079 = PLANE ( 'NONE',  #349 ) ;
#3080 = VERTEX_POINT ( 'NONE', #5543 ) ;
#3081 = EDGE_LOOP ( 'NONE', ( #4519, #5149, #2164, #1838 ) ) ;
#3082 = CARTESIAN_POINT ( 'NONE',  ( 0.1438727488146064326, -0.08715958801036637060, -0.02867101149142507743 ) ) ;
#3083 = LINE ( 'NONE', #4901, #2882 ) ;
#3084 = VERTEX_POINT ( 'NONE', #3629 ) ;
#3085 = EDGE_CURVE ( 'NONE', #1944, #1824, #7010, .T. ) ;
#3086 = DIRECTION ( 'NONE',  ( -1.000000000000000000, -0.0000000000000000000, 0.0000000000000000000 ) ) ;
#3087 = SURFACE_STYLE_FILL_AREA ( #525 ) ;
#3088 = STYLED_ITEM ( 'NONE', ( #4949 ), #3122 ) ;
#3089 = DIRECTION ( 'NONE',  ( 5.102127870520024926E-16, -3.491481338843133355E-15, 1.000000000000000000 ) ) ;
#3090 = ORIENTED_EDGE ( 'NONE', *, *, #298, .F. ) ;
#3091 = FILL_AREA_STYLE_COLOUR ( '', #4025 ) ;
#3092 = FACE_OUTER_BOUND ( 'NONE', #5398, .T. ) ;
#3093 = VECTOR ( 'NONE', #924, 1000.000000000000000 ) ;
#3094 = PLANE ( 'NONE',  #1744 ) ;
#3095 = ORIENTED_EDGE ( 'NONE', *, *, #4642, .T. ) ;
#3096 = PLANE ( 'NONE',  #6911 ) ;
#3097 = DIRECTION ( 'NONE',  ( 0.0000000000000000000, -1.000000000000000000, -3.491481338843133355E-15 ) ) ;
#3098 =( GEOMETRIC_REPRESENTATION_CONTEXT ( 3 ) GLOBAL_UNCERTAINTY_ASSIGNED_CONTEXT ( ( #517 ) ) GLOBAL_UNIT_ASSIGNED_CONTEXT ( ( #7520, #8204, #6862 ) ) REPRESENTATION_CONTEXT ( 'NONE', 'WORKASPACE' ) );
#3099 = EDGE_LOOP ( 'NONE', ( #1322, #831, #915, #7613 ) ) ;
#3100 = FACE_OUTER_BOUND ( 'NONE', #1133, .T. ) ;
#3101 = SURFACE_SIDE_STYLE ('',( #3626 ) ) ;
#3102 = CARTESIAN_POINT ( 'NONE',  ( -0.05463035766575956298, -0.09926387317413438993, -0.02867101149142507743 ) ) ;
#3103 = LINE ( 'NONE', #2300, #3728 ) ;
#3104 = ORIENTED_EDGE ( 'NONE', *, *, #6032, .F. ) ;
#3105 =( NAMED_UNIT ( * ) PLANE_ANGLE_UNIT ( ) SI_UNIT ( $, .RADIAN. ) );
#3106 = CLOSED_SHELL ( 'NONE', ( #3300, #5119, #3862, #6546, #4172, #1213, #2645, #5680, #7872, #156, #812, #7255, #7294, #4466, #1580, #1163, #2684, #469, #2560, #2477, #371, #5946, #902, #2394, #4732, #1630, #6075, #2186, #1304, #7169, #4037, #7256, #7871, #6947, #5988, #5641, #762, #5031, #5202, #1931, #8145, #4220, #22, #1929, #3258, #1538, #2950, #3213, #4129, #6778, #3435, #1450, #3441, #3679 ) ) ;
#3107 = LINE ( 'NONE', #4417, #6224 ) ;
#3108 = SURFACE_STYLE_FILL_AREA ( #7097 ) ;
#3109 = CARTESIAN_POINT ( 'NONE',  ( 0.1070384634791412964, -0.1119449774401439085, -0.02867101149142507743 ) ) ;
#3110 = UNCERTAINTY_MEASURE_WITH_UNIT (LENGTH_MEASURE( 1.000000000000000082E-05 ), #1790, 'distance_accuracy_value', 'NONE');
#3111 = EDGE_CURVE ( 'NONE', #5477, #3084, #7845, .T. ) ;
#3112 = CIRCLE ( 'NONE', #3616, 0.04999999999999999584 ) ;
#3113 =( GEOMETRIC_REPRESENTATION_CONTEXT ( 3 ) GLOBAL_UNCERTAINTY_ASSIGNED_CONTEXT ( ( #4661 ) ) GLOBAL_UNIT_ASSIGNED_CONTEXT ( ( #5731, #4433, #7072 ) ) REPRESENTATION_CONTEXT ( 'NONE', 'WORKASPACE' ) );
#3114 = ORIENTED_EDGE ( 'NONE', *, *, #461, .F. ) ;
#3115 = VECTOR ( 'NONE', #8287, 1000.000000000000000 ) ;
#3116 = COLOUR_RGB ( '',1.000000000000000000, 1.000000000000000000, 1.000000000000000000 ) ;
#3117 = PLANE ( 'NONE',  #4980 ) ;
#3118 = CARTESIAN_POINT ( 'NONE',  ( -0.05866266272536763832, -0.09845496844593372432, -0.01867101149142505120 ) ) ;
#3119 = CARTESIAN_POINT ( 'NONE',  ( 0.1222635831905930781, -0.02911430498580791504, -0.01867101149142505120 ) ) ;
#3120 = SURFACE_STYLE_USAGE ( .BOTH. , #3210 ) ;
#3121 = STYLED_ITEM ( 'NONE', ( #5487 ), #587 ) ;
#3122 = ADVANCED_FACE ( 'NONE', ( #4409 ), #6297, .F. ) ;
#3123 = PRESENTATION_LAYER_ASSIGNMENT (  '', '', ( #1179 ) ) ;
#3124 = CARTESIAN_POINT ( 'NONE',  ( 0.1479786965297628099, -0.05140538459981230934, -0.01867101149142505120 ) ) ;
#3125 = AXIS2_PLACEMENT_3D ( 'NONE', #847, #1640, #266 ) ;
#3126 = DIRECTION ( 'NONE',  ( 0.0000000000000000000, -1.000000000000000000, -3.491481338843133355E-15 ) ) ;
#3127 = CARTESIAN_POINT ( 'NONE',  ( -2.098518552703154683, -1.333471845651429843, 1.127033865392921719 ) ) ;
#3128 = SURFACE_SIDE_STYLE ('',( #3825 ) ) ;
#3129 = ADVANCED_FACE ( 'NONE', ( #1650, #6579 ), #1936, .F. ) ;
#3130 = CARTESIAN_POINT ( 'NONE',  ( 1.399999999999999467, -2.213471845651434844, 2.546328988508567370 ) ) ;
#3131 = FACE_OUTER_BOUND ( 'NONE', #7227, .T. ) ;
#3132 =( NAMED_UNIT ( * ) PLANE_ANGLE_UNIT ( ) SI_UNIT ( $, .RADIAN. ) );
#3133 = CARTESIAN_POINT ( 'NONE',  ( 0.05488056060911099265, -0.01084047444504751025, -0.01867101149142505120 ) ) ;
#3134 = DIRECTION ( 'NONE',  ( -1.000000000000000000, 0.0000000000000000000, -0.0000000000000000000 ) ) ;
#3135 = EDGE_CURVE ( 'NONE', #1571, #572, #7953, .T. ) ;
#3136 = MECHANICAL_DESIGN_GEOMETRIC_PRESENTATION_REPRESENTATION (  '', ( #1196 ), #740 ) ;
#3137 = VERTEX_POINT ( 'NONE', #539 ) ;
#3138 = VECTOR ( 'NONE', #5912, 1000.000000000000000 ) ;
#3139 = CARTESIAN_POINT ( 'NONE',  ( -0.08532883971457139172, -0.06140693541712523296, -0.01867101149142505120 ) ) ;
#3140 = COLOUR_RGB ( '',0.7764705882352941346, 0.7568627450980391913, 0.7372549019607843590 ) ;
#3141 = EDGE_CURVE ( 'NONE', #684, #6550, #1534, .T. ) ;
#3142 = PRESENTATION_STYLE_ASSIGNMENT (( #855 ) ) ;
#3143 = VERTEX_POINT ( 'NONE', #1737 ) ;
#3144 = CARTESIAN_POINT ( 'NONE',  ( 0.1094133704916140787, -0.02207575105004212779, -0.02867101149142507743 ) ) ;
#3145 = ORIENTED_EDGE ( 'NONE', *, *, #5186, .F. ) ;
#3146 =( NAMED_UNIT ( * ) SI_UNIT ( $, .STERADIAN. ) SOLID_ANGLE_UNIT ( ) );
#3147 = MECHANICAL_DESIGN_GEOMETRIC_PRESENTATION_REPRESENTATION (  '', ( #6273 ), #6578 ) ;
#3148 = DIRECTION ( 'NONE',  ( 0.0000000000000000000, -1.000000000000000000, -3.491481338843133355E-15 ) ) ;
#3149 = CIRCLE ( 'NONE', #233, 0.04999999999999999584 ) ;
#3150 = CARTESIAN_POINT ( 'NONE',  ( 1.600000000000000977, 1.186528154348570840, 0.7213289885085795161 ) ) ;
#3151 = VECTOR ( 'NONE', #6720, 1000.000000000000000 ) ;
#3152 = EDGE_LOOP ( 'NONE', ( #7992, #4738, #2122, #6814 ) ) ;
#3153 = SURFACE_STYLE_USAGE ( .BOTH. , #4568 ) ;
#3154 = CARTESIAN_POINT ( 'NONE',  ( 0.1256678823961092095, -0.09052181339387929682, -0.01867101149142505120 ) ) ;
#3155 = DIRECTION ( 'NONE',  ( -1.000000000000000000, 1.615134571846964451E-29, -4.625929269271485322E-15 ) ) ;
#3156 = ORIENTED_EDGE ( 'NONE', *, *, #6230, .T. ) ;
#3157 = ORIENTED_EDGE ( 'NONE', *, *, #2119, .T. ) ;
#3158 = VECTOR ( 'NONE', #2399, 1000.000000000000000 ) ;
#3159 = CARTESIAN_POINT ( 'NONE',  ( -0.05194982235448247776, -0.01096174392138226511, -0.02867101149142507743 ) ) ;
#3160 = CARTESIAN_POINT ( 'NONE',  ( -0.1500556554113642860, -0.02374840160320867283, -0.01867101149142505120 ) ) ;
#3161 = DIRECTION ( 'NONE',  ( 1.294569758191647155E-16, 3.491481338843133355E-15, -1.000000000000000000 ) ) ;
#3162 = CARTESIAN_POINT ( 'NONE',  ( 0.1470795281475745508, -0.07816515675816899933, -0.02867101149142507743 ) ) ;
#3163 = EDGE_CURVE ( 'NONE', #1453, #8179, #3066, .T. ) ;
#3164 = CARTESIAN_POINT ( 'NONE',  ( 0.09792553012130604528, -0.009620962249925471207, -0.02867101149142464375 ) ) ;
#3165 = ORIENTED_EDGE ( 'NONE', *, *, #7444, .T. ) ;
#3166 = ORIENTED_EDGE ( 'NONE', *, *, #6815, .F. ) ;
#3167 = DIRECTION ( 'NONE',  ( 0.0000000000000000000, -1.000000000000000000, -3.491481338843133355E-15 ) ) ;
#3168 = ADVANCED_FACE ( 'NONE', ( #4508 ), #7837, .T. ) ;
#3169 = FACE_OUTER_BOUND ( 'NONE', #6683, .T. ) ;
#3170 = VECTOR ( 'NONE', #5636, 1000.000000000000000 ) ;
#3171 = CARTESIAN_POINT ( 'NONE',  ( 3.649999999999999467, -0.9834718456514278673, 0.4713289885085719111 ) ) ;
#3172 = ORIENTED_EDGE ( 'NONE', *, *, #3448, .T. ) ;
#3173 = DIRECTION ( 'NONE',  ( 5.102127870520025912E-16, -3.491481338843133355E-15, 1.000000000000000000 ) ) ;
#3174 = AXIS2_PLACEMENT_3D ( 'NONE', #2386, #5649, #1620 ) ;
#3175 = CARTESIAN_POINT ( 'NONE',  ( -2.799999999999999822, -1.283471845651425802, -0.02867101149142898056 ) ) ;
#3176 = PLANE ( 'NONE',  #6913 ) ;
#3177 = STYLED_ITEM ( 'NONE', ( #1539 ), #6258 ) ;
#3178 = EDGE_LOOP ( 'NONE', ( #2561, #6840, #8321, #1704 ) ) ;
#3179 = VECTOR ( 'NONE', #3498, 1000.000000000000000 ) ;
#3180 = VERTEX_POINT ( 'NONE', #7126 ) ;
#3182 = MANIFOLD_SOLID_BREP ( '实体-移动/复制2[4]', #3490 ) ;
#3181 = COLOUR_RGB ( '',1.000000000000000000, 1.000000000000000000, 1.000000000000000000 ) ;
#3183 = VERTEX_POINT ( 'NONE', #3186 ) ;
#3184 = ORIENTED_EDGE ( 'NONE', *, *, #5968, .F. ) ;
#3185 = DIRECTION ( 'NONE',  ( 1.000000000000000000, 4.588450488201604350E-31, -1.314184451497581506E-16 ) ) ;
#3186 = CARTESIAN_POINT ( 'NONE',  ( -0.1817048052445476847, -0.1108404744450475488, -0.01867101149142505120 ) ) ;
#3187 = CARTESIAN_POINT ( 'NONE',  ( 0.1038663187477896488, -0.1009862960187129788, -0.02867101149142507743 ) ) ;
#3188 = CARTESIAN_POINT ( 'NONE',  ( -3.650000000000001243, -0.7834718456514262463, -0.02867101149142724584 ) ) ;
#3189 =( GEOMETRIC_REPRESENTATION_CONTEXT ( 3 ) GLOBAL_UNCERTAINTY_ASSIGNED_CONTEXT ( ( #566 ) ) GLOBAL_UNIT_ASSIGNED_CONTEXT ( ( #5695, #7087, #5718 ) ) REPRESENTATION_CONTEXT ( 'NONE', 'WORKASPACE' ) );
#3190 = DIRECTION ( 'NONE',  ( -0.0000000000000000000, 3.491481338843133355E-15, -1.000000000000000000 ) ) ;
#3191 = ORIENTED_EDGE ( 'NONE', *, *, #7396, .F. ) ;
#3192 = DIRECTION ( 'NONE',  ( -1.927687054276661595E-16, 3.491481338843133355E-15, -1.000000000000000000 ) ) ;
#3193 = CARTESIAN_POINT ( 'NONE',  ( 0.1487829996335011673, -0.06272690737187656962, -0.02867101149142507743 ) ) ;
#3194 = ORIENTED_EDGE ( 'NONE', *, *, #6969, .F. ) ;
#3195 = LINE ( 'NONE', #1043, #6942 ) ;
#3196 = LINE ( 'NONE', #7152, #6500 ) ;
#3197 = CARTESIAN_POINT ( 'NONE',  ( 3.499999999999999556, -1.083471845651437615, 3.321328988508571278 ) ) ;
#3198 = SURFACE_SIDE_STYLE ('',( #3087 ) ) ;
#3199 = DIRECTION ( 'NONE',  ( -0.0000000000000000000, 4.304632968207263259E-15, -1.000000000000000000 ) ) ;
#3200 = LINE ( 'NONE', #2211, #1870 ) ;
#3201 = EDGE_CURVE ( 'NONE', #3453, #3844, #6066, .T. ) ;
#3202 = CARTESIAN_POINT ( 'NONE',  ( -0.08136214266496520631, -0.08025667455981849718, -0.01867101149142505120 ) ) ;
#3203 = ORIENTED_EDGE ( 'NONE', *, *, #7197, .T. ) ;
#3204 = CIRCLE ( 'NONE', #1706, 0.04999999999999999584 ) ;
#3205 = VECTOR ( 'NONE', #2808, 1000.000000000000000 ) ;
#3206 = AXIS2_PLACEMENT_3D ( 'NONE', #4758, #2165, #1624 ) ;
#3207 = CARTESIAN_POINT ( 'NONE',  ( -2.422348207309730661, -1.083471845651426513, 0.1213289885085712672 ) ) ;
#3208 = EDGE_LOOP ( 'NONE', ( #8182, #4065, #6802, #3157 ) ) ;
#3209 = CARTESIAN_POINT ( 'NONE',  ( 0.1352665167797594270, -0.05735499409131463583, -0.01867101149142505120 ) ) ;
#3210 = SURFACE_SIDE_STYLE ('',( #5511 ) ) ;
#3211 = ORIENTED_EDGE ( 'NONE', *, *, #7133, .T. ) ;
#3212 = LINE ( 'NONE', #165, #5075 ) ;
#3213 = ADVANCED_FACE ( 'NONE', ( #1193 ), #45, .T. ) ;
#3214 = ADVANCED_FACE ( 'NONE', ( #6801 ), #5300, .F. ) ;
#3215 = CARTESIAN_POINT ( 'NONE',  ( -2.148518552703154949, -1.383471845651430332, 1.177033865392921985 ) ) ;
#3216 = AXIS2_PLACEMENT_3D ( 'NONE', #7709, #6346, #5650 ) ;
#3217 =( NAMED_UNIT ( * ) SI_UNIT ( $, .STERADIAN. ) SOLID_ANGLE_UNIT ( ) );
#3218 = CARTESIAN_POINT ( 'NONE',  ( 1.825000000000000178, 0.6865281543485735050, -0.02867101149142334271 ) ) ;
#3219 = EDGE_CURVE ( 'NONE', #3394, #7297, #3787, .T. ) ;
#3220 = DIRECTION ( 'NONE',  ( -4.336808689942017736E-16, 3.491481338843133355E-15, -1.000000000000000000 ) ) ;
#3221 = VERTEX_POINT ( 'NONE', #1435 ) ;
#3222 = FILL_AREA_STYLE_COLOUR ( '', #5700 ) ;
#3223 = COLOUR_RGB ( '',0.1098039215686274495, 0.1098039215686274495, 0.1098039215686274495 ) ;
#3224 = LINE ( 'NONE', #1013, #8117 ) ;
#3225 = SURFACE_SIDE_STYLE ('',( #8244 ) ) ;
#3226 = CARTESIAN_POINT ( 'NONE',  ( -2.119229230821809473, -1.383471845651435661, 2.710610513945550526 ) ) ;
#3227 = VECTOR ( 'NONE', #3990, 1000.000000000000000 ) ;
#3228 = CARTESIAN_POINT ( 'NONE',  ( 2.699999999999999734, -1.083471845651426513, 0.1713289885085715336 ) ) ;
#3229 =( NAMED_UNIT ( * ) PLANE_ANGLE_UNIT ( ) SI_UNIT ( $, .RADIAN. ) );
#3230 = ORIENTED_EDGE ( 'NONE', *, *, #8127, .T. ) ;
#3231 = CARTESIAN_POINT ( 'NONE',  ( -0.1516267129199808383, -0.02873805691421698477, -0.02867101149142507743 ) ) ;
#3232 = SURFACE_STYLE_FILL_AREA ( #3298 ) ;
#3233 = STYLED_ITEM ( 'NONE', ( #4317 ), #326 ) ;
#3234 = MECHANICAL_DESIGN_GEOMETRIC_PRESENTATION_REPRESENTATION (  '', ( #6955 ), #7345 ) ;
#3235 = CARTESIAN_POINT ( 'NONE',  ( 2.375000000000000444, 0.6865281543485735050, -0.02867101149142377639 ) ) ;
#3236 = UNCERTAINTY_MEASURE_WITH_UNIT (LENGTH_MEASURE( 1.000000000000000082E-05 ), #7386, 'distance_accuracy_value', 'NONE');
#3237 = UNCERTAINTY_MEASURE_WITH_UNIT (LENGTH_MEASURE( 1.000000000000000082E-05 ), #6841, 'distance_accuracy_value', 'NONE');
#3238 = COLOUR_RGB ( '',0.1098039215686274495, 0.1098039215686274495, 0.1098039215686274495 ) ;
#3239 = CARTESIAN_POINT ( 'NONE',  ( -0.1516267129199808383, -0.02873805691421698477, -0.02867101149142507743 ) ) ;
#3240 = ORIENTED_EDGE ( 'NONE', *, *, #2891, .F. ) ;
#3241 = MECHANICAL_DESIGN_GEOMETRIC_PRESENTATION_REPRESENTATION (  '', ( #5022 ), #6808 ) ;
#3242 = ORIENTED_EDGE ( 'NONE', *, *, #5441, .T. ) ;
#3243 = UNCERTAINTY_MEASURE_WITH_UNIT (LENGTH_MEASURE( 1.000000000000000082E-05 ), #6041, 'distance_accuracy_value', 'NONE');
#3244 =( GEOMETRIC_REPRESENTATION_CONTEXT ( 3 ) GLOBAL_UNCERTAINTY_ASSIGNED_CONTEXT ( ( #8382 ) ) GLOBAL_UNIT_ASSIGNED_CONTEXT ( ( #6301, #4889, #8308 ) ) REPRESENTATION_CONTEXT ( 'NONE', 'WORKASPACE' ) );
#3245 = CARTESIAN_POINT ( 'NONE',  ( -0.1963389515860110013, -0.1108404744450473406, -0.02867101149142507743 ) ) ;
#3246 =( LENGTH_UNIT ( ) NAMED_UNIT ( * ) SI_UNIT ( .MILLI., .METRE. ) );
#3247 = CARTESIAN_POINT ( 'NONE',  ( 3.649999999999999023, -1.083471845651427845, 0.4713289885085714670 ) ) ;
#3248 = COLOUR_RGB ( '',0.7764705882352941346, 0.7568627450980391913, 0.7372549019607843590 ) ;
#3249 = EDGE_CURVE ( 'NONE', #294, #3270, #7205, .T. ) ;
#3250 = ORIENTED_EDGE ( 'NONE', *, *, #5880, .F. ) ;
#3251 = SURFACE_STYLE_USAGE ( .BOTH. , #600 ) ;
#3252 = EDGE_CURVE ( 'NONE', #2801, #4331, #5748, .T. ) ;
#3253 = FILL_AREA_STYLE ('',( #4637 ) ) ;
#3254 = SURFACE_STYLE_FILL_AREA ( #5385 ) ;
#3255 = AXIS2_PLACEMENT_3D ( 'NONE', #8019, #8586, #1412 ) ;
#3256 = CARTESIAN_POINT ( 'NONE',  ( -0.05663277111234002459, -0.1100401292274018339, -0.01867101149142505120 ) ) ;
#3257 = CARTESIAN_POINT ( 'NONE',  ( -0.05472184711139754104, -0.02234800502023829086, -0.02867101149142507743 ) ) ;
#3258 = ADVANCED_FACE ( 'NONE', ( #5447 ), #7357, .F. ) ;
#3259 = VECTOR ( 'NONE', #540, 1000.000000000000000 ) ;
#3260 = SURFACE_STYLE_FILL_AREA ( #8217 ) ;
#3261 = ORIENTED_EDGE ( 'NONE', *, *, #1272, .F. ) ;
#3262 = CARTESIAN_POINT ( 'NONE',  ( -1.600000000000000533, -1.083471845651435617, 2.696328988508570834 ) ) ;
#3263 = ORIENTED_EDGE ( 'NONE', *, *, #6759, .F. ) ;
#3264 = FACE_OUTER_BOUND ( 'NONE', #1423, .T. ) ;
#3265 = FILL_AREA_STYLE ('',( #3839 ) ) ;
#3266 = EDGE_CURVE ( 'NONE', #1722, #6373, #4831, .T. ) ;
#3267 = FILL_AREA_STYLE ('',( #3957 ) ) ;
#3268 = CARTESIAN_POINT ( 'NONE',  ( -1.400000000000000133, -2.313471845651434933, 2.546328988508567370 ) ) ;
#3269 = PRESENTATION_LAYER_ASSIGNMENT (  '', '', ( #2823 ) ) ;
#3270 = VERTEX_POINT ( 'NONE', #3991 ) ;
#3271 = SURFACE_STYLE_USAGE ( .BOTH. , #4019 ) ;
#3272 = LINE ( 'NONE', #7996, #1529 ) ;
#3273 = VERTEX_POINT ( 'NONE', #8044 ) ;
#3274 = ORIENTED_EDGE ( 'NONE', *, *, #7629, .T. ) ;
#3275 = DIRECTION ( 'NONE',  ( 1.000000000000000000, -2.891205793294679017E-15, 0.0000000000000000000 ) ) ;
#3276 = COLOUR_RGB ( '',0.1098039215686274495, 0.1098039215686274495, 0.1098039215686274495 ) ;
#3277 = COLOUR_RGB ( '',1.000000000000000000, 1.000000000000000000, 1.000000000000000000 ) ;
#3278 = FACE_OUTER_BOUND ( 'NONE', #265, .T. ) ;
#3279 = ORIENTED_EDGE ( 'NONE', *, *, #5042, .F. ) ;
#3280 = EDGE_CURVE ( 'NONE', #1285, #603, #3777, .T. ) ;
#3281 = PRESENTATION_LAYER_ASSIGNMENT (  '', '', ( #2081 ) ) ;
#3282 = CARTESIAN_POINT ( 'NONE',  ( -2.441932734462168852, -1.083471845651426291, 0.07132898850857127826 ) ) ;
#3283 = MECHANICAL_DESIGN_GEOMETRIC_PRESENTATION_REPRESENTATION (  '', ( #5062 ), #7321 ) ;
#3284 = CARTESIAN_POINT ( 'NONE',  ( -0.08275244242718270138, -0.04329151035579602291, -0.02867101149142507743 ) ) ;
#3285 = ORIENTED_EDGE ( 'NONE', *, *, #1445, .F. ) ;
#3286 = CARTESIAN_POINT ( 'NONE',  ( -2.699999999999999734, -1.083471845651426513, 0.1713289885085715336 ) ) ;
#3287 = ORIENTED_EDGE ( 'NONE', *, *, #7140, .T. ) ;
#3288 = VECTOR ( 'NONE', #37, 1000.000000000000000 ) ;
#3289 = VERTEX_POINT ( 'NONE', #7272 ) ;
#3290 =( LENGTH_UNIT ( ) NAMED_UNIT ( * ) SI_UNIT ( .MILLI., .METRE. ) );
#3291 = AXIS2_PLACEMENT_3D ( 'NONE', #7274, #1345, #3275 ) ;
#3292 = UNCERTAINTY_MEASURE_WITH_UNIT (LENGTH_MEASURE( 1.000000000000000082E-05 ), #2740, 'distance_accuracy_value', 'NONE');
#3293 = SURFACE_STYLE_FILL_AREA ( #1856 ) ;
#3294 = ORIENTED_EDGE ( 'NONE', *, *, #5697, .F. ) ;
#3295 = CARTESIAN_POINT ( 'NONE',  ( 0.07439275573106213235, -0.09468193785968155585, -0.01867101149142505120 ) ) ;
#3296 = DIRECTION ( 'NONE',  ( 0.0000000000000000000, 1.000000000000000000, 4.336808689942025625E-15 ) ) ;
#3297 =( GEOMETRIC_REPRESENTATION_CONTEXT ( 3 ) GLOBAL_UNCERTAINTY_ASSIGNED_CONTEXT ( ( #6944 ) ) GLOBAL_UNIT_ASSIGNED_CONTEXT ( ( #1262, #4582, #4494 ) ) REPRESENTATION_CONTEXT ( 'NONE', 'WORKASPACE' ) );
#3298 = FILL_AREA_STYLE ('',( #6585 ) ) ;
#3299 = DIRECTION ( 'NONE',  ( 1.000000000000000000, -4.519966152556803527E-31, 1.294569758191647155E-16 ) ) ;
#3300 = ADVANCED_FACE ( 'NONE', ( #1301 ), #6023, .T. ) ;
#3301 = LINE ( 'NONE', #820, #6727 ) ;
#3302 = DIRECTION ( 'NONE',  ( -2.891205793294677044E-15, 1.000000000000000000, 3.491481338843133355E-15 ) ) ;
#3303 = EDGE_LOOP ( 'NONE', ( #3445, #3287, #228, #6610 ) ) ;
#3304 = DIRECTION ( 'NONE',  ( 1.000000000000000000, -1.009459107404352782E-30, 2.891205793294678326E-16 ) ) ;
#3305 = FILL_AREA_STYLE ('',( #2108 ) ) ;
#3306 = FACE_OUTER_BOUND ( 'NONE', #4097, .T. ) ;
#3307 = PRESENTATION_STYLE_ASSIGNMENT (( #4239 ) ) ;
#3308 = EDGE_CURVE ( 'NONE', #7941, #6887, #7622, .T. ) ;
#3309 = CARTESIAN_POINT ( 'NONE',  ( 0.1000596764627694757, -0.1010843768840718887, -0.01867101149142505120 ) ) ;
#3310 = CARTESIAN_POINT ( 'NONE',  ( -0.09045695162819106239, -0.03118708691756430507, -0.02867101149142507743 ) ) ;
#3311 = MECHANICAL_DESIGN_GEOMETRIC_PRESENTATION_REPRESENTATION (  '', ( #2862 ), #5084 ) ;
#3312 = SURFACE_STYLE_USAGE ( .BOTH. , #3225 ) ;
#3313 = VECTOR ( 'NONE', #8511, 1000.000000000000000 ) ;
#3314 = FILL_AREA_STYLE ('',( #1313 ) ) ;
#3315 = EDGE_LOOP ( 'NONE', ( #5590, #1468, #1366, #5240 ) ) ;
#3316 = VECTOR ( 'NONE', #1644, 1000.000000000000000 ) ;
#3317 = LINE ( 'NONE', #625, #1573 ) ;
#3318 = CARTESIAN_POINT ( 'NONE',  ( -0.08533063766704415687, -0.05833656422801498237, -0.02867101149142507743 ) ) ;
#3319 = CARTESIAN_POINT ( 'NONE',  ( -0.07190219590742186195, -0.02908112712596758534, -0.01867101149142505120 ) ) ;
#3320 = FILL_AREA_STYLE_COLOUR ( '', #2231 ) ;
#3321 = EDGE_CURVE ( 'NONE', #2426, #1945, #4399, .T. ) ;
#3322 = DIRECTION ( 'NONE',  ( 0.0000000000000000000, 1.000000000000000000, 3.491481338843133355E-15 ) ) ;
#3323 = AXIS2_PLACEMENT_3D ( 'NONE', #1585, #132, #6196 ) ;
#3324 = ORIENTED_EDGE ( 'NONE', *, *, #4026, .T. ) ;
#3325 = SURFACE_SIDE_STYLE ('',( #7275 ) ) ;
#3326 = DIRECTION ( 'NONE',  ( -1.000000000000000000, 0.0000000000000000000, 3.614007241618348771E-16 ) ) ;
#3327 = SURFACE_STYLE_USAGE ( .BOTH. , #5379 ) ;
#3328 = FILL_AREA_STYLE ('',( #2623 ) ) ;
#3329 = DIRECTION ( 'NONE',  ( 0.0000000000000000000, 4.336808689942017736E-15, -1.000000000000000000 ) ) ;
#3330 = EDGE_LOOP ( 'NONE', ( #7419, #7030, #7549, #4865 ) ) ;
#3331 = DIRECTION ( 'NONE',  ( 0.0000000000000000000, -4.304632968207263259E-15, 1.000000000000000000 ) ) ;
#3332 = MECHANICAL_DESIGN_GEOMETRIC_PRESENTATION_REPRESENTATION (  '', ( #2490 ), #1903 ) ;
#3333 = SURFACE_STYLE_USAGE ( .BOTH. , #7914 ) ;
#3334 = DIRECTION ( 'NONE',  ( 0.0000000000000000000, -1.000000000000000000, -3.491481338843133355E-15 ) ) ;
#3335 = EDGE_CURVE ( 'NONE', #8362, #1625, #3371, .T. ) ;
#3336 = CARTESIAN_POINT ( 'NONE',  ( -0.1485683723177183002, -0.03004779151821821565, -0.01867101149142505120 ) ) ;
#3337 = VECTOR ( 'NONE', #755, 1000.000000000000000 ) ;
#3338 = CARTESIAN_POINT ( 'NONE',  ( -0.07166403985177248470, -0.01592262720028265674, -0.01867101149142621000 ) ) ;
#3339 = FILL_AREA_STYLE ('',( #2701 ) ) ;
#3340 = COLOUR_RGB ( '',1.000000000000000000, 1.000000000000000000, 1.000000000000000000 ) ;
#3341 = FACE_OUTER_BOUND ( 'NONE', #2962, .T. ) ;
#3342 = DIRECTION ( 'NONE',  ( 1.000000000000000000, 0.0000000000000000000, 0.0000000000000000000 ) ) ;
#3343 = CARTESIAN_POINT ( 'NONE',  ( -1.450000000000000178, -0.1834718456514231599, -0.8286710114914244141 ) ) ;
#3344 = DIRECTION ( 'NONE',  ( -0.0000000000000000000, 1.000000000000000000, 3.491481338843133355E-15 ) ) ;
#3345 = CARTESIAN_POINT ( 'NONE',  ( -0.08526708408867100797, -0.05535923181171596014, -0.01867101149142505120 ) ) ;
#3346 = ADVANCED_FACE ( 'NONE', ( #6466 ), #161, .T. ) ;
#3347 = DIRECTION ( 'NONE',  ( 1.000000000000000000, 0.0000000000000000000, 0.0000000000000000000 ) ) ;
#3348 = CARTESIAN_POINT ( 'NONE',  ( 0.07518876808212754392, -0.01326125792098439143, -0.01867101149142505120 ) ) ;
#3349 = AXIS2_PLACEMENT_3D ( 'NONE', #4678, #6048, #3296 ) ;
#3350 = VECTOR ( 'NONE', #1758, 1000.000000000000000 ) ;
#3351 = DIRECTION ( 'NONE',  ( 1.355252715606880543E-16, 3.491481338843133355E-15, -1.000000000000000000 ) ) ;
#3352 = FACE_OUTER_BOUND ( 'NONE', #2280, .T. ) ;
#3353 = ORIENTED_EDGE ( 'NONE', *, *, #2390, .F. ) ;
#3354 = CARTESIAN_POINT ( 'NONE',  ( 0.09295998837268326653, -0.1007164652753200912, -0.01867101149142505120 ) ) ;
#3355 = DIRECTION ( 'NONE',  ( 0.0000000000000000000, -1.000000000000000000, -3.491481338843133355E-15 ) ) ;
#3356 = CYLINDRICAL_SURFACE ( 'NONE', #5877, 0.04999999999999999584 ) ;
#3357 = DIRECTION ( 'NONE',  ( 1.000000000000000000, 1.376535146460480779E-30, -3.942553354492742545E-16 ) ) ;
#3358 = VECTOR ( 'NONE', #2653, 1000.000000000000000 ) ;
#3359 = AXIS2_PLACEMENT_3D ( 'NONE', #1220, #4599, #3220 ) ;
#3360 = STYLED_ITEM ( 'NONE', ( #2513 ), #7256 ) ;
#3361 = CARTESIAN_POINT ( 'NONE',  ( -3.300000000000000711, -1.083471845651438281, 3.521328988508571456 ) ) ;
#3362 = ORIENTED_EDGE ( 'NONE', *, *, #1595, .F. ) ;
#3363 = CARTESIAN_POINT ( 'NONE',  ( -0.04651044548845006954, -0.01084047444504729341, -0.02867101149142507743 ) ) ;
#3364 =( NAMED_UNIT ( * ) PLANE_ANGLE_UNIT ( ) SI_UNIT ( $, .RADIAN. ) );
#3365 = ORIENTED_EDGE ( 'NONE', *, *, #567, .F. ) ;
#3366 = COLOUR_RGB ( '',1.000000000000000000, 1.000000000000000000, 1.000000000000000000 ) ;
#3367 = SURFACE_STYLE_USAGE ( .BOTH. , #8050 ) ;
#3368 = CARTESIAN_POINT ( 'NONE',  ( 0.1573195849993548334, -0.1108404744450473406, -0.02867101149142507743 ) ) ;
#3369 = CARTESIAN_POINT ( 'NONE',  ( -1.399999999999999689, -1.083471845651430288, 1.246328988508571545 ) ) ;
#3370 = EDGE_CURVE ( 'NONE', #4470, #7941, #1082, .T. ) ;
#3371 = LINE ( 'NONE', #4686, #2438 ) ;
#3372 = CARTESIAN_POINT ( 'NONE',  ( 0.0000000000000000000, 0.0000000000000000000, 0.0000000000000000000 ) ) ;
#3373 = ORIENTED_EDGE ( 'NONE', *, *, #3039, .T. ) ;
#3374 = SURFACE_SIDE_STYLE ('',( #5047 ) ) ;
#3375 = EDGE_LOOP ( 'NONE', ( #1963, #8146, #5647, #309 ) ) ;
#3376 = MECHANICAL_DESIGN_GEOMETRIC_PRESENTATION_REPRESENTATION (  '', ( #7086 ), #1447 ) ;
#3377 = FILL_AREA_STYLE_COLOUR ( '', #3340 ) ;
#3378 = CARTESIAN_POINT ( 'NONE',  ( -0.06222352120883564014, -0.02413425518763265276, -0.01867101149142505120 ) ) ;
#3379 = FACE_OUTER_BOUND ( 'NONE', #5350, .T. ) ;
#3380 = FILL_AREA_STYLE ('',( #7339 ) ) ;
#3381 = CARTESIAN_POINT ( 'NONE',  ( 0.09676284405892392193, -0.009629296693486550165, -0.02867101149142464375 ) ) ;
#3382 = ORIENTED_EDGE ( 'NONE', *, *, #5765, .T. ) ;
#3383 = SURFACE_SIDE_STYLE ('',( #5016 ) ) ;
#3384 = LINE ( 'NONE', #3804, #7208 ) ;
#3385 = CARTESIAN_POINT ( 'NONE',  ( -0.04739555377716007933, -0.1108058439098032061, -0.02867101149142507743 ) ) ;
#3386 = UNCERTAINTY_MEASURE_WITH_UNIT (LENGTH_MEASURE( 1.000000000000000082E-05 ), #8071, 'distance_accuracy_value', 'NONE');
#3387 =( LENGTH_UNIT ( ) NAMED_UNIT ( * ) SI_UNIT ( .MILLI., .METRE. ) );
#3388 = FILL_AREA_STYLE_COLOUR ( '', #8181 ) ;
#3389 = SURFACE_STYLE_USAGE ( .BOTH. , #6682 ) ;
#3390 = AXIS2_PLACEMENT_3D ( 'NONE', #1441, #742, #2251 ) ;
#3391 =( LENGTH_UNIT ( ) NAMED_UNIT ( * ) SI_UNIT ( .MILLI., .METRE. ) );
#3392 = VECTOR ( 'NONE', #5651, 1000.000000000000000 ) ;
#3393 = ADVANCED_FACE ( 'NONE', ( #2958 ), #6782, .T. ) ;
#3394 = VERTEX_POINT ( 'NONE', #4149 ) ;
#3395 = DIRECTION ( 'NONE',  ( 0.0000000000000000000, 4.336808689942017736E-15, -1.000000000000000000 ) ) ;
#3396 = CARTESIAN_POINT ( 'NONE',  ( -2.750000000000000000, -1.083471845651426513, 0.1713289885085715336 ) ) ;
#3397 =( NAMED_UNIT ( * ) SI_UNIT ( $, .STERADIAN. ) SOLID_ANGLE_UNIT ( ) );
#3398 = EDGE_LOOP ( 'NONE', ( #8372, #4977, #7643, #6195 ) ) ;
#3399 = SURFACE_SIDE_STYLE ('',( #8207 ) ) ;
#3400 = ORIENTED_EDGE ( 'NONE', *, *, #2807, .F. ) ;
#3401 =( LENGTH_UNIT ( ) NAMED_UNIT ( * ) SI_UNIT ( .MILLI., .METRE. ) );
#3402 = VERTEX_POINT ( 'NONE', #105 ) ;
#3403 = EDGE_CURVE ( 'NONE', #2305, #27, #7722, .T. ) ;
#3404 = CARTESIAN_POINT ( 'NONE',  ( -2.998179295342850992, -1.333471845651429843, 1.127033865392921719 ) ) ;
#3405 = STYLED_ITEM ( 'NONE', ( #8194 ), #8516 ) ;
#3406 = CARTESIAN_POINT ( 'NONE',  ( 0.1252730288566754890, -0.1068645585483216642, -0.02867101149142507743 ) ) ;
#3407 = CARTESIAN_POINT ( 'NONE',  ( -1.150000000000000133, -0.1834718456514231599, -0.8286710114914245251 ) ) ;
#3408 = PRESENTATION_LAYER_ASSIGNMENT (  '', '', ( #2961 ) ) ;
#3409 = DIRECTION ( 'NONE',  ( 0.0000000000000000000, 3.491481338843133355E-15, -1.000000000000000000 ) ) ;
#3410 = ORIENTED_EDGE ( 'NONE', *, *, #4930, .T. ) ;
#3411 = CARTESIAN_POINT ( 'NONE',  ( 0.07439275573106231276, -0.01358437688407198966, -0.01867101149142505120 ) ) ;
#3412 = ORIENTED_EDGE ( 'NONE', *, *, #7812, .T. ) ;
#3413 = CYLINDRICAL_SURFACE ( 'NONE', #1237, 0.1000000000000000472 ) ;
#3414 = VECTOR ( 'NONE', #4987, 1000.000000000000000 ) ;
#3415 =( LENGTH_UNIT ( ) NAMED_UNIT ( * ) SI_UNIT ( .MILLI., .METRE. ) );
#3416 = CARTESIAN_POINT ( 'NONE',  ( -0.05663277111234002459, -0.1100401292274016118, -0.02867101149142507743 ) ) ;
#3417 = PRODUCT_DEFINITION_CONTEXT ( 'detailed design', #6790, 'design' ) ;
#3418 = CARTESIAN_POINT ( 'NONE',  ( 0.05488056060911099265, -0.1108404744450473406, -0.02867101149142507743 ) ) ;
#3419 = VERTEX_POINT ( 'NONE', #7442 ) ;
#3420 =( LENGTH_UNIT ( ) NAMED_UNIT ( * ) SI_UNIT ( .MILLI., .METRE. ) );
#3421 = COLOUR_RGB ( '',1.000000000000000000, 1.000000000000000000, 1.000000000000000000 ) ;
#3422 = EDGE_CURVE ( 'NONE', #3270, #5040, #2139, .T. ) ;
#3423 = CARTESIAN_POINT ( 'NONE',  ( 0.08312053101137309441, -0.09863337158662267845, -0.02867101149142507743 ) ) ;
#3424 =( NAMED_UNIT ( * ) PLANE_ANGLE_UNIT ( ) SI_UNIT ( $, .RADIAN. ) );
#3425 = SURFACE_SIDE_STYLE ('',( #2734 ) ) ;
#3426 = EDGE_CURVE ( 'NONE', #873, #5964, #3671, .T. ) ;
#3427 = FILL_AREA_STYLE ('',( #4755 ) ) ;
#3428 = EDGE_LOOP ( 'NONE', ( #1942, #2200, #651, #4142 ) ) ;
#3429 = AXIS2_PLACEMENT_3D ( 'NONE', #6068, #31, #4674 ) ;
#3430 =( NAMED_UNIT ( * ) SI_UNIT ( $, .STERADIAN. ) SOLID_ANGLE_UNIT ( ) );
#3431 = CARTESIAN_POINT ( 'NONE',  ( 2.375000000000000444, 1.476528154348573318, -0.02867101149142117431 ) ) ;
#3432 = CARTESIAN_POINT ( 'NONE',  ( 0.08024434861426457677, -0.1085062432535173760, -0.01867101149142505120 ) ) ;
#3433 = ORIENTED_EDGE ( 'NONE', *, *, #5328, .F. ) ;
#3434 = CARTESIAN_POINT ( 'NONE',  ( 0.1348200975289000625, -0.07039288676088678587, -0.01867101149142505120 ) ) ;
#3435 = ADVANCED_FACE ( 'NONE', ( #4389 ), #8155, .F. ) ;
#3436 = EDGE_CURVE ( 'NONE', #1076, #8551, #8550, .T. ) ;
#3437 =( GEOMETRIC_REPRESENTATION_CONTEXT ( 3 ) GLOBAL_UNCERTAINTY_ASSIGNED_CONTEXT ( ( #144 ) ) GLOBAL_UNIT_ASSIGNED_CONTEXT ( ( #8118, #4133, #815 ) ) REPRESENTATION_CONTEXT ( 'NONE', 'WORKASPACE' ) );
#3438 = CARTESIAN_POINT ( 'NONE',  ( -2.549999999999999822, -0.01084047444504751025, -0.01867101149142505120 ) ) ;
#3439 = CARTESIAN_POINT ( 'NONE',  ( 0.0000000000000000000, -1.383471845651430332, 1.177033865392921985 ) ) ;
#3440 = ORIENTED_EDGE ( 'NONE', *, *, #5589, .F. ) ;
#3441 = ADVANCED_FACE ( 'NONE', ( #7089 ), #3878, .T. ) ;
#3442 = CARTESIAN_POINT ( 'NONE',  ( 0.1407750854232876769, -0.03203388301258373178, -0.02867101149142507743 ) ) ;
#3443 = CARTESIAN_POINT ( 'NONE',  ( 0.07439275573106213235, -0.02699901103041315101, -0.01867101149142505120 ) ) ;
#3444 = CARTESIAN_POINT ( 'NONE',  ( -0.09873779258477306808, -0.06147168503963982428, -0.01867101149142505120 ) ) ;
#3445 = ORIENTED_EDGE ( 'NONE', *, *, #7866, .F. ) ;
#3446 = VECTOR ( 'NONE', #1114, 1000.000000000000000 ) ;
#3447 = SURFACE_STYLE_USAGE ( .BOTH. , #7474 ) ;
#3448 = EDGE_CURVE ( 'NONE', #4331, #6184, #6894, .T. ) ;
#3449 = AXIS2_PLACEMENT_3D ( 'NONE', #796, #7385, #5386 ) ;
#3450 = CARTESIAN_POINT ( 'NONE',  ( -2.948179295342850725, -1.383471845651435439, 2.681321192064204606 ) ) ;
#3451 = UNCERTAINTY_MEASURE_WITH_UNIT (LENGTH_MEASURE( 1.000000000000000082E-05 ), #1010, 'distance_accuracy_value', 'NONE');
#3452 = FACE_OUTER_BOUND ( 'NONE', #6151, .T. ) ;
#3453 = VERTEX_POINT ( 'NONE', #245 ) ;
#3454 = DIRECTION ( 'NONE',  ( 0.0000000000000000000, -1.000000000000000000, -3.491481338843133355E-15 ) ) ;
#3455 = CARTESIAN_POINT ( 'NONE',  ( -3.650000000000000355, -0.9834718456514283114, 0.4713289885085719111 ) ) ;
#3456 =( LENGTH_UNIT ( ) NAMED_UNIT ( * ) SI_UNIT ( .MILLI., .METRE. ) );
#3457 = CARTESIAN_POINT ( 'NONE',  ( 0.1299426287267299585, -0.08475539507498004721, -0.01867101149142505120 ) ) ;
#3458 =( LENGTH_UNIT ( ) NAMED_UNIT ( * ) SI_UNIT ( .MILLI., .METRE. ) );
#3459 = MECHANICAL_DESIGN_GEOMETRIC_PRESENTATION_REPRESENTATION (  '', ( #3121 ), #7630 ) ;
#3460 = ADVANCED_FACE ( 'NONE', ( #6562 ), #4236, .F. ) ;
#3461 = ORIENTED_EDGE ( 'NONE', *, *, #6722, .F. ) ;
#3462 = SURFACE_STYLE_USAGE ( .BOTH. , #2884 ) ;
#3463 = STYLED_ITEM ( 'NONE', ( #7121 ), #5946 ) ;
#3464 = CARTESIAN_POINT ( 'NONE',  ( -2.549999999999997158, 1.186528154348571285, 0.7213289885085799602 ) ) ;
#3465 = CARTESIAN_POINT ( 'NONE',  ( -0.01829017109820616979, -0.01084047444504729341, -0.02867101149142507743 ) ) ;
#3466 = ORIENTED_EDGE ( 'NONE', *, *, #2663, .T. ) ;
#3467 = DIRECTION ( 'NONE',  ( -1.000000000000000000, 3.491481338843133355E-15, 1.219044193948983948E-29 ) ) ;
#3468 = VECTOR ( 'NONE', #6454, 1000.000000000000000 ) ;
#3469 = CARTESIAN_POINT ( 'NONE',  ( 0.1468583230632884706, -0.04613078164007314297, -0.01867101149142582836 ) ) ;
#3470 = COLOUR_RGB ( '',0.7764705882352941346, 0.7568627450980391913, 0.7372549019607843590 ) ;
#3471 = ORIENTED_EDGE ( 'NONE', *, *, #5765, .F. ) ;
#3472 = LINE ( 'NONE', #4605, #7223 ) ;
#3473 = ADVANCED_FACE ( 'NONE', ( #3570 ), #2736, .T. ) ;
#3474 = AXIS2_PLACEMENT_3D ( 'NONE', #722, #4067, #2611 ) ;
#3475 = STYLED_ITEM ( 'NONE', ( #6770 ), #7255 ) ;
#3476 =( NAMED_UNIT ( * ) PLANE_ANGLE_UNIT ( ) SI_UNIT ( $, .RADIAN. ) );
#3477 = FILL_AREA_STYLE ('',( #708 ) ) ;
#3478 = CARTESIAN_POINT ( 'NONE',  ( 0.07704879468110578666, -0.02545565232631727751, -0.02867101149142507743 ) ) ;
#3479 = CARTESIAN_POINT ( 'NONE',  ( -0.07151231177045828946, -0.1054558385694527728, -0.01867101149142505120 ) ) ;
#3480 = ORIENTED_EDGE ( 'NONE', *, *, #6896, .F. ) ;
#3481 = PRESENTATION_STYLE_ASSIGNMENT (( #7679 ) ) ;
#3482 = ORIENTED_EDGE ( 'NONE', *, *, #5923, .T. ) ;
#3483 = ORIENTED_EDGE ( 'NONE', *, *, #3403, .F. ) ;
#3484 = CARTESIAN_POINT ( 'NONE',  ( 2.569584527152437570, -1.283471845651426468, 0.1213289885085708369 ) ) ;
#3485 = CARTESIAN_POINT ( 'NONE',  ( -2.535625514828973692, -1.083471845651426513, 0.1580275645301940368 ) ) ;
#3486 = EDGE_CURVE ( 'NONE', #4348, #285, #1402, .T. ) ;
#3487 = PRESENTATION_LAYER_ASSIGNMENT (  '', '', ( #1387 ) ) ;
#3488 = CARTESIAN_POINT ( 'NONE',  ( -0.1817048052445476847, -0.1108404744450473406, -0.02867101149142507743 ) ) ;
#3489 =( NAMED_UNIT ( * ) SI_UNIT ( $, .STERADIAN. ) SOLID_ANGLE_UNIT ( ) );
#3490 = CLOSED_SHELL ( 'NONE', ( #2270, #5160, #6118, #3900, #326, #587, #4916, #8516, #1356, #3555, #7424, #986, #4263, #2058, #5518, #2996, #510, #851, #68, #8348, #1753, #6734, #6428, #7381, #118, #8595, #4874, #3473, #1974, #8100, #2733, #2816, #5246, #4371, #3129, #2151, #2778, #7691, #2014, #6464, #7822, #1071, #7784, #4682, #7211, #6871, #5904, #2514, #4995, #3950, #5057, #242, #4828, #6338, #6502, #4082, #1026, #6637, #2350, #2596, #8009, #5862, #7910, #4591, #7033, #5427, #415, #4553, #6089, #5335, #3989, #6381, #1258, #8605, #8565, #6165, #4640, #5812, #5599, #6990, #8473, #1123, #200, #3032, #7210, #7646, #633, #7338, #3781, #1888, #4425, #8309, #288 ) ) ;
#3491 = CARTESIAN_POINT ( 'NONE',  ( -0.1817048052445476014, -0.1108404744450473406, -0.02867101149142507743 ) ) ;
#3492 = DIRECTION ( 'NONE',  ( 0.0000000000000000000, -4.336808689942017736E-15, 1.000000000000000000 ) ) ;
#3493 = CARTESIAN_POINT ( 'NONE',  ( 0.1094133704916140787, -0.02207575105004234289, -0.01867101149142505120 ) ) ;
#3494 = FACE_OUTER_BOUND ( 'NONE', #18, .T. ) ;
#3495 = ORIENTED_EDGE ( 'NONE', *, *, #6375, .F. ) ;
#3496 = EDGE_LOOP ( 'NONE', ( #6497, #961, #2276, #7308, #7333 ) ) ;
#3497 = CARTESIAN_POINT ( 'NONE',  ( 0.1378517194982400718, -0.02791944546562487306, -0.01867101149142582836 ) ) ;
#3498 = DIRECTION ( 'NONE',  ( 0.0000000000000000000, -3.491481338843133750E-15, 1.000000000000000000 ) ) ;
#3499 =( NAMED_UNIT ( * ) SI_UNIT ( $, .STERADIAN. ) SOLID_ANGLE_UNIT ( ) );
#3500 = EDGE_CURVE ( 'NONE', #410, #7862, #6362, .T. ) ;
#3501 = VERTEX_POINT ( 'NONE', #784 ) ;
#3502 = AXIS2_PLACEMENT_3D ( 'NONE', #3207, #3924, #1298 ) ;
#3503 = COLOUR_RGB ( '',0.7764705882352941346, 0.7568627450980391913, 0.7372549019607843590 ) ;
#3504 = ORIENTED_EDGE ( 'NONE', *, *, #7890, .F. ) ;
#3505 = VECTOR ( 'NONE', #235, 1000.000000000000000 ) ;
#3506 = DIRECTION ( 'NONE',  ( 0.0000000000000000000, -1.000000000000000000, -3.491481338843133355E-15 ) ) ;
#3507 = EDGE_LOOP ( 'NONE', ( #5125, #7375, #1208, #4595 ) ) ;
#3508 = FILL_AREA_STYLE ('',( #2159 ) ) ;
#3509 = DIRECTION ( 'NONE',  ( 0.0000000000000000000, 1.000000000000000000, 3.491481338843133355E-15 ) ) ;
#3510 = VECTOR ( 'NONE', #1396, 1000.000000000000000 ) ;
#3511 = DIRECTION ( 'NONE',  ( -1.000000000000000000, -0.0000000000000000000, -0.0000000000000000000 ) ) ;
#3512 = DIRECTION ( 'NONE',  ( 0.0000000000000000000, 3.491481338843133355E-15, -1.000000000000000000 ) ) ;
#3513 = AXIS2_PLACEMENT_3D ( 'NONE', #6192, #1612, #6974 ) ;
#3514 = CARTESIAN_POINT ( 'NONE',  ( 2.549999999999996270, 1.186528154348571285, 0.7213289885085795161 ) ) ;
#3515 = DIRECTION ( 'NONE',  ( 0.0000000000000000000, 1.000000000000000000, 4.336808689942025625E-15 ) ) ;
#3516 = ORIENTED_EDGE ( 'NONE', *, *, #4054, .T. ) ;
#3517 = MECHANICAL_DESIGN_GEOMETRIC_PRESENTATION_REPRESENTATION (  '', ( #2459 ), #3954 ) ;
#3518 = LINE ( 'NONE', #771, #7676 ) ;
#3519 = SURFACE_STYLE_USAGE ( .BOTH. , #257 ) ;
#3520 = CARTESIAN_POINT ( 'NONE',  ( -0.08394460389428659575, -0.04701758868164390703, -0.02867101149142507743 ) ) ;
#3521 = DIRECTION ( 'NONE',  ( 0.0000000000000000000, -3.491481338843133355E-15, 1.000000000000000000 ) ) ;
#3522 = ADVANCED_FACE ( 'NONE', ( #3043 ), #695, .F. ) ;
#3523 = LINE ( 'NONE', #3010, #5900 ) ;
#3524 = CARTESIAN_POINT ( 'NONE',  ( -0.1207291954884500279, -0.1108404744450473406, -0.02867101149142507743 ) ) ;
#3525 = ORIENTED_EDGE ( 'NONE', *, *, #8212, .T. ) ;
#3526 = CARTESIAN_POINT ( 'NONE',  ( 0.1339754069689018112, -0.04881662085267084172, -0.01867101149142505120 ) ) ;
#3527 =( LENGTH_UNIT ( ) NAMED_UNIT ( * ) SI_UNIT ( .MILLI., .METRE. ) );
#3528 = STYLED_ITEM ( 'NONE', ( #3022 ), #1538 ) ;
#3529 = DIRECTION ( 'NONE',  ( 1.000000000000000000, 1.376535146460480779E-30, -3.942553354492742545E-16 ) ) ;
#3530 = CARTESIAN_POINT ( 'NONE',  ( 2.549999999999999822, -1.083471845651426069, -0.02867101149142854688 ) ) ;
#3531 = LINE ( 'NONE', #8272, #2090 ) ;
#3532 = ORIENTED_EDGE ( 'NONE', *, *, #2875, .F. ) ;
#3533 = ORIENTED_EDGE ( 'NONE', *, *, #2182, .T. ) ;
#3534 = VECTOR ( 'NONE', #5851, 1000.000000000000000 ) ;
#3535 = CARTESIAN_POINT ( 'NONE',  ( 3.549999999999999822, -1.283471845651427357, 0.4713289885085705788 ) ) ;
#3536 = CARTESIAN_POINT ( 'NONE',  ( -0.08392075616440133889, -0.02399422821417309185, -0.01867101149142505120 ) ) ;
#3537 = EDGE_CURVE ( 'NONE', #1923, #8362, #6050, .T. ) ;
#3538 = EDGE_CURVE ( 'NONE', #7862, #4348, #2226, .T. ) ;
#3539 = LINE ( 'NONE', #7156, #5292 ) ;
#3540 = AXIS2_PLACEMENT_3D ( 'NONE', #7988, #6699, #7280 ) ;
#3541 = DIRECTION ( 'NONE',  ( -0.3536223923290756632, 0.9353882635801357148, 3.265890666862925973E-15 ) ) ;
#3542 = ORIENTED_EDGE ( 'NONE', *, *, #6008, .T. ) ;
#3543 = SURFACE_SIDE_STYLE ('',( #1546 ) ) ;
#3544 = CARTESIAN_POINT ( 'NONE',  ( -0.05114696513545505252, -0.1107379711216363444, -0.01867101149142528019 ) ) ;
#3545 = CARTESIAN_POINT ( 'NONE',  ( -0.08533063766704415687, -0.05833656422801519748, -0.01867101149142505120 ) ) ;
#3546 = DIRECTION ( 'NONE',  ( -1.000000000000000000, 0.0000000000000000000, 0.0000000000000000000 ) ) ;
#3547 = VECTOR ( 'NONE', #1289, 1000.000000000000000 ) ;
#3548 = PRESENTATION_STYLE_ASSIGNMENT (( #2304 ) ) ;
#3549 = CARTESIAN_POINT ( 'NONE',  ( -2.422348207309730661, -1.083471845651426513, 0.1213289885085712672 ) ) ;
#3550 = AXIS2_PLACEMENT_3D ( 'NONE', #6247, #8229, #2368 ) ;
#3551 =( NAMED_UNIT ( * ) SI_UNIT ( $, .STERADIAN. ) SOLID_ANGLE_UNIT ( ) );
#3552 = VECTOR ( 'NONE', #3956, 1000.000000000000000 ) ;
#3553 = DIRECTION ( 'NONE',  ( 0.0000000000000000000, -1.000000000000000000, -4.304632968207263259E-15 ) ) ;
#3554 = FACE_OUTER_BOUND ( 'NONE', #5478, .T. ) ;
#3555 = ADVANCED_FACE ( 'NONE', ( #4702 ), #4772, .F. ) ;
#3556 =( LENGTH_UNIT ( ) NAMED_UNIT ( * ) SI_UNIT ( .MILLI., .METRE. ) );
#3557 = CYLINDRICAL_SURFACE ( 'NONE', #2230, 0.04999999999999999584 ) ;
#3558 = ORIENTED_EDGE ( 'NONE', *, *, #7249, .F. ) ;
#3559 =( LENGTH_UNIT ( ) NAMED_UNIT ( * ) SI_UNIT ( .MILLI., .METRE. ) );
#3560 = PLANE ( 'NONE',  #2045 ) ;
#3561 = EDGE_CURVE ( 'NONE', #6505, #8346, #4816, .T. ) ;
#3562 = CARTESIAN_POINT ( 'NONE',  ( -0.06923044404382885930, -0.09400206482763386051, -0.02867101149142507743 ) ) ;
#3563 = PRODUCT_DEFINITION_FORMATION_WITH_SPECIFIED_SOURCE ( '任何', '', #3884, .NOT_KNOWN. ) ;
#3564 = VECTOR ( 'NONE', #4007, 1000.000000000000000 ) ;
#3565 = SURFACE_STYLE_USAGE ( .BOTH. , #1589 ) ;
#3566 = STYLED_ITEM ( 'NONE', ( #2918 ), #4778 ) ;
#3567 = DIRECTION ( 'NONE',  ( -1.972152263052529514E-31, -1.000000000000000000, -3.491481338843133355E-15 ) ) ;
#3568 =( NAMED_UNIT ( * ) SI_UNIT ( $, .STERADIAN. ) SOLID_ANGLE_UNIT ( ) );
#3569 = DIRECTION ( 'NONE',  ( 0.0000000000000000000, -1.000000000000000000, -3.491481338843133355E-15 ) ) ;
#3570 = FACE_OUTER_BOUND ( 'NONE', #8450, .T. ) ;
#3571 = ORIENTED_EDGE ( 'NONE', *, *, #4985, .F. ) ;
#3572 = CARTESIAN_POINT ( 'NONE',  ( -0.07594281625977920835, -0.1030524002363113201, -0.01867101149142528019 ) ) ;
#3573 = VERTEX_POINT ( 'NONE', #1388 ) ;
#3574 = CARTESIAN_POINT ( 'NONE',  ( -0.08275244242718270138, -0.04329151035579624496, -0.01867101149142505120 ) ) ;
#3575 = FILL_AREA_STYLE ('',( #7601 ) ) ;
#3576 = VECTOR ( 'NONE', #8499, 1000.000000000000000 ) ;
#3577 = STYLED_ITEM ( 'NONE', ( #6318 ), #678 ) ;
#3578 = AXIS2_PLACEMENT_3D ( 'NONE', #8365, #1049, #3023 ) ;
#3579 = PLANE ( 'NONE',  #3550 ) ;
#3580 = PRESENTATION_LAYER_ASSIGNMENT (  '', '', ( #4921 ) ) ;
#3581 = ORIENTED_EDGE ( 'NONE', *, *, #1507, .T. ) ;
#3582 = DIRECTION ( 'NONE',  ( -1.000000000000000000, -1.376535146460481305E-30, 3.942553354492744024E-16 ) ) ;
#3583 = VERTEX_POINT ( 'NONE', #4736 ) ;
#3584 = VECTOR ( 'NONE', #5791, 1000.000000000000000 ) ;
#3585 = DIRECTION ( 'NONE',  ( 0.0000000000000000000, 1.000000000000000000, 3.491481338843133355E-15 ) ) ;
#3586 = EDGE_CURVE ( 'NONE', #1700, #8122, #5838, .T. ) ;
#3587 = ORIENTED_EDGE ( 'NONE', *, *, #8536, .T. ) ;
#3588 = MECHANICAL_DESIGN_GEOMETRIC_PRESENTATION_REPRESENTATION (  '', ( #1029 ), #5796 ) ;
#3589 = ORIENTED_EDGE ( 'NONE', *, *, #7396, .T. ) ;
#3590 = SURFACE_SIDE_STYLE ('',( #7146 ) ) ;
#3591 = DIRECTION ( 'NONE',  ( 0.0000000000000000000, 1.000000000000000000, 4.302927372051853611E-15 ) ) ;
#3592 =( NAMED_UNIT ( * ) SI_UNIT ( $, .STERADIAN. ) SOLID_ANGLE_UNIT ( ) );
#3593 = CARTESIAN_POINT ( 'NONE',  ( 0.1143536544606393035, -0.09850275059986057791, -0.02867101149142507743 ) ) ;
#3594 = ORIENTED_EDGE ( 'NONE', *, *, #4413, .T. ) ;
#3595 = FILL_AREA_STYLE_COLOUR ( '', #8170 ) ;
#3596 = EDGE_CURVE ( 'NONE', #6244, #6575, #5430, .T. ) ;
#3597 = CARTESIAN_POINT ( 'NONE',  ( -0.09306518296233363963, -0.08507899486235762088, -0.01867101149142528019 ) ) ;
#3598 = PRESENTATION_LAYER_ASSIGNMENT (  '', '', ( #4645 ) ) ;
#3599 = DIRECTION ( 'NONE',  ( 0.0000000000000000000, 4.336808689942017736E-15, -1.000000000000000000 ) ) ;
#3600 = B_SPLINE_CURVE_WITH_KNOTS ( 'NONE', 3,
 ( #7467, #3444, #6745, #2777, #7410, #154, #4809, #6725, #5417, #7071, #79, #4176, #3479, #7654, #7114, #3256, #7195, #606, #7869 ),
 .UNSPECIFIED., .F., .F.,
 ( 4, 1, 1, 1, 1, 1, 1, 1, 1, 1, 1, 1, 1, 1, 1, 1, 4 ),
 ( 0.0000000000000000000, 0.06807022544602514547, 0.1334304311243613983, 0.1961504414953044451, 0.2571279473187754738, 0.3168673125347739039, 0.3761731906999620234, 0.4359476605849043618, 0.4965239232888287724, 0.5574553990935481318, 0.6176782722867170117, 0.6779364036295142393, 0.7387994153869098524, 0.8009448638132562470, 0.8648116296622978538, 0.9310232311067556665, 1.000000000000000000 ),
 .UNSPECIFIED. ) ;
#3601 = ORIENTED_EDGE ( 'NONE', *, *, #7246, .T. ) ;
#3602 = LINE ( 'NONE', #2944, #2462 ) ;
#3603 = ORIENTED_EDGE ( 'NONE', *, *, #1645, .F. ) ;
#3604 =( NAMED_UNIT ( * ) SI_UNIT ( $, .STERADIAN. ) SOLID_ANGLE_UNIT ( ) );
#3605 = VERTEX_POINT ( 'NONE', #2741 ) ;
#3606 = DIRECTION ( 'NONE',  ( -0.0000000000000000000, -1.000000000000000000, -3.491481338843133355E-15 ) ) ;
#3607 = UNCERTAINTY_MEASURE_WITH_UNIT (LENGTH_MEASURE( 1.000000000000000082E-05 ), #7858, 'distance_accuracy_value', 'NONE');
#3608 = UNCERTAINTY_MEASURE_WITH_UNIT (LENGTH_MEASURE( 1.000000000000000082E-05 ), #2901, 'distance_accuracy_value', 'NONE');
#3609 = ORIENTED_EDGE ( 'NONE', *, *, #2423, .T. ) ;
#3610 = DIRECTION ( 'NONE',  ( -0.7071067811865490160, 2.468850131082259822E-15, -0.7071067811865460184 ) ) ;
#3611 = CARTESIAN_POINT ( 'NONE',  ( 1.149999999999999911, -0.1834718456514242702, -0.5286710114914259240 ) ) ;
#3612 = ORIENTED_EDGE ( 'NONE', *, *, #7989, .F. ) ;
#3613 = ORIENTED_EDGE ( 'NONE', *, *, #737, .F. ) ;
#3614 = EDGE_CURVE ( 'NONE', #978, #2562, #7921, .T. ) ;
#3615 = FACE_OUTER_BOUND ( 'NONE', #3791, .T. ) ;
#3616 = AXIS2_PLACEMENT_3D ( 'NONE', #4716, #1369, #3395 ) ;
#3617 = SURFACE_SIDE_STYLE ('',( #7997 ) ) ;
#3618 = SURFACE_STYLE_FILL_AREA ( #5550 ) ;
#3619 = FILL_AREA_STYLE ('',( #8273 ) ) ;
#3620 = PLANE ( 'NONE',  #966 ) ;
#3621 = CARTESIAN_POINT ( 'NONE',  ( -0.08136214266496520631, -0.08025667455981831677, -0.01867101149142505120 ) ) ;
#3622 = VERTEX_POINT ( 'NONE', #4044 ) ;
#3623 = CARTESIAN_POINT ( 'NONE',  ( 0.09792553012130604528, -0.009620962249925471207, -0.02867101149142464375 ) ) ;
#3624 = SURFACE_STYLE_FILL_AREA ( #8247 ) ;
#3625 = CARTESIAN_POINT ( 'NONE',  ( -0.8500000000000000888, -0.1834718456514251306, -0.5286710114914248138 ) ) ;
#3626 = SURFACE_STYLE_FILL_AREA ( #2364 ) ;
#3627 = CARTESIAN_POINT ( 'NONE',  ( 0.2085390971944766358, -0.1108404744450473406, -0.02867101149142507743 ) ) ;
#3628 = MECHANICAL_DESIGN_GEOMETRIC_PRESENTATION_REPRESENTATION (  '', ( #7015 ), #1065 ) ;
#3629 = CARTESIAN_POINT ( 'NONE',  ( -3.300000000000000711, -1.283471845651438459, 3.521328988508570568 ) ) ;
#3630 = LINE ( 'NONE', #41, #7356 ) ;
#3631 = VERTEX_POINT ( 'NONE', #6043 ) ;
#3632 = CARTESIAN_POINT ( 'NONE',  ( -0.08007034935969851996, -0.1001597405641434790, -0.02867101149142507743 ) ) ;
#3633 = VERTEX_POINT ( 'NONE', #6709 ) ;
#3634 = LINE ( 'NONE', #1101, #2094 ) ;
#3635 = DIRECTION ( 'NONE',  ( 0.0000000000000000000, -1.000000000000000000, -3.491481338843133355E-15 ) ) ;
#3636 = CARTESIAN_POINT ( 'NONE',  ( -1.600000000000000533, -1.083471845651435617, 2.696328988508570834 ) ) ;
#3637 = DIRECTION ( 'NONE',  ( 3.491481338843133355E-15, -1.000000000000000000, -3.491481338843133355E-15 ) ) ;
#3638 = ORIENTED_EDGE ( 'NONE', *, *, #2693, .T. ) ;
#3639 = CARTESIAN_POINT ( 'NONE',  ( 0.1327646527105388052, -0.1017463590574335247, -0.02867101149142507743 ) ) ;
#3640 = MECHANICAL_DESIGN_GEOMETRIC_PRESENTATION_REPRESENTATION (  '', ( #3475 ), #680 ) ;
#3641 = CARTESIAN_POINT ( 'NONE',  ( 0.1487392668223337933, -0.06078141415572077544, -0.02867101149142507743 ) ) ;
#3642 = COLOUR_RGB ( '',0.7764705882352941346, 0.7568627450980391913, 0.7372549019607843590 ) ;
#3643 = ORIENTED_EDGE ( 'NONE', *, *, #3085, .F. ) ;
#3644 = PRESENTATION_STYLE_ASSIGNMENT (( #4946 ) ) ;
#3645 = CYLINDRICAL_SURFACE ( 'NONE', #4999, 0.04999999999999991257 ) ;
#3646 = SURFACE_STYLE_USAGE ( .BOTH. , #6904 ) ;
#3647 = EDGE_CURVE ( 'NONE', #2681, #8302, #8541, .T. ) ;
#3648 = EDGE_CURVE ( 'NONE', #2072, #1109, #7101, .T. ) ;
#3649 = PLANE ( 'NONE',  #4855 ) ;
#3650 = VERTEX_POINT ( 'NONE', #2769 ) ;
#3651 = FACE_OUTER_BOUND ( 'NONE', #4022, .T. ) ;
#3652 = DIRECTION ( 'NONE',  ( -1.000000000000000000, -0.0000000000000000000, 0.0000000000000000000 ) ) ;
#3653 = FACE_OUTER_BOUND ( 'NONE', #177, .T. ) ;
#3654 = CARTESIAN_POINT ( 'NONE',  ( -2.799999999999999822, -1.283471845651426024, 0.02132898850857102221 ) ) ;
#3655 = VECTOR ( 'NONE', #3089, 1000.000000000000000 ) ;
#3656 = B_SPLINE_CURVE_WITH_KNOTS ( 'NONE', 3,
 ( #4062, #113, #4853, #7420, #5512, #8137, #7450, #2115, #4156, #2759, #861 ),
 .UNSPECIFIED., .F., .F.,
 ( 4, 1, 1, 1, 1, 1, 1, 1, 4 ),
 ( 0.0000000000000000000, 0.1124483899088019601, 0.2265276752126784698, 0.3444019493260280229, 0.4658649724874588949, 0.5916594493521172282, 0.7221684870248874510, 0.8586063875549264646, 1.000000000000000000 ),
 .UNSPECIFIED. ) ;
#3657 = CARTESIAN_POINT ( 'NONE',  ( -0.04645328085430373150, -0.02181608420114499597, -0.02867101149142507743 ) ) ;
#3658 = EDGE_LOOP ( 'NONE', ( #7523, #7848, #4543, #8043, #5381, #7757, #8530, #2840, #1984, #6051, #6128, #1812 ) ) ;
#3659 = SURFACE_STYLE_USAGE ( .BOTH. , #1693 ) ;
#3660 = LINE ( 'NONE', #1310, #1815 ) ;
#3661 = AXIS2_PLACEMENT_3D ( 'NONE', #7686, #981, #3067 ) ;
#3662 = EDGE_CURVE ( 'NONE', #8431, #5849, #4086, .T. ) ;
#3663 = FILL_AREA_STYLE_COLOUR ( '', #7946 ) ;
#3664 = CARTESIAN_POINT ( 'NONE',  ( 0.0000000000000000000, -1.283471845651435572, 2.731321192064205317 ) ) ;
#3665 = VERTEX_POINT ( 'NONE', #6065 ) ;
#3666 = ORIENTED_EDGE ( 'NONE', *, *, #6109, .T. ) ;
#3667 = EDGE_CURVE ( 'NONE', #2780, #4641, #4190, .T. ) ;
#3668 = DIRECTION ( 'NONE',  ( 0.0000000000000000000, 1.000000000000000000, 3.491481338843133355E-15 ) ) ;
#3669 = FILL_AREA_STYLE_COLOUR ( '', #5628 ) ;
#3670 = MECHANICAL_DESIGN_GEOMETRIC_PRESENTATION_REPRESENTATION (  '', ( #2030 ), #4122 ) ;
#3671 = LINE ( 'NONE', #1466, #5949 ) ;
#3672 = ORIENTED_EDGE ( 'NONE', *, *, #1036, .F. ) ;
#3673 = MECHANICAL_DESIGN_GEOMETRIC_PRESENTATION_REPRESENTATION (  '', ( #3786 ), #1761 ) ;
#3674 = CARTESIAN_POINT ( 'NONE',  ( 3.299999999999998934, 0.6865281543485617366, 3.521328988508577673 ) ) ;
#3675 =( LENGTH_UNIT ( ) NAMED_UNIT ( * ) SI_UNIT ( .MILLI., .METRE. ) );
#3676 = SURFACE_STYLE_USAGE ( .BOTH. , #7042 ) ;
#3677 = EDGE_LOOP ( 'NONE', ( #7135, #392, #1086, #3057 ) ) ;
#3678 = CARTESIAN_POINT ( 'NONE',  ( -0.1501689820738158765, -0.02303559639626685113, -0.01867101149142505120 ) ) ;
#3679 = ADVANCED_FACE ( 'NONE', ( #641 ), #3557, .F. ) ;
#3680 = FACE_OUTER_BOUND ( 'NONE', #6794, .T. ) ;
#3681 = AXIS2_PLACEMENT_3D ( 'NONE', #748, #5397, #4763 ) ;
#3682 = DIRECTION ( 'NONE',  ( -1.000000000000000000, 2.744815626545565767E-16, 4.336808689942027104E-16 ) ) ;
#3683 =( GEOMETRIC_REPRESENTATION_CONTEXT ( 3 ) GLOBAL_UNCERTAINTY_ASSIGNED_CONTEXT ( ( #2338 ) ) GLOBAL_UNIT_ASSIGNED_CONTEXT ( ( #690, #5366, #2610 ) ) REPRESENTATION_CONTEXT ( 'NONE', 'WORKASPACE' ) );
#3684 = DIRECTION ( 'NONE',  ( -0.7071067811865490160, -2.468850131082259822E-15, 0.7071067811865460184 ) ) ;
#3685 = FILL_AREA_STYLE_COLOUR ( '', #4385 ) ;
#3686 = LINE ( 'NONE', #3664, #3170 ) ;
#3687 = VERTEX_POINT ( 'NONE', #6832 ) ;
#3688 = CARTESIAN_POINT ( 'NONE',  ( 2.148518552703153173, -1.383471845651430332, 1.177033865392921985 ) ) ;
#3689 = EDGE_CURVE ( 'NONE', #7038, #6090, #4918, .T. ) ;
#3690 = MECHANICAL_DESIGN_GEOMETRIC_PRESENTATION_REPRESENTATION (  '', ( #2929 ), #2809 ) ;
#3691 = FACE_OUTER_BOUND ( 'NONE', #6215, .T. ) ;
#3692 =( LENGTH_UNIT ( ) NAMED_UNIT ( * ) SI_UNIT ( .MILLI., .METRE. ) );
#3693 = COLOUR_RGB ( '',1.000000000000000000, 1.000000000000000000, 1.000000000000000000 ) ;
#3694 = DIRECTION ( 'NONE',  ( 0.0000000000000000000, -1.000000000000000000, -3.491481338843133355E-15 ) ) ;
#3695 = ORIENTED_EDGE ( 'NONE', *, *, #5196, .T. ) ;
#3696 =( LENGTH_UNIT ( ) NAMED_UNIT ( * ) SI_UNIT ( .MILLI., .METRE. ) );
#3697 = DIRECTION ( 'NONE',  ( 0.0000000000000000000, -1.000000000000000000, -3.491481338843133355E-15 ) ) ;
#3698 = FILL_AREA_STYLE ('',( #1064 ) ) ;
#3699 = ORIENTED_EDGE ( 'NONE', *, *, #2538, .F. ) ;
#3700 = ORIENTED_EDGE ( 'NONE', *, *, #6199, .F. ) ;
#3701 = EDGE_CURVE ( 'NONE', #3844, #7588, #2487, .T. ) ;
#3702 = ORIENTED_EDGE ( 'NONE', *, *, #24, .F. ) ;
#3703 = ORIENTED_EDGE ( 'NONE', *, *, #7585, .F. ) ;
#3704 = VECTOR ( 'NONE', #2858, 1000.000000000000000 ) ;
#3705 = MECHANICAL_DESIGN_GEOMETRIC_PRESENTATION_REPRESENTATION (  '', ( #4477 ), #313 ) ;
#3706 = LINE ( 'NONE', #2654, #7867 ) ;
#3707 = CARTESIAN_POINT ( 'NONE',  ( -0.1498413696466823208, -0.02509622219135933946, -0.02867101149142507743 ) ) ;
#3708 = DIRECTION ( 'NONE',  ( 0.0000000000000000000, -3.491481338843133355E-15, 1.000000000000000000 ) ) ;
#3709 = B_SPLINE_CURVE_WITH_KNOTS ( 'NONE', 3,
 ( #6989, #1769, #370, #6380, #5019, #7771, #5679, #3739, #6350, #457, #2415 ),
 .UNSPECIFIED., .F., .F.,
 ( 4, 1, 1, 1, 1, 1, 1, 1, 4 ),
 ( 0.0000000000000000000, 0.1124483899088019601, 0.2265276752126784698, 0.3444019493260280229, 0.4658649724874588949, 0.5916594493521172282, 0.7221684870248874510, 0.8586063875549264646, 1.000000000000000000 ),
 .UNSPECIFIED. ) ;
#3710 = DIRECTION ( 'NONE',  ( 1.000000000000000000, -3.785471652766323676E-30, 1.084202172485504631E-15 ) ) ;
#3711 = VECTOR ( 'NONE', #5756, 1000.000000000000000 ) ;
#3712 = SURFACE_STYLE_USAGE ( .BOTH. , #5152 ) ;
#3713 = VERTEX_POINT ( 'NONE', #907 ) ;
#3714 = ORIENTED_EDGE ( 'NONE', *, *, #599, .T. ) ;
#3715 = VECTOR ( 'NONE', #4881, 1000.000000000000000 ) ;
#3716 = FILL_AREA_STYLE ('',( #6837 ) ) ;
#3717 = B_SPLINE_SURFACE_WITH_KNOTS ( 'NONE', 3, 1, ( 
 ( #6707, #670 ),
 ( #3381, #6670 ),
 ( #4008, #57 ),
 ( #3977, #3 ),
 ( #5311, #4672 ),
 ( #5980, #693 ),
 ( #2034, #6641 ),
 ( #7343, #4040 ),
 ( #723, #2670 ),
 ( #7312, #3348 ),
 ( #7998, #1385 ) ),
 .UNSPECIFIED., .F., .F., .F.,
 ( 4, 1, 1, 1, 1, 1, 1, 1, 4 ),
 ( 2, 2 ),
 ( 0.0000000000000000000, 0.1451868664724695890, 0.2834426109197293875, 0.4165243659288279110, 0.5431811235350815226, 0.6651530826377132222, 0.7813602063127137454, 0.8927566556418080612, 1.000000000000000000 ),
 ( 0.0000000000000000000, 1.000000000000000000 ),
 .UNSPECIFIED. ) ;
#3718 = COLOUR_RGB ( '',0.1098039215686274495, 0.1098039215686274495, 0.1098039215686274495 ) ;
#3719 = ORIENTED_EDGE ( 'NONE', *, *, #5614, .T. ) ;
#3720 = EDGE_CURVE ( 'NONE', #1722, #6395, #7163, .T. ) ;
#3721 =( GEOMETRIC_REPRESENTATION_CONTEXT ( 3 ) GLOBAL_UNCERTAINTY_ASSIGNED_CONTEXT ( ( #4016 ) ) GLOBAL_UNIT_ASSIGNED_CONTEXT ( ( #2983, #7850, #2510 ) ) REPRESENTATION_CONTEXT ( 'NONE', 'WORKASPACE' ) );
#3722 = ORIENTED_EDGE ( 'NONE', *, *, #1941, .T. ) ;
#3723 = PRESENTATION_LAYER_ASSIGNMENT (  '', '', ( #7777 ) ) ;
#3724 = ADVANCED_FACE ( 'NONE', ( #4691 ), #4893, .F. ) ;
#3725 = CARTESIAN_POINT ( 'NONE',  ( -0.8499999999999998668, -0.1834718456514251306, -0.02867101149142551111 ) ) ;
#3726 = SURFACE_STYLE_USAGE ( .BOTH. , #1805 ) ;
#3727 = CARTESIAN_POINT ( 'NONE',  ( -1.599999999999999423, 1.186528154348567510, 1.839362977258476528 ) ) ;
#3728 = VECTOR ( 'NONE', #6843, 1000.000000000000000 ) ;
#3729 = DIRECTION ( 'NONE',  ( -0.0000000000000000000, 1.000000000000000000, 3.491481338843134539E-15 ) ) ;
#3730 = FILL_AREA_STYLE ('',( #7040 ) ) ;
#3731 = ORIENTED_EDGE ( 'NONE', *, *, #822, .T. ) ;
#3732 = VECTOR ( 'NONE', #14, 1000.000000000000000 ) ;
#3733 = LINE ( 'NONE', #3657, #201 ) ;
#3734 = PRESENTATION_LAYER_ASSIGNMENT (  '', '', ( #1362 ) ) ;
#3735 = SURFACE_SIDE_STYLE ('',( #3788 ) ) ;
#3736 = MECHANICAL_DESIGN_GEOMETRIC_PRESENTATION_REPRESENTATION (  '', ( #2259 ), #3297 ) ;
#3737 = CARTESIAN_POINT ( 'NONE',  ( -0.1438999271957671078, -0.01084047444504729341, -0.02867101149142507743 ) ) ;
#3738 = VECTOR ( 'NONE', #7824, 1000.000000000000000 ) ;
#3739 = CARTESIAN_POINT ( 'NONE',  ( 0.09403409270932476527, -0.1116958409842687544, -0.01867101149142505120 ) ) ;
#3740 = ORIENTED_EDGE ( 'NONE', *, *, #1055, .T. ) ;
#3741 =( NAMED_UNIT ( * ) SI_UNIT ( $, .STERADIAN. ) SOLID_ANGLE_UNIT ( ) );
#3742 = COLOUR_RGB ( '',0.7764705882352941346, 0.7568627450980391913, 0.7372549019607843590 ) ;
#3743 = DIRECTION ( 'NONE',  ( 0.0000000000000000000, 1.000000000000000000, 3.491481338843133355E-15 ) ) ;
#3744 = EDGE_CURVE ( 'NONE', #6915, #5473, #5420, .T. ) ;
#3745 = FACE_OUTER_BOUND ( 'NONE', #565, .T. ) ;
#3746 = MECHANICAL_DESIGN_GEOMETRIC_PRESENTATION_REPRESENTATION (  '', ( #5358 ), #918 ) ;
#3747 = CARTESIAN_POINT ( 'NONE',  ( 0.1470795281475745508, -0.07816515675816899933, -0.02867101149142507743 ) ) ;
#3748 = FACE_OUTER_BOUND ( 'NONE', #5992, .T. ) ;
#3749 = VECTOR ( 'NONE', #3541, 1000.000000000000000 ) ;
#3750 = UNCERTAINTY_MEASURE_WITH_UNIT (LENGTH_MEASURE( 1.000000000000000082E-05 ), #1030, 'distance_accuracy_value', 'NONE');
#3751 = EDGE_CURVE ( 'NONE', #6962, #6924, #1811, .T. ) ;
#3752 = CIRCLE ( 'NONE', #6160, 0.2000000000000000944 ) ;
#3753 = LINE ( 'NONE', #5935, #4810 ) ;
#3754 = FILL_AREA_STYLE ('',( #1866 ) ) ;
#3755 =( GEOMETRIC_REPRESENTATION_CONTEXT ( 3 ) GLOBAL_UNCERTAINTY_ASSIGNED_CONTEXT ( ( #8349 ) ) GLOBAL_UNIT_ASSIGNED_CONTEXT ( ( #8580, #4596, #5352 ) ) REPRESENTATION_CONTEXT ( 'NONE', 'WORKASPACE' ) );
#3756 =( LENGTH_UNIT ( ) NAMED_UNIT ( * ) SI_UNIT ( .MILLI., .METRE. ) );
#3757 = ORIENTED_EDGE ( 'NONE', *, *, #3051, .T. ) ;
#3758 = PRESENTATION_STYLE_ASSIGNMENT (( #2896 ) ) ;
#3759 = VERTEX_POINT ( 'NONE', #4326 ) ;
#3760 = DIRECTION ( 'NONE',  ( 0.0000000000000000000, -1.000000000000000000, -3.491481338843133355E-15 ) ) ;
#3761 = FACE_OUTER_BOUND ( 'NONE', #5566, .T. ) ;
#3762 = DIRECTION ( 'NONE',  ( -1.000000000000000000, -4.336808689942020694E-16, -1.514188661106530136E-30 ) ) ;
#3763 = CARTESIAN_POINT ( 'NONE',  ( -2.098518552703154683, -1.333471845651429843, 1.127033865392921719 ) ) ;
#3764 =( LENGTH_UNIT ( ) NAMED_UNIT ( * ) SI_UNIT ( .MILLI., .METRE. ) );
#3765 = CARTESIAN_POINT ( 'NONE',  ( -2.375000000000001332, 1.476528154348573763, -0.02867101149141900590 ) ) ;
#3766 = LINE ( 'NONE', #4569, #2625 ) ;
#3767 = SURFACE_STYLE_USAGE ( .BOTH. , #8417 ) ;
#3768 = UNCERTAINTY_MEASURE_WITH_UNIT (LENGTH_MEASURE( 1.000000000000000082E-05 ), #6890, 'distance_accuracy_value', 'NONE');
#3769 = MECHANICAL_DESIGN_GEOMETRIC_PRESENTATION_REPRESENTATION (  '', ( #2941 ), #2599 ) ;
#3770 = ORIENTED_EDGE ( 'NONE', *, *, #7614, .F. ) ;
#3771 = EDGE_CURVE ( 'NONE', #4107, #5668, #2024, .T. ) ;
#3772 =( NAMED_UNIT ( * ) SI_UNIT ( $, .STERADIAN. ) SOLID_ANGLE_UNIT ( ) );
#3773 = ORIENTED_EDGE ( 'NONE', *, *, #1617, .F. ) ;
#3774 = FACE_OUTER_BOUND ( 'NONE', #3910, .T. ) ;
#3775 = DIRECTION ( 'NONE',  ( 0.0000000000000000000, -3.491481338843133355E-15, 1.000000000000000000 ) ) ;
#3776 = ADVANCED_FACE ( 'NONE', ( #3352 ), #1614, .T. ) ;
#3777 = LINE ( 'NONE', #8608, #8358 ) ;
#3778 = ORIENTED_EDGE ( 'NONE', *, *, #6285, .F. ) ;
#3779 = FILL_AREA_STYLE_COLOUR ( '', #8079 ) ;
#3780 = ORIENTED_EDGE ( 'NONE', *, *, #6657, .T. ) ;
#3781 = ADVANCED_FACE ( 'NONE', ( #1270 ), #3579, .F. ) ;
#3782 = CARTESIAN_POINT ( 'NONE',  ( -0.1207291954884500279, -0.1108404744450473406, -0.02867101149142507743 ) ) ;
#3783 = AXIS2_PLACEMENT_3D ( 'NONE', #5943, #3344, #2054 ) ;
#3784 = CARTESIAN_POINT ( 'NONE',  ( -0.04590068939088910033, -0.09986486468894989477, -0.01867101149142505120 ) ) ;
#3785 = CARTESIAN_POINT ( 'NONE',  ( 0.1328271481906107276, -0.04490709251754363557, -0.01867101149142505120 ) ) ;
#3786 = STYLED_ITEM ( 'NONE', ( #6303 ), #5762 ) ;
#3787 = LINE ( 'NONE', #6564, #6914 ) ;
#3788 = SURFACE_STYLE_FILL_AREA ( #6349 ) ;
#3789 = CARTESIAN_POINT ( 'NONE',  ( -0.1207291954884500279, -0.1108404744450473406, -0.02867101149142507743 ) ) ;
#3790 = LINE ( 'NONE', #1826, #2757 ) ;
#3791 = EDGE_LOOP ( 'NONE', ( #6400, #2512, #7018, #5025 ) ) ;
#3792 =( NAMED_UNIT ( * ) PLANE_ANGLE_UNIT ( ) SI_UNIT ( $, .RADIAN. ) );
#3793 = FACE_OUTER_BOUND ( 'NONE', #6659, .T. ) ;
#3794 = CARTESIAN_POINT ( 'NONE',  ( -0.06227161976484717892, -0.01263038659809864218, -0.01867101149142621000 ) ) ;
#3795 = PRESENTATION_STYLE_ASSIGNMENT (( #7373 ) ) ;
#3796 = STYLED_ITEM ( 'NONE', ( #3009 ), #1839 ) ;
#3797 = CARTESIAN_POINT ( 'NONE',  ( 3.149999999999995914, -1.083471845651428511, 0.7213289885085713005 ) ) ;
#3798 = ORIENTED_EDGE ( 'NONE', *, *, #85, .T. ) ;
#3799 = PRESENTATION_LAYER_ASSIGNMENT (  '', '', ( #3360 ) ) ;
#3800 = PLANE ( 'NONE',  #4463 ) ;
#3801 = ORIENTED_EDGE ( 'NONE', *, *, #8046, .F. ) ;
#3802 = LINE ( 'NONE', #3981, #1326 ) ;
#3803 = VERTEX_POINT ( 'NONE', #4998 ) ;
#3804 = CARTESIAN_POINT ( 'NONE',  ( 0.1019079996335011673, -0.1120599866401693762, -0.02867101149142507743 ) ) ;
#3805 = ORIENTED_EDGE ( 'NONE', *, *, #8469, .F. ) ;
#3806 = EDGE_CURVE ( 'NONE', #4495, #5950, #1164, .T. ) ;
#3807 = CARTESIAN_POINT ( 'NONE',  ( -0.04740745884844765196, -0.09983232135056595291, -0.01867101149142505120 ) ) ;
#3808 = ORIENTED_EDGE ( 'NONE', *, *, #439, .F. ) ;
#3809 = ORIENTED_EDGE ( 'NONE', *, *, #5979, .T. ) ;
#3810 = CARTESIAN_POINT ( 'NONE',  ( 3.149999999999995914, -1.083471845651436061, 2.921328988508570923 ) ) ;
#3811 = ORIENTED_EDGE ( 'NONE', *, *, #1291, .T. ) ;
#3812 = DIRECTION ( 'NONE',  ( 0.0000000000000000000, -1.000000000000000000, -3.491481338843133355E-15 ) ) ;
#3813 = VECTOR ( 'NONE', #7062, 1000.000000000000000 ) ;
#3814 = CARTESIAN_POINT ( 'NONE',  ( -0.1670897137811329647, -0.07181608420114490854, -0.02867101149142507743 ) ) ;
#3815 = CARTESIAN_POINT ( 'NONE',  ( 0.0000000000000000000, -1.283471845651430021, 1.127033865392922163 ) ) ;
#3816 = ADVANCED_FACE ( 'NONE', ( #3452 ), #4472, .T. ) ;
#3817 = VECTOR ( 'NONE', #643, 1000.000000000000000 ) ;
#3818 =( NAMED_UNIT ( * ) SI_UNIT ( $, .STERADIAN. ) SOLID_ANGLE_UNIT ( ) );
#3819 = STYLED_ITEM ( 'NONE', ( #7896 ), #4554 ) ;
#3820 = EDGE_LOOP ( 'NONE', ( #3780, #191, #8396, #1 ) ) ;
#3821 = FILL_AREA_STYLE_COLOUR ( '', #3276 ) ;
#3822 = CARTESIAN_POINT ( 'NONE',  ( 0.1340652882662969614, -0.07433372249660441522, -0.02867101149142507743 ) ) ;
#3823 = LINE ( 'NONE', #7932, #5065 ) ;
#3824 = VECTOR ( 'NONE', #770, 1000.000000000000000 ) ;
#3825 = SURFACE_STYLE_FILL_AREA ( #594 ) ;
#3826 = CARTESIAN_POINT ( 'NONE',  ( -0.07166403985177248470, -0.01592262720028262551, -0.02867101149142507743 ) ) ;
#3827 = SURFACE_STYLE_USAGE ( .BOTH. , #488 ) ;
#3828 = CARTESIAN_POINT ( 'NONE',  ( -0.04740745884844765196, -0.09983232135056573087, -0.02867101149142507743 ) ) ;
#3829 = CARTESIAN_POINT ( 'NONE',  ( 0.1487517014625492906, -0.06453903607432343037, -0.01867101149142489855 ) ) ;
#3830 = PRESENTATION_STYLE_ASSIGNMENT (( #2240 ) ) ;
#3831 =( NAMED_UNIT ( * ) SI_UNIT ( $, .STERADIAN. ) SOLID_ANGLE_UNIT ( ) );
#3832 = ORIENTED_EDGE ( 'NONE', *, *, #6033, .T. ) ;
#3833 = COLOUR_RGB ( '',0.7764705882352941346, 0.7568627450980391913, 0.7372549019607843590 ) ;
#3834 = CARTESIAN_POINT ( 'NONE',  ( 0.1000596764627694757, -0.1010843768840718887, -0.01867101149142505120 ) ) ;
#3835 = EDGE_CURVE ( 'NONE', #8176, #1643, #1060, .T. ) ;
#3836 = AXIS2_PLACEMENT_3D ( 'NONE', #2720, #4749, #7501 ) ;
#3837 = ORIENTED_EDGE ( 'NONE', *, *, #1670, .T. ) ;
#3838 = LINE ( 'NONE', #3974, #2201 ) ;
#3839 = FILL_AREA_STYLE_COLOUR ( '', #4471 ) ;
#3840 = CARTESIAN_POINT ( 'NONE',  ( -3.299999999999999378, -1.083471845651437615, 3.321328988508572166 ) ) ;
#3841 = SURFACE_STYLE_USAGE ( .BOTH. , #4531 ) ;
#3842 = SURFACE_STYLE_FILL_AREA ( #5701 ) ;
#3843 = FILL_AREA_STYLE_COLOUR ( '', #7171 ) ;
#3844 = VERTEX_POINT ( 'NONE', #6278 ) ;
#3845 = MECHANICAL_DESIGN_GEOMETRIC_PRESENTATION_REPRESENTATION (  '', ( #559 ), #3075 ) ;
#3846 = CARTESIAN_POINT ( 'NONE',  ( 0.1432532846799481063, -0.03644305402520438275, -0.01867101149142505120 ) ) ;
#3847 = DIRECTION ( 'NONE',  ( 1.000000000000000000, 0.0000000000000000000, 0.0000000000000000000 ) ) ;
#3848 = FILL_AREA_STYLE ('',( #6480 ) ) ;
#3849 = CARTESIAN_POINT ( 'NONE',  ( 0.1013443497691281781, -0.1010512763560587057, -0.02867101149142507743 ) ) ;
#3850 = PRESENTATION_STYLE_ASSIGNMENT (( #1896 ) ) ;
#3851 = CARTESIAN_POINT ( 'NONE',  ( -0.1494287031545386835, -0.02697194092945585930, -0.01867101149142505120 ) ) ;
#3852 = DIRECTION ( 'NONE',  ( -1.000000000000000000, -0.0000000000000000000, 0.0000000000000000000 ) ) ;
#3853 = EDGE_CURVE ( 'NONE', #3665, #1551, #7492, .T. ) ;
#3854 = CARTESIAN_POINT ( 'NONE',  ( 0.1360844012691325988, -0.09857639640505830303, -0.01867101149142489855 ) ) ;
#3855 = PRESENTATION_STYLE_ASSIGNMENT (( #2111 ) ) ;
#3856 = PLANE ( 'NONE',  #8318 ) ;
#3857 = EDGE_CURVE ( 'NONE', #3289, #3665, #2117, .T. ) ;
#3858 = PRESENTATION_LAYER_ASSIGNMENT (  '', '', ( #1501 ) ) ;
#3859 = ORIENTED_EDGE ( 'NONE', *, *, #6706, .F. ) ;
#3860 = CARTESIAN_POINT ( 'NONE',  ( -3.300000000000000711, -1.283471845651437571, 3.321328988508570834 ) ) ;
#3861 = DIRECTION ( 'NONE',  ( 0.0000000000000000000, -1.000000000000000000, -4.302927372051852822E-15 ) ) ;
#3862 = ADVANCED_FACE ( 'NONE', ( #5100 ), #962, .T. ) ;
#3863 = EDGE_LOOP ( 'NONE', ( #6547, #4000, #7209, #2628 ) ) ;
#3864 = DIRECTION ( 'NONE',  ( 0.0000000000000000000, -3.491481338843133355E-15, 1.000000000000000000 ) ) ;
#3865 = LINE ( 'NONE', #2818, #1919 ) ;
#3866 = UNCERTAINTY_MEASURE_WITH_UNIT (LENGTH_MEASURE( 1.000000000000000082E-05 ), #214, 'distance_accuracy_value', 'NONE');
#3867 = FILL_AREA_STYLE ('',( #640 ) ) ;
#3868 = EDGE_CURVE ( 'NONE', #2043, #8197, #6139, .T. ) ;
#3869 = PRESENTATION_STYLE_ASSIGNMENT (( #96 ) ) ;
#3870 = ORIENTED_EDGE ( 'NONE', *, *, #5186, .T. ) ;
#3871 = FILL_AREA_STYLE_COLOUR ( '', #8202 ) ;
#3872 = CARTESIAN_POINT ( 'NONE',  ( 0.1249636547122133928, -0.03173413358779890447, -0.01867101149142505120 ) ) ;
#3873 = MECHANICAL_DESIGN_GEOMETRIC_PRESENTATION_REPRESENTATION (  '', ( #5926 ), #7429 ) ;
#3874 = DIRECTION ( 'NONE',  ( -1.000000000000000000, 0.0000000000000000000, 3.614007241618348771E-16 ) ) ;
#3875 = CARTESIAN_POINT ( 'NONE',  ( 0.1407750854232876769, -0.03203388301258394688, -0.01867101149142505120 ) ) ;
#3876 = UNCERTAINTY_MEASURE_WITH_UNIT (LENGTH_MEASURE( 1.000000000000000082E-05 ), #3456, 'distance_accuracy_value', 'NONE');
#3877 = CARTESIAN_POINT ( 'NONE',  ( 0.1000596764627694479, -0.1010843768840716805, -0.02867101149142507743 ) ) ;
#3878 = CYLINDRICAL_SURFACE ( 'NONE', #3323, 0.05000000000000000278 ) ;
#3879 = ORIENTED_EDGE ( 'NONE', *, *, #247, .F. ) ;
#3880 = CARTESIAN_POINT ( 'NONE',  ( 3.475000000000000089, -1.283471845651427801, 0.4963289885085708786 ) ) ;
#3881 = CARTESIAN_POINT ( 'NONE',  ( 0.1353405898621502512, -0.06336967148584128628, -0.02867101149142507743 ) ) ;
#3882 = CARTESIAN_POINT ( 'NONE',  ( -0.09866058159799939720, -0.05422543764653075388, -0.02867101149142507743 ) ) ;
#3883 = PLANE ( 'NONE',  #4839 ) ;
#3884 = PRODUCT ( 'SW-SMD_YTSB001XXXX', 'SW-SMD_YTSB001XXXX', '', ( #6760 ) ) ;
#3885 = EDGE_CURVE ( 'NONE', #7980, #875, #5928, .T. ) ;
#3886 =( GEOMETRIC_REPRESENTATION_CONTEXT ( 3 ) GLOBAL_UNCERTAINTY_ASSIGNED_CONTEXT ( ( #6092 ) ) GLOBAL_UNIT_ASSIGNED_CONTEXT ( ( #3387, #2125, #4046 ) ) REPRESENTATION_CONTEXT ( 'NONE', 'WORKASPACE' ) );
#3887 = ORIENTED_EDGE ( 'NONE', *, *, #5914, .T. ) ;
#3888 =( NAMED_UNIT ( * ) PLANE_ANGLE_UNIT ( ) SI_UNIT ( $, .RADIAN. ) );
#3889 = CARTESIAN_POINT ( 'NONE',  ( -0.06923044404382885930, -0.09400206482763408256, -0.01867101149142505120 ) ) ;
#3890 = PRESENTATION_STYLE_ASSIGNMENT (( #1684 ) ) ;
#3891 = VECTOR ( 'NONE', #2294, 1000.000000000000000 ) ;
#3892 = ORIENTED_EDGE ( 'NONE', *, *, #2776, .T. ) ;
#3893 = ORIENTED_EDGE ( 'NONE', *, *, #1348, .T. ) ;
#3894 = CARTESIAN_POINT ( 'NONE',  ( 0.0000000000000000000, -1.383471845651430110, 1.127033865392921719 ) ) ;
#3895 = PRESENTATION_LAYER_ASSIGNMENT (  '', '', ( #4497 ) ) ;
#3896 = CARTESIAN_POINT ( 'NONE',  ( -3.550000000000001155, -1.283471845651427135, 0.4713289885085705788 ) ) ;
#3897 = CARTESIAN_POINT ( 'NONE',  ( 0.1249636547122133928, -0.03173413358779886978, -0.02867101149142507743 ) ) ;
#3898 =( GEOMETRIC_REPRESENTATION_CONTEXT ( 3 ) GLOBAL_UNCERTAINTY_ASSIGNED_CONTEXT ( ( #2074 ) ) GLOBAL_UNIT_ASSIGNED_CONTEXT ( ( #1828, #2323, #7055 ) ) REPRESENTATION_CONTEXT ( 'NONE', 'WORKASPACE' ) );
#3899 = ORIENTED_EDGE ( 'NONE', *, *, #8110, .F. ) ;
#3900 = ADVANCED_FACE ( 'NONE', ( #2825 ), #430, .T. ) ;
#3901 = VERTEX_POINT ( 'NONE', #3133 ) ;
#3902 = CARTESIAN_POINT ( 'NONE',  ( -2.098518552703154683, -1.283471845651430021, 1.127033865392922163 ) ) ;
#3903 =( NAMED_UNIT ( * ) PLANE_ANGLE_UNIT ( ) SI_UNIT ( $, .RADIAN. ) );
#3904 = PLANE ( 'NONE',  #4003 ) ;
#3905 = ORIENTED_EDGE ( 'NONE', *, *, #3701, .F. ) ;
#3906 =( GEOMETRIC_REPRESENTATION_CONTEXT ( 3 ) GLOBAL_UNCERTAINTY_ASSIGNED_CONTEXT ( ( #7873 ) ) GLOBAL_UNIT_ASSIGNED_CONTEXT ( ( #7634, #339, #8228 ) ) REPRESENTATION_CONTEXT ( 'NONE', 'WORKASPACE' ) );
#3907 = VERTEX_POINT ( 'NONE', #1772 ) ;
#3908 =( GEOMETRIC_REPRESENTATION_CONTEXT ( 3 ) GLOBAL_UNCERTAINTY_ASSIGNED_CONTEXT ( ( #8017 ) ) GLOBAL_UNIT_ASSIGNED_CONTEXT ( ( #6783, #921, #4784 ) ) REPRESENTATION_CONTEXT ( 'NONE', 'WORKASPACE' ) );
#3909 = DIRECTION ( 'NONE',  ( -1.000000000000000000, -4.588450488201605226E-31, 1.314184451497581752E-16 ) ) ;
#3910 = EDGE_LOOP ( 'NONE', ( #5613, #1160, #4734, #4720 ) ) ;
#3911 = ORIENTED_EDGE ( 'NONE', *, *, #5740, .T. ) ;
#3912 = SURFACE_SIDE_STYLE ('',( #5348 ) ) ;
#3913 = VECTOR ( 'NONE', #5295, 1000.000000000000000 ) ;
#3914 = CARTESIAN_POINT ( 'NONE',  ( 3.499999999999999112, -1.283471845651437571, 3.321328988508570834 ) ) ;
#3915 = CARTESIAN_POINT ( 'NONE',  ( -0.05857504366135873886, -0.02307967293561488664, -0.01867101149142505120 ) ) ;
#3916 = SURFACE_STYLE_FILL_AREA ( #5378 ) ;
#3917 = ADVANCED_FACE ( 'NONE', ( #3131 ), #1273, .T. ) ;
#3918 = EDGE_CURVE ( 'NONE', #2681, #6426, #733, .T. ) ;
#3919 = CARTESIAN_POINT ( 'NONE',  ( -0.07498663169476317558, -0.08937849813740630922, -0.01867101149142505120 ) ) ;
#3920 = ORIENTED_EDGE ( 'NONE', *, *, #807, .T. ) ;
#3921 = FACE_OUTER_BOUND ( 'NONE', #6384, .T. ) ;
#3922 = AXIS2_PLACEMENT_3D ( 'NONE', #1307, #2658, #1988 ) ;
#3923 = PRESENTATION_STYLE_ASSIGNMENT (( #6692 ) ) ;
#3924 = DIRECTION ( 'NONE',  ( -0.0000000000000000000, 1.000000000000000000, 3.491481338843133355E-15 ) ) ;
#3925 = CIRCLE ( 'NONE', #5060, 0.2000000000000000944 ) ;
#3926 = SURFACE_SIDE_STYLE ('',( #1568 ) ) ;
#3927 = DIRECTION ( 'NONE',  ( 1.000000000000000000, 0.0000000000000000000, 0.0000000000000000000 ) ) ;
#3928 =( NAMED_UNIT ( * ) PLANE_ANGLE_UNIT ( ) SI_UNIT ( $, .RADIAN. ) );
#3929 = CARTESIAN_POINT ( 'NONE',  ( 3.149999999999995914, 0.6865281543485639570, 2.921328988508577584 ) ) ;
#3930 = ORIENTED_EDGE ( 'NONE', *, *, #1823, .T. ) ;
#3931 = B_SPLINE_SURFACE_WITH_KNOTS ( 'NONE', 3, 1, ( 
 ( #1219, #623 ),
 ( #3881, #6481 ),
 ( #5814, #8521 ),
 ( #7158, #5848 ),
 ( #3822, #7828 ),
 ( #3937, #6565 ),
 ( #7240, #561 ),
 ( #8460, #7800 ),
 ( #4482, #1905 ),
 ( #2519, #3154 ),
 ( #6537, #7215 ),
 ( #8553, #5933 ),
 ( #513, #1989 ),
 ( #1277, #4540 ),
 ( #5206, #5146 ),
 ( #1246, #1874 ),
 ( #3187, #2492 ),
 ( #3849, #5908 ),
 ( #4598, #1937 ) ),
 .UNSPECIFIED., .F., .F., .F.,
 ( 4, 1, 1, 1, 1, 1, 1, 1, 1, 1, 1, 1, 1, 1, 1, 1, 4 ),
 ( 2, 2 ),
 ( 0.0000000000000000000, 0.07378258718587328568, 0.1440956521627401454, 0.2113727769445224169, 0.2761085739136396322, 0.3385597713347675564, 0.3996464779878221019, 0.4600223579231184634, 0.5203641801036607006, 0.5799897433270183589, 0.6384216733782913655, 0.6963296981378336303, 0.7539735389223942708, 0.8127841951639485085, 0.8727398202468062971, 0.9351745571517245947, 1.000000000000000000 ),
 ( 0.0000000000000000000, 1.000000000000000000 ),
 .UNSPECIFIED. ) ;
#3932 = SURFACE_SIDE_STYLE ('',( #1680 ) ) ;
#3933 = FILL_AREA_STYLE ('',( #649 ) ) ;
#3934 = AXIS2_PLACEMENT_3D ( 'NONE', #8279, #5013, #4294 ) ;
#3935 = PRESENTATION_STYLE_ASSIGNMENT (( #7563 ) ) ;
#3936 = DIRECTION ( 'NONE',  ( 0.0000000000000000000, -3.491481338843133355E-15, 1.000000000000000000 ) ) ;
#3937 = CARTESIAN_POINT ( 'NONE',  ( 0.1330029426303703521, -0.07804324882599331104, -0.02867101149142507743 ) ) ;
#3938 = EDGE_CURVE ( 'NONE', #7759, #6613, #7182, .T. ) ;
#3939 = CARTESIAN_POINT ( 'NONE',  ( -0.09045449526895553427, -0.08930949181369814138, -0.02867101149142507743 ) ) ;
#3940 =( GEOMETRIC_REPRESENTATION_CONTEXT ( 3 ) GLOBAL_UNCERTAINTY_ASSIGNED_CONTEXT ( ( #2229 ) ) GLOBAL_UNIT_ASSIGNED_CONTEXT ( ( #3290, #7936, #5289 ) ) REPRESENTATION_CONTEXT ( 'NONE', 'WORKASPACE' ) );
#3941 = ORIENTED_EDGE ( 'NONE', *, *, #5805, .T. ) ;
#3942 =( LENGTH_UNIT ( ) NAMED_UNIT ( * ) SI_UNIT ( .MILLI., .METRE. ) );
#3943 = FACE_OUTER_BOUND ( 'NONE', #4711, .T. ) ;
#3944 = CARTESIAN_POINT ( 'NONE',  ( 1.500000000000000222, -2.313471845651430048, 1.246328988508567326 ) ) ;
#3945 =( NAMED_UNIT ( * ) SI_UNIT ( $, .STERADIAN. ) SOLID_ANGLE_UNIT ( ) );
#3946 = COLOUR_RGB ( '',0.7764705882352941346, 0.7568627450980391913, 0.7372549019607843590 ) ;
#3947 =( LENGTH_UNIT ( ) NAMED_UNIT ( * ) SI_UNIT ( .MILLI., .METRE. ) );
#3948 = FILL_AREA_STYLE_COLOUR ( '', #5157 ) ;
#3949 = EDGE_LOOP ( 'NONE', ( #7190, #3230, #6908, #8500, #381, #4522, #3581, #2000, #5027, #377, #797, #976, #1666, #2084, #5801, #3053, #38, #2543, #7623, #5737, #8610, #3809, #1111, #3461, #3801, #2249, #1857, #6213, #1780, #4015, #5606, #6582 ) ) ;
#3950 = ADVANCED_FACE ( 'NONE', ( #3761 ), #2419, .F. ) ;
#3951 = VECTOR ( 'NONE', #7066, 1000.000000000000000 ) ;
#3952 = AXIS2_PLACEMENT_3D ( 'NONE', #2803, #2187, #104 ) ;
#3953 = CARTESIAN_POINT ( 'NONE',  ( 0.09116305327725719720, -0.009849607626533432581, -0.01867101149142461752 ) ) ;
#3954 =( GEOMETRIC_REPRESENTATION_CONTEXT ( 3 ) GLOBAL_UNCERTAINTY_ASSIGNED_CONTEXT ( ( #4248 ) ) GLOBAL_UNIT_ASSIGNED_CONTEXT ( ( #4178, #4848, #6267 ) ) REPRESENTATION_CONTEXT ( 'NONE', 'WORKASPACE' ) );
#3955 = LINE ( 'NONE', #34, #524 ) ;
#3956 = DIRECTION ( 'NONE',  ( -1.000000000000000000, -0.0000000000000000000, 0.0000000000000000000 ) ) ;
#3957 = FILL_AREA_STYLE_COLOUR ( '', #3503 ) ;
#3958 = DIRECTION ( 'NONE',  ( -2.037523541425300566E-30, -4.358843076831536902E-15, 1.000000000000000000 ) ) ;
#3959 =( NAMED_UNIT ( * ) PLANE_ANGLE_UNIT ( ) SI_UNIT ( $, .RADIAN. ) );
#3960 = PRESENTATION_STYLE_ASSIGNMENT (( #7060 ) ) ;
#3961 = EDGE_LOOP ( 'NONE', ( #6532, #5035, #315, #6672 ) ) ;
#3962 = PLANE ( 'NONE',  #1859 ) ;
#3963 = STYLED_ITEM ( 'NONE', ( #4386 ), #6947 ) ;
#3964 = DIRECTION ( 'NONE',  ( 1.000000000000000000, 0.0000000000000000000, -0.0000000000000000000 ) ) ;
#3965 = FILL_AREA_STYLE ('',( #369 ) ) ;
#3966 = CARTESIAN_POINT ( 'NONE',  ( 0.001222024023745174603, 1.186528154348573949, -0.01867101149142071440 ) ) ;
#3967 = CARTESIAN_POINT ( 'NONE',  ( -0.1519115696102572854, -0.02964880807290715820, -0.01867101149142505120 ) ) ;
#3968 = CARTESIAN_POINT ( 'NONE',  ( -0.08009083420827678435, -0.02090799829146983493, -0.01867101149142621000 ) ) ;
#3969 = CARTESIAN_POINT ( 'NONE',  ( -0.08536334182991349440, -0.05986867566455948697, -0.02867101149142507743 ) ) ;
#3970 = ORIENTED_EDGE ( 'NONE', *, *, #2430, .T. ) ;
#3971 = CARTESIAN_POINT ( 'NONE',  ( -3.850000000000000089, -1.083471845651426513, -0.02867101149142854688 ) ) ;
#3972 = EDGE_CURVE ( 'NONE', #6924, #7005, #659, .T. ) ;
#3973 =( GEOMETRIC_REPRESENTATION_CONTEXT ( 3 ) GLOBAL_UNCERTAINTY_ASSIGNED_CONTEXT ( ( #3451 ) ) GLOBAL_UNIT_ASSIGNED_CONTEXT ( ( #1010, #8195, #220 ) ) REPRESENTATION_CONTEXT ( 'NONE', 'WORKASPACE' ) );
#3974 = CARTESIAN_POINT ( 'NONE',  ( -0.1207291954884500279, -0.1108404744450473406, -0.02867101149142507743 ) ) ;
#3975 = PRESENTATION_STYLE_ASSIGNMENT (( #76 ) ) ;
#3976 = ORIENTED_EDGE ( 'NONE', *, *, #7444, .F. ) ;
#3977 = CARTESIAN_POINT ( 'NONE',  ( 0.09116305327725719720, -0.009849607626533215740, -0.02867101149142464375 ) ) ;
#3978 = ORIENTED_EDGE ( 'NONE', *, *, #4214, .F. ) ;
#3979 = LINE ( 'NONE', #1997, #1736 ) ;
#3980 = DIRECTION ( 'NONE',  ( 0.0000000000000000000, 3.491481338843133355E-15, -1.000000000000000000 ) ) ;
#3981 = CARTESIAN_POINT ( 'NONE',  ( 2.549999999999999822, -1.283471845651426690, 0.1713289885085706732 ) ) ;
#3982 = PRESENTATION_LAYER_ASSIGNMENT (  '', '', ( #1149 ) ) ;
#3983 = COLOUR_RGB ( '',0.7764705882352941346, 0.7568627450980391913, 0.7372549019607843590 ) ;
#3984 = EDGE_LOOP ( 'NONE', ( #2172, #3095, #7344, #2493 ) ) ;
#3985 = FILL_AREA_STYLE_COLOUR ( '', #4334 ) ;
#3986 = VERTEX_POINT ( 'NONE', #1223 ) ;
#3987 = ORIENTED_EDGE ( 'NONE', *, *, #2527, .T. ) ;
#3988 = LINE ( 'NONE', #1051, #5965 ) ;
#3989 = ADVANCED_FACE ( 'NONE', ( #1714 ), #2445, .F. ) ;
#3990 = DIRECTION ( 'NONE',  ( -2.891205793294678326E-16, -3.491481338843133355E-15, 1.000000000000000000 ) ) ;
#3991 = CARTESIAN_POINT ( 'NONE',  ( -2.699999999999999734, -1.083471845651426513, 0.1713289885085715336 ) ) ;
#3992 = CARTESIAN_POINT ( 'NONE',  ( -2.375000000000001332, 0.6865281543485739491, -0.02867101149142160799 ) ) ;
#3993 = CARTESIAN_POINT ( 'NONE',  ( -0.1487214630836126983, -0.02959248092107005443, -0.01867101149142505120 ) ) ;
#3994 = PRESENTATION_STYLE_ASSIGNMENT (( #3333 ) ) ;
#3995 = DIRECTION ( 'NONE',  ( -1.000000000000000000, -0.0000000000000000000, 0.0000000000000000000 ) ) ;
#3996 = FACE_OUTER_BOUND ( 'NONE', #3496, .T. ) ;
#3997 = CARTESIAN_POINT ( 'NONE',  ( 0.04146592646276945487, -0.02181608420114499597, -0.02867101149142507743 ) ) ;
#3998 = EDGE_CURVE ( 'NONE', #3080, #5831, #6452, .T. ) ;
#3999 = EDGE_CURVE ( 'NONE', #88, #5477, #5538, .T. ) ;
#4000 = ORIENTED_EDGE ( 'NONE', *, *, #1261, .T. ) ;
#4001 =( GEOMETRIC_REPRESENTATION_CONTEXT ( 3 ) GLOBAL_UNCERTAINTY_ASSIGNED_CONTEXT ( ( #6357 ) ) GLOBAL_UNIT_ASSIGNED_CONTEXT ( ( #4284, #4959, #6498 ) ) REPRESENTATION_CONTEXT ( 'NONE', 'WORKASPACE' ) );
#4002 = DIRECTION ( 'NONE',  ( 0.0000000000000000000, -3.491481338843133355E-15, 1.000000000000000000 ) ) ;
#4003 = AXIS2_PLACEMENT_3D ( 'NONE', #4572, #4662, #657 ) ;
#4004 = LINE ( 'NONE', #629, #2162 ) ;
#4005 = LINE ( 'NONE', #4032, #6483 ) ;
#4006 = ORIENTED_EDGE ( 'NONE', *, *, #4364, .T. ) ;
#4007 = DIRECTION ( 'NONE',  ( -1.355252715606880543E-16, -3.491481338843133355E-15, 1.000000000000000000 ) ) ;
#4008 = CARTESIAN_POINT ( 'NONE',  ( 0.09449297777412428434, -0.009645567699954719909, -0.02867101149142464375 ) ) ;
#4009 = ORIENTED_EDGE ( 'NONE', *, *, #4604, .F. ) ;
#4010 = CARTESIAN_POINT ( 'NONE',  ( -2.549999999999999822, 1.186528154348573949, -0.02867101149142074062 ) ) ;
#4011 = EDGE_LOOP ( 'NONE', ( #6140, #5685, #526, #6607 ) ) ;
#4012 = AXIS2_PLACEMENT_3D ( 'NONE', #8555, #3155, #515 ) ;
#4013 = SURFACE_STYLE_FILL_AREA ( #965 ) ;
#4014 = MECHANICAL_DESIGN_GEOMETRIC_PRESENTATION_REPRESENTATION (  '', ( #1179 ), #4301 ) ;
#4015 = ORIENTED_EDGE ( 'NONE', *, *, #1951, .T. ) ;
#4016 = UNCERTAINTY_MEASURE_WITH_UNIT (LENGTH_MEASURE( 1.000000000000000082E-05 ), #2983, 'distance_accuracy_value', 'NONE');
#4017 = CARTESIAN_POINT ( 'NONE',  ( 0.1181285655554905889, -0.01316959703675070828, -0.02867101149142507743 ) ) ;
#4018 = AXIS2_PLACEMENT_3D ( 'NONE', #3654, #2311, #3599 ) ;
#4019 = SURFACE_SIDE_STYLE ('',( #3232 ) ) ;
#4020 = ORIENTED_EDGE ( 'NONE', *, *, #7600, .F. ) ;
#4021 = CARTESIAN_POINT ( 'NONE',  ( -0.1520363601225961647, -0.03004779151821800054, -0.02867101149142507743 ) ) ;
#4022 = EDGE_LOOP ( 'NONE', ( #1172, #542, #5983, #7511 ) ) ;
#4023 = CARTESIAN_POINT ( 'NONE',  ( -0.1336484028055232032, -0.07181608420114490854, -0.02867101149142507743 ) ) ;
#4024 =( LENGTH_UNIT ( ) NAMED_UNIT ( * ) SI_UNIT ( .MILLI., .METRE. ) );
#4025 = COLOUR_RGB ( '',0.1098039215686274495, 0.1098039215686274495, 0.1098039215686274495 ) ;
#4026 = EDGE_CURVE ( 'NONE', #1085, #1625, #330, .T. ) ;
#4027 = FILL_AREA_STYLE ('',( #5910 ) ) ;
#4028 = UNCERTAINTY_MEASURE_WITH_UNIT (LENGTH_MEASURE( 1.000000000000000082E-05 ), #8166, 'distance_accuracy_value', 'NONE');
#4029 = PRESENTATION_LAYER_ASSIGNMENT (  '', '', ( #2862 ) ) ;
#4030 = CARTESIAN_POINT ( 'NONE',  ( 0.2085390971944768301, -0.01084047444504729341, -0.02867101149142507743 ) ) ;
#4031 =( NAMED_UNIT ( * ) SI_UNIT ( $, .STERADIAN. ) SOLID_ANGLE_UNIT ( ) );
#4032 = CARTESIAN_POINT ( 'NONE',  ( 0.001222024023745052739, -0.09986486468894985313, -0.02867101149142507743 ) ) ;
#4033 = EDGE_LOOP ( 'NONE', ( #3263, #1151, #3589, #7400 ) ) ;
#4034 = CARTESIAN_POINT ( 'NONE',  ( -0.08536334182991349440, -0.05986867566455948697, -0.02867101149142507743 ) ) ;
#4035 = VECTOR ( 'NONE', #2799, 1000.000000000000000 ) ;
#4036 = CARTESIAN_POINT ( 'NONE',  ( -0.04645328085430373843, -0.02181608420114481209, -0.01867101149142505120 ) ) ;
#4037 = ADVANCED_FACE ( 'NONE', ( #1394 ), #5209, .F. ) ;
#4038 = UNCERTAINTY_MEASURE_WITH_UNIT (LENGTH_MEASURE( 1.000000000000000082E-05 ), #49, 'distance_accuracy_value', 'NONE');
#4039 = EDGE_CURVE ( 'NONE', #1883, #2661, #3660, .T. ) ;
#4040 = CARTESIAN_POINT ( 'NONE',  ( 0.07937898878619481513, -0.01182067446366990605, -0.01867101149142505120 ) ) ;
#4041 = EDGE_LOOP ( 'NONE', ( #1437, #3920, #6986, #4458, #6907, #4550 ) ) ;
#4042 = MECHANICAL_DESIGN_GEOMETRIC_PRESENTATION_REPRESENTATION (  '', ( #7767 ), #1734 ) ;
#4043 = ORIENTED_EDGE ( 'NONE', *, *, #2807, .T. ) ;
#4044 = CARTESIAN_POINT ( 'NONE',  ( 2.535625514828973692, -1.283471845651426690, 0.1580275645301932319 ) ) ;
#4045 = CARTESIAN_POINT ( 'NONE',  ( -2.998179295342850992, -1.383471845651430110, 1.127033865392921719 ) ) ;
#4046 =( NAMED_UNIT ( * ) SI_UNIT ( $, .STERADIAN. ) SOLID_ANGLE_UNIT ( ) );
#4047 = CARTESIAN_POINT ( 'NONE',  ( 0.8500000000000003109, -0.1834718456514253249, -0.02867101149142551111 ) ) ;
#4048 = VECTOR ( 'NONE', #4052, 1000.000000000000000 ) ;
#4049 = FILL_AREA_STYLE_COLOUR ( '', #2994 ) ;
#4050 = ORIENTED_EDGE ( 'NONE', *, *, #4524, .F. ) ;
#4051 = VECTOR ( 'NONE', #2366, 1000.000000000000000 ) ;
#4052 = DIRECTION ( 'NONE',  ( -1.000000000000000000, -0.0000000000000000000, -0.0000000000000000000 ) ) ;
#4053 = DIRECTION ( 'NONE',  ( 1.000000000000000000, 0.0000000000000000000, 0.0000000000000000000 ) ) ;
#4054 = EDGE_CURVE ( 'NONE', #6019, #7862, #5108, .T. ) ;
#4055 = AXIS2_PLACEMENT_3D ( 'NONE', #7069, #3097, #3070 ) ;
#4056 = LINE ( 'NONE', #4456, #3738 ) ;
#4057 = PLANE ( 'NONE',  #4392 ) ;
#4058 = CARTESIAN_POINT ( 'NONE',  ( -2.549999999999999822, -1.083471845651426513, 0.1713289885085715336 ) ) ;
#4059 = ORIENTED_EDGE ( 'NONE', *, *, #6515, .T. ) ;
#4060 = FACE_OUTER_BOUND ( 'NONE', #5284, .T. ) ;
#4061 = B_SPLINE_CURVE_WITH_KNOTS ( 'NONE', 3,
 ( #7079, #7727, #3109, #6361, #4330, #6310, #2403, #5717, #3639, #5662, #1778, #2424, #3082, #1719, #3747, #5085, #6336, #1799, #8294 ),
 .UNSPECIFIED., .F., .F.,
 ( 4, 1, 1, 1, 1, 1, 1, 1, 1, 1, 1, 1, 1, 1, 1, 1, 4 ),
 ( 0.0000000000000000000, 0.06783841660733067047, 0.1326656434087699621, 0.1950657447946818612, 0.2555234309514927693, 0.3148483309060611801, 0.3734407740129910280, 0.4325871886461008509, 0.4922968904792602851, 0.5525421068354920973, 0.6123884543503396172, 0.6724902392689825481, 0.7338180907090222638, 0.7965787412736499151, 0.8614392432807707056, 0.9291935480847505202, 1.000000000000000000 ),
 .UNSPECIFIED. ) ;
#4062 = CARTESIAN_POINT ( 'NONE',  ( 0.07439275573106213235, -0.1056575476157790017, -0.02867101149142507743 ) ) ;
#4063 = CARTESIAN_POINT ( 'NONE',  ( 0.1070384634791412964, -0.1119449774401439085, -0.02867101149142507743 ) ) ;
#4064 = CARTESIAN_POINT ( 'NONE',  ( -2.422348207309730661, -1.283471845651426468, 0.1213289885085705594 ) ) ;
#4065 = ORIENTED_EDGE ( 'NONE', *, *, #1001, .F. ) ;
#4066 = DIRECTION ( 'NONE',  ( -0.0000000000000000000, 1.000000000000000000, 3.491481338843133355E-15 ) ) ;
#4067 = DIRECTION ( 'NONE',  ( -1.000000000000000000, 0.0000000000000000000, 0.0000000000000000000 ) ) ;
#4068 = FILL_AREA_STYLE_COLOUR ( '', #1683 ) ;
#4069 = VECTOR ( 'NONE', #5633, 1000.000000000000000 ) ;
#4070 = SURFACE_STYLE_USAGE ( .BOTH. , #4766 ) ;
#4071 =( GEOMETRIC_REPRESENTATION_CONTEXT ( 3 ) GLOBAL_UNCERTAINTY_ASSIGNED_CONTEXT ( ( #8249 ) ) GLOBAL_UNIT_ASSIGNED_CONTEXT ( ( #5106, #602, #7367 ) ) REPRESENTATION_CONTEXT ( 'NONE', 'WORKASPACE' ) );
#4072 = FILL_AREA_STYLE ('',( #2005 ) ) ;
#4073 = DIRECTION ( 'NONE',  ( -0.0000000000000000000, 1.000000000000000000, 3.491481338843133355E-15 ) ) ;
#4074 = SURFACE_STYLE_USAGE ( .BOTH. , #5339 ) ;
#4075 = DIRECTION ( 'NONE',  ( 1.000000000000000000, 0.0000000000000000000, 0.0000000000000000000 ) ) ;
#4076 = CARTESIAN_POINT ( 'NONE',  ( 3.450000000000000622, -1.083471845651435617, 2.746076259633627892 ) ) ;
#4077 = ORIENTED_EDGE ( 'NONE', *, *, #323, .F. ) ;
#4078 = DIRECTION ( 'NONE',  ( -1.000000000000000000, -0.0000000000000000000, 0.0000000000000000000 ) ) ;
#4079 = PRESENTATION_STYLE_ASSIGNMENT (( #2758 ) ) ;
#4080 = CARTESIAN_POINT ( 'NONE',  ( 0.07439275573106213235, -0.09468193785968151421, -0.02867101149142507743 ) ) ;
#4081 = LINE ( 'NONE', #6799, #858 ) ;
#4082 = ADVANCED_FACE ( 'NONE', ( #6775 ), #3883, .F. ) ;
#4083 = LINE ( 'NONE', #5994, #8340 ) ;
#4084 = MECHANICAL_DESIGN_GEOMETRIC_PRESENTATION_REPRESENTATION (  '', ( #3360 ), #5241 ) ;
#4085 = CARTESIAN_POINT ( 'NONE',  ( 0.07715835986743792285, -0.09623965663722693076, -0.02867101149142507743 ) ) ;
#4086 = LINE ( 'NONE', #4223, #2336 ) ;
#4087 = ORIENTED_EDGE ( 'NONE', *, *, #2636, .T. ) ;
#4088 = SURFACE_STYLE_USAGE ( .BOTH. , #2865 ) ;
#4089 = PLANE ( 'NONE',  #236 ) ;
#4090 = DIRECTION ( 'NONE',  ( 0.0000000000000000000, 3.491481338843133355E-15, -1.000000000000000000 ) ) ;
#4091 = DIRECTION ( 'NONE',  ( 0.0000000000000000000, -3.491481338843133355E-15, 1.000000000000000000 ) ) ;
#4092 = DIRECTION ( 'NONE',  ( -1.000000000000000000, -0.0000000000000000000, 0.0000000000000000000 ) ) ;
#4093 = LINE ( 'NONE', #2170, #7937 ) ;
#4094 = FILL_AREA_STYLE_COLOUR ( '', #1316 ) ;
#4095 = EDGE_CURVE ( 'NONE', #8607, #8447, #8537, .T. ) ;
#4096 = SURFACE_STYLE_FILL_AREA ( #3508 ) ;
#4097 = EDGE_LOOP ( 'NONE', ( #896, #7883, #516 ) ) ;
#4098 = DIRECTION ( 'NONE',  ( -1.000000000000000000, -0.0000000000000000000, 0.0000000000000000000 ) ) ;
#4099 = B_SPLINE_SURFACE_WITH_KNOTS ( 'NONE', 3, 1, ( 
 ( #2665, #5184 ),
 ( #7990, #8497 ),
 ( #4063, #5364 ),
 ( #716, #7306 ),
 ( #6458, #6488 ),
 ( #6004, #5789 ),
 ( #3406, #2027 ),
 ( #1156, #2499 ),
 ( #86, #5153 ),
 ( #1413, #3854 ),
 ( #1882, #6634 ),
 ( #8021, #1190 ),
 ( #50, #6034 ),
 ( #1379, #7134 ),
 ( #3162, #6700 ),
 ( #2525, #2082 ),
 ( #541, #7805 ),
 ( #1224, #3829 ),
 ( #3193, #5822 ) ),
 .UNSPECIFIED., .F., .F., .F.,
 ( 4, 1, 1, 1, 1, 1, 1, 1, 1, 1, 1, 1, 1, 1, 1, 1, 4 ),
 ( 2, 2 ),
 ( 0.0000000000000000000, 0.06783841660733067047, 0.1326656434087699621, 0.1950657447946818612, 0.2555234309514927693, 0.3148483309060611801, 0.3734407740129910280, 0.4325871886461008509, 0.4922968904792602851, 0.5525421068354920973, 0.6123884543503396172, 0.6724902392689825481, 0.7338180907090222638, 0.7965787412736499151, 0.8614392432807707056, 0.9291935480847505202, 1.000000000000000000 ),
 ( 0.0000000000000000000, 1.000000000000000000 ),
 .UNSPECIFIED. ) ;
#4100 = ORIENTED_EDGE ( 'NONE', *, *, #2956, .T. ) ;
#4101 = STYLED_ITEM ( 'NONE', ( #8567 ), #3168 ) ;
#4102 =( NAMED_UNIT ( * ) SI_UNIT ( $, .STERADIAN. ) SOLID_ANGLE_UNIT ( ) );
#4103 = B_SPLINE_CURVE_WITH_KNOTS ( 'NONE', 3,
 ( #8344, #3641, #7560, #267, #324, #6971, #240, #6923, #7645, #1698, #2946, #7584, #8266, #5611, #1667, #7031, #7702, #1752, #6364 ),
 .UNSPECIFIED., .F., .F.,
 ( 4, 1, 1, 1, 1, 1, 1, 1, 1, 1, 1, 1, 1, 1, 1, 1, 4 ),
 ( 0.0000000000000000000, 0.07063773301117780290, 0.1382450011702487380, 0.2033468934001621820, 0.2662317646429688267, 0.3281106245739829341, 0.3887373469517428903, 0.4496058064250175734, 0.5110380842449868677, 0.5720950616662165977, 0.6318835811693589433, 0.6911433818761031356, 0.7503811812088845290, 0.8100489962335832850, 0.8713733501460632080, 0.9344326971469834042, 0.9999999999999998890 ),
 .UNSPECIFIED. ) ;
#4104 = CARTESIAN_POINT ( 'NONE',  ( -0.09678776834212701741, -0.04416524864322133453, -0.02867101149142507743 ) ) ;
#4105 = ORIENTED_EDGE ( 'NONE', *, *, #8073, .F. ) ;
#4106 = DIRECTION ( 'NONE',  ( -1.000000000000000000, 0.0000000000000000000, 0.0000000000000000000 ) ) ;
#4107 = VERTEX_POINT ( 'NONE', #5938 ) ;
#4108 = PLANE ( 'NONE',  #8237 ) ;
#4109 = CARTESIAN_POINT ( 'NONE',  ( 0.1307751191004726254, -0.02075252065234715892, -0.02867101149142507743 ) ) ;
#4110 = CARTESIAN_POINT ( 'NONE',  ( 0.08557160931307312979, -0.02216795948333026567, -0.02867101149142507743 ) ) ;
#4111 = AXIS2_PLACEMENT_3D ( 'NONE', #7853, #3148, #7740 ) ;
#4112 = EDGE_CURVE ( 'NONE', #4750, #74, #5009, .T. ) ;
#4113 = DIRECTION ( 'NONE',  ( 1.000000000000000000, 0.0000000000000000000, 0.0000000000000000000 ) ) ;
#4114 = VECTOR ( 'NONE', #2322, 1000.000000000000000 ) ;
#4115 = ORIENTED_EDGE ( 'NONE', *, *, #112, .T. ) ;
#4116 = CARTESIAN_POINT ( 'NONE',  ( -3.499999999999999556, 0.6865281543485639570, 2.921328988508578473 ) ) ;
#4117 = DIRECTION ( 'NONE',  ( 0.0000000000000000000, -4.336808689942017736E-15, 1.000000000000000000 ) ) ;
#4118 = CARTESIAN_POINT ( 'NONE',  ( 0.2085390971944768301, -0.1108404744450473406, -0.02867101149142507743 ) ) ;
#4119 = FILL_AREA_STYLE_COLOUR ( '', #1471 ) ;
#4120 = ORIENTED_EDGE ( 'NONE', *, *, #3744, .T. ) ;
#4121 = ORIENTED_EDGE ( 'NONE', *, *, #6420, .T. ) ;
#4122 =( GEOMETRIC_REPRESENTATION_CONTEXT ( 3 ) GLOBAL_UNCERTAINTY_ASSIGNED_CONTEXT ( ( #5771 ) ) GLOBAL_UNIT_ASSIGNED_CONTEXT ( ( #87, #6761, #8113 ) ) REPRESENTATION_CONTEXT ( 'NONE', 'WORKASPACE' ) );
#4123 = DIRECTION ( 'NONE',  ( -1.000000000000000000, 0.0000000000000000000, 3.614007241618348771E-16 ) ) ;
#4124 = EDGE_CURVE ( 'NONE', #7941, #4443, #1167, .T. ) ;
#4125 = AXIS2_PLACEMENT_3D ( 'NONE', #3013, #7655, #1786 ) ;
#4126 = ORIENTED_EDGE ( 'NONE', *, *, #8375, .F. ) ;
#4127 = CARTESIAN_POINT ( 'NONE',  ( -2.998179295342850992, -1.383471845651435661, 2.731321192064204872 ) ) ;
#4128 = SURFACE_SIDE_STYLE ('',( #342 ) ) ;
#4129 = ADVANCED_FACE ( 'NONE', ( #7813 ), #3356, .F. ) ;
#4130 = SURFACE_SIDE_STYLE ('',( #4884 ) ) ;
#4131 = VERTEX_POINT ( 'NONE', #8078 ) ;
#4132 = CARTESIAN_POINT ( 'NONE',  ( 0.0000000000000000000, -1.333471845651430066, 1.177033865392921985 ) ) ;
#4133 =( NAMED_UNIT ( * ) PLANE_ANGLE_UNIT ( ) SI_UNIT ( $, .RADIAN. ) );
#4134 = CLOSED_SHELL ( 'NONE', ( #5762, #5015, #3724, #7120, #6258, #6586 ) ) ;
#4135 = VECTOR ( 'NONE', #7293, 1000.000000000000000 ) ;
#4136 = DIRECTION ( 'NONE',  ( -5.102127870520025912E-16, 3.491481338843133750E-15, -1.000000000000000000 ) ) ;
#4137 = DIRECTION ( 'NONE',  ( 1.000000000000000000, 0.0000000000000000000, 0.0000000000000000000 ) ) ;
#4138 = MECHANICAL_DESIGN_GEOMETRIC_PRESENTATION_REPRESENTATION (  '', ( #6245 ), #4565 ) ;
#4139 = LINE ( 'NONE', #6583, #3817 ) ;
#4140 = DIRECTION ( 'NONE',  ( 1.000000000000000000, -0.0000000000000000000, -0.0000000000000000000 ) ) ;
#4141 = CARTESIAN_POINT ( 'NONE',  ( 0.08266386215758098066, -0.02305725956629851511, -0.02867101149142507743 ) ) ;
#4142 = ORIENTED_EDGE ( 'NONE', *, *, #6231, .F. ) ;
#4143 = COLOUR_RGB ( '',1.000000000000000000, 1.000000000000000000, 1.000000000000000000 ) ;
#4144 = CYLINDRICAL_SURFACE ( 'NONE', #3291, 0.2999999999999999334 ) ;
#4145 = UNCERTAINTY_MEASURE_WITH_UNIT (LENGTH_MEASURE( 1.000000000000000082E-05 ), #1503, 'distance_accuracy_value', 'NONE');
#4146 = DIRECTION ( 'NONE',  ( 1.000000000000000000, 0.0000000000000000000, 0.0000000000000000000 ) ) ;
#4147 = VECTOR ( 'NONE', #3694, 1000.000000000000000 ) ;
#4148 = VERTEX_POINT ( 'NONE', #7303 ) ;
#4149 = CARTESIAN_POINT ( 'NONE',  ( 1.803784506222427808, 1.186528154348563957, 2.921328988508579361 ) ) ;
#4150 = CARTESIAN_POINT ( 'NONE',  ( -0.08740994406558859342, -0.02742891431076329919, -0.01867101149142505120 ) ) ;
#4151 = EDGE_CURVE ( 'NONE', #4148, #7131, #7608, .T. ) ;
#4152 = EDGE_LOOP ( 'NONE', ( #6086, #3440, #7811, #418 ) ) ;
#4153 = CARTESIAN_POINT ( 'NONE',  ( 1.803784506222427808, 0.6865281543485639570, 2.921328988508577584 ) ) ;
#4154 = AXIS2_PLACEMENT_3D ( 'NONE', #3880, #5145, #6536 ) ;
#4155 = DIRECTION ( 'NONE',  ( -1.000000000000000000, -0.0000000000000000000, 0.0000000000000000000 ) ) ;
#4156 = CARTESIAN_POINT ( 'NONE',  ( 0.09791361960243959162, -0.1120131392854106789, -0.02867101149142507743 ) ) ;
#4157 = DIRECTION ( 'NONE',  ( 0.0000000000000000000, -4.304632968207263259E-15, 1.000000000000000000 ) ) ;
#4158 = ORIENTED_EDGE ( 'NONE', *, *, #7279, .T. ) ;
#4159 = CARTESIAN_POINT ( 'NONE',  ( 0.1316251675013209166, -0.08151615231142173013, -0.01867101149142505120 ) ) ;
#4160 = EDGE_CURVE ( 'NONE', #577, #5981, #2127, .T. ) ;
#4161 = FILL_AREA_STYLE_COLOUR ( '', #2425 ) ;
#4162 = AXIS2_PLACEMENT_3D ( 'NONE', #3024, #7606, #261 ) ;
#4163 = VECTOR ( 'NONE', #2598, 1000.000000000000000 ) ;
#4164 = CARTESIAN_POINT ( 'NONE',  ( -0.1504929150006450445, -0.02303559639626703154, -0.01867101149142505120 ) ) ;
#4165 = CARTESIAN_POINT ( 'NONE',  ( 0.1487829996335011673, -0.06272690737187656962, -0.02867101149142507743 ) ) ;
#4166 =( NAMED_UNIT ( * ) PLANE_ANGLE_UNIT ( ) SI_UNIT ( $, .RADIAN. ) );
#4167 = ORIENTED_EDGE ( 'NONE', *, *, #5652, .T. ) ;
#4168 = LINE ( 'NONE', #3789, #6963 ) ;
#4169 = CARTESIAN_POINT ( 'NONE',  ( -0.1573145613421085831, -0.01084047444504729341, -0.02867101149142507743 ) ) ;
#4170 = CARTESIAN_POINT ( 'NONE',  ( -3.499999999999999556, 1.186528154348562181, 3.321328988508579716 ) ) ;
#4171 = VECTOR ( 'NONE', #5899, 1000.000000000000000 ) ;
#4172 = ADVANCED_FACE ( 'NONE', ( #8432 ), #7390, .T. ) ;
#4173 = FILL_AREA_STYLE_COLOUR ( '', #3470 ) ;
#4174 = CARTESIAN_POINT ( 'NONE',  ( 0.09675598788207109835, -0.02061252606565689566, -0.02867101149142507743 ) ) ;
#4175 = EDGE_CURVE ( 'NONE', #4443, #4936, #7176, .T. ) ;
#4176 = CARTESIAN_POINT ( 'NONE',  ( -0.07594281625977920835, -0.1030524002363115005, -0.01867101149142505120 ) ) ;
#4177 = MECHANICAL_DESIGN_GEOMETRIC_PRESENTATION_REPRESENTATION (  '', ( #6110 ), #7003 ) ;
#4178 =( LENGTH_UNIT ( ) NAMED_UNIT ( * ) SI_UNIT ( .MILLI., .METRE. ) );
#4179 = SURFACE_STYLE_FILL_AREA ( #532 ) ;
#4180 =( NAMED_UNIT ( * ) PLANE_ANGLE_UNIT ( ) SI_UNIT ( $, .RADIAN. ) );
#4181 = SURFACE_STYLE_FILL_AREA ( #7696 ) ;
#4182 = VERTEX_POINT ( 'NONE', #6001 ) ;
#4183 = UNCERTAINTY_MEASURE_WITH_UNIT (LENGTH_MEASURE( 1.000000000000000082E-05 ), #4024, 'distance_accuracy_value', 'NONE');
#4184 = CARTESIAN_POINT ( 'NONE',  ( -2.119229230821809473, -1.383471845651430110, 1.147744543511576509 ) ) ;
#4185 = CIRCLE ( 'NONE', #8387, 0.04999999999999999584 ) ;
#4186 = CARTESIAN_POINT ( 'NONE',  ( -0.09678732794738779954, -0.07570176427647551387, -0.02867101149142507743 ) ) ;
#4187 = PRESENTATION_STYLE_ASSIGNMENT (( #7454 ) ) ;
#4188 = CARTESIAN_POINT ( 'NONE',  ( -0.08477045157354148874, -0.05104144467277856728, -0.01867101149142505120 ) ) ;
#4189 =( GEOMETRIC_REPRESENTATION_CONTEXT ( 3 ) GLOBAL_UNCERTAINTY_ASSIGNED_CONTEXT ( ( #6323 ) ) GLOBAL_UNIT_ASSIGNED_CONTEXT ( ( #7476, #767, #8074 ) ) REPRESENTATION_CONTEXT ( 'NONE', 'WORKASPACE' ) );
#4190 = LINE ( 'NONE', #2203, #5210 ) ;
#4191 = VERTEX_POINT ( 'NONE', #4723 ) ;
#4192 = AXIS2_PLACEMENT_3D ( 'NONE', #4283, #4442, #3553 ) ;
#4193 = DIRECTION ( 'NONE',  ( 1.000000000000000000, 0.0000000000000000000, 0.0000000000000000000 ) ) ;
#4194 = DIRECTION ( 'NONE',  ( 0.0000000000000000000, -1.000000000000000000, -3.491481338843133355E-15 ) ) ;
#4195 = COLOUR_RGB ( '',1.000000000000000000, 1.000000000000000000, 1.000000000000000000 ) ;
#4196 = CARTESIAN_POINT ( 'NONE',  ( -0.01829017109820616979, -0.1108404744450473406, -0.02867101149142507743 ) ) ;
#4197 = DIRECTION ( 'NONE',  ( -0.3635424856527061932, -0.9315776194850602376, -3.252585874115997162E-15 ) ) ;
#4198 = VERTEX_POINT ( 'NONE', #6087 ) ;
#4199 = EDGE_CURVE ( 'NONE', #1200, #7693, #5722, .T. ) ;
#4200 = ORIENTED_EDGE ( 'NONE', *, *, #766, .F. ) ;
#4201 = CARTESIAN_POINT ( 'NONE',  ( 0.001222024023745052739, -0.09986486468894985313, -0.02867101149142507743 ) ) ;
#4202 = UNCERTAINTY_MEASURE_WITH_UNIT (LENGTH_MEASURE( 1.000000000000000082E-05 ), #2137, 'distance_accuracy_value', 'NONE');
#4203 = CARTESIAN_POINT ( 'NONE',  ( 2.750000000000000000, -1.283471845651426024, 0.02132898850857100834 ) ) ;
#4204 = CARTESIAN_POINT ( 'NONE',  ( 1.399999999999999467, -1.083471845651434950, 2.546328988508571367 ) ) ;
#4205 = PRESENTATION_STYLE_ASSIGNMENT (( #1601 ) ) ;
#4206 = FILL_AREA_STYLE ('',( #5445 ) ) ;
#4207 = CARTESIAN_POINT ( 'NONE',  ( -0.07166403985177248470, -0.01592262720028284062, -0.01867101149142505120 ) ) ;
#4208 = VECTOR ( 'NONE', #3936, 1000.000000000000000 ) ;
#4209 = ORIENTED_EDGE ( 'NONE', *, *, #6436, .F. ) ;
#4210 = PLANE ( 'NONE',  #2358 ) ;
#4211 = ORIENTED_EDGE ( 'NONE', *, *, #917, .T. ) ;
#4212 = ORIENTED_EDGE ( 'NONE', *, *, #4952, .T. ) ;
#4213 = CARTESIAN_POINT ( 'NONE',  ( 0.1019079996335011673, -0.1120599866401693762, -0.02867101149142507743 ) ) ;
#4214 = EDGE_CURVE ( 'NONE', #1571, #1965, #1157, .T. ) ;
#4215 = CARTESIAN_POINT ( 'NONE',  ( -0.04548148207381592228, -0.1108404744450473406, -0.02867101149142507743 ) ) ;
#4216 =( GEOMETRIC_REPRESENTATION_CONTEXT ( 3 ) GLOBAL_UNCERTAINTY_ASSIGNED_CONTEXT ( ( #30 ) ) GLOBAL_UNIT_ASSIGNED_CONTEXT ( ( #6228, #5562, #3592 ) ) REPRESENTATION_CONTEXT ( 'NONE', 'WORKASPACE' ) );
#4217 = CARTESIAN_POINT ( 'NONE',  ( -0.04590068939088919053, -0.09986486468895007518, -0.01867101149142505120 ) ) ;
#4218 = FACE_BOUND ( 'NONE', #7247, .T. ) ;
#4219 =( NAMED_UNIT ( * ) PLANE_ANGLE_UNIT ( ) SI_UNIT ( $, .RADIAN. ) );
#4220 = ADVANCED_FACE ( 'NONE', ( #3554 ), #7331, .F. ) ;
#4221 = COLOUR_RGB ( '',1.000000000000000000, 1.000000000000000000, 1.000000000000000000 ) ;
#4222 = FILL_AREA_STYLE ('',( #6246 ) ) ;
#4223 = CARTESIAN_POINT ( 'NONE',  ( 2.549999999999999822, 1.186528154348573949, -0.02867101149142074062 ) ) ;
#4224 = DIRECTION ( 'NONE',  ( 2.167903786088317724E-15, 3.491481338843133355E-15, -1.000000000000000000 ) ) ;
#4225 = PRESENTATION_STYLE_ASSIGNMENT (( #5581 ) ) ;
#4226 = VERTEX_POINT ( 'NONE', #1472 ) ;
#4227 = CARTESIAN_POINT ( 'NONE',  ( 3.850000000000000089, -0.7834718456514269125, -0.02867101149142724584 ) ) ;
#4228 = PRESENTATION_LAYER_ASSIGNMENT (  '', '', ( #6235 ) ) ;
#4229 = EDGE_CURVE ( 'NONE', #7004, #6822, #5101, .T. ) ;
#4230 = ORIENTED_EDGE ( 'NONE', *, *, #6344, .F. ) ;
#4231 =( NAMED_UNIT ( * ) PLANE_ANGLE_UNIT ( ) SI_UNIT ( $, .RADIAN. ) );
#4232 = ORIENTED_EDGE ( 'NONE', *, *, #4940, .T. ) ;
#4233 = LINE ( 'NONE', #4414, #272 ) ;
#4234 = CARTESIAN_POINT ( 'NONE',  ( -2.998179295342850992, -1.333471845651435395, 2.681321192064205050 ) ) ;
#4235 = ORIENTED_EDGE ( 'NONE', *, *, #7082, .F. ) ;
#4236 = PLANE ( 'NONE',  #8539 ) ;
#4237 = CARTESIAN_POINT ( 'NONE',  ( -0.09305725257966029895, -0.03522157705092288094, -0.01867101149142505120 ) ) ;
#4238 = CARTESIAN_POINT ( 'NONE',  ( -0.06596646539415285115, -0.09582482243794521182, -0.02867101149142507743 ) ) ;
#4239 = SURFACE_STYLE_USAGE ( .BOTH. , #8162 ) ;
#4240 = DIRECTION ( 'NONE',  ( 0.0000000000000000000, -3.491481338843133355E-15, 1.000000000000000000 ) ) ;
#4241 = ORIENTED_EDGE ( 'NONE', *, *, #5250, .T. ) ;
#4242 = AXIS2_PLACEMENT_3D ( 'NONE', #3282, #4002, #7282 ) ;
#4243 = EDGE_CURVE ( 'NONE', #8179, #1526, #955, .T. ) ;
#4244 = CARTESIAN_POINT ( 'NONE',  ( -0.1817048052445476014, -0.1108404744450473406, -0.02867101149142507743 ) ) ;
#4245 = ORIENTED_EDGE ( 'NONE', *, *, #2052, .T. ) ;
#4246 = CARTESIAN_POINT ( 'NONE',  ( -0.05114696513545505252, -0.1107379711216363027, -0.02867101149142507743 ) ) ;
#4247 = ORIENTED_EDGE ( 'NONE', *, *, #2602, .T. ) ;
#4248 = UNCERTAINTY_MEASURE_WITH_UNIT (LENGTH_MEASURE( 1.000000000000000082E-05 ), #4178, 'distance_accuracy_value', 'NONE');
#4249 = FILL_AREA_STYLE ('',( #900 ) ) ;
#4250 = PLANE ( 'NONE',  #5634 ) ;
#4251 = LINE ( 'NONE', #3175, #4147 ) ;
#4252 = ORIENTED_EDGE ( 'NONE', *, *, #712, .F. ) ;
#4253 = ORIENTED_EDGE ( 'NONE', *, *, #5000, .T. ) ;
#4254 = PRESENTATION_STYLE_ASSIGNMENT (( #1373 ) ) ;
#4255 = DIRECTION ( 'NONE',  ( -1.000000000000000000, 0.0000000000000000000, 0.0000000000000000000 ) ) ;
#4256 = PRESENTATION_STYLE_ASSIGNMENT (( #7186 ) ) ;
#4257 =( BOUNDED_CURVE ( )  B_SPLINE_CURVE ( 3, ( #256, #898, #5568, #2932 ),
 .UNSPECIFIED., .F., .F. ) 
 B_SPLINE_CURVE_WITH_KNOTS ( ( 4, 4 ),
 ( 3.141592653589794004, 4.712388980384692339 ),
 .UNSPECIFIED. ) 
 CURVE ( )  GEOMETRIC_REPRESENTATION_ITEM ( )  RATIONAL_B_SPLINE_CURVE ( ( 1.000000000000000000, 0.8047378541243646044, 0.8047378541243646044, 1.000000000000000000 ) ) 
 REPRESENTATION_ITEM ( '' )  );
#4258 = AXIS2_PLACEMENT_3D ( 'NONE', #1512, #6126, #2205 ) ;
#4259 = STYLED_ITEM ( 'NONE', ( #3960 ), #7381 ) ;
#4260 = CIRCLE ( 'NONE', #8615, 0.09999999999999982514 ) ;
#4261 = CARTESIAN_POINT ( 'NONE',  ( -3.850000000000000533, -0.9834718456514265350, -0.02867101149142811320 ) ) ;
#4262 = ORIENTED_EDGE ( 'NONE', *, *, #6230, .F. ) ;
#4263 = ADVANCED_FACE ( 'NONE', ( #6254 ), #8028, .T. ) ;
#4264 = DIRECTION ( 'NONE',  ( 0.0000000000000000000, -3.491481338843133355E-15, 1.000000000000000000 ) ) ;
#4265 = ORIENTED_EDGE ( 'NONE', *, *, #7653, .F. ) ;
#4266 = DIRECTION ( 'NONE',  ( -1.261823884255441284E-30, -1.000000000000000000, -3.491481338843133355E-15 ) ) ;
#4267 = CARTESIAN_POINT ( 'NONE',  ( 0.1279505695555585854, -0.08776443102986929146, -0.02867101149142507743 ) ) ;
#4268 = EDGE_CURVE ( 'NONE', #6887, #4705, #5930, .T. ) ;
#4269 = FACE_OUTER_BOUND ( 'NONE', #6260, .T. ) ;
#4270 = AXIS2_PLACEMENT_3D ( 'NONE', #523, #1191, #5855 ) ;
#4271 = DIRECTION ( 'NONE',  ( 0.0000000000000000000, 1.000000000000000000, 4.336808689942025625E-15 ) ) ;
#4272 = ORIENTED_EDGE ( 'NONE', *, *, #2587, .T. ) ;
#4273 = CIRCLE ( 'NONE', #1528, 0.2999999999999998224 ) ;
#4274 = DIRECTION ( 'NONE',  ( 1.000000000000000000, -2.947812203982774579E-15, -1.029223130061990502E-29 ) ) ;
#4275 = CARTESIAN_POINT ( 'NONE',  ( -0.06186390716204870355, -0.1089786315022288343, -0.01867101149142528019 ) ) ;
#4276 = ORIENTED_EDGE ( 'NONE', *, *, #4333, .T. ) ;
#4277 =( LENGTH_UNIT ( ) NAMED_UNIT ( * ) SI_UNIT ( .MILLI., .METRE. ) );
#4278 = CARTESIAN_POINT ( 'NONE',  ( -2.750000000000000000, -1.083471845651426291, 0.02132898850857170570 ) ) ;
#4279 = MECHANICAL_DESIGN_GEOMETRIC_PRESENTATION_REPRESENTATION (  '', ( #821 ), #6049 ) ;
#4280 = CARTESIAN_POINT ( 'NONE',  ( 3.499999999999999112, -1.283471845651437571, 3.321328988508570834 ) ) ;
#4281 = ORIENTED_EDGE ( 'NONE', *, *, #2243, .F. ) ;
#4282 =( NAMED_UNIT ( * ) SI_UNIT ( $, .STERADIAN. ) SOLID_ANGLE_UNIT ( ) );
#4283 = CARTESIAN_POINT ( 'NONE',  ( 3.549999999999999822, -0.9834718456514253138, -0.02867101149142811320 ) ) ;
#4284 =( LENGTH_UNIT ( ) NAMED_UNIT ( * ) SI_UNIT ( .MILLI., .METRE. ) );
#4285 = PRESENTATION_STYLE_ASSIGNMENT (( #2913 ) ) ;
#4286 = ORIENTED_EDGE ( 'NONE', *, *, #3141, .F. ) ;
#4287 = SURFACE_STYLE_USAGE ( .BOTH. , #6903 ) ;
#4288 = UNCERTAINTY_MEASURE_WITH_UNIT (LENGTH_MEASURE( 1.000000000000000082E-05 ), #1567, 'distance_accuracy_value', 'NONE');
#4289 = CARTESIAN_POINT ( 'NONE',  ( 0.1352863447217638737, -0.06622516491098336122, -0.02867101149142507743 ) ) ;
#4290 = EDGE_CURVE ( 'NONE', #4692, #7230, #5310, .T. ) ;
#4291 = SURFACE_STYLE_FILL_AREA ( #6656 ) ;
#4292 = MECHANICAL_DESIGN_GEOMETRIC_PRESENTATION_REPRESENTATION (  '', ( #8020 ), #7447 ) ;
#4293 = MECHANICAL_DESIGN_GEOMETRIC_PRESENTATION_REPRESENTATION (  '', ( #6666 ), #2248 ) ;
#4294 = DIRECTION ( 'NONE',  ( 1.000000000000000000, 0.0000000000000000000, 0.0000000000000000000 ) ) ;
#4295 = VECTOR ( 'NONE', #4627, 1000.000000000000000 ) ;
#4296 = CARTESIAN_POINT ( 'NONE',  ( 1.825000000000000178, 0.6865281543485735050, -0.02867101149142334271 ) ) ;
#4297 = VERTEX_POINT ( 'NONE', #1590 ) ;
#4298 = CARTESIAN_POINT ( 'NONE',  ( -0.09793258815309854870, -0.07057632915885439506, -0.02867101149142507743 ) ) ;
#4299 = CARTESIAN_POINT ( 'NONE',  ( -0.1715866650006451499, -0.08279169395724239600, -0.02867101149142507743 ) ) ;
#4300 =( NAMED_UNIT ( * ) PLANE_ANGLE_UNIT ( ) SI_UNIT ( $, .RADIAN. ) );
#4301 =( GEOMETRIC_REPRESENTATION_CONTEXT ( 3 ) GLOBAL_UNCERTAINTY_ASSIGNED_CONTEXT ( ( #4505 ) ) GLOBAL_UNIT_ASSIGNED_CONTEXT ( ( #520, #3132, #4435 ) ) REPRESENTATION_CONTEXT ( 'NONE', 'WORKASPACE' ) );
#4302 = FILL_AREA_STYLE_COLOUR ( '', #6340 ) ;
#4303 = CARTESIAN_POINT ( 'NONE',  ( -3.499999999999999556, 0.6865281543485639570, 2.921328988508578473 ) ) ;
#4304 = AXIS2_PLACEMENT_3D ( 'NONE', #6766, #749, #6064 ) ;
#4305 = ORIENTED_EDGE ( 'NONE', *, *, #4725, .F. ) ;
#4306 = CARTESIAN_POINT ( 'NONE',  ( 3.299999999999998934, -1.083471845651438281, 3.521328988508571012 ) ) ;
#4307 = VERTEX_POINT ( 'NONE', #4213 ) ;
#4308 = VECTOR ( 'NONE', #3342, 1000.000000000000000 ) ;
#4309 = FILL_AREA_STYLE_COLOUR ( '', #4221 ) ;
#4310 = EDGE_CURVE ( 'NONE', #6244, #5151, #433, .T. ) ;
#4311 = EDGE_CURVE ( 'NONE', #3622, #7687, #4185, .T. ) ;
#4312 = VERTEX_POINT ( 'NONE', #4883 ) ;
#4313 = AXIS2_PLACEMENT_3D ( 'NONE', #2118, #119, #2847 ) ;
#4314 = CARTESIAN_POINT ( 'NONE',  ( 0.0000000000000000000, 0.6865281543485678428, 1.746328988508577318 ) ) ;
#4315 = CARTESIAN_POINT ( 'NONE',  ( 0.1000596764627694479, -0.1010843768840716805, -0.02867101149142507743 ) ) ;
#4316 = CARTESIAN_POINT ( 'NONE',  ( 2.535625514828973692, -1.283471845651426690, 0.1580275645301933152 ) ) ;
#4317 = PRESENTATION_STYLE_ASSIGNMENT (( #5728 ) ) ;
#4318 = PLANE ( 'NONE',  #3934 ) ;
#4319 = ORIENTED_EDGE ( 'NONE', *, *, #3667, .T. ) ;
#4320 = EDGE_CURVE ( 'NONE', #2565, #2779, #3752, .T. ) ;
#4321 = DIRECTION ( 'NONE',  ( -1.000000000000000000, 0.0000000000000000000, 0.0000000000000000000 ) ) ;
#4322 = AXIS2_PLACEMENT_3D ( 'NONE', #5683, #7049, #7132 ) ;
#4323 = CARTESIAN_POINT ( 'NONE',  ( 1.399999999999999689, -2.213471845651434844, 2.546328988508567370 ) ) ;
#4324 = VECTOR ( 'NONE', #7362, 1000.000000000000000 ) ;
#4325 = ORIENTED_EDGE ( 'NONE', *, *, #6515, .F. ) ;
#4326 = CARTESIAN_POINT ( 'NONE',  ( 3.499999999999999556, -1.083471845651436061, 2.921328988508570923 ) ) ;
#4327 = VERTEX_POINT ( 'NONE', #168 ) ;
#4328 = DIRECTION ( 'NONE',  ( 0.0000000000000000000, -3.491481338843133355E-15, 1.000000000000000000 ) ) ;
#4329 = VERTEX_POINT ( 'NONE', #282 ) ;
#4330 = CARTESIAN_POINT ( 'NONE',  ( 0.1166848891816083811, -0.1102381970374685105, -0.02867101149142507743 ) ) ;
#4331 = VERTEX_POINT ( 'NONE', #7506 ) ;
#4332 = ORIENTED_EDGE ( 'NONE', *, *, #7001, .T. ) ;
#4333 = EDGE_CURVE ( 'NONE', #5503, #620, #8232, .T. ) ;
#4334 = COLOUR_RGB ( '',0.7764705882352941346, 0.7568627450980391913, 0.7372549019607843590 ) ;
#4335 = ADVANCED_FACE ( 'NONE', ( #4914 ), #4798, .T. ) ;
#4336 = FILL_AREA_STYLE_COLOUR ( '', #3421 ) ;
#4337 = DIRECTION ( 'NONE',  ( 0.0000000000000000000, -3.491481338843133355E-15, 1.000000000000000000 ) ) ;
#4338 =( NAMED_UNIT ( * ) SI_UNIT ( $, .STERADIAN. ) SOLID_ANGLE_UNIT ( ) );
#4339 = VECTOR ( 'NONE', #4140, 1000.000000000000000 ) ;
#4340 = CARTESIAN_POINT ( 'NONE',  ( 0.1203977947281762440, -0.09516512494305777448, -0.02867101149142507743 ) ) ;
#4341 = VERTEX_POINT ( 'NONE', #1559 ) ;
#4342 = CARTESIAN_POINT ( 'NONE',  ( 2.998179295342849215, -1.383471845651430110, 1.127033865392921719 ) ) ;
#4343 = CARTESIAN_POINT ( 'NONE',  ( 2.800000000000000266, -1.083471845651426069, -0.02867101149142854688 ) ) ;
#4344 = VECTOR ( 'NONE', #6743, 1000.000000000000000 ) ;
#4345 = PRESENTATION_STYLE_ASSIGNMENT (( #7204 ) ) ;
#4346 = FILL_AREA_STYLE_COLOUR ( '', #3277 ) ;
#4347 = PRESENTATION_LAYER_ASSIGNMENT (  '', '', ( #2259 ) ) ;
#4348 = VERTEX_POINT ( 'NONE', #5541 ) ;
#4349 = DIRECTION ( 'NONE',  ( 1.000000000000000000, -6.730483377136454326E-31, 1.927687054276661595E-16 ) ) ;
#4350 = CARTESIAN_POINT ( 'NONE',  ( -3.850000000000000977, -0.7834718456514269125, -0.02867101149142724584 ) ) ;
#4351 = CARTESIAN_POINT ( 'NONE',  ( 1.400000000000000133, -2.313471845651430048, 1.246328988508567326 ) ) ;
#4352 = CARTESIAN_POINT ( 'NONE',  ( 0.1470795281475745508, -0.07816515675816920750, -0.01867101149142505120 ) ) ;
#4353 = ORIENTED_EDGE ( 'NONE', *, *, #3689, .T. ) ;
#4354 = COLOUR_RGB ( '',1.000000000000000000, 1.000000000000000000, 1.000000000000000000 ) ;
#4355 = PRESENTATION_LAYER_ASSIGNMENT (  '', '', ( #2580 ) ) ;
#4356 =( NAMED_UNIT ( * ) PLANE_ANGLE_UNIT ( ) SI_UNIT ( $, .RADIAN. ) );
#4357 = MECHANICAL_DESIGN_GEOMETRIC_PRESENTATION_REPRESENTATION (  '', ( #6621 ), #6459 ) ;
#4358 = PRESENTATION_STYLE_ASSIGNMENT (( #2414 ) ) ;
#4359 = DIRECTION ( 'NONE',  ( 0.0000000000000000000, 1.000000000000000000, 3.491481338843133355E-15 ) ) ;
#4360 = ORIENTED_EDGE ( 'NONE', *, *, #1192, .F. ) ;
#4361 = FACE_OUTER_BOUND ( 'NONE', #3375, .T. ) ;
#4362 = DIRECTION ( 'NONE',  ( -0.7339715204324520625, 2.371345156258378148E-15, -0.6791802464692819896 ) ) ;
#4363 = CARTESIAN_POINT ( 'NONE',  ( -3.550000000000001155, -0.9834718456514278673, 0.4713289885085719111 ) ) ;
#4364 = EDGE_CURVE ( 'NONE', #7688, #6288, #6, .T. ) ;
#4365 = SURFACE_SIDE_STYLE ('',( #5155 ) ) ;
#4366 = DIRECTION ( 'NONE',  ( 0.0000000000000000000, -1.000000000000000000, -3.491481338843133355E-15 ) ) ;
#4367 = PRESENTATION_LAYER_ASSIGNMENT (  '', '', ( #6424 ) ) ;
#4368 = CIRCLE ( 'NONE', #1699, 0.1000000000000000472 ) ;
#4369 =( NAMED_UNIT ( * ) SI_UNIT ( $, .STERADIAN. ) SOLID_ANGLE_UNIT ( ) );
#4370 = CARTESIAN_POINT ( 'NONE',  ( -0.1500556554113642860, -0.02374840160320845772, -0.02867101149142507743 ) ) ;
#4371 = ADVANCED_FACE ( 'NONE', ( #1054 ), #2279, .F. ) ;
#4372 = SURFACE_STYLE_FILL_AREA ( #5588 ) ;
#4373 = DIRECTION ( 'NONE',  ( 0.0000000000000000000, 3.491481338843133355E-15, -1.000000000000000000 ) ) ;
#4374 = VERTEX_POINT ( 'NONE', #6172 ) ;
#4375 = CARTESIAN_POINT ( 'NONE',  ( 1.399999999999999467, -2.313471845651434933, 2.546328988508567370 ) ) ;
#4376 = PRESENTATION_LAYER_ASSIGNMENT (  '', '', ( #3819 ) ) ;
#4377 = EDGE_CURVE ( 'NONE', #2072, #5258, #6970, .T. ) ;
#4378 = LINE ( 'NONE', #4833, #2615 ) ;
#4379 =( NAMED_UNIT ( * ) PLANE_ANGLE_UNIT ( ) SI_UNIT ( $, .RADIAN. ) );
#4380 = PRESENTATION_LAYER_ASSIGNMENT (  '', '', ( #2449 ) ) ;
#4381 = FACE_OUTER_BOUND ( 'NONE', #5545, .T. ) ;
#4382 = DIRECTION ( 'NONE',  ( 0.0000000000000000000, -1.000000000000000000, -3.491481338843133355E-15 ) ) ;
#4383 = VECTOR ( 'NONE', #4136, 1000.000000000000000 ) ;
#4384 = ORIENTED_EDGE ( 'NONE', *, *, #3647, .F. ) ;
#4385 = COLOUR_RGB ( '',1.000000000000000000, 1.000000000000000000, 1.000000000000000000 ) ;
#4386 = PRESENTATION_STYLE_ASSIGNMENT (( #7745 ) ) ;
#4387 = CARTESIAN_POINT ( 'NONE',  ( -2.549999999999999822, -0.1108404744450475488, -0.01867101149142505120 ) ) ;
#4388 =( GEOMETRIC_REPRESENTATION_CONTEXT ( 3 ) GLOBAL_UNCERTAINTY_ASSIGNED_CONTEXT ( ( #1153 ) ) GLOBAL_UNIT_ASSIGNED_CONTEXT ( ( #8239, #6950, #2982 ) ) REPRESENTATION_CONTEXT ( 'NONE', 'WORKASPACE' ) );
#4389 = FACE_OUTER_BOUND ( 'NONE', #2826, .T. ) ;
#4390 = ORIENTED_EDGE ( 'NONE', *, *, #2356, .T. ) ;
#4391 = CARTESIAN_POINT ( 'NONE',  ( -2.549999999999999822, -0.1108404744450475488, -0.01867101149142505120 ) ) ;
#4392 = AXIS2_PLACEMENT_3D ( 'NONE', #6112, #710, #5357 ) ;
#4393 = ORIENTED_EDGE ( 'NONE', *, *, #7929, .F. ) ;
#4394 = DIRECTION ( 'NONE',  ( 1.000000000000000000, 0.0000000000000000000, 0.0000000000000000000 ) ) ;
#4395 = UNCERTAINTY_MEASURE_WITH_UNIT (LENGTH_MEASURE( 1.000000000000000082E-05 ), #951, 'distance_accuracy_value', 'NONE');
#4396 = SPHERICAL_SURFACE ( 'NONE', #7578, 0.1000000000000000056 ) ;
#4397 = B_SPLINE_SURFACE_WITH_KNOTS ( 'NONE', 3, 1, ( 
 ( #6729, #2196 ),
 ( #2704, #746 ),
 ( #1446, #6061 ),
 ( #7395, #3432 ),
 ( #114, #774 ),
 ( #5424, #1476 ),
 ( #6094, #2141 ),
 ( #2787, #7421 ),
 ( #2254, #6855 ),
 ( #6203, #8168 ),
 ( #4941, #2282 ) ),
 .UNSPECIFIED., .F., .F., .F.,
 ( 4, 1, 1, 1, 1, 1, 1, 1, 4 ),
 ( 2, 2 ),
 ( 0.0000000000000000000, 0.1124483899088019601, 0.2265276752126784698, 0.3444019493260280229, 0.4658649724874588949, 0.5916594493521172282, 0.7221684870248874510, 0.8586063875549264646, 1.000000000000000000 ),
 ( 0.0000000000000000000, 1.000000000000000000 ),
 .UNSPECIFIED. ) ;
#4398 = CARTESIAN_POINT ( 'NONE',  ( 0.1295362304171099599, -0.03782321457342237986, -0.02867101149142507743 ) ) ;
#4399 = LINE ( 'NONE', #4023, #6378 ) ;
#4400 = ORIENTED_EDGE ( 'NONE', *, *, #5637, .F. ) ;
#4401 = PLANE ( 'NONE',  #8312 ) ;
#4402 = FILL_AREA_STYLE ('',( #8384 ) ) ;
#4403 = ORIENTED_EDGE ( 'NONE', *, *, #2761, .F. ) ;
#4404 = COLOUR_RGB ( '',0.7764705882352941346, 0.7568627450980391913, 0.7372549019607843590 ) ;
#4405 = MECHANICAL_DESIGN_GEOMETRIC_PRESENTATION_REPRESENTATION (  '', ( #2098 ), #1489 ) ;
#4406 = CARTESIAN_POINT ( 'NONE',  ( -1.499999999999999778, -1.083471845651430066, 1.146328988508571678 ) ) ;
#4407 = PRESENTATION_LAYER_ASSIGNMENT (  '', '', ( #7124 ) ) ;
#4408 = CARTESIAN_POINT ( 'NONE',  ( 0.1036438375198832917, -0.1120210745003138164, -0.01867101149142505120 ) ) ;
#4409 = FACE_OUTER_BOUND ( 'NONE', #1294, .T. ) ;
#4410 = LINE ( 'NONE', #6035, #4615 ) ;
#4411 = ORIENTED_EDGE ( 'NONE', *, *, #7890, .T. ) ;
#4412 =( LENGTH_UNIT ( ) NAMED_UNIT ( * ) SI_UNIT ( .MILLI., .METRE. ) );
#4413 = EDGE_CURVE ( 'NONE', #4226, #3650, #7489, .T. ) ;
#4414 = CARTESIAN_POINT ( 'NONE',  ( 1.803784506222427808, 0.6865281543485639570, 2.921328988508577584 ) ) ;
#4415 =( GEOMETRIC_REPRESENTATION_CONTEXT ( 3 ) GLOBAL_UNCERTAINTY_ASSIGNED_CONTEXT ( ( #6219 ) ) GLOBAL_UNIT_ASSIGNED_CONTEXT ( ( #5759, #5156, #3772 ) ) REPRESENTATION_CONTEXT ( 'NONE', 'WORKASPACE' ) );
#4416 = FACE_OUTER_BOUND ( 'NONE', #5760, .T. ) ;
#4417 = CARTESIAN_POINT ( 'NONE',  ( 2.375000000000000444, 1.476528154348573318, -0.02867101149142117431 ) ) ;
#4418 = ORIENTED_EDGE ( 'NONE', *, *, #5505, .F. ) ;
#4419 = DIRECTION ( 'NONE',  ( 0.0000000000000000000, 1.000000000000000000, 3.491481338843133355E-15 ) ) ;
#4420 = DIRECTION ( 'NONE',  ( 0.0000000000000000000, 1.000000000000000000, 3.491481338843133355E-15 ) ) ;
#4421 = ORIENTED_EDGE ( 'NONE', *, *, #1368, .F. ) ;
#4422 = DIRECTION ( 'NONE',  ( 0.0000000000000000000, -3.491481338843133355E-15, 1.000000000000000000 ) ) ;
#4423 = SURFACE_STYLE_FILL_AREA ( #2011 ) ;
#4424 = ORIENTED_EDGE ( 'NONE', *, *, #6706, .T. ) ;
#4425 = ADVANCED_FACE ( 'NONE', ( #3653 ), #1682, .F. ) ;
#4426 = CYLINDRICAL_SURFACE ( 'NONE', #909, 0.02499999999999984873 ) ;
#4427 = ORIENTED_EDGE ( 'NONE', *, *, #5532, .T. ) ;
#4428 = CARTESIAN_POINT ( 'NONE',  ( -2.569584527152437570, -1.083471845651426513, 0.1713289885085715336 ) ) ;
#4429 = ORIENTED_EDGE ( 'NONE', *, *, #5823, .F. ) ;
#4430 = PLANE ( 'NONE',  #2184 ) ;
#4431 = MECHANICAL_DESIGN_GEOMETRIC_PRESENTATION_REPRESENTATION (  '', ( #5752 ), #3437 ) ;
#4432 = DIRECTION ( 'NONE',  ( 1.224646799147353207E-16, -1.000000000000000000, -3.491481338843133355E-15 ) ) ;
#4433 =( NAMED_UNIT ( * ) PLANE_ANGLE_UNIT ( ) SI_UNIT ( $, .RADIAN. ) );
#4435 =( NAMED_UNIT ( * ) SI_UNIT ( $, .STERADIAN. ) SOLID_ANGLE_UNIT ( ) );
#4434 = SURFACE_STYLE_FILL_AREA ( #7834 ) ;
#4436 = CARTESIAN_POINT ( 'NONE',  ( -0.05866266272536763832, -0.09845496844593368269, -0.02867101149142507743 ) ) ;
#4437 = VERTEX_POINT ( 'NONE', #3625 ) ;
#4438 = PRESENTATION_STYLE_ASSIGNMENT (( #393 ) ) ;
#4439 = FILL_AREA_STYLE ('',( #543 ) ) ;
#4440 = CARTESIAN_POINT ( 'NONE',  ( -3.300000000000000711, -1.283471845651437571, 3.321328988508570834 ) ) ;
#4441 = EDGE_CURVE ( 'NONE', #2863, #294, #8420, .T. ) ;
#4442 = DIRECTION ( 'NONE',  ( 0.0000000000000000000, -4.304632968207263259E-15, 1.000000000000000000 ) ) ;
#4443 = VERTEX_POINT ( 'NONE', #1007 ) ;
#4444 = AXIS2_PLACEMENT_3D ( 'NONE', #5657, #6992, #8258 ) ;
#4445 = VECTOR ( 'NONE', #7438, 1000.000000000000000 ) ;
#4446 = FACE_OUTER_BOUND ( 'NONE', #7864, .T. ) ;
#4447 = DIRECTION ( 'NONE',  ( 0.0000000000000000000, -1.000000000000000000, -3.491481338843133355E-15 ) ) ;
#4448 = DIRECTION ( 'NONE',  ( 2.891205793294677044E-15, -1.000000000000000000, -3.491481338843133355E-15 ) ) ;
#4449 = CARTESIAN_POINT ( 'NONE',  ( 0.003661048413988954309, -0.02181608420114499597, -0.02867101149142507743 ) ) ;
#4450 = SURFACE_STYLE_FILL_AREA ( #6135 ) ;
#4451 = CARTESIAN_POINT ( 'NONE',  ( 0.1057047834555349397, -0.02124601077639056909, -0.02867101149142507743 ) ) ;
#4452 = ORIENTED_EDGE ( 'NONE', *, *, #6928, .T. ) ;
#4453 = AXIS2_PLACEMENT_3D ( 'NONE', #7907, #1982, #7292 ) ;
#4454 = STYLED_ITEM ( 'NONE', ( #938 ), #1630 ) ;
#4455 = AXIS2_PLACEMENT_3D ( 'NONE', #4323, #932, #5571 ) ;
#4456 = CARTESIAN_POINT ( 'NONE',  ( -2.098518552703154683, -1.383471845651430110, 1.127033865392921719 ) ) ;
#4457 = CARTESIAN_POINT ( 'NONE',  ( -3.299999999999998934, 1.186528154348561737, 3.521328988508579894 ) ) ;
#4458 = ORIENTED_EDGE ( 'NONE', *, *, #3857, .T. ) ;
#4459 = FILL_AREA_STYLE_COLOUR ( '', #95 ) ;
#4460 =( LENGTH_UNIT ( ) NAMED_UNIT ( * ) SI_UNIT ( .MILLI., .METRE. ) );
#4461 = PLANE ( 'NONE',  #2055 ) ;
#4462 = EDGE_CURVE ( 'NONE', #207, #1011, #7068, .T. ) ;
#4463 = AXIS2_PLACEMENT_3D ( 'NONE', #7099, #3134, #5104 ) ;
#4464 = VERTEX_POINT ( 'NONE', #7012 ) ;
#4465 = DIRECTION ( 'NONE',  ( 0.0000000000000000000, -3.491481338843133355E-15, 1.000000000000000000 ) ) ;
#4466 = ADVANCED_FACE ( 'NONE', ( #5304 ), #5002, .T. ) ;
#4467 = LINE ( 'NONE', #4826, #946 ) ;
#4468 = LINE ( 'NONE', #5927, #8517 ) ;
#4469 = CARTESIAN_POINT ( 'NONE',  ( -0.07743744387689870112, -0.08660615277779055987, -0.01867101149142505120 ) ) ;
#4470 = VERTEX_POINT ( 'NONE', #4343 ) ;
#4471 = COLOUR_RGB ( '',1.000000000000000000, 1.000000000000000000, 1.000000000000000000 ) ;
#4472 = CYLINDRICAL_SURFACE ( 'NONE', #4769, 0.1000000000000000472 ) ;
#4473 = EDGE_CURVE ( 'NONE', #6184, #5151, #5094, .T. ) ;
#4474 = FACE_OUTER_BOUND ( 'NONE', #127, .T. ) ;
#4475 = DIRECTION ( 'NONE',  ( 1.000000000000000000, 0.0000000000000000000, 0.0000000000000000000 ) ) ;
#4476 = DIRECTION ( 'NONE',  ( 1.000000000000000000, 0.0000000000000000000, 0.0000000000000000000 ) ) ;
#4477 = STYLED_ITEM ( 'NONE', ( #3869 ), #3555 ) ;
#4478 = CARTESIAN_POINT ( 'NONE',  ( 0.07518876808212754392, -0.01326125792098435500, -0.02867101149142507743 ) ) ;
#4479 = ORIENTED_EDGE ( 'NONE', *, *, #2446, .T. ) ;
#4480 = SURFACE_STYLE_FILL_AREA ( #6305 ) ;
#4481 = ORIENTED_EDGE ( 'NONE', *, *, #2269, .F. ) ;
#4482 = CARTESIAN_POINT ( 'NONE',  ( 0.1279505695555585854, -0.08776443102986929146, -0.02867101149142507743 ) ) ;
#4483 = CARTESIAN_POINT ( 'NONE',  ( 1.399999999999999467, -1.083471845651435395, 2.646328988508571900 ) ) ;
#4484 = DIRECTION ( 'NONE',  ( 0.0000000000000000000, -4.304632968207263259E-15, 1.000000000000000000 ) ) ;
#4485 = CARTESIAN_POINT ( 'NONE',  ( 2.456307219633194983, -1.083471845651426513, 0.08463041248694906649 ) ) ;
#4486 = ORIENTED_EDGE ( 'NONE', *, *, #579, .T. ) ;
#4487 = UNCERTAINTY_MEASURE_WITH_UNIT (LENGTH_MEASURE( 1.000000000000000082E-05 ), #5370, 'distance_accuracy_value', 'NONE');
#4488 = EDGE_CURVE ( 'NONE', #2400, #1327, #6348, .T. ) ;
#4489 = CARTESIAN_POINT ( 'NONE',  ( -0.03170480524454771104, -0.02181608420114499597, -0.02867101149142507743 ) ) ;
#4490 = STYLED_ITEM ( 'NONE', ( #6430 ), #8059 ) ;
#4491 = DIRECTION ( 'NONE',  ( 0.0000000000000000000, -3.523657060577889411E-15, 1.000000000000000000 ) ) ;
#4492 = CARTESIAN_POINT ( 'NONE',  ( -0.04645328085430373843, -0.02181608420114477739, -0.02867101149142507743 ) ) ;
#4493 = ORIENTED_EDGE ( 'NONE', *, *, #4604, .T. ) ;
#4494 =( NAMED_UNIT ( * ) SI_UNIT ( $, .STERADIAN. ) SOLID_ANGLE_UNIT ( ) );
#4495 = VERTEX_POINT ( 'NONE', #7596 ) ;
#4496 = LINE ( 'NONE', #5715, #3158 ) ;
#4497 = STYLED_ITEM ( 'NONE', ( #4542 ), #547 ) ;
#4498 = CARTESIAN_POINT ( 'NONE',  ( 0.1193353022339197073, -0.02684728000343711979, -0.01867101149142505120 ) ) ;
#4499 = CARTESIAN_POINT ( 'NONE',  ( -1.825000000000001066, 0.6865281543485739491, -0.02867101149142160799 ) ) ;
#4500 = COLOUR_RGB ( '',0.7764705882352941346, 0.7568627450980391913, 0.7372549019607843590 ) ;
#4501 = VERTEX_POINT ( 'NONE', #3674 ) ;
#4502 = CARTESIAN_POINT ( 'NONE',  ( 0.09116305327725719720, -0.009849607626533215740, -0.02867101149142464375 ) ) ;
#4503 = ORIENTED_EDGE ( 'NONE', *, *, #1664, .T. ) ;
#4504 = ADVANCED_FACE ( 'NONE', ( #3341 ), #4318, .T. ) ;
#4505 = UNCERTAINTY_MEASURE_WITH_UNIT (LENGTH_MEASURE( 1.000000000000000082E-05 ), #520, 'distance_accuracy_value', 'NONE');
#4506 = FILL_AREA_STYLE_COLOUR ( '', #3642 ) ;
#4507 = CARTESIAN_POINT ( 'NONE',  ( 0.04146592646276945487, -0.02181608420114499597, -0.02867101149142507743 ) ) ;
#4508 = FACE_OUTER_BOUND ( 'NONE', #2584, .T. ) ;
#4509 = LINE ( 'NONE', #7714, #672 ) ;
#4510 = PLANE ( 'NONE',  #2508 ) ;
#4511 = VECTOR ( 'NONE', #3610, 1000.000000000000114 ) ;
#4512 = AXIS2_PLACEMENT_3D ( 'NONE', #7648, #3034, #8399 ) ;
#4513 = CARTESIAN_POINT ( 'NONE',  ( 3.299999999999998934, -1.283471845651437571, 3.321328988508570834 ) ) ;
#4514 = ORIENTED_EDGE ( 'NONE', *, *, #1595, .T. ) ;
#4515 = STYLED_ITEM ( 'NONE', ( #3850 ), #7469 ) ;
#4516 =( LENGTH_UNIT ( ) NAMED_UNIT ( * ) SI_UNIT ( .MILLI., .METRE. ) );
#4517 = EDGE_LOOP ( 'NONE', ( #780, #3930, #4990, #2917, #7325 ) ) ;
#4518 = SURFACE_STYLE_FILL_AREA ( #3267 ) ;
#4519 = ORIENTED_EDGE ( 'NONE', *, *, #461, .T. ) ;
#4520 = DIRECTION ( 'NONE',  ( 0.0000000000000000000, -1.000000000000000000, -3.491481338843133355E-15 ) ) ;
#4521 = LINE ( 'NONE', #5412, #5763 ) ;
#4522 = ORIENTED_EDGE ( 'NONE', *, *, #1162, .T. ) ;
#4523 = ORIENTED_EDGE ( 'NONE', *, *, #4541, .F. ) ;
#4524 = EDGE_CURVE ( 'NONE', #7748, #7168, #7796, .T. ) ;
#4525 = EDGE_CURVE ( 'NONE', #5333, #7642, #6540, .T. ) ;
#4526 = CARTESIAN_POINT ( 'NONE',  ( -0.06596646539415285115, -0.09582482243794543386, -0.01867101149142505120 ) ) ;
#4527 = PRESENTATION_LAYER_ASSIGNMENT (  '', '', ( #4101 ) ) ;
#4528 = ORIENTED_EDGE ( 'NONE', *, *, #8041, .T. ) ;
#4529 = CARTESIAN_POINT ( 'NONE',  ( 0.2085390971944768301, -0.01084047444504729341, -0.02867101149142507743 ) ) ;
#4530 = ORIENTED_EDGE ( 'NONE', *, *, #3321, .F. ) ;
#4531 = SURFACE_SIDE_STYLE ('',( #2992 ) ) ;
#4532 = CARTESIAN_POINT ( 'NONE',  ( -0.1516267129199808383, -0.02873805691421701947, -0.01867101149142505120 ) ) ;
#4533 = COLOUR_RGB ( '',1.000000000000000000, 1.000000000000000000, 1.000000000000000000 ) ;
#4534 = CARTESIAN_POINT ( 'NONE',  ( 0.1344832986877904091, -0.02414479520486531236, -0.01867101149142505120 ) ) ;
#4535 = B_SPLINE_SURFACE_WITH_KNOTS ( 'NONE', 3, 1, ( 
 ( #2355, #6980 ),
 ( #3012, #4963 ),
 ( #975, #8325 ),
 ( #6291, #888 ),
 ( #2332, #361 ),
 ( #6232, #7593 ),
 ( #2302, #3621 ),
 ( #5539, #2244 ),
 ( #7536, #6905 ),
 ( #7568, #4908 ),
 ( #2897, #6875 ),
 ( #3562, #8219 ),
 ( #4238, #248 ),
 ( #8245, #922 ),
 ( #5746, #3118 ),
 ( #7763, #2484 ),
 ( #7790, #476 ),
 ( #7737, #2429 ),
 ( #446, #3784 ) ),
 .UNSPECIFIED., .F., .F., .F.,
 ( 4, 1, 1, 1, 1, 1, 1, 1, 1, 1, 1, 1, 1, 1, 1, 1, 4 ),
 ( 2, 2 ),
 ( 0.0000000000000000000, 0.07231852612825273585, 0.1405175066372501558, 0.2057017662253158852, 0.2683437271892823439, 0.3284604895109692890, 0.3869951025235682796, 0.4449032329307484046, 0.5026625594549372078, 0.5605968644215424401, 0.6181891980312813617, 0.6763455111192457903, 0.7360267873374155556, 0.7975250840044386669, 0.8618312502832508049, 0.9291735728015679818, 1.000000000000000000 ),
 ( 0.0000000000000000000, 1.000000000000000000 ),
 .UNSPECIFIED. ) ;
#4536 = FILL_AREA_STYLE_COLOUR ( '', #6753 ) ;
#4537 = STYLED_ITEM ( 'NONE', ( #5625 ), #4263 ) ;
#4538 = EDGE_LOOP ( 'NONE', ( #3004, #6304, #4856, #2092, #5774, #2978, #1829, #6469, #923, #7545, #1066, #661 ) ) ;
#4539 = DIRECTION ( 'NONE',  ( 0.0000000000000000000, 3.491481338843133355E-15, -1.000000000000000000 ) ) ;
#4540 = CARTESIAN_POINT ( 'NONE',  ( 0.1143536544606393035, -0.09850275059986061954, -0.01867101149142505120 ) ) ;
#4541 = EDGE_CURVE ( 'NONE', #4936, #6550, #6030, .T. ) ;
#4542 = PRESENTATION_STYLE_ASSIGNMENT (( #7615 ) ) ;
#4543 = ORIENTED_EDGE ( 'NONE', *, *, #5620, .F. ) ;
#4544 = LINE ( 'NONE', #7242, #2893 ) ;
#4545 = CARTESIAN_POINT ( 'NONE',  ( -0.09305725257966029895, -0.03522157705092270052, -0.01867101149142621000 ) ) ;
#4546 = CARTESIAN_POINT ( 'NONE',  ( -0.08532883971457139172, -0.06140693541712501091, -0.02867101149142507743 ) ) ;
#4547 = LINE ( 'NONE', #6527, #7350 ) ;
#4548 = CARTESIAN_POINT ( 'NONE',  ( 0.001222024023745174603, -0.09986486468895007518, -0.01867101149142505120 ) ) ;
#4549 = DIRECTION ( 'NONE',  ( 1.000000000000000000, 0.0000000000000000000, 0.0000000000000000000 ) ) ;
#4550 = ORIENTED_EDGE ( 'NONE', *, *, #7900, .T. ) ;
#4551 = CARTESIAN_POINT ( 'NONE',  ( 0.07715835986743792285, -0.09623965663722715280, -0.01867101149142505120 ) ) ;
#4552 = CARTESIAN_POINT ( 'NONE',  ( -0.01829017109820616979, -0.1108404744450473406, -0.02867101149142507743 ) ) ;
#4553 = ADVANCED_FACE ( 'NONE', ( #1488 ), #535, .F. ) ;
#4554 = ADVANCED_FACE ( 'NONE', ( #4361 ), #3645, .T. ) ;
#4555 = FILL_AREA_STYLE_COLOUR ( '', #264 ) ;
#4556 = STYLED_ITEM ( 'NONE', ( #7756 ), #5769 ) ;
#4557 = EDGE_LOOP ( 'NONE', ( #1956, #2313, #2455, #732 ) ) ;
#4558 = VECTOR ( 'NONE', #2417, 1000.000000000000000 ) ;
#4559 = PLANE ( 'NONE',  #2603 ) ;
#4560 = CARTESIAN_POINT ( 'NONE',  ( 0.08008981571292621282, -0.09751596547588575747, -0.01867101149142505120 ) ) ;
#4561 = CARTESIAN_POINT ( 'NONE',  ( 0.1193353022339197073, -0.02684728000343708509, -0.02867101149142507743 ) ) ;
#4562 = CARTESIAN_POINT ( 'NONE',  ( -0.1512534321230561418, -0.02716615095683096170, -0.01867101149142505120 ) ) ;
#4563 = ORIENTED_EDGE ( 'NONE', *, *, #4160, .T. ) ;
#4564 = FACE_OUTER_BOUND ( 'NONE', #2112, .T. ) ;
#4565 =( GEOMETRIC_REPRESENTATION_CONTEXT ( 3 ) GLOBAL_UNCERTAINTY_ASSIGNED_CONTEXT ( ( #527 ) ) GLOBAL_UNIT_ASSIGNED_CONTEXT ( ( #2227, #1542, #7519 ) ) REPRESENTATION_CONTEXT ( 'NONE', 'WORKASPACE' ) );
#4566 = AXIS2_PLACEMENT_3D ( 'NONE', #2586, #5159, #7870 ) ;
#4567 = PLANE ( 'NONE',  #325 ) ;
#4568 = SURFACE_SIDE_STYLE ('',( #7422 ) ) ;
#4569 = CARTESIAN_POINT ( 'NONE',  ( -3.499999999999999556, 1.186528154348563957, 2.921328988508580249 ) ) ;
#4570 =( NAMED_UNIT ( * ) SI_UNIT ( $, .STERADIAN. ) SOLID_ANGLE_UNIT ( ) );
#4571 = VECTOR ( 'NONE', #3467, 1000.000000000000000 ) ;
#4572 = CARTESIAN_POINT ( 'NONE',  ( -3.500000000000000888, -1.283471845651437571, 3.321328988508570834 ) ) ;
#4573 = CARTESIAN_POINT ( 'NONE',  ( 3.499999999999999556, 0.6865281543485639570, 2.921328988508577584 ) ) ;
#4574 = EDGE_CURVE ( 'NONE', #1836, #7027, #419, .T. ) ;
#4575 =( LENGTH_UNIT ( ) NAMED_UNIT ( * ) SI_UNIT ( .MILLI., .METRE. ) );
#4576 = EDGE_CURVE ( 'NONE', #2400, #7095, #727, .T. ) ;
#4577 = CARTESIAN_POINT ( 'NONE',  ( 1.803784506222427808, 0.6865281543485639570, 2.921328988508577584 ) ) ;
#4578 =( GEOMETRIC_REPRESENTATION_CONTEXT ( 3 ) GLOBAL_UNCERTAINTY_ASSIGNED_CONTEXT ( ( #6002 ) ) GLOBAL_UNIT_ASSIGNED_CONTEXT ( ( #3246, #7886, #1276 ) ) REPRESENTATION_CONTEXT ( 'NONE', 'WORKASPACE' ) );
#4579 = CARTESIAN_POINT ( 'NONE',  ( -0.06565731838114502450, -0.02548417259775367927, -0.02867101149142507743 ) ) ;
#4580 = SURFACE_SIDE_STYLE ('',( #825 ) ) ;
#4581 = ORIENTED_EDGE ( 'NONE', *, *, #5697, .T. ) ;
#4582 =( NAMED_UNIT ( * ) PLANE_ANGLE_UNIT ( ) SI_UNIT ( $, .RADIAN. ) );
#4583 = FACE_OUTER_BOUND ( 'NONE', #590, .T. ) ;
#4584 = VERTEX_POINT ( 'NONE', #1809 ) ;
#4585 = DIRECTION ( 'NONE',  ( 1.000000000000000000, 0.0000000000000000000, -0.0000000000000000000 ) ) ;
#4586 = EDGE_CURVE ( 'NONE', #7090, #1579, #8124, .T. ) ;
#4587 = VECTOR ( 'NONE', #5375, 1000.000000000000000 ) ;
#4588 = ORIENTED_EDGE ( 'NONE', *, *, #2342, .T. ) ;
#4589 = CARTESIAN_POINT ( 'NONE',  ( 0.1000596764627694479, -0.1010843768840716805, -0.02867101149142507743 ) ) ;
#4590 = STYLED_ITEM ( 'NONE', ( #7399 ), #3679 ) ;
#4591 = ADVANCED_FACE ( 'NONE', ( #4060 ), #3094, .F. ) ;
#4592 = VECTOR ( 'NONE', #6431, 1000.000000000000000 ) ;
#4593 = CARTESIAN_POINT ( 'NONE',  ( 0.09792553012130623957, -0.009620962249925688048, -0.01867101149142461752 ) ) ;
#4594 = DIRECTION ( 'NONE',  ( 0.0000000000000000000, -3.491481338843133355E-15, 1.000000000000000000 ) ) ;
#4595 = ORIENTED_EDGE ( 'NONE', *, *, #1731, .T. ) ;
#4596 =( NAMED_UNIT ( * ) PLANE_ANGLE_UNIT ( ) SI_UNIT ( $, .RADIAN. ) );
#4597 = UNCERTAINTY_MEASURE_WITH_UNIT (LENGTH_MEASURE( 1.000000000000000082E-05 ), #2234, 'distance_accuracy_value', 'NONE');
#4598 = CARTESIAN_POINT ( 'NONE',  ( 0.1000596764627694479, -0.1010843768840716805, -0.02867101149142507743 ) ) ;
#4599 = DIRECTION ( 'NONE',  ( -1.000000000000000000, -1.514188661106529085E-30, 4.336808689942017736E-16 ) ) ;
#4600 = CARTESIAN_POINT ( 'NONE',  ( 3.450000000000000622, -1.083471845651435617, 2.746076259633627892 ) ) ;
#4601 = VERTEX_POINT ( 'NONE', #1900 ) ;
#4602 = CIRCLE ( 'NONE', #8215, 0.04999999999999999584 ) ;
#4603 = SURFACE_STYLE_USAGE ( .BOTH. , #8584 ) ;
#4604 = EDGE_CURVE ( 'NONE', #7893, #2072, #1259, .T. ) ;
#4605 = CARTESIAN_POINT ( 'NONE',  ( 0.07439275573106231276, 1.186528154348573949, -0.01867101149142071440 ) ) ;
#4606 = ORIENTED_EDGE ( 'NONE', *, *, #3500, .F. ) ;
#4607 = FILL_AREA_STYLE_COLOUR ( '', #6820 ) ;
#4608 = AXIS2_PLACEMENT_3D ( 'NONE', #6406, #1130, #1877 ) ;
#4609 = COLOUR_RGB ( '',0.1098039215686274495, 0.1098039215686274495, 0.1098039215686274495 ) ;
#4610 = ORIENTED_EDGE ( 'NONE', *, *, #2430, .F. ) ;
#4611 = ORIENTED_EDGE ( 'NONE', *, *, #7950, .F. ) ;
#4612 = CARTESIAN_POINT ( 'NONE',  ( -0.06565731838114502450, -0.02548417259775371049, -0.01867101149142505120 ) ) ;
#4613 =( NAMED_UNIT ( * ) PLANE_ANGLE_UNIT ( ) SI_UNIT ( $, .RADIAN. ) );
#4614 = LINE ( 'NONE', #7631, #3392 ) ;
#4615 = VECTOR ( 'NONE', #2083, 1000.000000000000000 ) ;
#4616 = COLOUR_RGB ( '',0.7764705882352941346, 0.7568627450980391913, 0.7372549019607843590 ) ;
#4617 = EDGE_LOOP ( 'NONE', ( #8132, #7220, #6171, #8569 ) ) ;
#4618 =( GEOMETRIC_REPRESENTATION_CONTEXT ( 3 ) GLOBAL_UNCERTAINTY_ASSIGNED_CONTEXT ( ( #2088 ) ) GLOBAL_UNIT_ASSIGNED_CONTEXT ( ( #450, #7117, #3146 ) ) REPRESENTATION_CONTEXT ( 'NONE', 'WORKASPACE' ) );
#4619 = PLANE ( 'NONE',  #1477 ) ;
#4620 = AXIS2_PLACEMENT_3D ( 'NONE', #412, #4382, #3002 ) ;
#4621 = DIRECTION ( 'NONE',  ( 0.0000000000000000000, -1.000000000000000000, -3.491481338843133355E-15 ) ) ;
#4622 = LINE ( 'NONE', #7599, #7961 ) ;
#4623 = SURFACE_STYLE_FILL_AREA ( #1323 ) ;
#4624 = ORIENTED_EDGE ( 'NONE', *, *, #4229, .T. ) ;
#4625 = ORIENTED_EDGE ( 'NONE', *, *, #1348, .F. ) ;
#4626 = DIRECTION ( 'NONE',  ( -2.167903786088318908E-15, -3.491481338843133355E-15, 1.000000000000000000 ) ) ;
#4627 = DIRECTION ( 'NONE',  ( 0.0000000000000000000, -1.000000000000000000, -3.491481338843133355E-15 ) ) ;
#4628 = EDGE_LOOP ( 'NONE', ( #8171, #7289, #4966, #4862 ) ) ;
#4630 = EDGE_CURVE ( 'NONE', #7633, #4437, #5813, .T. ) ;
#4629 = CARTESIAN_POINT ( 'NONE',  ( -0.08393007814851027870, -0.09690710295282836673, -0.02867101149142507743 ) ) ;
#4631 = CARTESIAN_POINT ( 'NONE',  ( -0.09045695162819106239, -0.03118708691756433629, -0.01867101149142621000 ) ) ;
#4632 = CARTESIAN_POINT ( 'NONE',  ( -2.569584527152437570, -1.283471845651426468, 0.1213289885085708369 ) ) ;
#4633 =( GEOMETRIC_REPRESENTATION_CONTEXT ( 3 ) GLOBAL_UNCERTAINTY_ASSIGNED_CONTEXT ( ( #3768 ) ) GLOBAL_UNIT_ASSIGNED_CONTEXT ( ( #6890, #6218, #3551 ) ) REPRESENTATION_CONTEXT ( 'NONE', 'WORKASPACE' ) );
#4634 = ORIENTED_EDGE ( 'NONE', *, *, #4822, .T. ) ;
#4635 = DIRECTION ( 'NONE',  ( -1.000000000000000000, -6.730483377136454326E-31, 1.927687054276661595E-16 ) ) ;
#4636 = EDGE_LOOP ( 'NONE', ( #5079, #3211, #4897, #8566 ) ) ;
#4637 = FILL_AREA_STYLE_COLOUR ( '', #1651 ) ;
#4638 = CARTESIAN_POINT ( 'NONE',  ( -0.08526708408867100797, -0.05535923181171592544, -0.02867101149142507743 ) ) ;
#4639 = CARTESIAN_POINT ( 'NONE',  ( -0.05065582952024201557, -0.02190255233670859725, -0.01867101149142505120 ) ) ;
#4640 = ADVANCED_FACE ( 'NONE', ( #4564 ), #8403, .F. ) ;
#4641 = VERTEX_POINT ( 'NONE', #425 ) ;
#4642 = EDGE_CURVE ( 'NONE', #8313, #4464, #2316, .T. ) ;
#4643 = CARTESIAN_POINT ( 'NONE',  ( 1.149999999999999689, -0.1834718456514233820, -0.8286710114914258574 ) ) ;
#4644 = ORIENTED_EDGE ( 'NONE', *, *, #3486, .F. ) ;
#4645 = STYLED_ITEM ( 'NONE', ( #5113 ), #3473 ) ;
#4646 = LINE ( 'NONE', #1876, #7243 ) ;
#4647 = CARTESIAN_POINT ( 'NONE',  ( -2.998179295342850992, -1.333471845651435617, 2.731321192064204872 ) ) ;
#4648 = LINE ( 'NONE', #7177, #2189 ) ;
#4649 =( BOUNDED_CURVE ( )  B_SPLINE_CURVE ( 3, ( #6274, #2965, #985, #1629 ),
 .UNSPECIFIED., .F., .T. ) 
 B_SPLINE_CURVE_WITH_KNOTS ( ( 4, 4 ),
 ( 1.570796326794894116, 3.141592653589792228 ),
 .UNSPECIFIED. ) 
 CURVE ( )  GEOMETRIC_REPRESENTATION_ITEM ( )  RATIONAL_B_SPLINE_CURVE ( ( 1.000000000000000000, 0.8047378541243646044, 0.8047378541243646044, 1.000000000000000000 ) ) 
 REPRESENTATION_ITEM ( '' )  );
#4650 = CARTESIAN_POINT ( 'NONE',  ( 1.825000000000000178, 0.6865281543485735050, -0.02867101149142334271 ) ) ;
#4651 =( LENGTH_UNIT ( ) NAMED_UNIT ( * ) SI_UNIT ( .MILLI., .METRE. ) );
#4652 = DIRECTION ( 'NONE',  ( 0.0000000000000000000, -1.000000000000000000, -3.491481338843133355E-15 ) ) ;
#4653 = VERTEX_POINT ( 'NONE', #1269 ) ;
#4654 = CARTESIAN_POINT ( 'NONE',  ( -1.399999999999999689, -2.213471845651429959, 1.146328988508567903 ) ) ;
#4655 = PLANE ( 'NONE',  #3449 ) ;
#4656 = SURFACE_STYLE_FILL_AREA ( #2274 ) ;
#4657 =( NAMED_UNIT ( * ) SI_UNIT ( $, .STERADIAN. ) SOLID_ANGLE_UNIT ( ) );
#4658 = EDGE_CURVE ( 'NONE', #7380, #1302, #4168, .T. ) ;
#4659 = PRESENTATION_LAYER_ASSIGNMENT (  '', '', ( #5389 ) ) ;
#4660 = EDGE_LOOP ( 'NONE', ( #2272, #1724, #3240, #2554 ) ) ;
#4661 = UNCERTAINTY_MEASURE_WITH_UNIT (LENGTH_MEASURE( 1.000000000000000082E-05 ), #5731, 'distance_accuracy_value', 'NONE');
#4662 = DIRECTION ( 'NONE',  ( -1.000000000000000000, 4.519966152556803527E-31, -1.294569758191647155E-16 ) ) ;
#4663 = LINE ( 'NONE', #3465, #6113 ) ;
#4664 = PLANE ( 'NONE',  #8165 ) ;
#4665 = APPLICATION_PROTOCOL_DEFINITION ( 'draft international standard', 'automotive_design', 1998, #20 ) ;
#4666 = ORIENTED_EDGE ( 'NONE', *, *, #1260, .T. ) ;
#4667 = CARTESIAN_POINT ( 'NONE',  ( -0.08125424498057297329, -0.03984711540559220805, -0.01867101149142505120 ) ) ;
#4668 = FILL_AREA_STYLE_COLOUR ( '', #4779 ) ;
#4669 = STYLED_ITEM ( 'NONE', ( #8278 ), #156 ) ;
#4670 = UNCERTAINTY_MEASURE_WITH_UNIT (LENGTH_MEASURE( 1.000000000000000082E-05 ), #4575, 'distance_accuracy_value', 'NONE');
#4671 = DIRECTION ( 'NONE',  ( 1.000000000000000000, 0.0000000000000000000, -3.614007241618349264E-16 ) ) ;
#4672 = CARTESIAN_POINT ( 'NONE',  ( 0.08798832556445361497, -0.01013797849834912994, -0.01867101149142461752 ) ) ;
#4673 = LINE ( 'NONE', #5223, #4171 ) ;
#4674 = DIRECTION ( 'NONE',  ( -2.891205793294681383E-15, -1.000000000000000000, -3.491481338843133355E-15 ) ) ;
#4675 = CARTESIAN_POINT ( 'NONE',  ( -1.599999999999999423, 0.6865281543485673987, 1.839362977258474974 ) ) ;
#4676 = VECTOR ( 'NONE', #6983, 1000.000000000000000 ) ;
#4677 = CARTESIAN_POINT ( 'NONE',  ( 0.1134136355043513233, -0.01158808537139602649, -0.02867101149142507743 ) ) ;
#4678 = CARTESIAN_POINT ( 'NONE',  ( -1.399999999999999689, -2.213471845651430403, 1.246328988508567548 ) ) ;
#4679 = CARTESIAN_POINT ( 'NONE',  ( 3.549999999999999822, -0.9834718456514274232, 0.4713289885085719111 ) ) ;
#4680 = CARTESIAN_POINT ( 'NONE',  ( -2.441932734462168852, -1.283471845651426246, 0.07132898850857084805 ) ) ;
#4681 = LINE ( 'NONE', #3810, #5194 ) ;
#4682 = ADVANCED_FACE ( 'NONE', ( #2597 ), #4701, .F. ) ;
#4683 = AXIS2_PLACEMENT_3D ( 'NONE', #7008, #5667, #4362 ) ;
#4684 = CARTESIAN_POINT ( 'NONE',  ( 0.1225802159147960924, -0.01525111396527686555, -0.01867101149142505120 ) ) ;
#4685 = PRESENTATION_LAYER_ASSIGNMENT (  '', '', ( #4259 ) ) ;
#4686 = CARTESIAN_POINT ( 'NONE',  ( -2.600000000000000533, 0.6865281543485743931, -0.02867101149142117431 ) ) ;
#4687 = DIRECTION ( 'NONE',  ( 1.000000000000000000, 4.588450488201604350E-31, -1.314184451497581506E-16 ) ) ;
#4688 = LINE ( 'NONE', #3028, #6881 ) ;
#4689 = CARTESIAN_POINT ( 'NONE',  ( -1.600000000000000533, -1.283471845651435350, 2.696328988508570390 ) ) ;
#4690 = DIRECTION ( 'NONE',  ( 0.0000000000000000000, -3.491481338843133355E-15, 1.000000000000000000 ) ) ;
#4691 = FACE_OUTER_BOUND ( 'NONE', #701, .T. ) ;
#4692 = VERTEX_POINT ( 'NONE', #1983 ) ;
#4693 = EDGE_CURVE ( 'NONE', #7741, #2885, #2209, .T. ) ;
#4694 = VECTOR ( 'NONE', #3852, 1000.000000000000000 ) ;
#4695 = EDGE_CURVE ( 'NONE', #7693, #2780, #2114, .T. ) ;
#4696 = DIRECTION ( 'NONE',  ( 0.0000000000000000000, -3.491481338843133355E-15, 1.000000000000000000 ) ) ;
#4697 = AXIS2_PLACEMENT_3D ( 'NONE', #6758, #3454, #6789 ) ;
#4698 = CARTESIAN_POINT ( 'NONE',  ( -0.04645328085430373843, -0.02181608420114477739, -0.02867101149142507743 ) ) ;
#4699 = LINE ( 'NONE', #5753, #4592 ) ;
#4700 = CARTESIAN_POINT ( 'NONE',  ( -2.569584527152437570, -1.283471845651426690, 0.1713289885085706732 ) ) ;
#4701 = B_SPLINE_SURFACE_WITH_KNOTS ( 'NONE', 3, 1, ( 
 ( #5902, #5872 ),
 ( #6649, #619 ),
 ( #1336, #646 ),
 ( #5961, #4562 ),
 ( #3239, #4532 ),
 ( #7269, #5261 ),
 ( #8546, #586 ) ),
 .UNSPECIFIED., .F., .F., .F.,
 ( 4, 1, 1, 1, 4 ),
 ( 2, 2 ),
 ( 0.0000000000000000000, 0.3261021526013535565, 0.6017142408718849644, 0.8255182846829549614, 1.000000000000000000 ),
 ( 0.0000000000000000000, 1.000000000000000000 ),
 .UNSPECIFIED. ) ;
#4702 = FACE_OUTER_BOUND ( 'NONE', #262, .T. ) ;
#4703 = ORIENTED_EDGE ( 'NONE', *, *, #2479, .F. ) ;
#4704 = CARTESIAN_POINT ( 'NONE',  ( 0.08798832556445361497, -0.01013797849834931035, -0.01867101149142461752 ) ) ;
#4705 = VERTEX_POINT ( 'NONE', #556 ) ;
#4706 = PRESENTATION_STYLE_ASSIGNMENT (( #2422 ) ) ;
#4707 = DIRECTION ( 'NONE',  ( 5.102127870520024926E-16, -3.491481338843133355E-15, 1.000000000000000000 ) ) ;
#4708 = CARTESIAN_POINT ( 'NONE',  ( -1.600000000000000533, -1.083471845651435617, 2.696328988508570834 ) ) ;
#4709 = DIRECTION ( 'NONE',  ( 1.000000000000000000, 0.0000000000000000000, 0.0000000000000000000 ) ) ;
#4710 = VECTOR ( 'NONE', #2214, 1000.000000000000000 ) ;
#4711 = EDGE_LOOP ( 'NONE', ( #8583, #3261, #8048, #115 ) ) ;
#4712 = SURFACE_SIDE_STYLE ('',( #4780 ) ) ;
#4713 = DIRECTION ( 'NONE',  ( 1.294569758191647155E-16, 3.491481338843133750E-15, -1.000000000000000000 ) ) ;
#4714 = ORIENTED_EDGE ( 'NONE', *, *, #569, .F. ) ;
#4715 = SURFACE_STYLE_FILL_AREA ( #5026 ) ;
#4716 = CARTESIAN_POINT ( 'NONE',  ( -2.699999999999999734, -1.283471845651426468, 0.1213289885085708369 ) ) ;
#4717 = SURFACE_SIDE_STYLE ('',( #5132 ) ) ;
#4718 = CARTESIAN_POINT ( 'NONE',  ( -0.1504929150006451277, -0.02303559639626681643, -0.02867101149142507743 ) ) ;
#4719 = PRESENTATION_STYLE_ASSIGNMENT (( #5014 ) ) ;
#4720 = ORIENTED_EDGE ( 'NONE', *, *, #2423, .F. ) ;
#4721 = DIRECTION ( 'NONE',  ( -1.000000000000000000, -0.0000000000000000000, 0.0000000000000000000 ) ) ;
#4722 = DIRECTION ( 'NONE',  ( -0.0000000000000000000, 1.000000000000000000, 3.491481338843133355E-15 ) ) ;
#4723 = CARTESIAN_POINT ( 'NONE',  ( -3.650000000000000355, -0.9834718456514258689, -0.02867101149142811320 ) ) ;
#4724 = MANIFOLD_SOLID_BREP ( '圆角5', #3106 ) ;
#4725 = EDGE_CURVE ( 'NONE', #2344, #8176, #4468, .T. ) ;
#4726 = CARTESIAN_POINT ( 'NONE',  ( 0.0000000000000000000, -1.383471845651432108, 1.746328988508570212 ) ) ;
#4727 = PRESENTATION_LAYER_ASSIGNMENT (  '', '', ( #4909 ) ) ;
#4728 = CARTESIAN_POINT ( 'NONE',  ( 1.500000000000000222, -2.213471845651430403, 1.246328988508567548 ) ) ;
#4729 = DIRECTION ( 'NONE',  ( -1.000000000000000000, -2.947812203982775368E-15, -1.294569758191750200E-16 ) ) ;
#4730 = MECHANICAL_DESIGN_GEOMETRIC_PRESENTATION_REPRESENTATION (  '', ( #1169 ), #7108 ) ;
#4731 = DIRECTION ( 'NONE',  ( 0.0000000000000000000, -1.000000000000000000, -3.491481338843133355E-15 ) ) ;
#4732 = ADVANCED_FACE ( 'NONE', ( #6757 ), #9, .F. ) ;
#4733 = VECTOR ( 'NONE', #6891, 1000.000000000000000 ) ;
#4734 = ORIENTED_EDGE ( 'NONE', *, *, #3999, .F. ) ;
#4735 = SURFACE_STYLE_USAGE ( .BOTH. , #8592 ) ;
#4736 = CARTESIAN_POINT ( 'NONE',  ( -2.535625514828973692, -1.283471845651426690, 0.1580275645301932319 ) ) ;
#4737 = LINE ( 'NONE', #2039, #5255 ) ;
#4738 = ORIENTED_EDGE ( 'NONE', *, *, #737, .T. ) ;
#4739 = DIRECTION ( 'NONE',  ( 5.102127870520024926E-16, -3.491481338843133355E-15, 1.000000000000000000 ) ) ;
#4740 = PRESENTATION_LAYER_ASSIGNMENT (  '', '', ( #4454 ) ) ;
#4741 = ORIENTED_EDGE ( 'NONE', *, *, #4630, .F. ) ;
#4742 = CARTESIAN_POINT ( 'NONE',  ( 0.1084688135285121480, -0.01045008183075848800, -0.02867101149142507743 ) ) ;
#4743 = CARTESIAN_POINT ( 'NONE',  ( 0.07439275573106213235, -0.02699901103041311978, -0.02867101149142507743 ) ) ;
#4744 = AXIS2_PLACEMENT_3D ( 'NONE', #7699, #1080, #468 ) ;
#4745 = ORIENTED_EDGE ( 'NONE', *, *, #8160, .F. ) ;
#4746 = ORIENTED_EDGE ( 'NONE', *, *, #5042, .T. ) ;
#4747 = FILL_AREA_STYLE_COLOUR ( '', #2482 ) ;
#4748 = EDGE_CURVE ( 'NONE', #4495, #1824, #5608, .T. ) ;
#4749 = DIRECTION ( 'NONE',  ( -0.0000000000000000000, 1.000000000000000000, 3.491481338843133355E-15 ) ) ;
#4750 = VERTEX_POINT ( 'NONE', #3929 ) ;
#4751 = CARTESIAN_POINT ( 'NONE',  ( -2.699999999999999734, -1.083471845651426513, 0.1213289885085715447 ) ) ;
#4752 = DIRECTION ( 'NONE',  ( 0.0000000000000000000, 1.000000000000000000, 3.491481338843133355E-15 ) ) ;
#4753 = VECTOR ( 'NONE', #3697, 1000.000000000000000 ) ;
#4754 = EDGE_CURVE ( 'NONE', #4927, #5964, #2105, .T. ) ;
#4755 = FILL_AREA_STYLE_COLOUR ( '', #7561 ) ;
#4756 = AXIS2_PLACEMENT_3D ( 'NONE', #1067, #910, #7556 ) ;
#4757 = LINE ( 'NONE', #7938, #5377 ) ;
#4758 = CARTESIAN_POINT ( 'NONE',  ( 2.699999999999999734, -1.083471845651426513, 0.1213289885085715447 ) ) ;
#4759 = FILL_AREA_STYLE ('',( #4607 ) ) ;
#4760 = VERTEX_POINT ( 'NONE', #676 ) ;
#4761 = LINE ( 'NONE', #4261, #2473 ) ;
#4762 = LINE ( 'NONE', #8190, #3715 ) ;
#4763 = DIRECTION ( 'NONE',  ( 3.469446951953611033E-15, -3.491481338843133355E-15, 1.000000000000000000 ) ) ;
#4764 = VECTOR ( 'NONE', #2631, 1000.000000000000000 ) ;
#4765 = DIRECTION ( 'NONE',  ( 0.0000000000000000000, -1.000000000000000000, -4.302927372051871755E-15 ) ) ;
#4766 = SURFACE_SIDE_STYLE ('',( #7609 ) ) ;
#4767 = EDGE_CURVE ( 'NONE', #4705, #1824, #4273, .T. ) ;
#4768 = FILL_AREA_STYLE ('',( #4161 ) ) ;
#4769 = AXIS2_PLACEMENT_3D ( 'NONE', #934, #2289, #292 ) ;
#4770 = ORIENTED_EDGE ( 'NONE', *, *, #3005, .T. ) ;
#4771 = FACE_OUTER_BOUND ( 'NONE', #5041, .T. ) ;
#4772 = PLANE ( 'NONE',  #6529 ) ;
#4773 = CARTESIAN_POINT ( 'NONE',  ( 0.003661048413988954309, -0.02181608420114499597, -0.02867101149142507743 ) ) ;
#4774 = CARTESIAN_POINT ( 'NONE',  ( 0.1134136355043513233, -0.01158808537139606291, -0.01867101149142582836 ) ) ;
#4775 = CARTESIAN_POINT ( 'NONE',  ( 2.098518552703152906, -1.333471845651435617, 2.731321192064204872 ) ) ;
#4776 = PRESENTATION_STYLE_ASSIGNMENT (( #1340 ) ) ;
#4777 = ORIENTED_EDGE ( 'NONE', *, *, #3701, .T. ) ;
#4778 = ADVANCED_FACE ( 'NONE', ( #7787 ), #6017, .T. ) ;
#4779 = COLOUR_RGB ( '',1.000000000000000000, 1.000000000000000000, 1.000000000000000000 ) ;
#4780 = SURFACE_STYLE_FILL_AREA ( #1395 ) ;
#4781 = UNCERTAINTY_MEASURE_WITH_UNIT (LENGTH_MEASURE( 1.000000000000000082E-05 ), #3420, 'distance_accuracy_value', 'NONE');
#4782 = CARTESIAN_POINT ( 'NONE',  ( -0.1438999271957671078, -0.01084047444504729341, -0.02867101149142507743 ) ) ;
#4783 = CARTESIAN_POINT ( 'NONE',  ( -0.1485683723177183002, -0.03004779151821821565, -0.01867101149142505120 ) ) ;
#4784 =( NAMED_UNIT ( * ) SI_UNIT ( $, .STERADIAN. ) SOLID_ANGLE_UNIT ( ) );
#4785 = EDGE_CURVE ( 'NONE', #3180, #5793, #8414, .T. ) ;
#4786 = STYLED_ITEM ( 'NONE', ( #6407 ), #8595 ) ;
#4787 = VECTOR ( 'NONE', #4626, 1000.000000000000000 ) ;
#4788 = CARTESIAN_POINT ( 'NONE',  ( 1.149999999999999911, -0.1834718456514242702, -0.5286710114914259240 ) ) ;
#4789 = ORIENTED_EDGE ( 'NONE', *, *, #766, .T. ) ;
#4790 = LINE ( 'NONE', #3636, #5510 ) ;
#4791 = SURFACE_SIDE_STYLE ('',( #7647 ) ) ;
#4792 = DIRECTION ( 'NONE',  ( 1.000000000000000000, 0.0000000000000000000, 0.0000000000000000000 ) ) ;
#4793 = CARTESIAN_POINT ( 'NONE',  ( -0.1060950491469866142, -0.1108404744450473406, -0.02867101149142507743 ) ) ;
#4794 = LINE ( 'NONE', #6771, #3026 ) ;
#4795 =( NAMED_UNIT ( * ) SI_UNIT ( $, .STERADIAN. ) SOLID_ANGLE_UNIT ( ) );
#4796 = DIRECTION ( 'NONE',  ( 8.673617379884064068E-16, 3.491481338843136511E-15, -1.000000000000000000 ) ) ;
#4797 = AXIS2_PLACEMENT_3D ( 'NONE', #6961, #1072, #2998 ) ;
#4798 = CYLINDRICAL_SURFACE ( 'NONE', #7949, 0.04999999999999991257 ) ;
#4799 = FILL_AREA_STYLE_COLOUR ( '', #3140 ) ;
#4800 = SURFACE_SIDE_STYLE ('',( #967 ) ) ;
#4801 = AXIS2_PLACEMENT_3D ( 'NONE', #1892, #5193, #2563 ) ;
#4802 = VECTOR ( 'NONE', #6108, 1000.000000000000000 ) ;
#4803 = CARTESIAN_POINT ( 'NONE',  ( -1.400000000000000133, -2.213471845651434844, 2.546328988508567370 ) ) ;
#4804 = VECTOR ( 'NONE', #5658, 1000.000000000000000 ) ;
#4805 = ORIENTED_EDGE ( 'NONE', *, *, #1328, .T. ) ;
#4806 = CARTESIAN_POINT ( 'NONE',  ( 0.1225802159147960924, -0.01525111396527668514, -0.01867101149142582836 ) ) ;
#4807 = CARTESIAN_POINT ( 'NONE',  ( 0.09781120085301335532, -0.02059657200602298815, -0.01867101149142505120 ) ) ;
#4808 = PRESENTATION_STYLE_ASSIGNMENT (( #4603 ) ) ;
#4809 = CARTESIAN_POINT ( 'NONE',  ( -0.09306518296233363963, -0.08507899486235778741, -0.01867101149142505120 ) ) ;
#4810 = VECTOR ( 'NONE', #3708, 1000.000000000000000 ) ;
#4811 = ORIENTED_EDGE ( 'NONE', *, *, #8614, .T. ) ;
#4812 = AXIS2_PLACEMENT_3D ( 'NONE', #4204, #1584, #2241 ) ;
#4813 = SURFACE_STYLE_FILL_AREA ( #1586 ) ;
#4814 = AXIS2_PLACEMENT_3D ( 'NONE', #856, #133, #8218 ) ;
#4815 = FILL_AREA_STYLE_COLOUR ( '', #8211 ) ;
#4816 = CIRCLE ( 'NONE', #4894, 0.2999999999999999334 ) ;
#4817 = ORIENTED_EDGE ( 'NONE', *, *, #2077, .F. ) ;
#4818 = CARTESIAN_POINT ( 'NONE',  ( -0.01829017109820616979, -0.01084047444504729341, -0.02867101149142507743 ) ) ;
#4819 = CARTESIAN_POINT ( 'NONE',  ( -0.09512507135418876714, -0.03956896899462761935, -0.01867101149142505120 ) ) ;
#4820 = DIRECTION ( 'NONE',  ( 1.000000000000000000, 0.0000000000000000000, -3.614007241618349264E-16 ) ) ;
#4821 = FILL_AREA_STYLE ('',( #8013 ) ) ;
#4822 = EDGE_CURVE ( 'NONE', #2872, #1643, #1593, .T. ) ;
#4823 = ORIENTED_EDGE ( 'NONE', *, *, #7324, .F. ) ;
#4824 = CARTESIAN_POINT ( 'NONE',  ( 1.599999999999999867, -1.083471845651429843, 1.096328988508571189 ) ) ;
#4825 =( GEOMETRIC_REPRESENTATION_CONTEXT ( 3 ) GLOBAL_UNCERTAINTY_ASSIGNED_CONTEXT ( ( #673 ) ) GLOBAL_UNIT_ASSIGNED_CONTEXT ( ( #3559, #1676, #948 ) ) REPRESENTATION_CONTEXT ( 'NONE', 'WORKASPACE' ) );
#4826 = CARTESIAN_POINT ( 'NONE',  ( 3.500000000000000888, -1.083471845651435617, 2.796076259633627714 ) ) ;
#4827 = CARTESIAN_POINT ( 'NONE',  ( 0.1143536544606393035, -0.09850275059986078607, -0.01867101149142505120 ) ) ;
#4828 = ADVANCED_FACE ( 'NONE', ( #6958 ), #2715, .F. ) ;
#4829 =( LENGTH_UNIT ( ) NAMED_UNIT ( * ) SI_UNIT ( .MILLI., .METRE. ) );
#4830 = CARTESIAN_POINT ( 'NONE',  ( -0.08009083420827678435, -0.02090799829146980371, -0.02867101149142507743 ) ) ;
#4831 = LINE ( 'NONE', #3363, #4208 ) ;
#4832 = ORIENTED_EDGE ( 'NONE', *, *, #2587, .F. ) ;
#4833 = CARTESIAN_POINT ( 'NONE',  ( 0.003661048413988819000, 1.186528154348573949, -0.01867101149142071440 ) ) ;
#4834 = FACE_OUTER_BOUND ( 'NONE', #5231, .T. ) ;
#4835 = EDGE_LOOP ( 'NONE', ( #4077, #3324, #3410, #6476 ) ) ;
#4836 = DIRECTION ( 'NONE',  ( -1.927687054276661595E-16, 3.491481338843133355E-15, -1.000000000000000000 ) ) ;
#4837 = FILL_AREA_STYLE ('',( #1818 ) ) ;
#4838 = CARTESIAN_POINT ( 'NONE',  ( 0.09781120085301335532, -0.02059657200602295346, -0.02867101149142507743 ) ) ;
#4839 = AXIS2_PLACEMENT_3D ( 'NONE', #5182, #1996, #1940 ) ;
#4840 = EDGE_CURVE ( 'NONE', #7004, #2863, #3224, .T. ) ;
#4841 = LINE ( 'NONE', #4296, #5457 ) ;
#4842 = FACE_BOUND ( 'NONE', #5601, .T. ) ;
#4843 = CARTESIAN_POINT ( 'NONE',  ( 2.148518552703153173, -1.383471845651430110, 1.127033865392921719 ) ) ;
#4844 = ORIENTED_EDGE ( 'NONE', *, *, #868, .F. ) ;
#4845 = CARTESIAN_POINT ( 'NONE',  ( -3.850000000000001421, -0.7834718456514286888, 0.4713289885085727438 ) ) ;
#4846 = DIRECTION ( 'NONE',  ( 0.0000000000000000000, -1.000000000000000000, -3.491481338843133355E-15 ) ) ;
#4847 = DIRECTION ( 'NONE',  ( -1.314184451497581752E-16, 3.491481338843133355E-15, -1.000000000000000000 ) ) ;
#4848 =( NAMED_UNIT ( * ) PLANE_ANGLE_UNIT ( ) SI_UNIT ( $, .RADIAN. ) );
#4849 = ORIENTED_EDGE ( 'NONE', *, *, #7139, .F. ) ;
#4850 = CARTESIAN_POINT ( 'NONE',  ( 0.1951244630481353548, -0.09986486468894985313, -0.02867101149142507743 ) ) ;
#4851 = LINE ( 'NONE', #5951, #3074 ) ;
#4852 = ORIENTED_EDGE ( 'NONE', *, *, #5388, .F. ) ;
#4853 = CARTESIAN_POINT ( 'NONE',  ( 0.07722138216580494430, -0.1072188342422983609, -0.02867101149142507743 ) ) ;
#4854 = CARTESIAN_POINT ( 'NONE',  ( -0.09512910809910800347, -0.08052097921487905152, -0.02867101149142507743 ) ) ;
#4855 = AXIS2_PLACEMENT_3D ( 'NONE', #6423, #8303, #4420 ) ;
#4856 = ORIENTED_EDGE ( 'NONE', *, *, #3868, .T. ) ;
#4857 = DIRECTION ( 'NONE',  ( 1.000000000000000000, 0.0000000000000000000, 0.0000000000000000000 ) ) ;
#4858 = CARTESIAN_POINT ( 'NONE',  ( -3.850000000000000533, -0.9834718456514260909, -0.02867101149142811320 ) ) ;
#4859 = CARTESIAN_POINT ( 'NONE',  ( -0.06888836375684881386, -0.02713501834494445181, -0.02867101149142507743 ) ) ;
#4860 =( LENGTH_UNIT ( ) NAMED_UNIT ( * ) SI_UNIT ( .MILLI., .METRE. ) );
#4861 = PRESENTATION_STYLE_ASSIGNMENT (( #6681 ) ) ;
#4862 = ORIENTED_EDGE ( 'NONE', *, *, #8062, .F. ) ;
#4863 = PRESENTATION_STYLE_ASSIGNMENT (( #1918 ) ) ;
#4864 = CARTESIAN_POINT ( 'NONE',  ( -0.09512507135418876714, -0.03956896899462740425, -0.02867101149142507743 ) ) ;
#4865 = ORIENTED_EDGE ( 'NONE', *, *, #713, .T. ) ;
#4866 = LINE ( 'NONE', #2381, #4972 ) ;
#4867 = CARTESIAN_POINT ( 'NONE',  ( 0.1129074540456534020, -0.02334056336705564449, -0.01867101149142505120 ) ) ;
#4868 = AXIS2_PLACEMENT_3D ( 'NONE', #4127, #6795, #2814 ) ;
#4869 = CARTESIAN_POINT ( 'NONE',  ( -2.800000000000000266, -1.283471845651425802, -0.02867101149142898056 ) ) ;
#4870 = ORIENTED_EDGE ( 'NONE', *, *, #6097, .F. ) ;
#4871 =( NAMED_UNIT ( * ) SI_UNIT ( $, .STERADIAN. ) SOLID_ANGLE_UNIT ( ) );
#4872 = LINE ( 'NONE', #7656, #8098 ) ;
#4873 = FACE_OUTER_BOUND ( 'NONE', #6939, .T. ) ;
#4874 = ADVANCED_FACE ( 'NONE', ( #6639 ), #7581, .T. ) ;
#4875 = PLANE ( 'NONE',  #3952 ) ;
#4876 = DIRECTION ( 'NONE',  ( 0.0000000000000000000, -1.000000000000000000, -3.491481338843133355E-15 ) ) ;
#4877 = CARTESIAN_POINT ( 'NONE',  ( -0.06227161976484717892, -0.01263038659809882260, -0.01867101149142505120 ) ) ;
#4878 = EDGE_CURVE ( 'NONE', #328, #8176, #2307, .T. ) ;
#4879 = CARTESIAN_POINT ( 'NONE',  ( 0.07439275573106231276, -0.02699901103041333489, -0.01867101149142505120 ) ) ;
#4880 = ORIENTED_EDGE ( 'NONE', *, *, #2079, .T. ) ;
#4881 = DIRECTION ( 'NONE',  ( 4.701977403289154411E-31, -3.491481338843133355E-15, 1.000000000000000000 ) ) ;
#4882 = VECTOR ( 'NONE', #3995, 1000.000000000000000 ) ;
#4883 = CARTESIAN_POINT ( 'NONE',  ( 0.07439275573106213235, -0.1056575476157790017, -0.02867101149142507743 ) ) ;
#4884 = SURFACE_STYLE_FILL_AREA ( #7457 ) ;
#4885 = LINE ( 'NONE', #3535, #2905 ) ;
#4886 = CARTESIAN_POINT ( 'NONE',  ( -0.04548148207381592228, -0.1108404744450473822, -0.01867101149142528019 ) ) ;
#4887 = CARTESIAN_POINT ( 'NONE',  ( -0.04645328085430390497, -0.02181608420114499597, -0.01867101149142505120 ) ) ;
#4888 = VERTEX_POINT ( 'NONE', #4945 ) ;
#4889 =( NAMED_UNIT ( * ) PLANE_ANGLE_UNIT ( ) SI_UNIT ( $, .RADIAN. ) );
#4890 = COLOUR_RGB ( '',0.1098039215686274495, 0.1098039215686274495, 0.1098039215686274495 ) ;
#4891 = FACE_OUTER_BOUND ( 'NONE', #8156, .T. ) ;
#4892 = B_SPLINE_CURVE_WITH_KNOTS ( 'NONE', 3,
 ( #4034, #3318, #4638, #2666, #3520, #1478, #2789, #5489, #7423, #7486, #5458, #4859, #1536, #2199, #837, #8142, #6179, #5516, #6765 ),
 .UNSPECIFIED., .F., .F.,
 ( 4, 1, 1, 1, 1, 1, 1, 1, 1, 1, 1, 1, 1, 1, 1, 1, 4 ),
 ( 0.0000000000000000000, 0.07429704972734670065, 0.1443804995591685958, 0.2104803829452144004, 0.2732242492296214076, 0.3337828847332369731, 0.3923262486478582001, 0.4498788046459599177, 0.5076067194853159936, 0.5652457866575471002, 0.6231829400784176798, 0.6813261307088078755, 0.7409370229694861587, 0.8018737435088931775, 0.8652534736909667235, 0.9309479274799237203, 1.000000000000000000 ),
 .UNSPECIFIED. ) ;
#4893 = PLANE ( 'NONE',  #6214 ) ;
#4894 = AXIS2_PLACEMENT_3D ( 'NONE', #2062, #4707, #2711 ) ;
#4895 = CARTESIAN_POINT ( 'NONE',  ( 0.1249636547122133928, -0.03173413358779908489, -0.01867101149142505120 ) ) ;
#4896 = DIRECTION ( 'NONE',  ( 0.0000000000000000000, -3.491481338843133355E-15, 1.000000000000000000 ) ) ;
#4897 = ORIENTED_EDGE ( 'NONE', *, *, #8275, .F. ) ;
#4898 = FACE_OUTER_BOUND ( 'NONE', #3152, .T. ) ;
#4899 = UNCERTAINTY_MEASURE_WITH_UNIT (LENGTH_MEASURE( 1.000000000000000082E-05 ), #5215, 'distance_accuracy_value', 'NONE');
#4900 = SURFACE_SIDE_STYLE ('',( #5136 ) ) ;
#4901 = CARTESIAN_POINT ( 'NONE',  ( 2.375000000000000444, 1.476528154348572874, 0.1713289885085789166 ) ) ;
#4902 = VECTOR ( 'NONE', #5408, 1000.000000000000000 ) ;
#4903 = LINE ( 'NONE', #1886, #3547 ) ;
#4904 = DIRECTION ( 'NONE',  ( 0.0000000000000000000, 1.000000000000000000, 4.336808689942025625E-15 ) ) ;
#4905 = DIRECTION ( 'NONE',  ( 0.0000000000000000000, -3.491481338843133355E-15, 1.000000000000000000 ) ) ;
#4906 = CARTESIAN_POINT ( 'NONE',  ( 0.09156800734651385221, -0.02096818176992431421, -0.02867101149142507743 ) ) ;
#4907 = EDGE_CURVE ( 'NONE', #6823, #1302, #6524, .T. ) ;
#4908 = CARTESIAN_POINT ( 'NONE',  ( -0.07498663169476317558, -0.08937849813740612881, -0.01867101149142505120 ) ) ;
#4909 = STYLED_ITEM ( 'NONE', ( #5069 ), #8348 ) ;
#4910 = DIRECTION ( 'NONE',  ( 0.0000000000000000000, -1.000000000000000000, -3.491481338843133355E-15 ) ) ;
#4911 = AXIS2_PLACEMENT_3D ( 'NONE', #5172, #6477, #5842 ) ;
#4912 = SURFACE_STYLE_FILL_AREA ( #3265 ) ;
#4913 = CARTESIAN_POINT ( 'NONE',  ( -0.1715866650006453165, -0.08279169395724260416, -0.01867101149142505120 ) ) ;
#4914 = FACE_OUTER_BOUND ( 'NONE', #1774, .T. ) ;
#4915 = FILL_AREA_STYLE_COLOUR ( '', #7011 ) ;
#4916 = ADVANCED_FACE ( 'NONE', ( #1481 ), #3046, .F. ) ;
#4917 = FACE_OUTER_BOUND ( 'NONE', #6182, .T. ) ;
#4918 = LINE ( 'NONE', #5494, #6045 ) ;
#4919 = ORIENTED_EDGE ( 'NONE', *, *, #7393, .T. ) ;
#4920 = DIRECTION ( 'NONE',  ( 0.0000000000000000000, 1.000000000000000000, 3.491481338843133355E-15 ) ) ;
#4921 = STYLED_ITEM ( 'NONE', ( #5955 ), #6827 ) ;
#4922 = VECTOR ( 'NONE', #2581, 1000.000000000000000 ) ;
#4923 = CARTESIAN_POINT ( 'NONE',  ( -1.803784506222427808, 0.6865281543485639570, 2.921328988508578028 ) ) ;
#4924 = FACE_OUTER_BOUND ( 'NONE', #4934, .T. ) ;
#4925 = CARTESIAN_POINT ( 'NONE',  ( -0.1438999271957670523, -0.01084047444504751025, -0.01867101149142505120 ) ) ;
#4926 = CARTESIAN_POINT ( 'NONE',  ( -0.1817048052445476014, -0.1108404744450475488, -0.01867101149142505120 ) ) ;
#4927 = VERTEX_POINT ( 'NONE', #2314 ) ;
#4928 = EDGE_CURVE ( 'NONE', #456, #1945, #411, .T. ) ;
#4929 = ORIENTED_EDGE ( 'NONE', *, *, #1848, .F. ) ;
#4930 = EDGE_CURVE ( 'NONE', #1625, #3180, #1994, .T. ) ;
#4931 =( GEOMETRIC_REPRESENTATION_CONTEXT ( 3 ) GLOBAL_UNCERTAINTY_ASSIGNED_CONTEXT ( ( #7920 ) ) GLOBAL_UNIT_ASSIGNED_CONTEXT ( ( #3458, #5429, #6798 ) ) REPRESENTATION_CONTEXT ( 'NONE', 'WORKASPACE' ) );
#4932 = FILL_AREA_STYLE_COLOUR ( '', #1934 ) ;
#4933 = UNCERTAINTY_MEASURE_WITH_UNIT (LENGTH_MEASURE( 1.000000000000000082E-05 ), #1767, 'distance_accuracy_value', 'NONE');
#4934 = EDGE_LOOP ( 'NONE', ( #5354, #6295, #7779, #2898 ) ) ;
#4935 = CARTESIAN_POINT ( 'NONE',  ( -0.03170480524454771104, 1.186528154348573949, -0.01867101149142071440 ) ) ;
#4936 = VERTEX_POINT ( 'NONE', #3073 ) ;
#4937 = CARTESIAN_POINT ( 'NONE',  ( -1.500000000000000222, -2.313471845651434933, 2.546328988508567370 ) ) ;
#4938 = SURFACE_STYLE_FILL_AREA ( #4439 ) ;
#4939 = DIRECTION ( 'NONE',  ( 1.000000000000000000, 0.0000000000000000000, 0.0000000000000000000 ) ) ;
#4940 = EDGE_CURVE ( 'NONE', #6786, #2533, #3733, .T. ) ;
#4941 = CARTESIAN_POINT ( 'NONE',  ( 0.1019079996335011673, -0.1120599866401693762, -0.02867101149142507743 ) ) ;
#4942 = STYLED_ITEM ( 'NONE', ( #8267 ), #3214 ) ;
#4943 = ORIENTED_EDGE ( 'NONE', *, *, #5620, .T. ) ;
#4944 = DIRECTION ( 'NONE',  ( 0.0000000000000000000, 4.336808689942017736E-15, -1.000000000000000000 ) ) ;
#4945 = CARTESIAN_POINT ( 'NONE',  ( -0.09877797597625509463, -0.05958285249382799798, -0.01867101149142505120 ) ) ;
#4946 = SURFACE_STYLE_USAGE ( .BOTH. , #2202 ) ;
#4947 = CARTESIAN_POINT ( 'NONE',  ( -3.550000000000001155, -1.283471845651427135, 0.4713289885085705788 ) ) ;
#4948 = FILL_AREA_STYLE ('',( #6154 ) ) ;
#4949 = PRESENTATION_STYLE_ASSIGNMENT (( #3153 ) ) ;
#4950 = ORIENTED_EDGE ( 'NONE', *, *, #2052, .F. ) ;
#4951 = PLANE ( 'NONE',  #1068 ) ;
#4952 = EDGE_CURVE ( 'NONE', #5229, #5052, #5083, .T. ) ;
#4953 = CARTESIAN_POINT ( 'NONE',  ( 1.825000000000000400, 1.476528154348573318, -0.02867101149142074062 ) ) ;
#4954 = PRESENTATION_LAYER_ASSIGNMENT (  '', '', ( #4490 ) ) ;
#4955 = LINE ( 'NONE', #7407, #3179 ) ;
#4956 = EDGE_LOOP ( 'NONE', ( #4823, #3495, #1461, #2842 ) ) ;
#4957 = CARTESIAN_POINT ( 'NONE',  ( -0.1670897137811327704, -0.07181608420114513058, -0.01867101149142505120 ) ) ;
#4958 = LINE ( 'NONE', #1112, #5056 ) ;
#4959 =( NAMED_UNIT ( * ) PLANE_ANGLE_UNIT ( ) SI_UNIT ( $, .RADIAN. ) );
#4960 = PLANE ( 'NONE',  #6183 ) ;
#4961 = ORIENTED_EDGE ( 'NONE', *, *, #6633, .F. ) ;
#4962 = ORIENTED_EDGE ( 'NONE', *, *, #917, .F. ) ;
#4963 = CARTESIAN_POINT ( 'NONE',  ( -0.08532883971457139172, -0.06140693541712505255, -0.01867101149142505120 ) ) ;
#4964 = CARTESIAN_POINT ( 'NONE',  ( 0.09676284405892392193, -0.009629296693486550165, -0.02867101149142464375 ) ) ;
#4965 = CARTESIAN_POINT ( 'NONE',  ( 3.475000000000000089, -1.083471845651427623, 0.4963289885085717668 ) ) ;
#4966 = ORIENTED_EDGE ( 'NONE', *, *, #4574, .F. ) ;
#4967 = PRESENTATION_LAYER_ASSIGNMENT (  '', '', ( #3121 ) ) ;
#4968 = CARTESIAN_POINT ( 'NONE',  ( -0.09306518296233363963, -0.08507899486235757924, -0.02867101149142507743 ) ) ;
#4969 = VERTEX_POINT ( 'NONE', #404 ) ;
#4970 = AXIS2_PLACEMENT_3D ( 'NONE', #5738, #7054, #8393 ) ;
#4971 = LINE ( 'NONE', #8221, #3093 ) ;
#4972 = VECTOR ( 'NONE', #1032, 1000.000000000000000 ) ;
#4973 = FILL_AREA_STYLE ('',( #5656 ) ) ;
#4974 = SURFACE_SIDE_STYLE ('',( #4991 ) ) ;
#4975 = CYLINDRICAL_SURFACE ( 'NONE', #1970, 0.2999999999999999334 ) ;
#4976 = FILL_AREA_STYLE_COLOUR ( '', #1154 ) ;
#4977 = ORIENTED_EDGE ( 'NONE', *, *, #3586, .T. ) ;
#4978 = CARTESIAN_POINT ( 'NONE',  ( 0.1390647760839438529, -0.09506222077848157370, -0.01867101149142505120 ) ) ;
#4979 = PRESENTATION_LAYER_ASSIGNMENT (  '', '', ( #3796 ) ) ;
#4980 = AXIS2_PLACEMENT_3D ( 'NONE', #421, #1171, #1858 ) ;
#4981 = ORIENTED_EDGE ( 'NONE', *, *, #7700, .T. ) ;
#4982 = PLANE ( 'NONE',  #219 ) ;
#4983 = SURFACE_SIDE_STYLE ('',( #598 ) ) ;
#4984 = SURFACE_STYLE_USAGE ( .BOTH. , #8324 ) ;
#4985 = EDGE_CURVE ( 'NONE', #4329, #684, #2401, .T. ) ;
#4986 = CARTESIAN_POINT ( 'NONE',  ( -1.825000000000000844, 1.476528154348573763, -0.02867101149141900590 ) ) ;
#4987 = DIRECTION ( 'NONE',  ( -1.000000000000000000, -1.376535146460481305E-30, 3.942553354492744024E-16 ) ) ;
#4988 = PRESENTATION_LAYER_ASSIGNMENT (  '', '', ( #2878 ) ) ;
#4989 = CARTESIAN_POINT ( 'NONE',  ( -2.569584527152437570, -1.083471845651426513, 0.1213289885085715447 ) ) ;
#4990 = ORIENTED_EDGE ( 'NONE', *, *, #3720, .T. ) ;
#4991 = SURFACE_STYLE_FILL_AREA ( #8364 ) ;
#4992 = CARTESIAN_POINT ( 'NONE',  ( -2.549999999999999822, 1.186528154348573949, -0.01867101149142071440 ) ) ;
#4993 = FACE_OUTER_BOUND ( 'NONE', #3507, .T. ) ;
#4994 =( NAMED_UNIT ( * ) SI_UNIT ( $, .STERADIAN. ) SOLID_ANGLE_UNIT ( ) );
#4995 = ADVANCED_FACE ( 'NONE', ( #613 ), #4510, .F. ) ;
#4996 = VERTEX_POINT ( 'NONE', #7636 ) ;
#4997 = SURFACE_SIDE_STYLE ('',( #2496 ) ) ;
#4998 = CARTESIAN_POINT ( 'NONE',  ( -1.825000000000001066, 0.6865281543485735050, 0.1713289885085784725 ) ) ;
#4999 = AXIS2_PLACEMENT_3D ( 'NONE', #5092, #1092, #7118 ) ;
#5000 = EDGE_CURVE ( 'NONE', #8447, #682, #7471, .T. ) ;
#5001 = DIRECTION ( 'NONE',  ( -0.0000000000000000000, 3.491481338843133355E-15, -1.000000000000000000 ) ) ;
#5002 = CYLINDRICAL_SURFACE ( 'NONE', #3661, 0.2999999999999994893 ) ;
#5003 = VERTEX_POINT ( 'NONE', #8335 ) ;
#5004 = EDGE_CURVE ( 'NONE', #4501, #2431, #3634, .T. ) ;
#5005 = FILL_AREA_STYLE_COLOUR ( '', #5794 ) ;
#5006 = ORIENTED_EDGE ( 'NONE', *, *, #1314, .T. ) ;
#5007 = SURFACE_SIDE_STYLE ('',( #17 ) ) ;
#5008 = STYLED_ITEM ( 'NONE', ( #1317 ), #68 ) ;
#5009 = LINE ( 'NONE', #4573, #4694 ) ;
#5010 = DIRECTION ( 'NONE',  ( 0.0000000000000000000, -3.491481338843133355E-15, 1.000000000000000000 ) ) ;
#5011 = MECHANICAL_DESIGN_GEOMETRIC_PRESENTATION_REPRESENTATION (  '', ( #4556 ), #5895 ) ;
#5012 = EDGE_LOOP ( 'NONE', ( #1652, #483, #3353, #798 ) ) ;
#5013 = DIRECTION ( 'NONE',  ( 0.0000000000000000000, -1.000000000000000000, -3.491481338843133355E-15 ) ) ;
#5014 = SURFACE_STYLE_USAGE ( .BOTH. , #5205 ) ;
#5015 = ADVANCED_FACE ( 'NONE', ( #933 ), #8438, .F. ) ;
#5016 = SURFACE_STYLE_FILL_AREA ( #59 ) ;
#5017 = ORIENTED_EDGE ( 'NONE', *, *, #5267, .T. ) ;
#5018 = CARTESIAN_POINT ( 'NONE',  ( -2.549999999999999822, 1.186528154348573949, -0.02867101149142074062 ) ) ;
#5019 = CARTESIAN_POINT ( 'NONE',  ( 0.08342524190655641048, -0.1096166941145465396, -0.01867101149142505120 ) ) ;
#5020 = VECTOR ( 'NONE', #6824, 1000.000000000000000 ) ;
#5021 = DIRECTION ( 'NONE',  ( 0.0000000000000000000, -1.000000000000000000, -4.336808689942024836E-15 ) ) ;
#5022 = STYLED_ITEM ( 'NONE', ( #5888 ), #1304 ) ;
#5023 = AXIS2_PLACEMENT_3D ( 'NONE', #4440, #5797, #7143 ) ;
#5024 = VECTOR ( 'NONE', #7533, 1000.000000000000114 ) ;
#5025 = ORIENTED_EDGE ( 'NONE', *, *, #7780, .F. ) ;
#5026 = FILL_AREA_STYLE ('',( #3663 ) ) ;
#5027 = ORIENTED_EDGE ( 'NONE', *, *, #7675, .T. ) ;
#5028 =( NAMED_UNIT ( * ) SI_UNIT ( $, .STERADIAN. ) SOLID_ANGLE_UNIT ( ) );
#5029 = EDGE_CURVE ( 'NONE', #3289, #3008, #7783, .T. ) ;
#5030 = VERTEX_POINT ( 'NONE', #4483 ) ;
#5031 = ADVANCED_FACE ( 'NONE', ( #4891 ), #7187, .F. ) ;
#5032 = VECTOR ( 'NONE', #6704, 1000.000000000000000 ) ;
#5033 = ORIENTED_EDGE ( 'NONE', *, *, #3751, .F. ) ;
#5034 = STYLED_ITEM ( 'NONE', ( #2542 ), #3182 ) ;
#5035 = ORIENTED_EDGE ( 'NONE', *, *, #7963, .F. ) ;
#5036 = CARTESIAN_POINT ( 'NONE',  ( 0.1330029426303703521, -0.07804324882599331104, -0.02867101149142507743 ) ) ;
#5037 = VECTOR ( 'NONE', #5594, 1000.000000000000000 ) ;
#5038 = LINE ( 'NONE', #6987, #775 ) ;
#5039 = UNCERTAINTY_MEASURE_WITH_UNIT (LENGTH_MEASURE( 1.000000000000000082E-05 ), #6167, 'distance_accuracy_value', 'NONE');
#5040 = VERTEX_POINT ( 'NONE', #6484 ) ;
#5041 = EDGE_LOOP ( 'NONE', ( #555, #809, #4581, #6223 ) ) ;
#5042 = EDGE_CURVE ( 'NONE', #4641, #7502, #6225, .T. ) ;
#5043 = DIRECTION ( 'NONE',  ( 0.0000000000000000000, -1.000000000000000000, -3.491481338843133355E-15 ) ) ;
#5044 = CARTESIAN_POINT ( 'NONE',  ( 0.1352665167797594270, -0.05735499409131460113, -0.02867101149142507743 ) ) ;
#5045 = AXIS2_PLACEMENT_3D ( 'NONE', #3369, #8081, #1653 ) ;
#5046 =( NAMED_UNIT ( * ) SI_UNIT ( $, .STERADIAN. ) SOLID_ANGLE_UNIT ( ) );
#5047 = SURFACE_STYLE_FILL_AREA ( #4759 ) ;
#5048 = DIRECTION ( 'NONE',  ( 0.0000000000000000000, -4.304632968207263259E-15, 1.000000000000000000 ) ) ;
#5049 = VECTOR ( 'NONE', #636, 1000.000000000000000 ) ;
#5050 = ORIENTED_EDGE ( 'NONE', *, *, #5492, .F. ) ;
#5051 = CARTESIAN_POINT ( 'NONE',  ( -0.07224715050297149388, -0.09185622900339802943, -0.02867101149142507743 ) ) ;
#5052 = VERTEX_POINT ( 'NONE', #3188 ) ;
#5053 = ORIENTED_EDGE ( 'NONE', *, *, #8445, .T. ) ;
#5054 = FACE_BOUND ( 'NONE', #2181, .T. ) ;
#5055 = ORIENTED_EDGE ( 'NONE', *, *, #8343, .T. ) ;
#5056 = VECTOR ( 'NONE', #3086, 1000.000000000000000 ) ;
#5057 = ADVANCED_FACE ( 'NONE', ( #6630 ), #2097, .F. ) ;
#5058 = ORIENTED_EDGE ( 'NONE', *, *, #1906, .T. ) ;
#5059 = EDGE_CURVE ( 'NONE', #4341, #7759, #302, .T. ) ;
#5060 = AXIS2_PLACEMENT_3D ( 'NONE', #3840, #3668, #1675 ) ;
#5061 = SURFACE_STYLE_FILL_AREA ( #5530 ) ;
#5062 = STYLED_ITEM ( 'NONE', ( #6427 ), #5015 ) ;
#5063 = DIRECTION ( 'NONE',  ( 1.000000000000000000, 0.0000000000000000000, 0.0000000000000000000 ) ) ;
#5064 = ORIENTED_EDGE ( 'NONE', *, *, #3308, .T. ) ;
#5065 = VECTOR ( 'NONE', #7874, 1000.000000000000000 ) ;
#5066 = VECTOR ( 'NONE', #1557, 1000.000000000000000 ) ;
#5067 = CARTESIAN_POINT ( 'NONE',  ( 0.07937898878619481513, -0.01182067446366986962, -0.02867101149142507743 ) ) ;
#5068 = MECHANICAL_DESIGN_GEOMETRIC_PRESENTATION_REPRESENTATION (  '', ( #5283 ), #4071 ) ;
#5069 = PRESENTATION_STYLE_ASSIGNMENT (( #7820 ) ) ;
#5070 =( LENGTH_UNIT ( ) NAMED_UNIT ( * ) SI_UNIT ( .MILLI., .METRE. ) );
#5071 = AXIS2_PLACEMENT_3D ( 'NONE', #4196, #5556, #964 ) ;
#5072 = ORIENTED_EDGE ( 'NONE', *, *, #4488, .F. ) ;
#5073 = CARTESIAN_POINT ( 'NONE',  ( -1.149999999999999911, -0.1834718456514240481, -0.5286710114914247027 ) ) ;
#5074 = LINE ( 'NONE', #2106, #6617 ) ;
#5075 = VECTOR ( 'NONE', #8012, 1000.000000000000000 ) ;
#5076 = CARTESIAN_POINT ( 'NONE',  ( -3.299999999999998934, 0.6865281543485617366, 3.521328988508578117 ) ) ;
#5077 = DIRECTION ( 'NONE',  ( -0.0000000000000000000, 1.000000000000000000, 3.491481338843133355E-15 ) ) ;
#5078 =( LENGTH_UNIT ( ) NAMED_UNIT ( * ) SI_UNIT ( .MILLI., .METRE. ) );
#5079 = ORIENTED_EDGE ( 'NONE', *, *, #134, .T. ) ;
#5080 = CARTESIAN_POINT ( 'NONE',  ( 0.1070384634791412964, -0.1119449774401441167, -0.01867101149142505120 ) ) ;
#5081 = EDGE_CURVE ( 'NONE', #7502, #5030, #509, .T. ) ;
#5082 = ORIENTED_EDGE ( 'NONE', *, *, #5864, .F. ) ;
#5083 = LINE ( 'NONE', #4350, #8000 ) ;
#5084 =( GEOMETRIC_REPRESENTATION_CONTEXT ( 3 ) GLOBAL_UNCERTAINTY_ASSIGNED_CONTEXT ( ( #7761 ) ) GLOBAL_UNIT_ASSIGNED_CONTEXT ( ( #4516, #3105, #3831 ) ) REPRESENTATION_CONTEXT ( 'NONE', 'WORKASPACE' ) );
#5085 = CARTESIAN_POINT ( 'NONE',  ( 0.1480571467189090717, -0.07325897798202835043, -0.02867101149142507743 ) ) ;
#5086 = FACE_OUTER_BOUND ( 'NONE', #2369, .T. ) ;
#5087 = DIRECTION ( 'NONE',  ( 1.000000000000000000, 0.0000000000000000000, 0.0000000000000000000 ) ) ;
#5088 = ORIENTED_EDGE ( 'NONE', *, *, #1890, .T. ) ;
#5089 = EDGE_CURVE ( 'NONE', #4131, #1944, #8107, .T. ) ;
#5090 = STYLED_ITEM ( 'NONE', ( #8446 ), #3346 ) ;
#5091 = LINE ( 'NONE', #6645, #3337 ) ;
#5092 = CARTESIAN_POINT ( 'NONE',  ( 2.148518552703153173, -1.333471845651432064, 1.746328988508570434 ) ) ;
#5093 = UNCERTAINTY_MEASURE_WITH_UNIT (LENGTH_MEASURE( 1.000000000000000082E-05 ), #3556, 'distance_accuracy_value', 'NONE');
#5094 = LINE ( 'NONE', #8327, #8526 ) ;
#5095 = CARTESIAN_POINT ( 'NONE',  ( -3.850000000000000977, -0.9834718456514287555, 0.4713289885085719111 ) ) ;
#5096 = CARTESIAN_POINT ( 'NONE',  ( 0.1339754069689018112, -0.04881662085267062662, -0.02867101149142507743 ) ) ;
#5097 = CARTESIAN_POINT ( 'NONE',  ( 3.450000000000000622, -1.083471845651435617, 2.746076259633627892 ) ) ;
#5098 = COLOUR_RGB ( '',1.000000000000000000, 1.000000000000000000, 1.000000000000000000 ) ;
#5099 = CARTESIAN_POINT ( 'NONE',  ( -0.1670897137811329647, -0.07181608420114490854, -0.02867101149142507743 ) ) ;
#5100 = FACE_OUTER_BOUND ( 'NONE', #1443, .T. ) ;
#5101 = LINE ( 'NONE', #2023, #8425 ) ;
#5102 = MECHANICAL_DESIGN_GEOMETRIC_PRESENTATION_REPRESENTATION (  '', ( #5144 ), #5332 ) ;
#5103 = EDGE_CURVE ( 'NONE', #94, #384, #7772, .T. ) ;
#5104 = DIRECTION ( 'NONE',  ( 0.0000000000000000000, -1.000000000000000000, -3.491481338843133355E-15 ) ) ;
#5105 =( GEOMETRIC_REPRESENTATION_CONTEXT ( 3 ) GLOBAL_UNCERTAINTY_ASSIGNED_CONTEXT ( ( #1605 ) ) GLOBAL_UNIT_ASSIGNED_CONTEXT ( ( #5176, #1242, #7948 ) ) REPRESENTATION_CONTEXT ( 'NONE', 'WORKASPACE' ) );
#5106 =( LENGTH_UNIT ( ) NAMED_UNIT ( * ) SI_UNIT ( .MILLI., .METRE. ) );
#5107 = ORIENTED_EDGE ( 'NONE', *, *, #822, .F. ) ;
#5108 = LINE ( 'NONE', #7833, #8036 ) ;
#5109 = CARTESIAN_POINT ( 'NONE',  ( -0.1485683723177183002, -0.03004779151821800054, -0.02867101149142507743 ) ) ;
#5110 = LINE ( 'NONE', #8061, #2028 ) ;
#5111 = DIRECTION ( 'NONE',  ( 1.000000000000000000, 0.0000000000000000000, 0.0000000000000000000 ) ) ;
#5112 = SURFACE_STYLE_USAGE ( .BOTH. , #5720 ) ;
#5113 = PRESENTATION_STYLE_ASSIGNMENT (( #4287 ) ) ;
#5114 = EDGE_LOOP ( 'NONE', ( #3172, #8295, #6513, #5917 ) ) ;
#5115 = CARTESIAN_POINT ( 'NONE',  ( 0.8499999999999998668, -0.1834718456514233820, -0.8286710114914257463 ) ) ;
#5116 = AXIS2_PLACEMENT_3D ( 'NONE', #6234, #192, #280 ) ;
#5117 = ORIENTED_EDGE ( 'NONE', *, *, #3806, .F. ) ;
#5118 = DIRECTION ( 'NONE',  ( -1.000000000000000000, 0.0000000000000000000, 0.0000000000000000000 ) ) ;
#5119 = ADVANCED_FACE ( 'NONE', ( #6417 ), #3904, .T. ) ;
#5120 = LINE ( 'NONE', #8200, #548 ) ;
#5121 = CARTESIAN_POINT ( 'NONE',  ( 0.1468583230632884706, -0.04613078164007332338, -0.01867101149142505120 ) ) ;
#5122 =( NAMED_UNIT ( * ) PLANE_ANGLE_UNIT ( ) SI_UNIT ( $, .RADIAN. ) );
#5123 = ORIENTED_EDGE ( 'NONE', *, *, #1890, .F. ) ;
#5124 = CARTESIAN_POINT ( 'NONE',  ( -0.1500556554113642860, -0.02374840160320848895, -0.01867101149142505120 ) ) ;
#5125 = ORIENTED_EDGE ( 'NONE', *, *, #2524, .T. ) ;
#5126 = VECTOR ( 'NONE', #4328, 1000.000000000000000 ) ;
#5127 = AXIS2_PLACEMENT_3D ( 'NONE', #4965, #7235, #8369 ) ;
#5128 = CARTESIAN_POINT ( 'NONE',  ( -0.07955853273418211913, -0.08355865638112269789, -0.02867101149142507743 ) ) ;
#5129 = MECHANICAL_DESIGN_GEOMETRIC_PRESENTATION_REPRESENTATION (  '', ( #1016 ), #2157 ) ;
#5130 = UNCERTAINTY_MEASURE_WITH_UNIT (LENGTH_MEASURE( 1.000000000000000082E-05 ), #8341, 'distance_accuracy_value', 'NONE');
#5131 = SURFACE_SIDE_STYLE ('',( #4938 ) ) ;
#5132 = SURFACE_STYLE_FILL_AREA ( #3965 ) ;
#5133 = ORIENTED_EDGE ( 'NONE', *, *, #5792, .F. ) ;
#5134 = EDGE_CURVE ( 'NONE', #5673, #8313, #3317, .T. ) ;
#5135 = AXIS2_PLACEMENT_3D ( 'NONE', #897, #2335, #1596 ) ;
#5136 = SURFACE_STYLE_FILL_AREA ( #7611 ) ;
#5137 = EDGE_LOOP ( 'NONE', ( #5929, #458, #5883, #5117 ) ) ;
#5138 = CARTESIAN_POINT ( 'NONE',  ( -0.08536334182991349440, -0.05986867566455948697, -0.02867101149142507743 ) ) ;
#5139 = CARTESIAN_POINT ( 'NONE',  ( -0.09877797597625495585, -0.05958285249382778287, -0.02867101149142507743 ) ) ;
#5140 = CARTESIAN_POINT ( 'NONE',  ( 0.07439275573106213235, -0.01358437688407177282, -0.02867101149142507743 ) ) ;
#5141 = ORIENTED_EDGE ( 'NONE', *, *, #4725, .T. ) ;
#5142 = ORIENTED_EDGE ( 'NONE', *, *, #4026, .F. ) ;
#5143 = CARTESIAN_POINT ( 'NONE',  ( 2.600000000000000977, 0.6865281543485712845, 0.7213289885085777398 ) ) ;
#5144 = STYLED_ITEM ( 'NONE', ( #7589 ), #4724 ) ;
#5145 = DIRECTION ( 'NONE',  ( 0.0000000000000000000, -1.000000000000000000, -3.491481338843133355E-15 ) ) ;
#5146 = CARTESIAN_POINT ( 'NONE',  ( 0.1110504197503133089, -0.09966693915964353057, -0.01867101149142505120 ) ) ;
#5147 = CARTESIAN_POINT ( 'NONE',  ( -0.09512910809910800347, -0.08052097921487905152, -0.02867101149142507743 ) ) ;
#5148 = SURFACE_SIDE_STYLE ('',( #5288 ) ) ;
#5149 = ORIENTED_EDGE ( 'NONE', *, *, #3667, .F. ) ;
#5150 = CARTESIAN_POINT ( 'NONE',  ( -3.550000000000001155, -0.9834718456514278673, 0.4713289885085719111 ) ) ;
#5151 = VERTEX_POINT ( 'NONE', #5937 ) ;
#5152 = SURFACE_SIDE_STYLE ('',( #4181 ) ) ;
#5153 = CARTESIAN_POINT ( 'NONE',  ( 0.1327646527105388052, -0.1017463590574335663, -0.01867101149142489855 ) ) ;
#5154 = EDGE_LOOP ( 'NONE', ( #2766, #8096, #7559, #5699 ) ) ;
#5155 = SURFACE_STYLE_FILL_AREA ( #8326 ) ;
#5156 =( NAMED_UNIT ( * ) PLANE_ANGLE_UNIT ( ) SI_UNIT ( $, .RADIAN. ) );
#5157 = COLOUR_RGB ( '',0.7764705882352941346, 0.7568627450980391913, 0.7372549019607843590 ) ;
#5158 = PLANE ( 'NONE',  #3681 ) ;
#5159 = DIRECTION ( 'NONE',  ( 0.9353882635801357148, 0.3536223923290756632, 1.234665983814032961E-15 ) ) ;
#5160 = ADVANCED_FACE ( 'NONE', ( #3100 ), #1985, .T. ) ;
#5161 = VECTOR ( 'NONE', #6614, 1000.000000000000000 ) ;
#5162 = EDGE_CURVE ( 'NONE', #74, #2361, #3212, .T. ) ;
#5163 = AXIS2_PLACEMENT_3D ( 'NONE', #8004, #7, #7233 ) ;
#5164 =( NAMED_UNIT ( * ) PLANE_ANGLE_UNIT ( ) SI_UNIT ( $, .RADIAN. ) );
#5165 = ORIENTED_EDGE ( 'NONE', *, *, #6257, .F. ) ;
#5166 =( GEOMETRIC_REPRESENTATION_CONTEXT ( 3 ) GLOBAL_UNCERTAINTY_ASSIGNED_CONTEXT ( ( #2087 ) ) GLOBAL_UNIT_ASSIGNED_CONTEXT ( ( #3391, #8037, #1429 ) ) REPRESENTATION_CONTEXT ( 'NONE', 'WORKASPACE' ) );
#5167 = VECTOR ( 'NONE', #2951, 1000.000000000000000 ) ;
#5168 = SURFACE_STYLE_FILL_AREA ( #5345 ) ;
#5169 = PRESENTATION_STYLE_ASSIGNMENT (( #305 ) ) ;
#5170 = FILL_AREA_STYLE ('',( #3871 ) ) ;
#5171 = CARTESIAN_POINT ( 'NONE',  ( 0.1094133704916140787, -0.02207575105004215901, -0.01867101149142505120 ) ) ;
#5172 = CARTESIAN_POINT ( 'NONE',  ( 0.07439275573106213235, -0.01358437688407177282, -0.02867101149142507743 ) ) ;
#5173 = ORIENTED_EDGE ( 'NONE', *, *, #8212, .F. ) ;
#5174 = AXIS2_PLACEMENT_3D ( 'NONE', #5413, #4113, #6869 ) ;
#5175 = AXIS2_PLACEMENT_3D ( 'NONE', #5073, #4432, #1841 ) ;
#5176 =( LENGTH_UNIT ( ) NAMED_UNIT ( * ) SI_UNIT ( .MILLI., .METRE. ) );
#5177 = LINE ( 'NONE', #3361, #4048 ) ;
#5178 = CARTESIAN_POINT ( 'NONE',  ( -1.399999999999999689, -2.313471845651430048, 1.246328988508567326 ) ) ;
#5179 = DIRECTION ( 'NONE',  ( 0.0000000000000000000, -3.491481338843133355E-15, 1.000000000000000000 ) ) ;
#5180 = EDGE_LOOP ( 'NONE', ( #7006, #552, #7782, #8443 ) ) ;
#5181 = CARTESIAN_POINT ( 'NONE',  ( -0.04651044548845006954, -0.01084047444504729341, -0.02867101149142507743 ) ) ;
#5182 = CARTESIAN_POINT ( 'NONE',  ( -0.03170480524454762777, -0.09986486468894985313, -0.02867101149142507743 ) ) ;
#5183 = EDGE_CURVE ( 'NONE', #5831, #2043, #1028, .T. ) ;
#5184 = CARTESIAN_POINT ( 'NONE',  ( 0.1019079996335011673, -0.1120599866401694178, -0.01867101149142489855 ) ) ;
#5185 = CARTESIAN_POINT ( 'NONE',  ( 0.1951244630481354936, -0.01084047444504751025, -0.01867101149142505120 ) ) ;
#5186 = EDGE_CURVE ( 'NONE', #5473, #6946, #8502, .T. ) ;
#5187 = SURFACE_SIDE_STYLE ('',( #6940 ) ) ;
#5188 = AXIS2_PLACEMENT_3D ( 'NONE', #5959, #6557, #6999 ) ;
#5189 = PLANE ( 'NONE',  #6503 ) ;
#5190 = ORIENTED_EDGE ( 'NONE', *, *, #3614, .F. ) ;
#5191 = CARTESIAN_POINT ( 'NONE',  ( -0.1573145613421085831, -0.01084047444504751025, -0.01867101149142505120 ) ) ;
#5192 = COLOUR_RGB ( '',0.7764705882352941346, 0.7568627450980391913, 0.7372549019607843590 ) ;
#5193 = DIRECTION ( 'NONE',  ( -1.000000000000000000, 0.0000000000000000000, -0.0000000000000000000 ) ) ;
#5194 = VECTOR ( 'NONE', #7736, 1000.000000000000000 ) ;
#5195 = CARTESIAN_POINT ( 'NONE',  ( -0.1336484028055232032, -0.07181608420114490854, -0.02867101149142507743 ) ) ;
#5196 = EDGE_CURVE ( 'NONE', #7748, #4760, #7046, .T. ) ;
#5197 = CARTESIAN_POINT ( 'NONE',  ( 0.08628289040913993124, -0.09952297187162283121, -0.01867101149142505120 ) ) ;
#5198 = CARTESIAN_POINT ( 'NONE',  ( 0.1353338093006013765, -0.06036291447389811882, -0.01867101149142505120 ) ) ;
#5199 = MECHANICAL_DESIGN_GEOMETRIC_PRESENTATION_REPRESENTATION (  '', ( #2823 ), #698 ) ;
#5200 =( NAMED_UNIT ( * ) PLANE_ANGLE_UNIT ( ) SI_UNIT ( $, .RADIAN. ) );
#5201 = LINE ( 'NONE', #501, #3350 ) ;
#5202 = ADVANCED_FACE ( 'NONE', ( #1353 ), #4057, .F. ) ;
#5203 = ORIENTED_EDGE ( 'NONE', *, *, #3111, .F. ) ;
#5204 = FILL_AREA_STYLE ('',( #4536 ) ) ;
#5205 = SURFACE_SIDE_STYLE ('',( #5856 ) ) ;
#5206 = CARTESIAN_POINT ( 'NONE',  ( 0.1110504197503133089, -0.09966693915964348893, -0.02867101149142507743 ) ) ;
#5207 = VECTOR ( 'NONE', #814, 1000.000000000000000 ) ;
#5208 = CARTESIAN_POINT ( 'NONE',  ( -0.08740994406558859342, -0.02742891431076311531, -0.01867101149142621000 ) ) ;
#5209 = PLANE ( 'NONE',  #1334 ) ;
#5210 = VECTOR ( 'NONE', #2850, 1000.000000000000000 ) ;
#5211 = CARTESIAN_POINT ( 'NONE',  ( -3.299999999999998934, 0.6865281543485617366, 3.521328988508578117 ) ) ;
#5212 = ORIENTED_EDGE ( 'NONE', *, *, #8084, .T. ) ;
#5213 = EDGE_CURVE ( 'NONE', #1965, #2737, #6853, .T. ) ;
#5214 = AXIS2_PLACEMENT_3D ( 'NONE', #4234, #244, #7650 ) ;
#5215 =( LENGTH_UNIT ( ) NAMED_UNIT ( * ) SI_UNIT ( .MILLI., .METRE. ) );
#5216 = FILL_AREA_STYLE_COLOUR ( '', #6029 ) ;
#5217 = CARTESIAN_POINT ( 'NONE',  ( 0.04146592646276945487, -0.09986486468894985313, -0.02867101149142507743 ) ) ;
#5218 = COLOUR_RGB ( '',0.7764705882352941346, 0.7568627450980391913, 0.7372549019607843590 ) ;
#5219 = ORIENTED_EDGE ( 'NONE', *, *, #5213, .T. ) ;
#5220 = CARTESIAN_POINT ( 'NONE',  ( -0.08283502140647945600, -0.07668492226556365698, -0.01867101149142505120 ) ) ;
#5221 = CYLINDRICAL_SURFACE ( 'NONE', #4270, 0.2000000000000000944 ) ;
#5222 = EDGE_CURVE ( 'NONE', #8346, #6505, #2385, .T. ) ;
#5223 = CARTESIAN_POINT ( 'NONE',  ( 0.0000000000000000000, -1.333471845651429843, 1.127033865392921719 ) ) ;
#5224 = AXIS2_PLACEMENT_3D ( 'NONE', #997, #969, #1610 ) ;
#5225 = B_SPLINE_SURFACE_WITH_KNOTS ( 'NONE', 3, 1, ( 
 ( #6372, #1089 ),
 ( #6397, #2432 ),
 ( #8402, #6475 ),
 ( #4451, #1239 ),
 ( #3144, #5171 ),
 ( #1953, #8544 ),
 ( #7765, #6555 ),
 ( #4561, #4498 ),
 ( #5807, #3119 ),
 ( #3897, #3872 ),
 ( #7880, #583 ),
 ( #7791, #2485 ),
 ( #477, #2540 ),
 ( #1207, #3785 ),
 ( #8427, #1898 ),
 ( #1268, #1863 ),
 ( #8512, #3209 ),
 ( #534, #5198 ),
 ( #8452, #5901 ) ),
 .UNSPECIFIED., .F., .F., .F.,
 ( 4, 1, 1, 1, 1, 1, 1, 1, 1, 1, 1, 1, 1, 1, 1, 1, 4 ),
 ( 2, 2 ),
 ( 0.0000000000000000000, 0.06460651091172693594, 0.1267073966769823312, 0.1867641584560546242, 0.2456160792896877609, 0.3036342601009781594, 0.3614875846788058178, 0.4202270435406777471, 0.4800225128200905078, 0.5406696917432121108, 0.6011857431162470622, 0.6623298436784398335, 0.7250194742551530069, 0.7894594567563132381, 0.8564992169370768682, 0.9263091979800039955, 1.000000000000000000 ),
 ( 0.0000000000000000000, 1.000000000000000000 ),
 .UNSPECIFIED. ) ;
#5226 = CARTESIAN_POINT ( 'NONE',  ( 0.07715835986743792285, -0.09623965663722693076, -0.02867101149142507743 ) ) ;
#5227 = STYLED_ITEM ( 'NONE', ( #2871 ), #6118 ) ;
#5228 = COLOUR_RGB ( '',1.000000000000000000, 1.000000000000000000, 1.000000000000000000 ) ;
#5229 = VERTEX_POINT ( 'NONE', #2836 ) ;
#5230 = ORIENTED_EDGE ( 'NONE', *, *, #7051, .T. ) ;
#5231 = EDGE_LOOP ( 'NONE', ( #3114, #5584, #3279 ) ) ;
#5232 = DIRECTION ( 'NONE',  ( 0.0000000000000000000, -3.491481338843133750E-15, 1.000000000000000000 ) ) ;
#5233 = DIRECTION ( 'NONE',  ( 0.0000000000000000000, -3.491481338843133355E-15, 1.000000000000000000 ) ) ;
#5234 = UNCERTAINTY_MEASURE_WITH_UNIT (LENGTH_MEASURE( 1.000000000000000082E-05 ), #1808, 'distance_accuracy_value', 'NONE');
#5235 = FILL_AREA_STYLE_COLOUR ( '', #4195 ) ;
#5236 = SURFACE_STYLE_USAGE ( .BOTH. , #2605 ) ;
#5237 = LINE ( 'NONE', #5527, #7955 ) ;
#5238 = AXIS2_PLACEMENT_3D ( 'NONE', #3524, #7555, #4193 ) ;
#5239 = FILL_AREA_STYLE_COLOUR ( '', #2940 ) ;
#5240 = ORIENTED_EDGE ( 'NONE', *, *, #528, .T. ) ;
#5241 =( GEOMETRIC_REPRESENTATION_CONTEXT ( 3 ) GLOBAL_UNCERTAINTY_ASSIGNED_CONTEXT ( ( #935 ) ) GLOBAL_UNIT_ASSIGNED_CONTEXT ( ( #8352, #7592, #1031 ) ) REPRESENTATION_CONTEXT ( 'NONE', 'WORKASPACE' ) );
#5242 = B_SPLINE_SURFACE_WITH_KNOTS ( 'NONE', 3, 1, ( 
 ( #4743, #3443 ),
 ( #8095, #2126 ),
 ( #99, #2179 ),
 ( #6714, #7466 ),
 ( #4141, #5437 ),
 ( #4110, #6839 ),
 ( #6187, #129 ),
 ( #791, #2745 ),
 ( #7377, #6774 ),
 ( #183, #2153 ),
 ( #4838, #4807 ) ),
 .UNSPECIFIED., .F., .F., .F.,
 ( 4, 1, 1, 1, 1, 1, 1, 1, 4 ),
 ( 2, 2 ),
 ( 0.0000000000000000000, 0.1252796967356235025, 0.2494199707420483858, 0.3733567994928193023, 0.4966812787822841302, 0.6202029157439812312, 0.7450863201614558173, 0.8712691950190976087, 1.000000000000000000 ),
 ( 0.0000000000000000000, 1.000000000000000000 ),
 .UNSPECIFIED. ) ;
#5243 = CARTESIAN_POINT ( 'NONE',  ( -0.1501689820738159320, -0.02303559639626703154, -0.01867101149142505120 ) ) ;
#5244 = UNCERTAINTY_MEASURE_WITH_UNIT (LENGTH_MEASURE( 1.000000000000000082E-05 ), #2047, 'distance_accuracy_value', 'NONE');
#5245 = CARTESIAN_POINT ( 'NONE',  ( -0.07190219590742186195, -0.02908112712596755065, -0.02867101149142507743 ) ) ;
#5246 = ADVANCED_FACE ( 'NONE', ( #500 ), #6785, .F. ) ;
#5247 = CARTESIAN_POINT ( 'NONE',  ( 0.09781120085301320266, -0.02059657200602317204, -0.01867101149142505120 ) ) ;
#5248 = ORIENTED_EDGE ( 'NONE', *, *, #5134, .F. ) ;
#5249 = VERTEX_POINT ( 'NONE', #5391 ) ;
#5250 = EDGE_CURVE ( 'NONE', #4443, #4705, #2291, .T. ) ;
#5251 = DIRECTION ( 'NONE',  ( 0.0000000000000000000, -1.000000000000000000, -3.491481338843133355E-15 ) ) ;
#5252 = EDGE_LOOP ( 'NONE', ( #3643, #5873, #4241, #752 ) ) ;
#5253 = MECHANICAL_DESIGN_GEOMETRIC_PRESENTATION_REPRESENTATION (  '', ( #1387 ), #4825 ) ;
#5254 = VERTEX_POINT ( 'NONE', #2135 ) ;
#5255 = VECTOR ( 'NONE', #8572, 1000.000000000000000 ) ;
#5256 = ORIENTED_EDGE ( 'NONE', *, *, #2859, .T. ) ;
#5257 = DIRECTION ( 'NONE',  ( 0.0000000000000000000, 3.491481338843133355E-15, -1.000000000000000000 ) ) ;
#5258 = VERTEX_POINT ( 'NONE', #3450 ) ;
#5259 = CARTESIAN_POINT ( 'NONE',  ( 0.07439275573106213235, -0.09468193785968151421, -0.02867101149142507743 ) ) ;
#5260 = DIRECTION ( 'NONE',  ( 4.336808689942017736E-16, -3.491481338843133355E-15, 1.000000000000000000 ) ) ;
#5261 = CARTESIAN_POINT ( 'NONE',  ( -0.1519115696102572854, -0.02964880807290697431, -0.01867101149142505120 ) ) ;
#5262 = COLOUR_RGB ( '',1.000000000000000000, 1.000000000000000000, 1.000000000000000000 ) ;
#5263 = EDGE_CURVE ( 'NONE', #1635, #4348, #1018, .T. ) ;
#5264 =( GEOMETRIC_REPRESENTATION_CONTEXT ( 3 ) GLOBAL_UNCERTAINTY_ASSIGNED_CONTEXT ( ( #4145 ) ) GLOBAL_UNIT_ASSIGNED_CONTEXT ( ( #1503, #2870, #3568 ) ) REPRESENTATION_CONTEXT ( 'NONE', 'WORKASPACE' ) );
#5265 = EDGE_LOOP ( 'NONE', ( #8562, #1655, #5526, #8535, #3805, #7733, #1688, #2389 ) ) ;
#5266 = CARTESIAN_POINT ( 'NONE',  ( -2.375000000000001332, 0.6865281543485735050, 0.1713289885085784725 ) ) ;
#5267 = EDGE_CURVE ( 'NONE', #603, #6184, #6319, .T. ) ;
#5268 = DIRECTION ( 'NONE',  ( -0.7339715204324520625, -2.371345156258378148E-15, 0.6791802464692819896 ) ) ;
#5269 = PRESENTATION_LAYER_ASSIGNMENT (  '', '', ( #7327 ) ) ;
#5270 = LINE ( 'NONE', #4986, #1777 ) ;
#5271 = CARTESIAN_POINT ( 'NONE',  ( -0.09793096656189037574, -0.04905765402574081835, -0.02867101149142507743 ) ) ;
#5272 = CARTESIAN_POINT ( 'NONE',  ( -3.499999999999999556, -1.083471845651436061, 2.921328988508571811 ) ) ;
#5273 = CARTESIAN_POINT ( 'NONE',  ( -0.08526180085909217110, -0.06439582964054449410, -0.02867101149142507743 ) ) ;
#5274 = LINE ( 'NONE', #674, #3313 ) ;
#5275 = ORIENTED_EDGE ( 'NONE', *, *, #7265, .T. ) ;
#5276 = VECTOR ( 'NONE', #1673, 1000.000000000000000 ) ;
#5277 = VECTOR ( 'NONE', #4090, 1000.000000000000000 ) ;
#5278 = CARTESIAN_POINT ( 'NONE',  ( 0.09647117655678458248, -0.1010372627702062071, -0.01867101149142505120 ) ) ;
#5279 = CARTESIAN_POINT ( 'NONE',  ( -0.07941803085778807725, -0.03669069164647818793, -0.02867101149142507743 ) ) ;
#5280 = EDGE_CURVE ( 'NONE', #5323, #2780, #8492, .T. ) ;
#5281 = CARTESIAN_POINT ( 'NONE',  ( -0.1508874537283171613, -0.02522278575891050145, -0.01867101149142505120 ) ) ;
#5282 =( NAMED_UNIT ( * ) SI_UNIT ( $, .STERADIAN. ) SOLID_ANGLE_UNIT ( ) );
#5283 = STYLED_ITEM ( 'NONE', ( #7462 ), #510 ) ;
#5284 = EDGE_LOOP ( 'NONE', ( #6263, #1627, #2938, #2362 ) ) ;
#5285 = PRESENTATION_LAYER_ASSIGNMENT (  '', '', ( #2907 ) ) ;
#5286 = ORIENTED_EDGE ( 'NONE', *, *, #4229, .F. ) ;
#5287 = LINE ( 'NONE', #2312, #7470 ) ;
#5288 = SURFACE_STYLE_FILL_AREA ( #8463 ) ;
#5289 =( NAMED_UNIT ( * ) SI_UNIT ( $, .STERADIAN. ) SOLID_ANGLE_UNIT ( ) );
#5290 = UNCERTAINTY_MEASURE_WITH_UNIT (LENGTH_MEASURE( 1.000000000000000082E-05 ), #7901, 'distance_accuracy_value', 'NONE');
#5291 = FILL_AREA_STYLE_COLOUR ( '', #7329 ) ;
#5292 = VECTOR ( 'NONE', #3185, 1000.000000000000000 ) ;
#5293 = FILL_AREA_STYLE_COLOUR ( '', #1618 ) ;
#5294 =( LENGTH_UNIT ( ) NAMED_UNIT ( * ) SI_UNIT ( .MILLI., .METRE. ) );
#5295 = DIRECTION ( 'NONE',  ( -1.000000000000000000, 0.0000000000000000000, 0.0000000000000000000 ) ) ;
#5296 = ORIENTED_EDGE ( 'NONE', *, *, #6109, .F. ) ;
#5297 = ADVANCED_FACE ( 'NONE', ( #3921 ), #5383, .T. ) ;
#5298 = MECHANICAL_DESIGN_GEOMETRIC_PRESENTATION_REPRESENTATION (  '', ( #3528 ), #728 ) ;
#5299 = AXIS2_PLACEMENT_3D ( 'NONE', #1480, #4731, #199 ) ;
#5300 = PLANE ( 'NONE',  #2590 ) ;
#5301 = FILL_AREA_STYLE ('',( #5879 ) ) ;
#5302 = CARTESIAN_POINT ( 'NONE',  ( -2.549999999999999822, -0.09986486468895007518, -0.01867101149142505120 ) ) ;
#5303 = DIRECTION ( 'NONE',  ( 0.0000000000000000000, -1.000000000000000000, -4.336808689942025625E-15 ) ) ;
#5304 = FACE_OUTER_BOUND ( 'NONE', #354, .T. ) ;
#5305 =( NAMED_UNIT ( * ) PLANE_ANGLE_UNIT ( ) SI_UNIT ( $, .RADIAN. ) );
#5306 = EDGE_CURVE ( 'NONE', #3573, #3221, #6941, .T. ) ;
#5307 = CARTESIAN_POINT ( 'NONE',  ( -6.426361967823170481E-16, -1.283471845651426690, 0.1713289885085706732 ) ) ;
#5308 = PRESENTATION_STYLE_ASSIGNMENT (( #3767 ) ) ;
#5309 =( BOUNDED_CURVE ( )  B_SPLINE_CURVE ( 3, ( #3688, #753, #1455, #1628 ),
 .UNSPECIFIED., .F., .T. ) 
 B_SPLINE_CURVE_WITH_KNOTS ( ( 4, 4 ),
 ( 1.570796326794894782, 3.141592653589794004 ),
 .UNSPECIFIED. ) 
 CURVE ( )  GEOMETRIC_REPRESENTATION_ITEM ( )  RATIONAL_B_SPLINE_CURVE ( ( 1.000000000000000000, 0.8047378541243643824, 0.8047378541243643824, 1.000000000000000000 ) ) 
 REPRESENTATION_ITEM ( '' )  );
#5310 = LINE ( 'NONE', #8222, #7495 ) ;
#5311 = CARTESIAN_POINT ( 'NONE',  ( 0.08798832556445361497, -0.01013797849834909351, -0.02867101149142464375 ) ) ;
#5312 = LINE ( 'NONE', #6249, #1158 ) ;
#5313 = LINE ( 'NONE', #736, #8540 ) ;
#5314 = DIRECTION ( 'NONE',  ( 0.0000000000000000000, 3.491481338843133355E-15, -1.000000000000000000 ) ) ;
#5315 = ORIENTED_EDGE ( 'NONE', *, *, #4576, .T. ) ;
#5316 = CARTESIAN_POINT ( 'NONE',  ( 0.09647117655678458248, -0.1010372627702060266, -0.01867101149142505120 ) ) ;
#5317 = DIRECTION ( 'NONE',  ( 0.0000000000000000000, -1.000000000000000000, -3.491481338843134539E-15 ) ) ;
#5318 = VECTOR ( 'NONE', #5821, 1000.000000000000000 ) ;
#5319 = FILL_AREA_STYLE_COLOUR ( '', #4354 ) ;
#5320 = DIRECTION ( 'NONE',  ( 0.0000000000000000000, -1.000000000000000000, -3.491481338843133355E-15 ) ) ;
#5321 = SURFACE_STYLE_FILL_AREA ( #6654 ) ;
#5322 = CARTESIAN_POINT ( 'NONE',  ( 0.07531198874394579024, -0.09519969327748535604, -0.02867101149142507743 ) ) ;
#5323 = VERTEX_POINT ( 'NONE', #7594 ) ;
#5324 = DIRECTION ( 'NONE',  ( 1.000000000000000000, 0.0000000000000000000, 0.0000000000000000000 ) ) ;
#5325 = EDGE_LOOP ( 'NONE', ( #3612, #7681, #4211, #5460, #3525, #4286, #3571, #4230, #1330, #6403, #7922, #3893, #6719, #8368, #6925, #6432, #2040, #7723, #4424, #8281, #2051, #4528, #2747, #4486, #2268, #3798, #1712, #352, #3294, #5781, #4745, #4272 ) ) ;
#5326 = FILL_AREA_STYLE_COLOUR ( '', #6217 ) ;
#5327 =( NAMED_UNIT ( * ) PLANE_ANGLE_UNIT ( ) SI_UNIT ( $, .RADIAN. ) );
#5328 = EDGE_CURVE ( 'NONE', #7112, #7958, #1875, .T. ) ;
#5329 = AXIS2_PLACEMENT_3D ( 'NONE', #5476, #4264, #3506 ) ;
#5330 = SURFACE_SIDE_STYLE ('',( #4434 ) ) ;
#5331 = ORIENTED_EDGE ( 'NONE', *, *, #8234, .F. ) ;
#5332 =( GEOMETRIC_REPRESENTATION_CONTEXT ( 3 ) GLOBAL_UNCERTAINTY_ASSIGNED_CONTEXT ( ( #7754 ) ) GLOBAL_UNIT_ASSIGNED_CONTEXT ( ( #5987, #5200, #2571 ) ) REPRESENTATION_CONTEXT ( 'NONE', 'WORKASPACE' ) );
#5333 = VERTEX_POINT ( 'NONE', #3623 ) ;
#5334 = SURFACE_SIDE_STYLE ('',( #1195 ) ) ;
#5335 = ADVANCED_FACE ( 'NONE', ( #6509 ), #4210, .F. ) ;
#5336 = CARTESIAN_POINT ( 'NONE',  ( 0.09156800734651385221, -0.02096818176992452931, -0.01867101149142505120 ) ) ;
#5337 = VECTOR ( 'NONE', #6052, 1000.000000000000000 ) ;
#5338 = SURFACE_STYLE_FILL_AREA ( #2841 ) ;
#5339 = SURFACE_SIDE_STYLE ('',( #1817 ) ) ;
#5340 =( LENGTH_UNIT ( ) NAMED_UNIT ( * ) SI_UNIT ( .MILLI., .METRE. ) );
#5341 = VECTOR ( 'NONE', #6463, 1000.000000000000114 ) ;
#5342 = CARTESIAN_POINT ( 'NONE',  ( -0.06186390716204870355, -0.1089786315022287927, -0.02867101149142507743 ) ) ;
#5343 = CARTESIAN_POINT ( 'NONE',  ( 0.1487829996335011673, -0.06272690737187656962, -0.02867101149142507743 ) ) ;
#5344 = AXIS2_PLACEMENT_3D ( 'NONE', #5307, #6667, #7337 ) ;
#5345 = FILL_AREA_STYLE ('',( #1333 ) ) ;
#5346 = DIRECTION ( 'NONE',  ( 1.000000000000000000, 0.0000000000000000000, -0.0000000000000000000 ) ) ;
#5347 = DIRECTION ( 'NONE',  ( -0.9315776194850603487, 0.3635424856527062487, 1.269301804533071462E-15 ) ) ;
#5348 = SURFACE_STYLE_FILL_AREA ( #2607 ) ;
#5349 = LINE ( 'NONE', #3455, #6702 ) ;
#5350 = EDGE_LOOP ( 'NONE', ( #251, #937, #7829, #6997 ) ) ;
#5351 = CARTESIAN_POINT ( 'NONE',  ( 0.09647117655678458248, -0.1010372627702059850, -0.02867101149142507743 ) ) ;
#5352 =( NAMED_UNIT ( * ) SI_UNIT ( $, .STERADIAN. ) SOLID_ANGLE_UNIT ( ) );
#5353 = DIRECTION ( 'NONE',  ( -1.000000000000000000, 0.0000000000000000000, 0.0000000000000000000 ) ) ;
#5354 = ORIENTED_EDGE ( 'NONE', *, *, #7703, .T. ) ;
#5355 = EDGE_CURVE ( 'NONE', #5661, #1883, #7677, .T. ) ;
#5356 = DIRECTION ( 'NONE',  ( 1.972152263052529514E-31, -1.000000000000000000, -3.491481338843133355E-15 ) ) ;
#5357 = DIRECTION ( 'NONE',  ( 0.0000000000000000000, -1.000000000000000000, -3.491481338843133355E-15 ) ) ;
#5358 = STYLED_ITEM ( 'NONE', ( #8246 ), #2225 ) ;
#5359 = EDGE_LOOP ( 'NONE', ( #7081, #5275, #4563, #1451 ) ) ;
#5360 = DIRECTION ( 'NONE',  ( 1.000000000000000000, 0.0000000000000000000, 0.0000000000000000000 ) ) ;
#5361 = ORIENTED_EDGE ( 'NONE', *, *, #1138, .T. ) ;
#5362 = EDGE_LOOP ( 'NONE', ( #487, #6236, #8085, #4232, #2695 ) ) ;
#5363 = DIRECTION ( 'NONE',  ( 0.0000000000000000000, -1.000000000000000000, -3.491481338843133355E-15 ) ) ;
#5364 = CARTESIAN_POINT ( 'NONE',  ( 0.1070384634791412964, -0.1119449774401439501, -0.01867101149142489855 ) ) ;
#5365 =( LENGTH_UNIT ( ) NAMED_UNIT ( * ) SI_UNIT ( .MILLI., .METRE. ) );
#5366 =( NAMED_UNIT ( * ) PLANE_ANGLE_UNIT ( ) SI_UNIT ( $, .RADIAN. ) );
#5367 = ORIENTED_EDGE ( 'NONE', *, *, #2527, .F. ) ;
#5368 = DIRECTION ( 'NONE',  ( 0.0000000000000000000, 3.491481338843133355E-15, -1.000000000000000000 ) ) ;
#5369 = EDGE_CURVE ( 'NONE', #5950, #1764, #4762, .T. ) ;
#5370 =( LENGTH_UNIT ( ) NAMED_UNIT ( * ) SI_UNIT ( .MILLI., .METRE. ) );
#5371 = ORIENTED_EDGE ( 'NONE', *, *, #8316, .T. ) ;
#5372 = COLOUR_RGB ( '',1.000000000000000000, 1.000000000000000000, 1.000000000000000000 ) ;
#5373 =( GEOMETRIC_REPRESENTATION_CONTEXT ( 3 ) GLOBAL_UNCERTAINTY_ASSIGNED_CONTEXT ( ( #2811 ) ) GLOBAL_UNIT_ASSIGNED_CONTEXT ( ( #6592, #2721, #5932 ) ) REPRESENTATION_CONTEXT ( 'NONE', 'WORKASPACE' ) );
#5374 = VECTOR ( 'NONE', #5860, 1000.000000000000000 ) ;
#5375 = DIRECTION ( 'NONE',  ( -1.000000000000000000, 0.0000000000000000000, 0.0000000000000000000 ) ) ;
#5376 = CARTESIAN_POINT ( 'NONE',  ( -1.399999999999999689, -2.313471845651430048, 1.246328988508567326 ) ) ;
#5377 = VECTOR ( 'NONE', #5956, 1000.000000000000000 ) ;
#5378 = FILL_AREA_STYLE ('',( #128 ) ) ;
#5379 = SURFACE_SIDE_STYLE ('',( #4423 ) ) ;
#5380 = SURFACE_STYLE_USAGE ( .BOTH. , #4712 ) ;
#5381 = ORIENTED_EDGE ( 'NONE', *, *, #5267, .F. ) ;
#5382 = DIRECTION ( 'NONE',  ( 0.0000000000000000000, -1.000000000000000000, -3.491481338843133355E-15 ) ) ;
#5383 = CYLINDRICAL_SURFACE ( 'NONE', #7792, 0.04999999999999991257 ) ;
#5384 = ADVANCED_FACE ( 'NONE', ( #704 ), #250, .F. ) ;
#5385 = FILL_AREA_STYLE ('',( #2004 ) ) ;
#5386 = DIRECTION ( 'NONE',  ( 1.000000000000000000, 0.0000000000000000000, 0.0000000000000000000 ) ) ;
#5387 = CARTESIAN_POINT ( 'NONE',  ( -1.500000000000000222, -2.313471845651435377, 2.646328988508567459 ) ) ;
#5388 = EDGE_CURVE ( 'NONE', #4996, #5052, #6842, .T. ) ;
#5389 = STYLED_ITEM ( 'NONE', ( #7477 ), #7964 ) ;
#5390 = ORIENTED_EDGE ( 'NONE', *, *, #868, .T. ) ;
#5391 = CARTESIAN_POINT ( 'NONE',  ( -1.400000000000000133, -2.213471845651434844, 2.646328988508567903 ) ) ;
#5392 = FACE_OUTER_BOUND ( 'NONE', #2290, .T. ) ;
#5393 = VECTOR ( 'NONE', #7984, 1000.000000000000000 ) ;
#5394 = CARTESIAN_POINT ( 'NONE',  ( -2.948179295342850725, -1.383471845651430332, 1.177033865392921985 ) ) ;
#5395 = FACE_OUTER_BOUND ( 'NONE', #5265, .T. ) ;
#5396 = CARTESIAN_POINT ( 'NONE',  ( 2.098518552703152906, -1.383471845651435439, 2.681321192064204606 ) ) ;
#5397 = DIRECTION ( 'NONE',  ( 1.000000000000000000, 1.211350928885222147E-29, -3.469446951953611033E-15 ) ) ;
#5398 = EDGE_LOOP ( 'NONE', ( #3166, #2567, #3879, #158 ) ) ;
#5399 = CARTESIAN_POINT ( 'NONE',  ( 0.09781120085301335532, -0.02059657200602295346, -0.02867101149142507743 ) ) ;
#5400 = CYLINDRICAL_SURFACE ( 'NONE', #3474, 0.09999999999999982514 ) ;
#5401 = PRESENTATION_STYLE_ASSIGNMENT (( #1741 ) ) ;
#5402 =( NAMED_UNIT ( * ) PLANE_ANGLE_UNIT ( ) SI_UNIT ( $, .RADIAN. ) );
#5403 = AXIS2_PLACEMENT_3D ( 'NONE', #252, #8453, #4476 ) ;
#5404 = CARTESIAN_POINT ( 'NONE',  ( 0.07518876808212754392, -0.01326125792098457185, -0.01867101149142505120 ) ) ;
#5405 = UNCERTAINTY_MEASURE_WITH_UNIT (LENGTH_MEASURE( 1.000000000000000082E-05 ), #4412, 'distance_accuracy_value', 'NONE');
#5406 =( GEOMETRIC_REPRESENTATION_CONTEXT ( 3 ) GLOBAL_UNCERTAINTY_ASSIGNED_CONTEXT ( ( #1142 ) ) GLOBAL_UNIT_ASSIGNED_CONTEXT ( ( #914, #5767, #8422 ) ) REPRESENTATION_CONTEXT ( 'NONE', 'WORKASPACE' ) );
#5407 = CARTESIAN_POINT ( 'NONE',  ( -1.399999999999999689, -2.213471845651430403, 1.246328988508567548 ) ) ;
#5408 = DIRECTION ( 'NONE',  ( 1.000000000000000000, 0.0000000000000000000, 0.0000000000000000000 ) ) ;
#5409 = ORIENTED_EDGE ( 'NONE', *, *, #4377, .F. ) ;
#5410 = FACE_OUTER_BOUND ( 'NONE', #1749, .T. ) ;
#5411 = CARTESIAN_POINT ( 'NONE',  ( -0.1336484028055229811, -0.07181608420114513058, -0.01867101149142505120 ) ) ;
#5412 = CARTESIAN_POINT ( 'NONE',  ( -2.098518552703154683, -1.283471845651435572, 2.731321192064205317 ) ) ;
#5413 = CARTESIAN_POINT ( 'NONE',  ( 3.499999999999999112, -1.283471845651437571, 3.321328988508570834 ) ) ;
#5414 = CIRCLE ( 'NONE', #3502, 0.05000000000000000971 ) ;
#5415 = MECHANICAL_DESIGN_GEOMETRIC_PRESENTATION_REPRESENTATION (  '', ( #3796 ), #2469 ) ;
#5416 = CARTESIAN_POINT ( 'NONE',  ( 0.07439275573106231276, -0.1056575476157792098, -0.01867101149142505120 ) ) ;
#5417 = CARTESIAN_POINT ( 'NONE',  ( -0.08742097336376605798, -0.09327324795648331279, -0.01867101149142505120 ) ) ;
#5418 = CLOSED_SHELL ( 'NONE', ( #3122, #3522, #6210, #7469, #4778, #2861, #547, #5769, #4554, #2104 ) ) ;
#5419 = DIRECTION ( 'NONE',  ( 0.0000000000000000000, -1.000000000000000000, -3.491481338843133355E-15 ) ) ;
#5420 = LINE ( 'NONE', #1633, #4804 ) ;
#5421 = ORIENTED_EDGE ( 'NONE', *, *, #7051, .F. ) ;
#5422 = CARTESIAN_POINT ( 'NONE',  ( -2.098518552703154683, -1.333471845651429843, 1.127033865392921719 ) ) ;
#5423 = EDGE_CURVE ( 'NONE', #5950, #6933, #4971, .T. ) ;
#5424 = CARTESIAN_POINT ( 'NONE',  ( 0.08679190315449254733, -0.1105021790706833679, -0.02867101149142507743 ) ) ;
#5425 = AXIS2_PLACEMENT_3D ( 'NONE', #1218, #1245, #735 ) ;
#5426 = DIRECTION ( 'NONE',  ( -1.972152263052529514E-31, -1.000000000000000000, -3.491481338843133750E-15 ) ) ;
#5427 = ADVANCED_FACE ( 'NONE', ( #5886 ), #2899, .F. ) ;
#5428 = B_SPLINE_CURVE_WITH_KNOTS ( 'NONE', 3,
 ( #2522, #3160, #7832, #3851, #2883, #3993, #3336 ),
 .UNSPECIFIED., .F., .F.,
 ( 4, 1, 1, 1, 4 ),
 ( 0.0000000000000000000, 0.3005748677701881033, 0.5683474126119796299, 0.8000111549537606281, 1.000000000000000000 ),
 .UNSPECIFIED. ) ;
#5429 =( NAMED_UNIT ( * ) PLANE_ANGLE_UNIT ( ) SI_UNIT ( $, .RADIAN. ) );
#5430 = LINE ( 'NONE', #7348, #7612 ) ;
#5431 = VERTEX_POINT ( 'NONE', #8276 ) ;
#5432 = CARTESIAN_POINT ( 'NONE',  ( -1.825000000000001066, 0.6865281543485739491, -0.02867101149142160799 ) ) ;
#5433 = FILL_AREA_STYLE_COLOUR ( '', #4890 ) ;
#5434 = CARTESIAN_POINT ( 'NONE',  ( 3.500000000000000000, -1.083471845651437615, 3.321328988508571278 ) ) ;
#5435 = CIRCLE ( 'NONE', #4018, 0.05000000000000000278 ) ;
#5436 = CARTESIAN_POINT ( 'NONE',  ( 0.1432532846799481063, -0.03644305402520416765, -0.02867101149142507743 ) ) ;
#5437 = CARTESIAN_POINT ( 'NONE',  ( 0.08266386215758098066, -0.02305725956629854981, -0.01867101149142505120 ) ) ;
#5438 = AXIS2_PLACEMENT_3D ( 'NONE', #1867, #7180, #3874 ) ;
#5439 = PRESENTATION_STYLE_ASSIGNMENT (( #5618 ) ) ;
#5440 = EDGE_LOOP ( 'NONE', ( #4200, #4167, #3609, #4929 ) ) ;
#5441 = EDGE_CURVE ( 'NONE', #5831, #5555, #2076, .T. ) ;
#5442 = EDGE_LOOP ( 'NONE', ( #3466, #8468, #2392, #6422 ) ) ;
#5443 = SURFACE_STYLE_FILL_AREA ( #3314 ) ;
#5444 = DIRECTION ( 'NONE',  ( -2.556755734074619058E-16, 3.491481338843133355E-15, -1.000000000000000000 ) ) ;
#5445 = FILL_AREA_STYLE_COLOUR ( '', #5218 ) ;
#5446 = CARTESIAN_POINT ( 'NONE',  ( -0.09866058159799939720, -0.05422543764653096898, -0.01867101149142505120 ) ) ;
#5447 = FACE_OUTER_BOUND ( 'NONE', #3099, .T. ) ;
#5448 = EDGE_LOOP ( 'NONE', ( #1711, #788, #8288, #7725 ) ) ;
#5449 = DIRECTION ( 'NONE',  ( 5.102127870520024926E-16, -3.491481338843133355E-15, 1.000000000000000000 ) ) ;
#5450 = LINE ( 'NONE', #6520, #8455 ) ;
#5451 = EDGE_LOOP ( 'NONE', ( #1061, #2163, #7458, #3778 ) ) ;
#5452 = CARTESIAN_POINT ( 'NONE',  ( 0.04146592646276945487, -0.06571852322553514703, -0.02867101149142507743 ) ) ;
#5453 = UNCERTAINTY_MEASURE_WITH_UNIT (LENGTH_MEASURE( 1.000000000000000082E-05 ), #537, 'distance_accuracy_value', 'NONE');
#5454 = AXIS2_PLACEMENT_3D ( 'NONE', #4064, #6792, #7336 ) ;
#5455 = FILL_AREA_STYLE ('',( #2762 ) ) ;
#5456 = PRESENTATION_LAYER_ASSIGNMENT (  '', '', ( #3786 ) ) ;
#5457 = VECTOR ( 'NONE', #7571, 1000.000000000000000 ) ;
#5458 = CARTESIAN_POINT ( 'NONE',  ( -0.07190219590742186195, -0.02908112712596755065, -0.02867101149142507743 ) ) ;
#5459 = CARTESIAN_POINT ( 'NONE',  ( -2.750000000000000000, -1.083471845651426069, -0.02867101149142854688 ) ) ;
#5460 = ORIENTED_EDGE ( 'NONE', *, *, #4268, .T. ) ;
#5461 = DIRECTION ( 'NONE',  ( -1.261823884255441284E-30, -1.000000000000000000, -3.491481338843133355E-15 ) ) ;
#5462 = SURFACE_STYLE_USAGE ( .BOTH. , #4800 ) ;
#5463 = DIRECTION ( 'NONE',  ( -1.000000000000000000, -1.261823884255441459E-30, 3.614007241618349757E-16 ) ) ;
#5464 = CARTESIAN_POINT ( 'NONE',  ( -0.1573145613421085831, -0.01084047444504729341, -0.02867101149142507743 ) ) ;
#5465 = DIRECTION ( 'NONE',  ( 0.0000000000000000000, -3.491481338843133355E-15, 1.000000000000000000 ) ) ;
#5466 =( GEOMETRIC_REPRESENTATION_CONTEXT ( 3 ) GLOBAL_UNCERTAINTY_ASSIGNED_CONTEXT ( ( #3237 ) ) GLOBAL_UNIT_ASSIGNED_CONTEXT ( ( #6841, #8178, #4871 ) ) REPRESENTATION_CONTEXT ( 'NONE', 'WORKASPACE' ) );
#5467 = ORIENTED_EDGE ( 'NONE', *, *, #5639, .F. ) ;
#5468 = CARTESIAN_POINT ( 'NONE',  ( 0.1487392668223337933, -0.06078141415572077544, -0.02867101149142507743 ) ) ;
#5469 = CARTESIAN_POINT ( 'NONE',  ( -2.799999999999999822, -1.083471845651426069, -0.02867101149142854688 ) ) ;
#5470 = MECHANICAL_DESIGN_GEOMETRIC_PRESENTATION_REPRESENTATION (  '', ( #2517 ), #3683 ) ;
#5471 = DIRECTION ( 'NONE',  ( 2.891205793294678326E-16, 3.491481338843133355E-15, -1.000000000000000000 ) ) ;
#5472 = ADVANCED_FACE ( 'NONE', ( #2570 ), #3649, .F. ) ;
#5473 = VERTEX_POINT ( 'NONE', #7624 ) ;
#5474 = UNCERTAINTY_MEASURE_WITH_UNIT (LENGTH_MEASURE( 1.000000000000000082E-05 ), #3692, 'distance_accuracy_value', 'NONE');
#5475 = EDGE_CURVE ( 'NONE', #3803, #8603, #2673, .T. ) ;
#5476 = CARTESIAN_POINT ( 'NONE',  ( -2.750000000000000000, -1.083471845651426513, 0.1713289885085715336 ) ) ;
#5477 = VERTEX_POINT ( 'NONE', #2410 ) ;
#5478 = EDGE_LOOP ( 'NONE', ( #611, #7094, #8206, #4624 ) ) ;
#5479 = SURFACE_SIDE_STYLE ('',( #344 ) ) ;
#5480 = EDGE_CURVE ( 'NONE', #3713, #8515, #7766, .T. ) ;
#5481 = SURFACE_STYLE_USAGE ( .BOTH. , #828 ) ;
#5482 = SURFACE_STYLE_USAGE ( .BOTH. , #3399 ) ;
#5483 = PRESENTATION_LAYER_ASSIGNMENT (  '', '', ( #5034 ) ) ;
#5484 = CYLINDRICAL_SURFACE ( 'NONE', #6850, 0.2000000000000000944 ) ;
#5485 = DIRECTION ( 'NONE',  ( 1.000000000000000000, 0.0000000000000000000, 0.0000000000000000000 ) ) ;
#5486 = VERTEX_POINT ( 'NONE', #331 ) ;
#5487 = PRESENTATION_STYLE_ASSIGNMENT (( #8131 ) ) ;
#5488 = FACE_OUTER_BOUND ( 'NONE', #7052, .T. ) ;
#5489 = CARTESIAN_POINT ( 'NONE',  ( -0.07941803085778807725, -0.03669069164647818793, -0.02867101149142507743 ) ) ;
#5490 = ORIENTED_EDGE ( 'NONE', *, *, #4695, .T. ) ;
#5491 = CARTESIAN_POINT ( 'NONE',  ( 0.09781120085301335532, -0.02059657200602295346, -0.02867101149142507743 ) ) ;
#5492 = EDGE_CURVE ( 'NONE', #3687, #3622, #2474, .T. ) ;
#5493 = SURFACE_STYLE_USAGE ( .BOTH. , #7604 ) ;
#5494 = CARTESIAN_POINT ( 'NONE',  ( 2.098518552703152906, -1.383471845651435661, 2.731321192064204872 ) ) ;
#5495 = ORIENTED_EDGE ( 'NONE', *, *, #5081, .F. ) ;
#5496 = LINE ( 'NONE', #355, #5276 ) ;
#5497 = CARTESIAN_POINT ( 'NONE',  ( -0.1336484028055232032, -0.07181608420114490854, -0.02867101149142507743 ) ) ;
#5498 = CARTESIAN_POINT ( 'NONE',  ( 0.1129074540456534020, -0.02334056336705542939, -0.02867101149142507743 ) ) ;
#5499 =( NAMED_UNIT ( * ) PLANE_ANGLE_UNIT ( ) SI_UNIT ( $, .RADIAN. ) );
#5500 = CARTESIAN_POINT ( 'NONE',  ( -3.149999999999996803, -1.083471845651428511, 0.7213289885085720776 ) ) ;
#5501 = PLANE ( 'NONE',  #4797 ) ;
#5502 = DIRECTION ( 'NONE',  ( 0.0000000000000000000, -1.000000000000000000, -3.491481338843133355E-15 ) ) ;
#5503 = VERTEX_POINT ( 'NONE', #422 ) ;
#5504 =( NAMED_UNIT ( * ) SI_UNIT ( $, .STERADIAN. ) SOLID_ANGLE_UNIT ( ) );
#5505 = EDGE_CURVE ( 'NONE', #7687, #384, #2785, .T. ) ;
#5506 = STYLED_ITEM ( 'NONE', ( #1661 ), #1490 ) ;
#5507 = CARTESIAN_POINT ( 'NONE',  ( -3.650000000000001243, -0.7834718456514262463, -0.02867101149142724584 ) ) ;
#5508 = MECHANICAL_DESIGN_GEOMETRIC_PRESENTATION_REPRESENTATION (  '', ( #5768 ), #8233 ) ;
#5509 = ORIENTED_EDGE ( 'NONE', *, *, #3938, .F. ) ;
#5510 = VECTOR ( 'NONE', #6886, 1000.000000000000000 ) ;
#5511 = SURFACE_STYLE_FILL_AREA ( #1145 ) ;
#5512 = CARTESIAN_POINT ( 'NONE',  ( 0.08342524190655641048, -0.1096166941145463175, -0.02867101149142507743 ) ) ;
#5513 = CARTESIAN_POINT ( 'NONE',  ( -0.09045449526895553427, -0.08930949181369818302, -0.01867101149142528019 ) ) ;
#5514 = CARTESIAN_POINT ( 'NONE',  ( -0.07722420950645908500, -0.03384398356338371577, -0.01867101149142505120 ) ) ;
#5515 = PRESENTATION_STYLE_ASSIGNMENT (( #2566 ) ) ;
#5516 = CARTESIAN_POINT ( 'NONE',  ( -0.04787720965909820353, -0.02184538177238360898, -0.02867101149142507743 ) ) ;
#5517 = FILL_AREA_STYLE ('',( #7488 ) ) ;
#5518 = ADVANCED_FACE ( 'NONE', ( #7664 ), #2383, .F. ) ;
#5519 = AXIS2_PLACEMENT_3D ( 'NONE', #6284, #2325, #4765 ) ;
#5520 = LINE ( 'NONE', #2288, #2315 ) ;
#5521 =( NAMED_UNIT ( * ) SI_UNIT ( $, .STERADIAN. ) SOLID_ANGLE_UNIT ( ) );
#5522 = FILL_AREA_STYLE ('',( #7428 ) ) ;
#5523 = AXIS2_PLACEMENT_3D ( 'NONE', #3611, #940, #5742 ) ;
#5524 = CARTESIAN_POINT ( 'NONE',  ( -1.499999999999999778, -2.313471845651430048, 1.246328988508567326 ) ) ;
#5525 = SURFACE_STYLE_FILL_AREA ( #474 ) ;
#5526 = ORIENTED_EDGE ( 'NONE', *, *, #6270, .F. ) ;
#5527 = CARTESIAN_POINT ( 'NONE',  ( -3.149999999999995914, 1.186528154348563957, 2.921328988508580249 ) ) ;
#5528 = CARTESIAN_POINT ( 'NONE',  ( -2.549999999999997158, -1.083471845651428511, 0.7213289885085720776 ) ) ;
#5529 = VECTOR ( 'NONE', #4155, 1000.000000000000000 ) ;
#5530 = FILL_AREA_STYLE ('',( #3985 ) ) ;
#5531 = LINE ( 'NONE', #2255, #5934 ) ;
#5532 = EDGE_CURVE ( 'NONE', #3844, #8313, #1120, .T. ) ;
#5533 = VECTOR ( 'NONE', #1522, 1000.000000000000000 ) ;
#5534 = DIRECTION ( 'NONE',  ( 0.0000000000000000000, -1.000000000000000000, -3.491481338843133355E-15 ) ) ;
#5535 = PRESENTATION_STYLE_ASSIGNMENT (( #1015 ) ) ;
#5536 = VERTEX_POINT ( 'NONE', #5670 ) ;
#5537 = CARTESIAN_POINT ( 'NONE',  ( -0.09045695162819106239, -0.03118708691756452017, -0.01867101149142505120 ) ) ;
#5538 = CIRCLE ( 'NONE', #7268, 0.2000000000000000944 ) ;
#5539 = CARTESIAN_POINT ( 'NONE',  ( -0.07955853273418211913, -0.08355865638112269789, -0.02867101149142507743 ) ) ;
#5540 = CARTESIAN_POINT ( 'NONE',  ( 0.05488056060911092326, -0.1108404744450473406, -0.02867101149142507743 ) ) ;
#5541 = CARTESIAN_POINT ( 'NONE',  ( 1.600000000000001199, 1.186528154348573949, -0.02867101149142074062 ) ) ;
#5542 = LINE ( 'NONE', #2466, #2233 ) ;
#5543 = CARTESIAN_POINT ( 'NONE',  ( 0.001222024023745052739, -0.1108404744450473406, -0.02867101149142507743 ) ) ;
#5544 = EDGE_CURVE ( 'NONE', #2533, #6962, #7137, .T. ) ;
#5545 = EDGE_LOOP ( 'NONE', ( #259, #4043, #3699, #1311 ) ) ;
#5546 = CARTESIAN_POINT ( 'NONE',  ( -0.06681659732748487790, -0.1074195557637465243, -0.02867101149142507743 ) ) ;
#5547 = ORIENTED_EDGE ( 'NONE', *, *, #463, .F. ) ;
#5548 = MECHANICAL_DESIGN_GEOMETRIC_PRESENTATION_REPRESENTATION (  '', ( #4942 ), #5373 ) ;
#5549 = DIRECTION ( 'NONE',  ( -1.084202172485504631E-15, 3.491481338843133355E-15, -1.000000000000000000 ) ) ;
#5550 = FILL_AREA_STYLE ('',( #7376 ) ) ;
#5551 = SURFACE_STYLE_FILL_AREA ( #3575 ) ;
#5552 = CARTESIAN_POINT ( 'NONE',  ( -0.06227161976484717892, -0.01263038659809860575, -0.02867101149142507743 ) ) ;
#5553 = ORIENTED_EDGE ( 'NONE', *, *, #5328, .T. ) ;
#5554 = ORIENTED_EDGE ( 'NONE', *, *, #2819, .T. ) ;
#5555 = VERTEX_POINT ( 'NONE', #7738 ) ;
#5556 = DIRECTION ( 'NONE',  ( 1.000000000000000000, 0.0000000000000000000, -0.0000000000000000000 ) ) ;
#5557 = AXIS2_PLACEMENT_3D ( 'NONE', #8602, #6558, #4621 ) ;
#5558 = EDGE_CURVE ( 'NONE', #2246, #6915, #1865, .T. ) ;
#5559 = VECTOR ( 'NONE', #4098, 1000.000000000000000 ) ;
#5560 = VECTOR ( 'NONE', #2476, 1000.000000000000000 ) ;
#5561 = CARTESIAN_POINT ( 'NONE',  ( -0.1494287031545386835, -0.02697194092945564420, -0.02867101149142507743 ) ) ;
#5562 =( NAMED_UNIT ( * ) PLANE_ANGLE_UNIT ( ) SI_UNIT ( $, .RADIAN. ) );
#5563 = UNCERTAINTY_MEASURE_WITH_UNIT (LENGTH_MEASURE( 1.000000000000000082E-05 ), #1497, 'distance_accuracy_value', 'NONE');
#5564 = CARTESIAN_POINT ( 'NONE',  ( -1.803784506222428252, 1.186528154348562181, 3.321328988508568170 ) ) ;
#5565 = CARTESIAN_POINT ( 'NONE',  ( -2.998179295342850992, -1.383471845651435439, 2.681321192064204606 ) ) ;
#5566 = EDGE_LOOP ( 'NONE', ( #8394, #882, #5885, #5741 ) ) ;
#5567 = PRESENTATION_LAYER_ASSIGNMENT (  '', '', ( #669 ) ) ;
#5568 = CARTESIAN_POINT ( 'NONE',  ( 2.977468617224194425, -1.383471845651435661, 2.710610513945550526 ) ) ;
#5569 =( GEOMETRIC_REPRESENTATION_CONTEXT ( 3 ) GLOBAL_UNCERTAINTY_ASSIGNED_CONTEXT ( ( #5234 ) ) GLOBAL_UNIT_ASSIGNED_CONTEXT ( ( #1808, #362, #5723 ) ) REPRESENTATION_CONTEXT ( 'NONE', 'WORKASPACE' ) );
#5570 = VERTEX_POINT ( 'NONE', #448 ) ;
#5571 = DIRECTION ( 'NONE',  ( 1.000000000000000000, 0.0000000000000000000, 0.0000000000000000000 ) ) ;
#5572 = LINE ( 'NONE', #675, #3288 ) ;
#5573 = EDGE_LOOP ( 'NONE', ( #4777, #7270, #8293, #6898 ) ) ;
#5574 = FILL_AREA_STYLE_COLOUR ( '', #226 ) ;
#5575 = ORIENTED_EDGE ( 'NONE', *, *, #927, .F. ) ;
#5576 = CARTESIAN_POINT ( 'NONE',  ( 0.09781120085301320266, -0.02059657200602317204, -0.01867101149142505120 ) ) ;
#5577 = EDGE_LOOP ( 'NONE', ( #274, #709, #8289 ) ) ;
#5578 = MECHANICAL_DESIGN_GEOMETRIC_PRESENTATION_REPRESENTATION (  '', ( #7188 ), #8525 ) ;
#5579 = ORIENTED_EDGE ( 'NONE', *, *, #886, .T. ) ;
#5580 = UNCERTAINTY_MEASURE_WITH_UNIT (LENGTH_MEASURE( 1.000000000000000082E-05 ), #7023, 'distance_accuracy_value', 'NONE');
#5581 = SURFACE_STYLE_USAGE ( .BOTH. , #939 ) ;
#5582 = CARTESIAN_POINT ( 'NONE',  ( 0.1487829996335011673, -0.06272690737187656962, -0.02867101149142507743 ) ) ;
#5583 = AXIS2_PLACEMENT_3D ( 'NONE', #1467, #3334, #4053 ) ;
#5584 = ORIENTED_EDGE ( 'NONE', *, *, #6870, .T. ) ;
#5585 = ORIENTED_EDGE ( 'NONE', *, *, #3586, .F. ) ;
#5586 = FACE_OUTER_BOUND ( 'NONE', #3178, .T. ) ;
#5587 = SURFACE_STYLE_USAGE ( .BOTH. , #3590 ) ;
#5588 = FILL_AREA_STYLE ('',( #1728 ) ) ;
#5589 = EDGE_CURVE ( 'NONE', #6516, #1513, #7983, .T. ) ;
#5590 = ORIENTED_EDGE ( 'NONE', *, *, #5968, .T. ) ;
#5591 = CARTESIAN_POINT ( 'NONE',  ( -1.803784506222429140, 1.186528154348561737, 3.521328988508579894 ) ) ;
#5592 =( GEOMETRIC_REPRESENTATION_CONTEXT ( 3 ) GLOBAL_UNCERTAINTY_ASSIGNED_CONTEXT ( ( #7975 ) ) GLOBAL_UNIT_ASSIGNED_CONTEXT ( ( #2989, #8252, #2904 ) ) REPRESENTATION_CONTEXT ( 'NONE', 'WORKASPACE' ) );
#5593 = COLOUR_RGB ( '',1.000000000000000000, 1.000000000000000000, 1.000000000000000000 ) ;
#5594 = DIRECTION ( 'NONE',  ( -1.000000000000000000, 0.0000000000000000000, 0.0000000000000000000 ) ) ;
#5595 = FACE_OUTER_BOUND ( 'NONE', #8411, .T. ) ;
#5596 = ORIENTED_EDGE ( 'NONE', *, *, #8478, .F. ) ;
#5597 = CARTESIAN_POINT ( 'NONE',  ( -1.600000000000000311, 1.186528154348573949, -0.02867101149141987326 ) ) ;
#5598 = ORIENTED_EDGE ( 'NONE', *, *, #4199, .T. ) ;
#5599 = ADVANCED_FACE ( 'NONE', ( #3615 ), #5225, .F. ) ;
#5600 = CARTESIAN_POINT ( 'NONE',  ( -0.1302756893908890434, -0.08279169395724260416, -0.01867101149142505120 ) ) ;
#5601 = EDGE_LOOP ( 'NONE', ( #2881, #3373, #5554, #7713, #8470, #7987, #1203, #928 ) ) ;
#5602 = FILL_AREA_STYLE_COLOUR ( '', #437 ) ;
#5603 = STYLED_ITEM ( 'NONE', ( #7807 ), #4335 ) ;
#5604 = DIRECTION ( 'NONE',  ( 1.000000000000000000, -2.168404344971012812E-15, 0.0000000000000000000 ) ) ;
#5605 = CARTESIAN_POINT ( 'NONE',  ( -0.01829017109820614898, -0.01084047444504729341, -0.02867101149142507743 ) ) ;
#5606 = ORIENTED_EDGE ( 'NONE', *, *, #4175, .F. ) ;
#5607 = FACE_OUTER_BOUND ( 'NONE', #5939, .T. ) ;
#5608 = LINE ( 'NONE', #8573, #103 ) ;
#5609 = CARTESIAN_POINT ( 'NONE',  ( 3.499999999999999556, 0.6865281543485639570, 2.921328988508577584 ) ) ;
#5610 = CARTESIAN_POINT ( 'NONE',  ( 1.500000000000000222, -2.213471845651429959, 1.146328988508567903 ) ) ;
#5611 = CARTESIAN_POINT ( 'NONE',  ( 0.1181285655554905889, -0.01316959703675070828, -0.02867101149142507743 ) ) ;
#5612 = CARTESIAN_POINT ( 'NONE',  ( -0.1487214630836126983, -0.02959248092106983585, -0.02867101149142507743 ) ) ;
#5613 = ORIENTED_EDGE ( 'NONE', *, *, #4320, .T. ) ;
#5614 = EDGE_CURVE ( 'NONE', #6104, #5555, #78, .T. ) ;
#5615 = VECTOR ( 'NONE', #689, 1000.000000000000000 ) ;
#5616 = VECTOR ( 'NONE', #8514, 1000.000000000000000 ) ;
#5617 = CARTESIAN_POINT ( 'NONE',  ( 0.07439275573106213235, -0.1056575476157790017, -0.02867101149142507743 ) ) ;
#5618 = SURFACE_STYLE_USAGE ( .BOTH. , #8242 ) ;
#5619 = CARTESIAN_POINT ( 'NONE',  ( 0.1340652882662969614, -0.07433372249660441522, -0.02867101149142507743 ) ) ;
#5620 = EDGE_CURVE ( 'NONE', #5151, #5003, #1669, .T. ) ;
#5621 = DIRECTION ( 'NONE',  ( -1.000000000000000000, 0.0000000000000000000, 0.0000000000000000000 ) ) ;
#5622 = PRESENTATION_LAYER_ASSIGNMENT (  '', '', ( #5768 ) ) ;
#5623 = VECTOR ( 'NONE', #8477, 1000.000000000000000 ) ;
#5624 = DIRECTION ( 'NONE',  ( -0.0000000000000000000, 1.000000000000000000, 3.491481338843134539E-15 ) ) ;
#5625 = PRESENTATION_STYLE_ASSIGNMENT (( #926 ) ) ;
#5626 = CARTESIAN_POINT ( 'NONE',  ( -0.08393007814851027870, -0.09690710295282836673, -0.02867101149142507743 ) ) ;
#5627 = CARTESIAN_POINT ( 'NONE',  ( -0.08007034935969851996, -0.1001597405641434790, -0.02867101149142507743 ) ) ;
#5628 = COLOUR_RGB ( '',0.7764705882352941346, 0.7568627450980391913, 0.7372549019607843590 ) ;
#5629 = CARTESIAN_POINT ( 'NONE',  ( 3.450000000000000622, -1.283471845651435572, 2.746076259633627004 ) ) ;
#5630 = UNCERTAINTY_MEASURE_WITH_UNIT (LENGTH_MEASURE( 1.000000000000000082E-05 ), #5365, 'distance_accuracy_value', 'NONE');
#5631 = PRESENTATION_LAYER_ASSIGNMENT (  '', '', ( #5022 ) ) ;
#5632 = EDGE_LOOP ( 'NONE', ( #663, #8578, #4919, #3483 ) ) ;
#5633 = DIRECTION ( 'NONE',  ( -1.000000000000000000, -8.926864933501709942E-31, 2.556755734074619058E-16 ) ) ;
#5634 = AXIS2_PLACEMENT_3D ( 'NONE', #6960, #8257, #3546 ) ;
#5635 = CARTESIAN_POINT ( 'NONE',  ( 0.1416728091516727128, -0.09125089246717305036, -0.01867101149142505120 ) ) ;
#5636 = DIRECTION ( 'NONE',  ( -1.000000000000000000, -0.0000000000000000000, 0.0000000000000000000 ) ) ;
#5637 = EDGE_CURVE ( 'NONE', #2779, #5477, #3196, .T. ) ;
#5638 = ORIENTED_EDGE ( 'NONE', *, *, #2819, .F. ) ;
#5639 = EDGE_CURVE ( 'NONE', #6505, #5668, #6611, .T. ) ;
#5640 = FACE_OUTER_BOUND ( 'NONE', #4041, .T. ) ;
#5641 = ADVANCED_FACE ( 'NONE', ( #6312 ), #3176, .F. ) ;
#5642 = STYLED_ITEM ( 'NONE', ( #4187 ), #2270 ) ;
#5643 = VECTOR ( 'NONE', #811, 1000.000000000000000 ) ;
#5644 = CARTESIAN_POINT ( 'NONE',  ( -3.499999999999999556, 1.186528154348563957, 2.921328988508580249 ) ) ;
#5645 = CARTESIAN_POINT ( 'NONE',  ( 1.599999999999999867, -1.283471845651430021, 1.096328988508570301 ) ) ;
#5646 = VECTOR ( 'NONE', #2895, 1000.000000000000000 ) ;
#5647 = ORIENTED_EDGE ( 'NONE', *, *, #2297, .F. ) ;
#5648 = DIRECTION ( 'NONE',  ( 1.972152263052529514E-31, 1.000000000000000000, 3.491481338843133355E-15 ) ) ;
#5649 = DIRECTION ( 'NONE',  ( -1.000000000000000000, 0.0000000000000000000, -0.0000000000000000000 ) ) ;
#5650 = DIRECTION ( 'NONE',  ( 0.0000000000000000000, 1.000000000000000000, 3.491481338843133355E-15 ) ) ;
#5651 = DIRECTION ( 'NONE',  ( 0.0000000000000000000, -1.000000000000000000, -3.491481338843133355E-15 ) ) ;
#5652 = EDGE_CURVE ( 'NONE', #7968, #2565, #7445, .T. ) ;
#5653 = CARTESIAN_POINT ( 'NONE',  ( -3.299999999999999378, 0.6865281543485621807, 3.321328988508577940 ) ) ;
#5654 = MECHANICAL_DESIGN_GEOMETRIC_PRESENTATION_REPRESENTATION (  '', ( #6377 ), #6648 ) ;
#5655 = ORIENTED_EDGE ( 'NONE', *, *, #7482, .F. ) ;
#5656 = FILL_AREA_STYLE_COLOUR ( '', #35 ) ;
#5657 = CARTESIAN_POINT ( 'NONE',  ( 1.149999999999999911, -0.1834718456514242702, -0.5286710114914259240 ) ) ;
#5658 = DIRECTION ( 'NONE',  ( 1.000000000000000000, 1.376535146460480779E-30, -3.942553354492742545E-16 ) ) ;
#5659 = CARTESIAN_POINT ( 'NONE',  ( 0.1019079996335010146, -0.1120599866401695982, -0.01867101149142505120 ) ) ;
#5660 = FACE_BOUND ( 'NONE', #4538, .T. ) ;
#5661 = VERTEX_POINT ( 'NONE', #8481 ) ;
#5662 = CARTESIAN_POINT ( 'NONE',  ( 0.1360844012691325988, -0.09857639640505826140, -0.02867101149142507743 ) ) ;
#5663 = EDGE_CURVE ( 'NONE', #6395, #4888, #6190, .T. ) ;
#5664 = AXIS2_PLACEMENT_3D ( 'NONE', #3035, #8480, #6313 ) ;
#5665 = ORIENTED_EDGE ( 'NONE', *, *, #7427, .F. ) ;
#5666 = FILL_AREA_STYLE ('',( #8297 ) ) ;
#5667 = DIRECTION ( 'NONE',  ( -0.6791802464692819896, -2.562647866832227990E-15, 0.7339715204324520625 ) ) ;
#5668 = VERTEX_POINT ( 'NONE', #4047 ) ;
#5669 = DIRECTION ( 'NONE',  ( 0.0000000000000000000, 1.000000000000000000, 4.304632968207263259E-15 ) ) ;
#5670 = CARTESIAN_POINT ( 'NONE',  ( -0.04548148207381575575, -0.1108404744450475488, -0.01867101149142505120 ) ) ;
#5671 = UNCERTAINTY_MEASURE_WITH_UNIT (LENGTH_MEASURE( 1.000000000000000082E-05 ), #6486, 'distance_accuracy_value', 'NONE');
#5672 = EDGE_CURVE ( 'NONE', #1008, #2810, #4737, .T. ) ;
#5673 = VERTEX_POINT ( 'NONE', #8 ) ;
#5674 = PRESENTATION_LAYER_ASSIGNMENT (  '', '', ( #5283 ) ) ;
#5675 =( NAMED_UNIT ( * ) SI_UNIT ( $, .STERADIAN. ) SOLID_ANGLE_UNIT ( ) );
#5676 = ORIENTED_EDGE ( 'NONE', *, *, #1941, .F. ) ;
#5677 = ORIENTED_EDGE ( 'NONE', *, *, #1205, .T. ) ;
#5678 =( GEOMETRIC_REPRESENTATION_CONTEXT ( 3 ) GLOBAL_UNCERTAINTY_ASSIGNED_CONTEXT ( ( #4487 ) ) GLOBAL_UNIT_ASSIGNED_CONTEXT ( ( #5370, #1452, #2614 ) ) REPRESENTATION_CONTEXT ( 'NONE', 'WORKASPACE' ) );
#5679 = CARTESIAN_POINT ( 'NONE',  ( 0.09032195178578993067, -0.1112138206455929035, -0.01867101149142505120 ) ) ;
#5680 = ADVANCED_FACE ( 'NONE', ( #6399, #5054 ), #4619, .T. ) ;
#5681 =( LENGTH_UNIT ( ) NAMED_UNIT ( * ) SI_UNIT ( .MILLI., .METRE. ) );
#5682 = CARTESIAN_POINT ( 'NONE',  ( 0.1573195849993548334, -0.1108404744450473406, -0.02867101149142507743 ) ) ;
#5683 = CARTESIAN_POINT ( 'NONE',  ( -1.150000000000000133, -0.1834718456514231599, -0.8286710114914245251 ) ) ;
#5684 = ORIENTED_EDGE ( 'NONE', *, *, #1779, .F. ) ;
#5685 = ORIENTED_EDGE ( 'NONE', *, *, #3885, .F. ) ;
#5686 = ORIENTED_EDGE ( 'NONE', *, *, #7842, .T. ) ;
#5687 = VECTOR ( 'NONE', #890, 1000.000000000000000 ) ;
#5688 = CARTESIAN_POINT ( 'NONE',  ( 0.1486904542437758325, -0.06808518077571629190, -0.01867101149142505120 ) ) ;
#5689 = LINE ( 'NONE', #7326, #397 ) ;
#5690 = STYLED_ITEM ( 'NONE', ( #817 ), #1931 ) ;
#5691 = PLANE ( 'NONE',  #4744 ) ;
#5692 = STYLED_ITEM ( 'NONE', ( #6885 ), #7294 ) ;
#5693 = ORIENTED_EDGE ( 'NONE', *, *, #4054, .F. ) ;
#5694 = LINE ( 'NONE', #4201, #6216 ) ;
#5695 =( LENGTH_UNIT ( ) NAMED_UNIT ( * ) SI_UNIT ( .MILLI., .METRE. ) );
#5696 = DIRECTION ( 'NONE',  ( 0.0000000000000000000, 4.304632968207263259E-15, -1.000000000000000000 ) ) ;
#5697 = EDGE_CURVE ( 'NONE', #3622, #7980, #3802, .T. ) ;
#5698 = CARTESIAN_POINT ( 'NONE',  ( -2.750000000000000000, -1.083471845651426291, 0.02132898850857171957 ) ) ;
#5699 = ORIENTED_EDGE ( 'NONE', *, *, #6896, .T. ) ;
#5700 = COLOUR_RGB ( '',0.7764705882352941346, 0.7568627450980391913, 0.7372549019607843590 ) ;
#5701 = FILL_AREA_STYLE ('',( #6429 ) ) ;
#5702 = LINE ( 'NONE', #1986, #414 ) ;
#5703 = DIRECTION ( 'NONE',  ( 4.701977403289154411E-31, -3.491481338843133355E-15, 1.000000000000000000 ) ) ;
#5704 = PLANE ( 'NONE',  #3359 ) ;
#5705 = DIRECTION ( 'NONE',  ( 1.000000000000000000, 4.588450488201605226E-31, -1.314184451497581752E-16 ) ) ;
#5706 = VERTEX_POINT ( 'NONE', #1393 ) ;
#5707 = DIRECTION ( 'NONE',  ( -0.7339715204324520625, -2.371345156258378148E-15, 0.6791802464692819896 ) ) ;
#5708 = VECTOR ( 'NONE', #406, 1000.000000000000000 ) ;
#5709 = VECTOR ( 'NONE', #480, 1000.000000000000000 ) ;
#5710 = FILL_AREA_STYLE ('',( #1742 ) ) ;
#5711 = CARTESIAN_POINT ( 'NONE',  ( -3.300000000000000711, -1.283471845651438459, 3.521328988508570568 ) ) ;
#5712 = UNCERTAINTY_MEASURE_WITH_UNIT (LENGTH_MEASURE( 1.000000000000000082E-05 ), #3038, 'distance_accuracy_value', 'NONE');
#5713 = CARTESIAN_POINT ( 'NONE',  ( -1.400000000000000133, -1.083471845651435395, 2.646328988508571900 ) ) ;
#5714 = EDGE_CURVE ( 'NONE', #5750, #4464, #5572, .T. ) ;
#5715 = CARTESIAN_POINT ( 'NONE',  ( -0.1715866650006451499, -0.08279169395724239600, -0.02867101149142507743 ) ) ;
#5716 = LINE ( 'NONE', #2096, #1600 ) ;
#5717 = CARTESIAN_POINT ( 'NONE',  ( 0.1291588774609376267, -0.1045191384941317053, -0.02867101149142507743 ) ) ;
#5718 =( NAMED_UNIT ( * ) SI_UNIT ( $, .STERADIAN. ) SOLID_ANGLE_UNIT ( ) );
#5719 = ORIENTED_EDGE ( 'NONE', *, *, #5263, .T. ) ;
#5720 = SURFACE_SIDE_STYLE ('',( #5525 ) ) ;
#5721 = EDGE_CURVE ( 'NONE', #7693, #4198, #2063, .T. ) ;
#5722 = CIRCLE ( 'NONE', #2775, 0.09999999999999982514 ) ;
#5723 =( NAMED_UNIT ( * ) SI_UNIT ( $, .STERADIAN. ) SOLID_ANGLE_UNIT ( ) );
#5724 = STYLED_ITEM ( 'NONE', ( #8090 ), #5641 ) ;
#5725 = DIRECTION ( 'NONE',  ( 0.0000000000000000000, 3.491481338843133355E-15, -1.000000000000000000 ) ) ;
#5726 = FACE_OUTER_BOUND ( 'NONE', #2140, .T. ) ;
#5727 = ORIENTED_EDGE ( 'NONE', *, *, #5721, .F. ) ;
#5728 = SURFACE_STYLE_USAGE ( .BOTH. , #3735 ) ;
#5729 = SURFACE_STYLE_USAGE ( .BOTH. , #8458 ) ;
#5730 = FILL_AREA_STYLE_COLOUR ( '', #7295 ) ;
#5731 =( LENGTH_UNIT ( ) NAMED_UNIT ( * ) SI_UNIT ( .MILLI., .METRE. ) );
#5732 = LINE ( 'NONE', #2339, #8039 ) ;
#5733 =( NAMED_UNIT ( * ) SI_UNIT ( $, .STERADIAN. ) SOLID_ANGLE_UNIT ( ) );
#5734 = STYLED_ITEM ( 'NONE', ( #1632 ), #6734 ) ;
#5735 = EDGE_LOOP ( 'NONE', ( #4870, #3613, #4634, #1966 ) ) ;
#5736 = SURFACE_STYLE_USAGE ( .BOTH. , #8366 ) ;
#5737 = ORIENTED_EDGE ( 'NONE', *, *, #5355, .T. ) ;
#5738 = CARTESIAN_POINT ( 'NONE',  ( -1.400000000000000133, -1.083471845651434950, 2.546328988508571367 ) ) ;
#5739 = VECTOR ( 'NONE', #3521, 1000.000000000000000 ) ;
#5740 = EDGE_CURVE ( 'NONE', #5040, #769, #7026, .T. ) ;
#5741 = ORIENTED_EDGE ( 'NONE', *, *, #1823, .F. ) ;
#5742 = DIRECTION ( 'NONE',  ( 0.0000000000000000000, -3.523657060577889411E-15, 1.000000000000000000 ) ) ;
#5743 = ORIENTED_EDGE ( 'NONE', *, *, #3448, .F. ) ;
#5744 = MECHANICAL_DESIGN_GEOMETRIC_PRESENTATION_REPRESENTATION (  '', ( #6635 ), #980 ) ;
#5745 = CARTESIAN_POINT ( 'NONE',  ( -1.600000000000000311, -1.283471845651430021, 1.096328988508570301 ) ) ;
#5746 = CARTESIAN_POINT ( 'NONE',  ( -0.05866266272536763832, -0.09845496844593368269, -0.02867101149142507743 ) ) ;
#5747 =( NAMED_UNIT ( * ) SI_UNIT ( $, .STERADIAN. ) SOLID_ANGLE_UNIT ( ) );
#5748 = LINE ( 'NONE', #2600, #2147 ) ;
#5749 = CARTESIAN_POINT ( 'NONE',  ( -0.1573145613421085831, -0.01084047444504729341, -0.02867101149142507743 ) ) ;
#5750 = VERTEX_POINT ( 'NONE', #730 ) ;
#5751 = CARTESIAN_POINT ( 'NONE',  ( -3.299999999999998934, -1.083471845651438281, 3.521328988508571900 ) ) ;
#5752 = STYLED_ITEM ( 'NONE', ( #8534 ), #3724 ) ;
#5753 = CARTESIAN_POINT ( 'NONE',  ( -0.1504929150006451277, -0.02303559639626681643, -0.02867101149142507743 ) ) ;
#5754 = SURFACE_STYLE_USAGE ( .BOTH. , #3045 ) ;
#5755 = PRESENTATION_STYLE_ASSIGNMENT (( #2729 ) ) ;
#5756 = DIRECTION ( 'NONE',  ( -8.673617379884039416E-16, -4.358843076831534536E-15, 1.000000000000000000 ) ) ;
#5757 = CARTESIAN_POINT ( 'NONE',  ( -0.06923044404382885930, -0.09400206482763386051, -0.02867101149142507743 ) ) ;
#5758 = ORIENTED_EDGE ( 'NONE', *, *, #7989, .T. ) ;
#5759 =( LENGTH_UNIT ( ) NAMED_UNIT ( * ) SI_UNIT ( .MILLI., .METRE. ) );
#5760 = EDGE_LOOP ( 'NONE', ( #438, #4880, #347, #5467 ) ) ;
#5761 = EDGE_LOOP ( 'NONE', ( #5579, #4503, #8522, #1017 ) ) ;
#5762 = ADVANCED_FACE ( 'NONE', ( #2271 ), #1300, .F. ) ;
#5763 = VECTOR ( 'NONE', #2773, 1000.000000000000000 ) ;
#5764 = VERTEX_POINT ( 'NONE', #5957 ) ;
#5765 = EDGE_CURVE ( 'NONE', #7230, #4653, #269, .T. ) ;
#5766 = PRODUCT_RELATED_PRODUCT_CATEGORY ( 'part', '', ( #3884 ) ) ;
#5767 =( NAMED_UNIT ( * ) PLANE_ANGLE_UNIT ( ) SI_UNIT ( $, .RADIAN. ) );
#5768 = STYLED_ITEM ( 'NONE', ( #5401 ), #4874 ) ;
#5769 = ADVANCED_FACE ( 'NONE', ( #903 ), #6490, .T. ) ;
#5770 = EDGE_LOOP ( 'NONE', ( #4253, #8292, #3887, #373 ) ) ;
#5771 = UNCERTAINTY_MEASURE_WITH_UNIT (LENGTH_MEASURE( 1.000000000000000082E-05 ), #87, 'distance_accuracy_value', 'NONE');
#5772 = PLANE ( 'NONE',  #4683 ) ;
#5773 =( NAMED_UNIT ( * ) PLANE_ANGLE_UNIT ( ) SI_UNIT ( $, .RADIAN. ) );
#5774 = ORIENTED_EDGE ( 'NONE', *, *, #300, .T. ) ;
#5775 = FILL_AREA_STYLE ('',( #7851 ) ) ;
#5776 = COLOUR_RGB ( '',1.000000000000000000, 1.000000000000000000, 1.000000000000000000 ) ;
#5777 = VECTOR ( 'NONE', #1033, 1000.000000000000000 ) ;
#5778 = CARTESIAN_POINT ( 'NONE',  ( 0.09449297777412428434, -0.009645567699954719909, -0.02867101149142464375 ) ) ;
#5779 = AXIS2_PLACEMENT_3D ( 'NONE', #504, #7974, #6018 ) ;
#5780 =( GEOMETRIC_REPRESENTATION_CONTEXT ( 3 ) GLOBAL_UNCERTAINTY_ASSIGNED_CONTEXT ( ( #5405 ) ) GLOBAL_UNIT_ASSIGNED_CONTEXT ( ( #4412, #6968, #436 ) ) REPRESENTATION_CONTEXT ( 'NONE', 'WORKASPACE' ) );
#5781 = ORIENTED_EDGE ( 'NONE', *, *, #4311, .T. ) ;
#5782 = DIRECTION ( 'NONE',  ( 4.625929269271485322E-15, 3.491481338843133355E-15, -1.000000000000000000 ) ) ;
#5783 = PRESENTATION_STYLE_ASSIGNMENT (( #5587 ) ) ;
#5784 = PRESENTATION_STYLE_ASSIGNMENT (( #3367 ) ) ;
#5785 =( LENGTH_UNIT ( ) NAMED_UNIT ( * ) SI_UNIT ( .MILLI., .METRE. ) );
#5786 = CARTESIAN_POINT ( 'NONE',  ( -0.05194982235448247776, -0.01096174392138230154, -0.01867101149142621000 ) ) ;
#5787 = PLANE ( 'NONE',  #70 ) ;
#5788 = CARTESIAN_POINT ( 'NONE',  ( -3.500000000000000888, -1.283471845651437571, 3.321328988508570834 ) ) ;
#5789 = CARTESIAN_POINT ( 'NONE',  ( 0.1211202072715752698, -0.1087796627090064500, -0.01867101149142489855 ) ) ;
#5790 = COLOUR_RGB ( '',1.000000000000000000, 1.000000000000000000, 1.000000000000000000 ) ;
#5791 = DIRECTION ( 'NONE',  ( 0.0000000000000000000, -3.491481338843133355E-15, 1.000000000000000000 ) ) ;
#5792 = EDGE_CURVE ( 'NONE', #1453, #3273, #4955, .T. ) ;
#5793 = VERTEX_POINT ( 'NONE', #5528 ) ;
#5794 = COLOUR_RGB ( '',0.7764705882352941346, 0.7568627450980391913, 0.7372549019607843590 ) ;
#5795 = PRESENTATION_STYLE_ASSIGNMENT (( #7128 ) ) ;
#5796 =( GEOMETRIC_REPRESENTATION_CONTEXT ( 3 ) GLOBAL_UNCERTAINTY_ASSIGNED_CONTEXT ( ( #5580 ) ) GLOBAL_UNIT_ASSIGNED_CONTEXT ( ( #7023, #4379, #3052 ) ) REPRESENTATION_CONTEXT ( 'NONE', 'WORKASPACE' ) );
#5797 = DIRECTION ( 'NONE',  ( 0.0000000000000000000, -1.000000000000000000, -3.491481338843133355E-15 ) ) ;
#5798 = LINE ( 'NONE', #8548, #2800 ) ;
#5799 = SURFACE_SIDE_STYLE ('',( #3293 ) ) ;
#5800 = FILL_AREA_STYLE ('',( #4336 ) ) ;
#5801 = ORIENTED_EDGE ( 'NONE', *, *, #6661, .T. ) ;
#5802 = VECTOR ( 'NONE', #1793, 1000.000000000000000 ) ;
#5803 = PRESENTATION_STYLE_ASSIGNMENT (( #988 ) ) ;
#5804 = DIRECTION ( 'NONE',  ( 0.0000000000000000000, 1.000000000000000000, 4.304632968207263259E-15 ) ) ;
#5805 = EDGE_CURVE ( 'NONE', #5750, #7038, #2698, .T. ) ;
#5806 = CARTESIAN_POINT ( 'NONE',  ( -0.08536334182991352215, -0.05986867566455970902, -0.01867101149142505120 ) ) ;
#5807 = CARTESIAN_POINT ( 'NONE',  ( 0.1222635831905930781, -0.02911430498580788034, -0.02867101149142507743 ) ) ;
#5808 = PRESENTATION_LAYER_ASSIGNMENT (  '', '', ( #4942 ) ) ;
#5809 = VECTOR ( 'NONE', #4836, 1000.000000000000000 ) ;
#5810 = DIRECTION ( 'NONE',  ( 1.000000000000000000, 0.0000000000000000000, 0.0000000000000000000 ) ) ;
#5811 = VERTEX_POINT ( 'NONE', #209 ) ;
#5812 = ADVANCED_FACE ( 'NONE', ( #2869 ), #5242, .F. ) ;
#5813 = CIRCLE ( 'NONE', #5438, 0.2999999999999999334 ) ;
#5814 = CARTESIAN_POINT ( 'NONE',  ( 0.1352863447217638737, -0.06622516491098336122, -0.02867101149142507743 ) ) ;
#5815 = CARTESIAN_POINT ( 'NONE',  ( -0.09793258815309854870, -0.07057632915885439506, -0.02867101149142507743 ) ) ;
#5816 = ORIENTED_EDGE ( 'NONE', *, *, #8329, .T. ) ;
#5817 = VECTOR ( 'NONE', #5063, 1000.000000000000000 ) ;
#5818 = SURFACE_SIDE_STYLE ('',( #3108 ) ) ;
#5819 = CIRCLE ( 'NONE', #6793, 0.05000000000000000278 ) ;
#5820 = CARTESIAN_POINT ( 'NONE',  ( 3.849999999999999201, -1.083471845651428511, 0.4713289885085714670 ) ) ;
#5821 = DIRECTION ( 'NONE',  ( 1.000000000000000000, 0.0000000000000000000, 0.0000000000000000000 ) ) ;
#5822 = CARTESIAN_POINT ( 'NONE',  ( 0.1487829996335011673, -0.06272690737187661125, -0.01867101149142489855 ) ) ;
#5823 = EDGE_CURVE ( 'NONE', #2801, #603, #6834, .T. ) ;
#5824 = DIRECTION ( 'NONE',  ( 1.000000000000000000, 0.0000000000000000000, -0.0000000000000000000 ) ) ;
#5825 = MECHANICAL_DESIGN_GEOMETRIC_PRESENTATION_REPRESENTATION (  '', ( #4490 ), #6287 ) ;
#5826 = UNCERTAINTY_MEASURE_WITH_UNIT (LENGTH_MEASURE( 1.000000000000000082E-05 ), #3415, 'distance_accuracy_value', 'NONE');
#5827 = VERTEX_POINT ( 'NONE', #5500 ) ;
#5828 = LINE ( 'NONE', #5644, #7389 ) ;
#5829 = CARTESIAN_POINT ( 'NONE',  ( 0.08628289040913993124, -0.09952297187162299774, -0.01867101149142505120 ) ) ;
#5830 = CARTESIAN_POINT ( 'NONE',  ( -2.549999999999999822, 1.186528154348573949, -0.01867101149142071440 ) ) ;
#5831 = VERTEX_POINT ( 'NONE', #3418 ) ;
#5832 = VECTOR ( 'NONE', #4690, 1000.000000000000000 ) ;
#5833 = CARTESIAN_POINT ( 'NONE',  ( -0.08536334182991352215, -0.05986867566455970902, -0.01867101149142505120 ) ) ;
#5834 = EDGE_CURVE ( 'NONE', #1513, #5894, #5819, .T. ) ;
#5835 = PRESENTATION_STYLE_ASSIGNMENT (( #2752 ) ) ;
#5836 = SURFACE_SIDE_STYLE ('',( #4912 ) ) ;
#5837 = PRESENTATION_LAYER_ASSIGNMENT (  '', '', ( #614 ) ) ;
#5838 = LINE ( 'NONE', #6676, #1721 ) ;
#5839 = ORIENTED_EDGE ( 'NONE', *, *, #5162, .F. ) ;
#5840 = SURFACE_SIDE_STYLE ('',( #2791 ) ) ;
#5841 = STYLED_ITEM ( 'NONE', ( #6813 ), #6419 ) ;
#5842 = DIRECTION ( 'NONE',  ( 0.0000000000000000000, -1.000000000000000000, -3.491481338843133355E-15 ) ) ;
#5843 = PRESENTATION_STYLE_ASSIGNMENT (( #1464 ) ) ;
#5844 = LINE ( 'NONE', #5399, #5739 ) ;
#5845 = SURFACE_SIDE_STYLE ('',( #7689 ) ) ;
#5846 = ORIENTED_EDGE ( 'NONE', *, *, #6231, .T. ) ;
#5847 =( NAMED_UNIT ( * ) PLANE_ANGLE_UNIT ( ) SI_UNIT ( $, .RADIAN. ) );
#5848 = CARTESIAN_POINT ( 'NONE',  ( 0.1348200975289000625, -0.07039288676088661934, -0.01867101149142505120 ) ) ;
#5849 = VERTEX_POINT ( 'NONE', #3530 ) ;
#5850 = PRESENTATION_STYLE_ASSIGNMENT (( #3251 ) ) ;
#5851 = DIRECTION ( 'NONE',  ( -2.891205793294678326E-16, -3.491481338843133355E-15, 1.000000000000000000 ) ) ;
#5852 = AXIS2_PLACEMENT_3D ( 'NONE', #7735, #7034, #420 ) ;
#5853 =( LENGTH_UNIT ( ) NAMED_UNIT ( * ) SI_UNIT ( .MILLI., .METRE. ) );
#5854 = AXIS2_PLACEMENT_3D ( 'NONE', #652, #2722, #8072 ) ;
#5855 = DIRECTION ( 'NONE',  ( 1.000000000000000000, 0.0000000000000000000, 0.0000000000000000000 ) ) ;
#5856 = SURFACE_STYLE_FILL_AREA ( #3848 ) ;
#5857 = ORIENTED_EDGE ( 'NONE', *, *, #4574, .T. ) ;
#5858 = COLOUR_RGB ( '',0.7764705882352941346, 0.7568627450980391913, 0.7372549019607843590 ) ;
#5859 = ORIENTED_EDGE ( 'NONE', *, *, #15, .F. ) ;
#5860 = DIRECTION ( 'NONE',  ( -5.102127870520025912E-16, 3.491481338843133750E-15, -1.000000000000000000 ) ) ;
#5861 = DIRECTION ( 'NONE',  ( 0.0000000000000000000, 3.491481338843133355E-15, -1.000000000000000000 ) ) ;
#5862 = ADVANCED_FACE ( 'NONE', ( #5488 ), #1492, .F. ) ;
#5863 = EDGE_CURVE ( 'NONE', #4331, #6244, #8594, .T. ) ;
#5864 = EDGE_CURVE ( 'NONE', #102, #2662, #1099, .T. ) ;
#5865 = DIRECTION ( 'NONE',  ( 0.0000000000000000000, -1.000000000000000000, -3.491481338843133355E-15 ) ) ;
#5866 = PRESENTATION_LAYER_ASSIGNMENT (  '', '', ( #929 ) ) ;
#5867 = FACE_OUTER_BOUND ( 'NONE', #5632, .T. ) ;
#5868 = EDGE_LOOP ( 'NONE', ( #1440, #8454, #2760, #2984 ) ) ;
#5869 =( NAMED_UNIT ( * ) SI_UNIT ( $, .STERADIAN. ) SOLID_ANGLE_UNIT ( ) );
#5870 = CARTESIAN_POINT ( 'NONE',  ( 0.09295998837268326653, -0.1007164652753200496, -0.02867101149142507743 ) ) ;
#5871 = DIRECTION ( 'NONE',  ( 5.102127870520024926E-16, -3.491481338843133355E-15, 1.000000000000000000 ) ) ;
#5872 = CARTESIAN_POINT ( 'NONE',  ( -0.1504929150006451277, -0.02303559639626685113, -0.01867101149142505120 ) ) ;
#5873 = ORIENTED_EDGE ( 'NONE', *, *, #379, .F. ) ;
#5874 = CYLINDRICAL_SURFACE ( 'NONE', #2679, 0.2999999999999999334 ) ;
#5875 = ORIENTED_EDGE ( 'NONE', *, *, #8445, .F. ) ;
#5876 = PLANE ( 'NONE',  #5997 ) ;
#5877 = AXIS2_PLACEMENT_3D ( 'NONE', #7277, #2606, #2136 ) ;
#5878 =( NAMED_UNIT ( * ) SI_UNIT ( $, .STERADIAN. ) SOLID_ANGLE_UNIT ( ) );
#5879 = FILL_AREA_STYLE_COLOUR ( '', #6269 ) ;
#5880 = EDGE_CURVE ( 'NONE', #1836, #8008, #1439, .T. ) ;
#5881 = CARTESIAN_POINT ( 'NONE',  ( 1.399999999999999467, -2.313471845651435377, 2.646328988508567459 ) ) ;
#5882 = ORIENTED_EDGE ( 'NONE', *, *, #4333, .F. ) ;
#5883 = ORIENTED_EDGE ( 'NONE', *, *, #5423, .F. ) ;
#5884 =( NAMED_UNIT ( * ) SI_UNIT ( $, .STERADIAN. ) SOLID_ANGLE_UNIT ( ) );
#5885 = ORIENTED_EDGE ( 'NONE', *, *, #3266, .F. ) ;
#5886 = FACE_OUTER_BOUND ( 'NONE', #8214, .T. ) ;
#5887 = SURFACE_SIDE_STYLE ('',( #8157 ) ) ;
#5888 = PRESENTATION_STYLE_ASSIGNMENT (( #2609 ) ) ;
#5889 =( NAMED_UNIT ( * ) SI_UNIT ( $, .STERADIAN. ) SOLID_ANGLE_UNIT ( ) );
#5890 = EDGE_CURVE ( 'NONE', #6563, #2344, #6402, .T. ) ;
#5891 = LINE ( 'NONE', #6742, #4339 ) ;
#5892 = AXIS2_PLACEMENT_3D ( 'NONE', #6142, #4157, #2168 ) ;
#5893 = DIRECTION ( 'NONE',  ( -2.891205793294681383E-15, -1.000000000000000000, -3.491481338843133355E-15 ) ) ;
#5894 = VERTEX_POINT ( 'NONE', #5469 ) ;
#5895 =( GEOMETRIC_REPRESENTATION_CONTEXT ( 3 ) GLOBAL_UNCERTAINTY_ASSIGNED_CONTEXT ( ( #7203 ) ) GLOBAL_UNIT_ASSIGNED_CONTEXT ( ( #1364, #5986, #2678 ) ) REPRESENTATION_CONTEXT ( 'NONE', 'WORKASPACE' ) );
#5896 = VECTOR ( 'NONE', #3567, 1000.000000000000000 ) ;
#5897 = VECTOR ( 'NONE', #6292, 1000.000000000000000 ) ;
#5898 = SURFACE_STYLE_FILL_AREA ( #4027 ) ;
#5899 = DIRECTION ( 'NONE',  ( -1.000000000000000000, -0.0000000000000000000, 0.0000000000000000000 ) ) ;
#5900 = VECTOR ( 'NONE', #971, 1000.000000000000000 ) ;
#5901 = CARTESIAN_POINT ( 'NONE',  ( 0.1353683654871597197, -0.06190754761577908771, -0.01867101149142505120 ) ) ;
#5902 = CARTESIAN_POINT ( 'NONE',  ( -0.1504929150006451277, -0.02303559639626681643, -0.02867101149142507743 ) ) ;
#5903 = EDGE_LOOP ( 'NONE', ( #4332, #7173, #558, #3740 ) ) ;
#5904 = ADVANCED_FACE ( 'NONE', ( #1214 ), #878, .F. ) ;
#5905 = MECHANICAL_DESIGN_GEOMETRIC_PRESENTATION_REPRESENTATION (  '', ( #8456 ), #2968 ) ;
#5906 = MECHANICAL_DESIGN_GEOMETRIC_PRESENTATION_REPRESENTATION (  '', ( #1773 ), #1660 ) ;
#5907 = SURFACE_STYLE_USAGE ( .BOTH. , #5845 ) ;
#5908 = CARTESIAN_POINT ( 'NONE',  ( 0.1013443497691281781, -0.1010512763560587474, -0.01867101149142505120 ) ) ;
#5909 = DIRECTION ( 'NONE',  ( -1.000000000000000000, -0.0000000000000000000, 0.0000000000000000000 ) ) ;
#5910 = FILL_AREA_STYLE_COLOUR ( '', #1463 ) ;
#5911 = ORIENTED_EDGE ( 'NONE', *, *, #8187, .F. ) ;
#5912 = DIRECTION ( 'NONE',  ( -3.469446951953611428E-15, 3.491481338843134539E-15, -1.000000000000000000 ) ) ;
#5913 = DIRECTION ( 'NONE',  ( 0.0000000000000000000, -1.000000000000000000, -3.491481338843133355E-15 ) ) ;
#5914 = EDGE_CURVE ( 'NONE', #7852, #8607, #8183, .T. ) ;
#5915 = LINE ( 'NONE', #560, #4163 ) ;
#5916 =( LENGTH_UNIT ( ) NAMED_UNIT ( * ) SI_UNIT ( .MILLI., .METRE. ) );
#5917 = ORIENTED_EDGE ( 'NONE', *, *, #5863, .F. ) ;
#5918 = CARTESIAN_POINT ( 'NONE',  ( -3.550000000000001155, -1.083471845651427179, 0.4713289885085714670 ) ) ;
#5919 = CARTESIAN_POINT ( 'NONE',  ( -0.1506315846008844939, -0.02380433379336652916, -0.01867101149142505120 ) ) ;
#5920 = CARTESIAN_POINT ( 'NONE',  ( -0.07955853273418211913, -0.08355865638112291993, -0.01867101149142505120 ) ) ;
#5921 = VECTOR ( 'NONE', #1921, 1000.000000000000000 ) ;
#5922 = SURFACE_SIDE_STYLE ('',( #7899 ) ) ;
#5923 = EDGE_CURVE ( 'NONE', #74, #3394, #4233, .T. ) ;
#5924 = CARTESIAN_POINT ( 'NONE',  ( 0.09647117655678458248, -0.1010372627702059850, -0.02867101149142507743 ) ) ;
#5925 = CARTESIAN_POINT ( 'NONE',  ( -2.375000000000001332, 0.6865281543485739491, -0.02867101149142160799 ) ) ;
#5926 = STYLED_ITEM ( 'NONE', ( #5535 ), #3816 ) ;
#5927 = CARTESIAN_POINT ( 'NONE',  ( -3.550000000000001155, -1.083471845651427179, 0.4713289885085714670 ) ) ;
#5928 = LINE ( 'NONE', #4485, #8424 ) ;
#5929 = ORIENTED_EDGE ( 'NONE', *, *, #8587, .F. ) ;
#5930 = LINE ( 'NONE', #7479, #2420 ) ;
#5931 = CARTESIAN_POINT ( 'NONE',  ( 3.549999999999999822, -1.083471845651425181, -0.02867101149142854688 ) ) ;
#5932 =( NAMED_UNIT ( * ) SI_UNIT ( $, .STERADIAN. ) SOLID_ANGLE_UNIT ( ) );
#5933 = CARTESIAN_POINT ( 'NONE',  ( 0.1203977947281762440, -0.09516512494305781611, -0.01867101149142505120 ) ) ;
#5934 = VECTOR ( 'NONE', #6883, 1000.000000000000000 ) ;
#5935 = CARTESIAN_POINT ( 'NONE',  ( 0.1951244630481353548, -0.09986486468894985313, -0.02867101149142507743 ) ) ;
#5936 = UNCERTAINTY_MEASURE_WITH_UNIT (LENGTH_MEASURE( 1.000000000000000082E-05 ), #2397, 'distance_accuracy_value', 'NONE');
#5937 = CARTESIAN_POINT ( 'NONE',  ( 0.04146592646276942712, -0.06571852322553536907, -0.01867101149142505120 ) ) ;
#5938 = CARTESIAN_POINT ( 'NONE',  ( 1.449999999999999956, -0.1834718456514253526, -0.02867101149142551111 ) ) ;
#5939 = EDGE_LOOP ( 'NONE', ( #7129, #2890, #6161, #2964 ) ) ;
#5940 = EDGE_CURVE ( 'NONE', #7168, #8023, #4521, .T. ) ;
#5941 = CARTESIAN_POINT ( 'NONE',  ( -2.549999999999999822, -0.02181608420114499597, -0.01867101149142505120 ) ) ;
#5942 = MECHANICAL_DESIGN_GEOMETRIC_PRESENTATION_REPRESENTATION (  '', ( #5506 ), #7281 ) ;
#5943 = CARTESIAN_POINT ( 'NONE',  ( 1.400000000000000133, -1.083471845651430288, 1.246328988508571545 ) ) ;
#5944 = MECHANICAL_DESIGN_GEOMETRIC_PRESENTATION_REPRESENTATION (  '', ( #7777 ), #3113 ) ;
#5945 = CARTESIAN_POINT ( 'NONE',  ( -0.06888836375684881386, -0.02713501834494445181, -0.02867101149142507743 ) ) ;
#5946 = ADVANCED_FACE ( 'NONE', ( #1329 ), #6415, .F. ) ;
#5947 = CARTESIAN_POINT ( 'NONE',  ( -0.1520363601225961647, -0.03004779151821821565, -0.01867101149142505120 ) ) ;
#5948 = LINE ( 'NONE', #3218, #1399 ) ;
#5949 = VECTOR ( 'NONE', #188, 1000.000000000000000 ) ;
#5950 = VERTEX_POINT ( 'NONE', #4227 ) ;
#5951 = CARTESIAN_POINT ( 'NONE',  ( -1.399999999999999689, -2.313471845651430048, 1.146328988508567459 ) ) ;
#5952 = LINE ( 'NONE', #6514, #1078 ) ;
#5953 =( NAMED_UNIT ( * ) SI_UNIT ( $, .STERADIAN. ) SOLID_ANGLE_UNIT ( ) );
#5954 = PRESENTATION_LAYER_ASSIGNMENT (  '', '', ( #7015 ) ) ;
#5955 = PRESENTATION_STYLE_ASSIGNMENT (( #1689 ) ) ;
#5956 = DIRECTION ( 'NONE',  ( 1.000000000000000000, 0.0000000000000000000, 0.0000000000000000000 ) ) ;
#5957 = CARTESIAN_POINT ( 'NONE',  ( -3.500000000000000444, 0.6865281543485621807, 3.321328988508577496 ) ) ;
#5958 = AXIS2_PLACEMENT_3D ( 'NONE', #5407, #827, #4857 ) ;
#5960 = ORIENTED_EDGE ( 'NONE', *, *, #1670, .F. ) ;
#5959 = CARTESIAN_POINT ( 'NONE',  ( 1.399999999999999911, -2.213471845651432179, 1.746328988508567548 ) ) ;
#5961 = CARTESIAN_POINT ( 'NONE',  ( -0.1512534321230561418, -0.02716615095683092701, -0.02867101149142507743 ) ) ;
#5962 = DIRECTION ( 'NONE',  ( -1.000000000000000000, 0.0000000000000000000, -0.0000000000000000000 ) ) ;
#5963 = EDGE_LOOP ( 'NONE', ( #1662, #4523, #6355, #2788 ) ) ;
#5964 = VERTEX_POINT ( 'NONE', #470 ) ;
#5965 = VECTOR ( 'NONE', #3684, 1000.000000000000114 ) ;
#5966 = DIRECTION ( 'NONE',  ( 0.0000000000000000000, 3.491481338843133355E-15, -1.000000000000000000 ) ) ;
#5967 = CARTESIAN_POINT ( 'NONE',  ( -0.05194982235448247776, -0.01096174392138248195, -0.01867101149142505120 ) ) ;
#5968 = EDGE_CURVE ( 'NONE', #4969, #3631, #3083, .T. ) ;
#5969 = FACE_BOUND ( 'NONE', #1486, .T. ) ;
#5970 =( NAMED_UNIT ( * ) PLANE_ANGLE_UNIT ( ) SI_UNIT ( $, .RADIAN. ) );
#5971 = CIRCLE ( 'NONE', #6248, 0.2999999999999994893 ) ;
#5972 = AXIS2_PLACEMENT_3D ( 'NONE', #3491, #120, #2031 ) ;
#5973 = CARTESIAN_POINT ( 'NONE',  ( 3.549999999999999822, -1.083471845651427179, 0.4713289885085714670 ) ) ;
#5974 = DIRECTION ( 'NONE',  ( -1.294569758191647155E-16, -3.491481338843133750E-15, 1.000000000000000000 ) ) ;
#5975 = VECTOR ( 'NONE', #5624, 1000.000000000000000 ) ;
#5976 = CARTESIAN_POINT ( 'NONE',  ( -0.08477045157354148874, -0.05104144467277838687, -0.01867101149142505120 ) ) ;
#5977 = CIRCLE ( 'NONE', #5958, 0.1000000000000000472 ) ;
#5978 = ORIENTED_EDGE ( 'NONE', *, *, #5263, .F. ) ;
#5979 = EDGE_CURVE ( 'NONE', #2661, #3419, #3602, .T. ) ;
#5980 = CARTESIAN_POINT ( 'NONE',  ( 0.08496420043039601411, -0.01058764067194263407, -0.02867101149142507743 ) ) ;
#5981 = VERTEX_POINT ( 'NONE', #299 ) ;
#5982 =( GEOMETRIC_REPRESENTATION_CONTEXT ( 3 ) GLOBAL_UNCERTAINTY_ASSIGNED_CONTEXT ( ( #3866 ) ) GLOBAL_UNIT_ASSIGNED_CONTEXT ( ( #214, #799, #5504 ) ) REPRESENTATION_CONTEXT ( 'NONE', 'WORKASPACE' ) );
#5983 = ORIENTED_EDGE ( 'NONE', *, *, #5714, .T. ) ;
#5984 = EDGE_LOOP ( 'NONE', ( #6572, #655, #1216, #5547 ) ) ;
#5985 = CARTESIAN_POINT ( 'NONE',  ( 0.08955896549450173549, -0.1002336433438165142, -0.02867101149142507743 ) ) ;
#5986 =( NAMED_UNIT ( * ) PLANE_ANGLE_UNIT ( ) SI_UNIT ( $, .RADIAN. ) );
#5987 =( LENGTH_UNIT ( ) NAMED_UNIT ( * ) SI_UNIT ( .MILLI., .METRE. ) );
#5988 = ADVANCED_FACE ( 'NONE', ( #1964 ), #4426, .F. ) ;
#5989 = CARTESIAN_POINT ( 'NONE',  ( 0.08955896549450173549, -0.1002336433438165142, -0.02867101149142507743 ) ) ;
#5990 = PRESENTATION_LAYER_ASSIGNMENT (  '', '', ( #6666 ) ) ;
#5991 = ORIENTED_EDGE ( 'NONE', *, *, #3266, .T. ) ;
#5992 = EDGE_LOOP ( 'NONE', ( #5655, #1576, #1303, #5286 ) ) ;
#5993 = SURFACE_STYLE_USAGE ( .BOTH. , #2629 ) ;
#5994 = CARTESIAN_POINT ( 'NONE',  ( 0.07439275573106213235, -0.09468193785968151421, -0.02867101149142507743 ) ) ;
#5995 = EDGE_CURVE ( 'NONE', #5249, #7502, #1657, .T. ) ;
#5996 = VECTOR ( 'NONE', #2511, 999.9999999999998863 ) ;
#5997 = AXIS2_PLACEMENT_3D ( 'NONE', #1933, #1902, #6535 ) ;
#5998 = VECTOR ( 'NONE', #6752, 1000.000000000000000 ) ;
#5999 = DIRECTION ( 'NONE',  ( 0.0000000000000000000, 3.491481338843133355E-15, -1.000000000000000000 ) ) ;
#6000 = CARTESIAN_POINT ( 'NONE',  ( 0.1573195849993548889, -0.1108404744450475488, -0.01867101149142505120 ) ) ;
#6001 = CARTESIAN_POINT ( 'NONE',  ( 3.499999999999999556, 0.6865281543485621807, 3.321328988508577051 ) ) ;
#6002 = UNCERTAINTY_MEASURE_WITH_UNIT (LENGTH_MEASURE( 1.000000000000000082E-05 ), #3246, 'distance_accuracy_value', 'NONE');
#6003 = CARTESIAN_POINT ( 'NONE',  ( 1.400000000000000133, -2.313471845651430048, 1.246328988508567326 ) ) ;
#6004 = CARTESIAN_POINT ( 'NONE',  ( 0.1211202072715752698, -0.1087796627090064083, -0.02867101149142507743 ) ) ;
#6005 = CARTESIAN_POINT ( 'NONE',  ( 0.07439275573106213235, -0.09468193785968151421, -0.02867101149142507743 ) ) ;
#6006 = CLOSED_SHELL ( 'NONE', ( #1800, #2145, #5384, #7080, #7964, #3393 ) ) ;
#6007 = VECTOR ( 'NONE', #7887, 1000.000000000000000 ) ;
#6008 = EDGE_CURVE ( 'NONE', #8346, #169, #1552, .T. ) ;
#6009 = VECTOR ( 'NONE', #273, 1000.000000000000000 ) ;
#6010 = MECHANICAL_DESIGN_GEOMETRIC_PRESENTATION_REPRESENTATION (  '', ( #2616 ), #7513 ) ;
#6011 = ORIENTED_EDGE ( 'NONE', *, *, #4151, .T. ) ;
#6012 = SURFACE_STYLE_FILL_AREA ( #388 ) ;
#6013 = VECTOR ( 'NONE', #8385, 1000.000000000000000 ) ;
#6014 = CARTESIAN_POINT ( 'NONE',  ( -2.998179295342850992, -1.283471845651435572, 2.731321192064205317 ) ) ;
#6015 = CARTESIAN_POINT ( 'NONE',  ( 0.1479786965297628099, -0.05140538459981209424, -0.02867101149142507743 ) ) ;
#6016 = SURFACE_STYLE_FILL_AREA ( #7355 ) ;
#6017 = PLANE ( 'NONE',  #2406 ) ;
#6018 = DIRECTION ( 'NONE',  ( 0.0000000000000000000, 1.000000000000000000, 4.302927372051848089E-15 ) ) ;
#6019 = VERTEX_POINT ( 'NONE', #6253 ) ;
#6020 = PRESENTATION_LAYER_ASSIGNMENT (  '', '', ( #1718 ) ) ;
#6021 = MECHANICAL_DESIGN_GEOMETRIC_PRESENTATION_REPRESENTATION (  '', ( #4259 ), #7528 ) ;
#6022 = DIRECTION ( 'NONE',  ( -1.000000000000000000, -0.0000000000000000000, -0.0000000000000000000 ) ) ;
#6023 = PLANE ( 'NONE',  #363 ) ;
#6024 = SURFACE_STYLE_USAGE ( .BOTH. , #3425 ) ;
#6025 =( NAMED_UNIT ( * ) PLANE_ANGLE_UNIT ( ) SI_UNIT ( $, .RADIAN. ) );
#6026 = PLANE ( 'NONE',  #6121 ) ;
#6027 = DIRECTION ( 'NONE',  ( -1.000000000000000000, -0.0000000000000000000, 0.0000000000000000000 ) ) ;
#6028 = ORIENTED_EDGE ( 'NONE', *, *, #3163, .T. ) ;
#6029 = COLOUR_RGB ( '',1.000000000000000000, 1.000000000000000000, 1.000000000000000000 ) ;
#6030 = LINE ( 'NONE', #2435, #3951 ) ;
#6031 = DIRECTION ( 'NONE',  ( -0.0000000000000000000, 1.000000000000000000, 3.491481338843133355E-15 ) ) ;
#6032 = EDGE_CURVE ( 'NONE', #3183, #3044, #6711, .T. ) ;
#6033 = EDGE_CURVE ( 'NONE', #5254, #577, #4958, .T. ) ;
#6034 = CARTESIAN_POINT ( 'NONE',  ( 0.1438727488146064326, -0.08715958801036641224, -0.01867101149142489855 ) ) ;
#6035 = CARTESIAN_POINT ( 'NONE',  ( -2.549999999999999822, -0.01084047444504751025, -0.01867101149142505120 ) ) ;
#6036 = PRESENTATION_LAYER_ASSIGNMENT (  '', '', ( #7537 ) ) ;
#6037 = VERTEX_POINT ( 'NONE', #5582 ) ;
#6038 = CARTESIAN_POINT ( 'NONE',  ( -0.04787720965909820353, -0.02184538177238364368, -0.01867101149142505120 ) ) ;
#6039 = ADVANCED_FACE ( 'NONE', ( #8286 ), #1947, .F. ) ;
#6040 =( LENGTH_UNIT ( ) NAMED_UNIT ( * ) SI_UNIT ( .MILLI., .METRE. ) );
#6041 =( LENGTH_UNIT ( ) NAMED_UNIT ( * ) SI_UNIT ( .MILLI., .METRE. ) );
#6042 = CARTESIAN_POINT ( 'NONE',  ( 0.08496420043039601411, -0.01058764067194285091, -0.01867101149142505120 ) ) ;
#6043 = CARTESIAN_POINT ( 'NONE',  ( 2.375000000000000444, 1.476528154348572874, 0.1713289885085789166 ) ) ;
#6044 = DIRECTION ( 'NONE',  ( 0.3222024856061127540, -0.9466707760722534726, -3.305283348684419555E-15 ) ) ;
#6045 = VECTOR ( 'NONE', #6098, 1000.000000000000000 ) ;
#6046 = EDGE_LOOP ( 'NONE', ( #6957, #4120, #3870, #7199 ) ) ;
#6047 = CARTESIAN_POINT ( 'NONE',  ( 0.1032747766184220345, -0.009745457693345702804, -0.02867101149142464375 ) ) ;
#6048 = DIRECTION ( 'NONE',  ( 0.0000000000000000000, 3.491481338843133355E-15, -1.000000000000000000 ) ) ;
#6049 =( GEOMETRIC_REPRESENTATION_CONTEXT ( 3 ) GLOBAL_UNCERTAINTY_ASSIGNED_CONTEXT ( ( #8143 ) ) GLOBAL_UNIT_ASSIGNED_CONTEXT ( ( #8193, #218, #396 ) ) REPRESENTATION_CONTEXT ( 'NONE', 'WORKASPACE' ) );
#6050 = LINE ( 'NONE', #4675, #4383 ) ;
#6051 = ORIENTED_EDGE ( 'NONE', *, *, #163, .F. ) ;
#6052 = DIRECTION ( 'NONE',  ( -1.000000000000000000, 0.0000000000000000000, 0.0000000000000000000 ) ) ;
#6053 = DIRECTION ( 'NONE',  ( 0.0000000000000000000, -1.000000000000000000, -4.575683511328640156E-15 ) ) ;
#6054 =( LENGTH_UNIT ( ) NAMED_UNIT ( * ) SI_UNIT ( .MILLI., .METRE. ) );
#6055 = B_SPLINE_CURVE_WITH_KNOTS ( 'NONE', 3,
 ( #8102, #6718, #5351, #2751, #5989, #73, #3423, #681, #4085, #5322, #8130 ),
 .UNSPECIFIED., .F., .F.,
 ( 4, 1, 1, 1, 1, 1, 1, 1, 4 ),
 ( 0.0000000000000000000, 0.1352946047634291937, 0.2667656579247481008, 0.3948160188358729172, 0.5200516544342453917, 0.6421757029708216047, 0.7626518205584227328, 0.8818340043805041883, 0.9999999999999998890 ),
 .UNSPECIFIED. ) ;
#6056 = EDGE_CURVE ( 'NONE', #2061, #8363, #1044, .T. ) ;
#6057 = UNCERTAINTY_MEASURE_WITH_UNIT (LENGTH_MEASURE( 1.000000000000000082E-05 ), #375, 'distance_accuracy_value', 'NONE');
#6058 =( NAMED_UNIT ( * ) SI_UNIT ( $, .STERADIAN. ) SOLID_ANGLE_UNIT ( ) );
#6059 = MECHANICAL_DESIGN_GEOMETRIC_PRESENTATION_REPRESENTATION (  '', ( #3405 ), #3886 ) ;
#6060 = VERTEX_POINT ( 'NONE', #3262 ) ;
#6061 = CARTESIAN_POINT ( 'NONE',  ( 0.07722138216580494430, -0.1072188342422984025, -0.01867101149142505120 ) ) ;
#6062 = AXIS2_PLACEMENT_3D ( 'NONE', #3130, #459, #1843 ) ;
#6063 = VERTEX_POINT ( 'NONE', #7200 ) ;
#6064 = DIRECTION ( 'NONE',  ( -5.102127870520025912E-16, 3.491481338843133355E-15, -1.000000000000000000 ) ) ;
#6065 = CARTESIAN_POINT ( 'NONE',  ( -3.149999999999995914, 0.6865281543485639570, 2.921328988508578473 ) ) ;
#6066 = LINE ( 'NONE', #6347, #7100 ) ;
#6067 = ORIENTED_EDGE ( 'NONE', *, *, #2859, .F. ) ;
#6068 = CARTESIAN_POINT ( 'NONE',  ( 3.649999999999998579, -1.283471845651442234, 1.746328988508570657 ) ) ;
#6069 = VERTEX_POINT ( 'NONE', #498 ) ;
#6070 = STYLED_ITEM ( 'NONE', ( #6603 ), #1213 ) ;
#6071 = SURFACE_STYLE_USAGE ( .BOTH. , #2178 ) ;
#6072 = MECHANICAL_DESIGN_GEOMETRIC_PRESENTATION_REPRESENTATION (  '', ( #3963 ), #6965 ) ;
#6073 = CARTESIAN_POINT ( 'NONE',  ( -3.300000000000000711, -1.083471845651426069, -0.02867101149142854688 ) ) ;
#6074 = LINE ( 'NONE', #5396, #5559 ) ;
#6075 = ADVANCED_FACE ( 'NONE', ( #7020 ), #6442, .F. ) ;
#6076 = VECTOR ( 'NONE', #1696, 1000.000000000000000 ) ;
#6077 = ORIENTED_EDGE ( 'NONE', *, *, #7497, .F. ) ;
#6078 = EDGE_CURVE ( 'NONE', #5706, #7131, #7111, .T. ) ;
#6079 = CARTESIAN_POINT ( 'NONE',  ( -2.549999999999999822, -0.09986486468895007518, -0.01867101149142505120 ) ) ;
#6080 = DIRECTION ( 'NONE',  ( 3.942553354492742545E-16, -3.491481338843133355E-15, 1.000000000000000000 ) ) ;
#6081 =( NAMED_UNIT ( * ) PLANE_ANGLE_UNIT ( ) SI_UNIT ( $, .RADIAN. ) );
#6082 = EDGE_CURVE ( 'NONE', #761, #7980, #787, .T. ) ;
#6083 = CARTESIAN_POINT ( 'NONE',  ( -2.998179295342850992, -1.283471845651435572, 2.731321192064205317 ) ) ;
#6084 = CARTESIAN_POINT ( 'NONE',  ( 0.006100072804232897078, -0.05474291346943788161, -0.01867101149142505120 ) ) ;
#6085 = PRESENTATION_LAYER_ASSIGNMENT (  '', '', ( #6872 ) ) ;
#6086 = ORIENTED_EDGE ( 'NONE', *, *, #5834, .F. ) ;
#6087 = CARTESIAN_POINT ( 'NONE',  ( -1.499999999999999778, -2.213471845651430403, 1.246328988508567548 ) ) ;
#6089 = ADVANCED_FACE ( 'NONE', ( #8576 ), #2589, .F. ) ;
#6088 = PRESENTATION_STYLE_ASSIGNMENT (( #8475 ) ) ;
#6090 = VERTEX_POINT ( 'NONE', #7172 ) ;
#6091 = ORIENTED_EDGE ( 'NONE', *, *, #5059, .F. ) ;
#6092 = UNCERTAINTY_MEASURE_WITH_UNIT (LENGTH_MEASURE( 1.000000000000000082E-05 ), #3387, 'distance_accuracy_value', 'NONE');
#6093 = CARTESIAN_POINT ( 'NONE',  ( -3.550000000000001155, -1.083471845651425181, -0.02867101149142854688 ) ) ;
#6094 = CARTESIAN_POINT ( 'NONE',  ( 0.09032195178578993067, -0.1112138206455926953, -0.02867101149142507743 ) ) ;
#6095 =( NAMED_UNIT ( * ) SI_UNIT ( $, .STERADIAN. ) SOLID_ANGLE_UNIT ( ) );
#6096 = ORIENTED_EDGE ( 'NONE', *, *, #7675, .F. ) ;
#6097 = EDGE_CURVE ( 'NONE', #4191, #2066, #1955, .T. ) ;
#6098 = DIRECTION ( 'NONE',  ( -0.0000000000000000000, 1.000000000000000000, 3.491481338843133355E-15 ) ) ;
#6099 = ORIENTED_EDGE ( 'NONE', *, *, #3219, .T. ) ;
#6100 = DIRECTION ( 'NONE',  ( 0.0000000000000000000, 4.336808689942017736E-15, -1.000000000000000000 ) ) ;
#6101 = CARTESIAN_POINT ( 'NONE',  ( 1.600000000000001643, 1.186528154348567066, 1.839362977258474974 ) ) ;
#6102 = DIRECTION ( 'NONE',  ( 0.0000000000000000000, -1.000000000000000000, -3.491481338843133355E-15 ) ) ;
#6103 = CARTESIAN_POINT ( 'NONE',  ( 0.05488056060911092326, -0.01084047444504729341, -0.02867101149142507743 ) ) ;
#6104 = VERTEX_POINT ( 'NONE', #1201 ) ;
#6105 = SURFACE_SIDE_STYLE ('',( #5061 ) ) ;
#6106 =( NAMED_UNIT ( * ) SI_UNIT ( $, .STERADIAN. ) SOLID_ANGLE_UNIT ( ) );
#6107 = VECTOR ( 'NONE', #7290, 1000.000000000000000 ) ;
#6108 = DIRECTION ( 'NONE',  ( 0.0000000000000000000, -3.491481338843133355E-15, 1.000000000000000000 ) ) ;
#6109 = EDGE_CURVE ( 'NONE', #3137, #1140, #7278, .T. ) ;
#6110 = STYLED_ITEM ( 'NONE', ( #4345 ), #8430 ) ;
#6111 = ORIENTED_EDGE ( 'NONE', *, *, #7001, .F. ) ;
#6112 = CARTESIAN_POINT ( 'NONE',  ( -1.600000000000000533, -1.083471845651435617, 2.696328988508570834 ) ) ;
#6113 = VECTOR ( 'NONE', #1484, 1000.000000000000000 ) ;
#6114 = COLOUR_RGB ( '',1.000000000000000000, 1.000000000000000000, 1.000000000000000000 ) ;
#6115 =( NAMED_UNIT ( * ) PLANE_ANGLE_UNIT ( ) SI_UNIT ( $, .RADIAN. ) );
#6116 = DIRECTION ( 'NONE',  ( -0.0000000000000000000, 3.491481338843133355E-15, -1.000000000000000000 ) ) ;
#6117 = ORIENTED_EDGE ( 'NONE', *, *, #3308, .F. ) ;
#6118 = ADVANCED_FACE ( 'NONE', ( #4416 ), #5874, .T. ) ;
#6119 = LINE ( 'NONE', #6884, #310 ) ;
#6120 = DIRECTION ( 'NONE',  ( 0.0000000000000000000, -1.000000000000000000, -4.336808689942025625E-15 ) ) ;
#6121 = AXIS2_PLACEMENT_3D ( 'NONE', #892, #4091, #109 ) ;
#6122 = CARTESIAN_POINT ( 'NONE',  ( -0.08740994406558859342, -0.02742891431076308062, -0.02867101149142507743 ) ) ;
#6123 = STYLED_ITEM ( 'NONE', ( #4225 ), #6210 ) ;
#6124 = LINE ( 'NONE', #7238, #3227 ) ;
#6125 = DIRECTION ( 'NONE',  ( 0.0000000000000000000, -1.000000000000000000, -3.491481338843133355E-15 ) ) ;
#6126 = DIRECTION ( 'NONE',  ( -1.000000000000000000, 1.009459107404352782E-30, -2.891205793294678326E-16 ) ) ;
#6127 = CARTESIAN_POINT ( 'NONE',  ( 0.1094133704916140787, -0.02207575105004212779, -0.02867101149142507743 ) ) ;
#6128 = ORIENTED_EDGE ( 'NONE', *, *, #6831, .F. ) ;
#6129 = CYLINDRICAL_SURFACE ( 'NONE', #8263, 0.09999999999999939493 ) ;
#6130 = VECTOR ( 'NONE', #3357, 1000.000000000000000 ) ;
#6131 = DIRECTION ( 'NONE',  ( 0.0000000000000000000, -4.304632968207263259E-15, 1.000000000000000000 ) ) ;
#6132 = VECTOR ( 'NONE', #2123, 1000.000000000000000 ) ;
#6133 = PRESENTATION_LAYER_ASSIGNMENT (  '', '', ( #3027 ) ) ;
#6134 = MECHANICAL_DESIGN_GEOMETRIC_PRESENTATION_REPRESENTATION (  '', ( #1252 ), #3908 ) ;
#6135 = FILL_AREA_STYLE ('',( #4815 ) ) ;
#6136 = CARTESIAN_POINT ( 'NONE',  ( -2.098518552703154683, -1.383471845651435661, 2.731321192064204872 ) ) ;
#6137 = CARTESIAN_POINT ( 'NONE',  ( -2.599999999999999645, 0.6865281543485717286, 0.7213289885085777398 ) ) ;
#6138 = DIRECTION ( 'NONE',  ( 0.0000000000000000000, -1.000000000000000000, -3.491481338843133355E-15 ) ) ;
#6139 = LINE ( 'NONE', #8465, #11 ) ;
#6140 = ORIENTED_EDGE ( 'NONE', *, *, #2003, .F. ) ;
#6141 = EDGE_CURVE ( 'NONE', #3633, #3270, #1755, .T. ) ;
#6142 = CARTESIAN_POINT ( 'NONE',  ( -3.550000000000001155, -1.083471845651427179, 0.4713289885085714670 ) ) ;
#6143 = UNCERTAINTY_MEASURE_WITH_UNIT (LENGTH_MEASURE( 1.000000000000000082E-05 ), #8063, 'distance_accuracy_value', 'NONE');
#6144 = VECTOR ( 'NONE', #3582, 1000.000000000000000 ) ;
#6145 = STYLED_ITEM ( 'NONE', ( #872 ), #3300 ) ;
#6146 = CARTESIAN_POINT ( 'NONE',  ( -0.06888836375684881386, -0.02713501834494466691, -0.01867101149142505120 ) ) ;
#6147 = FILL_AREA_STYLE ('',( #3377 ) ) ;
#6148 = CARTESIAN_POINT ( 'NONE',  ( 0.1038663187477896488, -0.1009862960187131870, -0.01867101149142505120 ) ) ;
#6149 = COLOUR_RGB ( '',1.000000000000000000, 1.000000000000000000, 1.000000000000000000 ) ;
#6150 = FILL_AREA_STYLE_COLOUR ( '', #7170 ) ;
#6151 = EDGE_LOOP ( 'NONE', ( #4115, #4393, #5727, #1256 ) ) ;
#6152 = CARTESIAN_POINT ( 'NONE',  ( -0.05723231350516318205, -0.01157149453752674868, -0.02867101149142507743 ) ) ;
#6153 = SURFACE_STYLE_FILL_AREA ( #8613 ) ;
#6154 = FILL_AREA_STYLE_COLOUR ( '', #8139 ) ;
#6155 = CARTESIAN_POINT ( 'NONE',  ( 0.09916621102649250674, -0.02062550977569260757, -0.02867101149142507743 ) ) ;
#6156 =( BOUNDED_CURVE ( )  B_SPLINE_CURVE ( 3, ( #5422, #84, #4184, #1444 ),
 .UNSPECIFIED., .F., .T. ) 
 B_SPLINE_CURVE_WITH_KNOTS ( ( 4, 4 ),
 ( -8.881784197001252323E-16, 1.570796326794898334 ),
 .UNSPECIFIED. ) 
 CURVE ( )  GEOMETRIC_REPRESENTATION_ITEM ( )  RATIONAL_B_SPLINE_CURVE ( ( 1.000000000000000000, 0.8047378541243643824, 0.8047378541243643824, 1.000000000000000000 ) ) 
 REPRESENTATION_ITEM ( '' )  );
#6157 = MANIFOLD_SOLID_BREP ( '实体-移动/复制2[6]', #4134 ) ;
#6158 = LINE ( 'NONE', #5266, #3259 ) ;
#6159 = DIRECTION ( 'NONE',  ( 1.000000000000000000, 0.0000000000000000000, 0.0000000000000000000 ) ) ;
#6160 = AXIS2_PLACEMENT_3D ( 'NONE', #7449, #1622, #8133 ) ;
#6161 = ORIENTED_EDGE ( 'NONE', *, *, #4199, .F. ) ;
#6162 = EDGE_CURVE ( 'NONE', #1200, #2681, #4851, .T. ) ;
#6163 = AXIS2_PLACEMENT_3D ( 'NONE', #7849, #4585, #6525 ) ;
#6164 = FACE_OUTER_BOUND ( 'NONE', #6594, .T. ) ;
#6165 = ADVANCED_FACE ( 'NONE', ( #1102 ), #3717, .F. ) ;
#6166 = DIRECTION ( 'NONE',  ( 0.0000000000000000000, -4.304632968207263259E-15, 1.000000000000000000 ) ) ;
#6167 =( LENGTH_UNIT ( ) NAMED_UNIT ( * ) SI_UNIT ( .MILLI., .METRE. ) );
#6168 = VERTEX_POINT ( 'NONE', #7966 ) ;
#6169 = DIRECTION ( 'NONE',  ( -1.000000000000000000, -0.0000000000000000000, 0.0000000000000000000 ) ) ;
#6170 = LINE ( 'NONE', #5918, #6573 ) ;
#6171 = ORIENTED_EDGE ( 'NONE', *, *, #5995, .T. ) ;
#6172 = CARTESIAN_POINT ( 'NONE',  ( -0.1302756893908890434, -0.08279169395724239600, -0.02867101149142507743 ) ) ;
#6173 = VECTOR ( 'NONE', #7165, 1000.000000000000000 ) ;
#6174 = MECHANICAL_DESIGN_GEOMETRIC_PRESENTATION_REPRESENTATION (  '', ( #4669 ), #6608 ) ;
#6175 = CARTESIAN_POINT ( 'NONE',  ( -0.09865902558768538388, -0.06517415170928805845, -0.01867101149142528019 ) ) ;
#6176 =( GEOMETRIC_REPRESENTATION_CONTEXT ( 3 ) GLOBAL_UNCERTAINTY_ASSIGNED_CONTEXT ( ( #1967 ) ) GLOBAL_UNIT_ASSIGNED_CONTEXT ( ( #1648, #6929, #2247 ) ) REPRESENTATION_CONTEXT ( 'NONE', 'WORKASPACE' ) );
#6177 = CARTESIAN_POINT ( 'NONE',  ( -2.148518552703154949, -1.383471845651435439, 2.681321192064204606 ) ) ;
#6178 = PRESENTATION_STYLE_ASSIGNMENT (( #3676 ) ) ;
#6179 = CARTESIAN_POINT ( 'NONE',  ( -0.05065582952024201557, -0.02190255233670856255, -0.02867101149142507743 ) ) ;
#6180 =( NAMED_UNIT ( * ) PLANE_ANGLE_UNIT ( ) SI_UNIT ( $, .RADIAN. ) );
#6181 = ORIENTED_EDGE ( 'NONE', *, *, #7299, .F. ) ;
#6182 = EDGE_LOOP ( 'NONE', ( #6443, #5212, #3285, #5882 ) ) ;
#6183 = AXIS2_PLACEMENT_3D ( 'NONE', #2953, #4447, #5111 ) ;
#6184 = VERTEX_POINT ( 'NONE', #2680 ) ;
#6185 = ORIENTED_EDGE ( 'NONE', *, *, #1577, .T. ) ;
#6186 = DIRECTION ( 'NONE',  ( 2.891205793294678326E-16, 3.491481338843133355E-15, -1.000000000000000000 ) ) ;
#6187 = CARTESIAN_POINT ( 'NONE',  ( 0.08853447881249149054, -0.02144984284120524110, -0.02867101149142507743 ) ) ;
#6188 = PRESENTATION_LAYER_ASSIGNMENT (  '', '', ( #2750 ) ) ;
#6189 = ORIENTED_EDGE ( 'NONE', *, *, #7427, .T. ) ;
#6190 = LINE ( 'NONE', #5139, #6829 ) ;
#6191 = EDGE_LOOP ( 'NONE', ( #536, #531, #6491, #3365 ) ) ;
#6192 = CARTESIAN_POINT ( 'NONE',  ( 1.399999999999999689, -2.213471845651434844, 2.546328988508567370 ) ) ;
#6193 = PRESENTATION_STYLE_ASSIGNMENT (( #6892 ) ) ;
#6194 =( NAMED_UNIT ( * ) PLANE_ANGLE_UNIT ( ) SI_UNIT ( $, .RADIAN. ) );
#6195 = ORIENTED_EDGE ( 'NONE', *, *, #4928, .F. ) ;
#6196 = DIRECTION ( 'NONE',  ( 0.0000000000000000000, -4.336808689942017736E-15, 1.000000000000000000 ) ) ;
#6197 = UNCERTAINTY_MEASURE_WITH_UNIT (LENGTH_MEASURE( 1.000000000000000082E-05 ), #3696, 'distance_accuracy_value', 'NONE');
#6198 = CARTESIAN_POINT ( 'NONE',  ( -0.09793096656189037574, -0.04905765402574104039, -0.01867101149142505120 ) ) ;
#6199 = EDGE_CURVE ( 'NONE', #1200, #4198, #5977, .T. ) ;
#6200 = CARTESIAN_POINT ( 'NONE',  ( 1.599999999999999645, -1.083471845651435617, 2.696328988508570834 ) ) ;
#6201 =( NAMED_UNIT ( * ) SI_UNIT ( $, .STERADIAN. ) SOLID_ANGLE_UNIT ( ) );
#6202 = FILL_AREA_STYLE ('',( #4094 ) ) ;
#6203 = CARTESIAN_POINT ( 'NONE',  ( 0.1005608002701419562, -0.1120441862591302490, -0.02867101149142507743 ) ) ;
#6204 = ORIENTED_EDGE ( 'NONE', *, *, #5089, .F. ) ;
#6205 = LINE ( 'NONE', #1265, #2672 ) ;
#6206 = VECTOR ( 'NONE', #3729, 1000.000000000000000 ) ;
#6207 = DIRECTION ( 'NONE',  ( -1.000000000000000000, -3.785471652766323676E-30, 1.084202172485504631E-15 ) ) ;
#6208 = UNCERTAINTY_MEASURE_WITH_UNIT (LENGTH_MEASURE( 1.000000000000000082E-05 ), #5681, 'distance_accuracy_value', 'NONE');
#6209 = DIRECTION ( 'NONE',  ( 0.0000000000000000000, -3.491481338843133355E-15, 1.000000000000000000 ) ) ;
#6210 = ADVANCED_FACE ( 'NONE', ( #7541 ), #7582, .F. ) ;
#6211 = DIRECTION ( 'NONE',  ( 1.972152263052529514E-31, -1.000000000000000000, -3.491481338843133750E-15 ) ) ;
#6212 =( NAMED_UNIT ( * ) PLANE_ANGLE_UNIT ( ) SI_UNIT ( $, .RADIAN. ) );
#6213 = ORIENTED_EDGE ( 'NONE', *, *, #1406, .T. ) ;
#6214 = AXIS2_PLACEMENT_3D ( 'NONE', #5432, #3682, #6888 ) ;
#6215 = EDGE_LOOP ( 'NONE', ( #1226, #3587, #3731, #2621 ) ) ;
#6216 = VECTOR ( 'NONE', #5534, 1000.000000000000000 ) ;
#6217 = COLOUR_RGB ( '',1.000000000000000000, 1.000000000000000000, 1.000000000000000000 ) ;
#6218 =( NAMED_UNIT ( * ) PLANE_ANGLE_UNIT ( ) SI_UNIT ( $, .RADIAN. ) );
#6219 = UNCERTAINTY_MEASURE_WITH_UNIT (LENGTH_MEASURE( 1.000000000000000082E-05 ), #5759, 'distance_accuracy_value', 'NONE');
#6220 = DIRECTION ( 'NONE',  ( 2.891205793294678326E-16, 3.491481338843133355E-15, -1.000000000000000000 ) ) ;
#6221 = LINE ( 'NONE', #4845, #6009 ) ;
#6222 =( LENGTH_UNIT ( ) NAMED_UNIT ( * ) SI_UNIT ( .MILLI., .METRE. ) );
#6223 = ORIENTED_EDGE ( 'NONE', *, *, #3885, .T. ) ;
#6224 = VECTOR ( 'NONE', #3036, 1000.000000000000000 ) ;
#6225 = CIRCLE ( 'NONE', #6062, 0.09999999999999982514 ) ;
#6226 = CARTESIAN_POINT ( 'NONE',  ( -3.850000000000001421, -1.283471845651442900, 1.746328988508567326 ) ) ;
#6227 = DIRECTION ( 'NONE',  ( 1.000000000000000000, 0.0000000000000000000, 0.0000000000000000000 ) ) ;
#6228 =( LENGTH_UNIT ( ) NAMED_UNIT ( * ) SI_UNIT ( .MILLI., .METRE. ) );
#6229 =( NAMED_UNIT ( * ) SI_UNIT ( $, .STERADIAN. ) SOLID_ANGLE_UNIT ( ) );
#6230 = EDGE_CURVE ( 'NONE', #3453, #5673, #54, .T. ) ;
#6231 = EDGE_CURVE ( 'NONE', #3573, #2533, #2648, .T. ) ;
#6232 = CARTESIAN_POINT ( 'NONE',  ( -0.08283502140647945600, -0.07668492226556343494, -0.02867101149142507743 ) ) ;
#6233 = FACE_OUTER_BOUND ( 'NONE', #1502, .T. ) ;
#6234 = CARTESIAN_POINT ( 'NONE',  ( 1.825000000000000178, 0.6865281543485735050, -0.02867101149142334271 ) ) ;
#6235 = STYLED_ITEM ( 'NONE', ( #818 ), #5119 ) ;
#6236 = ORIENTED_EDGE ( 'NONE', *, *, #3972, .T. ) ;
#6237 = LINE ( 'NONE', #8439, #2812 ) ;
#6238 = VECTOR ( 'NONE', #4652, 1000.000000000000000 ) ;
#6239 = DIRECTION ( 'NONE',  ( 0.3393303772748771374, 0.9406672605435406620, 3.284322186248463980E-15 ) ) ;
#6240 = DIRECTION ( 'NONE',  ( 0.0000000000000000000, 3.491481338843133355E-15, -1.000000000000000000 ) ) ;
#6241 = CARTESIAN_POINT ( 'NONE',  ( -0.07941803085778807725, -0.03669069164647840303, -0.01867101149142505120 ) ) ;
#6242 = CARTESIAN_POINT ( 'NONE',  ( -0.1487214630836126983, -0.02959248092106987055, -0.01867101149142505120 ) ) ;
#6243 = DIRECTION ( 'NONE',  ( 0.0000000000000000000, -1.000000000000000000, -3.491481338843133355E-15 ) ) ;
#6244 = VERTEX_POINT ( 'NONE', #912 ) ;
#6245 = STYLED_ITEM ( 'NONE', ( #2009 ), #1450 ) ;
#6246 = FILL_AREA_STYLE_COLOUR ( '', #7067 ) ;
#6247 = CARTESIAN_POINT ( 'NONE',  ( 0.1573195849993548334, -0.09986486468894985313, -0.02867101149142507743 ) ) ;
#6248 = AXIS2_PLACEMENT_3D ( 'NONE', #1198, #3199, #3861 ) ;
#6249 = CARTESIAN_POINT ( 'NONE',  ( -1.600000000000000533, -1.083471845651435617, 2.696328988508570834 ) ) ;
#6250 = ORIENTED_EDGE ( 'NONE', *, *, #2774, .F. ) ;
#6251 = FACE_OUTER_BOUND ( 'NONE', #6352, .T. ) ;
#6252 = CARTESIAN_POINT ( 'NONE',  ( -1.500000000000000222, -1.083471845651435395, 2.646328988508571900 ) ) ;
#6253 = CARTESIAN_POINT ( 'NONE',  ( 1.600000000000000977, 0.6865281543485708404, 0.7213289885085781838 ) ) ;
#6254 = FACE_OUTER_BOUND ( 'NONE', #8359, .T. ) ;
#6255 = DIRECTION ( 'NONE',  ( 4.336808689942017736E-16, -3.491481338843133355E-15, 1.000000000000000000 ) ) ;
#6256 = VECTOR ( 'NONE', #7960, 999.9999999999998863 ) ;
#6257 = EDGE_CURVE ( 'NONE', #6505, #169, #881, .T. ) ;
#6258 = ADVANCED_FACE ( 'NONE', ( #1948 ), #4951, .T. ) ;
#6259 = MECHANICAL_DESIGN_GEOMETRIC_PRESENTATION_REPRESENTATION (  '', ( #137 ), #2529 ) ;
#6260 = EDGE_LOOP ( 'NONE', ( #7426, #8114, #5230, #7307 ) ) ;
#6261 = DIRECTION ( 'NONE',  ( -2.891205793294677044E-15, 1.000000000000000000, 3.491481338843133355E-15 ) ) ;
#6262 = CARTESIAN_POINT ( 'NONE',  ( 3.450000000000000178, -1.083471845651427623, 0.4963289885085717668 ) ) ;
#6263 = ORIENTED_EDGE ( 'NONE', *, *, #7753, .T. ) ;
#6264 = FILL_AREA_STYLE ('',( #4932 ) ) ;
#6265 = CARTESIAN_POINT ( 'NONE',  ( 0.1299426287267299585, -0.08475539507497983904, -0.02867101149142507743 ) ) ;
#6266 = CARTESIAN_POINT ( 'NONE',  ( -0.1817048052445476014, -0.1108404744450473406, -0.02867101149142507743 ) ) ;
#6267 =( NAMED_UNIT ( * ) SI_UNIT ( $, .STERADIAN. ) SOLID_ANGLE_UNIT ( ) );
#6268 = DIRECTION ( 'NONE',  ( 1.000000000000000000, 0.0000000000000000000, 0.0000000000000000000 ) ) ;
#6269 = COLOUR_RGB ( '',0.7764705882352941346, 0.7568627450980391913, 0.7372549019607843590 ) ;
#6270 = EDGE_CURVE ( 'NONE', #3650, #8302, #6294, .T. ) ;
#6271 = EDGE_LOOP ( 'NONE', ( #2264, #2856, #62, #3194 ) ) ;
#6272 = EDGE_LOOP ( 'NONE', ( #995, #5684, #2070, #478, #6311, #4481, #3104, #2754 ) ) ;
#6273 = STYLED_ITEM ( 'NONE', ( #1183 ), #3393 ) ;
#6274 = CARTESIAN_POINT ( 'NONE',  ( 2.148518552703153173, -1.383471845651435439, 2.681321192064204606 ) ) ;
#6275 = LINE ( 'NONE', #7672, #1723 ) ;
#6276 = B_SPLINE_CURVE_WITH_KNOTS ( 'NONE', 3,
 ( #1599, #3545, #6856, #4188, #864, #3574, #2879, #6241, #5514, #1533, #7515, #6146, #930, #2198, #8199, #1566, #8226, #223, #4887 ),
 .UNSPECIFIED., .F., .F.,
 ( 4, 1, 1, 1, 1, 1, 1, 1, 1, 1, 1, 1, 1, 1, 1, 1, 4 ),
 ( 0.0000000000000000000, 0.07429704972734670065, 0.1443804995591685958, 0.2104803829452144004, 0.2732242492296214076, 0.3337828847332369731, 0.3923262486478582001, 0.4498788046459599177, 0.5076067194853159936, 0.5652457866575471002, 0.6231829400784176798, 0.6813261307088078755, 0.7409370229694861587, 0.8018737435088931775, 0.8652534736909667235, 0.9309479274799237203, 1.000000000000000000 ),
 .UNSPECIFIED. ) ;
#6277 = CARTESIAN_POINT ( 'NONE',  ( -0.1670897137811329647, -0.07181608420114490854, -0.02867101149142507743 ) ) ;
#6278 = CARTESIAN_POINT ( 'NONE',  ( 2.998179295342849215, -1.333471845651429843, 1.127033865392921719 ) ) ;
#6279 = ORIENTED_EDGE ( 'NONE', *, *, #6661, .F. ) ;
#6280 = CARTESIAN_POINT ( 'NONE',  ( 0.1353683654871597197, -0.06190754761577904608, -0.02867101149142507743 ) ) ;
#6281 = EDGE_LOOP ( 'NONE', ( #854, #876, #1297, #4844 ) ) ;
#6282 = CARTESIAN_POINT ( 'NONE',  ( -2.535625514828973692, -1.083471845651426513, 0.1580275645301940368 ) ) ;
#6283 = FILL_AREA_STYLE ('',( #2921 ) ) ;
#6284 = CARTESIAN_POINT ( 'NONE',  ( -3.550000000000001155, -0.9834718456514257579, -0.02867101149142811320 ) ) ;
#6285 = EDGE_CURVE ( 'NONE', #8161, #4750, #8280, .T. ) ;
#6286 = FILL_AREA_STYLE_COLOUR ( '', #5776 ) ;
#6287 =( GEOMETRIC_REPRESENTATION_CONTEXT ( 3 ) GLOBAL_UNCERTAINTY_ASSIGNED_CONTEXT ( ( #5563 ) ) GLOBAL_UNIT_ASSIGNED_CONTEXT ( ( #1497, #3476, #2781 ) ) REPRESENTATION_CONTEXT ( 'NONE', 'WORKASPACE' ) );
#6288 = VERTEX_POINT ( 'NONE', #4925 ) ;
#6289 = CARTESIAN_POINT ( 'NONE',  ( -1.149999999999999911, -0.1834718456514240481, -0.5286710114914247027 ) ) ;
#6290 = CARTESIAN_POINT ( 'NONE',  ( -3.550000000000001155, -0.9834718456514257579, -0.02867101149142811320 ) ) ;
#6291 = CARTESIAN_POINT ( 'NONE',  ( -0.08478791374570733563, -0.06875189655299865366, -0.02867101149142507743 ) ) ;
#6292 = DIRECTION ( 'NONE',  ( 0.0000000000000000000, -1.000000000000000000, -3.491481338843133355E-15 ) ) ;
#6293 = DIRECTION ( 'NONE',  ( 0.0000000000000000000, -1.000000000000000000, -3.491481338843133355E-15 ) ) ;
#6294 = LINE ( 'NONE', #6252, #1748 ) ;
#6295 = ORIENTED_EDGE ( 'NONE', *, *, #1731, .F. ) ;
#6296 =( GEOMETRIC_REPRESENTATION_CONTEXT ( 3 ) GLOBAL_UNCERTAINTY_ASSIGNED_CONTEXT ( ( #7598 ) ) GLOBAL_UNIT_ASSIGNED_CONTEXT ( ( #3764, #7635, #8333 ) ) REPRESENTATION_CONTEXT ( 'NONE', 'WORKASPACE' ) );
#6297 = PLANE ( 'NONE',  #2763 ) ;
#6298 = CARTESIAN_POINT ( 'NONE',  ( -0.07151231177045828946, -0.1054558385694525924, -0.01867101149142528019 ) ) ;
#6299 = PRESENTATION_LAYER_ASSIGNMENT (  '', '', ( #5841 ) ) ;
#6300 = ORIENTED_EDGE ( 'NONE', *, *, #7700, .F. ) ;
#6301 =( LENGTH_UNIT ( ) NAMED_UNIT ( * ) SI_UNIT ( .MILLI., .METRE. ) );
#6302 = SURFACE_SIDE_STYLE ('',( #7263 ) ) ;
#6303 = PRESENTATION_STYLE_ASSIGNMENT (( #7267 ) ) ;
#6304 = ORIENTED_EDGE ( 'NONE', *, *, #5183, .T. ) ;
#6305 = FILL_AREA_STYLE ('',( #5602 ) ) ;
#6306 = ORIENTED_EDGE ( 'NONE', *, *, #3806, .T. ) ;
#6307 = PLANE ( 'NONE',  #1550 ) ;
#6308 = PRESENTATION_LAYER_ASSIGNMENT (  '', '', ( #7918 ) ) ;
#6309 = ORIENTED_EDGE ( 'NONE', *, *, #5183, .F. ) ;
#6310 = CARTESIAN_POINT ( 'NONE',  ( 0.1211202072715752698, -0.1087796627090064083, -0.02867101149142507743 ) ) ;
#6311 = ORIENTED_EDGE ( 'NONE', *, *, #4907, .F. ) ;
#6312 = FACE_OUTER_BOUND ( 'NONE', #3820, .T. ) ;
#6313 = DIRECTION ( 'NONE',  ( 1.000000000000000000, 0.0000000000000000000, 0.0000000000000000000 ) ) ;
#6314 = LINE ( 'NONE', #3896, #5161 ) ;
#6315 = EDGE_CURVE ( 'NONE', #4653, #3665, #5237, .T. ) ;
#6316 = ORIENTED_EDGE ( 'NONE', *, *, #2774, .T. ) ;
#6317 = SURFACE_SIDE_STYLE ('',( #286 ) ) ;
#6318 = PRESENTATION_STYLE_ASSIGNMENT (( #7064 ) ) ;
#6319 = LINE ( 'NONE', #6754, #3205 ) ;
#6320 =( GEOMETRIC_REPRESENTATION_CONTEXT ( 3 ) GLOBAL_UNCERTAINTY_ASSIGNED_CONTEXT ( ( #3607 ) ) GLOBAL_UNIT_ASSIGNED_CONTEXT ( ( #7858, #1035, #5675 ) ) REPRESENTATION_CONTEXT ( 'NONE', 'WORKASPACE' ) );
#6321 =( NAMED_UNIT ( * ) SI_UNIT ( $, .STERADIAN. ) SOLID_ANGLE_UNIT ( ) );
#6322 = UNCERTAINTY_MEASURE_WITH_UNIT (LENGTH_MEASURE( 1.000000000000000082E-05 ), #5078, 'distance_accuracy_value', 'NONE');
#6323 = UNCERTAINTY_MEASURE_WITH_UNIT (LENGTH_MEASURE( 1.000000000000000082E-05 ), #7476, 'distance_accuracy_value', 'NONE');
#6324 = SURFACE_SIDE_STYLE ('',( #364 ) ) ;
#6325 = CARTESIAN_POINT ( 'NONE',  ( -3.149999999999996803, 1.186528154348571285, 0.7213289885085804043 ) ) ;
#6326 = VERTEX_POINT ( 'NONE', #4869 ) ;
#6327 = CARTESIAN_POINT ( 'NONE',  ( 0.07439275573106213235, -0.02699901103041311978, -0.02867101149142507743 ) ) ;
#6328 = B_SPLINE_CURVE_WITH_KNOTS ( 'NONE', 3,
 ( #3834, #631, #5278, #2559, #7892, #5829, #7926, #8532, #4551, #573, #8503 ),
 .UNSPECIFIED., .F., .F.,
 ( 4, 1, 1, 1, 1, 1, 1, 1, 4 ),
 ( 0.0000000000000000000, 0.1352946047634291937, 0.2667656579247481008, 0.3948160188358729172, 0.5200516544342453917, 0.6421757029708216047, 0.7626518205584227328, 0.8818340043805041883, 0.9999999999999998890 ),
 .UNSPECIFIED. ) ;
#6329 = CARTESIAN_POINT ( 'NONE',  ( -2.549999999999999822, 1.186528154348573949, -0.02867101149142074062 ) ) ;
#6330 =( NAMED_UNIT ( * ) SI_UNIT ( $, .STERADIAN. ) SOLID_ANGLE_UNIT ( ) );
#6331 = MECHANICAL_DESIGN_GEOMETRIC_PRESENTATION_REPRESENTATION (  '', ( #5603 ), #7378 ) ;
#6332 = EDGE_CURVE ( 'NONE', #3583, #2863, #994, .T. ) ;
#6333 = CARTESIAN_POINT ( 'NONE',  ( -3.850000000000001421, -0.7834718456514269125, -0.02867101149142724584 ) ) ;
#6334 = ORIENTED_EDGE ( 'NONE', *, *, #3648, .T. ) ;
#6335 = CARTESIAN_POINT ( 'NONE',  ( -1.449999999999999734, -0.1834718456514251028, -0.02867101149142551111 ) ) ;
#6336 = CARTESIAN_POINT ( 'NONE',  ( 0.1486904542437758325, -0.06808518077571606986, -0.02867101149142507743 ) ) ;
#6337 = FACE_OUTER_BOUND ( 'NONE', #6756, .T. ) ;
#6338 = ADVANCED_FACE ( 'NONE', ( #5867 ), #2857, .F. ) ;
#6339 = EDGE_LOOP ( 'NONE', ( #4746, #7944, #2705, #726 ) ) ;
#6340 = COLOUR_RGB ( '',0.7764705882352941346, 0.7568627450980391913, 0.7372549019607843590 ) ;
#6341 = VECTOR ( 'NONE', #1954, 1000.000000000000000 ) ;
#6342 = SURFACE_SIDE_STYLE ('',( #6012 ) ) ;
#6343 =( NAMED_UNIT ( * ) PLANE_ANGLE_UNIT ( ) SI_UNIT ( $, .RADIAN. ) );
#6344 = EDGE_CURVE ( 'NONE', #7888, #4329, #2551, .T. ) ;
#6345 = PLANE ( 'NONE',  #7404 ) ;
#6346 = DIRECTION ( 'NONE',  ( 0.0000000000000000000, 3.491481338843133355E-15, -1.000000000000000000 ) ) ;
#6347 = CARTESIAN_POINT ( 'NONE',  ( 2.998179295342849215, -1.333471845651432064, 1.746328988508570434 ) ) ;
#6348 = LINE ( 'NONE', #3014, #1496 ) ;
#6349 = FILL_AREA_STYLE ('',( #4346 ) ) ;
#6350 = CARTESIAN_POINT ( 'NONE',  ( 0.09791361960243959162, -0.1120131392854109009, -0.01867101149142505120 ) ) ;
#6351 = PLANE ( 'NONE',  #7288 ) ;
#6352 = EDGE_LOOP ( 'NONE', ( #3412, #382, #691, #3471, #3076 ) ) ;
#6353 = CARTESIAN_POINT ( 'NONE',  ( -3.550000000000001155, -1.083471845651425181, -0.02867101149142854688 ) ) ;
#6354 = AXIS2_PLACEMENT_3D ( 'NONE', #7167, #2530, #4491 ) ;
#6355 = ORIENTED_EDGE ( 'NONE', *, *, #1951, .F. ) ;
#6356 =( NAMED_UNIT ( * ) PLANE_ANGLE_UNIT ( ) SI_UNIT ( $, .RADIAN. ) );
#6357 = UNCERTAINTY_MEASURE_WITH_UNIT (LENGTH_MEASURE( 1.000000000000000082E-05 ), #4284, 'distance_accuracy_value', 'NONE');
#6358 = PRESENTATION_LAYER_ASSIGNMENT (  '', '', ( #1773 ) ) ;
#6359 =( NAMED_UNIT ( * ) PLANE_ANGLE_UNIT ( ) SI_UNIT ( $, .RADIAN. ) );
#6360 = ORIENTED_EDGE ( 'NONE', *, *, #7585, .T. ) ;
#6361 = CARTESIAN_POINT ( 'NONE',  ( 0.1119986650413456880, -0.1113108711396401246, -0.02867101149142507743 ) ) ;
#6362 = LINE ( 'NONE', #6741, #4587 ) ;
#6363 = ORIENTED_EDGE ( 'NONE', *, *, #8224, .F. ) ;
#6364 = CARTESIAN_POINT ( 'NONE',  ( 0.09792553012130604528, -0.009620962249925471207, -0.02867101149142464375 ) ) ;
#6365 = EDGE_CURVE ( 'NONE', #7642, #3501, #7640, .T. ) ;
#6366 = PRESENTATION_STYLE_ASSIGNMENT (( #7508 ) ) ;
#6367 = PRESENTATION_LAYER_ASSIGNMENT (  '', '', ( #2929 ) ) ;
#6368 =( NAMED_UNIT ( * ) PLANE_ANGLE_UNIT ( ) SI_UNIT ( $, .RADIAN. ) );
#6369 = LINE ( 'NONE', #3763, #7928 ) ;
#6370 = CARTESIAN_POINT ( 'NONE',  ( 2.948179295342848949, -1.383471845651435439, 2.681321192064204606 ) ) ;
#6371 = ORIENTED_EDGE ( 'NONE', *, *, #1328, .F. ) ;
#6372 = CARTESIAN_POINT ( 'NONE',  ( 0.09781120085301335532, -0.02059657200602295346, -0.02867101149142507743 ) ) ;
#6373 = VERTEX_POINT ( 'NONE', #1110 ) ;
#6374 = CARTESIAN_POINT ( 'NONE',  ( 0.09792553012130604528, -0.009620962249925471207, -0.02867101149142464375 ) ) ;
#6375 = EDGE_CURVE ( 'NONE', #4182, #6487, #367, .T. ) ;
#6376 = SURFACE_SIDE_STYLE ('',( #107 ) ) ;
#6377 = STYLED_ITEM ( 'NONE', ( #4285 ), #3776 ) ;
#6378 = VECTOR ( 'NONE', #42, 1000.000000000000000 ) ;
#6379 = EDGE_LOOP ( 'NONE', ( #1124, #3987, #816, #1244 ) ) ;
#6380 = CARTESIAN_POINT ( 'NONE',  ( 0.08024434861426457677, -0.1085062432535175564, -0.01867101149142505120 ) ) ;
#6381 = ADVANCED_FACE ( 'NONE', ( #2765 ), #6414, .F. ) ;
#6382 = LINE ( 'NONE', #2057, #5032 ) ;
#6383 = VERTEX_POINT ( 'NONE', #383 ) ;
#6384 = EDGE_LOOP ( 'NONE', ( #7933, #6553, #7415, #4009 ) ) ;
#6385 = CARTESIAN_POINT ( 'NONE',  ( -2.549999999999998490, 0.6865281543485743931, -0.02867101149142117431 ) ) ;
#6386 = DIRECTION ( 'NONE',  ( 1.000000000000000000, 0.0000000000000000000, 0.0000000000000000000 ) ) ;
#6387 = DIRECTION ( 'NONE',  ( 0.0000000000000000000, -1.000000000000000000, -3.491481338843133355E-15 ) ) ;
#6388 = ORIENTED_EDGE ( 'NONE', *, *, #4630, .T. ) ;
#6389 = EDGE_CURVE ( 'NONE', #8197, #1037, #7847, .T. ) ;
#6390 = PRODUCT_DEFINITION ( '未知', '', #3563, #3417 ) ;
#6391 = MECHANICAL_DESIGN_GEOMETRIC_PRESENTATION_REPRESENTATION (  '', ( #6235 ), #7732 ) ;
#6392 = SURFACE_STYLE_USAGE ( .BOTH. , #417 ) ;
#6393 = SURFACE_STYLE_FILL_AREA ( #4837 ) ;
#6394 = CARTESIAN_POINT ( 'NONE',  ( -1.149999999999999911, -0.1834718456514240481, -0.5286710114914247027 ) ) ;
#6395 = VERTEX_POINT ( 'NONE', #2451 ) ;
#6396 =( NAMED_UNIT ( * ) SI_UNIT ( $, .STERADIAN. ) SOLID_ANGLE_UNIT ( ) );
#6397 = CARTESIAN_POINT ( 'NONE',  ( 0.09916621102649250674, -0.02062550977569260757, -0.02867101149142507743 ) ) ;
#6398 = CARTESIAN_POINT ( 'NONE',  ( 0.08798832556445361497, -0.01013797849834909351, -0.02867101149142464375 ) ) ;
#6399 = FACE_OUTER_BOUND ( 'NONE', #5325, .T. ) ;
#6400 = ORIENTED_EDGE ( 'NONE', *, *, #6691, .T. ) ;
#6401 = STYLED_ITEM ( 'NONE', ( #8482 ), #812 ) ;
#6402 = CIRCLE ( 'NONE', #7632, 0.09999999999999939493 ) ;
#6403 = ORIENTED_EDGE ( 'NONE', *, *, #3999, .T. ) ;
#6404 = MECHANICAL_DESIGN_GEOMETRIC_PRESENTATION_REPRESENTATION (  '', ( #3463 ), #5406 ) ;
#6405 = CARTESIAN_POINT ( 'NONE',  ( -0.03170480524454771104, -0.09986486468894985313, -0.02867101149142507743 ) ) ;
#6406 = CARTESIAN_POINT ( 'NONE',  ( -1.600000000000000533, -1.083471845651435617, 2.696328988508570834 ) ) ;
#6407 = PRESENTATION_STYLE_ASSIGNMENT (( #189 ) ) ;
#6408 = EDGE_CURVE ( 'NONE', #3650, #2033, #2360, .T. ) ;
#6409 = ORIENTED_EDGE ( 'NONE', *, *, #4095, .F. ) ;
#6410 =( LENGTH_UNIT ( ) NAMED_UNIT ( * ) SI_UNIT ( .MILLI., .METRE. ) );
#6411 = EDGE_CURVE ( 'NONE', #5673, #6090, #3686, .T. ) ;
#6412 = LINE ( 'NONE', #2161, #1122 ) ;
#6413 = MECHANICAL_DESIGN_GEOMETRIC_PRESENTATION_REPRESENTATION (  '', ( #1501 ), #4931 ) ;
#6414 = PLANE ( 'NONE',  #4620 ) ;
#6415 = PLANE ( 'NONE',  #4192 ) ;
#6416 = ORIENTED_EDGE ( 'NONE', *, *, #1138, .F. ) ;
#6417 = FACE_OUTER_BOUND ( 'NONE', #2641, .T. ) ;
#6418 = CARTESIAN_POINT ( 'NONE',  ( 3.499999999999999556, 1.186528154348563957, 2.921328988508579361 ) ) ;
#6419 = MANIFOLD_SOLID_BREP ( '实体-移动/复制2[1]', #6006 ) ;
#6420 = EDGE_CURVE ( 'NONE', #4307, #6037, #4061, .T. ) ;
#6421 = VECTOR ( 'NONE', #2952, 1000.000000000000000 ) ;
#6422 = ORIENTED_EDGE ( 'NONE', *, *, #7729, .F. ) ;
#6423 = CARTESIAN_POINT ( 'NONE',  ( -1.500000000000000222, -2.313471845651435377, 2.646328988508567459 ) ) ;
#6424 = STYLED_ITEM ( 'NONE', ( #3142 ), #3435 ) ;
#6425 = DIRECTION ( 'NONE',  ( -0.0000000000000000000, -3.491481338843133355E-15, 1.000000000000000000 ) ) ;
#6426 = VERTEX_POINT ( 'NONE', #3055 ) ;
#6427 = PRESENTATION_STYLE_ASSIGNMENT (( #1909 ) ) ;
#6428 = ADVANCED_FACE ( 'NONE', ( #7839 ), #5691, .F. ) ;
#6429 = FILL_AREA_STYLE_COLOUR ( '', #3946 ) ;
#6430 = PRESENTATION_STYLE_ASSIGNMENT (( #130 ) ) ;
#6431 = DIRECTION ( 'NONE',  ( 1.000000000000000000, 0.0000000000000000000, 0.0000000000000000000 ) ) ;
#6432 = ORIENTED_EDGE ( 'NONE', *, *, #667, .F. ) ;
#6433 = CARTESIAN_POINT ( 'NONE',  ( -0.04834762645629605421, -0.01088143391143320780, -0.01867101149142621000 ) ) ;
#6434 = PRESENTATION_LAYER_ASSIGNMENT (  '', '', ( #5144 ) ) ;
#6435 = FILL_AREA_STYLE_COLOUR ( '', #6462 ) ;
#6436 = EDGE_CURVE ( 'NONE', #8122, #7095, #1911, .T. ) ;
#6437 = SURFACE_STYLE_USAGE ( .BOTH. , #1912 ) ;
#6438 = AXIS2_PLACEMENT_3D ( 'NONE', #2015, #6561, #7857 ) ;
#6439 = LINE ( 'NONE', #6612, #5921 ) ;
#6440 = CARTESIAN_POINT ( 'NONE',  ( -0.1506315846008844939, -0.02380433379336631058, -0.02867101149142507743 ) ) ;
#6441 = SURFACE_STYLE_FILL_AREA ( #4222 ) ;
#6442 = PLANE ( 'NONE',  #8513 ) ;
#6443 = ORIENTED_EDGE ( 'NONE', *, *, #2308, .T. ) ;
#6444 = FILL_AREA_STYLE_COLOUR ( '', #6876 ) ;
#6445 = AXIS2_PLACEMENT_3D ( 'NONE', #8055, #6116, #717 ) ;
#6446 = DIRECTION ( 'NONE',  ( -1.355252715606880543E-16, -3.491481338843133355E-15, 1.000000000000000000 ) ) ;
#6447 = AXIS2_PLACEMENT_3D ( 'NONE', #5925, #6584, #7939 ) ;
#6448 = CARTESIAN_POINT ( 'NONE',  ( 0.07681161915275598606, -0.01260250689220335403, -0.02867101149142507743 ) ) ;
#6449 = SURFACE_STYLE_FILL_AREA ( #5522 ) ;
#6450 = ORIENTED_EDGE ( 'NONE', *, *, #579, .F. ) ;
#6451 = UNCERTAINTY_MEASURE_WITH_UNIT (LENGTH_MEASURE( 1.000000000000000082E-05 ), #1141, 'distance_accuracy_value', 'NONE');
#6452 = LINE ( 'NONE', #564, #5318 ) ;
#6453 = DIRECTION ( 'NONE',  ( -0.7071067811865490160, -2.468850131082259822E-15, 0.7071067811865460184 ) ) ;
#6454 = DIRECTION ( 'NONE',  ( 1.000000000000000000, 0.0000000000000000000, 0.0000000000000000000 ) ) ;
#6455 = CARTESIAN_POINT ( 'NONE',  ( -0.05723231350516318205, -0.01157149453752678511, -0.01867101149142621000 ) ) ;
#6456 = CIRCLE ( 'NONE', #4455, 0.1000000000000000472 ) ;
#6457 = DIRECTION ( 'NONE',  ( -1.000000000000000000, -0.0000000000000000000, 0.0000000000000000000 ) ) ;
#6458 = CARTESIAN_POINT ( 'NONE',  ( 0.1166848891816083811, -0.1102381970374685105, -0.02867101149142507743 ) ) ;
#6459 =( GEOMETRIC_REPRESENTATION_CONTEXT ( 3 ) GLOBAL_UNCERTAINTY_ASSIGNED_CONTEXT ( ( #7257 ) ) GLOBAL_UNIT_ASSIGNED_CONTEXT ( ( #2075, #3364, #2048 ) ) REPRESENTATION_CONTEXT ( 'NONE', 'WORKASPACE' ) );
#6460 = ORIENTED_EDGE ( 'NONE', *, *, #7878, .T. ) ;
#6461 = ORIENTED_EDGE ( 'NONE', *, *, #4822, .F. ) ;
#6462 = COLOUR_RGB ( '',1.000000000000000000, 1.000000000000000000, 1.000000000000000000 ) ;
#6463 = DIRECTION ( 'NONE',  ( -0.3635424856527061932, -0.9315776194850602376, -3.252585874115997162E-15 ) ) ;
#6464 = ADVANCED_FACE ( 'NONE', ( #3278 ), #6492, .F. ) ;
#6465 = EDGE_CURVE ( 'NONE', #4307, #8268, #3384, .T. ) ;
#6466 = FACE_OUTER_BOUND ( 'NONE', #174, .T. ) ;
#6467 = ORIENTED_EDGE ( 'NONE', *, *, #6008, .F. ) ;
#6468 = DIRECTION ( 'NONE',  ( 1.000000000000000000, 0.0000000000000000000, 0.0000000000000000000 ) ) ;
#6469 = ORIENTED_EDGE ( 'NONE', *, *, #3252, .T. ) ;
#6470 = ORIENTED_EDGE ( 'NONE', *, *, #43, .T. ) ;
#6471 = CARTESIAN_POINT ( 'NONE',  ( -3.650000000000000355, -1.083471845651426069, -0.02867101149142854688 ) ) ;
#6472 = UNCERTAINTY_MEASURE_WITH_UNIT (LENGTH_MEASURE( 1.000000000000000082E-05 ), #7481, 'distance_accuracy_value', 'NONE');
#6473 = PLANE ( 'NONE',  #8033 ) ;
#6474 = CARTESIAN_POINT ( 'NONE',  ( 1.149999999999999689, -0.1834718456514233820, -0.8286710114914258574 ) ) ;
#6475 = CARTESIAN_POINT ( 'NONE',  ( 0.1018236802061384116, -0.02068226302561645968, -0.01867101149142505120 ) ) ;
#6476 = ORIENTED_EDGE ( 'NONE', *, *, #4785, .T. ) ;
#6477 = DIRECTION ( 'NONE',  ( -1.000000000000000000, 0.0000000000000000000, -0.0000000000000000000 ) ) ;
#6478 = VECTOR ( 'NONE', #5861, 1000.000000000000000 ) ;
#6479 = PRESENTATION_LAYER_ASSIGNMENT (  '', '', ( #650 ) ) ;
#6480 = FILL_AREA_STYLE_COLOUR ( '', #4500 ) ;
#6481 = CARTESIAN_POINT ( 'NONE',  ( 0.1353405898621502512, -0.06336967148584132792, -0.01867101149142505120 ) ) ;
#6482 = VECTOR ( 'NONE', #6239, 1000.000000000000114 ) ;
#6483 = VECTOR ( 'NONE', #4696, 1000.000000000000000 ) ;
#6484 = CARTESIAN_POINT ( 'NONE',  ( -2.750000000000000000, -1.083471845651426513, 0.1213289885085714892 ) ) ;
#6485 = SURFACE_SIDE_STYLE ('',( #1367 ) ) ;
#6486 =( LENGTH_UNIT ( ) NAMED_UNIT ( * ) SI_UNIT ( .MILLI., .METRE. ) );
#6487 = VERTEX_POINT ( 'NONE', #546 ) ;
#6488 = CARTESIAN_POINT ( 'NONE',  ( 0.1166848891816083811, -0.1102381970374685521, -0.01867101149142489855 ) ) ;
#6489 = CARTESIAN_POINT ( 'NONE',  ( -3.450000000000000622, -1.083471845651435617, 2.746076259633627892 ) ) ;
#6490 = CYLINDRICAL_SURFACE ( 'NONE', #2197, 0.04999999999999991257 ) ;
#6491 = ORIENTED_EDGE ( 'NONE', *, *, #2602, .F. ) ;
#6492 = PLANE ( 'NONE',  #4566 ) ;
#6493 = ORIENTED_EDGE ( 'NONE', *, *, #8084, .F. ) ;
#6494 = EDGE_CURVE ( 'NONE', #1643, #2066, #5971, .T. ) ;
#6495 = ORIENTED_EDGE ( 'NONE', *, *, #1745, .T. ) ;
#6496 = DIRECTION ( 'NONE',  ( 0.0000000000000000000, 1.000000000000000000, 3.491481338843133355E-15 ) ) ;
#6497 = ORIENTED_EDGE ( 'NONE', *, *, #8554, .F. ) ;
#6498 =( NAMED_UNIT ( * ) SI_UNIT ( $, .STERADIAN. ) SOLID_ANGLE_UNIT ( ) );
#6499 = CARTESIAN_POINT ( 'NONE',  ( 0.04146592646276942712, 1.186528154348573949, -0.01867101149142071440 ) ) ;
#6500 = VECTOR ( 'NONE', #7178, 1000.000000000000000 ) ;
#6501 = LINE ( 'NONE', #8426, #7448 ) ;
#6502 = ADVANCED_FACE ( 'NONE', ( #7530, #3996 ), #8533, .F. ) ;
#6503 = AXIS2_PLACEMENT_3D ( 'NONE', #7810, #1197, #7253 ) ;
#6504 = SHAPE_DEFINITION_REPRESENTATION ( #7718, #1490 ) ;
#6505 = VERTEX_POINT ( 'NONE', #7225 ) ;
#6506 = CARTESIAN_POINT ( 'NONE',  ( 0.0000000000000000000, -1.383471845651435661, 2.731321192064204872 ) ) ;
#6507 = CARTESIAN_POINT ( 'NONE',  ( -0.1060950491469866142, -0.1108404744450473406, -0.02867101149142507743 ) ) ;
#6508 = FACE_OUTER_BOUND ( 'NONE', #3677, .T. ) ;
#6509 = FACE_OUTER_BOUND ( 'NONE', #5761, .T. ) ;
#6510 = DIRECTION ( 'NONE',  ( 0.9407669869669992302, -0.3390537954853683478, -1.183799999801099794E-15 ) ) ;
#6511 = CARTESIAN_POINT ( 'NONE',  ( 0.001222024023745052739, -0.09986486468894985313, -0.02867101149142507743 ) ) ;
#6512 = EDGE_CURVE ( 'NONE', #2562, #4297, #7316, .T. ) ;
#6513 = ORIENTED_EDGE ( 'NONE', *, *, #4310, .F. ) ;
#6514 = CARTESIAN_POINT ( 'NONE',  ( -1.599999999999999423, 1.186528154348567510, 1.839362977258476528 ) ) ;
#6515 = EDGE_CURVE ( 'NONE', #8593, #4969, #2256, .T. ) ;
#6516 = VERTEX_POINT ( 'NONE', #8419 ) ;
#6517 = VECTOR ( 'NONE', #2275, 1000.000000000000000 ) ;
#6518 = PRESENTATION_STYLE_ASSIGNMENT (( #5482 ) ) ;
#6519 = MECHANICAL_DESIGN_GEOMETRIC_PRESENTATION_REPRESENTATION (  '', ( #6872 ), #4633 ) ;
#6520 = CARTESIAN_POINT ( 'NONE',  ( 2.600000000000000533, 0.6865281543485739491, -0.02867101149142377639 ) ) ;
#6521 = DIRECTION ( 'NONE',  ( 0.0000000000000000000, 4.336808689942017736E-15, -1.000000000000000000 ) ) ;
#6522 = ORIENTED_EDGE ( 'NONE', *, *, #2979, .F. ) ;
#6523 = LINE ( 'NONE', #2470, #8116 ) ;
#6524 = LINE ( 'NONE', #5600, #8509 ) ;
#6525 = DIRECTION ( 'NONE',  ( 0.0000000000000000000, 1.000000000000000000, 3.491481338843133355E-15 ) ) ;
#6526 = EDGE_CURVE ( 'NONE', #3419, #6613, #3790, .T. ) ;
#6527 = CARTESIAN_POINT ( 'NONE',  ( -2.948179295342850725, -1.383471845651432108, 1.746328988508570212 ) ) ;
#6528 =( NAMED_UNIT ( * ) PLANE_ANGLE_UNIT ( ) SI_UNIT ( $, .RADIAN. ) );
#6529 = AXIS2_PLACEMENT_3D ( 'NONE', #3464, #1456, #5463 ) ;
#6530 = VECTOR ( 'NONE', #3762, 1000.000000000000000 ) ;
#6531 = SURFACE_SIDE_STYLE ('',( #7694 ) ) ;
#6532 = ORIENTED_EDGE ( 'NONE', *, *, #7246, .F. ) ;
#6533 = LINE ( 'NONE', #2912, #1487 ) ;
#6534 = VECTOR ( 'NONE', #4422, 1000.000000000000000 ) ;
#6535 = DIRECTION ( 'NONE',  ( -1.000000000000000000, -1.376535146460480779E-30, 3.942553354492742545E-16 ) ) ;
#6536 = DIRECTION ( 'NONE',  ( 1.000000000000000000, 0.0000000000000000000, 0.0000000000000000000 ) ) ;
#6537 = CARTESIAN_POINT ( 'NONE',  ( 0.1231361952221499273, -0.09299731286558851617, -0.02867101149142507743 ) ) ;
#6538 = CARTESIAN_POINT ( 'NONE',  ( -0.09793096656189037574, -0.04905765402574085304, -0.01867101149142621000 ) ) ;
#6539 = PRESENTATION_STYLE_ASSIGNMENT (( #366 ) ) ;
#6540 = B_SPLINE_CURVE_WITH_KNOTS ( 'NONE', 3,
 ( #6374, #4964, #5778, #4502, #6398, #7091, #1121, #5067, #6448, #4478, #5140 ),
 .UNSPECIFIED., .F., .F.,
 ( 4, 1, 1, 1, 1, 1, 1, 1, 4 ),
 ( 0.0000000000000000000, 0.1451868664724695890, 0.2834426109197293875, 0.4165243659288279110, 0.5431811235350815226, 0.6651530826377132222, 0.7813602063127137454, 0.8927566556418080612, 1.000000000000000000 ),
 .UNSPECIFIED. ) ;
#6541 = EDGE_CURVE ( 'NONE', #7027, #4327, #7102, .T. ) ;
#6542 =( GEOMETRIC_REPRESENTATION_CONTEXT ( 3 ) GLOBAL_UNCERTAINTY_ASSIGNED_CONTEXT ( ( #7897 ) ) GLOBAL_UNIT_ASSIGNED_CONTEXT ( ( #1979, #4166, #8606 ) ) REPRESENTATION_CONTEXT ( 'NONE', 'WORKASPACE' ) );
#6543 = SURFACE_STYLE_USAGE ( .BOTH. , #7924 ) ;
#6544 =( NAMED_UNIT ( * ) SI_UNIT ( $, .STERADIAN. ) SOLID_ANGLE_UNIT ( ) );
#6545 = CARTESIAN_POINT ( 'NONE',  ( -0.1512534321230561418, -0.02716615095683092701, -0.02867101149142507743 ) ) ;
#6546 = ADVANCED_FACE ( 'NONE', ( #47 ), #557, .T. ) ;
#6547 = ORIENTED_EDGE ( 'NONE', *, *, #5663, .T. ) ;
#6548 = CARTESIAN_POINT ( 'NONE',  ( -0.05866266272536763832, -0.09845496844593389085, -0.01867101149142505120 ) ) ;
#6549 = VECTOR ( 'NONE', #692, 1000.000000000000000 ) ;
#6550 = VERTEX_POINT ( 'NONE', #2531 ) ;
#6551 = EDGE_CURVE ( 'NONE', #6168, #6786, #8270, .T. ) ;
#6552 = PRESENTATION_LAYER_ASSIGNMENT (  '', '', ( #6401 ) ) ;
#6553 = ORIENTED_EDGE ( 'NONE', *, *, #6972, .F. ) ;
#6554 = CARTESIAN_POINT ( 'NONE',  ( 0.07531198874394579024, -0.09519969327748535604, -0.02867101149142507743 ) ) ;
#6555 = CARTESIAN_POINT ( 'NONE',  ( 0.1162327094089008056, -0.02489098387735317122, -0.01867101149142505120 ) ) ;
#6556 = PRESENTATION_LAYER_ASSIGNMENT (  '', '', ( #3177 ) ) ;
#6557 = DIRECTION ( 'NONE',  ( 2.891205793294678326E-16, 3.491481338843133355E-15, -1.000000000000000000 ) ) ;
#6558 = DIRECTION ( 'NONE',  ( 0.0000000000000000000, -3.491481338843133355E-15, 1.000000000000000000 ) ) ;
#6559 = CIRCLE ( 'NONE', #5175, 0.2999999999999999334 ) ;
#6560 = CARTESIAN_POINT ( 'NONE',  ( 0.1307751191004726254, -0.02075252065234737403, -0.01867101149142505120 ) ) ;
#6561 = DIRECTION ( 'NONE',  ( -1.000000000000000000, 0.0000000000000000000, -0.0000000000000000000 ) ) ;
#6562 = FACE_OUTER_BOUND ( 'NONE', #7411, .T. ) ;
#6563 = VERTEX_POINT ( 'NONE', #7841 ) ;
#6564 = CARTESIAN_POINT ( 'NONE',  ( 1.803784506222427808, 1.186528154348563957, 2.921328988508579361 ) ) ;
#6565 = CARTESIAN_POINT ( 'NONE',  ( 0.1330029426303703521, -0.07804324882599335267, -0.01867101149142505120 ) ) ;
#6566 = LINE ( 'NONE', #1378, #7628 ) ;
#6567 = FILL_AREA_STYLE ('',( #5326 ) ) ;
#6568 = UNCERTAINTY_MEASURE_WITH_UNIT (LENGTH_MEASURE( 1.000000000000000082E-05 ), #237, 'distance_accuracy_value', 'NONE');
#6569 = DIRECTION ( 'NONE',  ( -1.000000000000000000, 0.0000000000000000000, 0.0000000000000000000 ) ) ;
#6570 = PRESENTATION_LAYER_ASSIGNMENT (  '', '', ( #3475 ) ) ;
#6571 = PLANE ( 'NONE',  #4697 ) ;
#6572 = ORIENTED_EDGE ( 'NONE', *, *, #491, .F. ) ;
#6573 = VECTOR ( 'NONE', #8026, 1000.000000000000000 ) ;
#6574 = EDGE_LOOP ( 'NONE', ( #5088, #7286, #3703, #1642 ) ) ;
#6575 = VERTEX_POINT ( 'NONE', #5217 ) ;
#6576 = CARTESIAN_POINT ( 'NONE',  ( -0.08394460389428659575, -0.04701758868164390703, -0.02867101149142507743 ) ) ;
#6577 = EDGE_CURVE ( 'NONE', #8431, #1635, #5450, .T. ) ;
#6578 =( GEOMETRIC_REPRESENTATION_CONTEXT ( 3 ) GLOBAL_UNCERTAINTY_ASSIGNED_CONTEXT ( ( #5039 ) ) GLOBAL_UNIT_ASSIGNED_CONTEXT ( ( #6167, #3424, #8103 ) ) REPRESENTATION_CONTEXT ( 'NONE', 'WORKASPACE' ) );
#6579 = FACE_BOUND ( 'NONE', #8337, .T. ) ;
#6580 = CARTESIAN_POINT ( 'NONE',  ( 0.05488056060911092326, -0.01084047444504729341, -0.02867101149142507743 ) ) ;
#6581 = CIRCLE ( 'NONE', #6787, 0.09999999999999982514 ) ;
#6582 = ORIENTED_EDGE ( 'NONE', *, *, #4124, .F. ) ;
#6583 = CARTESIAN_POINT ( 'NONE',  ( -1.500000000000000222, -1.083471845651435395, 2.646328988508571900 ) ) ;
#6584 = DIRECTION ( 'NONE',  ( 1.000000000000000000, 1.514188661106529085E-30, -4.336808689942017736E-16 ) ) ;
#6585 = FILL_AREA_STYLE_COLOUR ( '', #5192 ) ;
#6586 = ADVANCED_FACE ( 'NONE', ( #3680 ), #2, .F. ) ;
#6587 = COLOUR_RGB ( '',1.000000000000000000, 1.000000000000000000, 1.000000000000000000 ) ;
#6588 = ORIENTED_EDGE ( 'NONE', *, *, #4290, .T. ) ;
#6589 = SURFACE_STYLE_USAGE ( .BOTH. , #3932 ) ;
#6590 = ORIENTED_EDGE ( 'NONE', *, *, #2538, .T. ) ;
#6591 =( GEOMETRIC_REPRESENTATION_CONTEXT ( 3 ) GLOBAL_UNCERTAINTY_ASSIGNED_CONTEXT ( ( #4395 ) ) GLOBAL_UNIT_ASSIGNED_CONTEXT ( ( #951, #1705, #6321 ) ) REPRESENTATION_CONTEXT ( 'NONE', 'WORKASPACE' ) );
#6592 =( LENGTH_UNIT ( ) NAMED_UNIT ( * ) SI_UNIT ( .MILLI., .METRE. ) );
#6593 = EDGE_CURVE ( 'NONE', #2344, #2872, #6170, .T. ) ;
#6594 = EDGE_LOOP ( 'NONE', ( #490, #549, #4212, #8065 ) ) ;
#6595 = STYLED_ITEM ( 'NONE', ( #2007 ), #7562 ) ;
#6596 =( LENGTH_UNIT ( ) NAMED_UNIT ( * ) SI_UNIT ( .MILLI., .METRE. ) );
#6597 = ORIENTED_EDGE ( 'NONE', *, *, #7507, .F. ) ;
#6598 = EDGE_LOOP ( 'NONE', ( #2534, #4390, #3021, #2367 ) ) ;
#6599 = DIRECTION ( 'NONE',  ( 0.0000000000000000000, -1.000000000000000000, -3.491481338843133355E-15 ) ) ;
#6600 = VECTOR ( 'NONE', #4197, 1000.000000000000114 ) ;
#6601 = EDGE_LOOP ( 'NONE', ( #8381, #2219, #3719, #1034 ) ) ;
#6602 = DIRECTION ( 'NONE',  ( 0.0000000000000000000, -1.000000000000000000, -3.491481338843133355E-15 ) ) ;
#6603 = PRESENTATION_STYLE_ASSIGNMENT (( #760 ) ) ;
#6604 = FILL_AREA_STYLE ('',( #570 ) ) ;
#6605 = CARTESIAN_POINT ( 'NONE',  ( -0.08533063766704415687, -0.05833656422801501706, -0.01867101149142505120 ) ) ;
#6606 = CARTESIAN_POINT ( 'NONE',  ( 0.07528079429383800758, -0.02648299373126565895, -0.01867101149142505120 ) ) ;
#6607 = ORIENTED_EDGE ( 'NONE', *, *, #653, .F. ) ;
#6608 =( GEOMETRIC_REPRESENTATION_CONTEXT ( 3 ) GLOBAL_UNCERTAINTY_ASSIGNED_CONTEXT ( ( #5630 ) ) GLOBAL_UNIT_ASSIGNED_CONTEXT ( ( #5365, #1415, #7451 ) ) REPRESENTATION_CONTEXT ( 'NONE', 'WORKASPACE' ) );
#6609 = CARTESIAN_POINT ( 'NONE',  ( 0.08209083348231233090, -0.01112291661112979092, -0.01867101149142505120 ) ) ;
#6610 = ORIENTED_EDGE ( 'NONE', *, *, #1368, .T. ) ;
#6611 = LINE ( 'NONE', #5115, #1228 ) ;
#6612 = CARTESIAN_POINT ( 'NONE',  ( 0.1951244630481353548, -0.01084047444504729341, -0.02867101149142507743 ) ) ;
#6613 = VERTEX_POINT ( 'NONE', #8564 ) ;
#6614 = DIRECTION ( 'NONE',  ( 1.000000000000000000, 0.0000000000000000000, 0.0000000000000000000 ) ) ;
#6615 = CARTESIAN_POINT ( 'NONE',  ( -3.149999999999996803, 1.186528154348571285, 0.7213289885085804043 ) ) ;
#6616 = ORIENTED_EDGE ( 'NONE', *, *, #2990, .T. ) ;
#6617 = VECTOR ( 'NONE', #2829, 1000.000000000000000 ) ;
#6618 = SURFACE_STYLE_FILL_AREA ( #6567 ) ;
#6619 = FACE_OUTER_BOUND ( 'NONE', #6574, .T. ) ;
#6620 =( GEOMETRIC_REPRESENTATION_CONTEXT ( 3 ) GLOBAL_UNCERTAINTY_ASSIGNED_CONTEXT ( ( #4202 ) ) GLOBAL_UNIT_ASSIGNED_CONTEXT ( ( #2137, #805, #2452 ) ) REPRESENTATION_CONTEXT ( 'NONE', 'WORKASPACE' ) );
#6621 = STYLED_ITEM ( 'NONE', ( #7919 ), #7080 ) ;
#6622 =( NAMED_UNIT ( * ) SI_UNIT ( $, .STERADIAN. ) SOLID_ANGLE_UNIT ( ) );
#6623 = EDGE_LOOP ( 'NONE', ( #4479, #7260, #7674, #634 ) ) ;
#6624 = FILL_AREA_STYLE_COLOUR ( '', #2753 ) ;
#6625 = DIRECTION ( 'NONE',  ( 0.0000000000000000000, -1.000000000000000000, -3.491481338843133355E-15 ) ) ;
#6626 = CARTESIAN_POINT ( 'NONE',  ( -0.1520363601225961647, -0.03004779151821821565, -0.01867101149142505120 ) ) ;
#6627 = DIRECTION ( 'NONE',  ( 1.000000000000000000, 0.0000000000000000000, 0.0000000000000000000 ) ) ;
#6628 = ORIENTED_EDGE ( 'NONE', *, *, #4268, .F. ) ;
#6629 = CARTESIAN_POINT ( 'NONE',  ( -0.09877797597625495585, -0.05958285249382781756, -0.01867101149142621000 ) ) ;
#6630 = FACE_OUTER_BOUND ( 'NONE', #7154, .T. ) ;
#6631 = CARTESIAN_POINT ( 'NONE',  ( -3.500000000000000444, -1.283471845651425802, -0.02867101149142898056 ) ) ;
#6632 =( NAMED_UNIT ( * ) SI_UNIT ( $, .STERADIAN. ) SOLID_ANGLE_UNIT ( ) );
#6633 = EDGE_CURVE ( 'NONE', #1579, #7748, #6382, .T. ) ;
#6634 = CARTESIAN_POINT ( 'NONE',  ( 0.1390647760839438529, -0.09506222077848139329, -0.01867101149142489855 ) ) ;
#6635 = STYLED_ITEM ( 'NONE', ( #7319 ), #2816 ) ;
#6636 = VERTEX_POINT ( 'NONE', #4552 ) ;
#6637 = ADVANCED_FACE ( 'NONE', ( #1084 ), #839, .F. ) ;
#6638 = COLOUR_RGB ( '',0.7764705882352941346, 0.7568627450980391913, 0.7372549019607843590 ) ;
#6639 = FACE_OUTER_BOUND ( 'NONE', #8582, .T. ) ;
#6640 = FILL_AREA_STYLE ('',( #3320 ) ) ;
#6641 = CARTESIAN_POINT ( 'NONE',  ( 0.08209083348231233090, -0.01112291661112961051, -0.01867101149142505120 ) ) ;
#6642 = FACE_OUTER_BOUND ( 'NONE', #1530, .T. ) ;
#6643 = PLANE ( 'NONE',  #3429 ) ;
#6644 = CARTESIAN_POINT ( 'NONE',  ( -0.07151231177045828946, -0.1054558385694525507, -0.02867101149142507743 ) ) ;
#6645 = CARTESIAN_POINT ( 'NONE',  ( -1.600000000000000089, 1.186528154348571285, 0.7213289885085795161 ) ) ;
#6646 = SURFACE_STYLE_FILL_AREA ( #2838 ) ;
#6647 = CARTESIAN_POINT ( 'NONE',  ( 2.549999999999998046, 0.6865281543485739491, -0.02867101149142377639 ) ) ;
#6648 =( GEOMETRIC_REPRESENTATION_CONTEXT ( 3 ) GLOBAL_UNCERTAINTY_ASSIGNED_CONTEXT ( ( #1324 ) ) GLOBAL_UNIT_ASSIGNED_CONTEXT ( ( #1050, #6212, #6330 ) ) REPRESENTATION_CONTEXT ( 'NONE', 'WORKASPACE' ) );
#6649 = CARTESIAN_POINT ( 'NONE',  ( -0.1506315846008844939, -0.02380433379336631058, -0.02867101149142507743 ) ) ;
#6650 = SURFACE_SIDE_STYLE ('',( #2377 ) ) ;
#6651 = LINE ( 'NONE', #4529, #3552 ) ;
#6652 = VECTOR ( 'NONE', #4240, 1000.000000000000000 ) ;
#6653 =( NAMED_UNIT ( * ) PLANE_ANGLE_UNIT ( ) SI_UNIT ( $, .RADIAN. ) );
#6654 = FILL_AREA_STYLE ('',( #5235 ) ) ;
#6655 = LINE ( 'NONE', #1204, #3655 ) ;
#6656 = FILL_AREA_STYLE ('',( #138 ) ) ;
#6657 = EDGE_CURVE ( 'NONE', #1011, #2810, #3272, .T. ) ;
#6658 = SURFACE_SIDE_STYLE ('',( #6153 ) ) ;
#6659 = EDGE_LOOP ( 'NONE', ( #6096, #2873, #2908, #7707 ) ) ;
#6660 = EDGE_CURVE ( 'NONE', #1526, #4470, #3058, .T. ) ;
#6661 = EDGE_CURVE ( 'NONE', #5040, #1513, #7943, .T. ) ;
#6662 = FILL_AREA_STYLE_COLOUR ( '', #372 ) ;
#6663 = COLOUR_RGB ( '',0.7764705882352941346, 0.7568627450980391913, 0.7372549019607843590 ) ;
#6664 = SURFACE_STYLE_USAGE ( .BOTH. , #5330 ) ;
#6665 = DIRECTION ( 'NONE',  ( 0.0000000000000000000, -3.491481338843133355E-15, 1.000000000000000000 ) ) ;
#6666 = STYLED_ITEM ( 'NONE', ( #5803 ), #4916 ) ;
#6667 = DIRECTION ( 'NONE',  ( -3.942553354492742545E-16, 3.491481338843133355E-15, -1.000000000000000000 ) ) ;
#6668 = FILL_AREA_STYLE ('',( #4799 ) ) ;
#6669 = ORIENTED_EDGE ( 'NONE', *, *, #2266, .T. ) ;
#6670 = CARTESIAN_POINT ( 'NONE',  ( 0.09676284405892392193, -0.009629296693486586595, -0.01867101149142461752 ) ) ;
#6671 = UNCERTAINTY_MEASURE_WITH_UNIT (LENGTH_MEASURE( 1.000000000000000082E-05 ), #7898, 'distance_accuracy_value', 'NONE');
#6672 = ORIENTED_EDGE ( 'NONE', *, *, #7363, .T. ) ;
#6673 = FACE_OUTER_BOUND ( 'NONE', #6763, .T. ) ;
#6674 = CARTESIAN_POINT ( 'NONE',  ( 0.1353683654871597197, -0.06190754761577904608, -0.02867101149142507743 ) ) ;
#6675 = FACE_OUTER_BOUND ( 'NONE', #4956, .T. ) ;
#6676 = CARTESIAN_POINT ( 'NONE',  ( -0.1520363601225964145, -0.03004779151821778196, -0.02867101149142507743 ) ) ;
#6677 = CARTESIAN_POINT ( 'NONE',  ( 3.850000000000000089, -0.7834718456514286888, 0.4713289885085727438 ) ) ;
#6678 = PRESENTATION_LAYER_ASSIGNMENT (  '', '', ( #6245 ) ) ;
#6679 = SURFACE_STYLE_FILL_AREA ( #4973 ) ;
#6680 = CARTESIAN_POINT ( 'NONE',  ( 0.1452980803958951184, -0.04113108377825826223, -0.01867101149142582836 ) ) ;
#6681 = SURFACE_STYLE_USAGE ( .BOTH. , #2651 ) ;
#6682 = SURFACE_SIDE_STYLE ('',( #5168 ) ) ;
#6683 = EDGE_LOOP ( 'NONE', ( #1872, #5141, #6921, #8585 ) ) ;
#6684 = DIRECTION ( 'NONE',  ( 0.0000000000000000000, 1.000000000000000000, 3.491481338843133355E-15 ) ) ;
#6685 = CARTESIAN_POINT ( 'NONE',  ( -2.549999999999997158, 0.6865281543485717286, 0.7213289885085777398 ) ) ;
#6686 = EDGE_LOOP ( 'NONE', ( #7945, #3811, #7580, #8262 ) ) ;
#6687 = CLOSED_SHELL ( 'NONE', ( #1839, #5472, #3214, #3460, #4504, #8059, #3917, #6689, #720, #8430, #2225, #3776, #7562, #678, #3816, #1710, #1494, #3168 ) ) ;
#6688 = FACE_OUTER_BOUND ( 'NONE', #7119, .T. ) ;
#6689 = ADVANCED_FACE ( 'NONE', ( #4834 ), #4396, .T. ) ;
#6690 = FILL_AREA_STYLE_COLOUR ( '', #2914 ) ;
#6691 = EDGE_CURVE ( 'NONE', #6730, #5570, #5844, .T. ) ;
#6692 = SURFACE_STYLE_USAGE ( .BOTH. , #1407 ) ;
#6693 = SURFACE_STYLE_FILL_AREA ( #8552 ) ;
#6694 = ORIENTED_EDGE ( 'NONE', *, *, #7197, .F. ) ;
#6695 = FILL_AREA_STYLE ('',( #829 ) ) ;
#6696 = COLOUR_RGB ( '',0.7764705882352941346, 0.7568627450980391913, 0.7372549019607843590 ) ;
#6697 = PRESENTATION_LAYER_ASSIGNMENT (  '', '', ( #2700 ) ) ;
#6698 =( NAMED_UNIT ( * ) SI_UNIT ( $, .STERADIAN. ) SOLID_ANGLE_UNIT ( ) );
#6699 = DIRECTION ( 'NONE',  ( 1.000000000000000000, -7.569195613534737154E-30, 2.167903786088317724E-15 ) ) ;
#6700 = CARTESIAN_POINT ( 'NONE',  ( 0.1470795281475745508, -0.07816515675816904096, -0.01867101149142489855 ) ) ;
#6701 = LINE ( 'NONE', #4244, #6482 ) ;
#6702 = VECTOR ( 'NONE', #4729, 1000.000000000000000 ) ;
#6703 = DIRECTION ( 'NONE',  ( 1.000000000000000000, 0.0000000000000000000, 0.0000000000000000000 ) ) ;
#6704 = DIRECTION ( 'NONE',  ( -0.0000000000000000000, 1.000000000000000000, 3.491481338843133355E-15 ) ) ;
#6705 = ORIENTED_EDGE ( 'NONE', *, *, #5480, .F. ) ;
#6706 = EDGE_CURVE ( 'NONE', #1643, #6326, #1180, .T. ) ;
#6707 = CARTESIAN_POINT ( 'NONE',  ( 0.09792553012130604528, -0.009620962249925471207, -0.02867101149142464375 ) ) ;
#6708 = STYLED_ITEM ( 'NONE', ( #4719 ), #3213 ) ;
#6709 = CARTESIAN_POINT ( 'NONE',  ( -2.699999999999999734, -1.283471845651426690, 0.1713289885085706732 ) ) ;
#6710 = ORIENTED_EDGE ( 'NONE', *, *, #6056, .F. ) ;
#6711 = LINE ( 'NONE', #4926, #7969 ) ;
#6712 = ORIENTED_EDGE ( 'NONE', *, *, #4441, .F. ) ;
#6713 = CARTESIAN_POINT ( 'NONE',  ( 0.1468583230632884706, -0.04613078164007310827, -0.02867101149142507743 ) ) ;
#6714 = CARTESIAN_POINT ( 'NONE',  ( 0.07982953784248580931, -0.02417127338370773232, -0.02867101149142507743 ) ) ;
#6715 = CARTESIAN_POINT ( 'NONE',  ( 2.569584527152437570, -1.083471845651426513, 0.1213289885085715447 ) ) ;
#6716 = ORIENTED_EDGE ( 'NONE', *, *, #323, .T. ) ;
#6717 = ORIENTED_EDGE ( 'NONE', *, *, #5250, .F. ) ;
#6718 = CARTESIAN_POINT ( 'NONE',  ( 0.09885213440619379510, -0.1010685228293296961, -0.02867101149142507743 ) ) ;
#6719 = ORIENTED_EDGE ( 'NONE', *, *, #3938, .T. ) ;
#6720 = DIRECTION ( 'NONE',  ( 1.000000000000000000, 0.0000000000000000000, 0.0000000000000000000 ) ) ;
#6721 = SURFACE_SIDE_STYLE ('',( #5321 ) ) ;
#6722 = EDGE_CURVE ( 'NONE', #5486, #4341, #7405, .T. ) ;
#6723 = COLOUR_RGB ( '',0.1098039215686274495, 0.1098039215686274495, 0.1098039215686274495 ) ;
#6724 = VECTOR ( 'NONE', #3812, 1000.000000000000000 ) ;
#6725 = CARTESIAN_POINT ( 'NONE',  ( -0.09045449526895553427, -0.08930949181369836343, -0.01867101149142505120 ) ) ;
#6726 = CARTESIAN_POINT ( 'NONE',  ( 2.799999999999999822, -1.283471845651426024, 0.02132898850857102221 ) ) ;
#6727 = VECTOR ( 'NONE', #6809, 1000.000000000000000 ) ;
#6728 = CARTESIAN_POINT ( 'NONE',  ( -0.1715866650006451499, -0.08279169395724239600, -0.02867101149142507743 ) ) ;
#6729 = CARTESIAN_POINT ( 'NONE',  ( 0.07439275573106213235, -0.1056575476157790017, -0.02867101149142507743 ) ) ;
#6730 = VERTEX_POINT ( 'NONE', #5491 ) ;
#6731 = FACE_OUTER_BOUND ( 'NONE', #8307, .T. ) ;
#6732 = VECTOR ( 'NONE', #1081, 1000.000000000000000 ) ;
#6733 = SURFACE_STYLE_USAGE ( .BOTH. , #865 ) ;
#6734 = ADVANCED_FACE ( 'NONE', ( #2038 ), #6826, .F. ) ;
#6735 = MECHANICAL_DESIGN_GEOMETRIC_PRESENTATION_REPRESENTATION (  '', ( #4497 ), #7742 ) ;
#6736 = FACE_OUTER_BOUND ( 'NONE', #6830, .T. ) ;
#6737 = CARTESIAN_POINT ( 'NONE',  ( -0.09305725257966029895, -0.03522157705092266583, -0.02867101149142507743 ) ) ;
#6738 = MECHANICAL_DESIGN_GEOMETRIC_PRESENTATION_REPRESENTATION (  '', ( #5841 ), #5780 ) ;
#6739 = ORIENTED_EDGE ( 'NONE', *, *, #5940, .T. ) ;
#6740 = VECTOR ( 'NONE', #7889, 1000.000000000000000 ) ;
#6741 = CARTESIAN_POINT ( 'NONE',  ( 2.549999999999996270, 1.186528154348571285, 0.7213289885085795161 ) ) ;
#6742 = CARTESIAN_POINT ( 'NONE',  ( 0.0000000000000000000, -1.383471845651430332, 1.177033865392921985 ) ) ;
#6743 = DIRECTION ( 'NONE',  ( -0.3536223923290756632, 0.9353882635801357148, 3.265890666862925973E-15 ) ) ;
#6744 = VECTOR ( 'NONE', #6022, 1000.000000000000000 ) ;
#6745 = CARTESIAN_POINT ( 'NONE',  ( -0.09865902558768538388, -0.06517415170928823887, -0.01867101149142505120 ) ) ;
#6746 = ORIENTED_EDGE ( 'NONE', *, *, #3426, .F. ) ;
#6747 = PRESENTATION_STYLE_ASSIGNMENT (( #3271 ) ) ;
#6748 = MECHANICAL_DESIGN_GEOMETRIC_PRESENTATION_REPRESENTATION (  '', ( #7803 ), #3906 ) ;
#6749 = PRESENTATION_LAYER_ASSIGNMENT (  '', '', ( #5692 ) ) ;
#6750 = DIRECTION ( 'NONE',  ( -1.972152263052529514E-31, 1.000000000000000000, 3.491481338843133750E-15 ) ) ;
#6751 = DIRECTION ( 'NONE',  ( 1.000000000000000000, 0.0000000000000000000, -0.0000000000000000000 ) ) ;
#6752 = DIRECTION ( 'NONE',  ( 0.0000000000000000000, -1.000000000000000000, -3.491481338843133355E-15 ) ) ;
#6753 = COLOUR_RGB ( '',0.7764705882352941346, 0.7568627450980391913, 0.7372549019607843590 ) ;
#6754 = CARTESIAN_POINT ( 'NONE',  ( 0.006100072804232897078, 1.186528154348573949, -0.01867101149142071440 ) ) ;
#6755 =( NAMED_UNIT ( * ) PLANE_ANGLE_UNIT ( ) SI_UNIT ( $, .RADIAN. ) );
#6756 = EDGE_LOOP ( 'NONE', ( #8284, #1248, #1850, #1750 ) ) ;
#6757 = FACE_OUTER_BOUND ( 'NONE', #5137, .T. ) ;
#6758 = CARTESIAN_POINT ( 'NONE',  ( 0.0000000000000000000, 0.6865281543485678428, 1.746328988508577318 ) ) ;
#6759 = EDGE_CURVE ( 'NONE', #2061, #6924, #4093, .T. ) ;
#6760 = PRODUCT_CONTEXT ( 'NONE', #20, 'mechanical' ) ;
#6761 =( NAMED_UNIT ( * ) PLANE_ANGLE_UNIT ( ) SI_UNIT ( $, .RADIAN. ) );
#6762 =( GEOMETRIC_REPRESENTATION_CONTEXT ( 3 ) GLOBAL_UNCERTAINTY_ASSIGNED_CONTEXT ( ( #5244 ) ) GLOBAL_UNIT_ASSIGNED_CONTEXT ( ( #2047, #6653, #2690 ) ) REPRESENTATION_CONTEXT ( 'NONE', 'WORKASPACE' ) );
#6763 = EDGE_LOOP ( 'NONE', ( #6597, #283, #2441, #4530 ) ) ;
#6764 = COLOUR_RGB ( '',1.000000000000000000, 1.000000000000000000, 1.000000000000000000 ) ;
#6765 = CARTESIAN_POINT ( 'NONE',  ( -0.04645328085430373843, -0.02181608420114477739, -0.02867101149142507743 ) ) ;
#6766 = CARTESIAN_POINT ( 'NONE',  ( 1.600000000000001643, 1.186528154348567066, 1.839362977258474974 ) ) ;
#6767 = DIRECTION ( 'NONE',  ( -1.000000000000000000, -0.0000000000000000000, 0.0000000000000000000 ) ) ;
#6768 = CARTESIAN_POINT ( 'NONE',  ( -0.07599567996070623332, -0.01820603830979218227, -0.02867101149142507743 ) ) ;
#6769 =( NAMED_UNIT ( * ) SI_UNIT ( $, .STERADIAN. ) SOLID_ANGLE_UNIT ( ) );
#6770 = PRESENTATION_STYLE_ASSIGNMENT (( #3646 ) ) ;
#6771 = CARTESIAN_POINT ( 'NONE',  ( -1.600000000000000311, -1.083471845651429843, 1.096328988508571189 ) ) ;
#6772 = ORIENTED_EDGE ( 'NONE', *, *, #4525, .F. ) ;
#6773 = CARTESIAN_POINT ( 'NONE',  ( 0.09792553012130604528, -0.009620962249925507637, -0.01867101149142539468 ) ) ;
#6774 = CARTESIAN_POINT ( 'NONE',  ( 0.09466644745329690080, -0.02064411841101822243, -0.01867101149142505120 ) ) ;
#6775 = FACE_OUTER_BOUND ( 'NONE', #391, .T. ) ;
#6776 = PRESENTATION_LAYER_ASSIGNMENT (  '', '', ( #2490 ) ) ;
#6777 = EDGE_CURVE ( 'NONE', #3605, #887, #8334, .T. ) ;
#6778 = ADVANCED_FACE ( 'NONE', ( #7823 ), #2532, .T. ) ;
#6779 = CARTESIAN_POINT ( 'NONE',  ( 2.569584527152437570, -1.083471845651426513, 0.1713289885085715336 ) ) ;
#6780 = DIRECTION ( 'NONE',  ( 0.0000000000000000000, -1.000000000000000000, -3.491481338843133355E-15 ) ) ;
#6781 = EDGE_LOOP ( 'NONE', ( #5686, #1105, #4100, #2207, #124, #301, #8466, #2064, #6588, #3382, #5421, #111 ) ) ;
#6782 = PLANE ( 'NONE',  #638 ) ;
#6783 =( LENGTH_UNIT ( ) NAMED_UNIT ( * ) SI_UNIT ( .MILLI., .METRE. ) );
#6784 = LINE ( 'NONE', #2843, #5020 ) ;
#6785 = PLANE ( 'NONE',  #7397 ) ;
#6786 = VERTEX_POINT ( 'NONE', #1709 ) ;
#6787 = AXIS2_PLACEMENT_3D ( 'NONE', #7484, #6240, #3515 ) ;
#6788 = EDGE_CURVE ( 'NONE', #3501, #984, #7304, .T. ) ;
#6789 = DIRECTION ( 'NONE',  ( 1.000000000000000000, 0.0000000000000000000, 0.0000000000000000000 ) ) ;
#6790 = APPLICATION_CONTEXT ( 'automotive_design' ) ;
#6791 = ORIENTED_EDGE ( 'NONE', *, *, #2693, .F. ) ;
#6792 = DIRECTION ( 'NONE',  ( 0.0000000000000000000, -1.000000000000000000, -3.491481338843133355E-15 ) ) ;
#6793 = AXIS2_PLACEMENT_3D ( 'NONE', #7436, #8177, #6810 ) ;
#6794 = EDGE_LOOP ( 'NONE', ( #6111, #1938, #3702, #2853 ) ) ;
#6795 = DIRECTION ( 'NONE',  ( 0.0000000000000000000, -3.491481338843133355E-15, 1.000000000000000000 ) ) ;
#6796 = FILL_AREA_STYLE ('',( #1914 ) ) ;
#6797 = LINE ( 'NONE', #7923, #6256 ) ;
#6798 =( NAMED_UNIT ( * ) SI_UNIT ( $, .STERADIAN. ) SOLID_ANGLE_UNIT ( ) );
#6799 = CARTESIAN_POINT ( 'NONE',  ( 0.04146592646276945487, -0.05474291346943765957, -0.02867101149142507743 ) ) ;
#6800 = CARTESIAN_POINT ( 'NONE',  ( -0.04834762645629605421, -0.01088143391143317137, -0.02867101149142507743 ) ) ;
#6801 = FACE_OUTER_BOUND ( 'NONE', #7786, .T. ) ;
#6802 = ORIENTED_EDGE ( 'NONE', *, *, #3744, .F. ) ;
#6803 =( NAMED_UNIT ( * ) PLANE_ANGLE_UNIT ( ) SI_UNIT ( $, .RADIAN. ) );
#6804 = VERTEX_POINT ( 'NONE', #7516 ) ;
#6805 =( NAMED_UNIT ( * ) SI_UNIT ( $, .STERADIAN. ) SOLID_ANGLE_UNIT ( ) );
#6806 = ORIENTED_EDGE ( 'NONE', *, *, #751, .T. ) ;
#6807 = CARTESIAN_POINT ( 'NONE',  ( -3.149999999999996803, -1.083471845651428511, 0.7213289885085720776 ) ) ;
#6808 =( GEOMETRIC_REPRESENTATION_CONTEXT ( 3 ) GLOBAL_UNCERTAINTY_ASSIGNED_CONTEXT ( ( #1717 ) ) GLOBAL_UNIT_ASSIGNED_CONTEXT ( ( #5916, #3229, #6544 ) ) REPRESENTATION_CONTEXT ( 'NONE', 'WORKASPACE' ) );
#6809 = DIRECTION ( 'NONE',  ( 1.000000000000000000, 0.0000000000000000000, 0.0000000000000000000 ) ) ;
#6810 = DIRECTION ( 'NONE',  ( 0.0000000000000000000, 4.336808689942017736E-15, -1.000000000000000000 ) ) ;
#6811 = PRESENTATION_LAYER_ASSIGNMENT (  '', '', ( #8035 ) ) ;
#6812 = VECTOR ( 'NONE', #1958, 1000.000000000000000 ) ;
#6813 = PRESENTATION_STYLE_ASSIGNMENT (( #996 ) ) ;
#6814 = ORIENTED_EDGE ( 'NONE', *, *, #5890, .T. ) ;
#6815 = EDGE_CURVE ( 'NONE', #581, #7038, #4649, .T. ) ;
#6816 = CARTESIAN_POINT ( 'NONE',  ( 0.0000000000000000000, -1.333471845651430066, 1.177033865392921985 ) ) ;
#6817 = CARTESIAN_POINT ( 'NONE',  ( 3.649999999999999467, -0.9834718456514257579, -0.02867101149142811320 ) ) ;
#6818 = EDGE_CURVE ( 'NONE', #6575, #3907, #5120, .T. ) ;
#6819 = DIRECTION ( 'NONE',  ( -1.261823884255441284E-30, -1.000000000000000000, -3.491481338843133355E-15 ) ) ;
#6820 = COLOUR_RGB ( '',1.000000000000000000, 1.000000000000000000, 1.000000000000000000 ) ;
#6821 = FILL_AREA_STYLE ('',( #6877 ) ) ;
#6822 = VERTEX_POINT ( 'NONE', #901 ) ;
#6823 = VERTEX_POINT ( 'NONE', #7574 ) ;
#6824 = DIRECTION ( 'NONE',  ( 5.102127870520024926E-16, -3.491481338843133355E-15, 1.000000000000000000 ) ) ;
#6825 = SURFACE_SIDE_STYLE ('',( #1801 ) ) ;
#6826 = PLANE ( 'NONE',  #4304 ) ;
#6827 = ADVANCED_FACE ( 'NONE', ( #7728 ), #4250, .T. ) ;
#6828 = ORIENTED_EDGE ( 'NONE', *, *, #8478, .T. ) ;
#6829 = VECTOR ( 'NONE', #7234, 1000.000000000000000 ) ;
#6830 = EDGE_LOOP ( 'NONE', ( #6334, #5596, #5665, #5409 ) ) ;
#6831 = EDGE_CURVE ( 'NONE', #5555, #3901, #5732, .T. ) ;
#6832 = CARTESIAN_POINT ( 'NONE',  ( 2.535625514828973692, -1.083471845651426513, 0.1580275645301940091 ) ) ;
#6833 = EDGE_LOOP ( 'NONE', ( #7392, #2393, #1659, #5142 ) ) ;
#6834 = LINE ( 'NONE', #8153, #3704 ) ;
#6835 =( GEOMETRIC_REPRESENTATION_CONTEXT ( 3 ) GLOBAL_UNCERTAINTY_ASSIGNED_CONTEXT ( ( #6322 ) ) GLOBAL_UNIT_ASSIGNED_CONTEXT ( ( #5078, #7721, #7098 ) ) REPRESENTATION_CONTEXT ( 'NONE', 'WORKASPACE' ) );
#6836 = LINE ( 'NONE', #7149, #8486 ) ;
#6837 = FILL_AREA_STYLE_COLOUR ( '', #3366 ) ;
#6838 = VECTOR ( 'NONE', #7879, 1000.000000000000000 ) ;
#6839 = CARTESIAN_POINT ( 'NONE',  ( 0.08557160931307312979, -0.02216795948333029689, -0.01867101149142505120 ) ) ;
#6840 = ORIENTED_EDGE ( 'NONE', *, *, #7567, .F. ) ;
#6841 =( LENGTH_UNIT ( ) NAMED_UNIT ( * ) SI_UNIT ( .MILLI., .METRE. ) );
#6842 = LINE ( 'NONE', #5507, #5066 ) ;
#6843 = DIRECTION ( 'NONE',  ( -1.000000000000000000, -0.0000000000000000000, 0.0000000000000000000 ) ) ;
#6844 = FACE_OUTER_BOUND ( 'NONE', #131, .T. ) ;
#6845 = DIRECTION ( 'NONE',  ( 0.0000000000000000000, 4.336808689942017736E-15, -1.000000000000000000 ) ) ;
#6846 = UNCERTAINTY_MEASURE_WITH_UNIT (LENGTH_MEASURE( 1.000000000000000082E-05 ), #765, 'distance_accuracy_value', 'NONE');
#6847 = CARTESIAN_POINT ( 'NONE',  ( 3.475000000000000089, -1.083471845651427623, 0.4963289885085717668 ) ) ;
#6848 = EDGE_CURVE ( 'NONE', #6326, #6516, #5435, .T. ) ;
#6849 = DIRECTION ( 'NONE',  ( 1.000000000000000000, 4.588450488201605226E-31, -1.314184451497581752E-16 ) ) ;
#6850 = AXIS2_PLACEMENT_3D ( 'NONE', #790, #6102, #4709 ) ;
#6851 = ORIENTED_EDGE ( 'NONE', *, *, #4586, .F. ) ;
#6852 = FILL_AREA_STYLE ('',( #8076 ) ) ;
#6853 = LINE ( 'NONE', #1410, #8398 ) ;
#6854 = DIRECTION ( 'NONE',  ( 0.0000000000000000000, -3.491481338843133355E-15, 1.000000000000000000 ) ) ;
#6855 = CARTESIAN_POINT ( 'NONE',  ( 0.09791361960243959162, -0.1120131392854107205, -0.01867101149142505120 ) ) ;
#6856 = CARTESIAN_POINT ( 'NONE',  ( -0.08526708408867100797, -0.05535923181171614055, -0.01867101149142505120 ) ) ;
#6857 = ORIENTED_EDGE ( 'NONE', *, *, #2976, .T. ) ;
#6858 = UNCERTAINTY_MEASURE_WITH_UNIT (LENGTH_MEASURE( 1.000000000000000082E-05 ), #627, 'distance_accuracy_value', 'NONE');
#6859 = CARTESIAN_POINT ( 'NONE',  ( 0.1330029426303703521, -0.07804324882599353308, -0.01867101149142505120 ) ) ;
#6860 = SURFACE_STYLE_FILL_AREA ( #4402 ) ;
#6861 = DIRECTION ( 'NONE',  ( 1.000000000000000000, 0.0000000000000000000, 0.0000000000000000000 ) ) ;
#6862 =( NAMED_UNIT ( * ) SI_UNIT ( $, .STERADIAN. ) SOLID_ANGLE_UNIT ( ) );
#6863 = CARTESIAN_POINT ( 'NONE',  ( 2.422348207309731549, -1.083471845651426291, 0.07132898850857127826 ) ) ;
#6864 = SURFACE_STYLE_USAGE ( .BOTH. , #2261 ) ;
#6865 = ORIENTED_EDGE ( 'NONE', *, *, #3436, .F. ) ;
#6866 = UNCERTAINTY_MEASURE_WITH_UNIT (LENGTH_MEASURE( 1.000000000000000082E-05 ), #171, 'distance_accuracy_value', 'NONE');
#6867 = CARTESIAN_POINT ( 'NONE',  ( 3.149999999999995914, 1.186528154348563957, 2.921328988508579361 ) ) ;
#6868 = SURFACE_STYLE_USAGE ( .BOTH. , #2235 ) ;
#6869 = DIRECTION ( 'NONE',  ( 0.0000000000000000000, -3.491481338843133355E-15, 1.000000000000000000 ) ) ;
#6870 = EDGE_CURVE ( 'NONE', #7852, #7502, #6456, .T. ) ;
#6871 = ADVANCED_FACE ( 'NONE', ( #139 ), #1042, .F. ) ;
#6872 = STYLED_ITEM ( 'NONE', ( #8236 ), #2394 ) ;
#6873 = CARTESIAN_POINT ( 'NONE',  ( 3.549999999999999822, -0.9834718456514253138, -0.02867101149142811320 ) ) ;
#6874 = CARTESIAN_POINT ( 'NONE',  ( 0.08853447881249149054, -0.02144984284120524110, -0.02867101149142507743 ) ) ;
#6875 = CARTESIAN_POINT ( 'NONE',  ( -0.07224715050297149388, -0.09185622900339807106, -0.01867101149142505120 ) ) ;
#6876 = COLOUR_RGB ( '',1.000000000000000000, 1.000000000000000000, 1.000000000000000000 ) ;
#6877 = FILL_AREA_STYLE_COLOUR ( '', #7287 ) ;
#6878 = SURFACE_STYLE_FILL_AREA ( #2498 ) ;
#6879 = SURFACE_STYLE_USAGE ( .BOTH. , #3543 ) ;
#6880 = EDGE_CURVE ( 'NONE', #6933, #4131, #5542, .T. ) ;
#6881 = VECTOR ( 'NONE', #1021, 1000.000000000000000 ) ;
#6882 = MECHANICAL_DESIGN_GEOMETRIC_PRESENTATION_REPRESENTATION (  '', ( #4645 ), #7314 ) ;
#6883 = DIRECTION ( 'NONE',  ( 1.000000000000000000, 0.0000000000000000000, 0.0000000000000000000 ) ) ;
#6884 = CARTESIAN_POINT ( 'NONE',  ( -3.450000000000000622, -1.083471845651435617, 2.746076259633627892 ) ) ;
#6885 = PRESENTATION_STYLE_ASSIGNMENT (( #949 ) ) ;
#6886 = DIRECTION ( 'NONE',  ( 0.0000000000000000000, -1.000000000000000000, -3.491481338843133355E-15 ) ) ;
#6887 = VERTEX_POINT ( 'NONE', #224 ) ;
#6888 = DIRECTION ( 'NONE',  ( -4.336808689942017736E-16, 3.491481338843133355E-15, -1.000000000000000000 ) ) ;
#6889 = LINE ( 'NONE', #645, #3358 ) ;
#6890 =( LENGTH_UNIT ( ) NAMED_UNIT ( * ) SI_UNIT ( .MILLI., .METRE. ) );
#6891 = DIRECTION ( 'NONE',  ( 0.0000000000000000000, -1.000000000000000000, -3.491481338843133355E-15 ) ) ;
#6892 = SURFACE_STYLE_USAGE ( .BOTH. , #2267 ) ;
#6893 = MECHANICAL_DESIGN_GEOMETRIC_PRESENTATION_REPRESENTATION (  '', ( #3566 ), #5166 ) ;
#6894 = LINE ( 'NONE', #1646, #5646 ) ;
#6895 = VERTEX_POINT ( 'NONE', #5097 ) ;
#6896 = EDGE_CURVE ( 'NONE', #8441, #5849, #444, .T. ) ;
#6897 =( NAMED_UNIT ( * ) SI_UNIT ( $, .STERADIAN. ) SOLID_ANGLE_UNIT ( ) );
#6898 = ORIENTED_EDGE ( 'NONE', *, *, #7535, .F. ) ;
#6899 = VECTOR ( 'NONE', #7639, 1000.000000000000000 ) ;
#6900 = AXIS2_PLACEMENT_3D ( 'NONE', #3737, #1871, #1840 ) ;
#6901 = VECTOR ( 'NONE', #3909, 1000.000000000000000 ) ;
#6902 = CARTESIAN_POINT ( 'NONE',  ( 3.450000000000000178, -1.083471845651427623, 0.4963289885085717668 ) ) ;
#6903 = SURFACE_SIDE_STYLE ('',( #7931 ) ) ;
#6904 = SURFACE_SIDE_STYLE ('',( #7909 ) ) ;
#6905 = CARTESIAN_POINT ( 'NONE',  ( -0.07743744387689870112, -0.08660615277779037946, -0.01867101149142505120 ) ) ;
#6906 = SURFACE_STYLE_FILL_AREA ( #2017 ) ;
#6907 = ORIENTED_EDGE ( 'NONE', *, *, #3853, .T. ) ;
#6908 = ORIENTED_EDGE ( 'NONE', *, *, #5792, .T. ) ;
#6909 = VERTEX_POINT ( 'NONE', #3127 ) ;
#6910 = FILL_AREA_STYLE_COLOUR ( '', #8016 ) ;
#6911 = AXIS2_PLACEMENT_3D ( 'NONE', #5018, #7016, #399 ) ;
#6912 = CARTESIAN_POINT ( 'NONE',  ( -0.08742097336376605798, -0.09327324795648313238, -0.01867101149142528019 ) ) ;
#6913 = AXIS2_PLACEMENT_3D ( 'NONE', #1832, #1925, #6446 ) ;
#6914 = VECTOR ( 'NONE', #2073, 1000.000000000000000 ) ;
#6915 = VERTEX_POINT ( 'NONE', #1041 ) ;
#6916 = SURFACE_SIDE_STYLE ('',( #6679 ) ) ;
#6917 = FILL_AREA_STYLE ('',( #5574 ) ) ;
#6918 = CARTESIAN_POINT ( 'NONE',  ( 0.1222635831905930781, -0.02911430498580809892, -0.01867101149142505120 ) ) ;
#6919 = PRESENTATION_STYLE_ASSIGNMENT (( #6879 ) ) ;
#6920 = PRESENTATION_LAYER_ASSIGNMENT (  '', '', ( #7188 ) ) ;
#6921 = ORIENTED_EDGE ( 'NONE', *, *, #8498, .T. ) ;
#6922 = CARTESIAN_POINT ( 'NONE',  ( 3.500000000000000888, -1.283471845651435794, 2.796076259633627270 ) ) ;
#6923 = CARTESIAN_POINT ( 'NONE',  ( 0.1407750854232876769, -0.03203388301258373178, -0.02867101149142507743 ) ) ;
#6924 = VERTEX_POINT ( 'NONE', #3071 ) ;
#6925 = ORIENTED_EDGE ( 'NONE', *, *, #7703, .F. ) ;
#6926 =( NAMED_UNIT ( * ) PLANE_ANGLE_UNIT ( ) SI_UNIT ( $, .RADIAN. ) );
#6927 = DIRECTION ( 'NONE',  ( 0.0000000000000000000, -1.000000000000000000, -3.491481338843133355E-15 ) ) ;
#6928 = EDGE_CURVE ( 'NONE', #7633, #1475, #6559, .T. ) ;
#6929 =( NAMED_UNIT ( * ) PLANE_ANGLE_UNIT ( ) SI_UNIT ( $, .RADIAN. ) );
#6930 = MECHANICAL_DESIGN_GEOMETRIC_PRESENTATION_REPRESENTATION (  '', ( #3088 ), #1893 ) ;
#6931 = DIRECTION ( 'NONE',  ( -1.000000000000000000, -0.0000000000000000000, -0.0000000000000000000 ) ) ;
#6932 = ORIENTED_EDGE ( 'NONE', *, *, #3039, .F. ) ;
#6933 = VERTEX_POINT ( 'NONE', #3020 ) ;
#6934 = CARTESIAN_POINT ( 'NONE',  ( -0.05663277111234002459, -0.1100401292274016118, -0.02867101149142507743 ) ) ;
#6935 = EDGE_LOOP ( 'NONE', ( #4247, #3666, #1794, #6772 ) ) ;
#6936 = LINE ( 'NONE', #2577, #6007 ) ;
#6937 = VECTOR ( 'NONE', #4475, 1000.000000000000000 ) ;
#6938 = PRESENTATION_LAYER_ASSIGNMENT (  '', '', ( #821 ) ) ;
#6939 = EDGE_LOOP ( 'NONE', ( #6628, #6416, #7370, #3060 ) ) ;
#6940 = SURFACE_STYLE_FILL_AREA ( #5800 ) ;
#6941 = LINE ( 'NONE', #4935, #5687 ) ;
#6942 = VECTOR ( 'NONE', #428, 1000.000000000000000 ) ;
#6943 = CARTESIAN_POINT ( 'NONE',  ( 2.998179295342849215, -1.383471845651435661, 2.731321192064204872 ) ) ;
#6944 = UNCERTAINTY_MEASURE_WITH_UNIT (LENGTH_MEASURE( 1.000000000000000082E-05 ), #1262, 'distance_accuracy_value', 'NONE');
#6945 = DIRECTION ( 'NONE',  ( 0.0000000000000000000, 1.000000000000000000, 0.0000000000000000000 ) ) ;
#6946 = VERTEX_POINT ( 'NONE', #8435 ) ;
#6947 = ADVANCED_FACE ( 'NONE', ( #4924 ), #4401, .F. ) ;
#6948 = LINE ( 'NONE', #5745, #7682 ) ;
#6949 = VECTOR ( 'NONE', #848, 1000.000000000000000 ) ;
#6950 =( NAMED_UNIT ( * ) PLANE_ANGLE_UNIT ( ) SI_UNIT ( $, .RADIAN. ) );
#6951 = CARTESIAN_POINT ( 'NONE',  ( 2.998179295342849215, -1.283471845651430021, 1.127033865392922163 ) ) ;
#6952 = CARTESIAN_POINT ( 'NONE',  ( 0.1038663187477896488, -0.1009862960187129788, -0.02867101149142507743 ) ) ;
#6953 = EDGE_CURVE ( 'NONE', #7103, #8268, #3709, .T. ) ;
#6954 = EDGE_CURVE ( 'NONE', #7965, #887, #3047, .T. ) ;
#6955 = STYLED_ITEM ( 'NONE', ( #4861 ), #5680 ) ;
#6956 = DIRECTION ( 'NONE',  ( 0.0000000000000000000, -1.000000000000000000, -3.491481338843133355E-15 ) ) ;
#6957 = ORIENTED_EDGE ( 'NONE', *, *, #5558, .T. ) ;
#6958 = FACE_OUTER_BOUND ( 'NONE', #4557, .T. ) ;
#6959 = FACE_BOUND ( 'NONE', #508, .T. ) ;
#6960 = CARTESIAN_POINT ( 'NONE',  ( 0.0000000000000000000, -1.283471845651432020, 1.746328988508570657 ) ) ;
#6961 = CARTESIAN_POINT ( 'NONE',  ( -1.600000000000000311, -1.083471845651429843, 1.096328988508571189 ) ) ;
#6962 = VERTEX_POINT ( 'NONE', #6405 ) ;
#6963 = VECTOR ( 'NONE', #2544, 1000.000000000000000 ) ;
#6964 = AXIS2_PLACEMENT_3D ( 'NONE', #3860, #2086, #6703 ) ;
#6965 =( GEOMETRIC_REPRESENTATION_CONTEXT ( 3 ) GLOBAL_UNCERTAINTY_ASSIGNED_CONTEXT ( ( #1312 ) ) GLOBAL_UNIT_ASSIGNED_CONTEXT ( ( #8332, #401, #5046 ) ) REPRESENTATION_CONTEXT ( 'NONE', 'WORKASPACE' ) );
#6966 = CARTESIAN_POINT ( 'NONE',  ( -2.098518552703154683, -1.383471845651435661, 2.731321192064204872 ) ) ;
#6967 = FACE_OUTER_BOUND ( 'NONE', #5442, .T. ) ;
#6968 =( NAMED_UNIT ( * ) PLANE_ANGLE_UNIT ( ) SI_UNIT ( $, .RADIAN. ) );
#6969 = EDGE_CURVE ( 'NONE', #7095, #6383, #4699, .T. ) ;
#6970 = LINE ( 'NONE', #5565, #1377 ) ;
#6971 = CARTESIAN_POINT ( 'NONE',  ( 0.1452980803958951184, -0.04113108377825822753, -0.02867101149142507743 ) ) ;
#6972 = EDGE_CURVE ( 'NONE', #1109, #6909, #6369, .T. ) ;
#6973 = AXIS2_PLACEMENT_3D ( 'NONE', #842, #874, #5604 ) ;
#6974 = DIRECTION ( 'NONE',  ( 0.0000000000000000000, -1.000000000000000000, -4.336808689942025625E-15 ) ) ;
#6975 =( NAMED_UNIT ( * ) SI_UNIT ( $, .STERADIAN. ) SOLID_ANGLE_UNIT ( ) );
#6976 = VECTOR ( 'NONE', #376, 1000.000000000000000 ) ;
#6977 = ORIENTED_EDGE ( 'NONE', *, *, #1272, .T. ) ;
#6978 = FILL_AREA_STYLE ('',( #329 ) ) ;
#6979 = PRESENTATION_STYLE_ASSIGNMENT (( #3312 ) ) ;
#6980 = CARTESIAN_POINT ( 'NONE',  ( -0.08536334182991349440, -0.05986867566455952167, -0.01867101149142505120 ) ) ;
#6981 = CARTESIAN_POINT ( 'NONE',  ( 2.569584527152437570, -1.083471845651426513, 0.1713289885085715336 ) ) ;
#6982 = B_SPLINE_SURFACE_WITH_KNOTS ( 'NONE', 3, 1, ( 
 ( #5343, #729 ),
 ( #5468, #8125 ),
 ( #152, #2772 ),
 ( #6015, #696 ),
 ( #6713, #3469 ),
 ( #2067, #6680 ),
 ( #5436, #7406 ),
 ( #3442, #7465 ),
 ( #2713, #3497 ),
 ( #2797, #8094 ),
 ( #4109, #7351 ),
 ( #64, #1516 ),
 ( #1426, #4806 ),
 ( #4017, #36 ),
 ( #4677, #4774 ),
 ( #4742, #98 ),
 ( #6047, #2100 ),
 ( #2152, #2744 ),
 ( #1491, #6773 ) ),
 .UNSPECIFIED., .F., .F., .F.,
 ( 4, 1, 1, 1, 1, 1, 1, 1, 1, 1, 1, 1, 1, 1, 1, 1, 4 ),
 ( 2, 2 ),
 ( 0.0000000000000000000, 0.07063773301117780290, 0.1382450011702487380, 0.2033468934001621820, 0.2662317646429688267, 0.3281106245739829341, 0.3887373469517428903, 0.4496058064250175734, 0.5110380842449868677, 0.5720950616662165977, 0.6318835811693589433, 0.6911433818761031356, 0.7503811812088845290, 0.8100489962335832850, 0.8713733501460632080, 0.9344326971469834042, 0.9999999999999998890 ),
 ( 0.0000000000000000000, 1.000000000000000000 ),
 .UNSPECIFIED. ) ;
#6983 = DIRECTION ( 'NONE',  ( 0.0000000000000000000, -1.000000000000000000, -3.491481338843133355E-15 ) ) ;
#6984 = DIRECTION ( 'NONE',  ( 0.0000000000000000000, 1.000000000000000000, 3.491481338843133355E-15 ) ) ;
#6985 = EDGE_CURVE ( 'NONE', #4327, #3183, #1727, .T. ) ;
#6986 = ORIENTED_EDGE ( 'NONE', *, *, #2376, .T. ) ;
#6987 = CARTESIAN_POINT ( 'NONE',  ( -0.01829017109820616979, -0.1108404744450473406, -0.02867101149142507743 ) ) ;
#6988 = PRESENTATION_LAYER_ASSIGNMENT (  '', '', ( #5752 ) ) ;
#6989 = CARTESIAN_POINT ( 'NONE',  ( 0.07439275573106231276, -0.1056575476157792098, -0.01867101149142505120 ) ) ;
#6990 = ADVANCED_FACE ( 'NONE', ( #8547 ), #3931, .F. ) ;
#6991 = ORIENTED_EDGE ( 'NONE', *, *, #7082, .T. ) ;
#6992 = DIRECTION ( 'NONE',  ( -1.261823884255441284E-30, -1.000000000000000000, -3.491481338843133355E-15 ) ) ;
#6993 = CARTESIAN_POINT ( 'NONE',  ( -3.499999999999999556, 0.6865281543485639570, 2.921328988508578473 ) ) ;
#6994 = SURFACE_STYLE_FILL_AREA ( #1096 ) ;
#6995 =( NAMED_UNIT ( * ) PLANE_ANGLE_UNIT ( ) SI_UNIT ( $, .RADIAN. ) );
#6996 = VECTOR ( 'NONE', #884, 1000.000000000000000 ) ;
#6997 = ORIENTED_EDGE ( 'NONE', *, *, #8224, .T. ) ;
#6998 = ORIENTED_EDGE ( 'NONE', *, *, #807, .F. ) ;
#6999 = DIRECTION ( 'NONE',  ( 1.000000000000000000, 0.0000000000000000000, 0.0000000000000000000 ) ) ;
#7000 = FILL_AREA_STYLE ('',( #4309 ) ) ;
#7001 = EDGE_CURVE ( 'NONE', #8603, #6063, #6158, .T. ) ;
#7002 = FILL_AREA_STYLE ('',( #6286 ) ) ;
#7003 =( GEOMETRIC_REPRESENTATION_CONTEXT ( 3 ) GLOBAL_UNCERTAINTY_ASSIGNED_CONTEXT ( ( #19 ) ) GLOBAL_UNIT_ASSIGNED_CONTEXT ( ( #8571, #1238, #7317 ) ) REPRESENTATION_CONTEXT ( 'NONE', 'WORKASPACE' ) );
#7004 = VERTEX_POINT ( 'NONE', #1308 ) ;
#7005 = VERTEX_POINT ( 'NONE', #8491 ) ;
#7006 = ORIENTED_EDGE ( 'NONE', *, *, #8127, .F. ) ;
#7007 = PLANE ( 'NONE',  #5664 ) ;
#7008 = CARTESIAN_POINT ( 'NONE',  ( 2.549999999999999822, -1.083471845651426513, 0.1713289885085715336 ) ) ;
#7009 = DIRECTION ( 'NONE',  ( -4.625929269271485322E-15, -3.491481338843135722E-15, 1.000000000000000000 ) ) ;
#7010 = LINE ( 'NONE', #2931, #992 ) ;
#7011 = COLOUR_RGB ( '',1.000000000000000000, 1.000000000000000000, 1.000000000000000000 ) ;
#7012 = CARTESIAN_POINT ( 'NONE',  ( 2.098518552703152906, -1.283471845651430021, 1.127033865392922163 ) ) ;
#7013 = EDGE_CURVE ( 'NONE', #102, #7688, #1170, .T. ) ;
#7014 = ORIENTED_EDGE ( 'NONE', *, *, #8375, .T. ) ;
#7015 = STYLED_ITEM ( 'NONE', ( #1354 ), #762 ) ;
#7016 = DIRECTION ( 'NONE',  ( 0.0000000000000000000, -3.491481338843133355E-15, 1.000000000000000000 ) ) ;
#7017 = MECHANICAL_DESIGN_GEOMETRIC_PRESENTATION_REPRESENTATION (  '', ( #1814 ), #2739 ) ;
#7018 = ORIENTED_EDGE ( 'NONE', *, *, #2446, .F. ) ;
#7019 = CIRCLE ( 'NONE', #3783, 0.1000000000000000472 ) ;
#7020 = FACE_OUTER_BOUND ( 'NONE', #7194, .T. ) ;
#7021 =( NAMED_UNIT ( * ) SI_UNIT ( $, .STERADIAN. ) SOLID_ANGLE_UNIT ( ) );
#7022 = EDGE_LOOP ( 'NONE', ( #7911, #642, #6705, #2299 ) ) ;
#7023 =( LENGTH_UNIT ( ) NAMED_UNIT ( * ) SI_UNIT ( .MILLI., .METRE. ) );
#7024 = ORIENTED_EDGE ( 'NONE', *, *, #8041, .F. ) ;
#7025 = MECHANICAL_DESIGN_GEOMETRIC_PRESENTATION_REPRESENTATION (  '', ( #3027 ), #6620 ) ;
#7026 = LINE ( 'NONE', #2101, #7548 ) ;
#7027 = VERTEX_POINT ( 'NONE', #2547 ) ;
#7028 = DIRECTION ( 'NONE',  ( 1.000000000000000000, -2.947812203982774579E-15, -1.029223130061990502E-29 ) ) ;
#7029 = COLOUR_RGB ( '',0.7764705882352941346, 0.7568627450980391913, 0.7372549019607843590 ) ;
#7030 = ORIENTED_EDGE ( 'NONE', *, *, #5222, .T. ) ;
#7031 = CARTESIAN_POINT ( 'NONE',  ( 0.1084688135285121480, -0.01045008183075848800, -0.02867101149142507743 ) ) ;
#7032 = LINE ( 'NONE', #1365, #287 ) ;
#7033 = ADVANCED_FACE ( 'NONE', ( #7720 ), #1186, .F. ) ;
#7034 = DIRECTION ( 'NONE',  ( -1.000000000000000000, -0.0000000000000000000, 0.0000000000000000000 ) ) ;
#7035 = VECTOR ( 'NONE', #1847, 1000.000000000000000 ) ;
#7036 =( LENGTH_UNIT ( ) NAMED_UNIT ( * ) SI_UNIT ( .MILLI., .METRE. ) );
#7037 = EDGE_CURVE ( 'NONE', #8515, #7741, #5948, .T. ) ;
#7038 = VERTEX_POINT ( 'NONE', #8581 ) ;
#7039 = CARTESIAN_POINT ( 'NONE',  ( 2.375000000000000444, 0.6865281543485735050, -0.02867101149142377639 ) ) ;
#7040 = FILL_AREA_STYLE_COLOUR ( '', #1147 ) ;
#7041 = LINE ( 'NONE', #2694, #8391 ) ;
#7042 = SURFACE_SIDE_STYLE ('',( #5338 ) ) ;
#7043 = DIRECTION ( 'NONE',  ( 0.7071067811865460184, -2.468850131082270866E-15, 0.7071067811865490160 ) ) ;
#7044 = ORIENTED_EDGE ( 'NONE', *, *, #439, .T. ) ;
#7045 = CARTESIAN_POINT ( 'NONE',  ( -0.1494287031545386835, -0.02697194092945567889, -0.01867101149142505120 ) ) ;
#7046 = LINE ( 'NONE', #6083, #5277 ) ;
#7047 = CARTESIAN_POINT ( 'NONE',  ( -2.549999999999999822, -0.01084047444504751025, -0.01867101149142505120 ) ) ;
#7048 = CARTESIAN_POINT ( 'NONE',  ( -2.549999999999999822, -1.083471845651426069, -0.02867101149142854688 ) ) ;
#7049 = DIRECTION ( 'NONE',  ( 5.102127870520024926E-16, -3.491481338843133355E-15, 1.000000000000000000 ) ) ;
#7050 = AXIS2_PLACEMENT_3D ( 'NONE', #6631, #2786, #5360 ) ;
#7051 = EDGE_CURVE ( 'NONE', #3008, #4653, #3766, .T. ) ;
#7052 = EDGE_LOOP ( 'NONE', ( #6185, #906, #3558, #1738 ) ) ;
#7053 = VECTOR ( 'NONE', #4373, 1000.000000000000000 ) ;
#7054 = DIRECTION ( 'NONE',  ( -0.0000000000000000000, 1.000000000000000000, 3.491481338843133355E-15 ) ) ;
#7055 =( NAMED_UNIT ( * ) SI_UNIT ( $, .STERADIAN. ) SOLID_ANGLE_UNIT ( ) );
#7056 = ORIENTED_EDGE ( 'NONE', *, *, #4930, .F. ) ;
#7057 = LINE ( 'NONE', #7669, #621 ) ;
#7058 = VECTOR ( 'NONE', #6425, 1000.000000000000000 ) ;
#7059 = MANIFOLD_SOLID_BREP ( '实体-移动/复制2[2]', #6687 ) ;
#7060 = SURFACE_STYLE_USAGE ( .BOTH. , #2409 ) ;
#7061 = AXIS2_PLACEMENT_3D ( 'NONE', #5653, #1038, #4321 ) ;
#7062 = DIRECTION ( 'NONE',  ( -1.972152263052529514E-31, -1.000000000000000000, -3.491481338843133355E-15 ) ) ;
#7063 = AXIS2_PLACEMENT_3D ( 'NONE', #2960, #4910, #5621 ) ;
#7064 = SURFACE_STYLE_USAGE ( .BOTH. , #1833 ) ;
#7065 = LINE ( 'NONE', #1457, #2604 ) ;
#7066 = DIRECTION ( 'NONE',  ( 0.0000000000000000000, -1.000000000000000000, -3.491481338843133355E-15 ) ) ;
#7067 = COLOUR_RGB ( '',0.7764705882352941346, 0.7568627450980391913, 0.7372549019607843590 ) ;
#7068 = LINE ( 'NONE', #2333, #4676 ) ;
#7069 = CARTESIAN_POINT ( 'NONE',  ( -3.300000000000000711, -1.083471845651437615, 3.321328988508571278 ) ) ;
#7070 = DIRECTION ( 'NONE',  ( 0.0000000000000000000, -3.491481338843133355E-15, 1.000000000000000000 ) ) ;
#7071 = CARTESIAN_POINT ( 'NONE',  ( -0.08393007814851027870, -0.09690710295282857489, -0.01867101149142505120 ) ) ;
#7072 =( NAMED_UNIT ( * ) SI_UNIT ( $, .STERADIAN. ) SOLID_ANGLE_UNIT ( ) );
#7073 =( GEOMETRIC_REPRESENTATION_CONTEXT ( 3 ) GLOBAL_UNCERTAINTY_ASSIGNED_CONTEXT ( ( #1459 ) ) GLOBAL_UNIT_ASSIGNED_CONTEXT ( ( #4460, #1155, #7160 ) ) REPRESENTATION_CONTEXT ( 'NONE', 'WORKASPACE' ) );
#7074 = DIRECTION ( 'NONE',  ( -1.000000000000000000, 0.0000000000000000000, 0.0000000000000000000 ) ) ;
#7075 = MECHANICAL_DESIGN_GEOMETRIC_PRESENTATION_REPRESENTATION (  '', ( #5692 ), #7806 ) ;
#7076 = VECTOR ( 'NONE', #4224, 1000.000000000000000 ) ;
#7077 = CARTESIAN_POINT ( 'NONE',  ( 0.1211202072715752698, -0.1087796627090066304, -0.01867101149142505120 ) ) ;
#7078 = LINE ( 'NONE', #3966, #4295 ) ;
#7079 = CARTESIAN_POINT ( 'NONE',  ( 0.1019079996335011673, -0.1120599866401693762, -0.02867101149142507743 ) ) ;
#7080 = ADVANCED_FACE ( 'NONE', ( #8250 ), #7185, .F. ) ;
#7081 = ORIENTED_EDGE ( 'NONE', *, *, #7900, .F. ) ;
#7082 = EDGE_CURVE ( 'NONE', #580, #4312, #4083, .T. ) ;
#7083 = VECTOR ( 'NONE', #3161, 1000.000000000000000 ) ;
#7084 = DIRECTION ( 'NONE',  ( 0.3363908276654480334, -0.9417224702971438433, -3.288006431411734637E-15 ) ) ;
#7085 = LINE ( 'NONE', #2173, #2520 ) ;
#7086 = STYLED_ITEM ( 'NONE', ( #5755 ), #2861 ) ;
#7087 =( NAMED_UNIT ( * ) PLANE_ANGLE_UNIT ( ) SI_UNIT ( $, .RADIAN. ) );
#7088 = VECTOR ( 'NONE', #7070, 1000.000000000000000 ) ;
#7089 = FACE_OUTER_BOUND ( 'NONE', #4152, .T. ) ;
#7090 = VERTEX_POINT ( 'NONE', #7982 ) ;
#7091 = CARTESIAN_POINT ( 'NONE',  ( 0.08496420043039601411, -0.01058764067194263407, -0.02867101149142507743 ) ) ;
#7092 = CARTESIAN_POINT ( 'NONE',  ( 0.1486536774032898300, -0.05697389230473497157, -0.01867101149142505120 ) ) ;
#7093 = CARTESIAN_POINT ( 'NONE',  ( 0.1347904273447740608, -0.05296168242411745941, -0.02867101149142507743 ) ) ;
#7094 = ORIENTED_EDGE ( 'NONE', *, *, #6332, .T. ) ;
#7095 = VERTEX_POINT ( 'NONE', #4718 ) ;
#7096 = VECTOR ( 'NONE', #3606, 1000.000000000000000 ) ;
#7097 = FILL_AREA_STYLE ('',( #4459 ) ) ;
#7098 =( NAMED_UNIT ( * ) SI_UNIT ( $, .STERADIAN. ) SOLID_ANGLE_UNIT ( ) );
#7099 = CARTESIAN_POINT ( 'NONE',  ( -0.03170480524454762777, -0.02181608420114499597, -0.02867101149142507743 ) ) ;
#7100 = VECTOR ( 'NONE', #4539, 1000.000000000000000 ) ;
#7101 =( BOUNDED_CURVE ( )  B_SPLINE_CURVE ( 3, ( #8092, #3226, #2329, #972 ),
 .UNSPECIFIED., .F., .T. ) 
 B_SPLINE_CURVE_WITH_KNOTS ( ( 4, 4 ),
 ( 4.712388980384687009, 6.283185307179585344 ),
 .UNSPECIFIED. ) 
 CURVE ( )  GEOMETRIC_REPRESENTATION_ITEM ( )  RATIONAL_B_SPLINE_CURVE ( ( 1.000000000000000000, 0.8047378541243643824, 0.8047378541243643824, 1.000000000000000000 ) ) 
 REPRESENTATION_ITEM ( '' )  );
#7102 = LINE ( 'NONE', #5191, #5341 ) ;
#7103 = VERTEX_POINT ( 'NONE', #5416 ) ;
#7104 = DIRECTION ( 'NONE',  ( 0.0000000000000000000, -1.000000000000000000, -3.491481338843133355E-15 ) ) ;
#7105 = EDGE_CURVE ( 'NONE', #6063, #2456, #639, .T. ) ;
#7106 = PRESENTATION_LAYER_ASSIGNMENT (  '', '', ( #6110 ) ) ;
#7107 = CARTESIAN_POINT ( 'NONE',  ( -2.549999999999999822, -0.02181608420114521107, -0.01867101149142505120 ) ) ;
#7108 =( GEOMETRIC_REPRESENTATION_CONTEXT ( 3 ) GLOBAL_UNCERTAINTY_ASSIGNED_CONTEXT ( ( #879 ) ) GLOBAL_UNIT_ASSIGNED_CONTEXT ( ( #6596, #2633, #7954 ) ) REPRESENTATION_CONTEXT ( 'NONE', 'WORKASPACE' ) );
#7109 = FACE_OUTER_BOUND ( 'NONE', #2959, .T. ) ;
#7110 = SURFACE_STYLE_FILL_AREA ( #5455 ) ;
#7111 = LINE ( 'NONE', #7107, #2263 ) ;
#7112 = VERTEX_POINT ( 'NONE', #106 ) ;
#7113 = PLANE ( 'NONE',  #72 ) ;
#7114 = CARTESIAN_POINT ( 'NONE',  ( -0.06186390716204870355, -0.1089786315022290009, -0.01867101149142505120 ) ) ;
#7115 = DIRECTION ( 'NONE',  ( 0.0000000000000000000, -3.491481338843133355E-15, 1.000000000000000000 ) ) ;
#7116 = ORIENTED_EDGE ( 'NONE', *, *, #1227, .F. ) ;
#7117 =( NAMED_UNIT ( * ) PLANE_ANGLE_UNIT ( ) SI_UNIT ( $, .RADIAN. ) );
#7118 = DIRECTION ( 'NONE',  ( 0.0000000000000000000, -1.000000000000000000, -4.336808689942025625E-15 ) ) ;
#7119 = EDGE_LOOP ( 'NONE', ( #3504, #987, #7521, #4852 ) ) ;
#7120 = ADVANCED_FACE ( 'NONE', ( #5726 ), #4089, .F. ) ;
#7121 = PRESENTATION_STYLE_ASSIGNMENT (( #6868 ) ) ;
#7122 = PRESENTATION_LAYER_ASSIGNMENT (  '', '', ( #3528 ) ) ;
#7123 = ORIENTED_EDGE ( 'NONE', *, *, #6759, .T. ) ;
#7124 = STYLED_ITEM ( 'NONE', ( #1411 ), #6689 ) ;
#7125 = FILL_AREA_STYLE ('',( #4506 ) ) ;
#7126 = CARTESIAN_POINT ( 'NONE',  ( -2.549999999999999822, -1.083471845651426069, -0.02867101149142854688 ) ) ;
#7127 =( NAMED_UNIT ( * ) SI_UNIT ( $, .STERADIAN. ) SOLID_ANGLE_UNIT ( ) );
#7128 = SURFACE_STYLE_USAGE ( .BOTH. , #5818 ) ;
#7129 = ORIENTED_EDGE ( 'NONE', *, *, #5280, .T. ) ;
#7130 =( NAMED_UNIT ( * ) SI_UNIT ( $, .STERADIAN. ) SOLID_ANGLE_UNIT ( ) );
#7131 = VERTEX_POINT ( 'NONE', #8609 ) ;
#7132 = DIRECTION ( 'NONE',  ( -1.000000000000000000, 0.0000000000000000000, 3.614007241618348771E-16 ) ) ;
#7133 = EDGE_CURVE ( 'NONE', #2574, #6104, #7078, .T. ) ;
#7134 = CARTESIAN_POINT ( 'NONE',  ( 0.1456916709764614071, -0.08280438004631901494, -0.01867101149142489855 ) ) ;
#7135 = ORIENTED_EDGE ( 'NONE', *, *, #7497, .T. ) ;
#7136 = FACE_OUTER_BOUND ( 'NONE', #1083, .T. ) ;
#7137 = LINE ( 'NONE', #8376, #4753 ) ;
#7138 = PLANE ( 'NONE',  #1825 ) ;
#7139 = EDGE_CURVE ( 'NONE', #2228, #505, #2334, .T. ) ;
#7140 = EDGE_CURVE ( 'NONE', #6909, #7090, #5313, .T. ) ;
#7141 = VECTOR ( 'NONE', #1231, 1000.000000000000000 ) ;
#7142 = MECHANICAL_DESIGN_GEOMETRIC_PRESENTATION_REPRESENTATION (  '', ( #2700 ), #4415 ) ;
#7143 = DIRECTION ( 'NONE',  ( 1.000000000000000000, 0.0000000000000000000, 0.0000000000000000000 ) ) ;
#7144 = CARTESIAN_POINT ( 'NONE',  ( -0.08478791374570733563, -0.06875189655299886182, -0.01867101149142505120 ) ) ;
#7145 = ORIENTED_EDGE ( 'NONE', *, *, #1372, .F. ) ;
#7146 = SURFACE_STYLE_FILL_AREA ( #271 ) ;
#7147 = LINE ( 'NONE', #4170, #4035 ) ;
#7148 = EDGE_CURVE ( 'NONE', #7854, #2431, #2828, .T. ) ;
#7149 = CARTESIAN_POINT ( 'NONE',  ( -3.300000000000000711, -1.283471845651438459, 3.521328988508570568 ) ) ;
#7150 = ORIENTED_EDGE ( 'NONE', *, *, #7963, .T. ) ;
#7151 = DIRECTION ( 'NONE',  ( 0.0000000000000000000, -1.000000000000000000, -3.491481338843133355E-15 ) ) ;
#7152 = CARTESIAN_POINT ( 'NONE',  ( 3.299999999999998934, -1.283471845651438459, 3.521328988508570568 ) ) ;
#7153 = MECHANICAL_DESIGN_GEOMETRIC_PRESENTATION_REPRESENTATION (  '', ( #6145 ), #6762 ) ;
#7154 = EDGE_LOOP ( 'NONE', ( #5991, #8404, #2328, #7651 ) ) ;
#7155 = VECTOR ( 'NONE', #7276, 1000.000000000000000 ) ;
#7156 = CARTESIAN_POINT ( 'NONE',  ( -3.299999999999998934, 1.186528154348561737, 3.521328988508579894 ) ) ;
#7157 = SURFACE_STYLE_USAGE ( .BOTH. , #8520 ) ;
#7158 = CARTESIAN_POINT ( 'NONE',  ( 0.1348200975289000625, -0.07039288676088657770, -0.02867101149142507743 ) ) ;
#7159 = EDGE_LOOP ( 'NONE', ( #2237, #5371, #3859, #6461 ) ) ;
#7160 =( NAMED_UNIT ( * ) SI_UNIT ( $, .STERADIAN. ) SOLID_ANGLE_UNIT ( ) );
#7161 =( NAMED_UNIT ( * ) PLANE_ANGLE_UNIT ( ) SI_UNIT ( $, .RADIAN. ) );
#7162 =( NAMED_UNIT ( * ) PLANE_ANGLE_UNIT ( ) SI_UNIT ( $, .RADIAN. ) );
#7163 = B_SPLINE_CURVE_WITH_KNOTS ( 'NONE', 3,
 ( #203, #6800, #2822, #6152, #5552, #1570, #7401, #6768, #4830, #8087, #6122, #8147, #6737, #4864, #4104, #121, #782, #2792, #870 ),
 .UNSPECIFIED., .F., .F.,
 ( 4, 1, 1, 1, 1, 1, 1, 1, 1, 1, 1, 1, 1, 1, 1, 1, 4 ),
 ( 0.0000000000000000000, 0.06862671829588534722, 0.1345577204848092123, 0.1983152645473653941, 0.2607728177603441666, 0.3219782245696933831, 0.3825859545041832566, 0.4433977295869493962, 0.5049896818787295016, 0.5660661575043696159, 0.6259542549415563206, 0.6853936046933639670, 0.7449328108247915692, 0.8054284879535847930, 0.8676448687429462181, 0.9323121816594183153, 0.9999999999999998890 ),
 .UNSPECIFIED. ) ;
#7164 = EDGE_CURVE ( 'NONE', #6373, #4888, #7835, .T. ) ;
#7165 = DIRECTION ( 'NONE',  ( 0.0000000000000000000, -1.000000000000000000, -3.491481338843133355E-15 ) ) ;
#7166 = STYLED_ITEM ( 'NONE', ( #609 ), #8100 ) ;
#7167 = CARTESIAN_POINT ( 'NONE',  ( -1.149999999999999911, -0.1834718456514240481, -0.5286710114914247027 ) ) ;
#7168 = VERTEX_POINT ( 'NONE', #1405 ) ;
#7169 = ADVANCED_FACE ( 'NONE', ( #7610 ), #435, .F. ) ;
#7170 = COLOUR_RGB ( '',0.1098039215686274495, 0.1098039215686274495, 0.1098039215686274495 ) ;
#7171 = COLOUR_RGB ( '',1.000000000000000000, 1.000000000000000000, 1.000000000000000000 ) ;
#7172 = CARTESIAN_POINT ( 'NONE',  ( 2.098518552703152906, -1.283471845651435572, 2.731321192064205317 ) ) ;
#7173 = ORIENTED_EDGE ( 'NONE', *, *, #2119, .F. ) ;
#7174 = CARTESIAN_POINT ( 'NONE',  ( 1.399999999999999467, -2.213471845651434844, 2.646328988508567903 ) ) ;
#7175 = AXIS2_PLACEMENT_3D ( 'NONE', #8235, #3006, #6945 ) ;
#7176 = LINE ( 'NONE', #5973, #322 ) ;
#7177 = CARTESIAN_POINT ( 'NONE',  ( 0.1951244630481353548, -0.01084047444504729341, -0.02867101149142507743 ) ) ;
#7178 = DIRECTION ( 'NONE',  ( 0.0000000000000000000, -1.000000000000000000, -3.491481338843133355E-15 ) ) ;
#7179 = PRESENTATION_LAYER_ASSIGNMENT (  '', '', ( #2146 ) ) ;
#7180 = DIRECTION ( 'NONE',  ( 5.102127870520024926E-16, -3.491481338843133355E-15, 1.000000000000000000 ) ) ;
#7181 = ORIENTED_EDGE ( 'NONE', *, *, #2166, .F. ) ;
#7182 = LINE ( 'NONE', #5788, #7083 ) ;
#7183 = CARTESIAN_POINT ( 'NONE',  ( -3.499999999999999556, 0.6865281543485639570, 2.921328988508578473 ) ) ;
#7184 = DIRECTION ( 'NONE',  ( 0.0000000000000000000, 3.491481338843133355E-15, -1.000000000000000000 ) ) ;
#7185 = PLANE ( 'NONE',  #5583 ) ;
#7186 = SURFACE_STYLE_USAGE ( .BOTH. , #3128 ) ;
#7187 = PLANE ( 'NONE',  #4608 ) ;
#7188 = STYLED_ITEM ( 'NONE', ( #5843 ), #1974 ) ;
#7189 = PRESENTATION_LAYER_ASSIGNMENT (  '', '', ( #1252 ) ) ;
#7190 = ORIENTED_EDGE ( 'NONE', *, *, #3370, .F. ) ;
#7191 = CARTESIAN_POINT ( 'NONE',  ( -3.850000000000001421, -0.7834718456514286888, 0.4713289885085727438 ) ) ;
#7192 = PLANE ( 'NONE',  #1594 ) ;
#7193 = LINE ( 'NONE', #3235, #544 ) ;
#7194 = EDGE_LOOP ( 'NONE', ( #320, #6306, #7514, #1884 ) ) ;
#7195 = CARTESIAN_POINT ( 'NONE',  ( -0.05114696513545505252, -0.1107379711216365248, -0.01867101149142505120 ) ) ;
#7196 =( LENGTH_UNIT ( ) NAMED_UNIT ( * ) SI_UNIT ( .MILLI., .METRE. ) );
#7197 = EDGE_CURVE ( 'NONE', #3501, #6730, #1284, .T. ) ;
#7198 = EDGE_CURVE ( 'NONE', #3008, #7112, #852, .T. ) ;
#7199 = ORIENTED_EDGE ( 'NONE', *, *, #2404, .T. ) ;
#7200 = CARTESIAN_POINT ( 'NONE',  ( -2.375000000000001332, 1.476528154348573318, 0.1713289885085810815 ) ) ;
#7201 = CARTESIAN_POINT ( 'NONE',  ( -0.1670897137811327426, -0.07181608420114490854, -0.02867101149142507743 ) ) ;
#7202 = CARTESIAN_POINT ( 'NONE',  ( -2.422348207309730661, -1.083471845651426291, 0.07132898850857127826 ) ) ;
#7203 = UNCERTAINTY_MEASURE_WITH_UNIT (LENGTH_MEASURE( 1.000000000000000082E-05 ), #1364, 'distance_accuracy_value', 'NONE');
#7204 = SURFACE_STYLE_USAGE ( .BOTH. , #3926 ) ;
#7205 = LINE ( 'NONE', #3396, #5337 ) ;
#7206 = EDGE_LOOP ( 'NONE', ( #1894, #1504, #8353, #2768, #6669, #8559 ) ) ;
#7207 = DIRECTION ( 'NONE',  ( 0.0000000000000000000, -1.000000000000000000, -4.304632968207263259E-15 ) ) ;
#7208 = VECTOR ( 'NONE', #4465, 1000.000000000000000 ) ;
#7209 = ORIENTED_EDGE ( 'NONE', *, *, #1523, .F. ) ;
#7210 = ADVANCED_FACE ( 'NONE', ( #4381 ), #3560, .F. ) ;
#7211 = ADVANCED_FACE ( 'NONE', ( #2618 ), #8159, .F. ) ;
#7212 = EDGE_CURVE ( 'NONE', #1923, #1085, #958, .T. ) ;
#7213 = PRESENTATION_LAYER_ASSIGNMENT (  '', '', ( #2941 ) ) ;
#7214 = FILL_AREA_STYLE ('',( #8282 ) ) ;
#7215 = CARTESIAN_POINT ( 'NONE',  ( 0.1231361952221499273, -0.09299731286558855781, -0.01867101149142505120 ) ) ;
#7216 = EDGE_CURVE ( 'NONE', #8008, #4327, #8429, .T. ) ;
#7217 = UNCERTAINTY_MEASURE_WITH_UNIT (LENGTH_MEASURE( 1.000000000000000082E-05 ), #343, 'distance_accuracy_value', 'NONE');
#7218 = CARTESIAN_POINT ( 'NONE',  ( -0.09512507135418876714, -0.03956896899462743200, -0.01867101149142621000 ) ) ;
#7219 = COLOUR_RGB ( '',1.000000000000000000, 1.000000000000000000, 1.000000000000000000 ) ;
#7220 = ORIENTED_EDGE ( 'NONE', *, *, #7299, .T. ) ;
#7221 = DIRECTION ( 'NONE',  ( -1.000000000000000000, 4.519966152556803527E-31, -1.294569758191647155E-16 ) ) ;
#7222 =( NAMED_UNIT ( * ) SI_UNIT ( $, .STERADIAN. ) SOLID_ANGLE_UNIT ( ) );
#7223 = VECTOR ( 'NONE', #5363, 1000.000000000000000 ) ;
#7224 = ORIENTED_EDGE ( 'NONE', *, *, #8046, .T. ) ;
#7225 = CARTESIAN_POINT ( 'NONE',  ( 0.8500000000000000888, -0.1834718456514242702, -0.5286710114914258130 ) ) ;
#7226 = VERTEX_POINT ( 'NONE', #6817 ) ;
#7227 = EDGE_LOOP ( 'NONE', ( #2676, #1949, #8164, #5495 ) ) ;
#7228 = MECHANICAL_DESIGN_GEOMETRIC_PRESENTATION_REPRESENTATION (  '', ( #3233 ), #7789 ) ;
#7229 = SURFACE_SIDE_STYLE ('',( #472 ) ) ;
#7230 = VERTEX_POINT ( 'NONE', #2833 ) ;
#7231 = SURFACE_STYLE_USAGE ( .BOTH. , #5922 ) ;
#7232 = EDGE_LOOP ( 'NONE', ( #908, #2059, #2439, #400 ) ) ;
#7233 = DIRECTION ( 'NONE',  ( 0.0000000000000000000, 1.000000000000000000, 4.336808689942025625E-15 ) ) ;
#7234 = DIRECTION ( 'NONE',  ( 0.0000000000000000000, -3.491481338843133355E-15, 1.000000000000000000 ) ) ;
#7235 = DIRECTION ( 'NONE',  ( 0.0000000000000000000, -1.000000000000000000, -3.491481338843133355E-15 ) ) ;
#7236 = AXIS2_PLACEMENT_3D ( 'NONE', #6715, #5320, #3329 ) ;
#7237 = CARTESIAN_POINT ( 'NONE',  ( 0.1032747766184220345, -0.009745457693345919645, -0.01867101149142461752 ) ) ;
#7238 = CARTESIAN_POINT ( 'NONE',  ( -1.500000000000000222, -2.213471845651434844, 2.646328988508567903 ) ) ;
#7239 = EDGE_LOOP ( 'NONE', ( #793, #3941, #4353, #46 ) ) ;
#7240 = CARTESIAN_POINT ( 'NONE',  ( 0.1316251675013209166, -0.08151615231142150808, -0.02867101149142507743 ) ) ;
#7241 = SURFACE_STYLE_FILL_AREA ( #82 ) ;
#7242 = CARTESIAN_POINT ( 'NONE',  ( -3.500000000000000444, -1.283471845651425802, -0.02867101149142898056 ) ) ;
#7243 = VECTOR ( 'NONE', #5268, 1000.000000000000000 ) ;
#7244 = CARTESIAN_POINT ( 'NONE',  ( -0.08740994406558859342, -0.02742891431076308062, -0.02867101149142507743 ) ) ;
#7245 = FILL_AREA_STYLE ('',( #2523 ) ) ;
#7246 = EDGE_CURVE ( 'NONE', #4750, #2093, #1058, .T. ) ;
#7247 = EDGE_LOOP ( 'NONE', ( #1861, #5219, #3165, #5816, #4276, #3274 ) ) ;
#7248 = SURFACE_STYLE_USAGE ( .BOTH. , #3912 ) ;
#7249 = EDGE_CURVE ( 'NONE', #8197, #8542, #7602, .T. ) ;
#7250 = ORIENTED_EDGE ( 'NONE', *, *, #2166, .T. ) ;
#7251 = LINE ( 'NONE', #4843, #4445 ) ;
#7252 = AXIS2_PLACEMENT_3D ( 'NONE', #5178, #6984, #1873 ) ;
#7253 = DIRECTION ( 'NONE',  ( 1.000000000000000000, -3.491481338843133355E-15, -1.219044193948983948E-29 ) ) ;
#7254 = CARTESIAN_POINT ( 'NONE',  ( -0.05857504366135873886, -0.02307967293561485195, -0.02867101149142507743 ) ) ;
#7255 = ADVANCED_FACE ( 'NONE', ( #327 ), #3620, .T. ) ;
#7256 = ADVANCED_FACE ( 'NONE', ( #2936 ), #1005, .F. ) ;
#7257 = UNCERTAINTY_MEASURE_WITH_UNIT (LENGTH_MEASURE( 1.000000000000000082E-05 ), #2075, 'distance_accuracy_value', 'NONE');
#7258 = COLOUR_RGB ( '',0.7764705882352941346, 0.7568627450980391913, 0.7372549019607843590 ) ;
#7259 = DIRECTION ( 'NONE',  ( 5.102127870520024926E-16, -3.491481338843133355E-15, 1.000000000000000000 ) ) ;
#7260 = ORIENTED_EDGE ( 'NONE', *, *, #6777, .T. ) ;
#7261 = CARTESIAN_POINT ( 'NONE',  ( 2.422348207309731549, -1.083471845651426513, 0.1213289885085712810 ) ) ;
#7262 = ORIENTED_EDGE ( 'NONE', *, *, #3135, .T. ) ;
#7263 = SURFACE_STYLE_FILL_AREA ( #1631 ) ;
#7264 = CARTESIAN_POINT ( 'NONE',  ( -1.400000000000000133, -2.213471845651434844, 2.546328988508567370 ) ) ;
#7265 = EDGE_CURVE ( 'NONE', #1551, #577, #5828, .T. ) ;
#7266 = CARTESIAN_POINT ( 'NONE',  ( 0.09885213440619379510, -0.1010685228293297377, -0.01867101149142505120 ) ) ;
#7267 = SURFACE_STYLE_USAGE ( .BOTH. , #1332 ) ;
#7268 = AXIS2_PLACEMENT_3D ( 'NONE', #4513, #6599, #6569 ) ;
#7269 = CARTESIAN_POINT ( 'NONE',  ( -0.1519115696102572854, -0.02964880807290693962, -0.02867101149142507743 ) ) ;
#7270 = ORIENTED_EDGE ( 'NONE', *, *, #8536, .F. ) ;
#7271 = CARTESIAN_POINT ( 'NONE',  ( 0.1084688135285121480, -0.01045008183075870484, -0.01867101149142505120 ) ) ;
#7272 = CARTESIAN_POINT ( 'NONE',  ( -1.803784506222427808, 0.6865281543485639570, 2.921328988508578028 ) ) ;
#7273 = CARTESIAN_POINT ( 'NONE',  ( -3.299999999999998934, -1.083471845651438281, 3.521328988508571900 ) ) ;
#7274 = CARTESIAN_POINT ( 'NONE',  ( 3.549999999999999822, -0.9834718456514253138, -0.02867101149142811320 ) ) ;
#7275 = SURFACE_STYLE_FILL_AREA ( #3867 ) ;
#7276 = DIRECTION ( 'NONE',  ( 0.0000000000000000000, -1.000000000000000000, -3.491481338843133355E-15 ) ) ;
#7277 = CARTESIAN_POINT ( 'NONE',  ( 2.569584527152437570, -1.083471845651426513, 0.1213289885085715447 ) ) ;
#7278 = B_SPLINE_CURVE_WITH_KNOTS ( 'NONE', 3,
 ( #1421, #1358, #7934, #3953, #4704, #6042, #6609, #26, #8029, #5404, #3411 ),
 .UNSPECIFIED., .F., .F.,
 ( 4, 1, 1, 1, 1, 1, 1, 1, 4 ),
 ( 0.0000000000000000000, 0.1451868664724695890, 0.2834426109197293875, 0.4165243659288279110, 0.5431811235350815226, 0.6651530826377132222, 0.7813602063127137454, 0.8927566556418080612, 1.000000000000000000 ),
 .UNSPECIFIED. ) ;
#7279 = EDGE_CURVE ( 'NONE', #2192, #7965, #1225, .T. ) ;
#7280 = DIRECTION ( 'NONE',  ( -2.167903786088317724E-15, -3.491481338843133355E-15, 1.000000000000000000 ) ) ;
#7281 =( GEOMETRIC_REPRESENTATION_CONTEXT ( 3 ) GLOBAL_UNCERTAINTY_ASSIGNED_CONTEXT ( ( #1855 ) ) GLOBAL_UNIT_ASSIGNED_CONTEXT ( ( #2703, #7335, #4031 ) ) REPRESENTATION_CONTEXT ( 'NONE', 'WORKASPACE' ) );
#7282 = DIRECTION ( 'NONE',  ( 0.0000000000000000000, -1.000000000000000000, -3.491481338843133355E-15 ) ) ;
#7283 = LINE ( 'NONE', #4387, #5817 ) ;
#7284 = CARTESIAN_POINT ( 'NONE',  ( -0.07470069598602160910, -0.03131312710136704980, -0.01867101149142505120 ) ) ;
#7285 = CARTESIAN_POINT ( 'NONE',  ( 0.09466644745329690080, -0.02064411841101840284, -0.01867101149142505120 ) ) ;
#7286 = ORIENTED_EDGE ( 'NONE', *, *, #4462, .F. ) ;
#7287 = COLOUR_RGB ( '',1.000000000000000000, 1.000000000000000000, 1.000000000000000000 ) ;
#7288 = AXIS2_PLACEMENT_3D ( 'NONE', #2395, #1098, #1907 ) ;
#7289 = ORIENTED_EDGE ( 'NONE', *, *, #1779, .T. ) ;
#7290 = DIRECTION ( 'NONE',  ( -1.972152263052529514E-31, 1.000000000000000000, 3.491481338843133355E-15 ) ) ;
#7291 = DIRECTION ( 'NONE',  ( 3.942553354492744024E-16, -3.491481338843133355E-15, 1.000000000000000000 ) ) ;
#7292 = DIRECTION ( 'NONE',  ( 0.0000000000000000000, -1.000000000000000000, -3.489775742687718975E-15 ) ) ;
#7293 = DIRECTION ( 'NONE',  ( -1.000000000000000000, -0.0000000000000000000, -0.0000000000000000000 ) ) ;
#7294 = ADVANCED_FACE ( 'NONE', ( #8238 ), #3011, .F. ) ;
#7295 = COLOUR_RGB ( '',0.7764705882352941346, 0.7568627450980391913, 0.7372549019607843590 ) ;
#7296 = FILL_AREA_STYLE ('',( #8488 ) ) ;
#7297 = VERTEX_POINT ( 'NONE', #2277 ) ;
#7298 = DIRECTION ( 'NONE',  ( 0.0000000000000000000, -1.000000000000000000, -3.491481338843133355E-15 ) ) ;
#7299 = EDGE_CURVE ( 'NONE', #2033, #5249, #1611, .T. ) ;
#7300 = ORIENTED_EDGE ( 'NONE', *, *, #7780, .T. ) ;
#7301 = FILL_AREA_STYLE_COLOUR ( '', #403 ) ;
#7302 = MECHANICAL_DESIGN_GEOMETRIC_PRESENTATION_REPRESENTATION (  '', ( #466 ), #1079 ) ;
#7303 = CARTESIAN_POINT ( 'NONE',  ( 0.04146592646276945487, -0.02181608420114499597, -0.02867101149142507743 ) ) ;
#7304 = LINE ( 'NONE', #6327, #756 ) ;
#7305 = PLANE ( 'NONE',  #3540 ) ;
#7306 = CARTESIAN_POINT ( 'NONE',  ( 0.1119986650413456880, -0.1113108711396401662, -0.01867101149142489855 ) ) ;
#7307 = ORIENTED_EDGE ( 'NONE', *, *, #6315, .T. ) ;
#7308 = ORIENTED_EDGE ( 'NONE', *, *, #8467, .F. ) ;
#7309 = CARTESIAN_POINT ( 'NONE',  ( 0.09675598788207109835, -0.02061252606565711076, -0.01867101149142505120 ) ) ;
#7310 =( LENGTH_UNIT ( ) NAMED_UNIT ( * ) SI_UNIT ( .MILLI., .METRE. ) );
#7311 = EDGE_CURVE ( 'NONE', #4437, #505, #6655, .T. ) ;
#7312 = CARTESIAN_POINT ( 'NONE',  ( 0.07518876808212754392, -0.01326125792098435500, -0.02867101149142507743 ) ) ;
#7313 = UNCERTAINTY_MEASURE_WITH_UNIT (LENGTH_MEASURE( 1.000000000000000082E-05 ), #2756, 'distance_accuracy_value', 'NONE');
#7314 =( GEOMETRIC_REPRESENTATION_CONTEXT ( 3 ) GLOBAL_UNCERTAINTY_ASSIGNED_CONTEXT ( ( #777 ) ) GLOBAL_UNIT_ASSIGNED_CONTEXT ( ( #2301, #6926, #306 ) ) REPRESENTATION_CONTEXT ( 'NONE', 'WORKASPACE' ) );
#7315 = LINE ( 'NONE', #6325, #880 ) ;
#7316 = LINE ( 'NONE', #7758, #353 ) ;
#7317 =( NAMED_UNIT ( * ) SI_UNIT ( $, .STERADIAN. ) SOLID_ANGLE_UNIT ( ) );
#7318 = DIRECTION ( 'NONE',  ( -1.000000000000000000, -0.0000000000000000000, 0.0000000000000000000 ) ) ;
#7319 = PRESENTATION_STYLE_ASSIGNMENT (( #7248 ) ) ;
#7320 = ORIENTED_EDGE ( 'NONE', *, *, #7762, .F. ) ;
#7321 =( GEOMETRIC_REPRESENTATION_CONTEXT ( 3 ) GLOBAL_UNCERTAINTY_ASSIGNED_CONTEXT ( ( #1869 ) ) GLOBAL_UNIT_ASSIGNED_CONTEXT ( ( #2550, #2494, #3741 ) ) REPRESENTATION_CONTEXT ( 'NONE', 'WORKASPACE' ) );
#7322 = FILL_AREA_STYLE ('',( #6624 ) ) ;
#7323 = DIRECTION ( 'NONE',  ( -1.000000000000000000, -0.0000000000000000000, -0.0000000000000000000 ) ) ;
#7324 = EDGE_CURVE ( 'NONE', #6487, #3759, #5201, .T. ) ;
#7325 = ORIENTED_EDGE ( 'NONE', *, *, #475, .T. ) ;
#7326 = CARTESIAN_POINT ( 'NONE',  ( 0.04146592646276945487, -0.09986486468894985313, -0.02867101149142507743 ) ) ;
#7327 = STYLED_ITEM ( 'NONE', ( #5515 ), #7518 ) ;
#7328 = CARTESIAN_POINT ( 'NONE',  ( -0.09873825365979468915, -0.05777008316759844886, -0.01867101149142621000 ) ) ;
#7329 = COLOUR_RGB ( '',1.000000000000000000, 1.000000000000000000, 1.000000000000000000 ) ;
#7330 = ORIENTED_EDGE ( 'NONE', *, *, #4754, .F. ) ;
#7331 = PLANE ( 'NONE',  #7671 ) ;
#7332 = SURFACE_STYLE_FILL_AREA ( #6283 ) ;
#7333 = ORIENTED_EDGE ( 'NONE', *, *, #7393, .F. ) ;
#7334 = CARTESIAN_POINT ( 'NONE',  ( 3.649999999999999467, -0.9834718456514278673, 0.4713289885085719111 ) ) ;
#7335 =( NAMED_UNIT ( * ) PLANE_ANGLE_UNIT ( ) SI_UNIT ( $, .RADIAN. ) );
#7336 = DIRECTION ( 'NONE',  ( 0.0000000000000000000, 4.336808689942016947E-15, -1.000000000000000000 ) ) ;
#7337 = DIRECTION ( 'NONE',  ( 1.000000000000000000, 1.376535146460480779E-30, -3.942553354492742545E-16 ) ) ;
#7338 = ADVANCED_FACE ( 'NONE', ( #4917 ), #7817, .F. ) ;
#7339 = FILL_AREA_STYLE_COLOUR ( '', #3223 ) ;
#7340 = VERTEX_POINT ( 'NONE', #6370 ) ;
#7341 = MECHANICAL_DESIGN_GEOMETRIC_PRESENTATION_REPRESENTATION (  '', ( #952 ), #1292 ) ;
#7342 = CARTESIAN_POINT ( 'NONE',  ( -2.750000000000000000, -1.283471845651426690, 0.1713289885085706732 ) ) ;
#7343 = CARTESIAN_POINT ( 'NONE',  ( 0.07937898878619481513, -0.01182067446366986962, -0.02867101149142507743 ) ) ;
#7344 = ORIENTED_EDGE ( 'NONE', *, *, #7751, .F. ) ;
#7345 =( GEOMETRIC_REPRESENTATION_CONTEXT ( 3 ) GLOBAL_UNCERTAINTY_ASSIGNED_CONTEXT ( ( #1708 ) ) GLOBAL_UNIT_ASSIGNED_CONTEXT ( ( #8601, #2714, #8005 ) ) REPRESENTATION_CONTEXT ( 'NONE', 'WORKASPACE' ) );
#7346 = COLOUR_RGB ( '',0.7764705882352941346, 0.7568627450980391913, 0.7372549019607843590 ) ;
#7347 = LINE ( 'NONE', #2501, #7141 ) ;
#7348 = CARTESIAN_POINT ( 'NONE',  ( 0.04146592646276945487, -0.06571852322553514703, -0.02867101149142507743 ) ) ;
#7349 = CARTESIAN_POINT ( 'NONE',  ( -0.05114696513545505252, -0.1107379711216363027, -0.02867101149142507743 ) ) ;
#7350 = VECTOR ( 'NONE', #3980, 1000.000000000000000 ) ;
#7351 = CARTESIAN_POINT ( 'NONE',  ( 0.1307751191004726254, -0.02075252065234719015, -0.01867101149142582836 ) ) ;
#7352 = ORIENTED_EDGE ( 'NONE', *, *, #5306, .F. ) ;
#7353 = PLANE ( 'NONE',  #2515 ) ;
#7354 = STYLED_ITEM ( 'NONE', ( #2416 ), #7424 ) ;
#7355 = FILL_AREA_STYLE ('',( #763 ) ) ;
#7356 = VECTOR ( 'NONE', #2071, 1000.000000000000000 ) ;
#7357 = PLANE ( 'NONE',  #3922 ) ;
#7358 = DIRECTION ( 'NONE',  ( 1.000000000000000000, 1.376535146460480779E-30, -3.942553354492742545E-16 ) ) ;
#7359 =( NAMED_UNIT ( * ) SI_UNIT ( $, .STERADIAN. ) SOLID_ANGLE_UNIT ( ) );
#7360 = ORIENTED_EDGE ( 'NONE', *, *, #6633, .T. ) ;
#7361 =( LENGTH_UNIT ( ) NAMED_UNIT ( * ) SI_UNIT ( .MILLI., .METRE. ) );
#7362 = DIRECTION ( 'NONE',  ( 0.0000000000000000000, -1.000000000000000000, -3.491481338843133355E-15 ) ) ;
#7363 = EDGE_CURVE ( 'NONE', #3759, #2093, #4681, .T. ) ;
#7364 = EDGE_CURVE ( 'NONE', #769, #6516, #7705, .T. ) ;
#7365 = LINE ( 'NONE', #6079, #6744 ) ;
#7366 = DIRECTION ( 'NONE',  ( 0.0000000000000000000, 0.0000000000000000000, 1.000000000000000000 ) ) ;
#7367 =( NAMED_UNIT ( * ) SI_UNIT ( $, .STERADIAN. ) SOLID_ANGLE_UNIT ( ) );
#7368 =( GEOMETRIC_REPRESENTATION_CONTEXT ( 3 ) GLOBAL_UNCERTAINTY_ASSIGNED_CONTEXT ( ( #1881 ) ) GLOBAL_UNIT_ASSIGNED_CONTEXT ( ( #1349, #2026, #6632 ) ) REPRESENTATION_CONTEXT ( 'NONE', 'WORKASPACE' ) );
#7369 = SURFACE_STYLE_USAGE ( .BOTH. , #91 ) ;
#7370 = ORIENTED_EDGE ( 'NONE', *, *, #4748, .T. ) ;
#7371 = CARTESIAN_POINT ( 'NONE',  ( 0.08557160931307312979, -0.02216795948333048077, -0.01867101149142505120 ) ) ;
#7372 = PLANE ( 'NONE',  #4313 ) ;
#7373 = SURFACE_STYLE_USAGE ( .BOTH. , #2738 ) ;
#7374 = DIRECTION ( 'NONE',  ( 0.0000000000000000000, -3.491481338843132961E-15, 1.000000000000000000 ) ) ;
#7375 = ORIENTED_EDGE ( 'NONE', *, *, #6526, .F. ) ;
#7376 = FILL_AREA_STYLE_COLOUR ( '', #7668 ) ;
#7377 = CARTESIAN_POINT ( 'NONE',  ( 0.09466644745329690080, -0.02064411841101818773, -0.02867101149142507743 ) ) ;
#7378 =( GEOMETRIC_REPRESENTATION_CONTEXT ( 3 ) GLOBAL_UNCERTAINTY_ASSIGNED_CONTEXT ( ( #4028 ) ) GLOBAL_UNIT_ASSIGNED_CONTEXT ( ( #8166, #4180, #6201 ) ) REPRESENTATION_CONTEXT ( 'NONE', 'WORKASPACE' ) );
#7379 = CARTESIAN_POINT ( 'NONE',  ( 0.07439275573106231276, -0.01358437688407198966, -0.01867101149142505120 ) ) ;
#7380 = VERTEX_POINT ( 'NONE', #3782 ) ;
#7381 = ADVANCED_FACE ( 'NONE', ( #6967 ), #7113, .F. ) ;
#7382 = SURFACE_STYLE_FILL_AREA ( #7637 ) ;
#7383 =( BOUNDED_CURVE ( )  B_SPLINE_CURVE ( 3, ( #3404, #1532, #7394, #5394 ),
 .UNSPECIFIED., .F., .T. ) 
 B_SPLINE_CURVE_WITH_KNOTS ( ( 4, 4 ),
 ( 3.141592653589792228, 4.712388980384691450 ),
 .UNSPECIFIED. ) 
 CURVE ( )  GEOMETRIC_REPRESENTATION_ITEM ( )  RATIONAL_B_SPLINE_CURVE ( ( 1.000000000000000000, 0.8047378541243643824, 0.8047378541243643824, 1.000000000000000000 ) ) 
 REPRESENTATION_ITEM ( '' )  );
#7384 = VECTOR ( 'NONE', #110, 1000.000000000000000 ) ;
#7385 = DIRECTION ( 'NONE',  ( 0.0000000000000000000, -1.000000000000000000, -3.491481338843133355E-15 ) ) ;
#7386 =( LENGTH_UNIT ( ) NAMED_UNIT ( * ) SI_UNIT ( .MILLI., .METRE. ) );
#7387 = CARTESIAN_POINT ( 'NONE',  ( -2.375000000000001332, 1.476528154348573318, 0.1713289885085810815 ) ) ;
#7388 = DIRECTION ( 'NONE',  ( 0.0000000000000000000, 1.000000000000000000, 3.491481338843133355E-15 ) ) ;
#7389 = VECTOR ( 'NONE', #6927, 1000.000000000000000 ) ;
#7390 = PLANE ( 'NONE',  #7050 ) ;
#7391 = COLOUR_RGB ( '',0.7764705882352941346, 0.7568627450980391913, 0.7372549019607843590 ) ;
#7392 = ORIENTED_EDGE ( 'NONE', *, *, #7212, .F. ) ;
#7393 = EDGE_CURVE ( 'NONE', #1341, #27, #1908, .T. ) ;
#7394 = CARTESIAN_POINT ( 'NONE',  ( -2.977468617224196201, -1.383471845651430110, 1.147744543511576509 ) ) ;
#7395 = CARTESIAN_POINT ( 'NONE',  ( 0.08024434861426457677, -0.1085062432535173343, -0.02867101149142507743 ) ) ;
#7396 = EDGE_CURVE ( 'NONE', #8363, #7005, #8024, .T. ) ;
#7397 = AXIS2_PLACEMENT_3D ( 'NONE', #4153, #4721, #6138 ) ;
#7398 = VECTOR ( 'NONE', #4687, 1000.000000000000000 ) ;
#7399 = PRESENTATION_STYLE_ASSIGNMENT (( #5462 ) ) ;
#7400 = ORIENTED_EDGE ( 'NONE', *, *, #3972, .F. ) ;
#7401 = CARTESIAN_POINT ( 'NONE',  ( -0.07166403985177248470, -0.01592262720028262551, -0.02867101149142507743 ) ) ;
#7402 = PRESENTATION_STYLE_ASSIGNMENT (( #3519 ) ) ;
#7403 = CARTESIAN_POINT ( 'NONE',  ( -1.149999999999999911, -0.1834718456514240481, -0.5286710114914247027 ) ) ;
#7404 = AXIS2_PLACEMENT_3D ( 'NONE', #2716, #5347, #2042 ) ;
#7405 = CIRCLE ( 'NONE', #5299, 0.2000000000000000944 ) ;
#7406 = CARTESIAN_POINT ( 'NONE',  ( 0.1432532846799481063, -0.03644305402520420234, -0.01867101149142582836 ) ) ;
#7407 = CARTESIAN_POINT ( 'NONE',  ( 2.750000000000000000, -1.083471845651426069, -0.02867101149142854688 ) ) ;
#7408 = MECHANICAL_DESIGN_GEOMETRIC_PRESENTATION_REPRESENTATION (  '', ( #1306 ), #849 ) ;
#7409 = ORIENTED_EDGE ( 'NONE', *, *, #3771, .F. ) ;
#7410 = CARTESIAN_POINT ( 'NONE',  ( -0.09678732794738779954, -0.07570176427647572204, -0.01867101149142505120 ) ) ;
#7411 = EDGE_LOOP ( 'NONE', ( #5677, #1000, #3050, #7044 ) ) ;
#7412 = EDGE_CURVE ( 'NONE', #5052, #4191, #2608, .T. ) ;
#7413 = CARTESIAN_POINT ( 'NONE',  ( -0.09678776834212701741, -0.04416524864322154964, -0.01867101149142505120 ) ) ;
#7414 = EDGE_CURVE ( 'NONE', #572, #6804, #7283, .T. ) ;
#7415 = ORIENTED_EDGE ( 'NONE', *, *, #3648, .F. ) ;
#7416 = PRESENTATION_LAYER_ASSIGNMENT (  '', '', ( #5358 ) ) ;
#7417 = ORIENTED_EDGE ( 'NONE', *, *, #3370, .T. ) ;
#7418 = SURFACE_SIDE_STYLE ('',( #4291 ) ) ;
#7419 = ORIENTED_EDGE ( 'NONE', *, *, #2079, .F. ) ;
#7420 = CARTESIAN_POINT ( 'NONE',  ( 0.08024434861426457677, -0.1085062432535173343, -0.02867101149142507743 ) ) ;
#7421 = CARTESIAN_POINT ( 'NONE',  ( 0.09403409270932476527, -0.1116958409842685740, -0.01867101149142505120 ) ) ;
#7422 = SURFACE_STYLE_FILL_AREA ( #7214 ) ;
#7423 = CARTESIAN_POINT ( 'NONE',  ( -0.07722420950645908500, -0.03384398356338350067, -0.02867101149142507743 ) ) ;
#7424 = ADVANCED_FACE ( 'NONE', ( #6251 ), #3117, .F. ) ;
#7425 = VECTOR ( 'NONE', #2265, 1000.000000000000000 ) ;
#7426 = ORIENTED_EDGE ( 'NONE', *, *, #3857, .F. ) ;
#7427 = EDGE_CURVE ( 'NONE', #5258, #1579, #1199, .T. ) ;
#7428 = FILL_AREA_STYLE_COLOUR ( '', #7391 ) ;
#7429 =( GEOMETRIC_REPRESENTATION_CONTEXT ( 3 ) GLOBAL_UNCERTAINTY_ASSIGNED_CONTEXT ( ( #7860 ) ) GLOBAL_UNIT_ASSIGNED_CONTEXT ( ( #7577, #6995, #3604 ) ) REPRESENTATION_CONTEXT ( 'NONE', 'WORKASPACE' ) );
#7430 = FILL_AREA_STYLE_COLOUR ( '', #1922 ) ;
#7431 = LINE ( 'NONE', #6728, #2056 ) ;
#7432 = ORIENTED_EDGE ( 'NONE', *, *, #569, .T. ) ;
#7433 = CARTESIAN_POINT ( 'NONE',  ( 0.07439275573106213235, -0.01358437688407177282, -0.02867101149142507743 ) ) ;
#7434 = ORIENTED_EDGE ( 'NONE', *, *, #2834, .F. ) ;
#7435 = CARTESIAN_POINT ( 'NONE',  ( -2.375000000000001332, 0.6865281543485735050, 0.1713289885085784725 ) ) ;
#7436 = CARTESIAN_POINT ( 'NONE',  ( -2.799999999999999822, -1.083471845651426291, 0.02132898850857171957 ) ) ;
#7437 = ORIENTED_EDGE ( 'NONE', *, *, #6032, .T. ) ;
#7438 = DIRECTION ( 'NONE',  ( 0.0000000000000000000, 3.491481338843133355E-15, -1.000000000000000000 ) ) ;
#7439 = SURFACE_STYLE_USAGE ( .BOTH. , #2107 ) ;
#7440 = ORIENTED_EDGE ( 'NONE', *, *, #7265, .F. ) ;
#7441 = ORIENTED_EDGE ( 'NONE', *, *, #7139, .T. ) ;
#7442 = CARTESIAN_POINT ( 'NONE',  ( -3.500000000000000888, -1.083471845651435617, 2.796076259633627714 ) ) ;
#7443 = DIRECTION ( 'NONE',  ( 0.0000000000000000000, -1.000000000000000000, -3.491481338843133355E-15 ) ) ;
#7444 = EDGE_CURVE ( 'NONE', #2737, #5811, #6651, .T. ) ;
#7445 = LINE ( 'NONE', #1143, #385 ) ;
#7446 = CARTESIAN_POINT ( 'NONE',  ( 0.2085390971944766358, -0.01084047444504751025, -0.01867101149142505120 ) ) ;
#7447 =( GEOMETRIC_REPRESENTATION_CONTEXT ( 3 ) GLOBAL_UNCERTAINTY_ASSIGNED_CONTEXT ( ( #3750 ) ) GLOBAL_UNIT_ASSIGNED_CONTEXT ( ( #1030, #1897, #6975 ) ) REPRESENTATION_CONTEXT ( 'NONE', 'WORKASPACE' ) );
#7448 = VECTOR ( 'NONE', #5010, 1000.000000000000000 ) ;
#7449 = CARTESIAN_POINT ( 'NONE',  ( 3.299999999999998934, -1.083471845651437615, 3.321328988508571278 ) ) ;
#7450 = CARTESIAN_POINT ( 'NONE',  ( 0.09032195178578993067, -0.1112138206455926953, -0.02867101149142507743 ) ) ;
#7451 =( NAMED_UNIT ( * ) SI_UNIT ( $, .STERADIAN. ) SOLID_ANGLE_UNIT ( ) );
#7452 = EDGE_LOOP ( 'NONE', ( #1615, #2591, #5676, #5638 ) ) ;
#7453 = FACE_OUTER_BOUND ( 'NONE', #7493, .T. ) ;
#7454 = SURFACE_STYLE_USAGE ( .BOTH. , #8528 ) ;
#7455 = VECTOR ( 'NONE', #8047, 1000.000000000000000 ) ;
#7456 = CARTESIAN_POINT ( 'NONE',  ( 0.1203977947281762440, -0.09516512494305798264, -0.01867101149142505120 ) ) ;
#7457 = FILL_AREA_STYLE ('',( #4068 ) ) ;
#7458 = ORIENTED_EDGE ( 'NONE', *, *, #4112, .F. ) ;
#7459 = STYLED_ITEM ( 'NONE', ( #3923 ), #902 ) ;
#7460 =( GEOMETRIC_REPRESENTATION_CONTEXT ( 3 ) GLOBAL_UNCERTAINTY_ASSIGNED_CONTEXT ( ( #4597 ) ) GLOBAL_UNIT_ASSIGNED_CONTEXT ( ( #2234, #5499, #208 ) ) REPRESENTATION_CONTEXT ( 'NONE', 'WORKASPACE' ) );
#7461 = EDGE_LOOP ( 'NONE', ( #8056, #1679, #4644, #5978, #1549, #148, #6495, #7056 ) ) ;
#7462 = PRESENTATION_STYLE_ASSIGNMENT (( #464 ) ) ;
#7463 =( NAMED_UNIT ( * ) SI_UNIT ( $, .STERADIAN. ) SOLID_ANGLE_UNIT ( ) );
#7464 = CARTESIAN_POINT ( 'NONE',  ( 0.1018236802061384116, -0.02068226302561642499, -0.02867101149142507743 ) ) ;
#7465 = CARTESIAN_POINT ( 'NONE',  ( 0.1407750854232876769, -0.03203388301258376647, -0.01867101149142582836 ) ) ;
#7466 = CARTESIAN_POINT ( 'NONE',  ( 0.07982953784248580931, -0.02417127338370776354, -0.01867101149142505120 ) ) ;
#7467 = CARTESIAN_POINT ( 'NONE',  ( -0.09877797597625509463, -0.05958285249382799798, -0.01867101149142505120 ) ) ;
#7468 = ORIENTED_EDGE ( 'NONE', *, *, #146, .T. ) ;
#7469 = ADVANCED_FACE ( 'NONE', ( #3651 ), #4559, .T. ) ;
#7470 = VECTOR ( 'NONE', #225, 1000.000000000000000 ) ;
#7471 = LINE ( 'NONE', #518, #3534 ) ;
#7472 = AXIS2_PLACEMENT_3D ( 'NONE', #7708, #4419, #445 ) ;
#7473 =( LENGTH_UNIT ( ) NAMED_UNIT ( * ) SI_UNIT ( .MILLI., .METRE. ) );
#7474 = SURFACE_SIDE_STYLE ('',( #4096 ) ) ;
#7475 = CARTESIAN_POINT ( 'NONE',  ( 0.09466644745329690080, -0.02064411841101818773, -0.02867101149142507743 ) ) ;
#7476 =( LENGTH_UNIT ( ) NAMED_UNIT ( * ) SI_UNIT ( .MILLI., .METRE. ) );
#7477 = PRESENTATION_STYLE_ASSIGNMENT (( #5907 ) ) ;
#7478 = CARTESIAN_POINT ( 'NONE',  ( 0.04146592646276945487, -0.09986486468894985313, -0.02867101149142507743 ) ) ;
#7479 = CARTESIAN_POINT ( 'NONE',  ( 3.549999999999999822, -1.283471845651425136, -0.02867101149142941424 ) ) ;
#7480 = ORIENTED_EDGE ( 'NONE', *, *, #2555, .T. ) ;
#7481 =( LENGTH_UNIT ( ) NAMED_UNIT ( * ) SI_UNIT ( .MILLI., .METRE. ) );
#7482 = EDGE_CURVE ( 'NONE', #7524, #7004, #5414, .T. ) ;
#7483 = EDGE_CURVE ( 'NONE', #3221, #6962, #116, .T. ) ;
#7484 = CARTESIAN_POINT ( 'NONE',  ( 1.400000000000000133, -2.213471845651430403, 1.246328988508567548 ) ) ;
#7485 = MECHANICAL_DESIGN_GEOMETRIC_PRESENTATION_REPRESENTATION (  '', ( #5090 ), #5982 ) ;
#7486 = CARTESIAN_POINT ( 'NONE',  ( -0.07470069598602160910, -0.03131312710136702204, -0.02867101149142507743 ) ) ;
#7487 = UNCERTAINTY_MEASURE_WITH_UNIT (LENGTH_MEASURE( 1.000000000000000082E-05 ), #5340, 'distance_accuracy_value', 'NONE');
#7488 = FILL_AREA_STYLE_COLOUR ( '', #2849 ) ;
#7489 = LINE ( 'NONE', #4937, #212 ) ;
#7490 = DIRECTION ( 'NONE',  ( 0.0000000000000000000, -3.491481338843133355E-15, 1.000000000000000000 ) ) ;
#7491 = CARTESIAN_POINT ( 'NONE',  ( 2.799999999999997602, -1.283471845651425802, -0.02867101149142898056 ) ) ;
#7492 = LINE ( 'NONE', #4303, #8027 ) ;
#7493 = EDGE_LOOP ( 'NONE', ( #679, #7480, #3832, #7440 ) ) ;
#7494 = FILL_AREA_STYLE_COLOUR ( '', #4616 ) ;
#7495 = VECTOR ( 'NONE', #2218, 1000.000000000000000 ) ;
#7496 = PRESENTATION_LAYER_ASSIGNMENT (  '', '', ( #3049 ) ) ;
#7497 = EDGE_CURVE ( 'NONE', #5811, #2562, #6439, .T. ) ;
#7498 = CYLINDRICAL_SURFACE ( 'NONE', #5188, 0.1000000000000000472 ) ;
#7499 = MECHANICAL_DESIGN_GEOMETRIC_PRESENTATION_REPRESENTATION (  '', ( #6595 ), #3940 ) ;
#7500 = CARTESIAN_POINT ( 'NONE',  ( 3.549999999999999822, -0.9834718456514274232, 0.4713289885085719111 ) ) ;
#7501 = DIRECTION ( 'NONE',  ( 0.0000000000000000000, 4.336808689942017736E-15, -1.000000000000000000 ) ) ;
#7502 = VERTEX_POINT ( 'NONE', #7174 ) ;
#7503 = CARTESIAN_POINT ( 'NONE',  ( -3.300000000000000711, -1.083471845651426069, -0.02867101149142854688 ) ) ;
#7504 = CARTESIAN_POINT ( 'NONE',  ( -0.06708323738077184850, -0.01407233869780326677, -0.01867101149142505120 ) ) ;
#7505 = CARTESIAN_POINT ( 'NONE',  ( 1.400000000000000133, -2.213471845651430403, 1.246328988508567548 ) ) ;
#7506 = CARTESIAN_POINT ( 'NONE',  ( 0.006100072804232863251, -0.06571852322553514703, -0.02867101149142507743 ) ) ;
#7507 = EDGE_CURVE ( 'NONE', #8551, #2426, #2922, .T. ) ;
#7508 = SURFACE_STYLE_USAGE ( .BOTH. , #6658 ) ;
#7509 = PRESENTATION_LAYER_ASSIGNMENT (  '', '', ( #952 ) ) ;
#7510 = DIRECTION ( 'NONE',  ( 2.891205793294677044E-15, -1.000000000000000000, -3.491481338843133355E-15 ) ) ;
#7511 = ORIENTED_EDGE ( 'NONE', *, *, #4642, .F. ) ;
#7512 = CARTESIAN_POINT ( 'NONE',  ( -0.07151231177045828946, -0.1054558385694525507, -0.02867101149142507743 ) ) ;
#7513 =( GEOMETRIC_REPRESENTATION_CONTEXT ( 3 ) GLOBAL_UNCERTAINTY_ASSIGNED_CONTEXT ( ( #7313 ) ) GLOBAL_UNIT_ASSIGNED_CONTEXT ( ( #2756, #1500, #81 ) ) REPRESENTATION_CONTEXT ( 'NONE', 'WORKASPACE' ) );
#7514 = ORIENTED_EDGE ( 'NONE', *, *, #5369, .T. ) ;
#7515 = CARTESIAN_POINT ( 'NONE',  ( -0.07190219590742186195, -0.02908112712596776922, -0.01867101149142505120 ) ) ;
#7516 = CARTESIAN_POINT ( 'NONE',  ( 0.2085390971944766358, -0.1108404744450475488, -0.01867101149142505120 ) ) ;
#7517 = LINE ( 'NONE', #7781, #866 ) ;
#7518 = ADVANCED_FACE ( 'NONE', ( #3745 ), #2649, .F. ) ;
#7519 =( NAMED_UNIT ( * ) SI_UNIT ( $, .STERADIAN. ) SOLID_ANGLE_UNIT ( ) );
#7520 =( LENGTH_UNIT ( ) NAMED_UNIT ( * ) SI_UNIT ( .MILLI., .METRE. ) );
#7521 = ORIENTED_EDGE ( 'NONE', *, *, #7412, .F. ) ;
#7522 = DIRECTION ( 'NONE',  ( 0.0000000000000000000, -1.000000000000000000, -3.491481338843133355E-15 ) ) ;
#7523 = ORIENTED_EDGE ( 'NONE', *, *, #7133, .F. ) ;
#7524 = VERTEX_POINT ( 'NONE', #7202 ) ;
#7525 = PRESENTATION_STYLE_ASSIGNMENT (( #5736 ) ) ;
#7526 = STYLED_ITEM ( 'NONE', ( #8501 ), #1929 ) ;
#7527 = DIRECTION ( 'NONE',  ( -0.0000000000000000000, 1.000000000000000000, 3.491481338843133355E-15 ) ) ;
#7528 =( GEOMETRIC_REPRESENTATION_CONTEXT ( 3 ) GLOBAL_UNCERTAINTY_ASSIGNED_CONTEXT ( ( #2743 ) ) GLOBAL_UNIT_ASSIGNED_CONTEXT ( ( #7036, #1806, #6396 ) ) REPRESENTATION_CONTEXT ( 'NONE', 'WORKASPACE' ) );
#7529 = FACE_BOUND ( 'NONE', #249, .T. ) ;
#7530 = FACE_BOUND ( 'NONE', #1004, .T. ) ;
#7531 = ORIENTED_EDGE ( 'NONE', *, *, #4377, .T. ) ;
#7532 = CARTESIAN_POINT ( 'NONE',  ( 0.001222024023745052739, -0.1108404744450473406, -0.02867101149142507743 ) ) ;
#7533 = DIRECTION ( 'NONE',  ( 0.3363908276654480334, -0.9417224702971438433, -3.288006431411734637E-15 ) ) ;
#7534 = CARTESIAN_POINT ( 'NONE',  ( 0.09781120085301335532, -0.02059657200602295346, -0.02867101149142507743 ) ) ;
#7535 = EDGE_CURVE ( 'NONE', #3844, #5750, #4673, .T. ) ;
#7536 = CARTESIAN_POINT ( 'NONE',  ( -0.07743744387689870112, -0.08660615277779033783, -0.02867101149142507743 ) ) ;
#7537 = STYLED_ITEM ( 'NONE', ( #5850 ), #2733 ) ;
#7538 = COLOUR_RGB ( '',1.000000000000000000, 1.000000000000000000, 1.000000000000000000 ) ;
#7539 = VECTOR ( 'NONE', #1943, 1000.000000000000000 ) ;
#7540 = DIRECTION ( 'NONE',  ( 0.0000000000000000000, -4.304632968207263259E-15, 1.000000000000000000 ) ) ;
#7541 = FACE_OUTER_BOUND ( 'NONE', #7239, .T. ) ;
#7542 = ORIENTED_EDGE ( 'NONE', *, *, #3201, .T. ) ;
#7543 = PLANE ( 'NONE',  #1139 ) ;
#7544 = CARTESIAN_POINT ( 'NONE',  ( -0.08007034935969851996, -0.1001597405641435207, -0.01867101149142528019 ) ) ;
#7545 = ORIENTED_EDGE ( 'NONE', *, *, #3596, .T. ) ;
#7546 = DIRECTION ( 'NONE',  ( -1.000000000000000000, -0.0000000000000000000, 0.0000000000000000000 ) ) ;
#7547 =( NAMED_UNIT ( * ) SI_UNIT ( $, .STERADIAN. ) SOLID_ANGLE_UNIT ( ) );
#7548 = VECTOR ( 'NONE', #5317, 1000.000000000000000 ) ;
#7549 = ORIENTED_EDGE ( 'NONE', *, *, #5639, .T. ) ;
#7550 = UNCERTAINTY_MEASURE_WITH_UNIT (LENGTH_MEASURE( 1.000000000000000082E-05 ), #7310, 'distance_accuracy_value', 'NONE');
#7551 = VECTOR ( 'NONE', #6220, 1000.000000000000000 ) ;
#7552 = FILL_AREA_STYLE ('',( #4302 ) ) ;
#7553 = ORIENTED_EDGE ( 'NONE', *, *, #7812, .F. ) ;
#7554 = PRESENTATION_LAYER_ASSIGNMENT (  '', '', ( #5926 ) ) ;
#7555 = DIRECTION ( 'NONE',  ( 0.0000000000000000000, -1.000000000000000000, -3.491481338843133355E-15 ) ) ;
#7556 = DIRECTION ( 'NONE',  ( 0.0000000000000000000, -1.000000000000000000, -3.489775742687718975E-15 ) ) ;
#7557 = VERTEX_POINT ( 'NONE', #1950 ) ;
#7558 = CARTESIAN_POINT ( 'NONE',  ( 2.098518552703152906, -1.383471845651432108, 1.746328988508570212 ) ) ;
#7559 = ORIENTED_EDGE ( 'NONE', *, *, #2875, .T. ) ;
#7560 = CARTESIAN_POINT ( 'NONE',  ( 0.1486536774032898300, -0.05697389230473474953, -0.02867101149142507743 ) ) ;
#7561 = COLOUR_RGB ( '',1.000000000000000000, 1.000000000000000000, 1.000000000000000000 ) ;
#7562 = ADVANCED_FACE ( 'NONE', ( #1144 ), #2213, .T. ) ;
#7563 = SURFACE_STYLE_USAGE ( .BOTH. , #3617 ) ;
#7564 = FACE_OUTER_BOUND ( 'NONE', #6339, .T. ) ;
#7565 = DIRECTION ( 'NONE',  ( 0.0000000000000000000, -1.000000000000000000, -3.491481338843133355E-15 ) ) ;
#7566 = CARTESIAN_POINT ( 'NONE',  ( 0.1231361952221499273, -0.09299731286558851617, -0.02867101149142507743 ) ) ;
#7567 = EDGE_CURVE ( 'NONE', #1764, #4131, #8227, .T. ) ;
#7568 = CARTESIAN_POINT ( 'NONE',  ( -0.07498663169476317558, -0.08937849813740608718, -0.02867101149142507743 ) ) ;
#7569 = ORIENTED_EDGE ( 'NONE', *, *, #1406, .F. ) ;
#7570 = PRESENTATION_LAYER_ASSIGNMENT (  '', '', ( #5062 ) ) ;
#7571 = DIRECTION ( 'NONE',  ( 4.336808689942017736E-16, -3.491481338843133355E-15, 1.000000000000000000 ) ) ;
#7572 = CARTESIAN_POINT ( 'NONE',  ( -0.09678732794738779954, -0.07570176427647554163, -0.01867101149142528019 ) ) ;
#7573 = ORIENTED_EDGE ( 'NONE', *, *, #2990, .F. ) ;
#7574 = CARTESIAN_POINT ( 'NONE',  ( -0.1302756893908890157, -0.08279169395724260416, -0.01867101149142505120 ) ) ;
#7575 = CARTESIAN_POINT ( 'NONE',  ( -0.04651044548845006954, -0.01084047444504729341, -0.02867101149142507743 ) ) ;
#7576 = AXIS2_PLACEMENT_3D ( 'NONE', #1462, #2128, #5502 ) ;
#7577 =( LENGTH_UNIT ( ) NAMED_UNIT ( * ) SI_UNIT ( .MILLI., .METRE. ) );
#7578 = AXIS2_PLACEMENT_3D ( 'NONE', #2764, #8058, #2224 ) ;
#7579 = CARTESIAN_POINT ( 'NONE',  ( 0.1352665167797594270, -0.05735499409131482318, -0.01867101149142505120 ) ) ;
#7580 = ORIENTED_EDGE ( 'NONE', *, *, #7013, .F. ) ;
#7581 = SPHERICAL_SURFACE ( 'NONE', #4444, 0.2999999999999999889 ) ;
#7582 = PLANE ( 'NONE',  #783 ) ;
#7583 = DIRECTION ( 'NONE',  ( 0.3393303772748771374, 0.9406672605435406620, 3.284322186248463980E-15 ) ) ;
#7584 = CARTESIAN_POINT ( 'NONE',  ( 0.1268227597660341044, -0.01774050521862629431, -0.02867101149142507743 ) ) ;
#7585 = EDGE_CURVE ( 'NONE', #4927, #207, #4794, .T. ) ;
#7586 = VECTOR ( 'NONE', #455, 1000.000000000000000 ) ;
#7587 =( NAMED_UNIT ( * ) PLANE_ANGLE_UNIT ( ) SI_UNIT ( $, .RADIAN. ) );
#7588 = VERTEX_POINT ( 'NONE', #2537 ) ;
#7589 = PRESENTATION_STYLE_ASSIGNMENT (( #8007 ) ) ;
#7590 = CARTESIAN_POINT ( 'NONE',  ( 3.149999999999995914, 1.186528154348563957, 2.921328988508579361 ) ) ;
#7591 = DIRECTION ( 'NONE',  ( 1.000000000000000000, 0.0000000000000000000, -3.614007241618349264E-16 ) ) ;
#7592 =( NAMED_UNIT ( * ) PLANE_ANGLE_UNIT ( ) SI_UNIT ( $, .RADIAN. ) );
#7593 = CARTESIAN_POINT ( 'NONE',  ( -0.08283502140647945600, -0.07668492226556347657, -0.01867101149142505120 ) ) ;
#7594 = CARTESIAN_POINT ( 'NONE',  ( 1.400000000000000133, -2.213471845651429959, 1.146328988508567903 ) ) ;
#7595 = ORIENTED_EDGE ( 'NONE', *, *, #2077, .T. ) ;
#7596 = CARTESIAN_POINT ( 'NONE',  ( 3.849999999999999645, -0.9834718456514260909, -0.02867101149142811320 ) ) ;
#7597 = UNCERTAINTY_MEASURE_WITH_UNIT (LENGTH_MEASURE( 1.000000000000000082E-05 ), #4277, 'distance_accuracy_value', 'NONE');
#7598 = UNCERTAINTY_MEASURE_WITH_UNIT (LENGTH_MEASURE( 1.000000000000000082E-05 ), #3764, 'distance_accuracy_value', 'NONE');
#7599 = CARTESIAN_POINT ( 'NONE',  ( 3.299999999999999378, 1.186528154348563957, 2.921328988508579361 ) ) ;
#7600 = EDGE_CURVE ( 'NONE', #7090, #4760, #8129, .T. ) ;
#7601 = FILL_AREA_STYLE_COLOUR ( '', #7620 ) ;
#7602 = LINE ( 'NONE', #162, #7809 ) ;
#7603 = DIRECTION ( 'NONE',  ( 0.0000000000000000000, -1.000000000000000000, -3.491481338843133355E-15 ) ) ;
#7604 = SURFACE_SIDE_STYLE ('',( #6441 ) ) ;
#7605 = VERTEX_POINT ( 'NONE', #5434 ) ;
#7606 = DIRECTION ( 'NONE',  ( -0.0000000000000000000, 3.491481338843133355E-15, -1.000000000000000000 ) ) ;
#7607 = UNCERTAINTY_MEASURE_WITH_UNIT (LENGTH_MEASURE( 1.000000000000000082E-05 ), #4829, 'distance_accuracy_value', 'NONE');
#7608 = LINE ( 'NONE', #3997, #5832 ) ;
#7609 = SURFACE_STYLE_FILL_AREA ( #6640 ) ;
#7610 = FACE_OUTER_BOUND ( 'NONE', #5963, .T. ) ;
#7611 = FILL_AREA_STYLE ('',( #7494 ) ) ;
#7612 = VECTOR ( 'NONE', #754, 1000.000000000000000 ) ;
#7613 = ORIENTED_EDGE ( 'NONE', *, *, #5505, .T. ) ;
#7614 = EDGE_CURVE ( 'NONE', #5249, #4226, #4368, .T. ) ;
#7615 = SURFACE_STYLE_USAGE ( .BOTH. , #2977 ) ;
#7616 = PRESENTATION_LAYER_ASSIGNMENT (  '', '', ( #7166 ) ) ;
#7617 = LINE ( 'NONE', #5211, #6901 ) ;
#7618 = PLANE ( 'NONE',  #4512 ) ;
#7619 = DIRECTION ( 'NONE',  ( 0.0000000000000000000, -3.491481338843133355E-15, 1.000000000000000000 ) ) ;
#7620 = COLOUR_RGB ( '',1.000000000000000000, 1.000000000000000000, 1.000000000000000000 ) ;
#7621 = CARTESIAN_POINT ( 'NONE',  ( 0.1353683654871597197, -0.06190754761577904608, -0.02867101149142507743 ) ) ;
#7622 = LINE ( 'NONE', #75, #4710 ) ;
#7623 = ORIENTED_EDGE ( 'NONE', *, *, #7930, .T. ) ;
#7624 = CARTESIAN_POINT ( 'NONE',  ( -1.825000000000000844, 1.476528154348573763, -0.02867101149141900590 ) ) ;
#7625 = ORIENTED_EDGE ( 'NONE', *, *, #6880, .F. ) ;
#7626 = CARTESIAN_POINT ( 'NONE',  ( 0.1573195849993548334, -0.09986486468894985313, -0.02867101149142507743 ) ) ;
#7627 = SURFACE_SIDE_STYLE ('',( #1603 ) ) ;
#7628 = VECTOR ( 'NONE', #2080, 1000.000000000000000 ) ;
#7629 = EDGE_CURVE ( 'NONE', #620, #1571, #7065, .T. ) ;
#7630 =( GEOMETRIC_REPRESENTATION_CONTEXT ( 3 ) GLOBAL_UNCERTAINTY_ASSIGNED_CONTEXT ( ( #3608 ) ) GLOBAL_UNIT_ASSIGNED_CONTEXT ( ( #2901, #2250, #8192 ) ) REPRESENTATION_CONTEXT ( 'NONE', 'WORKASPACE' ) );
#7631 = CARTESIAN_POINT ( 'NONE',  ( 0.04146592646276945487, -0.02181608420114499597, -0.02867101149142507743 ) ) ;
#7632 = AXIS2_PLACEMENT_3D ( 'NONE', #1517, #6131, #2453 ) ;
#7633 = VERTEX_POINT ( 'NONE', #2742 ) ;
#7634 =( LENGTH_UNIT ( ) NAMED_UNIT ( * ) SI_UNIT ( .MILLI., .METRE. ) );
#7635 =( NAMED_UNIT ( * ) PLANE_ANGLE_UNIT ( ) SI_UNIT ( $, .RADIAN. ) );
#7636 = CARTESIAN_POINT ( 'NONE',  ( -3.650000000000001688, -0.7834718456514280227, 0.4713289885085727438 ) ) ;
#7637 = FILL_AREA_STYLE ('',( #4976 ) ) ;
#7638 = UNCERTAINTY_MEASURE_WITH_UNIT (LENGTH_MEASURE( 1.000000000000000082E-05 ), #2619, 'distance_accuracy_value', 'NONE');
#7639 = DIRECTION ( 'NONE',  ( -0.0000000000000000000, 1.000000000000000000, 3.491481338843133355E-15 ) ) ;
#7640 = LINE ( 'NONE', #234, #3891 ) ;
#7641 = MECHANICAL_DESIGN_GEOMETRIC_PRESENTATION_REPRESENTATION (  '', ( #2580 ), #1251 ) ;
#7642 = VERTEX_POINT ( 'NONE', #7433 ) ;
#7643 = ORIENTED_EDGE ( 'NONE', *, *, #686, .F. ) ;
#7644 = AXIS2_PLACEMENT_3D ( 'NONE', #389, #8299, #2380 ) ;
#7645 = CARTESIAN_POINT ( 'NONE',  ( 0.1378517194982400718, -0.02791944546562483837, -0.02867101149142507743 ) ) ;
#7646 = ADVANCED_FACE ( 'NONE', ( #6642 ), #61, .F. ) ;
#7647 = SURFACE_STYLE_FILL_AREA ( #8109 ) ;
#7648 = CARTESIAN_POINT ( 'NONE',  ( 0.0000000000000000000, -1.383471845651432108, 1.746328988508570212 ) ) ;
#7649 = ORIENTED_EDGE ( 'NONE', *, *, #5823, .T. ) ;
#7650 = DIRECTION ( 'NONE',  ( 0.0000000000000000000, -1.000000000000000000, 0.0000000000000000000 ) ) ;
#7651 = ORIENTED_EDGE ( 'NONE', *, *, #3720, .F. ) ;
#7652 = DIRECTION ( 'NONE',  ( 0.0000000000000000000, -3.491481338843133355E-15, 1.000000000000000000 ) ) ;
#7653 = EDGE_CURVE ( 'NONE', #6060, #4927, #7698, .T. ) ;
#7654 = CARTESIAN_POINT ( 'NONE',  ( -0.06681659732748487790, -0.1074195557637467463, -0.01867101149142505120 ) ) ;
#7655 = DIRECTION ( 'NONE',  ( 0.0000000000000000000, -3.491481338843133355E-15, 1.000000000000000000 ) ) ;
#7656 = CARTESIAN_POINT ( 'NONE',  ( 2.549999999999999822, 0.6865281543485739491, -0.02867101149142247535 ) ) ;
#7657 = AXIS2_PLACEMENT_3D ( 'NONE', #4751, #4846, #6845 ) ;
#7658 = ORIENTED_EDGE ( 'NONE', *, *, #1166, .F. ) ;
#7659 = ORIENTED_EDGE ( 'NONE', *, *, #3596, .F. ) ;
#7660 = SURFACE_SIDE_STYLE ('',( #6693 ) ) ;
#7661 = ORIENTED_EDGE ( 'NONE', *, *, #7842, .F. ) ;
#7662 = CARTESIAN_POINT ( 'NONE',  ( 0.003661048413988954309, -0.02181608420114499597, -0.02867101149142507743 ) ) ;
#7663 = ORIENTED_EDGE ( 'NONE', *, *, #6526, .T. ) ;
#7664 = FACE_OUTER_BOUND ( 'NONE', #3961, .T. ) ;
#7665 = LINE ( 'NONE', #823, #386 ) ;
#7666 = SURFACE_SIDE_STYLE ('',( #6994 ) ) ;
#7667 = DIRECTION ( 'NONE',  ( 1.000000000000000000, 0.0000000000000000000, 0.0000000000000000000 ) ) ;
#7669 = CARTESIAN_POINT ( 'NONE',  ( -0.1438999271957671078, -0.01084047444504729341, -0.02867101149142507743 ) ) ;
#7668 = COLOUR_RGB ( '',1.000000000000000000, 1.000000000000000000, 1.000000000000000000 ) ;
#7670 = CARTESIAN_POINT ( 'NONE',  ( 3.849999999999998757, -1.283471845651436682, -0.02867101149142898056 ) ) ;
#7671 = AXIS2_PLACEMENT_3D ( 'NONE', #4058, #7985, #83 ) ;
#7672 = CARTESIAN_POINT ( 'NONE',  ( -0.1963389515860110013, -0.1108404744450473406, -0.02867101149142507743 ) ) ;
#7673 = ORIENTED_EDGE ( 'NONE', *, *, #8300, .F. ) ;
#7674 = ORIENTED_EDGE ( 'NONE', *, *, #6954, .F. ) ;
#7675 = EDGE_CURVE ( 'NONE', #2407, #7524, #1264, .T. ) ;
#7676 = VECTOR ( 'NONE', #979, 1000.000000000000000 ) ;
#7677 = CIRCLE ( 'NONE', #7063, 0.02499999999999984873 ) ;
#7678 = CARTESIAN_POINT ( 'NONE',  ( 0.1438727488146064326, -0.08715958801036659265, -0.01867101149142505120 ) ) ;
#7679 = SURFACE_STYLE_USAGE ( .BOTH. , #3029 ) ;
#7680 = VECTOR ( 'NONE', #2539, 1000.000000000000000 ) ;
#7681 = ORIENTED_EDGE ( 'NONE', *, *, #4243, .T. ) ;
#7682 = VECTOR ( 'NONE', #1059, 1000.000000000000000 ) ;
#7683 = AXIS2_PLACEMENT_3D ( 'NONE', #453, #1094, #7885 ) ;
#7684 = CARTESIAN_POINT ( 'NONE',  ( -2.375000000000001332, 0.6865281543485739491, -0.02867101149142160799 ) ) ;
#7685 = PRESENTATION_LAYER_ASSIGNMENT (  '', '', ( #8304 ) ) ;
#7686 = CARTESIAN_POINT ( 'NONE',  ( -3.550000000000001155, -0.9834718456514278673, 0.4713289885085719111 ) ) ;
#7687 = VERTEX_POINT ( 'NONE', #8121 ) ;
#7688 = VERTEX_POINT ( 'NONE', #725 ) ;
#7689 = SURFACE_STYLE_FILL_AREA ( #5204 ) ;
#7690 = CARTESIAN_POINT ( 'NONE',  ( -0.1498413696466823208, -0.02509622219135937068, -0.01867101149142505120 ) ) ;
#7691 = ADVANCED_FACE ( 'NONE', ( #424 ), #4108, .F. ) ;
#7692 = CARTESIAN_POINT ( 'NONE',  ( -3.299999999999998934, 0.6865281543485617366, 3.521328988508578117 ) ) ;
#7693 = VERTEX_POINT ( 'NONE', #5376 ) ;
#7694 = SURFACE_STYLE_FILL_AREA ( #3328 ) ;
#7695 = STYLED_ITEM ( 'NONE', ( #3644 ), #1494 ) ;
#7696 = FILL_AREA_STYLE ('',( #3048 ) ) ;
#7697 = CARTESIAN_POINT ( 'NONE',  ( -1.825000000000000844, 1.476528154348573318, 0.1713289885085810815 ) ) ;
#7698 = LINE ( 'NONE', #4708, #624 ) ;
#7699 = CARTESIAN_POINT ( 'NONE',  ( -2.599999999999999645, 0.6865281543485678428, 1.839362977258475196 ) ) ;
#7700 = EDGE_CURVE ( 'NONE', #4437, #7633, #4, .T. ) ;
#7701 = CIRCLE ( 'NONE', #6964, 0.2000000000000000944 ) ;
#7702 = CARTESIAN_POINT ( 'NONE',  ( 0.1032747766184220345, -0.009745457693345702804, -0.02867101149142464375 ) ) ;
#7703 = EDGE_CURVE ( 'NONE', #7970, #7557, #5716, .T. ) ;
#7704 = MECHANICAL_DESIGN_GEOMETRIC_PRESENTATION_REPRESENTATION (  '', ( #5034 ), #197 ) ;
#7705 = LINE ( 'NONE', #7760, #5623 ) ;
#7706 = COLOUR_RGB ( '',1.000000000000000000, 1.000000000000000000, 1.000000000000000000 ) ;
#7707 = ORIENTED_EDGE ( 'NONE', *, *, #8389, .T. ) ;
#7708 = CARTESIAN_POINT ( 'NONE',  ( 0.1951244630481353548, -0.09986486468894985313, -0.02867101149142507743 ) ) ;
#7709 = CARTESIAN_POINT ( 'NONE',  ( 3.499999999999999556, 0.6865281543485639570, 2.921328988508577584 ) ) ;
#7710 = VECTOR ( 'NONE', #7358, 1000.000000000000000 ) ;
#7711 = EDGE_CURVE ( 'NONE', #8354, #7893, #1798, .T. ) ;
#7712 = VECTOR ( 'NONE', #2095, 1000.000000000000000 ) ;
#7713 = ORIENTED_EDGE ( 'NONE', *, *, #1166, .T. ) ;
#7714 = CARTESIAN_POINT ( 'NONE',  ( -2.549999999999997158, 1.186528154348571285, 0.7213289885085799602 ) ) ;
#7715 = CARTESIAN_POINT ( 'NONE',  ( -2.422348207309730661, -1.283471845651426246, 0.07132898850857084805 ) ) ;
#7716 = AXIS2_PLACEMENT_3D ( 'NONE', #4375, #1743, #7074 ) ;
#7717 = CYLINDRICAL_SURFACE ( 'NONE', #571, 0.04999999999999991257 ) ;
#7718 = PRODUCT_DEFINITION_SHAPE ( 'NONE', 'NONE',  #6390 ) ;
#7719 = DIRECTION ( 'NONE',  ( 0.3222024856061127540, -0.9466707760722534726, -3.305283348684419555E-15 ) ) ;
#7720 = FACE_OUTER_BOUND ( 'NONE', #2558, .T. ) ;
#7721 =( NAMED_UNIT ( * ) PLANE_ANGLE_UNIT ( ) SI_UNIT ( $, .RADIAN. ) );
#7722 = LINE ( 'NONE', #4818, #6996 ) ;
#7723 = ORIENTED_EDGE ( 'NONE', *, *, #3835, .T. ) ;
#7724 = CARTESIAN_POINT ( 'NONE',  ( -0.1485683723177183002, -0.03004779151821800054, -0.02867101149142507743 ) ) ;
#7725 = ORIENTED_EDGE ( 'NONE', *, *, #5089, .T. ) ;
#7726 = CIRCLE ( 'NONE', #3255, 0.09999999999999982514 ) ;
#7727 = CARTESIAN_POINT ( 'NONE',  ( 0.1036438375198832917, -0.1120210745003135944, -0.02867101149142507743 ) ) ;
#7728 = FACE_OUTER_BOUND ( 'NONE', #1935, .T. ) ;
#7729 = EDGE_CURVE ( 'NONE', #4692, #1923, #5091, .T. ) ;
#7730 = ORIENTED_EDGE ( 'NONE', *, *, #2448, .F. ) ;
#7731 = DIRECTION ( 'NONE',  ( 0.0000000000000000000, -1.000000000000000000, -3.491481338843133355E-15 ) ) ;
#7732 =( GEOMETRIC_REPRESENTATION_CONTEXT ( 3 ) GLOBAL_UNCERTAINTY_ASSIGNED_CONTEXT ( ( #239 ) ) GLOBAL_UNIT_ASSIGNED_CONTEXT ( ( #3942, #5970, #1282 ) ) REPRESENTATION_CONTEXT ( 'NONE', 'WORKASPACE' ) );
#7733 = ORIENTED_EDGE ( 'NONE', *, *, #1860, .T. ) ;
#7734 = LINE ( 'NONE', #6966, #6899 ) ;
#7735 = CARTESIAN_POINT ( 'NONE',  ( -2.750000000000000000, -1.083471845651426069, -0.02867101149142854688 ) ) ;
#7736 = DIRECTION ( 'NONE',  ( -1.000000000000000000, 0.0000000000000000000, 0.0000000000000000000 ) ) ;
#7737 = CARTESIAN_POINT ( 'NONE',  ( -0.04740745884844765196, -0.09983232135056573087, -0.02867101149142507743 ) ) ;
#7738 = CARTESIAN_POINT ( 'NONE',  ( 0.05488056060911099265, -0.1108404744450475488, -0.01867101149142505120 ) ) ;
#7739 = VECTOR ( 'NONE', #7827, 1000.000000000000000 ) ;
#7740 = DIRECTION ( 'NONE',  ( 1.000000000000000000, 0.0000000000000000000, 0.0000000000000000000 ) ) ;
#7741 = VERTEX_POINT ( 'NONE', #1485 ) ;
#7742 =( GEOMETRIC_REPRESENTATION_CONTEXT ( 3 ) GLOBAL_UNCERTAINTY_ASSIGNED_CONTEXT ( ( #8151 ) ) GLOBAL_UNIT_ASSIGNED_CONTEXT ( ( #6222, #350, #6897 ) ) REPRESENTATION_CONTEXT ( 'NONE', 'WORKASPACE' ) );
#7743 = UNCERTAINTY_MEASURE_WITH_UNIT (LENGTH_MEASURE( 1.000000000000000082E-05 ), #7473, 'distance_accuracy_value', 'NONE');
#7744 = PRESENTATION_LAYER_ASSIGNMENT (  '', '', ( #5227 ) ) ;
#7745 = SURFACE_STYLE_USAGE ( .BOTH. , #7666 ) ;
#7746 = SURFACE_STYLE_USAGE ( .BOTH. , #3101 ) ;
#7747 = LINE ( 'NONE', #8305, #5975 ) ;
#7748 = VERTEX_POINT ( 'NONE', #6014 ) ;
#7749 = DIRECTION ( 'NONE',  ( -1.000000000000000000, 0.0000000000000000000, 0.0000000000000000000 ) ) ;
#7750 = ORIENTED_EDGE ( 'NONE', *, *, #4586, .T. ) ;
#7751 = EDGE_CURVE ( 'NONE', #6090, #4464, #3955, .T. ) ;
#7752 = ORIENTED_EDGE ( 'NONE', *, *, #3689, .F. ) ;
#7753 = EDGE_CURVE ( 'NONE', #1037, #5706, #1483, .T. ) ;
#7754 = UNCERTAINTY_MEASURE_WITH_UNIT (LENGTH_MEASURE( 1.000000000000000082E-05 ), #5987, 'distance_accuracy_value', 'NONE');
#7755 = PRESENTATION_LAYER_ASSIGNMENT (  '', '', ( #1196 ) ) ;
#7756 = PRESENTATION_STYLE_ASSIGNMENT (( #3327 ) ) ;
#7757 = ORIENTED_EDGE ( 'NONE', *, *, #3280, .F. ) ;
#7758 = CARTESIAN_POINT ( 'NONE',  ( 0.1951244630481354936, 1.186528154348573949, -0.01867101149142071440 ) ) ;
#7759 = VERTEX_POINT ( 'NONE', #180 ) ;
#7760 = CARTESIAN_POINT ( 'NONE',  ( -2.750000000000000000, -1.283471845651425802, -0.02867101149142898056 ) ) ;
#7761 = UNCERTAINTY_MEASURE_WITH_UNIT (LENGTH_MEASURE( 1.000000000000000082E-05 ), #4516, 'distance_accuracy_value', 'NONE');
#7762 = EDGE_CURVE ( 'NONE', #6895, #8253, #1040, .T. ) ;
#7763 = CARTESIAN_POINT ( 'NONE',  ( -0.05463035766575956298, -0.09926387317413438993, -0.02867101149142507743 ) ) ;
#7764 = ORIENTED_EDGE ( 'NONE', *, *, #43, .F. ) ;
#7765 = CARTESIAN_POINT ( 'NONE',  ( 0.1162327094089008056, -0.02489098387735314000, -0.02867101149142507743 ) ) ;
#7766 = LINE ( 'NONE', #7039, #801 ) ;
#7767 = STYLED_ITEM ( 'NONE', ( #7818 ), #3522 ) ;
#7768 = PRESENTATION_STYLE_ASSIGNMENT (( #1003 ) ) ;
#7769 = CARTESIAN_POINT ( 'NONE',  ( 0.1353683654871597197, -0.06190754761577904608, -0.02867101149142507743 ) ) ;
#7770 = EDGE_LOOP ( 'NONE', ( #6388, #2991, #4588, #2150 ) ) ;
#7771 = CARTESIAN_POINT ( 'NONE',  ( 0.08679190315449254733, -0.1105021790706835760, -0.01867101149142505120 ) ) ;
#7772 = LINE ( 'NONE', #1939, #4882 ) ;
#7773 =( LENGTH_UNIT ( ) NAMED_UNIT ( * ) SI_UNIT ( .MILLI., .METRE. ) );
#7774 = CARTESIAN_POINT ( 'NONE',  ( -0.06227161976484717892, -0.01263038659809860575, -0.02867101149142507743 ) ) ;
#7775 = DIRECTION ( 'NONE',  ( -1.000000000000000000, -0.0000000000000000000, -0.0000000000000000000 ) ) ;
#7776 =( NAMED_UNIT ( * ) PLANE_ANGLE_UNIT ( ) SI_UNIT ( $, .RADIAN. ) );
#7777 = STYLED_ITEM ( 'NONE', ( #5795 ), #5031 ) ;
#7778 = DIRECTION ( 'NONE',  ( 0.0000000000000000000, -1.000000000000000000, -3.491481338843133355E-15 ) ) ;
#7779 = ORIENTED_EDGE ( 'NONE', *, *, #4039, .F. ) ;
#7780 = EDGE_CURVE ( 'NONE', #6730, #2192, #7959, .T. ) ;
#7781 = CARTESIAN_POINT ( 'NONE',  ( 2.998179295342849215, -1.333471845651435617, 2.731321192064204872 ) ) ;
#7782 = ORIENTED_EDGE ( 'NONE', *, *, #4243, .F. ) ;
#7783 = LINE ( 'NONE', #429, #8406 ) ;
#7784 = ADVANCED_FACE ( 'NONE', ( #6337 ), #511, .F. ) ;
#7785 = CARTESIAN_POINT ( 'NONE',  ( 3.849999999999998757, -1.283471845651442900, 1.746328988508570657 ) ) ;
#7786 = EDGE_LOOP ( 'NONE', ( #275, #3970, #2689, #3594 ) ) ;
#7787 = FACE_OUTER_BOUND ( 'NONE', #2877, .T. ) ;
#7788 = CARTESIAN_POINT ( 'NONE',  ( -2.948179295342850725, -1.383471845651435439, 2.681321192064204606 ) ) ;
#7789 =( GEOMETRIC_REPRESENTATION_CONTEXT ( 3 ) GLOBAL_UNCERTAINTY_ASSIGNED_CONTEXT ( ( #357 ) ) GLOBAL_UNIT_ASSIGNED_CONTEXT ( ( #1789, #8407, #2436 ) ) REPRESENTATION_CONTEXT ( 'NONE', 'WORKASPACE' ) );
#7790 = CARTESIAN_POINT ( 'NONE',  ( -0.05034687652483241238, -0.09976883555078749910, -0.02867101149142507743 ) ) ;
#7791 = CARTESIAN_POINT ( 'NONE',  ( 0.1295362304171099599, -0.03782321457342237986, -0.02867101149142507743 ) ) ;
#7792 = AXIS2_PLACEMENT_3D ( 'NONE', #108, #2868, #950 ) ;
#7793 = COLOUR_RGB ( '',0.1098039215686274495, 0.1098039215686274495, 0.1098039215686274495 ) ;
#7794 = CARTESIAN_POINT ( 'NONE',  ( -2.148518552703154949, -1.383471845651435661, 2.731321192064204872 ) ) ;
#7795 = ORIENTED_EDGE ( 'NONE', *, *, #7507, .T. ) ;
#7796 = LINE ( 'NONE', #451, #5709 ) ;
#7797 = CARTESIAN_POINT ( 'NONE',  ( 0.1487392668223337933, -0.06078141415572099054, -0.01867101149142505120 ) ) ;
#7798 =( NAMED_UNIT ( * ) PLANE_ANGLE_UNIT ( ) SI_UNIT ( $, .RADIAN. ) );
#7799 = DIRECTION ( 'NONE',  ( 0.0000000000000000000, 1.000000000000000000, 3.491481338843133355E-15 ) ) ;
#7800 = CARTESIAN_POINT ( 'NONE',  ( 0.1299426287267299585, -0.08475539507497988068, -0.01867101149142505120 ) ) ;
#7801 = ORIENTED_EDGE ( 'NONE', *, *, #4311, .F. ) ;
#7802 = CARTESIAN_POINT ( 'NONE',  ( -0.06708323738077184850, -0.01407233869780308635, -0.01867101149142621000 ) ) ;
#7803 = STYLED_ITEM ( 'NONE', ( #3016 ), #1753 ) ;
#7804 = CARTESIAN_POINT ( 'NONE',  ( -0.08136214266496520631, -0.08025667455981827514, -0.02867101149142507743 ) ) ;
#7805 = CARTESIAN_POINT ( 'NONE',  ( 0.1486904542437758325, -0.06808518077571611149, -0.01867101149142489855 ) ) ;
#7806 =( GEOMETRIC_REPRESENTATION_CONTEXT ( 3 ) GLOBAL_UNCERTAINTY_ASSIGNED_CONTEXT ( ( #5712 ) ) GLOBAL_UNIT_ASSIGNED_CONTEXT ( ( #3038, #8243, #6229 ) ) REPRESENTATION_CONTEXT ( 'NONE', 'WORKASPACE' ) );
#7807 = PRESENTATION_STYLE_ASSIGNMENT (( #8248 ) ) ;
#7808 = DIRECTION ( 'NONE',  ( 1.000000000000000000, 2.891205793294673889E-15, 8.673617379884164648E-16 ) ) ;
#7809 = VECTOR ( 'NONE', #7652, 1000.000000000000000 ) ;
#7810 = CARTESIAN_POINT ( 'NONE',  ( 3.850000000000000089, -0.7834718456514286888, 0.4713289885085727438 ) ) ;
#7811 = ORIENTED_EDGE ( 'NONE', *, *, #6848, .F. ) ;
#7812 = EDGE_CURVE ( 'NONE', #5827, #5254, #1998, .T. ) ;
#7813 = FACE_OUTER_BOUND ( 'NONE', #1212, .T. ) ;
#7814 =( NAMED_UNIT ( * ) SI_UNIT ( $, .STERADIAN. ) SOLID_ANGLE_UNIT ( ) );
#7815 = LINE ( 'NONE', #7342, #5207 ) ;
#7816 = PRESENTATION_LAYER_ASSIGNMENT (  '', '', ( #7086 ) ) ;
#7817 = PLANE ( 'NONE',  #7472 ) ;
#7818 = PRESENTATION_STYLE_ASSIGNMENT (( #1511 ) ) ;
#7819 = ORIENTED_EDGE ( 'NONE', *, *, #379, .T. ) ;
#7820 = SURFACE_STYLE_USAGE ( .BOTH. , #4983 ) ;
#7821 = CARTESIAN_POINT ( 'NONE',  ( -2.998179295342850992, -1.333471845651435617, 2.731321192064204872 ) ) ;
#7822 = ADVANCED_FACE ( 'NONE', ( #1899 ), #1069, .F. ) ;
#7823 = FACE_OUTER_BOUND ( 'NONE', #4011, .T. ) ;
#7824 = DIRECTION ( 'NONE',  ( -0.0000000000000000000, 1.000000000000000000, 3.491481338843133355E-15 ) ) ;
#7825 = MECHANICAL_DESIGN_GEOMETRIC_PRESENTATION_REPRESENTATION (  '', ( #650 ), #6591 ) ;
#7826 = ORIENTED_EDGE ( 'NONE', *, *, #7711, .T. ) ;
#7827 = DIRECTION ( 'NONE',  ( 0.0000000000000000000, -1.000000000000000000, -3.491481338843134539E-15 ) ) ;
#7828 = CARTESIAN_POINT ( 'NONE',  ( 0.1340652882662969614, -0.07433372249660445685, -0.01867101149142505120 ) ) ;
#7829 = ORIENTED_EDGE ( 'NONE', *, *, #2109, .F. ) ;
#7830 = FACE_OUTER_BOUND ( 'NONE', #3428, .T. ) ;
#7831 = DIRECTION ( 'NONE',  ( 0.3390537954853683478, 0.9407669869669993412, 3.284670379194959278E-15 ) ) ;
#7832 = CARTESIAN_POINT ( 'NONE',  ( -0.1498413696466823208, -0.02509622219135955457, -0.01867101149142505120 ) ) ;
#7833 = CARTESIAN_POINT ( 'NONE',  ( 1.600000000000000977, 1.186528154348570840, 0.7213289885085795161 ) ) ;
#7834 = FILL_AREA_STYLE ('',( #687 ) ) ;
#7835 = B_SPLINE_CURVE_WITH_KNOTS ( 'NONE', 3,
 ( #1343, #2692, #5967, #1436, #4877, #7504, #4207, #2806, #8186, #3536, #4150, #5537, #4237, #4819, #7413, #6198, #5446, #1616, #2160 ),
 .UNSPECIFIED., .F., .F.,
 ( 4, 1, 1, 1, 1, 1, 1, 1, 1, 1, 1, 1, 1, 1, 1, 1, 4 ),
 ( 0.0000000000000000000, 0.06862671829588534722, 0.1345577204848092123, 0.1983152645473653941, 0.2607728177603441666, 0.3219782245696933831, 0.3825859545041832566, 0.4433977295869493962, 0.5049896818787295016, 0.5660661575043696159, 0.6259542549415563206, 0.6853936046933639670, 0.7449328108247915692, 0.8054284879535847930, 0.8676448687429462181, 0.9323121816594183153, 0.9999999999999998890 ),
 .UNSPECIFIED. ) ;
#7836 = CARTESIAN_POINT ( 'NONE',  ( -3.149999999999995914, 1.186528154348563957, 2.921328988508580249 ) ) ;
#7837 = CYLINDRICAL_SURFACE ( 'NONE', #7252, 0.1000000000000000472 ) ;
#7838 = ORIENTED_EDGE ( 'NONE', *, *, #1106, .F. ) ;
#7839 = FACE_OUTER_BOUND ( 'NONE', #6833, .T. ) ;
#7840 = CARTESIAN_POINT ( 'NONE',  ( -0.1207291954884500557, -0.1108404744450475488, -0.01867101149142505120 ) ) ;
#7841 = CARTESIAN_POINT ( 'NONE',  ( -3.650000000000000355, -0.9834718456514280893, 0.4713289885085719111 ) ) ;
#7842 = EDGE_CURVE ( 'NONE', #7112, #7297, #3539, .T. ) ;
#7843 = CARTESIAN_POINT ( 'NONE',  ( 2.422348207309731549, -1.283471845651426468, 0.1213289885085705733 ) ) ;
#7844 = PRESENTATION_LAYER_ASSIGNMENT (  '', '', ( #2459 ) ) ;
#7845 = LINE ( 'NONE', #954, #5037 ) ;
#7846 = FACE_BOUND ( 'NONE', #1901, .T. ) ;
#7847 = LINE ( 'NONE', #321, #6076 ) ;
#7848 = ORIENTED_EDGE ( 'NONE', *, *, #1664, .F. ) ;
#7849 = CARTESIAN_POINT ( 'NONE',  ( -2.998179295342850992, -1.383471845651435661, 2.731321192064204872 ) ) ;
#7850 =( NAMED_UNIT ( * ) PLANE_ANGLE_UNIT ( ) SI_UNIT ( $, .RADIAN. ) );
#7851 = FILL_AREA_STYLE_COLOUR ( '', #7346 ) ;
#7852 = VERTEX_POINT ( 'NONE', #8489 ) ;
#7853 = CARTESIAN_POINT ( 'NONE',  ( 0.006100072804232863251, -0.06571852322553514703, -0.02867101149142507743 ) ) ;
#7854 = VERTEX_POINT ( 'NONE', #5751 ) ;
#7855 = ORIENTED_EDGE ( 'NONE', *, *, #1617, .T. ) ;
#7856 = PRESENTATION_LAYER_ASSIGNMENT (  '', '', ( #1306 ) ) ;
#7857 = DIRECTION ( 'NONE',  ( 0.0000000000000000000, -1.000000000000000000, -3.491481338843133355E-15 ) ) ;
#7858 =( LENGTH_UNIT ( ) NAMED_UNIT ( * ) SI_UNIT ( .MILLI., .METRE. ) );
#7859 = DIRECTION ( 'NONE',  ( -1.000000000000000000, 0.0000000000000000000, -0.0000000000000000000 ) ) ;
#7860 = UNCERTAINTY_MEASURE_WITH_UNIT (LENGTH_MEASURE( 1.000000000000000082E-05 ), #7577, 'distance_accuracy_value', 'NONE');
#7861 = CARTESIAN_POINT ( 'NONE',  ( 1.149999999999999911, -0.1834718456514242702, -0.5286710114914259240 ) ) ;
#7862 = VERTEX_POINT ( 'NONE', #3150 ) ;
#7863 = CARTESIAN_POINT ( 'NONE',  ( 3.450000000000000622, -1.083471845651435617, 2.746076259633627892 ) ) ;
#7864 = EDGE_LOOP ( 'NONE', ( #5173, #6717, #8135, #8185 ) ) ;
#7865 = FILL_AREA_STYLE ('',( #1253 ) ) ;
#7866 = EDGE_CURVE ( 'NONE', #6909, #8023, #4056, .T. ) ;
#7867 = VECTOR ( 'NONE', #101, 1000.000000000000000 ) ;
#7868 = PRESENTATION_LAYER_ASSIGNMENT (  '', '', ( #466 ) ) ;
#7869 = CARTESIAN_POINT ( 'NONE',  ( -0.04548148207381575575, -0.1108404744450475488, -0.01867101149142505120 ) ) ;
#7870 = DIRECTION ( 'NONE',  ( -0.3536223923290756632, 0.9353882635801357148, 3.265890666862925973E-15 ) ) ;
#7871 = ADVANCED_FACE ( 'NONE', ( #4993 ), #4430, .F. ) ;
#7872 = ADVANCED_FACE ( 'NONE', ( #6959, #8616 ), #2489, .F. ) ;
#7873 = UNCERTAINTY_MEASURE_WITH_UNIT (LENGTH_MEASURE( 1.000000000000000082E-05 ), #7634, 'distance_accuracy_value', 'NONE');
#7874 = DIRECTION ( 'NONE',  ( -1.000000000000000000, -0.0000000000000000000, -0.0000000000000000000 ) ) ;
#7875 = CARTESIAN_POINT ( 'NONE',  ( -3.850000000000000533, -0.9834718456514265350, -0.02867101149142811320 ) ) ;
#7876 = VERTEX_POINT ( 'NONE', #7715 ) ;
#7877 = FILL_AREA_STYLE_COLOUR ( '', #7793 ) ;
#7878 = EDGE_CURVE ( 'NONE', #3402, #6019, #1588, .T. ) ;
#7879 = DIRECTION ( 'NONE',  ( 0.0000000000000000000, -1.000000000000000000, -3.491481338843133355E-15 ) ) ;
#7880 = CARTESIAN_POINT ( 'NONE',  ( 0.1274248289718643568, -0.03463016507794904053, -0.02867101149142507743 ) ) ;
#7881 = MECHANICAL_DESIGN_GEOMETRIC_PRESENTATION_REPRESENTATION (  '', ( #1149 ), #6835 ) ;
#7882 = CARTESIAN_POINT ( 'NONE',  ( 1.500000000000000222, -2.313471845651430048, 1.246328988508567326 ) ) ;
#7883 = ORIENTED_EDGE ( 'NONE', *, *, #211, .T. ) ;
#7884 = FACE_OUTER_BOUND ( 'NONE', #7999, .T. ) ;
#7885 = DIRECTION ( 'NONE',  ( 0.0000000000000000000, -1.000000000000000000, -3.491481338843133355E-15 ) ) ;
#7886 =( NAMED_UNIT ( * ) PLANE_ANGLE_UNIT ( ) SI_UNIT ( $, .RADIAN. ) );
#7887 = DIRECTION ( 'NONE',  ( -0.0000000000000000000, -3.491481338843133355E-15, 1.000000000000000000 ) ) ;
#7888 = VERTEX_POINT ( 'NONE', #1095 ) ;
#7889 = DIRECTION ( 'NONE',  ( -2.891205793294681383E-15, -1.000000000000000000, -3.491481338843133355E-15 ) ) ;
#7890 = EDGE_CURVE ( 'NONE', #6563, #4996, #8119, .T. ) ;
#7891 = MECHANICAL_DESIGN_GEOMETRIC_PRESENTATION_REPRESENTATION (  '', ( #440 ), #2835 ) ;
#7892 = CARTESIAN_POINT ( 'NONE',  ( 0.08955896549450173549, -0.1002336433438167224, -0.01867101149142505120 ) ) ;
#7893 = VERTEX_POINT ( 'NONE', #3215 ) ;
#7894 = DIRECTION ( 'NONE',  ( -1.000000000000000000, -4.336808689942034992E-16, 4.336808689942004424E-16 ) ) ;
#7895 = VECTOR ( 'NONE', #3190, 1000.000000000000000 ) ;
#7896 = PRESENTATION_STYLE_ASSIGNMENT (( #3120 ) ) ;
#7897 = UNCERTAINTY_MEASURE_WITH_UNIT (LENGTH_MEASURE( 1.000000000000000082E-05 ), #1979, 'distance_accuracy_value', 'NONE');
#7898 =( LENGTH_UNIT ( ) NAMED_UNIT ( * ) SI_UNIT ( .MILLI., .METRE. ) );
#7899 = SURFACE_STYLE_FILL_AREA ( #578 ) ;
#7900 = EDGE_CURVE ( 'NONE', #1551, #5764, #8317, .T. ) ;
#7901 =( LENGTH_UNIT ( ) NAMED_UNIT ( * ) SI_UNIT ( .MILLI., .METRE. ) );
#7902 =( GEOMETRIC_REPRESENTATION_CONTEXT ( 3 ) GLOBAL_UNCERTAINTY_ASSIGNED_CONTEXT ( ( #2346 ) ) GLOBAL_UNIT_ASSIGNED_CONTEXT ( ( #7773, #3792, #7127 ) ) REPRESENTATION_CONTEXT ( 'NONE', 'WORKASPACE' ) );
#7903 = CYLINDRICAL_SURFACE ( 'NONE', #8150, 0.05000000000000000971 ) ;
#7904 = CARTESIAN_POINT ( 'NONE',  ( 2.549999999999996270, -1.083471845651428511, 0.7213289885085713005 ) ) ;
#7905 =( NAMED_UNIT ( * ) SI_UNIT ( $, .STERADIAN. ) SOLID_ANGLE_UNIT ( ) );
#7906 =( GEOMETRIC_REPRESENTATION_CONTEXT ( 3 ) GLOBAL_UNCERTAINTY_ASSIGNED_CONTEXT ( ( #6143 ) ) GLOBAL_UNIT_ASSIGNED_CONTEXT ( ( #8063, #4613, #93 ) ) REPRESENTATION_CONTEXT ( 'NONE', 'WORKASPACE' ) );
#7907 = CARTESIAN_POINT ( 'NONE',  ( 1.150000000000000133, -0.1834718456514259910, -0.02867101149142551111 ) ) ;
#7908 = SURFACE_STYLE_USAGE ( .BOTH. , #8545 ) ;
#7909 = SURFACE_STYLE_FILL_AREA ( #6978 ) ;
#7910 = ADVANCED_FACE ( 'NONE', ( #1254 ), #1217, .F. ) ;
#7911 = ORIENTED_EDGE ( 'NONE', *, *, #1227, .T. ) ;
#7912 = CARTESIAN_POINT ( 'NONE',  ( 0.09973164025101291519, -0.009662996671331311807, -0.01867101149142461752 ) ) ;
#7913 = DIRECTION ( 'NONE',  ( -1.000000000000000000, -0.0000000000000000000, 0.0000000000000000000 ) ) ;
#7914 = SURFACE_SIDE_STYLE ('',( #351 ) ) ;
#7915 = SURFACE_SIDE_STYLE ('',( #3618 ) ) ;
#7916 = CARTESIAN_POINT ( 'NONE',  ( -0.09678732794738779954, -0.07570176427647551387, -0.02867101149142507743 ) ) ;
#7917 = CARTESIAN_POINT ( 'NONE',  ( -0.08392075616440133889, -0.02399422821417287327, -0.02867101149142507743 ) ) ;
#7918 = STYLED_ITEM ( 'NONE', ( #2495 ), #1800 ) ;
#7919 = PRESENTATION_STYLE_ASSIGNMENT (( #6024 ) ) ;
#7920 = UNCERTAINTY_MEASURE_WITH_UNIT (LENGTH_MEASURE( 1.000000000000000082E-05 ), #3458, 'distance_accuracy_value', 'NONE');
#7921 = LINE ( 'NONE', #3438, #7712 ) ;
#7922 = ORIENTED_EDGE ( 'NONE', *, *, #3111, .T. ) ;
#7923 = CARTESIAN_POINT ( 'NONE',  ( -0.1670897137811329647, -0.07181608420114513058, -0.01867101149142505120 ) ) ;
#7924 = SURFACE_SIDE_STYLE ('',( #8575 ) ) ;
#7925 = COLOUR_RGB ( '',1.000000000000000000, 1.000000000000000000, 1.000000000000000000 ) ;
#7926 = CARTESIAN_POINT ( 'NONE',  ( 0.08312053101137309441, -0.09863337158662290050, -0.01867101149142505120 ) ) ;
#7927 = CARTESIAN_POINT ( 'NONE',  ( -0.08394460389428659575, -0.04701758868164394173, -0.01867101149142505120 ) ) ;
#7928 = VECTOR ( 'NONE', #8410, 1000.000000000000000 ) ;
#7929 = EDGE_CURVE ( 'NONE', #4198, #4226, #6124, .T. ) ;
#7930 = EDGE_CURVE ( 'NONE', #2344, #5661, #5915, .T. ) ;
#7931 = SURFACE_STYLE_FILL_AREA ( #6264 ) ;
#7932 = CARTESIAN_POINT ( 'NONE',  ( -2.549999999999999822, -0.07181608420114513058, -0.01867101149142505120 ) ) ;
#7933 = ORIENTED_EDGE ( 'NONE', *, *, #2927, .F. ) ;
#7934 = CARTESIAN_POINT ( 'NONE',  ( 0.09449297777412428434, -0.009645567699954936750, -0.01867101149142461752 ) ) ;
#7935 = MECHANICAL_DESIGN_GEOMETRIC_PRESENTATION_REPRESENTATION (  '', ( #6424 ), #8378 ) ;
#7936 =( NAMED_UNIT ( * ) PLANE_ANGLE_UNIT ( ) SI_UNIT ( $, .RADIAN. ) );
#7937 = VECTOR ( 'NONE', #3409, 1000.000000000000000 ) ;
#7938 = CARTESIAN_POINT ( 'NONE',  ( -2.098518552703154683, -1.333471845651435617, 2.731321192064204872 ) ) ;
#7939 = DIRECTION ( 'NONE',  ( 4.336808689942017736E-16, -3.491481338843133355E-15, 1.000000000000000000 ) ) ;
#7941 = VERTEX_POINT ( 'NONE', #5931 ) ;
#7940 =( LENGTH_UNIT ( ) NAMED_UNIT ( * ) SI_UNIT ( .MILLI., .METRE. ) );
#7942 = CARTESIAN_POINT ( 'NONE',  ( -2.549999999999997158, -1.083471845651428511, 0.7213289885085720776 ) ) ;
#7943 = LINE ( 'NONE', #5459, #8163 ) ;
#7944 = ORIENTED_EDGE ( 'NONE', *, *, #5995, .F. ) ;
#7945 = ORIENTED_EDGE ( 'NONE', *, *, #4658, .T. ) ;
#7946 = COLOUR_RGB ( '',0.7764705882352941346, 0.7568627450980391913, 0.7372549019607843590 ) ;
#7947 =( LENGTH_UNIT ( ) NAMED_UNIT ( * ) SI_UNIT ( .MILLI., .METRE. ) );
#7948 =( NAMED_UNIT ( * ) SI_UNIT ( $, .STERADIAN. ) SOLID_ANGLE_UNIT ( ) );
#7949 = AXIS2_PLACEMENT_3D ( 'NONE', #860, #3512, #4271 ) ;
#7950 = EDGE_CURVE ( 'NONE', #7226, #6933, #618, .T. ) ;
#7951 =( LENGTH_UNIT ( ) NAMED_UNIT ( * ) SI_UNIT ( .MILLI., .METRE. ) );
#7952 =( GEOMETRIC_REPRESENTATION_CONTEXT ( 3 ) GLOBAL_UNCERTAINTY_ASSIGNED_CONTEXT ( ( #7638 ) ) GLOBAL_UNIT_ASSIGNED_CONTEXT ( ( #2619, #2008, #5869 ) ) REPRESENTATION_CONTEXT ( 'NONE', 'WORKASPACE' ) );
#7953 = LINE ( 'NONE', #8328, #6812 ) ;
#7954 =( NAMED_UNIT ( * ) SI_UNIT ( $, .STERADIAN. ) SOLID_ANGLE_UNIT ( ) );
#7955 = VECTOR ( 'NONE', #2920, 1000.000000000000000 ) ;
#7956 = EDGE_LOOP ( 'NONE', ( #1392, #3184, #4325, #7116 ) ) ;
#7957 = CARTESIAN_POINT ( 'NONE',  ( 3.549999999999999822, -1.083471845651425181, -0.02867101149142854688 ) ) ;
#7958 = VERTEX_POINT ( 'NONE', #1816 ) ;
#7959 = B_SPLINE_CURVE_WITH_KNOTS ( 'NONE', 3,
 ( #8149, #6155, #7464, #843, #6127, #5498, #1514, #1548, #2177, #2206, #1148, #4398, #8408, #2465, #5096, #7093, #5044, #1182, #7769 ),
 .UNSPECIFIED., .F., .F.,
 ( 4, 1, 1, 1, 1, 1, 1, 1, 1, 1, 1, 1, 1, 1, 1, 1, 4 ),
 ( 0.0000000000000000000, 0.06460651091172693594, 0.1267073966769823312, 0.1867641584560546242, 0.2456160792896877609, 0.3036342601009781594, 0.3614875846788058178, 0.4202270435406777471, 0.4800225128200905078, 0.5406696917432121108, 0.6011857431162470622, 0.6623298436784398335, 0.7250194742551530069, 0.7894594567563132381, 0.8564992169370768682, 0.9263091979800039955, 1.000000000000000000 ),
 .UNSPECIFIED. ) ;
#7960 = DIRECTION ( 'NONE',  ( 0.3390537954853683478, 0.9407669869669993412, 3.284670379194959278E-15 ) ) ;
#7961 = VECTOR ( 'NONE', #4939, 1000.000000000000000 ) ;
#7962 = CARTESIAN_POINT ( 'NONE',  ( -0.08536334182991349440, -0.05986867566455952167, -0.01867101149142505120 ) ) ;
#7963 = EDGE_CURVE ( 'NONE', #6487, #4750, #5702, .T. ) ;
#7964 = ADVANCED_FACE ( 'NONE', ( #5086 ), #5876, .F. ) ;
#7965 = VERTEX_POINT ( 'NONE', #3877 ) ;
#7966 = CARTESIAN_POINT ( 'NONE',  ( -0.04645328085430390497, -0.02181608420114499597, -0.01867101149142505120 ) ) ;
#7967 = UNCERTAINTY_MEASURE_WITH_UNIT (LENGTH_MEASURE( 1.000000000000000082E-05 ), #7361, 'distance_accuracy_value', 'NONE');
#7968 = VERTEX_POINT ( 'NONE', #588 ) ;
#7969 = VECTOR ( 'NONE', #7583, 1000.000000000000114 ) ;
#7970 = VERTEX_POINT ( 'NONE', #12 ) ;
#7971 = ORIENTED_EDGE ( 'NONE', *, *, #712, .T. ) ;
#7972 = DIRECTION ( 'NONE',  ( 0.0000000000000000000, 3.491481338843133355E-15, -1.000000000000000000 ) ) ;
#7973 = CARTESIAN_POINT ( 'NONE',  ( -1.600000000000000311, -1.083471845651429843, 1.096328988508571189 ) ) ;
#7974 = DIRECTION ( 'NONE',  ( -0.0000000000000000000, 4.304632968207263259E-15, -1.000000000000000000 ) ) ;
#7975 = UNCERTAINTY_MEASURE_WITH_UNIT (LENGTH_MEASURE( 1.000000000000000082E-05 ), #2989, 'distance_accuracy_value', 'NONE');
#7976 = MANIFOLD_SOLID_BREP ( '实体-移动/复制2[7]', #1540 ) ;
#7977 = MECHANICAL_DESIGN_GEOMETRIC_PRESENTATION_REPRESENTATION (  '', ( #5690 ), #3189 ) ;
#7978 = PRESENTATION_LAYER_ASSIGNMENT (  '', '', ( #6621 ) ) ;
#7979 = CARTESIAN_POINT ( 'NONE',  ( 3.649999999999999911, -0.7834718456514263574, -0.02867101149142724584 ) ) ;
#7980 = VERTEX_POINT ( 'NONE', #2573 ) ;
#7981 = DIRECTION ( 'NONE',  ( -2.891205793294678326E-16, -3.491481338843133355E-15, 1.000000000000000000 ) ) ;
#7982 = CARTESIAN_POINT ( 'NONE',  ( -2.998179295342850992, -1.333471845651429843, 1.127033865392921719 ) ) ;
#7983 = LINE ( 'NONE', #5698, #6206 ) ;
#7984 = DIRECTION ( 'NONE',  ( 0.0000000000000000000, 1.000000000000000000, 3.491481338843133355E-15 ) ) ;
#7985 = DIRECTION ( 'NONE',  ( 0.6791802464692819896, -2.562647866832227990E-15, 0.7339715204324520625 ) ) ;
#7986 = VECTOR ( 'NONE', #2351, 1000.000000000000000 ) ;
#7987 = ORIENTED_EDGE ( 'NONE', *, *, #5864, .T. ) ;
#7988 = CARTESIAN_POINT ( 'NONE',  ( -1.803784506222427808, 0.6865281543485639570, 2.921328988508578028 ) ) ;
#7989 = EDGE_CURVE ( 'NONE', #8179, #4601, #8220, .T. ) ;
#7990 = CARTESIAN_POINT ( 'NONE',  ( 0.1036438375198832917, -0.1120210745003135944, -0.02867101149142507743 ) ) ;
#7991 = SURFACE_STYLE_USAGE ( .BOTH. , #2583 ) ;
#7992 = ORIENTED_EDGE ( 'NONE', *, *, #6593, .T. ) ;
#7993 = PRESENTATION_LAYER_ASSIGNMENT (  '', '', ( #90 ) ) ;
#7994 = CARTESIAN_POINT ( 'NONE',  ( -2.998179295342850992, -1.283471845651430021, 1.127033865392922163 ) ) ;
#7995 = LINE ( 'NONE', #5076, #2284 ) ;
#7996 = CARTESIAN_POINT ( 'NONE',  ( 1.599999999999999645, -1.283471845651435350, 2.696328988508570390 ) ) ;
#7997 = SURFACE_STYLE_FILL_AREA ( #826 ) ;
#7998 = CARTESIAN_POINT ( 'NONE',  ( 0.07439275573106213235, -0.01358437688407177282, -0.02867101149142507743 ) ) ;
#7999 = EDGE_LOOP ( 'NONE', ( #1852, #2949, #6279, #3911 ) ) ;
#8000 = VECTOR ( 'NONE', #2396, 1000.000000000000000 ) ;
#8001 = FILL_AREA_STYLE_COLOUR ( '', #6149 ) ;
#8002 = CARTESIAN_POINT ( 'NONE',  ( -0.07594281625977920835, -0.1030524002363112923, -0.02867101149142507743 ) ) ;
#8003 = DIRECTION ( 'NONE',  ( -1.927687054276661595E-16, -3.491481338843133355E-15, 1.000000000000000000 ) ) ;
#8004 = CARTESIAN_POINT ( 'NONE',  ( 0.0000000000000000000, -2.213471845651434844, 2.546328988508567370 ) ) ;
#8005 =( NAMED_UNIT ( * ) SI_UNIT ( $, .STERADIAN. ) SOLID_ANGLE_UNIT ( ) );
#8006 = PRESENTATION_LAYER_ASSIGNMENT (  '', '', ( #8064 ) ) ;
#8007 = SURFACE_STYLE_USAGE ( .BOTH. , #6531 ) ;
#8008 = VERTEX_POINT ( 'NONE', #3245 ) ;
#8009 = ADVANCED_FACE ( 'NONE', ( #6233 ), #4567, .F. ) ;
#8010 = SURFACE_STYLE_FILL_AREA ( #1844 ) ;
#8011 = VECTOR ( 'NONE', #5257, 1000.000000000000000 ) ;
#8012 = DIRECTION ( 'NONE',  ( 0.0000000000000000000, -3.491481338843133355E-15, 1.000000000000000000 ) ) ;
#8013 = FILL_AREA_STYLE_COLOUR ( '', #1807 ) ;
#8014 = ORIENTED_EDGE ( 'NONE', *, *, #6257, .T. ) ;
#8015 = PRESENTATION_STYLE_ASSIGNMENT (( #2143 ) ) ;
#8016 = COLOUR_RGB ( '',1.000000000000000000, 1.000000000000000000, 1.000000000000000000 ) ;
#8017 = UNCERTAINTY_MEASURE_WITH_UNIT (LENGTH_MEASURE( 1.000000000000000082E-05 ), #6783, 'distance_accuracy_value', 'NONE');
#8018 = EDGE_CURVE ( 'NONE', #7642, #1140, #5798, .T. ) ;
#8019 = CARTESIAN_POINT ( 'NONE',  ( -1.400000000000000133, -2.213471845651434844, 2.546328988508567370 ) ) ;
#8020 = STYLED_ITEM ( 'NONE', ( #7768 ), #8309 ) ;
#8021 = CARTESIAN_POINT ( 'NONE',  ( 0.1416728091516727128, -0.09125089246717282832, -0.02867101149142507743 ) ) ;
#8022 =( GEOMETRIC_REPRESENTATION_CONTEXT ( 3 ) GLOBAL_UNCERTAINTY_ASSIGNED_CONTEXT ( ( #7967 ) ) GLOBAL_UNIT_ASSIGNED_CONTEXT ( ( #7361, #6025, #8106 ) ) REPRESENTATION_CONTEXT ( 'NONE', 'WORKASPACE' ) );
#8023 = VERTEX_POINT ( 'NONE', #3902 ) ;
#8024 = LINE ( 'NONE', #5138, #3446 ) ;
#8025 = CARTESIAN_POINT ( 'NONE',  ( 2.699999999999999734, -1.083471845651426513, 0.1213289885085715447 ) ) ;
#8026 = DIRECTION ( 'NONE',  ( -0.0000000000000000000, 4.304632968207263259E-15, -1.000000000000000000 ) ) ;
#8027 = VECTOR ( 'NONE', #2970, 1000.000000000000000 ) ;
#8028 = CYLINDRICAL_SURFACE ( 'NONE', #3390, 0.2000000000000000944 ) ;
#8029 = CARTESIAN_POINT ( 'NONE',  ( 0.07681161915275598606, -0.01260250689220357087, -0.01867101149142505120 ) ) ;
#8030 = ORIENTED_EDGE ( 'NONE', *, *, #2180, .T. ) ;
#8031 = COLOUR_RGB ( '',0.7764705882352941346, 0.7568627450980391913, 0.7372549019607843590 ) ;
#8032 = CARTESIAN_POINT ( 'NONE',  ( 0.2085390971944768301, -0.01084047444504729341, -0.02867101149142507743 ) ) ;
#8033 = AXIS2_PLACEMENT_3D ( 'NONE', #2013, #4713, #3299 ) ;
#8034 = ORIENTED_EDGE ( 'NONE', *, *, #528, .F. ) ;
#8035 = STYLED_ITEM ( 'NONE', ( #4205 ), #6778 ) ;
#8036 = VECTOR ( 'NONE', #1910, 1000.000000000000000 ) ;
#8037 =( NAMED_UNIT ( * ) PLANE_ANGLE_UNIT ( ) SI_UNIT ( $, .RADIAN. ) );
#8038 = DIRECTION ( 'NONE',  ( 0.0000000000000000000, -1.000000000000000000, -3.491481338843133355E-15 ) ) ;
#8039 = VECTOR ( 'NONE', #258, 1000.000000000000000 ) ;
#8040 = CARTESIAN_POINT ( 'NONE',  ( 0.1134136355043513233, -0.01158808537139624333, -0.01867101149142505120 ) ) ;
#8041 = EDGE_CURVE ( 'NONE', #769, #3633, #3112, .T. ) ;
#8042 = SURFACE_SIDE_STYLE ('',( #6016 ) ) ;
#8043 = ORIENTED_EDGE ( 'NONE', *, *, #4473, .F. ) ;
#8044 = CARTESIAN_POINT ( 'NONE',  ( 2.750000000000000000, -1.083471845651426513, 0.1213289885085714892 ) ) ;
#8045 = SURFACE_SIDE_STYLE ('',( #334 ) ) ;
#8046 = EDGE_CURVE ( 'NONE', #2779, #5486, #5177, .T. ) ;
#8047 = DIRECTION ( 'NONE',  ( 0.0000000000000000000, -1.000000000000000000, -3.491481338843133355E-15 ) ) ;
#8048 = ORIENTED_EDGE ( 'NONE', *, *, #7878, .F. ) ;
#8049 = SURFACE_STYLE_FILL_AREA ( #3716 ) ;
#8050 = SURFACE_SIDE_STYLE ('',( #2585 ) ) ;
#8051 = SURFACE_SIDE_STYLE ('',( #2719 ) ) ;
#8052 = DIRECTION ( 'NONE',  ( 1.000000000000000000, 0.0000000000000000000, 0.0000000000000000000 ) ) ;
#8053 = SURFACE_STYLE_FILL_AREA ( #3477 ) ;
#8054 = ORIENTED_EDGE ( 'NONE', *, *, #5890, .F. ) ;
#8055 = CARTESIAN_POINT ( 'NONE',  ( -1.400000000000000133, -2.213471845651434844, 2.546328988508567370 ) ) ;
#8056 = ORIENTED_EDGE ( 'NONE', *, *, #3335, .F. ) ;
#8057 = FILL_AREA_STYLE ('',( #5216 ) ) ;
#8058 = DIRECTION ( 'NONE',  ( 0.0000000000000000000, -3.491481338843132961E-15, 1.000000000000000000 ) ) ;
#8059 = ADVANCED_FACE ( 'NONE', ( #5395 ), #4655, .F. ) ;
#8060 = CARTESIAN_POINT ( 'NONE',  ( -0.1512534321230561418, -0.02716615095683114559, -0.01867101149142505120 ) ) ;
#8061 = CARTESIAN_POINT ( 'NONE',  ( -0.1485683723177183002, -0.03004779151821800054, -0.02867101149142507743 ) ) ;
#8062 = EDGE_CURVE ( 'NONE', #2662, #1836, #1243, .T. ) ;
#8063 =( LENGTH_UNIT ( ) NAMED_UNIT ( * ) SI_UNIT ( .MILLI., .METRE. ) );
#8064 = STYLED_ITEM ( 'NONE', ( #2718 ), #3862 ) ;
#8065 = ORIENTED_EDGE ( 'NONE', *, *, #7412, .T. ) ;
#8066 = ORIENTED_EDGE ( 'NONE', *, *, #6551, .T. ) ;
#8067 = CARTESIAN_POINT ( 'NONE',  ( -0.1302756893908890434, -0.08279169395724239600, -0.02867101149142507743 ) ) ;
#8068 = CARTESIAN_POINT ( 'NONE',  ( 1.825000000000000178, 0.6865281543485730609, 0.1713289885085767517 ) ) ;
#8069 = FACE_OUTER_BOUND ( 'NONE', #6781, .T. ) ;
#8070 = EDGE_LOOP ( 'NONE', ( #1508, #4981, #4811, #7441 ) ) ;
#8071 =( LENGTH_UNIT ( ) NAMED_UNIT ( * ) SI_UNIT ( .MILLI., .METRE. ) );
#8072 = DIRECTION ( 'NONE',  ( 0.0000000000000000000, -1.000000000000000000, -3.489775742687718975E-15 ) ) ;
#8073 = EDGE_CURVE ( 'NONE', #7965, #580, #6055, .T. ) ;
#8074 =( NAMED_UNIT ( * ) SI_UNIT ( $, .STERADIAN. ) SOLID_ANGLE_UNIT ( ) );
#8075 = MECHANICAL_DESIGN_GEOMETRIC_PRESENTATION_REPRESENTATION (  '', ( #7166 ), #768 ) ;
#8076 = FILL_AREA_STYLE_COLOUR ( '', #295 ) ;
#8077 = ORIENTED_EDGE ( 'NONE', *, *, #6657, .F. ) ;
#8078 = CARTESIAN_POINT ( 'NONE',  ( 3.649999999999999911, -0.7834718456514280227, 0.4713289885085727438 ) ) ;
#8079 = COLOUR_RGB ( '',0.7764705882352941346, 0.7568627450980391913, 0.7372549019607843590 ) ;
#8080 = ORIENTED_EDGE ( 'NONE', *, *, #6551, .F. ) ;
#8081 = DIRECTION ( 'NONE',  ( -0.0000000000000000000, 1.000000000000000000, 3.491481338843133355E-15 ) ) ;
#8082 = SURFACE_STYLE_USAGE ( .BOTH. , #51 ) ;
#8083 =( NAMED_UNIT ( * ) PLANE_ANGLE_UNIT ( ) SI_UNIT ( $, .RADIAN. ) );
#8084 = EDGE_CURVE ( 'NONE', #4297, #1846, #7365, .T. ) ;
#8085 = ORIENTED_EDGE ( 'NONE', *, *, #1383, .T. ) ;
#8086 = MECHANICAL_DESIGN_GEOMETRIC_PRESENTATION_REPRESENTATION (  '', ( #3577 ), #4618 ) ;
#8087 = CARTESIAN_POINT ( 'NONE',  ( -0.08392075616440133889, -0.02399422821417287327, -0.02867101149142507743 ) ) ;
#8088 = ORIENTED_EDGE ( 'NONE', *, *, #1685, .F. ) ;
#8089 = AXIS2_PLACEMENT_3D ( 'NONE', #1233, #3864, #5251 ) ;
#8090 = PRESENTATION_STYLE_ASSIGNMENT (( #3841 ) ) ;
#8091 = FACE_OUTER_BOUND ( 'NONE', #5440, .T. ) ;
#8092 = CARTESIAN_POINT ( 'NONE',  ( -2.148518552703154949, -1.383471845651435439, 2.681321192064204606 ) ) ;
#8093 = DIRECTION ( 'NONE',  ( 0.0000000000000000000, -1.000000000000000000, -3.491481338843133355E-15 ) ) ;
#8094 = CARTESIAN_POINT ( 'NONE',  ( 0.1344832986877904091, -0.02414479520486512848, -0.01867101149142582836 ) ) ;
#8095 = CARTESIAN_POINT ( 'NONE',  ( 0.07528079429383800758, -0.02648299373126544037, -0.02867101149142507743 ) ) ;
#8096 = ORIENTED_EDGE ( 'NONE', *, *, #635, .T. ) ;
#8097 = ORIENTED_EDGE ( 'NONE', *, *, #8172, .F. ) ;
#8098 = VECTOR ( 'NONE', #7009, 1000.000000000000000 ) ;
#8099 = PRESENTATION_STYLE_ASSIGNMENT (( #3565 ) ) ;
#8100 = ADVANCED_FACE ( 'NONE', ( #4269 ), #1401, .F. ) ;
#8101 = MECHANICAL_DESIGN_GEOMETRIC_PRESENTATION_REPRESENTATION (  '', ( #7354 ), #522 ) ;
#8102 = CARTESIAN_POINT ( 'NONE',  ( 0.1000596764627694479, -0.1010843768840716805, -0.02867101149142507743 ) ) ;
#8103 =( NAMED_UNIT ( * ) SI_UNIT ( $, .STERADIAN. ) SOLID_ANGLE_UNIT ( ) );
#8104 = CARTESIAN_POINT ( 'NONE',  ( 0.07528079429383800758, -0.02648299373126544037, -0.02867101149142507743 ) ) ;
#8105 = ORIENTED_EDGE ( 'NONE', *, *, #2133, .F. ) ;
#8106 =( NAMED_UNIT ( * ) SI_UNIT ( $, .STERADIAN. ) SOLID_ANGLE_UNIT ( ) );
#8107 = LINE ( 'NONE', #3247, #6740 ) ;
#8108 =( NAMED_UNIT ( * ) PLANE_ANGLE_UNIT ( ) SI_UNIT ( $, .RADIAN. ) );
#8109 = FILL_AREA_STYLE ('',( #2220 ) ) ;
#8110 = EDGE_CURVE ( 'NONE', #4182, #4501, #2688, .T. ) ;
#8111 = SURFACE_STYLE_FILL_AREA ( #2804 ) ;
#8112 = APPLICATION_PROTOCOL_DEFINITION ( 'draft international standard', 'automotive_design', 1998, #6790 ) ;
#8113 =( NAMED_UNIT ( * ) SI_UNIT ( $, .STERADIAN. ) SOLID_ANGLE_UNIT ( ) );
#8114 = ORIENTED_EDGE ( 'NONE', *, *, #5029, .T. ) ;
#8115 = CARTESIAN_POINT ( 'NONE',  ( 0.1279505695555585854, -0.08776443102986949962, -0.01867101149142505120 ) ) ;
#8116 = VECTOR ( 'NONE', #2497, 1000.000000000000000 ) ;
#8117 = VECTOR ( 'NONE', #5707, 1000.000000000000000 ) ;
#8118 =( LENGTH_UNIT ( ) NAMED_UNIT ( * ) SI_UNIT ( .MILLI., .METRE. ) );
#8119 = LINE ( 'NONE', #1125, #1792 ) ;
#8120 = DIRECTION ( 'NONE',  ( -5.102127870520025912E-16, 3.491481338843133750E-15, -1.000000000000000000 ) ) ;
#8121 = CARTESIAN_POINT ( 'NONE',  ( 2.569584527152437570, -1.283471845651426690, 0.1713289885085706732 ) ) ;
#8122 = VERTEX_POINT ( 'NONE', #4021 ) ;
#8123 = PRESENTATION_STYLE_ASSIGNMENT (( #8464 ) ) ;
#8124 = LINE ( 'NONE', #7821, #7058 ) ;
#8125 = CARTESIAN_POINT ( 'NONE',  ( 0.1487392668223337933, -0.06078141415572080319, -0.01867101149142582836 ) ) ;
#8126 =( GEOMETRIC_REPRESENTATION_CONTEXT ( 3 ) GLOBAL_UNCERTAINTY_ASSIGNED_CONTEXT ( ( #8392 ) ) GLOBAL_UNIT_ASSIGNED_CONTEXT ( ( #308, #8355, #4369 ) ) REPRESENTATION_CONTEXT ( 'NONE', 'WORKASPACE' ) );
#8127 = EDGE_CURVE ( 'NONE', #4470, #1453, #1784, .T. ) ;
#8128 = PLANE ( 'NONE',  #5174 ) ;
#8129 = LINE ( 'NONE', #4045, #6132 ) ;
#8130 = CARTESIAN_POINT ( 'NONE',  ( 0.07439275573106213235, -0.09468193785968151421, -0.02867101149142507743 ) ) ;
#8131 = SURFACE_STYLE_USAGE ( .BOTH. , #1558 ) ;
#8132 = ORIENTED_EDGE ( 'NONE', *, *, #8469, .T. ) ;
#8133 = DIRECTION ( 'NONE',  ( 1.000000000000000000, 0.0000000000000000000, 0.0000000000000000000 ) ) ;
#8134 = EDGE_CURVE ( 'NONE', #6636, #2305, #3630, .T. ) ;
#8135 = ORIENTED_EDGE ( 'NONE', *, *, #4175, .T. ) ;
#8136 = AXIS2_PLACEMENT_3D ( 'NONE', #3407, #142, #4123 ) ;
#8137 = CARTESIAN_POINT ( 'NONE',  ( 0.08679190315449254733, -0.1105021790706833679, -0.02867101149142507743 ) ) ;
#8138 = SURFACE_STYLE_USAGE ( .BOTH. , #3374 ) ;
#8139 = COLOUR_RGB ( '',0.7764705882352941346, 0.7568627450980391913, 0.7372549019607843590 ) ;
#8140 = PRESENTATION_LAYER_ASSIGNMENT (  '', '', ( #8255 ) ) ;
#8141 = ORIENTED_EDGE ( 'NONE', *, *, #913, .F. ) ;
#8142 = CARTESIAN_POINT ( 'NONE',  ( -0.05472184711139754104, -0.02234800502023829086, -0.02867101149142507743 ) ) ;
#8143 = UNCERTAINTY_MEASURE_WITH_UNIT (LENGTH_MEASURE( 1.000000000000000082E-05 ), #8193, 'distance_accuracy_value', 'NONE');
#8144 = CARTESIAN_POINT ( 'NONE',  ( 0.1174737287245927186, -0.09700392714867686617, -0.01867101149142505120 ) ) ;
#8145 = ADVANCED_FACE ( 'NONE', ( #5595 ), #2864, .F. ) ;
#8146 = ORIENTED_EDGE ( 'NONE', *, *, #5805, .F. ) ;
#8147 = CARTESIAN_POINT ( 'NONE',  ( -0.09045695162819106239, -0.03118708691756430507, -0.02867101149142507743 ) ) ;
#8148 = CARTESIAN_POINT ( 'NONE',  ( -0.04645328085430373150, -0.02181608420114499597, -0.02867101149142507743 ) ) ;
#8149 = CARTESIAN_POINT ( 'NONE',  ( 0.09781120085301335532, -0.02059657200602295346, -0.02867101149142507743 ) ) ;
#8150 = AXIS2_PLACEMENT_3D ( 'NONE', #3549, #6211, #869 ) ;
#8151 = UNCERTAINTY_MEASURE_WITH_UNIT (LENGTH_MEASURE( 1.000000000000000082E-05 ), #6222, 'distance_accuracy_value', 'NONE');
#8152 =( NAMED_UNIT ( * ) PLANE_ANGLE_UNIT ( ) SI_UNIT ( $, .RADIAN. ) );
#8153 = CARTESIAN_POINT ( 'NONE',  ( 0.006100072804232863251, -0.05474291346943765957, -0.02867101149142507743 ) ) ;
#8154 = PRESENTATION_LAYER_ASSIGNMENT (  '', '', ( #5734 ) ) ;
#8155 = CYLINDRICAL_SURFACE ( 'NONE', #1090, 0.04999999999999999584 ) ;
#8156 = EDGE_LOOP ( 'NONE', ( #1165, #7330, #4265, #270 ) ) ;
#8157 = SURFACE_STYLE_FILL_AREA ( #7865 ) ;
#8158 = DIRECTION ( 'NONE',  ( -1.084202172485504631E-15, 3.491481338843133750E-15, -1.000000000000000000 ) ) ;
#8159 = PLANE ( 'NONE',  #4814 ) ;
#8160 = EDGE_CURVE ( 'NONE', #1853, #7687, #3103, .T. ) ;
#8161 = VERTEX_POINT ( 'NONE', #7590 ) ;
#8162 = SURFACE_SIDE_STYLE ('',( #1564 ) ) ;
#8163 = VECTOR ( 'NONE', #92, 1000.000000000000000 ) ;
#8164 = ORIENTED_EDGE ( 'NONE', *, *, #1860, .F. ) ;
#8165 = AXIS2_PLACEMENT_3D ( 'NONE', #1286, #5913, #2050 ) ;
#8166 =( LENGTH_UNIT ( ) NAMED_UNIT ( * ) SI_UNIT ( .MILLI., .METRE. ) );
#8167 = FILL_AREA_STYLE_COLOUR ( '', #1505 ) ;
#8168 = CARTESIAN_POINT ( 'NONE',  ( 0.1005608002701419562, -0.1120441862591302906, -0.01867101149142505120 ) ) ;
#8169 = CARTESIAN_POINT ( 'NONE',  ( 3.149999999999995914, -1.083471845651436061, 2.921328988508570923 ) ) ;
#8170 = COLOUR_RGB ( '',1.000000000000000000, 1.000000000000000000, 1.000000000000000000 ) ;
#8171 = ORIENTED_EDGE ( 'NONE', *, *, #1561, .T. ) ;
#8172 = EDGE_CURVE ( 'NONE', #7605, #3759, #3531, .T. ) ;
#8173 = STYLED_ITEM ( 'NONE', ( #6979 ), #4037 ) ;
#8174 = CARTESIAN_POINT ( 'NONE',  ( 0.1353338093006013765, -0.06036291447389829923, -0.01867101149142505120 ) ) ;
#8175 = LINE ( 'NONE', #806, #785 ) ;
#8176 = VERTEX_POINT ( 'NONE', #1613 ) ;
#8177 = DIRECTION ( 'NONE',  ( -0.0000000000000000000, 1.000000000000000000, 3.491481338843133355E-15 ) ) ;
#8178 =( NAMED_UNIT ( * ) PLANE_ANGLE_UNIT ( ) SI_UNIT ( $, .RADIAN. ) );
#8179 = VERTEX_POINT ( 'NONE', #4203 ) ;
#8180 = ADVANCED_FACE ( 'NONE', ( #1987 ), #1357, .T. ) ;
#8181 = COLOUR_RGB ( '',0.7764705882352941346, 0.7568627450980391913, 0.7372549019607843590 ) ;
#8182 = ORIENTED_EDGE ( 'NONE', *, *, #7105, .T. ) ;
#8183 = LINE ( 'NONE', #5610, #7551 ) ;
#8184 =( NAMED_UNIT ( * ) SI_UNIT ( $, .STERADIAN. ) SOLID_ANGLE_UNIT ( ) );
#8185 = ORIENTED_EDGE ( 'NONE', *, *, #4541, .T. ) ;
#8186 = CARTESIAN_POINT ( 'NONE',  ( -0.08009083420827678435, -0.02090799829147001881, -0.01867101149142505120 ) ) ;
#8187 = EDGE_CURVE ( 'NONE', #8253, #684, #195, .T. ) ;
#8188 = CARTESIAN_POINT ( 'NONE',  ( 3.500000000000000000, 1.186528154348562181, 3.321328988508578828 ) ) ;
#8189 = PRESENTATION_LAYER_ASSIGNMENT (  '', '', ( #4786 ) ) ;
#8190 = CARTESIAN_POINT ( 'NONE',  ( 3.850000000000000089, -0.7834718456514331297, 1.746328988508572433 ) ) ;
#8191 = AXIS2_PLACEMENT_3D ( 'NONE', #39, #3635, #8285 ) ;
#8192 =( NAMED_UNIT ( * ) SI_UNIT ( $, .STERADIAN. ) SOLID_ANGLE_UNIT ( ) );
#8193 =( LENGTH_UNIT ( ) NAMED_UNIT ( * ) SI_UNIT ( .MILLI., .METRE. ) );
#8194 = PRESENTATION_STYLE_ASSIGNMENT (( #6071 ) ) ;
#8195 =( NAMED_UNIT ( * ) PLANE_ANGLE_UNIT ( ) SI_UNIT ( $, .RADIAN. ) );
#8196 = CARTESIAN_POINT ( 'NONE',  ( -0.04739555377716007933, -0.1108058439098032477, -0.01867101149142528019 ) ) ;
#8197 = VERTEX_POINT ( 'NONE', #2894 ) ;
#8198 = SURFACE_STYLE_FILL_AREA ( #3754 ) ;
#8199 = CARTESIAN_POINT ( 'NONE',  ( -0.05857504366135873886, -0.02307967293561506705, -0.01867101149142505120 ) ) ;
#8200 = CARTESIAN_POINT ( 'NONE',  ( 0.04146592646276945487, -0.09986486468894985313, -0.02867101149142507743 ) ) ;
#8201 = PRESENTATION_LAYER_ASSIGNMENT (  '', '', ( #175 ) ) ;
#8203 = CARTESIAN_POINT ( 'NONE',  ( -1.399999999999999689, -2.213471845651430403, 1.246328988508567548 ) ) ;
#8202 = COLOUR_RGB ( '',1.000000000000000000, 1.000000000000000000, 1.000000000000000000 ) ;
#8204 =( NAMED_UNIT ( * ) PLANE_ANGLE_UNIT ( ) SI_UNIT ( $, .RADIAN. ) );
#8205 = MECHANICAL_DESIGN_GEOMETRIC_PRESENTATION_REPRESENTATION (  '', ( #3018 ), #3898 ) ;
#8206 = ORIENTED_EDGE ( 'NONE', *, *, #4840, .F. ) ;
#8207 = SURFACE_STYLE_FILL_AREA ( #2193 ) ;
#8208 = CARTESIAN_POINT ( 'NONE',  ( 0.09916621102649250674, -0.02062550977569282268, -0.01867101149142505120 ) ) ;
#8209 = LINE ( 'NONE', #4499, #8493 ) ;
#8210 = DIRECTION ( 'NONE',  ( -3.942553354492742545E-16, 3.491481338843133355E-15, -1.000000000000000000 ) ) ;
#8211 = COLOUR_RGB ( '',1.000000000000000000, 1.000000000000000000, 1.000000000000000000 ) ;
#8212 = EDGE_CURVE ( 'NONE', #4705, #6550, #4885, .T. ) ;
#8213 = EDGE_CURVE ( 'NONE', #7226, #7941, #4260, .T. ) ;
#8214 = EDGE_LOOP ( 'NONE', ( #7250, #2372, #4429, #1695 ) ) ;
#8215 = AXIS2_PLACEMENT_3D ( 'NONE', #8418, #2500, #462 ) ;
#8216 = DIRECTION ( 'NONE',  ( 1.000000000000000000, 0.0000000000000000000, 0.0000000000000000000 ) ) ;
#8217 = FILL_AREA_STYLE ('',( #4173 ) ) ;
#8218 = DIRECTION ( 'NONE',  ( 1.000000000000000000, 0.0000000000000000000, 0.0000000000000000000 ) ) ;
#8219 = CARTESIAN_POINT ( 'NONE',  ( -0.06923044404382885930, -0.09400206482763390214, -0.01867101149142505120 ) ) ;
#8220 = LINE ( 'NONE', #8579, #2491 ) ;
#8221 = CARTESIAN_POINT ( 'NONE',  ( 3.850000000000000089, -0.7834718456514269125, -0.02867101149142724584 ) ) ;
#8222 = CARTESIAN_POINT ( 'NONE',  ( -2.549999999999997158, 1.186528154348571285, 0.7213289885085799602 ) ) ;
#8223 = VERTEX_POINT ( 'NONE', #1553 ) ;
#8224 = EDGE_CURVE ( 'NONE', #2671, #4996, #6221, .T. ) ;
#8225 = CARTESIAN_POINT ( 'NONE',  ( -0.06681659732748487790, -0.1074195557637465659, -0.01867101149142528019 ) ) ;
#8226 = CARTESIAN_POINT ( 'NONE',  ( -0.05065582952024201557, -0.02190255233670878113, -0.01867101149142505120 ) ) ;
#8227 = LINE ( 'NONE', #6677, #4571 ) ;
#8228 =( NAMED_UNIT ( * ) SI_UNIT ( $, .STERADIAN. ) SOLID_ANGLE_UNIT ( ) );
#8229 = DIRECTION ( 'NONE',  ( -1.000000000000000000, 0.0000000000000000000, -0.0000000000000000000 ) ) ;
#8230 = CARTESIAN_POINT ( 'NONE',  ( 0.1313739658045091907, -0.04122977441244676106, -0.01867101149142505120 ) ) ;
#8231 = CARTESIAN_POINT ( 'NONE',  ( 1.499999999999999778, -2.213471845651434844, 2.646328988508567903 ) ) ;
#8232 = LINE ( 'NONE', #4850, #5529 ) ;
#8233 =( GEOMETRIC_REPRESENTATION_CONTEXT ( 3 ) GLOBAL_UNCERTAINTY_ASSIGNED_CONTEXT ( ( #7597 ) ) GLOBAL_UNIT_ASSIGNED_CONTEXT ( ( #4277, #316, #1073 ) ) REPRESENTATION_CONTEXT ( 'NONE', 'WORKASPACE' ) );
#8234 = EDGE_CURVE ( 'NONE', #5323, #8607, #707, .T. ) ;
#8235 = CARTESIAN_POINT ( 'NONE',  ( 0.0000000000000000000, -1.333471845651435395, 2.681321192064205050 ) ) ;
#8236 = PRESENTATION_STYLE_ASSIGNMENT (( #2292 ) ) ;
#8237 = AXIS2_PLACEMENT_3D ( 'NONE', #8067, #1425, #6044 ) ;
#8238 = FACE_OUTER_BOUND ( 'NONE', #198, .T. ) ;
#8239 =( LENGTH_UNIT ( ) NAMED_UNIT ( * ) SI_UNIT ( .MILLI., .METRE. ) );
#8240 = DIRECTION ( 'NONE',  ( -1.000000000000000000, -0.0000000000000000000, 0.0000000000000000000 ) ) ;
#8241 = ORIENTED_EDGE ( 'NONE', *, *, #6162, .F. ) ;
#8242 = SURFACE_SIDE_STYLE ('',( #3260 ) ) ;
#8243 =( NAMED_UNIT ( * ) PLANE_ANGLE_UNIT ( ) SI_UNIT ( $, .RADIAN. ) );
#8244 = SURFACE_STYLE_FILL_AREA ( #7245 ) ;
#8245 = CARTESIAN_POINT ( 'NONE',  ( -0.06244635162287279218, -0.09731347799046483060, -0.02867101149142507743 ) ) ;
#8246 = PRESENTATION_STYLE_ASSIGNMENT (( #7908 ) ) ;
#8247 = FILL_AREA_STYLE ('',( #2278 ) ) ;
#8248 = SURFACE_STYLE_USAGE ( .BOTH. , #2902 ) ;
#8249 = UNCERTAINTY_MEASURE_WITH_UNIT (LENGTH_MEASURE( 1.000000000000000082E-05 ), #5106, 'distance_accuracy_value', 'NONE');
#8250 = FACE_OUTER_BOUND ( 'NONE', #3315, .T. ) ;
#8251 =( GEOMETRIC_REPRESENTATION_CONTEXT ( 3 ) GLOBAL_UNCERTAINTY_ASSIGNED_CONTEXT ( ( #4899 ) ) GLOBAL_UNIT_ASSIGNED_CONTEXT ( ( #5215, #1255, #7222 ) ) REPRESENTATION_CONTEXT ( 'NONE', 'WORKASPACE' ) );
#8252 =( NAMED_UNIT ( * ) PLANE_ANGLE_UNIT ( ) SI_UNIT ( $, .RADIAN. ) );
#8253 = VERTEX_POINT ( 'NONE', #6262 ) ;
#8254 = CARTESIAN_POINT ( 'NONE',  ( -0.06186390716204870355, -0.1089786315022287927, -0.02867101149142507743 ) ) ;
#8255 = STYLED_ITEM ( 'NONE', ( #4438 ), #5472 ) ;
#8256 = ORIENTED_EDGE ( 'NONE', *, *, #927, .T. ) ;
#8257 = DIRECTION ( 'NONE',  ( 0.0000000000000000000, 1.000000000000000000, 3.491481338843133355E-15 ) ) ;
#8258 = DIRECTION ( 'NONE',  ( 1.000000000000000000, 0.0000000000000000000, -3.614007241618349264E-16 ) ) ;
#8259 = CARTESIAN_POINT ( 'NONE',  ( 2.750000000000000000, -1.083471845651426291, 0.02132898850857170570 ) ) ;
#8260 = ORIENTED_EDGE ( 'NONE', *, *, #6375, .T. ) ;
#8261 = SURFACE_SIDE_STYLE ('',( #850 ) ) ;
#8262 = ORIENTED_EDGE ( 'NONE', *, *, #1697, .F. ) ;
#8263 = AXIS2_PLACEMENT_3D ( 'NONE', #5150, #4484, #1188 ) ;
#8264 = DIRECTION ( 'NONE',  ( -0.9417224702971438433, -0.3363908276654480334, -1.174502297351907966E-15 ) ) ;
#8265 = PRESENTATION_LAYER_ASSIGNMENT (  '', '', ( #7354 ) ) ;
#8266 = CARTESIAN_POINT ( 'NONE',  ( 0.1225802159147960924, -0.01525111396527664871, -0.02867101149142507743 ) ) ;
#8267 = PRESENTATION_STYLE_ASSIGNMENT (( #1404 ) ) ;
#8268 = VERTEX_POINT ( 'NONE', #883 ) ;
#8269 = ADVANCED_FACE ( 'NONE', ( #6736 ), #1347, .T. ) ;
#8270 = LINE ( 'NONE', #4492, #6478 ) ;
#8271 = CARTESIAN_POINT ( 'NONE',  ( -0.1501689820738158765, -0.02303559639626681643, -0.02867101149142507743 ) ) ;
#8272 = CARTESIAN_POINT ( 'NONE',  ( 3.499999999999999556, -1.083471845651436061, 2.921328988508570923 ) ) ;
#8273 = FILL_AREA_STYLE_COLOUR ( '', #140 ) ;
#8274 = EDGE_CURVE ( 'NONE', #2361, #7297, #3523, .T. ) ;
#8275 = EDGE_CURVE ( 'NONE', #3080, #6104, #919, .T. ) ;
#8276 = CARTESIAN_POINT ( 'NONE',  ( 2.375000000000000444, 0.6865281543485730609, 0.1713289885085763076 ) ) ;
#8277 = STYLED_ITEM ( 'NONE', ( #3890 ), #2996 ) ;
#8278 = PRESENTATION_STYLE_ASSIGNMENT (( #8082 ) ) ;
#8279 = CARTESIAN_POINT ( 'NONE',  ( 0.0000000000000000000, -2.313471845651431824, 1.746328988508567104 ) ) ;
#8280 = LINE ( 'NONE', #6867, #4733 ) ;
#8281 = ORIENTED_EDGE ( 'NONE', *, *, #6848, .T. ) ;
#8282 = FILL_AREA_STYLE_COLOUR ( '', #1202 ) ;
#8283 = CARTESIAN_POINT ( 'NONE',  ( -0.1485683723177183002, -0.03004779151821800054, -0.02867101149142507743 ) ) ;
#8284 = ORIENTED_EDGE ( 'NONE', *, *, #2018, .F. ) ;
#8285 = DIRECTION ( 'NONE',  ( 1.000000000000000000, 0.0000000000000000000, 0.0000000000000000000 ) ) ;
#8286 = FACE_OUTER_BOUND ( 'NONE', #3303, .T. ) ;
#8287 = DIRECTION ( 'NONE',  ( 0.0000000000000000000, -3.491481338843133355E-15, 1.000000000000000000 ) ) ;
#8288 = ORIENTED_EDGE ( 'NONE', *, *, #7567, .T. ) ;
#8289 = ORIENTED_EDGE ( 'NONE', *, *, #112, .F. ) ;
#8290 = MECHANICAL_DESIGN_GEOMETRIC_PRESENTATION_REPRESENTATION (  '', ( #3049 ), #100 ) ;
#8291 = CARTESIAN_POINT ( 'NONE',  ( 0.1327646527105388052, -0.1017463590574337329, -0.01867101149142505120 ) ) ;
#8292 = ORIENTED_EDGE ( 'NONE', *, *, #941, .T. ) ;
#8293 = ORIENTED_EDGE ( 'NONE', *, *, #2297, .T. ) ;
#8294 = CARTESIAN_POINT ( 'NONE',  ( 0.1487829996335011673, -0.06272690737187656962, -0.02867101149142507743 ) ) ;
#8295 = ORIENTED_EDGE ( 'NONE', *, *, #4473, .T. ) ;
#8296 = VECTOR ( 'NONE', #2986, 1000.000000000000000 ) ;
#8297 = FILL_AREA_STYLE_COLOUR ( '', #398 ) ;
#8298 = LINE ( 'NONE', #8386, #3711 ) ;
#8299 = DIRECTION ( 'NONE',  ( -0.7071067811865460184, -2.468850131082270866E-15, 0.7071067811865490160 ) ) ;
#8300 = EDGE_CURVE ( 'NONE', #5981, #7854, #3925, .T. ) ;
#8301 = ORIENTED_EDGE ( 'NONE', *, *, #8315, .F. ) ;
#8302 = VERTEX_POINT ( 'NONE', #1725 ) ;
#8303 = DIRECTION ( 'NONE',  ( 0.0000000000000000000, 3.491481338843133355E-15, -1.000000000000000000 ) ) ;
#8304 = STYLED_ITEM ( 'NONE', ( #8099 ), #5384 ) ;
#8305 = CARTESIAN_POINT ( 'NONE',  ( 2.750000000000000000, -1.083471845651426513, 0.1213289885085715447 ) ) ;
#8306 = ORIENTED_EDGE ( 'NONE', *, *, #5162, .T. ) ;
#8307 = EDGE_LOOP ( 'NONE', ( #3532, #6460, #3516, #4606, #4805, #6806 ) ) ;
#8308 =( NAMED_UNIT ( * ) SI_UNIT ( $, .STERADIAN. ) SOLID_ANGLE_UNIT ( ) );
#8309 = ADVANCED_FACE ( 'NONE', ( #8599 ), #533, .F. ) ;
#8310 = VECTOR ( 'NONE', #4896, 1000.000000000000000 ) ;
#8311 = VECTOR ( 'NONE', #7388, 1000.000000000000000 ) ;
#8312 = AXIS2_PLACEMENT_3D ( 'NONE', #1150, #4349, #8360 ) ;
#8313 = VERTEX_POINT ( 'NONE', #6951 ) ;
#8314 = CARTESIAN_POINT ( 'NONE',  ( -2.375000000000001332, 0.6865281543485739491, -0.02867101149142160799 ) ) ;
#8315 = EDGE_CURVE ( 'NONE', #4312, #7103, #497, .T. ) ;
#8316 = EDGE_CURVE ( 'NONE', #5894, #6326, #4251, .T. ) ;
#8317 = LINE ( 'NONE', #7183, #4787 ) ;
#8318 = AXIS2_PLACEMENT_3D ( 'NONE', #6418, #6207, #5549 ) ;
#8319 =( NAMED_UNIT ( * ) SI_UNIT ( $, .STERADIAN. ) SOLID_ANGLE_UNIT ( ) );
#8320 = CARTESIAN_POINT ( 'NONE',  ( 0.04146592646276945487, -0.05474291346943765957, -0.02867101149142507743 ) ) ;
#8321 = ORIENTED_EDGE ( 'NONE', *, *, #5369, .F. ) ;
#8322 = FACE_OUTER_BOUND ( 'NONE', #8474, .T. ) ;
#8323 = FILL_AREA_STYLE ('',( #1782 ) ) ;
#8324 = SURFACE_SIDE_STYLE ('',( #4372 ) ) ;
#8325 = CARTESIAN_POINT ( 'NONE',  ( -0.08526180085909217110, -0.06439582964054453573, -0.01867101149142505120 ) ) ;
#8326 = FILL_AREA_STYLE ('',( #3091 ) ) ;
#8327 = CARTESIAN_POINT ( 'NONE',  ( -2.549999999999999822, -0.06571852322553536907, -0.01867101149142505120 ) ) ;
#8328 = CARTESIAN_POINT ( 'NONE',  ( 0.1573195849993548334, -0.1108404744450473406, -0.02867101149142507743 ) ) ;
#8329 = EDGE_CURVE ( 'NONE', #5811, #5503, #4648, .T. ) ;
#8330 =( NAMED_UNIT ( * ) SI_UNIT ( $, .STERADIAN. ) SOLID_ANGLE_UNIT ( ) );
#8331 = MECHANICAL_DESIGN_GEOMETRIC_PRESENTATION_REPRESENTATION (  '', ( #8173 ), #585 ) ;
#8332 =( LENGTH_UNIT ( ) NAMED_UNIT ( * ) SI_UNIT ( .MILLI., .METRE. ) );
#8333 =( NAMED_UNIT ( * ) SI_UNIT ( $, .STERADIAN. ) SOLID_ANGLE_UNIT ( ) );
#8334 = B_SPLINE_CURVE_WITH_KNOTS ( 'NONE', 3,
 ( #1506, #2116, #2144, #3434, #2790, #6859, #4159, #3457, #8115, #145, #2815, #7456, #8144, #4827, #838, #1537, #6148, #1654, #2880 ),
 .UNSPECIFIED., .F., .F.,
 ( 4, 1, 1, 1, 1, 1, 1, 1, 1, 1, 1, 1, 1, 1, 1, 1, 4 ),
 ( 0.0000000000000000000, 0.07378258718587328568, 0.1440956521627401454, 0.2113727769445224169, 0.2761085739136396322, 0.3385597713347675564, 0.3996464779878221019, 0.4600223579231184634, 0.5203641801036607006, 0.5799897433270183589, 0.6384216733782913655, 0.6963296981378336303, 0.7539735389223942708, 0.8127841951639485085, 0.8727398202468062971, 0.9351745571517245947, 1.000000000000000000 ),
 .UNSPECIFIED. ) ;
#8335 = CARTESIAN_POINT ( 'NONE',  ( 0.04146592646276942712, -0.09986486468895007518, -0.01867101149142505120 ) ) ;
#8336 = CARTESIAN_POINT ( 'NONE',  ( 0.05488056060911092326, -0.01084047444504729341, -0.02867101149142507743 ) ) ;
#8337 = EDGE_LOOP ( 'NONE', ( #4403, #1240, #6865, #1519, #5072, #5960 ) ) ;
#8338 = SPHERICAL_SURFACE ( 'NONE', #185, 0.2999999999999999889 ) ;
#8339 = CARTESIAN_POINT ( 'NONE',  ( 0.1456916709764614071, -0.08280438004631919535, -0.01867101149142505120 ) ) ;
#8340 = VECTOR ( 'NONE', #6625, 1000.000000000000000 ) ;
#8341 =( LENGTH_UNIT ( ) NAMED_UNIT ( * ) SI_UNIT ( .MILLI., .METRE. ) );
#8342 = ORIENTED_EDGE ( 'NONE', *, *, #5740, .F. ) ;
#8343 = EDGE_CURVE ( 'NONE', #3631, #5431, #2391, .T. ) ;
#8344 = CARTESIAN_POINT ( 'NONE',  ( 0.1487829996335011673, -0.06272690737187656962, -0.02867101149142507743 ) ) ;
#8345 = STYLED_ITEM ( 'NONE', ( #3830 ), #8180 ) ;
#8346 = VERTEX_POINT ( 'NONE', #1206 ) ;
#8347 = SURFACE_STYLE_FILL_AREA ( #4249 ) ;
#8348 = ADVANCED_FACE ( 'NONE', ( #6844 ), #7007, .T. ) ;
#8349 = UNCERTAINTY_MEASURE_WITH_UNIT (LENGTH_MEASURE( 1.000000000000000082E-05 ), #8580, 'distance_accuracy_value', 'NONE');
#8350 = CARTESIAN_POINT ( 'NONE',  ( -2.948179295342850725, -1.383471845651430332, 1.177033865392921985 ) ) ;
#8351 = VECTOR ( 'NONE', #5179, 1000.000000000000000 ) ;
#8352 =( LENGTH_UNIT ( ) NAMED_UNIT ( * ) SI_UNIT ( .MILLI., .METRE. ) );
#8353 = ORIENTED_EDGE ( 'NONE', *, *, #6969, .T. ) ;
#8354 = VERTEX_POINT ( 'NONE', #8350 ) ;
#8355 =( NAMED_UNIT ( * ) PLANE_ANGLE_UNIT ( ) SI_UNIT ( $, .RADIAN. ) );
#8356 = AXIS2_PLACEMENT_3D ( 'NONE', #8428, #4366, #5118 ) ;
#8357 = MECHANICAL_DESIGN_GEOMETRIC_PRESENTATION_REPRESENTATION (  '', ( #2146 ), #5678 ) ;
#8358 = VECTOR ( 'NONE', #13, 1000.000000000000000 ) ;
#8359 = EDGE_LOOP ( 'NONE', ( #150, #2782, #2794, #6616 ) ) ;
#8360 = DIRECTION ( 'NONE',  ( -1.927687054276661595E-16, -3.491481338843133355E-15, 1.000000000000000000 ) ) ;
#8361 = VECTOR ( 'NONE', #4066, 1000.000000000000000 ) ;
#8362 = VERTEX_POINT ( 'NONE', #387 ) ;
#8363 = VERTEX_POINT ( 'NONE', #5806 ) ;
#8364 = FILL_AREA_STYLE ('',( #1046 ) ) ;
#8365 = CARTESIAN_POINT ( 'NONE',  ( 2.750000000000000000, -1.083471845651426069, -0.02867101149142854688 ) ) ;
#8366 = SURFACE_SIDE_STYLE ('',( #8049 ) ) ;
#8367 = PRESENTATION_LAYER_ASSIGNMENT (  '', '', ( #137 ) ) ;
#8368 = ORIENTED_EDGE ( 'NONE', *, *, #2524, .F. ) ;
#8369 = DIRECTION ( 'NONE',  ( 1.000000000000000000, 0.0000000000000000000, 0.0000000000000000000 ) ) ;
#8370 = LINE ( 'NONE', #6005, #1100 ) ;
#8371 =( LENGTH_UNIT ( ) NAMED_UNIT ( * ) SI_UNIT ( .MILLI., .METRE. ) );
#8372 = ORIENTED_EDGE ( 'NONE', *, *, #2761, .T. ) ;
#8373 = ORIENTED_EDGE ( 'NONE', *, *, #360, .F. ) ;
#8374 = CARTESIAN_POINT ( 'NONE',  ( -0.01829017109820614898, 1.186528154348573949, -0.01867101149142071440 ) ) ;
#8375 = EDGE_CURVE ( 'NONE', #5258, #8354, #4547, .T. ) ;
#8376 = CARTESIAN_POINT ( 'NONE',  ( -0.03170480524454762777, -0.02181608420114499597, -0.02867101149142507743 ) ) ;
#8377 = VERTEX_POINT ( 'NONE', #1173 ) ;
#8378 =( GEOMETRIC_REPRESENTATION_CONTEXT ( 3 ) GLOBAL_UNCERTAINTY_ASSIGNED_CONTEXT ( ( #3236 ) ) GLOBAL_UNIT_ASSIGNED_CONTEXT ( ( #7386, #1521, #1555 ) ) REPRESENTATION_CONTEXT ( 'NONE', 'WORKASPACE' ) );
#8379 = ORIENTED_EDGE ( 'NONE', *, *, #2266, .F. ) ;
#8380 = PLANE ( 'NONE',  #7683 ) ;
#8381 = ORIENTED_EDGE ( 'NONE', *, *, #3998, .F. ) ;
#8382 = UNCERTAINTY_MEASURE_WITH_UNIT (LENGTH_MEASURE( 1.000000000000000082E-05 ), #6301, 'distance_accuracy_value', 'NONE');
#8383 = CARTESIAN_POINT ( 'NONE',  ( 2.549999999999999822, -1.083471845651426069, -0.02867101149142854688 ) ) ;
#8384 = FILL_AREA_STYLE_COLOUR ( '', #8612 ) ;
#8385 = DIRECTION ( 'NONE',  ( -1.927687054276661595E-16, 3.491481338843133355E-15, -1.000000000000000000 ) ) ;
#8386 = CARTESIAN_POINT ( 'NONE',  ( -3.650000000000000355, -0.9834718456514260909, -0.02867101149142811320 ) ) ;
#8387 = AXIS2_PLACEMENT_3D ( 'NONE', #3484, #1531, #254 ) ;
#8388 = ORIENTED_EDGE ( 'NONE', *, *, #1278, .F. ) ;
#8389 = EDGE_CURVE ( 'NONE', #7876, #7524, #3003, .T. ) ;
#8390 = AXIS2_PLACEMENT_3D ( 'NONE', #8433, #3126, #3847 ) ;
#8391 = VECTOR ( 'NONE', #5356, 1000.000000000000000 ) ;
#8392 = UNCERTAINTY_MEASURE_WITH_UNIT (LENGTH_MEASURE( 1.000000000000000082E-05 ), #308, 'distance_accuracy_value', 'NONE');
#8393 = DIRECTION ( 'NONE',  ( 1.000000000000000000, 0.0000000000000000000, 0.0000000000000000000 ) ) ;
#8394 = ORIENTED_EDGE ( 'NONE', *, *, #3403, .T. ) ;
#8395 = CARTESIAN_POINT ( 'NONE',  ( -3.475000000000000089, -1.083471845651427623, 0.4963289885085717668 ) ) ;
#8396 = ORIENTED_EDGE ( 'NONE', *, *, #2182, .F. ) ;
#8397 = CIRCLE ( 'NONE', #3513, 0.09999999999999982514 ) ;
#8398 = VECTOR ( 'NONE', #2726, 1000.000000000000000 ) ;
#8399 = DIRECTION ( 'NONE',  ( -1.000000000000000000, 0.0000000000000000000, 0.0000000000000000000 ) ) ;
#8400 = DIRECTION ( 'NONE',  ( -0.0000000000000000000, 1.000000000000000000, 3.491481338843133355E-15 ) ) ;
#8401 = MECHANICAL_DESIGN_GEOMETRIC_PRESENTATION_REPRESENTATION (  '', ( #1916 ), #4388 ) ;
#8402 = CARTESIAN_POINT ( 'NONE',  ( 0.1018236802061384116, -0.02068226302561642499, -0.02867101149142507743 ) ) ;
#8403 = PLANE ( 'NONE',  #4911 ) ;
#8404 = ORIENTED_EDGE ( 'NONE', *, *, #7164, .T. ) ;
#8405 = FACE_OUTER_BOUND ( 'NONE', #5770, .T. ) ;
#8406 = VECTOR ( 'NONE', #5077, 1000.000000000000000 ) ;
#8407 =( NAMED_UNIT ( * ) PLANE_ANGLE_UNIT ( ) SI_UNIT ( $, .RADIAN. ) );
#8408 = CARTESIAN_POINT ( 'NONE',  ( 0.1313739658045091907, -0.04122977441244654595, -0.02867101149142507743 ) ) ;
#8409 = VECTOR ( 'NONE', #1434, 1000.000000000000000 ) ;
#8410 = DIRECTION ( 'NONE',  ( 0.0000000000000000000, 3.491481338843133355E-15, -1.000000000000000000 ) ) ;
#8411 = EDGE_LOOP ( 'NONE', ( #8490, #8256, #8030, #1428 ) ) ;
#8412 = DIRECTION ( 'NONE',  ( 0.0000000000000000000, -1.000000000000000000, -3.491481338843133355E-15 ) ) ;
#8413 = LINE ( 'NONE', #8336, #5708 ) ;
#8414 = LINE ( 'NONE', #7048, #4051 ) ;
#8415 = MECHANICAL_DESIGN_GEOMETRIC_PRESENTATION_REPRESENTATION (  '', ( #1718 ), #2155 ) ;
#8416 = SURFACE_STYLE_USAGE ( .BOTH. , #840 ) ;
#8417 = SURFACE_SIDE_STYLE ('',( #6878 ) ) ;
#8418 = CARTESIAN_POINT ( 'NONE',  ( 2.699999999999999734, -1.283471845651426468, 0.1213289885085708369 ) ) ;
#8419 = CARTESIAN_POINT ( 'NONE',  ( -2.750000000000000000, -1.283471845651426024, 0.02132898850857100834 ) ) ;
#8420 = CIRCLE ( 'NONE', #210, 0.04999999999999999584 ) ;
#8421 = EDGE_CURVE ( 'NONE', #2810, #873, #5274, .T. ) ;
#8422 =( NAMED_UNIT ( * ) SI_UNIT ( $, .STERADIAN. ) SOLID_ANGLE_UNIT ( ) );
#8423 = MECHANICAL_DESIGN_GEOMETRIC_PRESENTATION_REPRESENTATION (  '', ( #8277 ), #5592 ) ;
#8424 = VECTOR ( 'NONE', #1104, 1000.000000000000000 ) ;
#8425 = VECTOR ( 'NONE', #683, 1000.000000000000000 ) ;
#8426 = CARTESIAN_POINT ( 'NONE',  ( 0.2085390971944768301, -0.1108404744450473406, -0.02867101149142507743 ) ) ;
#8427 = CARTESIAN_POINT ( 'NONE',  ( 0.1339754069689018112, -0.04881662085267062662, -0.02867101149142507743 ) ) ;
#8428 = CARTESIAN_POINT ( 'NONE',  ( -3.475000000000000089, -1.283471845651427801, 0.4963289885085708786 ) ) ;
#8429 = LINE ( 'NONE', #800, #4802 ) ;
#8430 = ADVANCED_FACE ( 'NONE', ( #7564 ), #8487, .T. ) ;
#8431 = VERTEX_POINT ( 'NONE', #6647 ) ;
#8432 = FACE_OUTER_BOUND ( 'NONE', #159, .T. ) ;
#8433 = CARTESIAN_POINT ( 'NONE',  ( -0.1963389515860110013, -0.1108404744450473406, -0.02867101149142507743 ) ) ;
#8434 = MECHANICAL_DESIGN_GEOMETRIC_PRESENTATION_REPRESENTATION (  '', ( #8064 ), #263 ) ;
#8435 = CARTESIAN_POINT ( 'NONE',  ( -1.825000000000001066, 0.6865281543485739491, -0.02867101149142160799 ) ) ;
#8436 = FACE_OUTER_BOUND ( 'NONE', #3081, .T. ) ;
#8437 = CARTESIAN_POINT ( 'NONE',  ( 3.850000000000000089, -0.7834718456514286888, 0.4713289885085727438 ) ) ;
#8438 = PLANE ( 'NONE',  #604 ) ;
#8439 = CARTESIAN_POINT ( 'NONE',  ( -2.549999999999999822, -0.09986486468895007518, -0.01867101149142505120 ) ) ;
#8440 = CARTESIAN_POINT ( 'NONE',  ( -0.07743744387689870112, -0.08660615277779033783, -0.02867101149142507743 ) ) ;
#8441 = VERTEX_POINT ( 'NONE', #7904 ) ;
#8442 = FILL_AREA_STYLE_COLOUR ( '', #2345 ) ;
#8443 = ORIENTED_EDGE ( 'NONE', *, *, #3163, .F. ) ;
#8444 = FACE_OUTER_BOUND ( 'NONE', #6686, .T. ) ;
#8445 = EDGE_CURVE ( 'NONE', #2885, #3713, #291, .T. ) ;
#8446 = PRESENTATION_STYLE_ASSIGNMENT (( #4088 ) ) ;
#8447 = VERTEX_POINT ( 'NONE', #1331 ) ;
#8448 = CARTESIAN_POINT ( 'NONE',  ( -0.05034687652483241238, -0.09976883555078770727, -0.01867101149142505120 ) ) ;
#8449 = AXIS2_PLACEMENT_3D ( 'NONE', #7861, #6819, #4820 ) ;
#8450 = EDGE_LOOP ( 'NONE', ( #1416, #6300, #60 ) ) ;
#8451 = ORIENTED_EDGE ( 'NONE', *, *, #2216, .T. ) ;
#8452 = CARTESIAN_POINT ( 'NONE',  ( 0.1353683654871597197, -0.06190754761577904608, -0.02867101149142507743 ) ) ;
#8453 = DIRECTION ( 'NONE',  ( 0.0000000000000000000, -3.491481338843132961E-15, 1.000000000000000000 ) ) ;
#8454 = ORIENTED_EDGE ( 'NONE', *, *, #1645, .T. ) ;
#8455 = VECTOR ( 'NONE', #7894, 1000.000000000000000 ) ;
#8456 = STYLED_ITEM ( 'NONE', ( #1868 ), #1163 ) ;
#8457 =( GEOMETRIC_REPRESENTATION_CONTEXT ( 3 ) GLOBAL_UNCERTAINTY_ASSIGNED_CONTEXT ( ( #764 ) ) GLOBAL_UNIT_ASSIGNED_CONTEXT ( ( #4860, #8083, #3489 ) ) REPRESENTATION_CONTEXT ( 'NONE', 'WORKASPACE' ) );
#8458 = SURFACE_SIDE_STYLE ('',( #3842 ) ) ;
#8459 = FILL_AREA_STYLE ('',( #3821 ) ) ;
#8460 = CARTESIAN_POINT ( 'NONE',  ( 0.1299426287267299585, -0.08475539507497983904, -0.02867101149142507743 ) ) ;
#8461 = CARTESIAN_POINT ( 'NONE',  ( -0.09873779258477306808, -0.06147168503963960917, -0.02867101149142507743 ) ) ;
#8462 = FACE_OUTER_BOUND ( 'NONE', #904, .T. ) ;
#8463 = FILL_AREA_STYLE ('',( #3222 ) ) ;
#8464 = SURFACE_STYLE_USAGE ( .BOTH. , #6485 ) ;
#8465 = CARTESIAN_POINT ( 'NONE',  ( 0.05488056060911092326, -0.01084047444504729341, -0.02867101149142507743 ) ) ;
#8466 = ORIENTED_EDGE ( 'NONE', *, *, #3486, .T. ) ;
#8467 = EDGE_CURVE ( 'NONE', #27, #6373, #2572, .T. ) ;
#8468 = ORIENTED_EDGE ( 'NONE', *, *, #2331, .T. ) ;
#8469 = EDGE_CURVE ( 'NONE', #5030, #2033, #4139, .T. ) ;
#8470 = ORIENTED_EDGE ( 'NONE', *, *, #1697, .T. ) ;
#8471 = DIRECTION ( 'NONE',  ( -0.7071067811865490160, 2.468850131082259822E-15, -0.7071067811865460184 ) ) ;
#8472 = SURFACE_STYLE_USAGE ( .BOTH. , #1232 ) ;
#8473 = ADVANCED_FACE ( 'NONE', ( #1975 ), #867, .F. ) ;
#8474 = EDGE_LOOP ( 'NONE', ( #5758, #6857, #5133, #6028 ) ) ;
#8475 = SURFACE_STYLE_USAGE ( .BOTH. , #7229 ) ;
#8476 = ORIENTED_EDGE ( 'NONE', *, *, #1745, .F. ) ;
#8477 = DIRECTION ( 'NONE',  ( -0.0000000000000000000, 3.491481338843133750E-15, -1.000000000000000000 ) ) ;
#8478 = EDGE_CURVE ( 'NONE', #1579, #1109, #4757, .T. ) ;
#8479 = EDGE_LOOP ( 'NONE', ( #4059, #8034, #759, #3757 ) ) ;
#8480 = DIRECTION ( 'NONE',  ( 0.0000000000000000000, -1.000000000000000000, -3.491481338843133355E-15 ) ) ;
#8481 = CARTESIAN_POINT ( 'NONE',  ( -3.475000000000000533, -1.083471845651427623, 0.4713289885085714670 ) ) ;
#8482 = PRESENTATION_STYLE_ASSIGNMENT (( #7746 ) ) ;
#8483 = VECTOR ( 'NONE', #3064, 1000.000000000000000 ) ;
#8484 = PRESENTATION_LAYER_ASSIGNMENT (  '', '', ( #8173 ) ) ;
#8485 = DIRECTION ( 'NONE',  ( 0.0000000000000000000, -1.000000000000000000, -3.491481338843133355E-15 ) ) ;
#8486 = VECTOR ( 'NONE', #5382, 1000.000000000000000 ) ;
#8487 = CYLINDRICAL_SURFACE ( 'NONE', #5163, 0.09999999999999982514 ) ;
#8488 = FILL_AREA_STYLE_COLOUR ( '', #605 ) ;
#8489 = CARTESIAN_POINT ( 'NONE',  ( 1.499999999999999778, -2.213471845651434844, 2.546328988508567370 ) ) ;
#8490 = ORIENTED_EDGE ( 'NONE', *, *, #3249, .F. ) ;
#8491 = CARTESIAN_POINT ( 'NONE',  ( -0.08536334182991349440, -0.05986867566455948697, -0.02867101149142507743 ) ) ;
#8492 = CIRCLE ( 'NONE', #394, 0.09999999999999982514 ) ;
#8493 = VECTOR ( 'NONE', #5260, 1000.000000000000000 ) ;
#8494 = DIRECTION ( 'NONE',  ( 1.000000000000000000, 0.0000000000000000000, 0.0000000000000000000 ) ) ;
#8495 = CARTESIAN_POINT ( 'NONE',  ( -3.550000000000001155, -1.283471845651424914, -0.02867101149142941424 ) ) ;
#8496 = CARTESIAN_POINT ( 'NONE',  ( -0.08396814814954640938, -0.07284500578181707375, -0.02867101149142507743 ) ) ;
#8497 = CARTESIAN_POINT ( 'NONE',  ( 0.1036438375198832917, -0.1120210745003136360, -0.01867101149142489855 ) ) ;
#8498 = EDGE_CURVE ( 'NONE', #8176, #8223, #6314, .T. ) ;
#8499 = DIRECTION ( 'NONE',  ( 0.0000000000000000000, -3.491481338843133355E-15, 1.000000000000000000 ) ) ;
#8500 = ORIENTED_EDGE ( 'NONE', *, *, #1372, .T. ) ;
#8501 = PRESENTATION_STYLE_ASSIGNMENT (( #3726 ) ) ;
#8502 = LINE ( 'NONE', #738, #925 ) ;
#8503 = CARTESIAN_POINT ( 'NONE',  ( 0.07439275573106231276, -0.09468193785968173626, -0.01867101149142505120 ) ) ;
#8504 = CARTESIAN_POINT ( 'NONE',  ( 1.825000000000000178, 0.6865281543485730609, 0.1713289885085767517 ) ) ;
#8505 = SURFACE_STYLE_FILL_AREA ( #3933 ) ;
#8506 = CARTESIAN_POINT ( 'NONE',  ( -0.08396814814954640938, -0.07284500578181728192, -0.01867101149142505120 ) ) ;
#8507 = ORIENTED_EDGE ( 'NONE', *, *, #8421, .F. ) ;
#8508 = ORIENTED_EDGE ( 'NONE', *, *, #4693, .T. ) ;
#8509 = VECTOR ( 'NONE', #7719, 1000.000000000000000 ) ;
#8510 =( GEOMETRIC_REPRESENTATION_CONTEXT ( 3 ) GLOBAL_UNCERTAINTY_ASSIGNED_CONTEXT ( ( #6568 ) ) GLOBAL_UNIT_ASSIGNED_CONTEXT ( ( #237, #1641, #3499 ) ) REPRESENTATION_CONTEXT ( 'NONE', 'WORKASPACE' ) );
#8511 = DIRECTION ( 'NONE',  ( -1.000000000000000000, 0.0000000000000000000, 0.0000000000000000000 ) ) ;
#8512 = CARTESIAN_POINT ( 'NONE',  ( 0.1352665167797594270, -0.05735499409131460113, -0.02867101149142507743 ) ) ;
#8513 = AXIS2_PLACEMENT_3D ( 'NONE', #7785, #529, #5893 ) ;
#8514 = DIRECTION ( 'NONE',  ( -0.0000000000000000000, -3.491481338843133355E-15, 1.000000000000000000 ) ) ;
#8515 = VERTEX_POINT ( 'NONE', #4650 ) ;
#8516 = ADVANCED_FACE ( 'NONE', ( #1560 ), #5484, .T. ) ;
#8517 = VECTOR ( 'NONE', #7207, 1000.000000000000000 ) ;
#8518 = CARTESIAN_POINT ( 'NONE',  ( 0.1378517194982400718, -0.02791944546562505347, -0.01867101149142505120 ) ) ;
#8519 =( NAMED_UNIT ( * ) PLANE_ANGLE_UNIT ( ) SI_UNIT ( $, .RADIAN. ) );
#8520 = SURFACE_SIDE_STYLE ('',( #2647 ) ) ;
#8521 = CARTESIAN_POINT ( 'NONE',  ( 0.1352863447217638737, -0.06622516491098340286, -0.01867101149142505120 ) ) ;
#8522 = ORIENTED_EDGE ( 'NONE', *, *, #134, .F. ) ;
#8523 = VECTOR ( 'NONE', #1266, 1000.000000000000000 ) ;
#8524 = CARTESIAN_POINT ( 'NONE',  ( -0.09678776834212701741, -0.04416524864322136923, -0.01867101149142621000 ) ) ;
#8525 =( GEOMETRIC_REPRESENTATION_CONTEXT ( 3 ) GLOBAL_UNCERTAINTY_ASSIGNED_CONTEXT ( ( #5093 ) ) GLOBAL_UNIT_ASSIGNED_CONTEXT ( ( #3556, #4231, #243 ) ) REPRESENTATION_CONTEXT ( 'NONE', 'WORKASPACE' ) );
#8526 = VECTOR ( 'NONE', #4394, 1000.000000000000000 ) ;
#8527 = CARTESIAN_POINT ( 'NONE',  ( -3.650000000000001243, -1.283471845651442234, 1.746328988508567548 ) ) ;
#8528 = SURFACE_SIDE_STYLE ('',( #2827 ) ) ;
#8529 = PLANE ( 'NONE',  #4242 ) ;
#8530 = ORIENTED_EDGE ( 'NONE', *, *, #2216, .F. ) ;
#8531 = VECTOR ( 'NONE', #1783, 1000.000000000000000 ) ;
#8532 = CARTESIAN_POINT ( 'NONE',  ( 0.08008981571292621282, -0.09751596547588592401, -0.01867101149142505120 ) ) ;
#8533 = PLANE ( 'NONE',  #1932 ) ;
#8534 = PRESENTATION_STYLE_ASSIGNMENT (( #3462 ) ) ;
#8535 = ORIENTED_EDGE ( 'NONE', *, *, #6408, .T. ) ;
#8536 = EDGE_CURVE ( 'NONE', #3986, #7588, #5891, .T. ) ;
#8537 = LINE ( 'NONE', #3944, #4922 ) ;
#8538 = FILL_AREA_STYLE_COLOUR ( '', #3693 ) ;
#8539 = AXIS2_PLACEMENT_3D ( 'NONE', #2954, #4905, #7565 ) ;
#8540 = VECTOR ( 'NONE', #7323, 1000.000000000000000 ) ;
#8541 = CIRCLE ( 'NONE', #5045, 0.1000000000000000472 ) ;
#8542 = VERTEX_POINT ( 'NONE', #757 ) ;
#8543 = CARTESIAN_POINT ( 'NONE',  ( 0.08628289040913993124, -0.09952297187162278957, -0.02867101149142507743 ) ) ;
#8544 = CARTESIAN_POINT ( 'NONE',  ( 0.1129074540456534020, -0.02334056336705546408, -0.01867101149142505120 ) ) ;
#8545 = SURFACE_SIDE_STYLE ('',( #1397 ) ) ;
#8546 = CARTESIAN_POINT ( 'NONE',  ( -0.1520363601225964145, -0.03004779151821778196, -0.02867101149142507743 ) ) ;
#8547 = FACE_OUTER_BOUND ( 'NONE', #6623, .T. ) ;
#8548 = CARTESIAN_POINT ( 'NONE',  ( 0.07439275573106213235, -0.01358437688407177282, -0.02867101149142507743 ) ) ;
#8549 = AXIS2_PLACEMENT_3D ( 'NONE', #6726, #5419, #2194 ) ;
#8550 = LINE ( 'NONE', #4783, #5024 ) ;
#8551 = VERTEX_POINT ( 'NONE', #5411 ) ;
#8552 = FILL_AREA_STYLE ('',( #512 ) ) ;
#8553 = CARTESIAN_POINT ( 'NONE',  ( 0.1203977947281762440, -0.09516512494305777448, -0.02867101149142507743 ) ) ;
#8554 = EDGE_CURVE ( 'NONE', #5536, #1341, #3301, .T. ) ;
#8555 = CARTESIAN_POINT ( 'NONE',  ( 2.549999999999999822, 1.186528154348573949, -0.02867101149142074062 ) ) ;
#8556 = VECTOR ( 'NONE', #714, 1000.000000000000000 ) ;
#8557 = CARTESIAN_POINT ( 'NONE',  ( -0.09877797597625495585, -0.05958285249382778287, -0.02867101149142507743 ) ) ;
#8558 = DIRECTION ( 'NONE',  ( 0.0000000000000000000, -4.304632968207263259E-15, 1.000000000000000000 ) ) ;
#8559 = ORIENTED_EDGE ( 'NONE', *, *, #3321, .T. ) ;
#8560 = CARTESIAN_POINT ( 'NONE',  ( -1.825000000000001066, 0.6865281543485735050, 0.1713289885085784725 ) ) ;
#8561 = PRESENTATION_STYLE_ASSIGNMENT (( #632 ) ) ;
#8562 = ORIENTED_EDGE ( 'NONE', *, *, #3918, .F. ) ;
#8563 = CARTESIAN_POINT ( 'NONE',  ( 0.04146592646276942712, -0.05474291346943788161, -0.01867101149142505120 ) ) ;
#8564 = CARTESIAN_POINT ( 'NONE',  ( -3.500000000000000888, -1.283471845651435794, 2.796076259633627270 ) ) ;
#8565 = ADVANCED_FACE ( 'NONE', ( #1458 ), #6982, .F. ) ;
#8566 = ORIENTED_EDGE ( 'NONE', *, *, #413, .F. ) ;
#8567 = PRESENTATION_STYLE_ASSIGNMENT (( #7157 ) ) ;
#8568 = VECTOR ( 'NONE', #5001, 1000.000000000000000 ) ;
#8569 = ORIENTED_EDGE ( 'NONE', *, *, #5081, .T. ) ;
#8570 = CARTESIAN_POINT ( 'NONE',  ( -2.998179295342850992, -1.362761167532780648, 2.731321192064204872 ) ) ;
#8571 =( LENGTH_UNIT ( ) NAMED_UNIT ( * ) SI_UNIT ( .MILLI., .METRE. ) );
#8572 = DIRECTION ( 'NONE',  ( 0.0000000000000000000, -1.000000000000000000, -3.491481338843133355E-15 ) ) ;
#8573 = CARTESIAN_POINT ( 'NONE',  ( 3.849999999999999645, -0.9834718456514283114, 0.4713289885085719111 ) ) ;
#8574 = FACE_OUTER_BOUND ( 'NONE', #7452, .T. ) ;
#8575 = SURFACE_STYLE_FILL_AREA ( #6604 ) ;
#8576 = FACE_OUTER_BOUND ( 'NONE', #741, .T. ) ;
#8577 = PRESENTATION_LAYER_ASSIGNMENT (  '', '', ( #6070 ) ) ;
#8578 = ORIENTED_EDGE ( 'NONE', *, *, #312, .T. ) ;
#8579 = CARTESIAN_POINT ( 'NONE',  ( 2.750000000000000000, -1.283471845651425802, -0.02867101149142898056 ) ) ;
#8580 =( LENGTH_UNIT ( ) NAMED_UNIT ( * ) SI_UNIT ( .MILLI., .METRE. ) );
#8581 = CARTESIAN_POINT ( 'NONE',  ( 2.098518552703152906, -1.333471845651435617, 2.731321192064204872 ) ) ;
#8582 = EDGE_LOOP ( 'NONE', ( #5165, #2156, #3542 ) ) ;
#8583 = ORIENTED_EDGE ( 'NONE', *, *, #6577, .T. ) ;
#8584 = SURFACE_SIDE_STYLE ('',( #1917 ) ) ;
#8585 = ORIENTED_EDGE ( 'NONE', *, *, #2505, .F. ) ;
#8586 = DIRECTION ( 'NONE',  ( -1.000000000000000000, -0.0000000000000000000, 0.0000000000000000000 ) ) ;
#8587 = EDGE_CURVE ( 'NONE', #7226, #4495, #3200, .T. ) ;
#8588 = LINE ( 'NONE', #4680, #3913 ) ;
#8589 = CARTESIAN_POINT ( 'NONE',  ( -0.01829017109820614898, -0.01084047444504751025, -0.01867101149142505120 ) ) ;
#8590 = MECHANICAL_DESIGN_GEOMETRIC_PRESENTATION_REPRESENTATION (  '', ( #7537 ), #7368 ) ;
#8591 = CARTESIAN_POINT ( 'NONE',  ( -0.06222352120883564014, -0.02413425518763261807, -0.02867101149142507743 ) ) ;
#8592 = SURFACE_SIDE_STYLE ('',( #4623 ) ) ;
#8593 = VERTEX_POINT ( 'NONE', #8068 ) ;
#8594 = LINE ( 'NONE', #758, #1766 ) ;
#8595 = ADVANCED_FACE ( 'NONE', ( #2078 ), #4975, .T. ) ;
#8596 = FACE_OUTER_BOUND ( 'NONE', #4033, .T. ) ;
#8597 =( NAMED_UNIT ( * ) PLANE_ANGLE_UNIT ( ) SI_UNIT ( $, .RADIAN. ) );
#8598 = EDGE_CURVE ( 'NONE', #4191, #6563, #8298, .T. ) ;
#8599 = FACE_OUTER_BOUND ( 'NONE', #7206, .T. ) ;
#8600 = DIRECTION ( 'NONE',  ( 5.102127870520024926E-16, -3.491481338843133355E-15, 1.000000000000000000 ) ) ;
#8601 =( LENGTH_UNIT ( ) NAMED_UNIT ( * ) SI_UNIT ( .MILLI., .METRE. ) );
#8602 = CARTESIAN_POINT ( 'NONE',  ( 3.850000000000000089, -0.7834718456514269125, -0.02867101149142724584 ) ) ;
#8603 = VERTEX_POINT ( 'NONE', #7435 ) ;
#8604 =( NAMED_UNIT ( * ) SI_UNIT ( $, .STERADIAN. ) SOLID_ANGLE_UNIT ( ) );
#8605 = ADVANCED_FACE ( 'NONE', ( #2999 ), #4099, .F. ) ;
#8606 =( NAMED_UNIT ( * ) SI_UNIT ( $, .STERADIAN. ) SOLID_ANGLE_UNIT ( ) );
#8607 = VERTEX_POINT ( 'NONE', #4728 ) ;
#8608 = CARTESIAN_POINT ( 'NONE',  ( -2.549999999999999822, -0.05474291346943788161, -0.01867101149142505120 ) ) ;
#8609 = CARTESIAN_POINT ( 'NONE',  ( 0.04146592646276942712, -0.02181608420114521107, -0.01867101149142505120 ) ) ;
#8610 = ORIENTED_EDGE ( 'NONE', *, *, #4039, .T. ) ;
#8611 = CARTESIAN_POINT ( 'NONE',  ( -0.07599567996070623332, -0.01820603830979221696, -0.01867101149142621000 ) ) ;
#8612 = COLOUR_RGB ( '',0.7764705882352941346, 0.7568627450980391913, 0.7372549019607843590 ) ;
#8613 = FILL_AREA_STYLE ('',( #6435 ) ) ;
#8614 = EDGE_CURVE ( 'NONE', #7633, #2228, #181, .T. ) ;
#8615 = AXIS2_PLACEMENT_3D ( 'NONE', #6873, #187, #3591 ) ;
#8616 = FACE_OUTER_BOUND ( 'NONE', #3949, .T. ) ;
ENDSEC;
END-ISO-10303-21;
