#VRML V2.0 utf8

Shape {
  appearance Appearance {
    material Material {
      diffuseColor 0.7765 0.7569 0.7373
      specularColor 0.3882 0.3765 0.3686
      ambientIntensity 0.2
      transparency 0.0000
      shininess 0.5
    }
  }
  geometry IndexedFaceSet {
    ccw TRUE
    solid FALSE
    coord DEF co Coordinate {
      point [
        0.935039 0.270287 -0.011288,
        0.935039 0.581310 -0.011288,
        0.935039 0.270287 0.067452,
        0.935039 0.581310 0.067452,
        0.718504 0.270287 -0.011288,
        0.718504 0.270287 0.067452,
        0.718504 0.581310 -0.011288,
        0.718504 0.581310 0.067452,
      ]
    }
    coordIndex [
      0, 1, 2, -1,
      2, 1, 3, -1,
      4, 0, 5, -1,
      5, 0, 2, -1,
      6, 4, 7, -1,
      7, 4, 5, -1,
      1, 6, 3, -1,
      3, 6, 7, -1,
      4, 6, 0, -1,
      0, 6, 1, -1,
      7, 5, 3, -1,
      3, 5, 2, -1,
    ]
  }
}

Shape {
  appearance Appearance {
    material Material {
      diffuseColor 0.1098 0.1098 0.1098
      specularColor 0.0784 0.0784 0.0784
      ambientIntensity 0.2
      transparency 0.0000
      shininess 0.5
    }
  }
  geometry IndexedFaceSet {
    ccw TRUE
    solid FALSE
    coord DEF co Coordinate {
      point [
        0.590551 -0.871446 1.002492,
        0.590551 -0.871446 0.490681,
        0.590551 -0.426564 1.002492,
        0.590551 -0.426564 0.490681,
        -0.551181 -0.871446 1.041862,
        0.551181 -0.871446 1.041862,
        -0.551181 -0.426564 1.041862,
        0.551181 -0.426564 1.041862,
        -0.590551 -0.871446 0.490681,
        -0.590551 -0.871446 1.002492,
        -0.590551 -0.426564 0.490681,
        -0.590551 -0.426564 1.002492,
        -0.551181 -0.426564 0.451311,
        0.551181 -0.426564 0.451311,
        -0.551181 -0.871446 0.451311,
        0.551181 -0.871446 0.451311,
        -0.551181 -0.910816 0.490681,
        0.551181 -0.910816 0.490681,
        -0.551181 -0.910816 1.002492,
        0.551181 -0.910816 1.002492,
        -0.561371 -0.426564 1.040520,
        0.589210 -0.426564 0.480491,
        0.561371 -0.426564 0.452652,
        -0.589210 -0.426564 0.480491,
        -0.589210 -0.426564 1.012681,
        -0.585277 -0.426564 1.022177,
        -0.561371 -0.426564 0.452652,
        -0.570866 -0.426564 0.456585,
        -0.579020 -0.426564 1.030331,
        -0.570866 -0.426564 1.036587,
        0.561371 -0.426564 1.040520,
        0.570866 -0.426564 1.036587,
        0.589210 -0.426564 1.012681,
        0.579020 -0.426564 1.030331,
        0.585277 -0.426564 1.022177,
        0.585277 -0.426564 0.470996,
        0.579020 -0.426564 0.462842,
        0.570866 -0.426564 0.456585,
        -0.579020 -0.426564 0.462842,
        -0.585277 -0.426564 0.470996,
        0.589210 -0.871446 1.012681,
        0.585277 -0.871446 1.022177,
        0.579020 -0.871446 1.030331,
        0.570866 -0.871446 1.036587,
        0.561371 -0.871446 1.040520,
        0.551181 -0.888422 1.037709,
        0.551181 -0.891131 1.036587,
        0.560006 -0.891131 1.035426,
        0.551181 -0.895792 1.033011,
        0.551181 -0.899285 1.030331,
        0.558386 -0.899285 1.029382,
        0.556276 -0.905541 1.021506,
        0.553819 -0.909474 1.012334,
        0.556276 -0.909474 1.011316,
        0.561371 -0.909474 1.002492,
        0.561024 -0.909474 1.005129,
        0.551181 -0.909665 1.011231,
        0.551181 -0.901965 1.026838,
        0.551181 -0.905541 1.022177,
        0.551181 -0.906663 1.019469,
        0.551181 -0.909474 1.012681,
        0.565100 -0.905541 1.016411,
        0.560006 -0.909474 1.007587,
        0.568229 -0.905541 1.012334,
        0.570195 -0.905541 1.007587,
        0.570866 -0.905541 1.002492,
        0.561024 -0.905541 1.019539,
        0.558386 -0.909474 1.009697,
        0.565100 -0.899285 1.026601,
        0.570866 -0.899285 1.022177,
        0.575290 -0.899285 1.016411,
        0.578071 -0.899285 1.009697,
        0.579020 -0.899285 1.002492,
        0.568229 -0.891131 1.032019,
        0.575290 -0.891131 1.026601,
        0.580709 -0.891131 1.019539,
        0.584115 -0.891131 1.011316,
        0.585277 -0.891131 1.002492,
        0.551181 -0.880185 1.040711,
        0.551181 -0.881635 1.040520,
        0.561024 -0.881635 1.039224,
        0.570195 -0.881635 1.035426,
        0.578071 -0.881635 1.029382,
        0.584115 -0.881635 1.021506,
        0.587914 -0.881635 1.012334,
        0.589210 -0.881635 1.002492,
        -0.561371 -0.871446 1.040520,
        -0.570866 -0.871446 1.036587,
        -0.579020 -0.871446 1.030331,
        -0.585277 -0.871446 1.022177,
        -0.589210 -0.871446 1.012681,
        -0.551181 -0.909665 1.011231,
        -0.551181 -0.909474 1.012681,
        -0.551181 -0.906663 1.019469,
        -0.551181 -0.905541 1.022177,
        -0.551181 -0.901965 1.026838,
        -0.551181 -0.899285 1.030331,
        -0.551181 -0.895792 1.033011,
        -0.551181 -0.891131 1.036587,
        -0.551181 -0.888422 1.037709,
        -0.551181 -0.881635 1.040520,
        -0.551181 -0.880185 1.040711,
        0.561371 -0.909474 0.490681,
        0.570866 -0.905541 0.490681,
        0.579020 -0.899285 0.490681,
        0.585277 -0.891131 0.490681,
        0.589210 -0.881635 0.490681,
        0.561371 -0.871446 0.452652,
        0.570866 -0.871446 0.456585,
        0.579020 -0.871446 0.462842,
        0.585277 -0.871446 0.470996,
        0.589210 -0.871446 0.480491,
        -0.589210 -0.881635 1.002492,
        -0.587914 -0.881635 1.012334,
        -0.585277 -0.891131 1.002492,
        -0.584115 -0.891131 1.011316,
        -0.570195 -0.905541 1.007587,
        -0.561024 -0.909474 1.005129,
        -0.560006 -0.909474 1.007587,
        -0.561371 -0.909474 1.002492,
        -0.553819 -0.909474 1.012334,
        -0.556276 -0.909474 1.011316,
        -0.570866 -0.905541 1.002492,
        -0.579020 -0.899285 1.002492,
        -0.568229 -0.905541 1.012334,
        -0.558386 -0.909474 1.009697,
        -0.565100 -0.905541 1.016411,
        -0.561024 -0.905541 1.019539,
        -0.556276 -0.905541 1.021506,
        -0.578071 -0.899285 1.009697,
        -0.575290 -0.899285 1.016411,
        -0.570866 -0.899285 1.022177,
        -0.565100 -0.899285 1.026601,
        -0.558386 -0.899285 1.029382,
        -0.580709 -0.891131 1.019539,
        -0.575290 -0.891131 1.026601,
        -0.568229 -0.891131 1.032019,
        -0.560006 -0.891131 1.035426,
        -0.584115 -0.881635 1.021506,
        -0.578071 -0.881635 1.029382,
        -0.570195 -0.881635 1.035426,
        -0.561024 -0.881635 1.039224,
        0.587914 -0.881635 0.480838,
        0.568229 -0.905541 0.480838,
        0.560006 -0.909474 0.485586,
        0.558386 -0.909474 0.483476,
        0.551181 -0.909474 0.480491,
        0.553819 -0.909474 0.480838,
        0.561024 -0.909474 0.488043,
        0.570195 -0.905541 0.485586,
        0.578071 -0.899285 0.483476,
        0.565100 -0.905541 0.476761,
        0.556276 -0.909474 0.481856,
        0.561024 -0.905541 0.473633,
        0.556276 -0.905541 0.471667,
        0.551181 -0.905541 0.470996,
        0.575290 -0.899285 0.476761,
        0.570866 -0.899285 0.470996,
        0.565100 -0.899285 0.466572,
        0.558386 -0.899285 0.463791,
        0.551181 -0.899285 0.462842,
        0.584115 -0.891131 0.481856,
        0.580709 -0.891131 0.473633,
        0.575290 -0.891131 0.466572,
        0.568229 -0.891131 0.461153,
        0.560006 -0.891131 0.457747,
        0.551181 -0.891131 0.456585,
        0.584115 -0.881635 0.471667,
        0.578071 -0.881635 0.463791,
        0.570195 -0.881635 0.457747,
        0.561024 -0.881635 0.453948,
        0.551181 -0.881635 0.452652,
        -0.561371 -0.909474 0.490681,
        -0.570866 -0.905541 0.490681,
        -0.579020 -0.899285 0.490681,
        -0.585277 -0.891131 0.490681,
        -0.589210 -0.881635 0.490681,
        -0.551181 -0.909474 0.480491,
        -0.551181 -0.905541 0.470996,
        -0.551181 -0.899285 0.462842,
        -0.551181 -0.891131 0.456585,
        -0.551181 -0.881635 0.452652,
        -0.561024 -0.881635 0.453948,
        -0.561024 -0.905541 0.473633,
        -0.556276 -0.909474 0.481856,
        -0.558386 -0.909474 0.483476,
        -0.561024 -0.909474 0.488043,
        -0.553819 -0.909474 0.480838,
        -0.556276 -0.905541 0.471667,
        -0.558386 -0.899285 0.463791,
        -0.565100 -0.905541 0.476761,
        -0.560006 -0.909474 0.485586,
        -0.568229 -0.905541 0.480838,
        -0.570195 -0.905541 0.485586,
        -0.565100 -0.899285 0.466572,
        -0.570866 -0.899285 0.470996,
        -0.575290 -0.899285 0.476761,
        -0.578071 -0.899285 0.483476,
        -0.560006 -0.891131 0.457747,
        -0.568229 -0.891131 0.461153,
        -0.575290 -0.891131 0.466572,
        -0.580709 -0.891131 0.473633,
        -0.584115 -0.891131 0.481856,
        -0.570195 -0.881635 0.457747,
        -0.578071 -0.881635 0.463791,
        -0.584115 -0.881635 0.471667,
        -0.587914 -0.881635 0.480838,
        -0.561371 -0.871446 0.452652,
        -0.570866 -0.871446 0.456585,
        -0.579020 -0.871446 0.462842,
        -0.585277 -0.871446 0.470996,
        -0.589210 -0.871446 0.480491,
      ]
    }
    coordIndex [
      0, 1, 2, -1,
      2, 1, 3, -1,
      4, 5, 6, -1,
      6, 5, 7, -1,
      8, 9, 10, -1,
      10, 9, 11, -1,
      12, 13, 14, -1,
      14, 13, 15, -1,
      16, 17, 18, -1,
      18, 17, 19, -1,
      20, 6, 11, -1,
      11, 6, 10, -1,
      2, 3, 13, -1,
      13, 3, 21, -1,
      13, 21, 22, -1,
      23, 10, 12, -1,
      12, 10, 6, -1,
      12, 6, 13, -1,
      13, 6, 7, -1,
      13, 7, 2, -1,
      11, 24, 25, -1,
      12, 26, 27, -1,
      25, 28, 11, -1,
      11, 28, 29, -1,
      11, 29, 20, -1,
      7, 30, 2, -1,
      2, 30, 31, -1,
      2, 31, 32, -1,
      32, 31, 33, -1,
      32, 33, 34, -1,
      35, 36, 21, -1,
      21, 36, 37, -1,
      21, 37, 22, -1,
      27, 38, 12, -1,
      12, 38, 39, -1,
      12, 39, 23, -1,
      0, 2, 32, -1,
      0, 32, 40, -1,
      40, 32, 34, -1,
      40, 34, 41, -1,
      41, 34, 33, -1,
      41, 33, 42, -1,
      42, 33, 31, -1,
      42, 31, 43, -1,
      43, 31, 30, -1,
      43, 30, 44, -1,
      44, 30, 7, -1,
      44, 7, 5, -1,
      45, 46, 47, -1,
      48, 49, 50, -1,
      51, 52, 53, -1,
      19, 54, 55, -1,
      53, 52, 19, -1,
      56, 19, 52, -1,
      57, 58, 51, -1,
      51, 58, 59, -1,
      51, 59, 52, -1,
      52, 59, 60, -1,
      52, 60, 56, -1,
      61, 62, 63, -1,
      63, 62, 55, -1,
      63, 55, 64, -1,
      64, 55, 54, -1,
      64, 54, 65, -1,
      49, 57, 50, -1,
      50, 57, 51, -1,
      50, 51, 66, -1,
      66, 51, 53, -1,
      66, 53, 67, -1,
      67, 53, 19, -1,
      68, 61, 69, -1,
      69, 61, 63, -1,
      69, 63, 70, -1,
      70, 63, 64, -1,
      70, 64, 71, -1,
      71, 64, 65, -1,
      71, 65, 72, -1,
      47, 68, 73, -1,
      73, 68, 69, -1,
      73, 69, 74, -1,
      74, 69, 70, -1,
      74, 70, 75, -1,
      75, 70, 71, -1,
      75, 71, 76, -1,
      76, 71, 72, -1,
      76, 72, 77, -1,
      78, 79, 80, -1,
      80, 79, 45, -1,
      45, 47, 80, -1,
      80, 47, 73, -1,
      80, 73, 81, -1,
      81, 73, 74, -1,
      81, 74, 82, -1,
      82, 74, 75, -1,
      82, 75, 83, -1,
      83, 75, 76, -1,
      83, 76, 84, -1,
      84, 76, 77, -1,
      84, 77, 85, -1,
      44, 5, 78, -1,
      78, 80, 44, -1,
      44, 80, 81, -1,
      44, 81, 43, -1,
      43, 81, 82, -1,
      43, 82, 42, -1,
      42, 82, 83, -1,
      42, 83, 41, -1,
      41, 83, 84, -1,
      41, 84, 40, -1,
      40, 84, 85, -1,
      40, 85, 0, -1,
      62, 19, 55, -1,
      46, 48, 47, -1,
      47, 48, 50, -1,
      47, 50, 68, -1,
      68, 50, 66, -1,
      68, 66, 61, -1,
      61, 66, 67, -1,
      61, 67, 62, -1,
      62, 67, 19, -1,
      4, 6, 20, -1,
      4, 20, 86, -1,
      86, 20, 29, -1,
      86, 29, 87, -1,
      87, 29, 28, -1,
      87, 28, 88, -1,
      88, 28, 25, -1,
      88, 25, 89, -1,
      89, 25, 24, -1,
      89, 24, 90, -1,
      90, 24, 11, -1,
      90, 11, 9, -1,
      19, 56, 18, -1,
      18, 56, 91, -1,
      91, 56, 92, -1,
      92, 56, 60, -1,
      92, 60, 93, -1,
      93, 60, 59, -1,
      93, 59, 94, -1,
      94, 59, 58, -1,
      94, 58, 95, -1,
      95, 58, 57, -1,
      95, 57, 96, -1,
      96, 57, 49, -1,
      96, 49, 97, -1,
      97, 49, 48, -1,
      97, 48, 98, -1,
      98, 48, 46, -1,
      98, 46, 99, -1,
      99, 46, 45, -1,
      99, 45, 100, -1,
      100, 45, 79, -1,
      100, 79, 101, -1,
      79, 78, 101, -1,
      101, 78, 5, -1,
      101, 5, 4, -1,
      19, 17, 102, -1,
      19, 102, 54, -1,
      54, 102, 103, -1,
      54, 103, 65, -1,
      65, 103, 104, -1,
      65, 104, 72, -1,
      72, 104, 105, -1,
      72, 105, 77, -1,
      77, 105, 106, -1,
      77, 106, 85, -1,
      85, 106, 1, -1,
      85, 1, 0, -1,
      15, 13, 22, -1,
      15, 22, 107, -1,
      107, 22, 37, -1,
      107, 37, 108, -1,
      108, 37, 36, -1,
      108, 36, 109, -1,
      109, 36, 35, -1,
      109, 35, 110, -1,
      110, 35, 21, -1,
      110, 21, 111, -1,
      111, 21, 3, -1,
      111, 3, 1, -1,
      9, 112, 113, -1,
      112, 114, 115, -1,
      116, 117, 118, -1,
      118, 117, 18, -1,
      119, 18, 117, -1,
      120, 18, 91, -1,
      121, 18, 120, -1,
      119, 117, 122, -1,
      122, 117, 116, -1,
      122, 116, 123, -1,
      124, 125, 126, -1,
      126, 125, 121, -1,
      126, 121, 127, -1,
      127, 121, 120, -1,
      127, 120, 128, -1,
      91, 92, 120, -1,
      120, 92, 93, -1,
      120, 93, 128, -1,
      128, 93, 94, -1,
      128, 94, 95, -1,
      129, 124, 130, -1,
      130, 124, 126, -1,
      130, 126, 131, -1,
      131, 126, 127, -1,
      131, 127, 132, -1,
      132, 127, 128, -1,
      132, 128, 133, -1,
      133, 128, 95, -1,
      133, 95, 96, -1,
      114, 129, 115, -1,
      115, 129, 130, -1,
      115, 130, 134, -1,
      134, 130, 131, -1,
      134, 131, 135, -1,
      135, 131, 132, -1,
      135, 132, 136, -1,
      136, 132, 133, -1,
      136, 133, 137, -1,
      137, 133, 96, -1,
      137, 96, 97, -1,
      112, 115, 113, -1,
      113, 115, 134, -1,
      113, 134, 138, -1,
      138, 134, 135, -1,
      138, 135, 139, -1,
      139, 135, 136, -1,
      139, 136, 140, -1,
      140, 136, 137, -1,
      140, 137, 141, -1,
      125, 18, 121, -1,
      114, 123, 129, -1,
      129, 123, 116, -1,
      129, 116, 124, -1,
      124, 116, 118, -1,
      124, 118, 125, -1,
      125, 118, 18, -1,
      97, 98, 137, -1,
      137, 98, 99, -1,
      137, 99, 141, -1,
      141, 99, 100, -1,
      141, 100, 101, -1,
      9, 113, 90, -1,
      90, 113, 138, -1,
      90, 138, 89, -1,
      89, 138, 139, -1,
      89, 139, 88, -1,
      88, 139, 140, -1,
      88, 140, 87, -1,
      87, 140, 141, -1,
      87, 141, 86, -1,
      86, 141, 101, -1,
      86, 101, 4, -1,
      1, 106, 142, -1,
      143, 144, 145, -1,
      17, 146, 147, -1,
      145, 144, 17, -1,
      148, 17, 144, -1,
      148, 144, 149, -1,
      149, 144, 143, -1,
      149, 143, 150, -1,
      102, 17, 148, -1,
      151, 152, 153, -1,
      153, 152, 147, -1,
      153, 147, 154, -1,
      154, 147, 146, -1,
      154, 146, 155, -1,
      102, 148, 103, -1,
      103, 148, 149, -1,
      103, 149, 104, -1,
      104, 149, 150, -1,
      104, 150, 105, -1,
      156, 151, 157, -1,
      157, 151, 153, -1,
      157, 153, 158, -1,
      158, 153, 154, -1,
      158, 154, 159, -1,
      159, 154, 155, -1,
      159, 155, 160, -1,
      161, 156, 162, -1,
      162, 156, 157, -1,
      162, 157, 163, -1,
      163, 157, 158, -1,
      163, 158, 164, -1,
      164, 158, 159, -1,
      164, 159, 165, -1,
      165, 159, 160, -1,
      165, 160, 166, -1,
      106, 161, 142, -1,
      142, 161, 162, -1,
      142, 162, 167, -1,
      167, 162, 163, -1,
      167, 163, 168, -1,
      168, 163, 164, -1,
      168, 164, 169, -1,
      169, 164, 165, -1,
      169, 165, 170, -1,
      170, 165, 166, -1,
      170, 166, 171, -1,
      1, 142, 111, -1,
      111, 142, 167, -1,
      111, 167, 110, -1,
      110, 167, 168, -1,
      110, 168, 109, -1,
      109, 168, 169, -1,
      109, 169, 108, -1,
      108, 169, 170, -1,
      108, 170, 107, -1,
      107, 170, 171, -1,
      107, 171, 15, -1,
      152, 17, 147, -1,
      106, 105, 161, -1,
      161, 105, 150, -1,
      161, 150, 156, -1,
      156, 150, 143, -1,
      156, 143, 151, -1,
      151, 143, 145, -1,
      151, 145, 152, -1,
      152, 145, 17, -1,
      16, 18, 119, -1,
      16, 119, 172, -1,
      172, 119, 122, -1,
      172, 122, 173, -1,
      173, 122, 123, -1,
      173, 123, 174, -1,
      174, 123, 114, -1,
      174, 114, 175, -1,
      175, 114, 112, -1,
      175, 112, 176, -1,
      176, 112, 9, -1,
      176, 9, 8, -1,
      17, 16, 177, -1,
      17, 177, 146, -1,
      146, 177, 178, -1,
      146, 178, 155, -1,
      155, 178, 179, -1,
      155, 179, 160, -1,
      160, 179, 180, -1,
      160, 180, 166, -1,
      166, 180, 181, -1,
      166, 181, 171, -1,
      171, 181, 14, -1,
      171, 14, 15, -1,
      14, 181, 182, -1,
      183, 184, 185, -1,
      16, 172, 186, -1,
      185, 184, 16, -1,
      187, 16, 184, -1,
      187, 184, 188, -1,
      188, 184, 183, -1,
      188, 183, 189, -1,
      177, 16, 187, -1,
      190, 191, 192, -1,
      192, 191, 186, -1,
      192, 186, 193, -1,
      193, 186, 172, -1,
      193, 172, 173, -1,
      177, 187, 178, -1,
      178, 187, 188, -1,
      178, 188, 179, -1,
      179, 188, 189, -1,
      179, 189, 180, -1,
      194, 190, 195, -1,
      195, 190, 192, -1,
      195, 192, 196, -1,
      196, 192, 193, -1,
      196, 193, 197, -1,
      197, 193, 173, -1,
      197, 173, 174, -1,
      198, 194, 199, -1,
      199, 194, 195, -1,
      199, 195, 200, -1,
      200, 195, 196, -1,
      200, 196, 201, -1,
      201, 196, 197, -1,
      201, 197, 202, -1,
      202, 197, 174, -1,
      202, 174, 175, -1,
      181, 198, 182, -1,
      182, 198, 199, -1,
      182, 199, 203, -1,
      203, 199, 200, -1,
      203, 200, 204, -1,
      204, 200, 201, -1,
      204, 201, 205, -1,
      205, 201, 202, -1,
      205, 202, 206, -1,
      206, 202, 175, -1,
      206, 175, 176, -1,
      14, 182, 207, -1,
      207, 182, 203, -1,
      207, 203, 208, -1,
      208, 203, 204, -1,
      208, 204, 209, -1,
      209, 204, 205, -1,
      209, 205, 210, -1,
      210, 205, 206, -1,
      210, 206, 211, -1,
      211, 206, 176, -1,
      211, 176, 8, -1,
      191, 16, 186, -1,
      181, 180, 198, -1,
      198, 180, 189, -1,
      198, 189, 194, -1,
      194, 189, 183, -1,
      194, 183, 190, -1,
      190, 183, 185, -1,
      190, 185, 191, -1,
      191, 185, 16, -1,
      8, 10, 23, -1,
      8, 23, 211, -1,
      211, 23, 39, -1,
      211, 39, 210, -1,
      210, 39, 38, -1,
      210, 38, 209, -1,
      209, 38, 27, -1,
      209, 27, 208, -1,
      208, 27, 26, -1,
      208, 26, 207, -1,
      207, 26, 12, -1,
      207, 12, 14, -1,
    ]
  }
}

Shape {
  appearance Appearance {
    material Material {
      diffuseColor 0.7765 0.7569 0.7373
      specularColor 0.3882 0.3765 0.3686
      ambientIntensity 0.2
      transparency 0.0000
      shininess 0.5
    }
  }
  geometry IndexedFaceSet {
    ccw TRUE
    solid FALSE
    coord DEF co Coordinate {
      point [
        -1.102362 -0.505304 -0.011288,
        -1.397638 -0.505304 -0.011288,
        -1.102362 -0.426564 -0.011288,
        -1.397638 -0.426564 -0.011288,
        -1.377953 -0.505304 1.307610,
        -1.377953 -0.426564 1.307610,
        -1.377953 -0.505304 1.100817,
        -1.377953 -0.426564 1.100817,
        -1.299213 -0.426564 1.386350,
        -1.299213 -0.505304 1.386350,
        1.299213 -0.426564 1.386350,
        1.299213 -0.505304 1.386350,
        -1.375270 -0.505304 1.327989,
        -1.375270 -0.426564 1.327989,
        -1.367404 -0.505304 1.346980,
        -1.367404 -0.426564 1.346980,
        -1.354890 -0.505304 1.363287,
        -1.354890 -0.426564 1.363287,
        -1.338583 -0.505304 1.375801,
        -1.338583 -0.426564 1.375801,
        -1.319592 -0.505304 1.383667,
        -1.319592 -0.426564 1.383667,
        1.102362 -0.426564 -0.011288,
        1.397638 -0.426564 -0.011288,
        1.102362 -0.505304 -0.011288,
        1.397638 -0.505304 -0.011288,
        1.377953 -0.426564 1.307610,
        1.377953 -0.505304 1.307610,
        1.377953 -0.426564 1.100817,
        1.377953 -0.505304 1.100817,
        1.319592 -0.505304 1.383667,
        1.319592 -0.426564 1.383667,
        1.338583 -0.505304 1.375801,
        1.338583 -0.426564 1.375801,
        1.354890 -0.505304 1.363287,
        1.354890 -0.426564 1.363287,
        1.367404 -0.505304 1.346980,
        1.367404 -0.426564 1.346980,
        1.375270 -0.505304 1.327989,
        1.375270 -0.426564 1.327989,
        -1.080040 -0.505304 0.057610,
        -1.076911 -0.505304 0.061687,
        -1.358268 -0.505304 0.195405,
        -0.629921 -0.505304 1.061547,
        0.629921 -0.505304 1.061547,
        1.082677 -0.505304 0.047767,
        -0.629921 -0.505304 0.431626,
        -0.967050 -0.505304 0.033319,
        -0.963079 -0.505304 0.030471,
        -1.358268 -0.505304 1.081132,
        -1.368110 -0.505304 0.185563,
        -1.397638 -0.505304 0.185563,
        -1.082006 -0.505304 0.052862,
        -0.958529 -0.505304 0.028689,
        -0.953680 -0.505304 0.028082,
        0.629921 -0.505304 0.431626,
        0.953680 -0.505304 0.028082,
        0.958529 -0.505304 0.028689,
        0.963079 -0.505304 0.030471,
        1.358268 -0.505304 1.081132,
        1.358268 -0.505304 0.195405,
        1.072835 -0.505304 0.064815,
        1.076911 -0.505304 0.061687,
        1.080040 -0.505304 0.057610,
        1.358515 -0.505304 0.193215,
        -1.082677 -0.505304 0.047767,
        -1.011648 -0.505304 0.067452,
        -1.006799 -0.505304 0.066846,
        -1.002248 -0.505304 0.065064,
        -0.998278 -0.505304 0.062216,
        -1.072835 -0.505304 0.064815,
        -1.068087 -0.505304 0.066781,
        -1.062992 -0.505304 0.067452,
        1.361974 -0.505304 0.187710,
        1.360415 -0.505304 0.189269,
        1.082006 -0.505304 0.052862,
        -1.361974 -0.505304 0.187710,
        -1.363840 -0.505304 0.186537,
        -1.365920 -0.505304 0.185809,
        1.011648 -0.505304 0.067452,
        1.062992 -0.505304 0.067452,
        1.068087 -0.505304 0.066781,
        -1.358515 -0.505304 0.193215,
        -1.359243 -0.505304 0.191135,
        -1.360415 -0.505304 0.189269,
        0.967050 -0.505304 0.033319,
        0.998278 -0.505304 0.062216,
        1.002248 -0.505304 0.065064,
        1.006799 -0.505304 0.066846,
        1.359243 -0.505304 0.191135,
        -1.097267 -0.505304 -0.010617,
        -1.083348 -0.505304 0.003302,
        -1.082677 -0.505304 0.008397,
        -1.092520 -0.505304 -0.008650,
        -1.088443 -0.505304 -0.005522,
        -1.085315 -0.505304 -0.001445,
        1.368110 -0.505304 0.185563,
        1.365920 -0.505304 0.185809,
        1.363840 -0.505304 0.186537,
        1.397638 -0.505304 0.185563,
        1.092520 -0.505304 -0.008650,
        1.083348 -0.505304 0.003302,
        1.088443 -0.505304 -0.005522,
        1.085315 -0.505304 -0.001445,
        1.082677 -0.505304 0.008397,
        1.097267 -0.505304 -0.010617,
        1.080040 -0.426564 0.057610,
        1.076911 -0.426564 0.061687,
        1.358268 -0.426564 0.195405,
        1.358268 -0.426564 1.081132,
        0.629921 -0.426564 1.061547,
        1.082677 -0.426564 0.047767,
        1.082006 -0.426564 0.052862,
        1.397638 -0.426564 0.185563,
        -1.358268 -0.426564 1.081132,
        -0.629921 -0.426564 1.061547,
        1.361974 -0.426564 0.187710,
        1.363840 -0.426564 0.186537,
        1.011648 -0.426564 0.067452,
        1.006799 -0.426564 0.066846,
        1.002248 -0.426564 0.065064,
        0.629921 -0.426564 0.431626,
        -1.011648 -0.426564 0.067452,
        -1.062992 -0.426564 0.067452,
        -1.068087 -0.426564 0.066781,
        -1.358268 -0.426564 0.195405,
        -1.072835 -0.426564 0.064815,
        -1.076911 -0.426564 0.061687,
        -1.080040 -0.426564 0.057610,
        -1.358515 -0.426564 0.193215,
        0.998278 -0.426564 0.062216,
        0.967050 -0.426564 0.033319,
        0.963079 -0.426564 0.030471,
        0.958529 -0.426564 0.028689,
        0.953680 -0.426564 0.028082,
        -0.629921 -0.426564 0.431626,
        -0.953680 -0.426564 0.028082,
        -0.958529 -0.426564 0.028689,
        1.082677 -0.426564 0.008397,
        1.083348 -0.426564 0.003302,
        1.072835 -0.426564 0.064815,
        1.068087 -0.426564 0.066781,
        1.062992 -0.426564 0.067452,
        -0.998278 -0.426564 0.062216,
        -1.002248 -0.426564 0.065064,
        -1.006799 -0.426564 0.066846,
        -0.963079 -0.426564 0.030471,
        -0.967050 -0.426564 0.033319,
        1.358515 -0.426564 0.193215,
        1.359243 -0.426564 0.191135,
        1.360415 -0.426564 0.189269,
        1.365920 -0.426564 0.185809,
        1.368110 -0.426564 0.185563,
        -1.097267 -0.426564 -0.010617,
        -1.083348 -0.426564 0.003302,
        -1.397638 -0.426564 0.185563,
        -1.368110 -0.426564 0.185563,
        -1.082006 -0.426564 0.052862,
        -1.365920 -0.426564 0.185809,
        -1.363840 -0.426564 0.186537,
        -1.082677 -0.426564 0.047767,
        -1.082677 -0.426564 0.008397,
        1.097267 -0.426564 -0.010617,
        1.092520 -0.426564 -0.008650,
        1.085315 -0.426564 -0.001445,
        1.088443 -0.426564 -0.005522,
        -1.361974 -0.426564 0.187710,
        -1.360415 -0.426564 0.189269,
        -1.359243 -0.426564 0.191135,
        -1.085315 -0.426564 -0.001445,
        -1.088443 -0.426564 -0.005522,
        -1.092520 -0.426564 -0.008650,
        -1.407828 -0.425222 -0.011288,
        -1.428207 -0.501280 -0.011288,
        -1.417323 -0.421289 -0.011288,
        -1.456693 -0.489480 -0.011288,
        -1.425477 -0.415033 -0.011288,
        -1.481154 -0.470710 -0.011288,
        -1.431733 -0.406879 -0.011288,
        -1.499924 -0.446249 -0.011288,
        -1.435667 -0.397383 -0.011288,
        -1.511724 -0.417763 -0.011288,
        -1.437008 -0.387194 -0.011288,
        -1.515748 -0.387194 -0.011288,
        -1.437008 -0.387194 0.185563,
        -1.515748 -0.387194 0.185563,
        -1.435667 -0.397383 0.185563,
        -1.511724 -0.417763 0.185563,
        -1.431733 -0.406879 0.185563,
        -1.499924 -0.446249 0.185563,
        -1.425477 -0.415033 0.185563,
        -1.481154 -0.470710 0.185563,
        -1.417323 -0.421289 0.185563,
        -1.456693 -0.489480 0.185563,
        -1.407828 -0.425222 0.185563,
        -1.428207 -0.501280 0.185563,
        -1.437008 -0.308454 0.185563,
        -1.515748 -0.308454 0.185563,
        -1.515748 -0.308454 -0.011288,
        -1.437008 -0.308454 -0.011288,
        1.407828 -0.425222 0.185563,
        1.428207 -0.501280 0.185563,
        1.417323 -0.421289 0.185563,
        1.456693 -0.489480 0.185563,
        1.425477 -0.415033 0.185563,
        1.481154 -0.470710 0.185563,
        1.431733 -0.406879 0.185563,
        1.499924 -0.446249 0.185563,
        1.435667 -0.397383 0.185563,
        1.511724 -0.417763 0.185563,
        1.437008 -0.387194 0.185563,
        1.515748 -0.387194 0.185563,
        1.437008 -0.387194 -0.011288,
        1.515748 -0.387194 -0.011288,
        1.435667 -0.397383 -0.011288,
        1.511724 -0.417763 -0.011288,
        1.431733 -0.406879 -0.011288,
        1.499924 -0.446249 -0.011288,
        1.425477 -0.415033 -0.011288,
        1.481154 -0.470710 -0.011288,
        1.417323 -0.421289 -0.011288,
        1.456693 -0.489480 -0.011288,
        1.407828 -0.425222 -0.011288,
        1.428207 -0.501280 -0.011288,
        1.437008 -0.308454 -0.011288,
        1.515748 -0.308454 -0.011288,
        1.515748 -0.308454 0.185563,
        1.437008 -0.308454 0.185563,
      ]
    }
    coordIndex [
      0, 1, 2, -1,
      2, 1, 3, -1,
      4, 5, 6, -1,
      6, 5, 7, -1,
      8, 9, 10, -1,
      10, 9, 11, -1,
      5, 4, 12, -1,
      5, 12, 13, -1,
      13, 12, 14, -1,
      13, 14, 15, -1,
      15, 14, 16, -1,
      15, 16, 17, -1,
      17, 16, 18, -1,
      17, 18, 19, -1,
      19, 18, 20, -1,
      19, 20, 21, -1,
      21, 20, 9, -1,
      21, 9, 8, -1,
      22, 23, 24, -1,
      24, 23, 25, -1,
      26, 27, 28, -1,
      28, 27, 29, -1,
      10, 11, 30, -1,
      10, 30, 31, -1,
      31, 30, 32, -1,
      31, 32, 33, -1,
      33, 32, 34, -1,
      33, 34, 35, -1,
      35, 34, 36, -1,
      35, 36, 37, -1,
      37, 36, 38, -1,
      37, 38, 39, -1,
      39, 38, 27, -1,
      39, 27, 26, -1,
      40, 41, 42, -1,
      43, 44, 11, -1,
      24, 25, 45, -1,
      46, 47, 48, -1,
      6, 49, 4, -1,
      4, 49, 43, -1,
      4, 43, 12, -1,
      50, 51, 52, -1,
      48, 53, 46, -1,
      46, 53, 54, -1,
      46, 54, 55, -1,
      54, 56, 55, -1,
      55, 56, 57, -1,
      55, 57, 58, -1,
      42, 41, 49, -1,
      59, 29, 44, -1,
      44, 29, 27, -1,
      11, 9, 43, -1,
      43, 9, 20, -1,
      43, 20, 18, -1,
      60, 59, 61, -1,
      61, 62, 60, -1,
      60, 62, 63, -1,
      60, 63, 64, -1,
      52, 51, 65, -1,
      65, 51, 1, -1,
      65, 1, 0, -1,
      66, 67, 43, -1,
      43, 67, 68, -1,
      43, 68, 46, -1,
      46, 68, 69, -1,
      46, 69, 47, -1,
      27, 38, 44, -1,
      44, 38, 36, -1,
      44, 36, 34, -1,
      18, 16, 43, -1,
      43, 16, 14, -1,
      43, 14, 12, -1,
      41, 70, 49, -1,
      49, 70, 71, -1,
      49, 71, 43, -1,
      43, 71, 72, -1,
      43, 72, 66, -1,
      73, 74, 75, -1,
      34, 32, 44, -1,
      44, 32, 30, -1,
      44, 30, 11, -1,
      76, 77, 52, -1,
      52, 77, 78, -1,
      52, 78, 50, -1,
      79, 80, 59, -1,
      59, 80, 81, -1,
      59, 81, 61, -1,
      42, 82, 40, -1,
      40, 82, 83, -1,
      40, 83, 52, -1,
      52, 83, 84, -1,
      52, 84, 76, -1,
      58, 85, 55, -1,
      55, 85, 86, -1,
      55, 86, 44, -1,
      44, 86, 87, -1,
      44, 87, 59, -1,
      59, 87, 88, -1,
      59, 88, 79, -1,
      75, 74, 63, -1,
      63, 74, 89, -1,
      63, 89, 64, -1,
      90, 91, 0, -1,
      0, 91, 92, -1,
      0, 92, 65, -1,
      90, 93, 91, -1,
      91, 93, 94, -1,
      91, 94, 95, -1,
      96, 97, 75, -1,
      75, 97, 98, -1,
      75, 98, 73, -1,
      45, 25, 75, -1,
      75, 25, 99, -1,
      75, 99, 96, -1,
      100, 101, 102, -1,
      102, 101, 103, -1,
      45, 104, 24, -1,
      24, 104, 101, -1,
      24, 101, 105, -1,
      105, 101, 100, -1,
      106, 107, 108, -1,
      28, 109, 26, -1,
      26, 109, 110, -1,
      26, 110, 39, -1,
      39, 110, 37, -1,
      111, 112, 113, -1,
      108, 107, 109, -1,
      114, 7, 115, -1,
      115, 7, 5, -1,
      115, 5, 13, -1,
      31, 33, 110, -1,
      110, 33, 35, -1,
      110, 35, 37, -1,
      116, 117, 112, -1,
      118, 119, 110, -1,
      110, 119, 120, -1,
      110, 120, 121, -1,
      122, 123, 114, -1,
      114, 123, 124, -1,
      114, 124, 125, -1,
      125, 124, 126, -1,
      126, 127, 125, -1,
      125, 127, 128, -1,
      125, 128, 129, -1,
      120, 130, 121, -1,
      121, 130, 131, -1,
      121, 131, 132, -1,
      132, 133, 121, -1,
      121, 133, 134, -1,
      121, 134, 135, -1,
      135, 134, 136, -1,
      135, 136, 137, -1,
      113, 23, 111, -1,
      111, 23, 22, -1,
      111, 22, 138, -1,
      138, 22, 139, -1,
      107, 140, 109, -1,
      109, 140, 141, -1,
      109, 141, 110, -1,
      110, 141, 142, -1,
      110, 142, 118, -1,
      135, 143, 115, -1,
      115, 143, 144, -1,
      115, 144, 114, -1,
      114, 144, 145, -1,
      114, 145, 122, -1,
      13, 15, 115, -1,
      115, 15, 17, -1,
      115, 17, 19, -1,
      19, 21, 115, -1,
      115, 21, 8, -1,
      115, 8, 110, -1,
      110, 8, 10, -1,
      110, 10, 31, -1,
      137, 146, 135, -1,
      135, 146, 147, -1,
      135, 147, 143, -1,
      108, 148, 106, -1,
      106, 148, 149, -1,
      106, 149, 112, -1,
      112, 149, 150, -1,
      112, 150, 116, -1,
      117, 151, 112, -1,
      112, 151, 152, -1,
      112, 152, 113, -1,
      153, 2, 154, -1,
      155, 156, 157, -1,
      157, 156, 158, -1,
      157, 158, 159, -1,
      155, 157, 3, -1,
      3, 157, 160, -1,
      3, 160, 2, -1,
      2, 160, 161, -1,
      2, 161, 154, -1,
      22, 162, 139, -1,
      139, 162, 163, -1,
      139, 163, 164, -1,
      164, 163, 165, -1,
      159, 166, 157, -1,
      157, 166, 167, -1,
      157, 167, 128, -1,
      128, 167, 168, -1,
      128, 168, 129, -1,
      169, 170, 154, -1,
      154, 170, 171, -1,
      154, 171, 153, -1,
      51, 50, 155, -1,
      155, 50, 156, -1,
      113, 152, 99, -1,
      99, 152, 96, -1,
      3, 1, 172, -1,
      172, 1, 173, -1,
      172, 173, 174, -1,
      174, 173, 175, -1,
      174, 175, 176, -1,
      176, 175, 177, -1,
      176, 177, 178, -1,
      178, 177, 179, -1,
      178, 179, 180, -1,
      180, 179, 181, -1,
      180, 181, 182, -1,
      182, 181, 183, -1,
      184, 185, 186, -1,
      186, 185, 187, -1,
      186, 187, 188, -1,
      188, 187, 189, -1,
      188, 189, 190, -1,
      190, 189, 191, -1,
      190, 191, 192, -1,
      192, 191, 193, -1,
      192, 193, 194, -1,
      194, 193, 195, -1,
      194, 195, 155, -1,
      155, 195, 51, -1,
      1, 51, 195, -1,
      1, 195, 173, -1,
      173, 195, 193, -1,
      173, 193, 175, -1,
      175, 193, 191, -1,
      175, 191, 177, -1,
      177, 191, 189, -1,
      177, 189, 179, -1,
      179, 189, 187, -1,
      179, 187, 181, -1,
      181, 187, 185, -1,
      181, 185, 183, -1,
      182, 184, 180, -1,
      180, 184, 186, -1,
      180, 186, 178, -1,
      178, 186, 188, -1,
      178, 188, 176, -1,
      176, 188, 190, -1,
      176, 190, 174, -1,
      174, 190, 192, -1,
      174, 192, 172, -1,
      172, 192, 194, -1,
      172, 194, 3, -1,
      3, 194, 155, -1,
      196, 197, 184, -1,
      184, 197, 185, -1,
      198, 199, 183, -1,
      183, 199, 182, -1,
      197, 198, 185, -1,
      185, 198, 183, -1,
      182, 199, 184, -1,
      184, 199, 196, -1,
      198, 197, 199, -1,
      199, 197, 196, -1,
      113, 99, 200, -1,
      200, 99, 201, -1,
      200, 201, 202, -1,
      202, 201, 203, -1,
      202, 203, 204, -1,
      204, 203, 205, -1,
      204, 205, 206, -1,
      206, 205, 207, -1,
      206, 207, 208, -1,
      208, 207, 209, -1,
      208, 209, 210, -1,
      210, 209, 211, -1,
      212, 213, 214, -1,
      214, 213, 215, -1,
      214, 215, 216, -1,
      216, 215, 217, -1,
      216, 217, 218, -1,
      218, 217, 219, -1,
      218, 219, 220, -1,
      220, 219, 221, -1,
      220, 221, 222, -1,
      222, 221, 223, -1,
      222, 223, 23, -1,
      23, 223, 25, -1,
      99, 25, 223, -1,
      99, 223, 201, -1,
      201, 223, 221, -1,
      201, 221, 203, -1,
      203, 221, 219, -1,
      203, 219, 205, -1,
      205, 219, 217, -1,
      205, 217, 207, -1,
      207, 217, 215, -1,
      207, 215, 209, -1,
      209, 215, 213, -1,
      209, 213, 211, -1,
      210, 212, 208, -1,
      208, 212, 214, -1,
      208, 214, 206, -1,
      206, 214, 216, -1,
      206, 216, 204, -1,
      204, 216, 218, -1,
      204, 218, 202, -1,
      202, 218, 220, -1,
      202, 220, 200, -1,
      200, 220, 222, -1,
      200, 222, 113, -1,
      113, 222, 23, -1,
      224, 225, 212, -1,
      212, 225, 213, -1,
      226, 227, 211, -1,
      211, 227, 210, -1,
      225, 226, 213, -1,
      213, 226, 211, -1,
      210, 227, 212, -1,
      212, 227, 224, -1,
      226, 225, 227, -1,
      227, 225, 224, -1,
      108, 60, 148, -1,
      148, 60, 64, -1,
      148, 64, 149, -1,
      149, 64, 89, -1,
      149, 89, 150, -1,
      150, 89, 74, -1,
      150, 74, 116, -1,
      116, 74, 73, -1,
      116, 73, 117, -1,
      117, 73, 98, -1,
      117, 98, 151, -1,
      151, 98, 97, -1,
      151, 97, 152, -1,
      152, 97, 96, -1,
      108, 109, 60, -1,
      60, 109, 59, -1,
      109, 28, 59, -1,
      59, 28, 29, -1,
      7, 114, 6, -1,
      6, 114, 49, -1,
      114, 125, 49, -1,
      49, 125, 42, -1,
      156, 50, 158, -1,
      158, 50, 78, -1,
      158, 78, 159, -1,
      159, 78, 77, -1,
      159, 77, 166, -1,
      166, 77, 76, -1,
      166, 76, 167, -1,
      167, 76, 84, -1,
      167, 84, 168, -1,
      168, 84, 83, -1,
      168, 83, 129, -1,
      129, 83, 82, -1,
      129, 82, 125, -1,
      125, 82, 42, -1,
      110, 121, 44, -1,
      44, 121, 55, -1,
      121, 135, 55, -1,
      55, 135, 46, -1,
      135, 115, 46, -1,
      46, 115, 43, -1,
      115, 110, 43, -1,
      43, 110, 44, -1,
      161, 160, 92, -1,
      92, 160, 65, -1,
      66, 72, 122, -1,
      122, 72, 123, -1,
      143, 147, 69, -1,
      69, 147, 47, -1,
      56, 54, 134, -1,
      134, 54, 136, -1,
      86, 85, 130, -1,
      130, 85, 131, -1,
      80, 79, 142, -1,
      142, 79, 118, -1,
      111, 138, 45, -1,
      45, 138, 104, -1,
      80, 142, 81, -1,
      81, 142, 141, -1,
      81, 141, 61, -1,
      61, 141, 140, -1,
      61, 140, 62, -1,
      62, 140, 107, -1,
      62, 107, 63, -1,
      63, 107, 106, -1,
      63, 106, 75, -1,
      75, 106, 112, -1,
      75, 112, 45, -1,
      45, 112, 111, -1,
      104, 138, 139, -1,
      104, 139, 101, -1,
      101, 139, 164, -1,
      101, 164, 103, -1,
      103, 164, 165, -1,
      103, 165, 102, -1,
      102, 165, 163, -1,
      102, 163, 100, -1,
      100, 163, 162, -1,
      100, 162, 105, -1,
      105, 162, 22, -1,
      105, 22, 24, -1,
      86, 130, 87, -1,
      87, 130, 120, -1,
      87, 120, 88, -1,
      88, 120, 119, -1,
      88, 119, 79, -1,
      79, 119, 118, -1,
      131, 85, 58, -1,
      131, 58, 132, -1,
      132, 58, 57, -1,
      132, 57, 133, -1,
      133, 57, 56, -1,
      133, 56, 134, -1,
      66, 122, 67, -1,
      67, 122, 145, -1,
      67, 145, 68, -1,
      68, 145, 144, -1,
      68, 144, 69, -1,
      69, 144, 143, -1,
      136, 54, 53, -1,
      136, 53, 137, -1,
      137, 53, 48, -1,
      137, 48, 146, -1,
      146, 48, 47, -1,
      146, 47, 147, -1,
      0, 2, 153, -1,
      0, 153, 90, -1,
      90, 153, 171, -1,
      90, 171, 93, -1,
      93, 171, 170, -1,
      93, 170, 94, -1,
      94, 170, 169, -1,
      94, 169, 95, -1,
      95, 169, 154, -1,
      95, 154, 91, -1,
      91, 154, 161, -1,
      91, 161, 92, -1,
      65, 160, 52, -1,
      52, 160, 157, -1,
      52, 157, 40, -1,
      40, 157, 128, -1,
      40, 128, 41, -1,
      41, 128, 127, -1,
      41, 127, 70, -1,
      70, 127, 126, -1,
      70, 126, 71, -1,
      71, 126, 124, -1,
      71, 124, 72, -1,
      72, 124, 123, -1,
    ]
  }
}

Shape {
  appearance Appearance {
    material Material {
      diffuseColor 1.0000 1.0000 1.0000
      specularColor 0.3020 0.3020 0.3020
      ambientIntensity 0.2
      transparency 0.0000
      shininess 0.5
    }
  }
  geometry IndexedFaceSet {
    ccw TRUE
    solid FALSE
    coord DEF co Coordinate {
      point [
        -1.377953 -0.426564 1.307610,
        -1.299213 -0.426564 1.386350,
        1.299213 -0.426564 1.386350,
        -1.375270 -0.426564 1.327989,
        -1.367404 -0.426564 1.346980,
        -1.354890 -0.426564 1.363287,
        -1.338583 -0.426564 1.375801,
        -1.319592 -0.426564 1.383667,
        1.377953 -0.426564 1.307610,
        1.319592 -0.426564 1.383667,
        1.338583 -0.426564 1.375801,
        1.354890 -0.426564 1.363287,
        1.367404 -0.426564 1.346980,
        1.375270 -0.426564 1.327989,
        -0.350469 -0.013178 -0.011288,
        -0.357491 -0.004028 -0.011288,
        -0.205972 -0.004028 -0.011288,
        0.555043 -0.013178 -0.011288,
        0.548021 -0.004028 -0.011288,
        1.003937 -0.004028 -0.011288,
        0.369239 0.011283 -0.011288,
        0.357491 -0.004028 -0.011288,
        0.208374 -0.004028 -0.011288,
        0.334646 -0.072233 -0.011288,
        0.338670 -0.102802 -0.011288,
        0.208374 -0.043878 -0.011288,
        0.350469 -0.131288 -0.011288,
        0.369239 -0.155750 -0.011288,
        0.208374 -0.426564 -0.011288,
        0.393701 -0.174519 -0.011288,
        1.003937 -0.426564 -0.011288,
        0.511811 -0.174519 -0.011288,
        0.536272 -0.155750 -0.011288,
        0.555043 -0.131288 -0.011288,
        0.566842 -0.102802 -0.011288,
        1.003937 -0.043878 -0.011288,
        0.422187 -0.186319 -0.011288,
        0.452756 -0.190343 -0.011288,
        0.483325 -0.186319 -0.011288,
        0.350469 -0.013178 -0.011288,
        0.338670 -0.041664 -0.011288,
        0.338379 -0.043878 -0.011288,
        0.483325 0.041853 -0.011288,
        0.452756 0.045877 -0.011288,
        0.208374 0.256507 -0.011288,
        0.511811 0.030054 -0.011288,
        1.003937 0.256507 -0.011288,
        0.536272 0.011283 -0.011288,
        0.422187 0.041853 -0.011288,
        0.393701 0.030054 -0.011288,
        0.570866 -0.072233 -0.011288,
        0.567133 -0.043878 -0.011288,
        0.566842 -0.041664 -0.011288,
        -0.567133 -0.043878 -0.011288,
        -0.570866 -0.072233 -0.011288,
        -0.787402 -0.043878 -0.011288,
        -0.566842 -0.102802 -0.011288,
        -0.787402 -0.426564 -0.011288,
        -0.555043 -0.131288 -0.011288,
        -0.536272 -0.155750 -0.011288,
        -0.511811 -0.174519 -0.011288,
        -0.483325 -0.186319 -0.011288,
        -0.205972 -0.426564 -0.011288,
        -0.452756 -0.190343 -0.011288,
        -0.422187 -0.186319 -0.011288,
        -0.393701 -0.174519 -0.011288,
        -0.369239 -0.155750 -0.011288,
        -0.350469 -0.131288 -0.011288,
        -0.566842 -0.041664 -0.011288,
        -0.787402 -0.004028 -0.011288,
        -0.555043 -0.013178 -0.011288,
        -0.393701 0.030054 -0.011288,
        -0.422187 0.041853 -0.011288,
        -0.205972 0.256507 -0.011288,
        -0.369239 0.011283 -0.011288,
        -0.452756 0.045877 -0.011288,
        -0.483325 0.041853 -0.011288,
        -0.787402 0.256507 -0.011288,
        -0.511811 0.030054 -0.011288,
        -0.536272 0.011283 -0.011288,
        -0.548021 -0.004028 -0.011288,
        -0.338670 -0.102802 -0.011288,
        -0.334646 -0.072233 -0.011288,
        -0.205972 -0.043878 -0.011288,
        -0.338379 -0.043878 -0.011288,
        -0.338670 -0.041664 -0.011288,
        0.629921 0.467137 -0.011288,
        0.629921 0.270287 -0.011288,
        1.003937 0.270287 -0.011288,
        -0.629921 0.270287 -0.011288,
        -0.787402 0.270287 -0.011288,
        0.025448 -0.043878 -0.011288,
        0.025448 -0.004028 -0.011288,
        0.029289 -0.037276 -0.011288,
        0.029289 -0.041598 -0.011288,
        0.033485 -0.043320 -0.011288,
        0.037463 -0.043878 -0.011288,
        0.035074 -0.004028 -0.011288,
        0.033840 -0.004113 -0.011288,
        0.038508 -0.008109 -0.011288,
        0.029994 -0.037667 -0.011288,
        0.033723 -0.008731 -0.011288,
        0.029289 -0.010630 -0.011288,
        0.029289 -0.005348 -0.011288,
        0.042385 -0.008543 -0.011288,
        0.045316 -0.009603 -0.011288,
        0.048106 -0.011473 -0.011288,
        0.050472 -0.014110 -0.011288,
        0.052079 -0.017156 -0.011288,
        0.053120 -0.021418 -0.011288,
        0.053294 -0.024373 -0.011288,
        0.052896 -0.028632 -0.011288,
        0.051828 -0.032019 -0.011288,
        0.039394 -0.039797 -0.011288,
        0.048360 -0.036684 -0.011288,
        0.043047 -0.039389 -0.011288,
        0.045943 -0.038325 -0.011288,
        0.050191 -0.034753 -0.011288,
        0.034168 -0.039217 -0.011288,
        0.056495 -0.014621 -0.011288,
        0.054146 -0.010893 -0.011288,
        0.060256 -0.004028 -0.011288,
        0.050710 -0.007589 -0.011288,
        0.048789 -0.042305 -0.011288,
        0.060256 -0.043878 -0.011288,
        0.044965 -0.043616 -0.011288,
        0.042437 -0.043878 -0.011288,
        0.051985 -0.040255 -0.011288,
        0.054867 -0.037219 -0.011288,
        0.056969 -0.033514 -0.011288,
        0.047030 -0.005444 -0.011288,
        0.042711 -0.004147 -0.011288,
        0.041334 -0.004028 -0.011288,
        0.058189 -0.029289 -0.011288,
        0.058576 -0.024696 -0.011288,
        0.058010 -0.019106 -0.011288,
        0.040121 -0.044118 -0.011288,
        0.060256 -0.426564 -0.011288,
        0.039045 -0.044100 -0.011288,
        0.025448 -0.426564 -0.011288,
        -1.003937 0.270287 -0.011288,
        -1.003937 0.256507 -0.011288,
        -1.003937 -0.004028 -0.011288,
        -1.003937 -0.043878 -0.011288,
        -1.003937 -0.426564 -0.011288,
        -0.047531 -0.043638 -0.011288,
        -0.041770 -0.043638 -0.011288,
        -0.040330 -0.043878 -0.011288,
        -0.071537 -0.043638 -0.011288,
        -0.067554 -0.032595 -0.011288,
        -0.051290 -0.032595 -0.011288,
        -0.040330 -0.004028 -0.011288,
        -0.056654 -0.004268 -0.011288,
        -0.061935 -0.004268 -0.011288,
        -0.077299 -0.043638 -0.011288,
        -0.028608 -0.006493 -0.011288,
        -0.032508 -0.009031 -0.011288,
        -0.003360 -0.004028 -0.011288,
        -0.018311 -0.004268 -0.011288,
        -0.023999 -0.004876 -0.011288,
        -0.036929 -0.032829 -0.011288,
        -0.034720 -0.036302 -0.011288,
        -0.031502 -0.039413 -0.011288,
        -0.027426 -0.041813 -0.011288,
        -0.022894 -0.043191 -0.011288,
        -0.017906 -0.043638 -0.011288,
        -0.003360 -0.043878 -0.011288,
        -0.007201 -0.043638 -0.011288,
        -0.007201 -0.004268 -0.011288,
        -0.034037 -0.010448 -0.011288,
        -0.036397 -0.013531 -0.011288,
        -0.038055 -0.017353 -0.011288,
        -0.038814 -0.021512 -0.011288,
        -0.038889 -0.023458 -0.011288,
        -0.038337 -0.028726 -0.011288,
        -0.003360 -0.426564 -0.011288,
        -0.040330 -0.426564 -0.011288,
        0.016325 -0.008589 -0.011288,
        0.016325 -0.021552 -0.011288,
        0.001441 -0.008589 -0.011288,
        0.002402 -0.021552 -0.011288,
        0.001441 -0.004268 -0.011288,
        0.002402 -0.025874 -0.011288,
        0.016325 -0.025874 -0.011288,
        0.016325 -0.039317 -0.011288,
        0.000481 -0.039317 -0.011288,
        0.000481 -0.043638 -0.011288,
        0.021607 -0.043638 -0.011288,
        0.021607 -0.004268 -0.011288,
        0.025448 0.256507 -0.011288,
        -0.003360 0.256507 -0.011288,
        -0.040330 0.256507 -0.011288,
        0.061937 -0.043638 -0.011288,
        0.082102 -0.043638 -0.011288,
        0.061937 -0.039317 -0.011288,
        0.076820 -0.039317 -0.011288,
        0.082102 -0.004268 -0.011288,
        0.076820 -0.004268 -0.011288,
        0.060256 0.256507 -0.011288,
        0.038554 -0.003788 -0.011288,
        0.208374 0.467137 -0.011288,
        0.060256 0.467137 -0.011288,
        0.025448 0.467137 -0.011288,
        -0.003360 0.467137 -0.011288,
        -0.040330 0.467137 -0.011288,
        -0.205972 0.467137 -0.011288,
        -0.629921 0.467137 -0.011288,
        -1.240157 -0.426564 1.150130,
        -1.377953 -0.426564 1.150130,
        -1.240157 0.270287 1.150130,
        -1.377953 0.270287 1.150130,
        -1.377953 0.270287 1.307610,
        -1.375270 0.270287 1.327989,
        -1.367404 0.270287 1.346980,
        -1.354890 0.270287 1.363287,
        -1.338583 0.270287 1.375801,
        -1.319592 0.270287 1.383667,
        -1.299213 0.270287 1.386350,
        -1.003937 0.270287 0.283988,
        -1.003937 -0.426564 0.283988,
        -1.240157 -0.426564 0.283988,
        -1.240157 0.467137 0.283988,
        -0.629921 0.270287 0.283988,
        -0.629921 0.467137 0.283988,
        -1.240157 0.467137 1.150130,
        1.299213 0.270287 1.386350,
        0.710151 0.270287 1.386350,
        -0.710151 0.270287 1.386350,
        -0.710151 0.467137 1.386350,
        0.710151 0.467137 1.386350,
        1.319592 0.270287 1.383667,
        1.338583 0.270287 1.375801,
        1.354890 0.270287 1.363287,
        1.367404 0.270287 1.346980,
        1.375270 0.270287 1.327989,
        1.377953 0.270287 1.307610,
        1.377953 0.270287 1.150130,
        1.377953 -0.426564 1.150130,
        1.240157 0.270287 1.150130,
        1.240157 -0.426564 1.150130,
        1.240157 -0.426564 0.283988,
        1.240157 0.467137 0.283988,
        1.240157 0.467137 1.150130,
        0.629921 0.270287 0.283988,
        0.629921 0.467137 0.283988,
        1.003937 0.270287 0.283988,
        1.003937 -0.426564 0.283988,
        -0.710151 0.467137 1.150130,
        0.710151 0.467137 1.150130,
        -0.566842 -0.041664 -0.208138,
        -0.555043 -0.013178 -0.208138,
        -0.536272 0.011283 -0.208138,
        -0.511811 0.030054 -0.208138,
        -0.483325 0.041853 -0.208138,
        -0.452756 0.045877 -0.208138,
        -0.422187 0.041853 -0.208138,
        -0.393701 0.030054 -0.208138,
        -0.369239 0.011283 -0.208138,
        -0.350469 -0.013178 -0.208138,
        -0.338670 -0.041664 -0.208138,
        -0.334646 -0.072233 -0.208138,
        -0.338670 -0.102802 -0.208138,
        -0.350469 -0.131288 -0.208138,
        -0.369239 -0.155750 -0.208138,
        -0.393701 -0.174519 -0.208138,
        -0.422187 -0.186319 -0.208138,
        -0.452756 -0.190343 -0.208138,
        -0.483325 -0.186319 -0.208138,
        -0.511811 -0.174519 -0.208138,
        -0.536272 -0.155750 -0.208138,
        -0.555043 -0.131288 -0.208138,
        -0.566842 -0.102802 -0.208138,
        -0.570866 -0.072233 -0.208138,
        0.338670 -0.041664 -0.208138,
        0.350469 -0.013178 -0.208138,
        0.369239 0.011283 -0.208138,
        0.393701 0.030054 -0.208138,
        0.422187 0.041853 -0.208138,
        0.452756 0.045877 -0.208138,
        0.483325 0.041853 -0.208138,
        0.511811 0.030054 -0.208138,
        0.536272 0.011283 -0.208138,
        0.555043 -0.013178 -0.208138,
        0.566842 -0.041664 -0.208138,
        0.570866 -0.072233 -0.208138,
        0.566842 -0.102802 -0.208138,
        0.555043 -0.131288 -0.208138,
        0.536272 -0.155750 -0.208138,
        0.511811 -0.174519 -0.208138,
        0.483325 -0.186319 -0.208138,
        0.452756 -0.190343 -0.208138,
        0.422187 -0.186319 -0.208138,
        0.393701 -0.174519 -0.208138,
        0.369239 -0.155750 -0.208138,
        0.350469 -0.131288 -0.208138,
        0.338670 -0.102802 -0.208138,
        0.334646 -0.072233 -0.208138,
        0.452756 -0.072233 -0.326248,
        0.482283 -0.080145 -0.322224,
        0.479230 -0.087518 -0.322224,
        0.483325 -0.072233 -0.322224,
        0.468041 -0.098707 -0.322224,
        0.460668 -0.101761 -0.322224,
        0.474372 -0.093849 -0.322224,
        0.444844 -0.101761 -0.322224,
        0.437471 -0.098707 -0.322224,
        0.452756 -0.102802 -0.322224,
        0.426282 -0.087518 -0.322224,
        0.423228 -0.080145 -0.322224,
        0.431140 -0.093849 -0.322224,
        0.423228 -0.064321 -0.322224,
        0.426282 -0.056948 -0.322224,
        0.422187 -0.072233 -0.322224,
        0.437471 -0.045759 -0.322224,
        0.444844 -0.042706 -0.322224,
        0.431140 -0.050617 -0.322224,
        0.460668 -0.042706 -0.322224,
        0.468041 -0.045759 -0.322224,
        0.452756 -0.041664 -0.322224,
        0.479230 -0.056948 -0.322224,
        0.482283 -0.064321 -0.322224,
        0.474372 -0.050617 -0.322224,
        0.509799 -0.087518 -0.310425,
        0.503899 -0.101761 -0.310425,
        0.494514 -0.113991 -0.310425,
        0.482283 -0.123376 -0.310425,
        0.468041 -0.129276 -0.310425,
        0.452756 -0.131288 -0.310425,
        0.437471 -0.129276 -0.310425,
        0.423228 -0.123376 -0.310425,
        0.410998 -0.113991 -0.310425,
        0.401613 -0.101761 -0.310425,
        0.395713 -0.087518 -0.310425,
        0.393701 -0.072233 -0.310425,
        0.395713 -0.056948 -0.310425,
        0.401613 -0.042706 -0.310425,
        0.410998 -0.030475 -0.310425,
        0.423228 -0.021090 -0.310425,
        0.437471 -0.015190 -0.310425,
        0.452756 -0.013178 -0.310425,
        0.468041 -0.015190 -0.310425,
        0.482283 -0.021090 -0.310425,
        0.494514 -0.030475 -0.310425,
        0.503899 -0.042706 -0.310425,
        0.509799 -0.056948 -0.310425,
        0.511811 -0.072233 -0.310425,
        0.533427 -0.093849 -0.291655,
        0.525083 -0.113991 -0.291655,
        0.511811 -0.131288 -0.291655,
        0.494514 -0.144561 -0.291655,
        0.474372 -0.152904 -0.291655,
        0.452756 -0.155750 -0.291655,
        0.431140 -0.152904 -0.291655,
        0.410998 -0.144561 -0.291655,
        0.393701 -0.131288 -0.291655,
        0.380428 -0.113991 -0.291655,
        0.372085 -0.093849 -0.291655,
        0.369239 -0.072233 -0.291655,
        0.372085 -0.050617 -0.291655,
        0.380428 -0.030475 -0.291655,
        0.393701 -0.013178 -0.291655,
        0.410998 0.000094 -0.291655,
        0.431140 0.008438 -0.291655,
        0.452756 0.011283 -0.291655,
        0.474372 0.008438 -0.291655,
        0.494514 0.000094 -0.291655,
        0.511811 -0.013178 -0.291655,
        0.525083 -0.030475 -0.291655,
        0.533427 -0.050617 -0.291655,
        0.536272 -0.072233 -0.291655,
        0.551557 -0.098707 -0.267193,
        0.541339 -0.123376 -0.267193,
        0.525083 -0.144561 -0.267193,
        0.503899 -0.160816 -0.267193,
        0.479230 -0.171034 -0.267193,
        0.452756 -0.174519 -0.267193,
        0.426282 -0.171034 -0.267193,
        0.401613 -0.160816 -0.267193,
        0.380428 -0.144561 -0.267193,
        0.364173 -0.123376 -0.267193,
        0.353955 -0.098707 -0.267193,
        0.350469 -0.072233 -0.267193,
        0.353955 -0.045759 -0.267193,
        0.364173 -0.021090 -0.267193,
        0.380428 0.000094 -0.267193,
        0.401613 0.016350 -0.267193,
        0.426282 0.026568 -0.267193,
        0.452756 0.030054 -0.267193,
        0.479230 0.026568 -0.267193,
        0.503899 0.016350 -0.267193,
        0.525083 0.000094 -0.267193,
        0.541339 -0.021090 -0.267193,
        0.551557 -0.045759 -0.267193,
        0.555043 -0.072233 -0.267193,
        0.562954 -0.101761 -0.238707,
        0.551557 -0.129276 -0.238707,
        0.533427 -0.152904 -0.238707,
        0.509799 -0.171034 -0.238707,
        0.482283 -0.182431 -0.238707,
        0.452756 -0.186319 -0.238707,
        0.423228 -0.182431 -0.238707,
        0.395713 -0.171034 -0.238707,
        0.372085 -0.152904 -0.238707,
        0.353955 -0.129276 -0.238707,
        0.342557 -0.101761 -0.238707,
        0.338670 -0.072233 -0.238707,
        0.342557 -0.042706 -0.238707,
        0.353955 -0.015190 -0.238707,
        0.372085 0.008438 -0.238707,
        0.395713 0.026568 -0.238707,
        0.423228 0.037965 -0.238707,
        0.452756 0.041853 -0.238707,
        0.482283 0.037965 -0.238707,
        0.509799 0.026568 -0.238707,
        0.533427 0.008438 -0.238707,
        0.551557 -0.015190 -0.238707,
        0.562954 -0.042706 -0.238707,
        0.566842 -0.072233 -0.238707,
        -0.452756 -0.072233 -0.326248,
        -0.423228 -0.080145 -0.322224,
        -0.426282 -0.087518 -0.322224,
        -0.422187 -0.072233 -0.322224,
        -0.437471 -0.098707 -0.322224,
        -0.444844 -0.101761 -0.322224,
        -0.431140 -0.093849 -0.322224,
        -0.460668 -0.101761 -0.322224,
        -0.468041 -0.098707 -0.322224,
        -0.452756 -0.102802 -0.322224,
        -0.479230 -0.087518 -0.322224,
        -0.482283 -0.080145 -0.322224,
        -0.474372 -0.093849 -0.322224,
        -0.482283 -0.064321 -0.322224,
        -0.479230 -0.056948 -0.322224,
        -0.483325 -0.072233 -0.322224,
        -0.468041 -0.045759 -0.322224,
        -0.460668 -0.042706 -0.322224,
        -0.474372 -0.050617 -0.322224,
        -0.444844 -0.042706 -0.322224,
        -0.437471 -0.045759 -0.322224,
        -0.452756 -0.041664 -0.322224,
        -0.426282 -0.056948 -0.322224,
        -0.423228 -0.064321 -0.322224,
        -0.431140 -0.050617 -0.322224,
        -0.395713 -0.087518 -0.310425,
        -0.401613 -0.101761 -0.310425,
        -0.410998 -0.113991 -0.310425,
        -0.423228 -0.123376 -0.310425,
        -0.437471 -0.129276 -0.310425,
        -0.452756 -0.131288 -0.310425,
        -0.468041 -0.129276 -0.310425,
        -0.482283 -0.123376 -0.310425,
        -0.494514 -0.113991 -0.310425,
        -0.503899 -0.101761 -0.310425,
        -0.509799 -0.087518 -0.310425,
        -0.511811 -0.072233 -0.310425,
        -0.509799 -0.056948 -0.310425,
        -0.503899 -0.042706 -0.310425,
        -0.494514 -0.030475 -0.310425,
        -0.482283 -0.021090 -0.310425,
        -0.468041 -0.015190 -0.310425,
        -0.452756 -0.013178 -0.310425,
        -0.437471 -0.015190 -0.310425,
        -0.423228 -0.021090 -0.310425,
        -0.410998 -0.030475 -0.310425,
        -0.401613 -0.042706 -0.310425,
        -0.395713 -0.056948 -0.310425,
        -0.393701 -0.072233 -0.310425,
        -0.372085 -0.093849 -0.291655,
        -0.380428 -0.113991 -0.291655,
        -0.393701 -0.131288 -0.291655,
        -0.410998 -0.144561 -0.291655,
        -0.431140 -0.152904 -0.291655,
        -0.452756 -0.155750 -0.291655,
        -0.474372 -0.152904 -0.291655,
        -0.494514 -0.144561 -0.291655,
        -0.511811 -0.131288 -0.291655,
        -0.525083 -0.113991 -0.291655,
        -0.533427 -0.093849 -0.291655,
        -0.536272 -0.072233 -0.291655,
        -0.533427 -0.050617 -0.291655,
        -0.525083 -0.030475 -0.291655,
        -0.511811 -0.013178 -0.291655,
        -0.494514 0.000094 -0.291655,
        -0.474372 0.008438 -0.291655,
        -0.452756 0.011283 -0.291655,
        -0.431140 0.008438 -0.291655,
        -0.410998 0.000094 -0.291655,
        -0.393701 -0.013178 -0.291655,
        -0.380428 -0.030475 -0.291655,
        -0.372085 -0.050617 -0.291655,
        -0.369239 -0.072233 -0.291655,
        -0.353955 -0.098707 -0.267193,
        -0.364173 -0.123376 -0.267193,
        -0.380428 -0.144561 -0.267193,
        -0.401613 -0.160816 -0.267193,
        -0.426282 -0.171034 -0.267193,
        -0.452756 -0.174519 -0.267193,
        -0.479230 -0.171034 -0.267193,
        -0.503899 -0.160816 -0.267193,
        -0.525083 -0.144561 -0.267193,
        -0.541339 -0.123376 -0.267193,
        -0.551557 -0.098707 -0.267193,
        -0.555043 -0.072233 -0.267193,
        -0.551557 -0.045759 -0.267193,
        -0.541339 -0.021090 -0.267193,
        -0.525083 0.000094 -0.267193,
        -0.503899 0.016350 -0.267193,
        -0.479230 0.026568 -0.267193,
        -0.452756 0.030054 -0.267193,
        -0.426282 0.026568 -0.267193,
        -0.401613 0.016350 -0.267193,
        -0.380428 0.000094 -0.267193,
        -0.364173 -0.021090 -0.267193,
        -0.353955 -0.045759 -0.267193,
        -0.350469 -0.072233 -0.267193,
        -0.342557 -0.101761 -0.238707,
        -0.353955 -0.129276 -0.238707,
        -0.372085 -0.152904 -0.238707,
        -0.395713 -0.171034 -0.238707,
        -0.423228 -0.182431 -0.238707,
        -0.452756 -0.186319 -0.238707,
        -0.482283 -0.182431 -0.238707,
        -0.509799 -0.171034 -0.238707,
        -0.533427 -0.152904 -0.238707,
        -0.551557 -0.129276 -0.238707,
        -0.562954 -0.101761 -0.238707,
        -0.566842 -0.072233 -0.238707,
        -0.562954 -0.042706 -0.238707,
        -0.551557 -0.015190 -0.238707,
        -0.533427 0.008438 -0.238707,
        -0.509799 0.026568 -0.238707,
        -0.482283 0.037965 -0.238707,
        -0.452756 0.041853 -0.238707,
        -0.423228 0.037965 -0.238707,
        -0.395713 0.026568 -0.238707,
        -0.372085 0.008438 -0.238707,
        -0.353955 -0.015190 -0.238707,
        -0.342557 -0.042706 -0.238707,
        -0.338670 -0.072233 -0.238707,
        -0.710151 0.270287 1.150130,
        0.710151 0.270287 1.150130,
      ]
    }
    coordIndex [
      14, 15, 16, -1,
      17, 18, 19, -1,
      20, 21, 22, -1,
      23, 24, 25, -1,
      26, 27, 28, -1,
      28, 27, 29, -1,
      30, 31, 32, -1,
      32, 33, 30, -1,
      30, 33, 34, -1,
      30, 34, 35, -1,
      29, 36, 28, -1,
      28, 36, 37, -1,
      28, 37, 30, -1,
      30, 37, 38, -1,
      30, 38, 31, -1,
      21, 39, 22, -1,
      22, 39, 40, -1,
      22, 40, 25, -1,
      25, 40, 41, -1,
      25, 41, 23, -1,
      42, 43, 44, -1,
      45, 42, 46, -1,
      19, 18, 46, -1,
      46, 18, 47, -1,
      46, 47, 45, -1,
      43, 48, 44, -1,
      44, 48, 49, -1,
      44, 49, 20, -1,
      34, 50, 35, -1,
      35, 50, 51, -1,
      35, 51, 19, -1,
      19, 51, 52, -1,
      19, 52, 17, -1,
      53, 54, 55, -1,
      55, 54, 56, -1,
      55, 56, 57, -1,
      57, 56, 58, -1,
      57, 58, 59, -1,
      59, 60, 57, -1,
      57, 60, 61, -1,
      57, 61, 62, -1,
      62, 61, 63, -1,
      62, 63, 64, -1,
      64, 65, 62, -1,
      62, 65, 66, -1,
      62, 66, 67, -1,
      53, 55, 68, -1,
      68, 55, 69, -1,
      68, 69, 70, -1,
      71, 72, 73, -1,
      71, 73, 74, -1,
      75, 76, 77, -1,
      76, 78, 77, -1,
      77, 78, 79, -1,
      77, 79, 69, -1,
      69, 79, 80, -1,
      69, 80, 70, -1,
      81, 82, 83, -1,
      83, 82, 84, -1,
      83, 84, 16, -1,
      16, 84, 85, -1,
      16, 85, 14, -1,
      86, 87, 44, -1,
      42, 44, 46, -1,
      46, 44, 87, -1,
      46, 87, 88, -1,
      72, 75, 73, -1,
      73, 75, 77, -1,
      73, 77, 89, -1,
      89, 77, 90, -1,
      91, 92, 93, -1,
      93, 94, 91, -1,
      91, 94, 95, -1,
      91, 95, 96, -1,
      92, 97, 98, -1,
      99, 100, 101, -1,
      101, 100, 93, -1,
      101, 93, 102, -1,
      102, 93, 92, -1,
      102, 92, 103, -1,
      103, 92, 98, -1,
      99, 104, 100, -1,
      100, 104, 105, -1,
      100, 105, 106, -1,
      106, 107, 100, -1,
      100, 107, 108, -1,
      100, 108, 109, -1,
      109, 110, 100, -1,
      100, 110, 111, -1,
      100, 111, 112, -1,
      113, 114, 115, -1,
      115, 114, 116, -1,
      112, 117, 100, -1,
      100, 117, 114, -1,
      100, 114, 118, -1,
      118, 114, 113, -1,
      119, 120, 121, -1,
      121, 120, 122, -1,
      123, 124, 125, -1,
      125, 124, 126, -1,
      123, 127, 124, -1,
      124, 127, 128, -1,
      124, 128, 129, -1,
      122, 130, 121, -1,
      121, 130, 131, -1,
      121, 131, 132, -1,
      129, 133, 124, -1,
      124, 133, 134, -1,
      124, 134, 121, -1,
      121, 134, 135, -1,
      121, 135, 119, -1,
      136, 137, 138, -1,
      138, 137, 139, -1,
      138, 139, 96, -1,
      140, 90, 141, -1,
      141, 90, 77, -1,
      141, 77, 142, -1,
      142, 77, 69, -1,
      142, 69, 143, -1,
      143, 69, 55, -1,
      143, 55, 144, -1,
      144, 55, 57, -1,
      145, 146, 147, -1,
      148, 149, 150, -1,
      147, 146, 151, -1,
      151, 146, 152, -1,
      151, 152, 153, -1,
      150, 145, 148, -1,
      148, 145, 147, -1,
      148, 147, 154, -1,
      154, 147, 83, -1,
      154, 83, 153, -1,
      153, 83, 16, -1,
      153, 16, 151, -1,
      151, 155, 156, -1,
      157, 158, 151, -1,
      151, 158, 159, -1,
      151, 159, 155, -1,
      160, 161, 147, -1,
      147, 161, 162, -1,
      147, 162, 163, -1,
      163, 164, 147, -1,
      147, 164, 165, -1,
      147, 165, 166, -1,
      166, 165, 167, -1,
      166, 167, 157, -1,
      157, 167, 168, -1,
      157, 168, 158, -1,
      156, 169, 151, -1,
      151, 169, 170, -1,
      151, 170, 171, -1,
      171, 172, 151, -1,
      151, 172, 173, -1,
      151, 173, 147, -1,
      147, 173, 174, -1,
      147, 174, 160, -1,
      96, 139, 91, -1,
      91, 139, 175, -1,
      91, 175, 166, -1,
      166, 175, 176, -1,
      166, 176, 147, -1,
      147, 176, 62, -1,
      147, 62, 83, -1,
      83, 62, 67, -1,
      83, 67, 81, -1,
      177, 178, 179, -1,
      179, 178, 180, -1,
      92, 181, 157, -1,
      157, 181, 179, -1,
      157, 179, 166, -1,
      166, 179, 180, -1,
      166, 180, 182, -1,
      183, 184, 182, -1,
      182, 184, 185, -1,
      182, 185, 166, -1,
      166, 185, 186, -1,
      166, 186, 91, -1,
      91, 186, 187, -1,
      91, 187, 92, -1,
      92, 187, 188, -1,
      92, 188, 181, -1,
      97, 92, 189, -1,
      189, 92, 157, -1,
      189, 157, 190, -1,
      190, 157, 151, -1,
      190, 151, 191, -1,
      191, 151, 16, -1,
      191, 16, 73, -1,
      73, 16, 15, -1,
      73, 15, 74, -1,
      137, 25, 28, -1,
      28, 25, 24, -1,
      28, 24, 26, -1,
      124, 192, 193, -1,
      192, 124, 194, -1,
      194, 124, 121, -1,
      194, 121, 195, -1,
      136, 126, 137, -1,
      137, 126, 124, -1,
      137, 124, 25, -1,
      25, 124, 193, -1,
      25, 193, 22, -1,
      22, 193, 196, -1,
      22, 196, 121, -1,
      121, 196, 197, -1,
      121, 197, 195, -1,
      20, 22, 44, -1,
      44, 22, 121, -1,
      44, 121, 198, -1,
      198, 121, 132, -1,
      198, 132, 189, -1,
      189, 132, 199, -1,
      189, 199, 97, -1,
      86, 44, 200, -1,
      200, 44, 198, -1,
      200, 198, 201, -1,
      201, 198, 189, -1,
      201, 189, 202, -1,
      202, 189, 190, -1,
      202, 190, 203, -1,
      203, 190, 191, -1,
      203, 191, 204, -1,
      204, 191, 73, -1,
      204, 73, 205, -1,
      205, 73, 89, -1,
      205, 89, 206, -1,
      207, 208, 209, -1,
      209, 208, 210, -1,
      208, 0, 210, -1,
      210, 0, 211, -1,
      211, 0, 3, -1,
      211, 3, 212, -1,
      212, 3, 4, -1,
      212, 4, 213, -1,
      213, 4, 5, -1,
      213, 5, 214, -1,
      214, 5, 6, -1,
      214, 6, 215, -1,
      215, 6, 7, -1,
      215, 7, 216, -1,
      216, 7, 1, -1,
      216, 1, 217, -1,
      218, 140, 141, -1,
      144, 219, 143, -1,
      143, 219, 218, -1,
      143, 218, 142, -1,
      142, 218, 141, -1,
      219, 220, 218, -1,
      218, 220, 221, -1,
      218, 221, 222, -1,
      222, 221, 223, -1,
      224, 221, 209, -1,
      209, 221, 220, -1,
      209, 220, 207, -1,
      2, 225, 1, -1,
      1, 225, 226, -1,
      217, 1, 227, -1,
      227, 1, 226, -1,
      227, 226, 228, -1,
      228, 226, 229, -1,
      225, 2, 9, -1,
      225, 9, 230, -1,
      230, 9, 10, -1,
      230, 10, 231, -1,
      231, 10, 11, -1,
      231, 11, 232, -1,
      232, 11, 12, -1,
      232, 12, 233, -1,
      233, 12, 13, -1,
      233, 13, 234, -1,
      234, 13, 8, -1,
      234, 8, 235, -1,
      235, 8, 236, -1,
      236, 8, 237, -1,
      236, 237, 238, -1,
      238, 237, 239, -1,
      239, 240, 238, -1,
      238, 240, 241, -1,
      238, 241, 242, -1,
      243, 244, 245, -1,
      245, 244, 241, -1,
      245, 241, 246, -1,
      246, 241, 240, -1,
      246, 30, 245, -1,
      245, 30, 35, -1,
      35, 19, 245, -1,
      245, 19, 46, -1,
      245, 46, 88, -1,
      221, 224, 223, -1,
      223, 224, 247, -1,
      242, 241, 248, -1,
      248, 241, 244, -1,
      200, 223, 86, -1,
      86, 223, 247, -1,
      86, 247, 244, -1,
      244, 247, 248, -1,
      248, 247, 228, -1,
      248, 228, 229, -1,
      200, 201, 223, -1,
      223, 201, 202, -1,
      223, 202, 203, -1,
      203, 204, 223, -1,
      223, 204, 205, -1,
      223, 205, 206, -1,
      246, 240, 1, -1,
      1, 240, 239, -1,
      207, 220, 219, -1,
      144, 57, 219, -1,
      219, 57, 62, -1,
      219, 62, 176, -1,
      4, 3, 207, -1,
      207, 3, 0, -1,
      207, 0, 208, -1,
      237, 8, 239, -1,
      239, 8, 13, -1,
      175, 139, 246, -1,
      13, 12, 239, -1,
      239, 12, 11, -1,
      239, 11, 10, -1,
      10, 9, 239, -1,
      239, 9, 2, -1,
      239, 2, 1, -1,
      7, 6, 207, -1,
      207, 6, 5, -1,
      207, 5, 4, -1,
      176, 175, 219, -1,
      219, 175, 246, -1,
      219, 246, 207, -1,
      207, 246, 1, -1,
      207, 1, 7, -1,
      139, 137, 246, -1,
      246, 137, 28, -1,
      246, 28, 30, -1,
      243, 245, 87, -1,
      87, 245, 88, -1,
      86, 244, 87, -1,
      87, 244, 243, -1,
      140, 218, 90, -1,
      90, 218, 222, -1,
      90, 222, 89, -1,
      89, 222, 206, -1,
      206, 222, 223, -1,
      249, 70, 250, -1,
      250, 70, 80, -1,
      250, 80, 251, -1,
      80, 79, 251, -1,
      251, 79, 78, -1,
      251, 78, 252, -1,
      252, 78, 76, -1,
      252, 76, 253, -1,
      253, 76, 75, -1,
      253, 75, 254, -1,
      254, 75, 72, -1,
      254, 72, 255, -1,
      255, 72, 71, -1,
      255, 71, 256, -1,
      256, 71, 74, -1,
      256, 74, 257, -1,
      257, 74, 15, -1,
      257, 15, 258, -1,
      15, 14, 258, -1,
      258, 14, 85, -1,
      258, 85, 259, -1,
      259, 85, 84, -1,
      259, 84, 260, -1,
      84, 82, 260, -1,
      260, 82, 81, -1,
      260, 81, 261, -1,
      261, 81, 67, -1,
      261, 67, 262, -1,
      262, 67, 66, -1,
      262, 66, 263, -1,
      263, 66, 65, -1,
      263, 65, 264, -1,
      264, 65, 64, -1,
      264, 64, 265, -1,
      265, 64, 63, -1,
      265, 63, 266, -1,
      266, 63, 61, -1,
      266, 61, 267, -1,
      267, 61, 60, -1,
      267, 60, 268, -1,
      268, 60, 59, -1,
      268, 59, 269, -1,
      269, 59, 58, -1,
      269, 58, 270, -1,
      270, 58, 56, -1,
      270, 56, 271, -1,
      271, 56, 54, -1,
      271, 54, 272, -1,
      272, 54, 53, -1,
      272, 53, 249, -1,
      249, 53, 68, -1,
      249, 68, 70, -1,
      273, 39, 274, -1,
      274, 39, 21, -1,
      274, 21, 275, -1,
      21, 20, 275, -1,
      275, 20, 49, -1,
      275, 49, 276, -1,
      276, 49, 48, -1,
      276, 48, 277, -1,
      277, 48, 43, -1,
      277, 43, 278, -1,
      278, 43, 42, -1,
      278, 42, 279, -1,
      279, 42, 45, -1,
      279, 45, 280, -1,
      280, 45, 47, -1,
      280, 47, 281, -1,
      281, 47, 18, -1,
      281, 18, 282, -1,
      18, 17, 282, -1,
      282, 17, 52, -1,
      282, 52, 283, -1,
      283, 52, 51, -1,
      283, 51, 284, -1,
      51, 50, 284, -1,
      284, 50, 34, -1,
      284, 34, 285, -1,
      285, 34, 33, -1,
      285, 33, 286, -1,
      286, 33, 32, -1,
      286, 32, 287, -1,
      287, 32, 31, -1,
      287, 31, 288, -1,
      288, 31, 38, -1,
      288, 38, 289, -1,
      289, 38, 37, -1,
      289, 37, 290, -1,
      290, 37, 36, -1,
      290, 36, 291, -1,
      291, 36, 29, -1,
      291, 29, 292, -1,
      292, 29, 27, -1,
      292, 27, 293, -1,
      293, 27, 26, -1,
      293, 26, 294, -1,
      294, 26, 24, -1,
      294, 24, 295, -1,
      295, 24, 23, -1,
      295, 23, 296, -1,
      296, 23, 41, -1,
      296, 41, 273, -1,
      273, 41, 40, -1,
      273, 40, 39, -1,
      297, 298, 299, -1,
      300, 298, 297, -1,
      297, 301, 302, -1,
      303, 301, 297, -1,
      299, 303, 297, -1,
      297, 304, 305, -1,
      306, 304, 297, -1,
      302, 306, 297, -1,
      297, 307, 308, -1,
      309, 307, 297, -1,
      305, 309, 297, -1,
      297, 310, 311, -1,
      312, 310, 297, -1,
      308, 312, 297, -1,
      297, 313, 314, -1,
      315, 313, 297, -1,
      311, 315, 297, -1,
      297, 316, 317, -1,
      318, 316, 297, -1,
      314, 318, 297, -1,
      297, 319, 320, -1,
      321, 319, 297, -1,
      317, 321, 297, -1,
      320, 300, 297, -1,
      300, 322, 298, -1,
      298, 322, 323, -1,
      298, 323, 299, -1,
      299, 323, 324, -1,
      299, 324, 303, -1,
      303, 324, 325, -1,
      303, 325, 301, -1,
      301, 325, 326, -1,
      301, 326, 302, -1,
      302, 326, 327, -1,
      302, 327, 306, -1,
      306, 327, 328, -1,
      306, 328, 304, -1,
      304, 328, 329, -1,
      304, 329, 305, -1,
      305, 329, 330, -1,
      305, 330, 309, -1,
      309, 330, 331, -1,
      309, 331, 307, -1,
      307, 331, 332, -1,
      307, 332, 308, -1,
      308, 332, 333, -1,
      308, 333, 312, -1,
      312, 333, 334, -1,
      312, 334, 310, -1,
      310, 334, 335, -1,
      310, 335, 311, -1,
      311, 335, 336, -1,
      311, 336, 315, -1,
      315, 336, 337, -1,
      315, 337, 313, -1,
      313, 337, 338, -1,
      313, 338, 314, -1,
      314, 338, 339, -1,
      314, 339, 318, -1,
      318, 339, 340, -1,
      318, 340, 316, -1,
      316, 340, 341, -1,
      316, 341, 317, -1,
      317, 341, 342, -1,
      317, 342, 321, -1,
      321, 342, 343, -1,
      321, 343, 319, -1,
      319, 343, 344, -1,
      319, 344, 320, -1,
      320, 344, 345, -1,
      320, 345, 300, -1,
      300, 345, 322, -1,
      345, 346, 322, -1,
      322, 346, 347, -1,
      322, 347, 323, -1,
      323, 347, 348, -1,
      323, 348, 324, -1,
      324, 348, 349, -1,
      324, 349, 325, -1,
      325, 349, 350, -1,
      325, 350, 326, -1,
      326, 350, 351, -1,
      326, 351, 327, -1,
      327, 351, 352, -1,
      327, 352, 328, -1,
      328, 352, 353, -1,
      328, 353, 329, -1,
      329, 353, 354, -1,
      329, 354, 330, -1,
      330, 354, 355, -1,
      330, 355, 331, -1,
      331, 355, 356, -1,
      331, 356, 332, -1,
      332, 356, 357, -1,
      332, 357, 333, -1,
      333, 357, 358, -1,
      333, 358, 334, -1,
      334, 358, 359, -1,
      334, 359, 335, -1,
      335, 359, 360, -1,
      335, 360, 336, -1,
      336, 360, 361, -1,
      336, 361, 337, -1,
      337, 361, 362, -1,
      337, 362, 338, -1,
      338, 362, 363, -1,
      338, 363, 339, -1,
      339, 363, 364, -1,
      339, 364, 340, -1,
      340, 364, 365, -1,
      340, 365, 341, -1,
      341, 365, 366, -1,
      341, 366, 342, -1,
      342, 366, 367, -1,
      342, 367, 343, -1,
      343, 367, 368, -1,
      343, 368, 344, -1,
      344, 368, 369, -1,
      344, 369, 345, -1,
      345, 369, 346, -1,
      369, 370, 346, -1,
      346, 370, 371, -1,
      346, 371, 347, -1,
      347, 371, 372, -1,
      347, 372, 348, -1,
      348, 372, 373, -1,
      348, 373, 349, -1,
      349, 373, 374, -1,
      349, 374, 350, -1,
      350, 374, 375, -1,
      350, 375, 351, -1,
      351, 375, 376, -1,
      351, 376, 352, -1,
      352, 376, 377, -1,
      352, 377, 353, -1,
      353, 377, 378, -1,
      353, 378, 354, -1,
      354, 378, 379, -1,
      354, 379, 355, -1,
      355, 379, 380, -1,
      355, 380, 356, -1,
      356, 380, 381, -1,
      356, 381, 357, -1,
      357, 381, 382, -1,
      357, 382, 358, -1,
      358, 382, 383, -1,
      358, 383, 359, -1,
      359, 383, 384, -1,
      359, 384, 360, -1,
      360, 384, 385, -1,
      360, 385, 361, -1,
      361, 385, 386, -1,
      361, 386, 362, -1,
      362, 386, 387, -1,
      362, 387, 363, -1,
      363, 387, 388, -1,
      363, 388, 364, -1,
      364, 388, 389, -1,
      364, 389, 365, -1,
      365, 389, 390, -1,
      365, 390, 366, -1,
      366, 390, 391, -1,
      366, 391, 367, -1,
      367, 391, 392, -1,
      367, 392, 368, -1,
      368, 392, 393, -1,
      368, 393, 369, -1,
      369, 393, 370, -1,
      393, 394, 370, -1,
      370, 394, 395, -1,
      370, 395, 371, -1,
      371, 395, 396, -1,
      371, 396, 372, -1,
      372, 396, 397, -1,
      372, 397, 373, -1,
      373, 397, 398, -1,
      373, 398, 374, -1,
      374, 398, 399, -1,
      374, 399, 375, -1,
      375, 399, 400, -1,
      375, 400, 376, -1,
      376, 400, 401, -1,
      376, 401, 377, -1,
      377, 401, 402, -1,
      377, 402, 378, -1,
      378, 402, 403, -1,
      378, 403, 379, -1,
      379, 403, 404, -1,
      379, 404, 380, -1,
      380, 404, 405, -1,
      380, 405, 381, -1,
      381, 405, 406, -1,
      381, 406, 382, -1,
      382, 406, 407, -1,
      382, 407, 383, -1,
      383, 407, 408, -1,
      383, 408, 384, -1,
      384, 408, 409, -1,
      384, 409, 385, -1,
      385, 409, 410, -1,
      385, 410, 386, -1,
      386, 410, 411, -1,
      386, 411, 387, -1,
      387, 411, 412, -1,
      387, 412, 388, -1,
      388, 412, 413, -1,
      388, 413, 389, -1,
      389, 413, 414, -1,
      389, 414, 390, -1,
      390, 414, 415, -1,
      390, 415, 391, -1,
      391, 415, 416, -1,
      391, 416, 392, -1,
      392, 416, 417, -1,
      392, 417, 393, -1,
      393, 417, 394, -1,
      417, 285, 394, -1,
      394, 285, 286, -1,
      394, 286, 395, -1,
      395, 286, 287, -1,
      395, 287, 396, -1,
      396, 287, 288, -1,
      396, 288, 397, -1,
      397, 288, 289, -1,
      397, 289, 398, -1,
      398, 289, 290, -1,
      398, 290, 399, -1,
      399, 290, 291, -1,
      399, 291, 400, -1,
      400, 291, 292, -1,
      400, 292, 401, -1,
      401, 292, 293, -1,
      401, 293, 402, -1,
      402, 293, 294, -1,
      402, 294, 403, -1,
      403, 294, 295, -1,
      403, 295, 404, -1,
      404, 295, 296, -1,
      404, 296, 405, -1,
      405, 296, 273, -1,
      405, 273, 406, -1,
      406, 273, 274, -1,
      406, 274, 407, -1,
      407, 274, 275, -1,
      407, 275, 408, -1,
      408, 275, 276, -1,
      408, 276, 409, -1,
      409, 276, 277, -1,
      409, 277, 410, -1,
      410, 277, 278, -1,
      410, 278, 411, -1,
      411, 278, 279, -1,
      411, 279, 412, -1,
      412, 279, 280, -1,
      412, 280, 413, -1,
      413, 280, 281, -1,
      413, 281, 414, -1,
      414, 281, 282, -1,
      414, 282, 415, -1,
      415, 282, 283, -1,
      415, 283, 416, -1,
      416, 283, 284, -1,
      416, 284, 417, -1,
      417, 284, 285, -1,
      418, 419, 420, -1,
      421, 419, 418, -1,
      418, 422, 423, -1,
      424, 422, 418, -1,
      420, 424, 418, -1,
      418, 425, 426, -1,
      427, 425, 418, -1,
      423, 427, 418, -1,
      418, 428, 429, -1,
      430, 428, 418, -1,
      426, 430, 418, -1,
      418, 431, 432, -1,
      433, 431, 418, -1,
      429, 433, 418, -1,
      418, 434, 435, -1,
      436, 434, 418, -1,
      432, 436, 418, -1,
      418, 437, 438, -1,
      439, 437, 418, -1,
      435, 439, 418, -1,
      418, 440, 441, -1,
      442, 440, 418, -1,
      438, 442, 418, -1,
      441, 421, 418, -1,
      421, 443, 419, -1,
      419, 443, 444, -1,
      419, 444, 420, -1,
      420, 444, 445, -1,
      420, 445, 424, -1,
      424, 445, 446, -1,
      424, 446, 422, -1,
      422, 446, 447, -1,
      422, 447, 423, -1,
      423, 447, 448, -1,
      423, 448, 427, -1,
      427, 448, 449, -1,
      427, 449, 425, -1,
      425, 449, 450, -1,
      425, 450, 426, -1,
      426, 450, 451, -1,
      426, 451, 430, -1,
      430, 451, 452, -1,
      430, 452, 428, -1,
      428, 452, 453, -1,
      428, 453, 429, -1,
      429, 453, 454, -1,
      429, 454, 433, -1,
      433, 454, 455, -1,
      433, 455, 431, -1,
      431, 455, 456, -1,
      431, 456, 432, -1,
      432, 456, 457, -1,
      432, 457, 436, -1,
      436, 457, 458, -1,
      436, 458, 434, -1,
      434, 458, 459, -1,
      434, 459, 435, -1,
      435, 459, 460, -1,
      435, 460, 439, -1,
      439, 460, 461, -1,
      439, 461, 437, -1,
      437, 461, 462, -1,
      437, 462, 438, -1,
      438, 462, 463, -1,
      438, 463, 442, -1,
      442, 463, 464, -1,
      442, 464, 440, -1,
      440, 464, 465, -1,
      440, 465, 441, -1,
      441, 465, 466, -1,
      441, 466, 421, -1,
      421, 466, 443, -1,
      466, 467, 443, -1,
      443, 467, 468, -1,
      443, 468, 444, -1,
      444, 468, 469, -1,
      444, 469, 445, -1,
      445, 469, 470, -1,
      445, 470, 446, -1,
      446, 470, 471, -1,
      446, 471, 447, -1,
      447, 471, 472, -1,
      447, 472, 448, -1,
      448, 472, 473, -1,
      448, 473, 449, -1,
      449, 473, 474, -1,
      449, 474, 450, -1,
      450, 474, 475, -1,
      450, 475, 451, -1,
      451, 475, 476, -1,
      451, 476, 452, -1,
      452, 476, 477, -1,
      452, 477, 453, -1,
      453, 477, 478, -1,
      453, 478, 454, -1,
      454, 478, 479, -1,
      454, 479, 455, -1,
      455, 479, 480, -1,
      455, 480, 456, -1,
      456, 480, 481, -1,
      456, 481, 457, -1,
      457, 481, 482, -1,
      457, 482, 458, -1,
      458, 482, 483, -1,
      458, 483, 459, -1,
      459, 483, 484, -1,
      459, 484, 460, -1,
      460, 484, 485, -1,
      460, 485, 461, -1,
      461, 485, 486, -1,
      461, 486, 462, -1,
      462, 486, 487, -1,
      462, 487, 463, -1,
      463, 487, 488, -1,
      463, 488, 464, -1,
      464, 488, 489, -1,
      464, 489, 465, -1,
      465, 489, 490, -1,
      465, 490, 466, -1,
      466, 490, 467, -1,
      490, 491, 467, -1,
      467, 491, 492, -1,
      467, 492, 468, -1,
      468, 492, 493, -1,
      468, 493, 469, -1,
      469, 493, 494, -1,
      469, 494, 470, -1,
      470, 494, 495, -1,
      470, 495, 471, -1,
      471, 495, 496, -1,
      471, 496, 472, -1,
      472, 496, 497, -1,
      472, 497, 473, -1,
      473, 497, 498, -1,
      473, 498, 474, -1,
      474, 498, 499, -1,
      474, 499, 475, -1,
      475, 499, 500, -1,
      475, 500, 476, -1,
      476, 500, 501, -1,
      476, 501, 477, -1,
      477, 501, 502, -1,
      477, 502, 478, -1,
      478, 502, 503, -1,
      478, 503, 479, -1,
      479, 503, 504, -1,
      479, 504, 480, -1,
      480, 504, 505, -1,
      480, 505, 481, -1,
      481, 505, 506, -1,
      481, 506, 482, -1,
      482, 506, 507, -1,
      482, 507, 483, -1,
      483, 507, 508, -1,
      483, 508, 484, -1,
      484, 508, 509, -1,
      484, 509, 485, -1,
      485, 509, 510, -1,
      485, 510, 486, -1,
      486, 510, 511, -1,
      486, 511, 487, -1,
      487, 511, 512, -1,
      487, 512, 488, -1,
      488, 512, 513, -1,
      488, 513, 489, -1,
      489, 513, 514, -1,
      489, 514, 490, -1,
      490, 514, 491, -1,
      514, 515, 491, -1,
      491, 515, 516, -1,
      491, 516, 492, -1,
      492, 516, 517, -1,
      492, 517, 493, -1,
      493, 517, 518, -1,
      493, 518, 494, -1,
      494, 518, 519, -1,
      494, 519, 495, -1,
      495, 519, 520, -1,
      495, 520, 496, -1,
      496, 520, 521, -1,
      496, 521, 497, -1,
      497, 521, 522, -1,
      497, 522, 498, -1,
      498, 522, 523, -1,
      498, 523, 499, -1,
      499, 523, 524, -1,
      499, 524, 500, -1,
      500, 524, 525, -1,
      500, 525, 501, -1,
      501, 525, 526, -1,
      501, 526, 502, -1,
      502, 526, 527, -1,
      502, 527, 503, -1,
      503, 527, 528, -1,
      503, 528, 504, -1,
      504, 528, 529, -1,
      504, 529, 505, -1,
      505, 529, 530, -1,
      505, 530, 506, -1,
      506, 530, 531, -1,
      506, 531, 507, -1,
      507, 531, 532, -1,
      507, 532, 508, -1,
      508, 532, 533, -1,
      508, 533, 509, -1,
      509, 533, 534, -1,
      509, 534, 510, -1,
      510, 534, 535, -1,
      510, 535, 511, -1,
      511, 535, 536, -1,
      511, 536, 512, -1,
      512, 536, 537, -1,
      512, 537, 513, -1,
      513, 537, 538, -1,
      513, 538, 514, -1,
      514, 538, 515, -1,
      538, 261, 515, -1,
      515, 261, 262, -1,
      515, 262, 516, -1,
      516, 262, 263, -1,
      516, 263, 517, -1,
      517, 263, 264, -1,
      517, 264, 518, -1,
      518, 264, 265, -1,
      518, 265, 519, -1,
      519, 265, 266, -1,
      519, 266, 520, -1,
      520, 266, 267, -1,
      520, 267, 521, -1,
      521, 267, 268, -1,
      521, 268, 522, -1,
      522, 268, 269, -1,
      522, 269, 523, -1,
      523, 269, 270, -1,
      523, 270, 524, -1,
      524, 270, 271, -1,
      524, 271, 525, -1,
      525, 271, 272, -1,
      525, 272, 526, -1,
      526, 272, 249, -1,
      526, 249, 527, -1,
      527, 249, 250, -1,
      527, 250, 528, -1,
      528, 250, 251, -1,
      528, 251, 529, -1,
      529, 251, 252, -1,
      529, 252, 530, -1,
      530, 252, 253, -1,
      530, 253, 531, -1,
      531, 253, 254, -1,
      531, 254, 532, -1,
      532, 254, 255, -1,
      532, 255, 533, -1,
      533, 255, 256, -1,
      533, 256, 534, -1,
      534, 256, 257, -1,
      534, 257, 535, -1,
      535, 257, 258, -1,
      535, 258, 536, -1,
      536, 258, 259, -1,
      536, 259, 537, -1,
      537, 259, 260, -1,
      537, 260, 538, -1,
      538, 260, 261, -1,
      210, 211, 209, -1,
      209, 211, 212, -1,
      212, 213, 209, -1,
      209, 213, 214, -1,
      209, 214, 215, -1,
      227, 539, 217, -1,
      217, 539, 209, -1,
      217, 209, 216, -1,
      216, 209, 215, -1,
      247, 224, 539, -1,
      539, 224, 209, -1,
      539, 227, 247, -1,
      247, 227, 228, -1,
      238, 540, 226, -1,
      235, 236, 238, -1,
      235, 238, 234, -1,
      226, 225, 238, -1,
      238, 225, 230, -1,
      238, 230, 231, -1,
      231, 232, 238, -1,
      238, 232, 233, -1,
      238, 233, 234, -1,
      248, 229, 540, -1,
      540, 229, 226, -1,
      540, 238, 248, -1,
      248, 238, 242, -1,
    ]
  }
}

Shape {
  appearance Appearance {
    material Material {
      diffuseColor 1.0000 1.0000 1.0000
      specularColor 0.8784 0.8784 0.8784
      ambientIntensity 0.2
      transparency 0.0000
      shininess 0.5
    }
  }
  geometry IndexedFaceSet {
    ccw TRUE
    solid FALSE
    coord DEF co Coordinate {
      point [
        0.029289 -0.037276 -0.011288,
        0.029289 -0.041598 -0.011288,
        0.033485 -0.043320 -0.011288,
        0.037463 -0.043878 -0.011288,
        0.035074 -0.004028 -0.011288,
        0.033840 -0.004113 -0.011288,
        0.038508 -0.008109 -0.011288,
        0.029994 -0.037667 -0.011288,
        0.033723 -0.008731 -0.011288,
        0.029289 -0.010630 -0.011288,
        0.029289 -0.005348 -0.011288,
        0.042385 -0.008543 -0.011288,
        0.045316 -0.009603 -0.011288,
        0.048106 -0.011473 -0.011288,
        0.050472 -0.014110 -0.011288,
        0.052079 -0.017156 -0.011288,
        0.053120 -0.021418 -0.011288,
        0.053294 -0.024373 -0.011288,
        0.052896 -0.028632 -0.011288,
        0.051828 -0.032019 -0.011288,
        0.039394 -0.039797 -0.011288,
        0.048360 -0.036684 -0.011288,
        0.043047 -0.039389 -0.011288,
        0.045943 -0.038325 -0.011288,
        0.050191 -0.034753 -0.011288,
        0.034168 -0.039217 -0.011288,
        0.056495 -0.014621 -0.011288,
        0.054146 -0.010893 -0.011288,
        0.050710 -0.007589 -0.011288,
        0.048789 -0.042305 -0.011288,
        0.044965 -0.043616 -0.011288,
        0.042437 -0.043878 -0.011288,
        0.051985 -0.040255 -0.011288,
        0.054867 -0.037219 -0.011288,
        0.056969 -0.033514 -0.011288,
        0.047030 -0.005444 -0.011288,
        0.042711 -0.004147 -0.011288,
        0.041334 -0.004028 -0.011288,
        0.058189 -0.029289 -0.011288,
        0.058576 -0.024696 -0.011288,
        0.058010 -0.019106 -0.011288,
        0.040121 -0.044118 -0.011288,
        0.039045 -0.044100 -0.011288,
        -0.047531 -0.043638 -0.011288,
        -0.041770 -0.043638 -0.011288,
        -0.071537 -0.043638 -0.011288,
        -0.067554 -0.032595 -0.011288,
        -0.051290 -0.032595 -0.011288,
        -0.056654 -0.004268 -0.011288,
        -0.061935 -0.004268 -0.011288,
        -0.077299 -0.043638 -0.011288,
        -0.028608 -0.006493 -0.011288,
        -0.032508 -0.009031 -0.011288,
        -0.018311 -0.004268 -0.011288,
        -0.023999 -0.004876 -0.011288,
        -0.036929 -0.032829 -0.011288,
        -0.034720 -0.036302 -0.011288,
        -0.031502 -0.039413 -0.011288,
        -0.027426 -0.041813 -0.011288,
        -0.022894 -0.043191 -0.011288,
        -0.017906 -0.043638 -0.011288,
        -0.007201 -0.043638 -0.011288,
        -0.007201 -0.004268 -0.011288,
        -0.034037 -0.010448 -0.011288,
        -0.036397 -0.013531 -0.011288,
        -0.038055 -0.017353 -0.011288,
        -0.038814 -0.021512 -0.011288,
        -0.038889 -0.023458 -0.011288,
        -0.038337 -0.028726 -0.011288,
        0.016325 -0.008589 -0.011288,
        0.016325 -0.021552 -0.011288,
        0.001441 -0.008589 -0.011288,
        0.002402 -0.021552 -0.011288,
        0.001441 -0.004268 -0.011288,
        0.002402 -0.025874 -0.011288,
        0.016325 -0.025874 -0.011288,
        0.016325 -0.039317 -0.011288,
        0.000481 -0.039317 -0.011288,
        0.000481 -0.043638 -0.011288,
        0.021607 -0.043638 -0.011288,
        0.021607 -0.004268 -0.011288,
        0.061937 -0.043638 -0.011288,
        0.082102 -0.043638 -0.011288,
        0.061937 -0.039317 -0.011288,
        0.076820 -0.039317 -0.011288,
        0.082102 -0.004268 -0.011288,
        0.076820 -0.004268 -0.011288,
        0.038554 -0.003788 -0.011288,
        -0.052617 -0.028274 -0.007351,
        -0.058491 -0.011830 -0.007351,
        -0.056654 -0.004268 -0.007351,
        -0.041770 -0.043638 -0.007351,
        -0.047531 -0.043638 -0.007351,
        -0.051290 -0.032595 -0.007351,
        -0.058864 -0.010463 -0.007351,
        -0.059122 -0.009069 -0.007351,
        -0.061935 -0.004268 -0.007351,
        -0.059249 -0.009069 -0.007351,
        -0.059506 -0.010460 -0.007351,
        -0.059857 -0.011830 -0.007351,
        -0.065783 -0.028274 -0.007351,
        -0.077299 -0.043638 -0.007351,
        -0.071537 -0.043638 -0.007351,
        -0.067554 -0.032595 -0.007351,
        -0.059857 -0.011830 -0.011288,
        -0.059506 -0.010460 -0.011288,
        -0.059249 -0.009069 -0.011288,
        -0.059122 -0.009069 -0.011288,
        -0.058864 -0.010463 -0.011288,
        -0.058491 -0.011830 -0.011288,
        -0.052617 -0.028274 -0.011288,
        -0.065783 -0.028274 -0.011288,
        -0.018311 -0.004268 -0.007351,
        -0.007201 -0.004268 -0.007351,
        -0.023999 -0.004876 -0.007351,
        -0.028608 -0.006493 -0.007351,
        -0.032508 -0.009031 -0.007351,
        -0.034037 -0.010448 -0.007351,
        -0.036397 -0.013531 -0.007351,
        -0.038055 -0.017353 -0.007351,
        -0.038814 -0.021512 -0.007351,
        -0.038889 -0.023458 -0.007351,
        -0.038337 -0.028726 -0.007351,
        -0.036929 -0.032829 -0.007351,
        -0.034720 -0.036302 -0.007351,
        -0.031502 -0.039413 -0.007351,
        -0.027426 -0.041813 -0.007351,
        -0.022894 -0.043191 -0.007351,
        -0.017906 -0.043638 -0.007351,
        -0.007201 -0.043638 -0.007351,
        -0.033607 -0.023570 -0.007351,
        -0.033273 -0.019652 -0.007351,
        -0.032353 -0.016541 -0.007351,
        -0.031005 -0.014124 -0.007351,
        -0.029094 -0.012090 -0.007351,
        -0.026226 -0.010235 -0.007351,
        -0.022976 -0.009091 -0.007351,
        -0.018289 -0.008589 -0.007351,
        -0.012482 -0.008589 -0.007351,
        -0.012482 -0.039317 -0.007351,
        -0.018071 -0.039317 -0.007351,
        -0.022230 -0.038929 -0.007351,
        -0.025543 -0.037897 -0.007351,
        -0.028204 -0.036316 -0.007351,
        -0.030429 -0.034125 -0.007351,
        -0.032078 -0.031437 -0.007351,
        -0.033122 -0.028306 -0.007351,
        -0.018071 -0.039317 -0.011288,
        -0.012482 -0.039317 -0.011288,
        -0.022230 -0.038929 -0.011288,
        -0.025543 -0.037897 -0.011288,
        -0.028204 -0.036316 -0.011288,
        -0.030429 -0.034125 -0.011288,
        -0.032078 -0.031437 -0.011288,
        -0.033122 -0.028306 -0.011288,
        -0.033607 -0.023570 -0.011288,
        -0.033273 -0.019652 -0.011288,
        -0.032353 -0.016541 -0.011288,
        -0.031005 -0.014124 -0.011288,
        -0.029094 -0.012090 -0.011288,
        -0.026226 -0.010235 -0.011288,
        -0.022976 -0.009091 -0.011288,
        -0.018289 -0.008589 -0.011288,
        -0.012482 -0.008589 -0.011288,
        0.021607 -0.004268 -0.007351,
        0.021607 -0.043638 -0.007351,
        0.001441 -0.004268 -0.007351,
        0.001441 -0.008589 -0.007351,
        0.016325 -0.008589 -0.007351,
        0.016325 -0.021552 -0.007351,
        0.002402 -0.021552 -0.007351,
        0.002402 -0.025874 -0.007351,
        0.016325 -0.025874 -0.007351,
        0.016325 -0.039317 -0.007351,
        0.000481 -0.039317 -0.007351,
        0.000481 -0.043638 -0.007351,
        0.040121 -0.044118 -0.007351,
        0.044965 -0.043616 -0.007351,
        0.048789 -0.042305 -0.007351,
        0.051985 -0.040255 -0.007351,
        0.054867 -0.037219 -0.007351,
        0.056969 -0.033514 -0.007351,
        0.058189 -0.029289 -0.007351,
        0.058576 -0.024696 -0.007351,
        0.058010 -0.019106 -0.007351,
        0.056495 -0.014621 -0.007351,
        0.054146 -0.010893 -0.007351,
        0.050710 -0.007589 -0.007351,
        0.047030 -0.005444 -0.007351,
        0.042711 -0.004147 -0.007351,
        0.038554 -0.003788 -0.007351,
        0.033840 -0.004113 -0.007351,
        0.029289 -0.005348 -0.007351,
        0.029289 -0.010630 -0.007351,
        0.033723 -0.008731 -0.007351,
        0.038508 -0.008109 -0.007351,
        0.042385 -0.008543 -0.007351,
        0.045316 -0.009603 -0.007351,
        0.048106 -0.011473 -0.007351,
        0.050472 -0.014110 -0.007351,
        0.052079 -0.017156 -0.007351,
        0.053120 -0.021418 -0.007351,
        0.053294 -0.024373 -0.007351,
        0.052896 -0.028632 -0.007351,
        0.051828 -0.032019 -0.007351,
        0.050191 -0.034753 -0.007351,
        0.048360 -0.036684 -0.007351,
        0.045943 -0.038325 -0.007351,
        0.043047 -0.039389 -0.007351,
        0.039394 -0.039797 -0.007351,
        0.034168 -0.039217 -0.007351,
        0.029994 -0.037667 -0.007351,
        0.029289 -0.037276 -0.007351,
        0.029289 -0.041598 -0.007351,
        0.033485 -0.043320 -0.007351,
        0.039045 -0.044100 -0.007351,
        0.082102 -0.004268 -0.007351,
        0.082102 -0.043638 -0.007351,
        0.076820 -0.004268 -0.007351,
        0.076820 -0.039317 -0.007351,
        0.061937 -0.039317 -0.007351,
        0.061937 -0.043638 -0.007351,
      ]
    }
    coordIndex [
      88, 89, 90, -1,
      91, 92, 93, -1,
      89, 94, 90, -1,
      90, 94, 95, -1,
      90, 95, 96, -1,
      96, 95, 97, -1,
      96, 97, 98, -1,
      98, 99, 96, -1,
      96, 99, 100, -1,
      96, 100, 101, -1,
      102, 101, 103, -1,
      103, 101, 100, -1,
      103, 100, 93, -1,
      93, 100, 88, -1,
      93, 88, 91, -1,
      91, 88, 90, -1,
      103, 46, 102, -1,
      102, 46, 45, -1,
      93, 47, 103, -1,
      103, 47, 46, -1,
      92, 43, 93, -1,
      93, 43, 47, -1,
      91, 44, 92, -1,
      92, 44, 43, -1,
      90, 48, 91, -1,
      91, 48, 44, -1,
      96, 49, 90, -1,
      90, 49, 48, -1,
      101, 50, 96, -1,
      96, 50, 49, -1,
      101, 102, 50, -1,
      50, 102, 45, -1,
      104, 99, 98, -1,
      104, 98, 105, -1,
      105, 98, 97, -1,
      105, 97, 106, -1,
      95, 107, 97, -1,
      97, 107, 106, -1,
      107, 95, 94, -1,
      107, 94, 108, -1,
      108, 94, 89, -1,
      108, 89, 109, -1,
      88, 110, 89, -1,
      89, 110, 109, -1,
      100, 111, 88, -1,
      88, 111, 110, -1,
      104, 111, 99, -1,
      99, 111, 100, -1,
      112, 53, 113, -1,
      113, 53, 62, -1,
      53, 112, 114, -1,
      53, 114, 54, -1,
      54, 114, 115, -1,
      54, 115, 51, -1,
      51, 115, 116, -1,
      51, 116, 52, -1,
      52, 116, 117, -1,
      52, 117, 63, -1,
      63, 117, 118, -1,
      63, 118, 64, -1,
      64, 118, 119, -1,
      64, 119, 65, -1,
      65, 119, 120, -1,
      65, 120, 66, -1,
      66, 120, 121, -1,
      66, 121, 67, -1,
      67, 121, 122, -1,
      67, 122, 68, -1,
      68, 122, 123, -1,
      68, 123, 55, -1,
      55, 123, 124, -1,
      55, 124, 56, -1,
      56, 124, 125, -1,
      56, 125, 57, -1,
      57, 125, 126, -1,
      57, 126, 58, -1,
      58, 126, 127, -1,
      58, 127, 59, -1,
      59, 127, 128, -1,
      59, 128, 60, -1,
      129, 61, 128, -1,
      128, 61, 60, -1,
      129, 113, 61, -1,
      61, 113, 62, -1,
      122, 121, 130, -1,
      130, 121, 120, -1,
      130, 120, 131, -1,
      131, 120, 119, -1,
      131, 119, 132, -1,
      132, 119, 118, -1,
      132, 118, 133, -1,
      133, 118, 117, -1,
      133, 117, 134, -1,
      134, 117, 116, -1,
      134, 116, 135, -1,
      135, 116, 115, -1,
      135, 115, 136, -1,
      136, 115, 114, -1,
      136, 114, 137, -1,
      137, 114, 112, -1,
      137, 112, 138, -1,
      138, 112, 113, -1,
      138, 113, 139, -1,
      139, 113, 129, -1,
      139, 129, 140, -1,
      140, 129, 128, -1,
      140, 128, 141, -1,
      141, 128, 127, -1,
      141, 127, 142, -1,
      142, 127, 126, -1,
      142, 126, 143, -1,
      143, 126, 125, -1,
      143, 125, 144, -1,
      144, 125, 124, -1,
      144, 124, 145, -1,
      145, 124, 123, -1,
      145, 123, 146, -1,
      146, 123, 122, -1,
      146, 122, 130, -1,
      140, 147, 139, -1,
      139, 147, 148, -1,
      147, 140, 141, -1,
      147, 141, 149, -1,
      149, 141, 142, -1,
      149, 142, 150, -1,
      150, 142, 143, -1,
      150, 143, 151, -1,
      151, 143, 144, -1,
      151, 144, 152, -1,
      152, 144, 145, -1,
      152, 145, 153, -1,
      153, 145, 146, -1,
      153, 146, 154, -1,
      154, 146, 130, -1,
      154, 130, 155, -1,
      155, 130, 131, -1,
      155, 131, 156, -1,
      156, 131, 132, -1,
      156, 132, 157, -1,
      157, 132, 133, -1,
      157, 133, 158, -1,
      158, 133, 134, -1,
      158, 134, 159, -1,
      159, 134, 135, -1,
      159, 135, 160, -1,
      160, 135, 136, -1,
      160, 136, 161, -1,
      161, 136, 137, -1,
      161, 137, 162, -1,
      138, 163, 137, -1,
      137, 163, 162, -1,
      148, 163, 139, -1,
      139, 163, 138, -1,
      164, 80, 165, -1,
      165, 80, 79, -1,
      166, 73, 164, -1,
      164, 73, 80, -1,
      167, 71, 166, -1,
      166, 71, 73, -1,
      168, 69, 167, -1,
      167, 69, 71, -1,
      169, 70, 168, -1,
      168, 70, 69, -1,
      170, 72, 169, -1,
      169, 72, 70, -1,
      171, 74, 170, -1,
      170, 74, 72, -1,
      172, 75, 171, -1,
      171, 75, 74, -1,
      173, 76, 172, -1,
      172, 76, 75, -1,
      174, 77, 173, -1,
      173, 77, 76, -1,
      175, 78, 174, -1,
      174, 78, 77, -1,
      175, 165, 78, -1,
      78, 165, 79, -1,
      165, 175, 174, -1,
      174, 173, 165, -1,
      165, 173, 172, -1,
      165, 172, 164, -1,
      167, 166, 168, -1,
      168, 166, 164, -1,
      168, 164, 169, -1,
      169, 164, 172, -1,
      169, 172, 170, -1,
      170, 172, 171, -1,
      31, 41, 176, -1,
      31, 176, 30, -1,
      176, 177, 30, -1,
      30, 177, 178, -1,
      30, 178, 29, -1,
      29, 178, 179, -1,
      29, 179, 32, -1,
      32, 179, 180, -1,
      32, 180, 33, -1,
      33, 180, 181, -1,
      33, 181, 34, -1,
      34, 181, 182, -1,
      34, 182, 38, -1,
      38, 182, 183, -1,
      38, 183, 39, -1,
      39, 183, 184, -1,
      39, 184, 40, -1,
      40, 184, 185, -1,
      40, 185, 26, -1,
      26, 185, 186, -1,
      26, 186, 27, -1,
      27, 186, 187, -1,
      27, 187, 28, -1,
      28, 187, 188, -1,
      28, 188, 35, -1,
      35, 188, 189, -1,
      35, 189, 36, -1,
      36, 189, 37, -1,
      37, 189, 190, -1,
      37, 190, 87, -1,
      87, 190, 4, -1,
      4, 190, 191, -1,
      4, 191, 5, -1,
      5, 191, 192, -1,
      5, 192, 10, -1,
      193, 9, 192, -1,
      192, 9, 10, -1,
      9, 193, 194, -1,
      9, 194, 8, -1,
      8, 194, 195, -1,
      8, 195, 6, -1,
      6, 195, 196, -1,
      6, 196, 11, -1,
      11, 196, 197, -1,
      11, 197, 12, -1,
      12, 197, 198, -1,
      12, 198, 13, -1,
      13, 198, 199, -1,
      13, 199, 14, -1,
      14, 199, 200, -1,
      14, 200, 15, -1,
      15, 200, 201, -1,
      15, 201, 16, -1,
      16, 201, 202, -1,
      16, 202, 17, -1,
      17, 202, 203, -1,
      17, 203, 18, -1,
      18, 203, 204, -1,
      18, 204, 19, -1,
      19, 204, 205, -1,
      19, 205, 24, -1,
      24, 205, 206, -1,
      24, 206, 21, -1,
      21, 206, 207, -1,
      21, 207, 23, -1,
      23, 207, 208, -1,
      23, 208, 22, -1,
      22, 208, 209, -1,
      22, 209, 20, -1,
      20, 209, 210, -1,
      20, 210, 25, -1,
      25, 210, 211, -1,
      25, 211, 7, -1,
      7, 211, 212, -1,
      7, 212, 0, -1,
      213, 1, 212, -1,
      212, 1, 0, -1,
      2, 1, 214, -1,
      214, 1, 213, -1,
      2, 214, 3, -1,
      3, 214, 215, -1,
      3, 215, 42, -1,
      42, 215, 176, -1,
      42, 176, 41, -1,
      208, 176, 209, -1,
      209, 176, 215, -1,
      209, 215, 210, -1,
      210, 215, 214, -1,
      210, 214, 211, -1,
      211, 214, 213, -1,
      211, 213, 212, -1,
      193, 192, 194, -1,
      194, 192, 191, -1,
      194, 191, 195, -1,
      195, 191, 190, -1,
      195, 190, 196, -1,
      196, 190, 189, -1,
      196, 189, 197, -1,
      197, 189, 188, -1,
      197, 188, 198, -1,
      198, 188, 187, -1,
      198, 187, 199, -1,
      199, 187, 186, -1,
      199, 186, 200, -1,
      200, 186, 185, -1,
      200, 185, 201, -1,
      201, 185, 184, -1,
      201, 184, 202, -1,
      202, 184, 183, -1,
      202, 183, 203, -1,
      203, 183, 182, -1,
      203, 182, 204, -1,
      204, 182, 181, -1,
      204, 181, 205, -1,
      205, 181, 180, -1,
      205, 180, 206, -1,
      206, 180, 179, -1,
      206, 179, 207, -1,
      207, 179, 178, -1,
      207, 178, 208, -1,
      208, 178, 177, -1,
      208, 177, 176, -1,
      216, 85, 217, -1,
      217, 85, 82, -1,
      218, 86, 216, -1,
      216, 86, 85, -1,
      219, 84, 218, -1,
      218, 84, 86, -1,
      220, 83, 219, -1,
      219, 83, 84, -1,
      221, 81, 220, -1,
      220, 81, 83, -1,
      221, 217, 81, -1,
      81, 217, 82, -1,
      218, 216, 219, -1,
      219, 216, 217, -1,
      219, 217, 220, -1,
      220, 217, 221, -1,
    ]
  }
}

Shape {
  appearance Appearance {
    material Material {
      diffuseColor 1.0000 1.0000 1.0000
      specularColor 0.3020 0.3020 0.3020
      ambientIntensity 0.2
      transparency 0.0000
      shininess 0.5
    }
  }
  geometry IndexedFaceSet {
    ccw TRUE
    solid FALSE
    coord DEF co Coordinate {
      point [
        -0.059857 -0.011830 -0.011288,
        -0.059506 -0.010460 -0.011288,
        -0.059249 -0.009069 -0.011288,
        -0.059122 -0.009069 -0.011288,
        -0.058864 -0.010463 -0.011288,
        -0.058491 -0.011830 -0.011288,
        -0.052617 -0.028274 -0.011288,
        -0.065783 -0.028274 -0.011288,
        -0.018071 -0.039317 -0.011288,
        -0.012482 -0.039317 -0.011288,
        -0.022230 -0.038929 -0.011288,
        -0.025543 -0.037897 -0.011288,
        -0.028204 -0.036316 -0.011288,
        -0.030429 -0.034125 -0.011288,
        -0.032078 -0.031437 -0.011288,
        -0.033122 -0.028306 -0.011288,
        -0.033607 -0.023570 -0.011288,
        -0.033273 -0.019652 -0.011288,
        -0.032353 -0.016541 -0.011288,
        -0.031005 -0.014124 -0.011288,
        -0.029094 -0.012090 -0.011288,
        -0.026226 -0.010235 -0.011288,
        -0.022976 -0.009091 -0.011288,
        -0.018289 -0.008589 -0.011288,
        -0.012482 -0.008589 -0.011288,
        0.826189 -0.505304 0.443714,
        0.826189 -0.505304 1.075323,
        1.180385 -0.505304 0.443714,
        1.180385 -0.505304 1.075323,
        1.180385 -0.524989 1.075323,
        0.826189 -0.524989 1.075323,
        0.826189 -0.524989 0.443714,
        1.180385 -0.524989 0.443714,
        1.160700 -0.544674 0.463399,
        1.160700 -0.544674 1.055638,
        0.845874 -0.544674 0.463399,
        0.845874 -0.544674 1.055638,
        1.174620 -0.538908 1.069557,
        1.176318 -0.536972 1.071256,
        0.830256 -0.536972 1.071256,
        1.177748 -0.534831 1.072686,
        0.828826 -0.534831 1.072686,
        1.178887 -0.532522 1.073825,
        0.827687 -0.532522 1.073825,
        1.179715 -0.530084 1.074653,
        0.826859 -0.530084 1.074653,
        1.180217 -0.527558 1.075155,
        0.826357 -0.527558 1.075155,
        0.831954 -0.538908 1.069557,
        0.836031 -0.542037 1.065481,
        1.170543 -0.542037 1.065481,
        0.840779 -0.544003 1.060733,
        1.165795 -0.544003 1.060733,
        1.180217 -0.527558 0.443883,
        1.179715 -0.530084 0.444385,
        1.178887 -0.532522 0.445213,
        1.177748 -0.534831 0.446352,
        1.176318 -0.536972 0.447782,
        1.174620 -0.538908 0.449480,
        1.170543 -0.542037 0.453557,
        1.165795 -0.544003 0.458304,
        0.830256 -0.536972 0.447782,
        0.831954 -0.538908 0.449480,
        0.836031 -0.542037 0.453557,
        0.840779 -0.544003 0.458304,
        0.828826 -0.534831 0.446352,
        0.827687 -0.532522 0.445213,
        0.826859 -0.530084 0.444385,
        0.826357 -0.527558 0.443883,
      ]
    }
    coordIndex [
      6, 7, 5, -1,
      5, 7, 0, -1,
      5, 0, 4, -1,
      4, 0, 1, -1,
      4, 1, 3, -1,
      3, 1, 2, -1,
      24, 9, 23, -1,
      23, 9, 8, -1,
      15, 16, 23, -1,
      16, 17, 23, -1,
      23, 17, 18, -1,
      23, 18, 22, -1,
      8, 10, 23, -1,
      23, 10, 11, -1,
      23, 11, 12, -1,
      19, 20, 18, -1,
      18, 20, 21, -1,
      18, 21, 22, -1,
      12, 13, 23, -1,
      23, 13, 14, -1,
      23, 14, 15, -1,
      25, 26, 27, -1,
      27, 26, 28, -1,
      29, 28, 30, -1,
      30, 28, 26, -1,
      30, 26, 31, -1,
      31, 26, 25, -1,
      31, 25, 32, -1,
      32, 25, 27, -1,
      32, 27, 29, -1,
      29, 27, 28, -1,
      33, 34, 35, -1,
      35, 34, 36, -1,
      37, 38, 39, -1,
      39, 38, 40, -1,
      39, 40, 41, -1,
      41, 40, 42, -1,
      41, 42, 43, -1,
      43, 42, 44, -1,
      43, 44, 45, -1,
      45, 44, 46, -1,
      45, 46, 47, -1,
      47, 46, 29, -1,
      47, 29, 30, -1,
      39, 48, 37, -1,
      37, 48, 49, -1,
      37, 49, 50, -1,
      50, 49, 51, -1,
      50, 51, 52, -1,
      52, 51, 36, -1,
      52, 36, 34, -1,
      32, 29, 53, -1,
      53, 29, 46, -1,
      53, 46, 54, -1,
      54, 46, 44, -1,
      54, 44, 55, -1,
      55, 44, 42, -1,
      55, 42, 56, -1,
      56, 42, 40, -1,
      56, 40, 57, -1,
      57, 40, 38, -1,
      57, 38, 58, -1,
      38, 37, 58, -1,
      58, 37, 50, -1,
      58, 50, 59, -1,
      59, 50, 52, -1,
      59, 52, 60, -1,
      60, 52, 34, -1,
      60, 34, 33, -1,
      61, 62, 48, -1,
      48, 62, 63, -1,
      48, 63, 49, -1,
      49, 63, 64, -1,
      49, 64, 51, -1,
      51, 64, 35, -1,
      51, 35, 36, -1,
      48, 39, 61, -1,
      61, 39, 41, -1,
      61, 41, 65, -1,
      65, 41, 43, -1,
      65, 43, 66, -1,
      66, 43, 45, -1,
      66, 45, 67, -1,
      67, 45, 47, -1,
      67, 47, 68, -1,
      68, 47, 30, -1,
      68, 30, 31, -1,
      62, 61, 57, -1,
      57, 61, 65, -1,
      57, 65, 56, -1,
      56, 65, 66, -1,
      56, 66, 55, -1,
      55, 66, 67, -1,
      55, 67, 54, -1,
      54, 67, 68, -1,
      54, 68, 53, -1,
      53, 68, 31, -1,
      53, 31, 32, -1,
      57, 58, 62, -1,
      62, 58, 59, -1,
      62, 59, 63, -1,
      63, 59, 60, -1,
      63, 60, 64, -1,
      64, 60, 33, -1,
      64, 33, 35, -1,
    ]
  }
}

Shape {
  appearance Appearance {
    material Material {
      diffuseColor 0.7765 0.7569 0.7373
      specularColor 0.3882 0.3765 0.3686
      ambientIntensity 0.2
      transparency 0.0000
      shininess 0.5
    }
  }
  geometry IndexedFaceSet {
    ccw TRUE
    solid FALSE
    coord DEF co Coordinate {
      point [
        -0.935039 0.581310 -0.011288,
        -0.935039 0.270287 -0.011288,
        -0.935039 0.581310 0.067452,
        -0.935039 0.270287 0.067452,
        -0.718504 0.581310 -0.011288,
        -0.718504 0.581310 0.067452,
        -0.718504 0.270287 -0.011288,
        -0.718504 0.270287 0.067452,
      ]
    }
    coordIndex [
      0, 1, 2, -1,
      2, 1, 3, -1,
      4, 0, 5, -1,
      5, 0, 2, -1,
      6, 4, 7, -1,
      7, 4, 5, -1,
      1, 6, 3, -1,
      3, 6, 7, -1,
      4, 6, 0, -1,
      0, 6, 1, -1,
      7, 5, 3, -1,
      3, 5, 2, -1,
    ]
  }
}

Shape {
  appearance Appearance {
    material Material {
      diffuseColor 1.0000 1.0000 1.0000
      specularColor 0.3020 0.3020 0.3020
      ambientIntensity 0.2
      transparency 0.0000
      shininess 0.5
    }
  }
  geometry IndexedFaceSet {
    ccw TRUE
    solid FALSE
    coord DEF co Coordinate {
      point [
        -1.180385 -0.524989 0.443714,
        -1.180385 -0.505304 0.443714,
        -0.826189 -0.524989 0.443714,
        -0.826189 -0.505304 0.443714,
        -0.826189 -0.524989 1.075323,
        -0.826189 -0.505304 1.075323,
        -1.180385 -0.524989 1.075323,
        -1.180385 -0.505304 1.075323,
        -1.160700 -0.544674 0.463399,
        -0.845874 -0.544674 0.463399,
        -1.160700 -0.544674 1.055638,
        -0.845874 -0.544674 1.055638,
        -0.831954 -0.538908 0.449480,
        -0.836031 -0.542037 1.065481,
        -0.836031 -0.542037 0.453557,
        -0.840779 -0.544003 1.060733,
        -0.840779 -0.544003 0.458304,
        -0.826357 -0.527558 0.443883,
        -0.826357 -0.527558 1.075155,
        -0.826859 -0.530084 0.444385,
        -0.826859 -0.530084 1.074653,
        -0.827687 -0.532522 0.445213,
        -0.827687 -0.532522 1.073825,
        -0.828826 -0.534831 0.446352,
        -0.828826 -0.534831 1.072686,
        -0.830256 -0.536972 0.447782,
        -0.830256 -0.536972 1.071256,
        -0.831954 -0.538908 1.069557,
        -1.170543 -0.542037 1.065481,
        -1.165795 -0.544003 1.060733,
        -1.180217 -0.527558 1.075155,
        -1.179715 -0.530084 1.074653,
        -1.178887 -0.532522 1.073825,
        -1.177748 -0.534831 1.072686,
        -1.176318 -0.536972 1.071256,
        -1.174620 -0.538908 1.069557,
        -1.174620 -0.538908 0.449480,
        -1.176318 -0.536972 0.447782,
        -1.177748 -0.534831 0.446352,
        -1.178887 -0.532522 0.445213,
        -1.179715 -0.530084 0.444385,
        -1.180217 -0.527558 0.443883,
        -1.170543 -0.542037 0.453557,
        -1.165795 -0.544003 0.458304,
      ]
    }
    coordIndex [
      0, 1, 2, -1,
      2, 1, 3, -1,
      2, 3, 4, -1,
      4, 3, 5, -1,
      4, 5, 6, -1,
      6, 5, 7, -1,
      6, 7, 0, -1,
      0, 7, 1, -1,
      8, 9, 10, -1,
      10, 9, 11, -1,
      7, 5, 1, -1,
      1, 5, 3, -1,
      12, 13, 14, -1,
      14, 13, 15, -1,
      14, 15, 16, -1,
      16, 15, 11, -1,
      16, 11, 9, -1,
      2, 4, 17, -1,
      17, 4, 18, -1,
      17, 18, 19, -1,
      19, 18, 20, -1,
      19, 20, 21, -1,
      21, 20, 22, -1,
      21, 22, 23, -1,
      23, 22, 24, -1,
      23, 24, 25, -1,
      25, 24, 26, -1,
      25, 26, 12, -1,
      12, 26, 27, -1,
      12, 27, 13, -1,
      27, 28, 13, -1,
      13, 28, 29, -1,
      13, 29, 15, -1,
      15, 29, 10, -1,
      15, 10, 11, -1,
      4, 6, 18, -1,
      18, 6, 30, -1,
      18, 30, 20, -1,
      20, 30, 31, -1,
      20, 31, 22, -1,
      22, 31, 32, -1,
      22, 32, 24, -1,
      24, 32, 33, -1,
      24, 33, 26, -1,
      26, 33, 34, -1,
      26, 34, 27, -1,
      27, 34, 35, -1,
      27, 35, 28, -1,
      36, 37, 25, -1,
      25, 37, 38, -1,
      25, 38, 23, -1,
      23, 38, 39, -1,
      23, 39, 21, -1,
      21, 39, 40, -1,
      21, 40, 19, -1,
      19, 40, 41, -1,
      19, 41, 17, -1,
      17, 41, 0, -1,
      17, 0, 2, -1,
      25, 12, 36, -1,
      36, 12, 14, -1,
      36, 14, 42, -1,
      42, 14, 16, -1,
      42, 16, 43, -1,
      43, 16, 9, -1,
      43, 9, 8, -1,
      37, 36, 35, -1,
      35, 36, 42, -1,
      35, 42, 28, -1,
      28, 42, 43, -1,
      28, 43, 29, -1,
      29, 43, 8, -1,
      29, 8, 10, -1,
      35, 34, 37, -1,
      37, 34, 33, -1,
      37, 33, 38, -1,
      38, 33, 32, -1,
      38, 32, 39, -1,
      39, 32, 31, -1,
      39, 31, 40, -1,
      40, 31, 30, -1,
      40, 30, 41, -1,
      41, 30, 6, -1,
      41, 6, 0, -1,
    ]
  }
}
