#VRML V2.0 utf8

Shape {
  appearance Appearance {
    material Material {
      diffuseColor 0.2510 0.2510 0.2510
      specularColor 0.1255 0.1255 0.1255
      ambientIntensity 0.2
      transparency 0.0000
      shininess 0.5
    }
  }
  geometry IndexedFaceSet {
    ccw TRUE
    solid FALSE
    coord DEF co Coordinate {
      point [
        -0.250259 -0.263406 0.118110,
        -0.250205 -0.265432 0.118110,
        -0.019126 -0.393701 0.118110,
        0.285139 0.347846 0.118110,
        0.285139 0.336023 0.118110,
        0.290454 0.336023 0.118110,
        0.318573 0.322862 0.118110,
        0.314771 0.313219 0.118110,
        0.319474 0.313219 0.118110,
        0.306158 0.313271 0.118110,
        0.305694 0.313219 0.118110,
        0.308989 0.313219 0.118110,
        0.237996 0.324381 0.118110,
        0.239658 0.322868 0.118110,
        0.243507 0.324878 0.118110,
        0.212616 0.332842 0.118110,
        0.213301 0.334389 0.118110,
        -0.019126 0.334389 0.118110,
        0.269583 0.334389 0.118110,
        0.277952 0.334389 0.118110,
        0.268952 0.335269 0.118110,
        0.277952 0.347959 0.118110,
        0.266377 0.337444 0.118110,
        0.253739 0.349338 0.118110,
        0.255790 0.347959 0.118110,
        0.257970 0.346493 0.118110,
        0.261117 0.342851 0.118110,
        0.263094 0.338998 0.118110,
        0.263552 0.338844 0.118110,
        0.240374 0.350849 0.118110,
        0.245067 0.351427 0.118110,
        0.277952 0.393701 0.118110,
        0.248977 0.351016 0.118110,
        0.235998 0.349162 0.118110,
        -0.019126 0.393701 0.118110,
        0.234056 0.347959 0.118110,
        -0.019126 0.347959 0.118110,
        0.233681 0.347726 0.118110,
        0.214129 0.336259 0.118110,
        0.216413 0.339187 0.118110,
        0.223583 0.343279 0.118110,
        0.227324 0.343741 0.118110,
        0.231451 0.345817 0.118110,
        0.228415 0.343682 0.118110,
        0.229506 0.343552 0.118110,
        0.217051 0.339792 0.118110,
        0.220069 0.341914 0.118110,
        -0.019126 0.324878 0.118110,
        0.211953 0.328371 0.118110,
        0.211980 0.329276 0.118110,
        0.218896 0.315506 0.118110,
        0.215938 0.318029 0.118110,
        -0.019126 0.313219 0.118110,
        0.222324 0.313835 0.118110,
        0.213775 0.321117 0.118110,
        0.212414 0.324648 0.118110,
        0.212385 0.324878 0.118110,
        0.223529 0.313474 0.118110,
        0.223648 0.313219 0.118110,
        0.224484 0.311433 0.118110,
        0.225897 0.309692 0.118110,
        0.232543 0.307022 0.118110,
        0.234845 0.307307 0.118110,
        0.277952 -0.393701 0.118110,
        0.236470 0.307932 0.118110,
        0.232184 0.307029 0.118110,
        0.229944 0.307377 0.118110,
        -0.019126 0.307932 0.118110,
        0.228619 0.307932 0.118110,
        0.227754 0.308294 0.118110,
        0.241430 0.313219 0.118110,
        0.241417 0.313163 0.118110,
        0.277952 0.307932 0.118110,
        0.240291 0.311052 0.118110,
        0.238850 0.309437 0.118110,
        0.236961 0.308121 0.118110,
        0.277952 0.324878 0.118110,
        0.272270 0.324878 0.118110,
        0.272054 0.323187 0.118110,
        0.253548 0.318816 0.118110,
        0.254199 0.319073 0.118110,
        0.255314 0.324481 0.118110,
        0.268977 0.317554 0.118110,
        0.266398 0.315371 0.118110,
        0.277952 0.313219 0.118110,
        0.252965 0.318402 0.118110,
        0.254934 0.319167 0.118110,
        0.255027 0.319161 0.118110,
        0.255311 0.319098 0.118110,
        0.270863 0.320183 0.118110,
        0.251993 0.316226 0.118110,
        0.252017 0.316600 0.118110,
        0.242030 0.317459 0.118110,
        0.252207 0.317322 0.118110,
        0.252572 0.317970 0.118110,
        0.264676 0.321452 0.118110,
        0.265720 0.322931 0.118110,
        0.254210 0.313371 0.118110,
        0.253582 0.313618 0.118110,
        0.252967 0.314056 0.118110,
        0.252746 0.314280 0.118110,
        0.252333 0.314876 0.118110,
        0.252083 0.315519 0.118110,
        0.241977 0.315505 0.118110,
        0.242030 0.316511 0.118110,
        0.263503 0.313954 0.118110,
        0.260343 0.313285 0.118110,
        0.254744 0.313285 0.118110,
        0.255504 0.319072 0.118110,
        0.259773 0.319072 0.118110,
        0.261489 0.319403 0.118110,
        0.263162 0.320181 0.118110,
        0.264563 0.321330 0.118110,
        0.233691 0.326026 0.118110,
        0.235981 0.325459 0.118110,
        0.258331 0.334389 0.118110,
        0.232543 0.326094 0.118110,
        0.266376 0.324621 0.118110,
        0.266407 0.324878 0.118110,
        0.255081 0.324878 0.118110,
        0.266605 0.326473 0.118110,
        0.266556 0.327322 0.118110,
        0.230270 0.325813 0.118110,
        0.220012 0.334389 0.118110,
        0.228175 0.325009 0.118110,
        0.219029 0.332979 0.118110,
        0.218215 0.330863 0.118110,
        0.218697 0.324878 0.118110,
        0.227986 0.324878 0.118110,
        0.218047 0.327080 0.118110,
        0.217931 0.328561 0.118110,
        0.264140 0.331982 0.118110,
        0.262669 0.333011 0.118110,
        0.266106 0.329143 0.118110,
        0.265220 0.330778 0.118110,
        0.258445 0.333874 0.118110,
        0.252372 0.329509 0.118110,
        0.259204 0.333874 0.118110,
        0.261014 0.333650 0.118110,
        0.237066 0.324878 0.118110,
        0.218731 0.324760 0.118110,
        0.224668 0.321865 0.118110,
        0.226236 0.323660 0.118110,
        0.219851 0.322857 0.118110,
        0.221552 0.321109 0.118110,
        0.223624 0.319831 0.118110,
        0.256389 0.339591 0.118110,
        0.254245 0.342144 0.118110,
        0.232448 0.336626 0.118110,
        0.254025 0.342344 0.118110,
        0.251360 0.344196 0.118110,
        0.233899 0.339630 0.118110,
        0.231792 0.336985 0.118110,
        0.257857 0.336536 0.118110,
        0.229665 0.337768 0.118110,
        0.227419 0.338049 0.118110,
        0.226413 0.337995 0.118110,
        0.236028 0.342172 0.118110,
        0.248385 0.345337 0.118110,
        0.238565 0.344026 0.118110,
        0.245161 0.345734 0.118110,
        0.241664 0.345283 0.118110,
        0.224072 0.337435 0.118110,
        0.221960 0.336309 0.118110,
        0.220346 0.334868 0.118110,
        0.270890 0.332570 0.118110,
        0.272051 0.329673 0.118110,
        0.272487 0.326568 0.118110,
        0.351782 0.313331 0.118110,
        0.328812 0.313219 0.118110,
        0.353685 0.313331 0.118110,
        0.393701 0.313219 0.118110,
        0.349287 0.324878 0.118110,
        0.393701 0.324878 0.118110,
        0.348603 0.326676 0.118110,
        0.339862 0.316297 0.118110,
        0.338925 0.315200 0.118110,
        0.341678 0.313331 0.118110,
        0.337507 0.314188 0.118110,
        0.335980 0.313599 0.118110,
        0.333743 0.313331 0.118110,
        0.343581 0.313331 0.118110,
        0.344864 0.316981 0.118110,
        0.350421 0.316981 0.118110,
        0.339526 0.324302 0.118110,
        0.340319 0.323094 0.118110,
        0.346076 0.324878 0.118110,
        0.340771 0.321779 0.118110,
        0.340937 0.320174 0.118110,
        0.340885 0.319209 0.118110,
        0.340541 0.317665 0.118110,
        0.330072 0.313331 0.118110,
        0.330072 0.324878 0.118110,
        0.328812 0.324878 0.118110,
        0.330072 0.326676 0.118110,
        0.328812 0.334389 0.118110,
        0.333880 0.326676 0.118110,
        0.336105 0.326404 0.118110,
        0.393701 0.334389 0.118110,
        0.346761 0.326676 0.118110,
        0.337691 0.325776 0.118110,
        0.338925 0.324909 0.118110,
        0.338955 0.324878 0.118110,
        0.285139 0.324878 0.118110,
        0.285139 0.320870 0.118110,
        0.290797 0.324878 0.118110,
        0.289911 0.320870 0.118110,
        0.285139 0.319342 0.118110,
        0.285139 0.314852 0.118110,
        0.289911 0.319342 0.118110,
        0.290594 0.314852 0.118110,
        0.290797 0.313219 0.118110,
        0.290594 0.313331 0.118110,
        0.283417 0.313331 0.118110,
        0.283417 0.326676 0.118110,
        0.283417 0.324878 0.118110,
        0.285139 0.325141 0.118110,
        0.290290 0.325141 0.118110,
        0.290290 0.326676 0.118110,
        0.290797 0.334389 0.118110,
        0.333709 0.338152 0.118110,
        0.328812 0.338152 0.118110,
        0.335070 0.334502 0.118110,
        0.336974 0.334502 0.118110,
        0.331891 0.347846 0.118110,
        0.393701 0.347959 0.118110,
        0.328812 0.347959 0.118110,
        0.328152 0.338152 0.118110,
        0.326869 0.334502 0.118110,
        0.324596 0.334389 0.118110,
        0.324966 0.334502 0.118110,
        0.324596 0.347959 0.118110,
        0.328812 0.344600 0.118110,
        0.330049 0.347846 0.118110,
        0.308989 0.340512 0.118110,
        0.305385 0.340512 0.118110,
        0.308989 0.336023 0.118110,
        0.305385 0.336023 0.118110,
        0.312100 0.347959 0.118110,
        0.308989 0.347959 0.118110,
        0.310536 0.347846 0.118110,
        0.308989 0.347846 0.118110,
        0.310157 0.340512 0.118110,
        0.310840 0.336023 0.118110,
        0.310157 0.342040 0.118110,
        0.310536 0.346311 0.118110,
        0.308989 0.342040 0.118110,
        0.308989 0.346311 0.118110,
        0.305385 0.346311 0.118110,
        0.305385 0.342040 0.118110,
        0.303663 0.334502 0.118110,
        0.302890 0.334389 0.118110,
        0.308989 0.334389 0.118110,
        0.312100 0.334389 0.118110,
        0.310840 0.334502 0.118110,
        0.308989 0.334502 0.118110,
        0.303663 0.347846 0.118110,
        0.302890 0.347959 0.118110,
        0.299191 0.347959 0.118110,
        0.299695 0.347913 0.118110,
        0.300991 0.347526 0.118110,
        0.300991 0.345724 0.118110,
        0.300991 0.336705 0.118110,
        0.300991 0.335054 0.118110,
        0.300764 0.334941 0.118110,
        0.299331 0.334471 0.118110,
        0.298474 0.334389 0.118110,
        0.298244 0.335841 0.118110,
        0.299742 0.336135 0.118110,
        0.292809 0.340899 0.118110,
        0.292808 0.341024 0.118110,
        0.294003 0.344800 0.118110,
        0.293389 0.343841 0.118110,
        0.292974 0.342637 0.118110,
        0.300733 0.345861 0.118110,
        0.299365 0.346350 0.118110,
        0.294377 0.336961 0.118110,
        0.295248 0.336343 0.118110,
        0.297846 0.346516 0.118110,
        0.297256 0.346489 0.118110,
        0.296105 0.346251 0.118110,
        0.294118 0.337217 0.118110,
        0.293019 0.339261 0.118110,
        0.293439 0.338174 0.118110,
        0.296198 0.335975 0.118110,
        0.297546 0.335811 0.118110,
        0.295063 0.345750 0.118110,
        0.294210 0.345035 0.118110,
        0.291597 0.393701 0.118110,
        0.297829 0.348072 0.118110,
        0.302890 0.393701 0.118110,
        0.297973 0.348071 0.118110,
        0.296719 0.347959 0.118110,
        0.291597 0.347959 0.118110,
        0.296187 0.347905 0.118110,
        0.294747 0.347418 0.118110,
        0.292027 0.344955 0.118110,
        0.292927 0.346107 0.118110,
        0.293410 0.346554 0.118110,
        0.290797 0.347959 0.118110,
        0.291366 0.343492 0.118110,
        0.291597 0.344003 0.118110,
        0.291597 0.337892 0.118110,
        0.291255 0.338780 0.118110,
        0.291000 0.340921 0.118110,
        0.291036 0.341780 0.118110,
        0.295015 0.334622 0.118110,
        0.293760 0.335222 0.118110,
        0.291597 0.334389 0.118110,
        0.292712 0.336098 0.118110,
        0.292585 0.336238 0.118110,
        0.291793 0.337381 0.118110,
        0.296120 0.334389 0.118110,
        0.291597 0.324878 0.118110,
        0.296456 0.334318 0.118110,
        0.297297 0.334276 0.118110,
        0.302890 0.324878 0.118110,
        0.323830 0.338835 0.118110,
        0.323150 0.337468 0.118110,
        0.319474 0.347959 0.118110,
        0.319474 0.347543 0.118110,
        0.320979 0.346946 0.118110,
        0.319474 0.334849 0.118110,
        0.319474 0.334389 0.118110,
        0.320795 0.335359 0.118110,
        0.322213 0.336371 0.118110,
        0.322213 0.346079 0.118110,
        0.322814 0.345472 0.118110,
        0.323607 0.344265 0.118110,
        0.324059 0.342949 0.118110,
        0.324226 0.341344 0.118110,
        0.324174 0.340380 0.118110,
        0.317168 0.347846 0.118110,
        0.319393 0.347574 0.118110,
        0.319269 0.334770 0.118110,
        0.317031 0.334502 0.118110,
        0.313361 0.334502 0.118110,
        0.313361 0.347846 0.118110,
        0.296756 0.313446 0.118110,
        0.296126 0.313219 0.118110,
        0.298181 0.313331 0.118110,
        0.293125 0.320570 0.118110,
        0.293125 0.322194 0.118110,
        0.296816 0.321663 0.118110,
        0.296250 0.321723 0.118110,
        0.295356 0.318994 0.118110,
        0.297348 0.313840 0.118110,
        0.292815 0.317811 0.118110,
        0.293302 0.318263 0.118110,
        0.293973 0.318634 0.118110,
        0.294280 0.321295 0.118110,
        0.295327 0.321634 0.118110,
        0.293575 0.313464 0.118110,
        0.293013 0.313856 0.118110,
        0.291597 0.313219 0.118110,
        0.292826 0.314046 0.118110,
        0.292478 0.314559 0.118110,
        0.298181 0.314805 0.118110,
        0.298136 0.314805 0.118110,
        0.297876 0.314408 0.118110,
        0.292276 0.315125 0.118110,
        0.292194 0.315883 0.118110,
        0.292269 0.316655 0.118110,
        0.292470 0.317268 0.118110,
        0.302602 0.318782 0.118110,
        0.302383 0.319131 0.118110,
        0.299852 0.319465 0.118110,
        0.302199 0.319641 0.118110,
        0.299687 0.320876 0.118110,
        0.302128 0.320290 0.118110,
        0.298181 0.319389 0.118110,
        0.298122 0.320129 0.118110,
        0.297950 0.320724 0.118110,
        0.297753 0.321068 0.118110,
        0.293606 0.322463 0.118110,
        0.294874 0.322915 0.118110,
        0.296407 0.323080 0.118110,
        0.302875 0.318496 0.118110,
        0.302117 0.315391 0.118110,
        0.302890 0.318487 0.118110,
        0.302770 0.314987 0.118110,
        0.302890 0.314943 0.118110,
        0.297580 0.322953 0.118110,
        0.298245 0.322718 0.118110,
        0.302703 0.321878 0.118110,
        0.298774 0.322380 0.118110,
        0.297500 0.321337 0.118110,
        0.297204 0.321528 0.118110,
        0.302193 0.320888 0.118110,
        0.302393 0.321426 0.118110,
        0.299411 0.321590 0.118110,
        0.299057 0.322105 0.118110,
        0.296078 0.313201 0.118110,
        0.302890 0.307932 0.118110,
        0.291597 0.307932 0.118110,
        0.295216 0.313106 0.118110,
        0.294216 0.313222 0.118110,
        0.302117 0.313665 0.118110,
        0.299852 0.313331 0.118110,
        0.302890 0.313396 0.118110,
        0.302890 0.313219 0.118110,
        0.303313 0.313248 0.118110,
        0.303602 0.313219 0.118110,
        0.304703 0.313106 0.118110,
        0.308989 0.307932 0.118110,
        0.308989 0.324878 0.118110,
        0.308097 0.322657 0.118110,
        0.308097 0.321034 0.118110,
        0.307995 0.317500 0.118110,
        0.308307 0.317039 0.118110,
        0.303198 0.322323 0.118110,
        0.303596 0.322569 0.118110,
        0.302890 0.322046 0.118110,
        0.308485 0.316546 0.118110,
        0.308554 0.315924 0.118110,
        0.308475 0.315252 0.118110,
        0.308269 0.314722 0.118110,
        0.307958 0.314281 0.118110,
        0.304489 0.322917 0.118110,
        0.305839 0.323080 0.118110,
        0.306827 0.323008 0.118110,
        0.307480 0.313863 0.118110,
        0.307050 0.313603 0.118110,
        0.305675 0.321723 0.118110,
        0.305180 0.321686 0.118110,
        0.303850 0.320440 0.118110,
        0.304733 0.321567 0.118110,
        0.304358 0.321368 0.118110,
        0.303865 0.320218 0.118110,
        0.303931 0.319958 0.118110,
        0.304052 0.319733 0.118110,
        0.304215 0.319553 0.118110,
        0.304804 0.319185 0.118110,
        0.306774 0.321598 0.118110,
        0.305839 0.318735 0.118110,
        0.307717 0.321252 0.118110,
        0.306486 0.318472 0.118110,
        0.307596 0.317855 0.118110,
        0.304106 0.321145 0.118110,
        0.303963 0.320932 0.118110,
        0.303880 0.320707 0.118110,
        0.303819 0.314593 0.118110,
        0.304659 0.317520 0.118110,
        0.303662 0.317977 0.118110,
        0.304867 0.314470 0.118110,
        0.304941 0.314471 0.118110,
        0.305756 0.317060 0.118110,
        0.305797 0.314567 0.118110,
        0.306838 0.315760 0.118110,
        0.306822 0.315968 0.118110,
        0.306229 0.314725 0.118110,
        0.306381 0.314817 0.118110,
        0.306573 0.314987 0.118110,
        0.306719 0.315203 0.118110,
        0.306804 0.315441 0.118110,
        0.306746 0.316229 0.118110,
        0.306617 0.316450 0.118110,
        0.306409 0.316667 0.118110,
        0.313784 0.315698 0.118110,
        0.313989 0.314914 0.118110,
        0.314033 0.314914 0.118110,
        0.319474 0.324878 0.118110,
        0.312100 0.324878 0.118110,
        0.316840 0.322862 0.118110,
        0.312100 0.320541 0.118110,
        0.314237 0.315685 0.118110,
        0.314109 0.315241 0.118110,
        0.312100 0.316055 0.118110,
        0.309424 0.322862 0.118110,
        0.311293 0.322862 0.118110,
        0.313107 0.313219 0.118110,
        0.313163 0.313352 0.118110,
        0.312100 0.313219 0.118110,
        0.312430 0.311619 0.118110,
        0.312102 0.311019 0.118110,
        0.309769 0.310465 0.118110,
        0.309769 0.308978 0.118110,
        0.310111 0.310354 0.118110,
        0.310717 0.310274 0.118110,
        0.311119 0.310319 0.118110,
        0.312100 0.309140 0.118110,
        0.311522 0.308919 0.118110,
        0.312100 0.307932 0.118110,
        0.310846 0.308842 0.118110,
        0.310478 0.308855 0.118110,
        0.311484 0.310457 0.118110,
        0.311791 0.310670 0.118110,
        0.314248 0.311891 0.118110,
        0.313491 0.310418 0.118110,
        0.319474 0.307932 0.118110,
        0.312879 0.309683 0.118110,
        0.312765 0.309579 0.118110,
        0.312181 0.309171 0.118110,
        0.322097 0.319342 0.118110,
        0.322097 0.314852 0.118110,
        0.324596 0.314852 0.118110,
        0.327552 0.314852 0.118110,
        0.327552 0.313331 0.118110,
        0.324596 0.313219 0.118110,
        0.326869 0.319342 0.118110,
        0.324596 0.319342 0.118110,
        0.322097 0.324878 0.118110,
        0.322097 0.320870 0.118110,
        0.324596 0.320870 0.118110,
        0.322097 0.325141 0.118110,
        0.324596 0.324878 0.118110,
        0.326869 0.320870 0.118110,
        0.320374 0.313331 0.118110,
        0.320374 0.324878 0.118110,
        0.320374 0.326676 0.118110,
        0.324596 0.313331 0.118110,
        0.308989 0.393701 0.118110,
        0.312100 0.393701 0.118110,
        0.319474 0.393701 0.118110,
        0.324596 0.393701 0.118110,
        0.328812 0.393701 0.118110,
        0.393701 0.393701 0.118110,
        0.290797 0.393701 0.118110,
        0.283417 0.334502 0.118110,
        0.283417 0.347846 0.118110,
        0.290454 0.334502 0.118110,
        0.324596 0.326676 0.118110,
        0.327248 0.326676 0.118110,
        0.327248 0.325141 0.118110,
        0.324596 0.325141 0.118110,
        0.324596 0.307932 0.118110,
        0.328812 0.307932 0.118110,
        0.393701 0.307932 0.118110,
        0.290797 0.307932 0.118110,
        0.290797 -0.393701 0.118110,
        0.291597 -0.393701 0.118110,
        0.302890 -0.393701 0.118110,
        0.308989 -0.393701 0.118110,
        0.312100 -0.393701 0.118110,
        0.319474 -0.393701 0.118110,
        0.324596 -0.393701 0.118110,
        0.328812 -0.393701 0.118110,
        0.393701 -0.393701 0.118110,
        -0.251393 -0.274967 0.118110,
        -0.254887 -0.284013 0.118110,
        -0.260569 -0.291985 0.118110,
        -0.283068 -0.304129 0.118110,
        -0.393701 -0.393701 0.118110,
        -0.273784 -0.301404 0.118110,
        -0.265374 -0.296402 0.118110,
        -0.327464 -0.275052 0.118110,
        -0.328651 -0.265473 0.118110,
        -0.287035 -0.226287 0.118110,
        -0.277555 -0.228050 0.118110,
        -0.268646 -0.232171 0.118110,
        -0.292831 -0.304512 0.118110,
        -0.302384 -0.302452 0.118110,
        -0.311021 -0.298180 0.118110,
        -0.261702 -0.237702 0.118110,
        -0.255681 -0.245443 0.118110,
        -0.251831 -0.254296 0.118110,
        -0.318295 -0.291995 0.118110,
        -0.323878 -0.284187 0.118110,
        -0.296563 -0.226857 0.118110,
        -0.393701 0.307932 0.118110,
        -0.393701 0.313219 0.118110,
        -0.393701 0.324878 0.118110,
        -0.393701 0.334389 0.118110,
        -0.393701 0.347959 0.118110,
        -0.393701 0.393701 0.118110,
        -0.328651 -0.265311 0.118110,
        -0.327417 -0.255629 0.118110,
        -0.323819 -0.246572 0.118110,
        -0.318172 -0.238737 0.118110,
        -0.313939 -0.234800 0.118110,
        -0.305852 -0.229817 0.118110,
        -0.349409 0.250000 0.000000,
        -0.393701 0.250000 0.000000,
        -0.393701 0.393701 0.000000,
        -0.196850 -0.393701 0.000000,
        -0.349409 -0.393701 0.000000,
        -0.349409 -0.383858 0.000000,
        -0.354331 -0.204724 0.000000,
        -0.393701 -0.250000 0.000000,
        -0.354331 0.204724 0.000000,
        -0.349409 0.204724 0.000000,
        -0.196850 0.204724 0.000000,
        -0.196850 0.250000 0.000000,
        0.000000 0.204724 0.000000,
        0.000000 0.250000 0.000000,
        0.196850 0.204724 0.000000,
        0.196850 0.250000 0.000000,
        0.349409 0.204724 0.000000,
        0.349409 0.250000 0.000000,
        0.354331 0.204724 0.000000,
        0.393701 -0.250000 0.000000,
        0.354331 -0.204724 0.000000,
        0.393701 0.250000 0.000000,
        0.349409 -0.204724 0.000000,
        0.349409 -0.250000 0.000000,
        0.196850 -0.204724 0.000000,
        0.196850 -0.250000 0.000000,
        0.000000 -0.204724 0.000000,
        0.000000 -0.250000 0.000000,
        -0.196850 -0.204724 0.000000,
        -0.196850 -0.250000 0.000000,
        -0.349409 -0.204724 0.000000,
        -0.349409 -0.250000 0.000000,
        -0.196850 -0.383858 0.000000,
        0.000000 -0.393701 0.000000,
        0.000000 -0.383858 0.000000,
        0.196850 -0.393701 0.000000,
        0.196850 -0.383858 0.000000,
        0.349409 -0.393701 0.000000,
        0.349409 -0.383858 0.000000,
        0.393701 -0.393701 0.000000,
        0.393701 -0.383858 0.000000,
        0.344488 -0.374016 0.000000,
        0.344488 -0.295276 0.000000,
        0.246063 -0.374016 0.000000,
        0.246063 -0.295276 0.000000,
        0.147638 -0.295276 0.000000,
        0.147638 -0.374016 0.000000,
        0.049213 -0.374016 0.000000,
        0.049213 -0.295276 0.000000,
        -0.049213 -0.295276 0.000000,
        -0.049213 -0.374016 0.000000,
        -0.147638 -0.374016 0.000000,
        -0.147638 -0.295276 0.000000,
        -0.344488 -0.334646 0.000000,
        -0.305118 -0.374016 0.000000,
        -0.246063 -0.374016 0.000000,
        -0.246063 -0.295276 0.000000,
        -0.344488 -0.295276 0.000000,
        -0.393701 -0.383858 0.000000,
        -0.393701 -0.393701 0.000000,
        0.349409 0.393701 0.000000,
        0.393701 0.393701 0.000000,
        0.344488 0.295276 0.000000,
        0.246063 0.295276 0.000000,
        0.246063 0.374016 0.000000,
        0.196850 0.393701 0.000000,
        0.344488 0.374016 0.000000,
        0.147638 0.295276 0.000000,
        0.049213 0.295276 0.000000,
        0.049213 0.374016 0.000000,
        0.000000 0.393701 0.000000,
        0.147638 0.374016 0.000000,
        -0.049213 0.295276 0.000000,
        -0.147638 0.295276 0.000000,
        -0.147638 0.374016 0.000000,
        -0.196850 0.393701 0.000000,
        -0.049213 0.374016 0.000000,
        -0.349409 0.393701 0.000000,
        -0.344488 0.295276 0.000000,
        -0.246063 0.295276 0.000000,
        -0.246063 0.374016 0.000000,
        -0.344488 0.374016 0.000000,
      ]
    }
    coordIndex [
      0, 1, 2, -1,
      3, 4, 5, -1,
      6, 7, 8, -1,
      9, 10, 11, -1,
      12, 13, 14, -1,
      15, 16, 17, -1,
      18, 19, 20, -1,
      20, 19, 21, -1,
      20, 21, 22, -1,
      23, 24, 21, -1,
      21, 24, 25, -1,
      21, 25, 26, -1,
      26, 27, 21, -1,
      21, 27, 28, -1,
      21, 28, 22, -1,
      29, 30, 31, -1,
      31, 30, 32, -1,
      31, 32, 23, -1,
      29, 31, 33, -1,
      33, 31, 34, -1,
      33, 34, 35, -1,
      35, 34, 36, -1,
      35, 36, 37, -1,
      17, 16, 36, -1,
      36, 16, 38, -1,
      36, 38, 39, -1,
      36, 40, 37, -1,
      37, 40, 41, -1,
      37, 41, 42, -1,
      42, 41, 43, -1,
      42, 43, 44, -1,
      39, 45, 36, -1,
      36, 45, 46, -1,
      36, 46, 40, -1,
      47, 48, 17, -1,
      17, 48, 49, -1,
      17, 49, 15, -1,
      50, 51, 52, -1,
      50, 52, 53, -1,
      51, 54, 52, -1,
      52, 54, 55, -1,
      52, 55, 47, -1,
      47, 55, 56, -1,
      47, 56, 48, -1,
      57, 53, 58, -1,
      58, 53, 52, -1,
      58, 52, 59, -1,
      59, 52, 60, -1,
      61, 2, 62, -1,
      62, 2, 63, -1,
      62, 63, 64, -1,
      61, 65, 2, -1,
      2, 65, 66, -1,
      2, 66, 67, -1,
      67, 66, 68, -1,
      67, 68, 52, -1,
      52, 68, 69, -1,
      52, 69, 60, -1,
      70, 71, 72, -1,
      72, 71, 73, -1,
      73, 74, 72, -1,
      72, 74, 75, -1,
      72, 75, 64, -1,
      76, 77, 78, -1,
      79, 80, 81, -1,
      82, 83, 84, -1,
      79, 81, 85, -1,
      80, 86, 81, -1,
      81, 86, 87, -1,
      81, 87, 88, -1,
      76, 78, 84, -1,
      84, 78, 89, -1,
      84, 89, 82, -1,
      90, 91, 92, -1,
      92, 91, 93, -1,
      92, 93, 81, -1,
      81, 93, 94, -1,
      81, 94, 85, -1,
      81, 95, 96, -1,
      97, 98, 70, -1,
      70, 98, 99, -1,
      70, 99, 100, -1,
      100, 101, 70, -1,
      70, 101, 102, -1,
      70, 102, 103, -1,
      103, 102, 90, -1,
      103, 90, 104, -1,
      104, 90, 92, -1,
      83, 105, 84, -1,
      84, 105, 106, -1,
      84, 106, 70, -1,
      70, 106, 107, -1,
      70, 107, 97, -1,
      88, 108, 81, -1,
      81, 108, 109, -1,
      81, 109, 110, -1,
      110, 111, 81, -1,
      81, 111, 112, -1,
      81, 112, 95, -1,
      113, 114, 115, -1,
      113, 115, 116, -1,
      96, 117, 81, -1,
      81, 117, 118, -1,
      81, 118, 119, -1,
      119, 118, 120, -1,
      119, 120, 121, -1,
      122, 123, 124, -1,
      124, 123, 125, -1,
      124, 125, 126, -1,
      127, 128, 129, -1,
      129, 128, 124, -1,
      129, 124, 130, -1,
      130, 124, 126, -1,
      119, 131, 132, -1,
      121, 133, 119, -1,
      119, 133, 134, -1,
      119, 134, 131, -1,
      135, 136, 137, -1,
      137, 136, 119, -1,
      137, 119, 138, -1,
      138, 119, 132, -1,
      135, 115, 136, -1,
      136, 115, 114, -1,
      136, 114, 14, -1,
      14, 114, 139, -1,
      14, 139, 12, -1,
      140, 141, 127, -1,
      127, 141, 142, -1,
      127, 142, 128, -1,
      140, 143, 141, -1,
      141, 143, 144, -1,
      141, 144, 145, -1,
      146, 147, 148, -1,
      147, 149, 148, -1,
      148, 149, 150, -1,
      148, 150, 151, -1,
      123, 148, 152, -1,
      122, 116, 123, -1,
      123, 116, 115, -1,
      123, 115, 148, -1,
      148, 115, 153, -1,
      148, 153, 146, -1,
      152, 154, 123, -1,
      123, 154, 155, -1,
      123, 155, 156, -1,
      151, 150, 157, -1,
      157, 150, 158, -1,
      157, 158, 159, -1,
      159, 158, 160, -1,
      159, 160, 161, -1,
      162, 163, 156, -1,
      156, 163, 164, -1,
      156, 164, 123, -1,
      18, 165, 19, -1,
      19, 165, 166, -1,
      19, 166, 76, -1,
      76, 166, 167, -1,
      76, 167, 77, -1,
      168, 169, 170, -1,
      170, 169, 171, -1,
      170, 171, 172, -1,
      172, 171, 173, -1,
      172, 173, 174, -1,
      175, 176, 177, -1,
      177, 176, 178, -1,
      177, 178, 179, -1,
      179, 180, 177, -1,
      177, 180, 169, -1,
      177, 169, 181, -1,
      181, 169, 168, -1,
      181, 168, 182, -1,
      182, 168, 183, -1,
      184, 185, 186, -1,
      186, 185, 187, -1,
      187, 188, 186, -1,
      186, 188, 189, -1,
      186, 189, 177, -1,
      177, 189, 190, -1,
      177, 190, 175, -1,
      191, 192, 193, -1,
      193, 192, 194, -1,
      193, 194, 195, -1,
      195, 194, 196, -1,
      195, 196, 197, -1,
      173, 198, 174, -1,
      174, 198, 195, -1,
      174, 195, 199, -1,
      199, 195, 197, -1,
      197, 200, 199, -1,
      199, 200, 201, -1,
      199, 201, 186, -1,
      186, 201, 202, -1,
      186, 202, 184, -1,
      203, 204, 205, -1,
      205, 204, 206, -1,
      207, 208, 209, -1,
      209, 208, 210, -1,
      206, 209, 205, -1,
      205, 209, 210, -1,
      205, 210, 211, -1,
      211, 210, 212, -1,
      211, 212, 213, -1,
      214, 19, 215, -1,
      215, 19, 76, -1,
      215, 76, 213, -1,
      213, 76, 84, -1,
      213, 84, 211, -1,
      216, 203, 217, -1,
      217, 203, 205, -1,
      217, 205, 218, -1,
      218, 205, 219, -1,
      218, 219, 214, -1,
      220, 221, 222, -1,
      222, 221, 195, -1,
      222, 195, 223, -1,
      223, 195, 198, -1,
      223, 198, 224, -1,
      224, 198, 225, -1,
      224, 225, 226, -1,
      221, 227, 195, -1,
      195, 227, 228, -1,
      195, 228, 229, -1,
      229, 228, 230, -1,
      229, 230, 231, -1,
      231, 230, 232, -1,
      231, 232, 226, -1,
      226, 232, 233, -1,
      226, 233, 224, -1,
      234, 235, 236, -1,
      236, 235, 237, -1,
      238, 239, 240, -1,
      240, 239, 241, -1,
      234, 236, 242, -1,
      242, 236, 243, -1,
      242, 243, 244, -1,
      244, 243, 245, -1,
      244, 245, 246, -1,
      245, 247, 246, -1,
      246, 247, 248, -1,
      246, 248, 249, -1,
      250, 251, 252, -1,
      240, 245, 238, -1,
      238, 245, 243, -1,
      238, 243, 253, -1,
      253, 243, 254, -1,
      253, 254, 252, -1,
      252, 254, 255, -1,
      252, 255, 250, -1,
      241, 239, 256, -1,
      256, 239, 257, -1,
      256, 257, 250, -1,
      258, 259, 257, -1,
      257, 259, 260, -1,
      257, 260, 261, -1,
      262, 263, 251, -1,
      263, 264, 251, -1,
      251, 264, 265, -1,
      251, 265, 266, -1,
      267, 268, 269, -1,
      269, 268, 262, -1,
      269, 262, 270, -1,
      271, 272, 262, -1,
      262, 272, 273, -1,
      262, 273, 270, -1,
      250, 257, 251, -1,
      251, 257, 261, -1,
      251, 261, 262, -1,
      262, 261, 274, -1,
      262, 274, 275, -1,
      269, 276, 277, -1,
      275, 278, 262, -1,
      262, 278, 279, -1,
      262, 279, 280, -1,
      276, 269, 281, -1,
      281, 269, 282, -1,
      281, 282, 283, -1,
      277, 284, 269, -1,
      269, 284, 285, -1,
      269, 285, 267, -1,
      280, 286, 262, -1,
      262, 286, 287, -1,
      262, 287, 271, -1,
      288, 289, 290, -1,
      290, 289, 291, -1,
      290, 291, 258, -1,
      292, 293, 294, -1,
      294, 293, 295, -1,
      296, 297, 293, -1,
      293, 297, 298, -1,
      293, 298, 295, -1,
      299, 300, 293, -1,
      293, 300, 301, -1,
      293, 301, 296, -1,
      302, 303, 219, -1,
      219, 303, 304, -1,
      219, 304, 299, -1,
      299, 304, 305, -1,
      299, 305, 300, -1,
      306, 307, 308, -1,
      307, 309, 308, -1,
      308, 309, 310, -1,
      308, 310, 311, -1,
      306, 308, 312, -1,
      312, 308, 313, -1,
      312, 313, 314, -1,
      314, 313, 315, -1,
      315, 313, 316, -1,
      315, 316, 266, -1,
      317, 318, 229, -1,
      319, 320, 231, -1,
      231, 320, 321, -1,
      322, 323, 324, -1,
      324, 323, 229, -1,
      324, 229, 325, -1,
      325, 229, 318, -1,
      321, 326, 231, -1,
      231, 326, 327, -1,
      231, 327, 328, -1,
      328, 329, 231, -1,
      231, 329, 330, -1,
      231, 330, 229, -1,
      229, 330, 331, -1,
      229, 331, 317, -1,
      238, 332, 319, -1,
      319, 332, 333, -1,
      319, 333, 320, -1,
      322, 334, 323, -1,
      323, 334, 335, -1,
      323, 335, 253, -1,
      253, 335, 336, -1,
      253, 336, 238, -1,
      238, 336, 337, -1,
      238, 337, 332, -1,
      338, 339, 340, -1,
      341, 342, 313, -1,
      343, 344, 345, -1,
      338, 340, 346, -1,
      347, 348, 341, -1,
      341, 348, 349, -1,
      341, 349, 350, -1,
      350, 349, 345, -1,
      350, 345, 351, -1,
      351, 345, 344, -1,
      352, 353, 354, -1,
      354, 353, 355, -1,
      354, 355, 356, -1,
      357, 358, 340, -1,
      340, 358, 359, -1,
      340, 359, 346, -1,
      356, 360, 354, -1,
      354, 360, 361, -1,
      354, 361, 313, -1,
      313, 361, 362, -1,
      313, 362, 341, -1,
      341, 362, 363, -1,
      341, 363, 347, -1,
      364, 365, 366, -1,
      366, 365, 367, -1,
      366, 367, 368, -1,
      368, 367, 369, -1,
      370, 371, 345, -1,
      345, 371, 372, -1,
      345, 372, 373, -1,
      342, 374, 313, -1,
      313, 374, 375, -1,
      313, 375, 376, -1,
      377, 378, 379, -1,
      379, 378, 380, -1,
      379, 380, 381, -1,
      382, 383, 384, -1,
      384, 383, 385, -1,
      373, 386, 345, -1,
      345, 386, 387, -1,
      345, 387, 343, -1,
      369, 388, 368, -1,
      368, 388, 389, -1,
      368, 389, 390, -1,
      390, 389, 384, -1,
      390, 384, 391, -1,
      391, 384, 385, -1,
      339, 392, 393, -1,
      393, 392, 394, -1,
      394, 392, 395, -1,
      394, 395, 396, -1,
      377, 364, 378, -1,
      378, 364, 366, -1,
      378, 366, 397, -1,
      397, 366, 398, -1,
      397, 398, 399, -1,
      399, 398, 400, -1,
      399, 400, 401, -1,
      401, 400, 402, -1,
      403, 402, 393, -1,
      393, 402, 400, -1,
      393, 400, 339, -1,
      339, 400, 398, -1,
      339, 398, 340, -1,
      403, 393, 10, -1,
      10, 393, 404, -1,
      10, 404, 11, -1,
      405, 406, 407, -1,
      408, 409, 407, -1,
      410, 411, 316, -1,
      376, 382, 313, -1,
      313, 382, 384, -1,
      313, 384, 316, -1,
      316, 384, 412, -1,
      316, 412, 410, -1,
      413, 414, 11, -1,
      414, 415, 11, -1,
      11, 415, 416, -1,
      11, 416, 417, -1,
      411, 418, 316, -1,
      316, 418, 419, -1,
      316, 419, 405, -1,
      405, 419, 420, -1,
      405, 420, 406, -1,
      417, 421, 11, -1,
      11, 421, 422, -1,
      11, 422, 9, -1,
      423, 424, 425, -1,
      425, 424, 426, -1,
      425, 426, 427, -1,
      425, 428, 423, -1,
      423, 428, 429, -1,
      423, 429, 430, -1,
      430, 431, 423, -1,
      423, 431, 432, -1,
      423, 432, 433, -1,
      433, 432, 434, -1,
      433, 434, 435, -1,
      435, 434, 436, -1,
      435, 436, 407, -1,
      407, 436, 437, -1,
      407, 437, 408, -1,
      438, 439, 427, -1,
      427, 439, 440, -1,
      427, 440, 425, -1,
      441, 442, 381, -1,
      381, 442, 443, -1,
      381, 443, 379, -1,
      441, 444, 442, -1,
      442, 444, 445, -1,
      442, 445, 446, -1,
      446, 445, 447, -1,
      446, 448, 449, -1,
      447, 450, 446, -1,
      446, 450, 451, -1,
      446, 451, 452, -1,
      452, 453, 446, -1,
      446, 453, 454, -1,
      446, 454, 448, -1,
      449, 455, 446, -1,
      446, 455, 456, -1,
      446, 456, 457, -1,
      458, 459, 460, -1,
      461, 462, 463, -1,
      463, 462, 464, -1,
      463, 464, 465, -1,
      465, 464, 458, -1,
      465, 458, 466, -1,
      466, 458, 460, -1,
      467, 468, 11, -1,
      409, 413, 407, -1,
      407, 413, 11, -1,
      407, 11, 405, -1,
      405, 11, 468, -1,
      405, 468, 462, -1,
      462, 468, 469, -1,
      462, 469, 464, -1,
      470, 471, 467, -1,
      470, 472, 473, -1,
      473, 472, 474, -1,
      470, 467, 472, -1,
      472, 467, 11, -1,
      472, 11, 475, -1,
      475, 11, 404, -1,
      475, 404, 476, -1,
      475, 477, 472, -1,
      472, 477, 478, -1,
      472, 478, 479, -1,
      480, 481, 482, -1,
      482, 481, 483, -1,
      482, 483, 404, -1,
      404, 483, 484, -1,
      404, 484, 476, -1,
      479, 485, 472, -1,
      472, 485, 486, -1,
      472, 486, 474, -1,
      487, 488, 489, -1,
      487, 489, 7, -1,
      488, 490, 489, -1,
      489, 490, 491, -1,
      489, 491, 482, -1,
      482, 491, 492, -1,
      482, 492, 480, -1,
      493, 494, 495, -1,
      496, 497, 169, -1,
      169, 497, 498, -1,
      180, 191, 169, -1,
      169, 191, 193, -1,
      169, 193, 496, -1,
      496, 193, 499, -1,
      496, 499, 495, -1,
      495, 499, 500, -1,
      495, 500, 493, -1,
      501, 502, 503, -1,
      504, 501, 505, -1,
      505, 501, 503, -1,
      505, 503, 193, -1,
      193, 503, 506, -1,
      193, 506, 499, -1,
      507, 508, 461, -1,
      461, 508, 509, -1,
      497, 510, 498, -1,
      498, 510, 507, -1,
      498, 507, 8, -1,
      8, 507, 461, -1,
      8, 461, 6, -1,
      6, 461, 463, -1,
      258, 257, 290, -1,
      290, 257, 239, -1,
      290, 239, 511, -1,
      511, 239, 238, -1,
      511, 238, 512, -1,
      512, 238, 319, -1,
      512, 319, 513, -1,
      513, 319, 231, -1,
      513, 231, 514, -1,
      514, 231, 226, -1,
      514, 226, 515, -1,
      515, 226, 225, -1,
      515, 225, 516, -1,
      23, 21, 31, -1,
      31, 21, 299, -1,
      31, 299, 517, -1,
      517, 299, 293, -1,
      517, 293, 288, -1,
      288, 293, 292, -1,
      288, 292, 289, -1,
      214, 219, 19, -1,
      19, 219, 518, -1,
      19, 518, 21, -1,
      518, 519, 21, -1,
      21, 519, 3, -1,
      21, 3, 299, -1,
      299, 3, 5, -1,
      299, 5, 219, -1,
      219, 5, 520, -1,
      219, 520, 518, -1,
      266, 316, 251, -1,
      251, 316, 405, -1,
      251, 405, 252, -1,
      252, 405, 462, -1,
      252, 462, 253, -1,
      253, 462, 461, -1,
      253, 461, 323, -1,
      323, 461, 509, -1,
      323, 509, 229, -1,
      229, 509, 521, -1,
      229, 521, 195, -1,
      195, 521, 522, -1,
      195, 522, 193, -1,
      193, 522, 523, -1,
      193, 523, 505, -1,
      505, 523, 524, -1,
      505, 524, 504, -1,
      311, 302, 308, -1,
      308, 302, 219, -1,
      308, 219, 313, -1,
      313, 219, 205, -1,
      313, 205, 354, -1,
      354, 205, 211, -1,
      7, 489, 8, -1,
      8, 489, 525, -1,
      8, 525, 498, -1,
      498, 525, 526, -1,
      498, 526, 169, -1,
      169, 526, 527, -1,
      169, 527, 171, -1,
      70, 72, 84, -1,
      84, 72, 528, -1,
      84, 528, 211, -1,
      211, 528, 394, -1,
      211, 394, 354, -1,
      354, 394, 396, -1,
      354, 396, 352, -1,
      64, 63, 72, -1,
      72, 63, 529, -1,
      72, 529, 528, -1,
      528, 529, 530, -1,
      528, 530, 394, -1,
      394, 530, 531, -1,
      394, 531, 393, -1,
      393, 531, 532, -1,
      393, 532, 404, -1,
      404, 532, 533, -1,
      404, 533, 482, -1,
      482, 533, 534, -1,
      482, 534, 489, -1,
      489, 534, 535, -1,
      489, 535, 525, -1,
      525, 535, 536, -1,
      525, 536, 526, -1,
      526, 536, 537, -1,
      526, 537, 527, -1,
      1, 538, 2, -1,
      2, 538, 539, -1,
      2, 539, 540, -1,
      541, 542, 543, -1,
      543, 542, 2, -1,
      543, 2, 544, -1,
      544, 2, 540, -1,
      542, 545, 546, -1,
      547, 548, 67, -1,
      67, 548, 549, -1,
      541, 550, 542, -1,
      542, 550, 551, -1,
      542, 551, 552, -1,
      549, 553, 67, -1,
      67, 553, 554, -1,
      67, 554, 2, -1,
      2, 554, 555, -1,
      2, 555, 0, -1,
      552, 556, 542, -1,
      542, 556, 557, -1,
      542, 557, 545, -1,
      558, 547, 559, -1,
      559, 547, 67, -1,
      559, 67, 560, -1,
      560, 67, 52, -1,
      560, 52, 561, -1,
      561, 52, 47, -1,
      561, 47, 562, -1,
      562, 47, 17, -1,
      562, 17, 563, -1,
      563, 17, 36, -1,
      563, 36, 564, -1,
      564, 36, 34, -1,
      546, 565, 542, -1,
      542, 565, 566, -1,
      542, 566, 559, -1,
      559, 566, 567, -1,
      559, 567, 568, -1,
      568, 569, 559, -1,
      559, 569, 570, -1,
      559, 570, 558, -1,
      571, 572, 573, -1,
      574, 575, 576, -1,
      577, 578, 579, -1,
      579, 578, 572, -1,
      579, 572, 580, -1,
      580, 572, 571, -1,
      580, 571, 581, -1,
      581, 571, 582, -1,
      581, 582, 583, -1,
      583, 582, 584, -1,
      583, 584, 585, -1,
      585, 584, 586, -1,
      585, 586, 587, -1,
      587, 586, 588, -1,
      587, 588, 589, -1,
      590, 591, 592, -1,
      592, 591, 589, -1,
      593, 594, 595, -1,
      595, 594, 596, -1,
      595, 596, 597, -1,
      597, 596, 598, -1,
      597, 598, 599, -1,
      599, 598, 600, -1,
      599, 600, 601, -1,
      601, 600, 602, -1,
      601, 602, 577, -1,
      574, 603, 604, -1,
      604, 603, 605, -1,
      604, 605, 606, -1,
      606, 605, 607, -1,
      606, 607, 608, -1,
      608, 607, 609, -1,
      608, 609, 610, -1,
      611, 594, 590, -1,
      590, 594, 593, -1,
      590, 593, 591, -1,
      609, 612, 613, -1,
      612, 609, 614, -1,
      614, 609, 607, -1,
      614, 607, 615, -1,
      615, 607, 596, -1,
      615, 596, 613, -1,
      613, 596, 594, -1,
      613, 594, 609, -1,
      609, 594, 611, -1,
      609, 611, 610, -1,
      616, 596, 617, -1,
      617, 596, 607, -1,
      617, 607, 618, -1,
      618, 607, 605, -1,
      618, 605, 619, -1,
      619, 605, 598, -1,
      619, 598, 616, -1,
      616, 598, 596, -1,
      620, 598, 621, -1,
      621, 598, 605, -1,
      621, 605, 622, -1,
      622, 605, 603, -1,
      622, 603, 623, -1,
      623, 603, 600, -1,
      623, 600, 620, -1,
      620, 600, 598, -1,
      602, 624, 576, -1,
      576, 624, 625, -1,
      576, 625, 626, -1,
      574, 576, 603, -1,
      603, 576, 626, -1,
      603, 626, 600, -1,
      600, 626, 627, -1,
      600, 627, 602, -1,
      602, 627, 628, -1,
      602, 628, 624, -1,
      577, 602, 578, -1,
      578, 602, 576, -1,
      578, 576, 629, -1,
      629, 576, 575, -1,
      629, 575, 630, -1,
      589, 588, 592, -1,
      592, 588, 631, -1,
      592, 631, 632, -1,
      633, 588, 634, -1,
      634, 588, 586, -1,
      634, 586, 635, -1,
      635, 586, 636, -1,
      635, 636, 637, -1,
      637, 636, 631, -1,
      637, 631, 633, -1,
      633, 631, 588, -1,
      638, 586, 639, -1,
      639, 586, 584, -1,
      639, 584, 640, -1,
      640, 584, 641, -1,
      640, 641, 642, -1,
      642, 641, 636, -1,
      642, 636, 638, -1,
      638, 636, 586, -1,
      643, 584, 644, -1,
      644, 584, 582, -1,
      644, 582, 645, -1,
      645, 582, 646, -1,
      645, 646, 647, -1,
      647, 646, 641, -1,
      647, 641, 643, -1,
      643, 641, 584, -1,
      573, 648, 571, -1,
      571, 648, 649, -1,
      571, 649, 582, -1,
      582, 649, 650, -1,
      582, 650, 646, -1,
      646, 650, 651, -1,
      646, 651, 648, -1,
      648, 651, 652, -1,
      648, 652, 649, -1,
      610, 611, 537, -1,
      537, 611, 590, -1,
      537, 590, 516, -1,
      516, 590, 592, -1,
      516, 592, 632, -1,
      648, 573, 564, -1,
      516, 632, 631, -1,
      631, 636, 516, -1,
      516, 636, 641, -1,
      516, 641, 564, -1,
      564, 641, 646, -1,
      564, 646, 648, -1,
      629, 630, 542, -1,
      564, 573, 572, -1,
      564, 572, 542, -1,
      542, 572, 578, -1,
      542, 578, 629, -1,
      608, 610, 537, -1,
      542, 630, 575, -1,
      575, 574, 542, -1,
      542, 574, 604, -1,
      542, 604, 537, -1,
      537, 604, 606, -1,
      537, 606, 608, -1,
    ]
  }
}

Shape {
  appearance Appearance {
    material Material {
      diffuseColor 0.7529 0.7529 0.7529
      specularColor 0.3765 0.3765 0.3765
      ambientIntensity 0.2
      transparency 0.0000
      shininess 0.5
    }
  }
  geometry IndexedFaceSet {
    ccw TRUE
    solid FALSE
    coord DEF co Coordinate {
      point [
        -0.250259 -0.263406 0.118110,
        -0.250205 -0.265432 0.118110,
        -0.251393 -0.274967 0.118110,
        -0.254887 -0.284013 0.118110,
        -0.260569 -0.291985 0.118110,
        -0.283068 -0.304129 0.118110,
        -0.273784 -0.301404 0.118110,
        -0.327464 -0.275052 0.118110,
        -0.311021 -0.298180 0.118110,
        -0.261702 -0.237702 0.118110,
        -0.255681 -0.245443 0.118110,
        -0.251831 -0.254296 0.118110,
        -0.354331 -0.204724 0.000000,
        -0.354331 0.204724 0.000000,
        -0.349409 0.204724 0.000000,
        -0.196850 0.204724 0.000000,
        0.000000 0.204724 0.000000,
        0.196850 0.204724 0.000000,
        0.349409 0.204724 0.000000,
        0.354331 0.204724 0.000000,
        0.354331 -0.204724 0.000000,
        0.349409 -0.204724 0.000000,
        0.196850 -0.204724 0.000000,
        0.000000 -0.204724 0.000000,
        -0.196850 -0.204724 0.000000,
        -0.349409 -0.204724 0.000000,
        0.344488 -0.374016 0.000000,
        0.344488 -0.295276 0.000000,
        0.246063 -0.374016 0.000000,
        0.246063 -0.295276 0.000000,
        0.147638 -0.295276 0.000000,
        0.147638 -0.374016 0.000000,
        0.049213 -0.374016 0.000000,
        0.049213 -0.295276 0.000000,
        -0.049213 -0.295276 0.000000,
        -0.049213 -0.374016 0.000000,
        -0.147638 -0.374016 0.000000,
        -0.147638 -0.295276 0.000000,
        -0.344488 -0.334646 0.000000,
        -0.305118 -0.374016 0.000000,
        -0.246063 -0.374016 0.000000,
        -0.246063 -0.295276 0.000000,
        -0.344488 -0.295276 0.000000,
        0.344488 0.295276 0.000000,
        0.246063 0.295276 0.000000,
        0.246063 0.374016 0.000000,
        0.344488 0.374016 0.000000,
        0.147638 0.295276 0.000000,
        0.049213 0.295276 0.000000,
        0.049213 0.374016 0.000000,
        0.147638 0.374016 0.000000,
        -0.049213 0.295276 0.000000,
        -0.147638 0.295276 0.000000,
        -0.147638 0.374016 0.000000,
        -0.049213 0.374016 0.000000,
        -0.344488 0.295276 0.000000,
        -0.246063 0.295276 0.000000,
        -0.246063 0.374016 0.000000,
        -0.344488 0.374016 0.000000,
        -0.251393 -0.274967 0.114173,
        -0.250205 -0.265432 0.114173,
        -0.250259 -0.263406 0.114173,
        -0.251831 -0.254296 0.114173,
        -0.255681 -0.245443 0.114173,
        -0.261702 -0.237702 0.114173,
        -0.268644 -0.232172 0.118110,
        -0.268644 -0.232172 0.114173,
        -0.277554 -0.228051 0.118110,
        -0.277554 -0.228051 0.114173,
        -0.287033 -0.226287 0.118110,
        -0.287033 -0.226287 0.114173,
        -0.296562 -0.226857 0.118110,
        -0.296562 -0.226857 0.114173,
        -0.305850 -0.229817 0.118110,
        -0.305850 -0.229817 0.114173,
        -0.313939 -0.234800 0.118110,
        -0.313939 -0.234800 0.114173,
        -0.318173 -0.238737 0.118110,
        -0.318173 -0.238737 0.114173,
        -0.323820 -0.246572 0.118110,
        -0.323820 -0.246572 0.114173,
        -0.327418 -0.255629 0.118110,
        -0.327418 -0.255629 0.114173,
        -0.328651 -0.265311 0.118110,
        -0.328651 -0.265311 0.114173,
        -0.328651 -0.265472 0.118110,
        -0.328651 -0.265472 0.114173,
        -0.327464 -0.275052 0.114173,
        -0.323878 -0.284186 0.118110,
        -0.323878 -0.284186 0.114173,
        -0.318295 -0.291994 0.118110,
        -0.318295 -0.291994 0.114173,
        -0.311021 -0.298180 0.114173,
        -0.302384 -0.302452 0.118110,
        -0.302384 -0.302452 0.114173,
        -0.292831 -0.304512 0.118110,
        -0.292831 -0.304512 0.114173,
        -0.283068 -0.304129 0.114173,
        -0.273784 -0.301404 0.114173,
        -0.265374 -0.296403 0.118110,
        -0.265374 -0.296403 0.114173,
        -0.260569 -0.291985 0.114173,
        -0.254887 -0.284013 0.114173,
        -0.246063 0.295276 -0.011811,
        -0.246063 0.374016 -0.011811,
        -0.344488 0.295276 -0.011811,
        -0.344488 0.374016 -0.011811,
        -0.246063 -0.295276 -0.011811,
        -0.344488 -0.295276 -0.011811,
        -0.246063 -0.374016 -0.011811,
        -0.305118 -0.374016 -0.011811,
        -0.344488 -0.334646 -0.011811,
        -0.147638 -0.295276 -0.011811,
        -0.147638 -0.374016 -0.011811,
        -0.049213 -0.295276 -0.011811,
        -0.049213 -0.374016 -0.011811,
        -0.049213 0.374016 -0.011811,
        -0.147638 0.374016 -0.011811,
        -0.049213 0.295276 -0.011811,
        -0.147638 0.295276 -0.011811,
        0.147638 0.374016 -0.011811,
        0.049213 0.374016 -0.011811,
        0.147638 0.295276 -0.011811,
        0.049213 0.295276 -0.011811,
        0.344488 0.374016 -0.011811,
        0.246063 0.374016 -0.011811,
        0.344488 0.295276 -0.011811,
        0.246063 0.295276 -0.011811,
        0.246063 -0.295276 -0.011811,
        0.246063 -0.374016 -0.011811,
        0.344488 -0.295276 -0.011811,
        0.344488 -0.374016 -0.011811,
        0.049213 -0.295276 -0.011811,
        0.049213 -0.374016 -0.011811,
        0.147638 -0.295276 -0.011811,
        0.147638 -0.374016 -0.011811,
        -0.354331 0.204724 -0.011811,
        -0.354331 -0.204724 -0.011811,
        0.354331 0.204724 -0.011811,
        0.354331 -0.204724 -0.011811,
      ]
    }
    coordIndex [
      59, 1, 60, -1,
      60, 1, 0, -1,
      60, 0, 61, -1,
      61, 0, 11, -1,
      61, 11, 62, -1,
      62, 11, 10, -1,
      62, 10, 63, -1,
      63, 10, 9, -1,
      63, 9, 64, -1,
      64, 9, 65, -1,
      64, 65, 66, -1,
      66, 65, 67, -1,
      66, 67, 68, -1,
      68, 67, 69, -1,
      68, 69, 70, -1,
      70, 69, 71, -1,
      70, 71, 72, -1,
      72, 71, 73, -1,
      72, 73, 74, -1,
      74, 73, 75, -1,
      74, 75, 76, -1,
      76, 75, 77, -1,
      76, 77, 78, -1,
      78, 77, 79, -1,
      78, 79, 80, -1,
      80, 79, 81, -1,
      80, 81, 82, -1,
      82, 81, 83, -1,
      82, 83, 84, -1,
      84, 83, 85, -1,
      84, 85, 86, -1,
      86, 85, 7, -1,
      86, 7, 87, -1,
      87, 7, 88, -1,
      87, 88, 89, -1,
      89, 88, 90, -1,
      89, 90, 91, -1,
      91, 90, 8, -1,
      91, 8, 92, -1,
      92, 8, 93, -1,
      92, 93, 94, -1,
      94, 93, 95, -1,
      94, 95, 96, -1,
      96, 95, 5, -1,
      96, 5, 97, -1,
      97, 5, 6, -1,
      97, 6, 98, -1,
      98, 6, 99, -1,
      98, 99, 100, -1,
      100, 99, 4, -1,
      100, 4, 101, -1,
      101, 4, 3, -1,
      101, 3, 102, -1,
      102, 3, 2, -1,
      102, 2, 59, -1,
      59, 2, 1, -1,
      63, 64, 76, -1,
      76, 64, 66, -1,
      61, 78, 80, -1,
      87, 89, 100, -1,
      102, 59, 86, -1,
      86, 59, 60, -1,
      86, 60, 61, -1,
      78, 61, 76, -1,
      76, 61, 62, -1,
      76, 62, 63, -1,
      80, 82, 61, -1,
      61, 82, 84, -1,
      61, 84, 86, -1,
      87, 100, 86, -1,
      86, 100, 101, -1,
      86, 101, 102, -1,
      66, 68, 70, -1,
      96, 97, 94, -1,
      94, 97, 92, -1,
      89, 91, 100, -1,
      100, 91, 92, -1,
      100, 92, 98, -1,
      98, 92, 97, -1,
      70, 72, 66, -1,
      66, 72, 74, -1,
      66, 74, 76, -1,
      103, 104, 56, -1,
      56, 104, 57, -1,
      105, 103, 55, -1,
      55, 103, 56, -1,
      106, 105, 58, -1,
      58, 105, 55, -1,
      104, 106, 57, -1,
      57, 106, 58, -1,
      105, 106, 103, -1,
      103, 106, 104, -1,
      107, 108, 41, -1,
      41, 108, 42, -1,
      109, 107, 40, -1,
      40, 107, 41, -1,
      110, 109, 39, -1,
      39, 109, 40, -1,
      38, 42, 111, -1,
      111, 42, 108, -1,
      109, 110, 107, -1,
      107, 110, 111, -1,
      107, 111, 108, -1,
      112, 113, 37, -1,
      37, 113, 36, -1,
      114, 112, 34, -1,
      34, 112, 37, -1,
      115, 114, 35, -1,
      35, 114, 34, -1,
      113, 115, 36, -1,
      36, 115, 35, -1,
      114, 115, 112, -1,
      112, 115, 113, -1,
      116, 117, 54, -1,
      54, 117, 53, -1,
      118, 116, 51, -1,
      51, 116, 54, -1,
      119, 118, 52, -1,
      52, 118, 51, -1,
      117, 119, 53, -1,
      53, 119, 52, -1,
      118, 119, 116, -1,
      116, 119, 117, -1,
      120, 121, 50, -1,
      50, 121, 49, -1,
      122, 120, 47, -1,
      47, 120, 50, -1,
      123, 122, 48, -1,
      48, 122, 47, -1,
      121, 123, 49, -1,
      49, 123, 48, -1,
      122, 123, 120, -1,
      120, 123, 121, -1,
      124, 125, 46, -1,
      46, 125, 45, -1,
      126, 124, 43, -1,
      43, 124, 46, -1,
      127, 126, 44, -1,
      44, 126, 43, -1,
      125, 127, 45, -1,
      45, 127, 44, -1,
      126, 127, 124, -1,
      124, 127, 125, -1,
      128, 129, 29, -1,
      29, 129, 28, -1,
      130, 128, 27, -1,
      27, 128, 29, -1,
      131, 130, 26, -1,
      26, 130, 27, -1,
      129, 131, 28, -1,
      28, 131, 26, -1,
      130, 131, 128, -1,
      128, 131, 129, -1,
      132, 133, 33, -1,
      33, 133, 32, -1,
      134, 132, 30, -1,
      30, 132, 33, -1,
      135, 134, 31, -1,
      31, 134, 30, -1,
      133, 135, 32, -1,
      32, 135, 31, -1,
      134, 135, 132, -1,
      132, 135, 133, -1,
      39, 38, 110, -1,
      110, 38, 111, -1,
      136, 137, 13, -1,
      13, 137, 12, -1,
      18, 19, 138, -1,
      136, 13, 14, -1,
      14, 15, 136, -1,
      136, 15, 16, -1,
      136, 16, 138, -1,
      138, 16, 17, -1,
      138, 17, 18, -1,
      139, 138, 20, -1,
      20, 138, 19, -1,
      25, 12, 137, -1,
      139, 20, 21, -1,
      21, 22, 139, -1,
      139, 22, 23, -1,
      139, 23, 137, -1,
      137, 23, 24, -1,
      137, 24, 25, -1,
      138, 139, 136, -1,
      136, 139, 137, -1,
    ]
  }
}

Shape {
  appearance Appearance {
    material Material {
      diffuseColor 1.0000 1.0000 1.0000
      specularColor 0.5020 0.5020 0.5020
      ambientIntensity 0.2
      transparency 0.0000
      shininess 0.5
    }
  }
  geometry IndexedFaceSet {
    ccw TRUE
    solid FALSE
    coord DEF co Coordinate {
      point [
        0.285139 0.347846 0.118110,
        0.285139 0.336023 0.118110,
        0.290454 0.336023 0.118110,
        0.308989 0.340512 0.118110,
        0.305385 0.340512 0.118110,
        0.308989 0.336023 0.118110,
        0.305385 0.336023 0.118110,
        0.310536 0.347846 0.118110,
        0.308989 0.347846 0.118110,
        0.310157 0.340512 0.118110,
        0.310840 0.336023 0.118110,
        0.310157 0.342040 0.118110,
        0.310536 0.346311 0.118110,
        0.308989 0.342040 0.118110,
        0.308989 0.346311 0.118110,
        0.305385 0.346311 0.118110,
        0.305385 0.342040 0.118110,
        0.303663 0.334502 0.118110,
        0.310840 0.334502 0.118110,
        0.308989 0.334502 0.118110,
        0.303663 0.347846 0.118110,
        0.299191 0.347959 0.118110,
        0.299695 0.347913 0.118110,
        0.300991 0.347526 0.118110,
        0.300991 0.345724 0.118110,
        0.300991 0.336705 0.118110,
        0.300991 0.335054 0.118110,
        0.300764 0.334941 0.118110,
        0.299331 0.334471 0.118110,
        0.298474 0.334389 0.118110,
        0.298244 0.335841 0.118110,
        0.299742 0.336135 0.118110,
        0.292809 0.340899 0.118110,
        0.292808 0.341024 0.118110,
        0.294003 0.344800 0.118110,
        0.293389 0.343841 0.118110,
        0.292974 0.342637 0.118110,
        0.300733 0.345861 0.118110,
        0.299365 0.346350 0.118110,
        0.294377 0.336961 0.118110,
        0.295248 0.336343 0.118110,
        0.297846 0.346516 0.118110,
        0.297256 0.346489 0.118110,
        0.296105 0.346251 0.118110,
        0.294118 0.337217 0.118110,
        0.293019 0.339261 0.118110,
        0.293439 0.338174 0.118110,
        0.296198 0.335975 0.118110,
        0.297546 0.335811 0.118110,
        0.295063 0.345750 0.118110,
        0.294210 0.345035 0.118110,
        0.297829 0.348072 0.118110,
        0.297973 0.348071 0.118110,
        0.296719 0.347959 0.118110,
        0.296187 0.347905 0.118110,
        0.294747 0.347418 0.118110,
        0.292027 0.344955 0.118110,
        0.292927 0.346107 0.118110,
        0.293410 0.346554 0.118110,
        0.291366 0.343492 0.118110,
        0.291597 0.344003 0.118110,
        0.291597 0.337892 0.118110,
        0.291255 0.338780 0.118110,
        0.291000 0.340921 0.118110,
        0.291036 0.341780 0.118110,
        0.295015 0.334622 0.118110,
        0.293760 0.335222 0.118110,
        0.292712 0.336098 0.118110,
        0.292585 0.336238 0.118110,
        0.291793 0.337381 0.118110,
        0.296120 0.334389 0.118110,
        0.296456 0.334318 0.118110,
        0.297297 0.334276 0.118110,
        0.323830 0.338835 0.118110,
        0.323150 0.337468 0.118110,
        0.319474 0.347543 0.118110,
        0.320979 0.346946 0.118110,
        0.319474 0.334849 0.118110,
        0.320795 0.335359 0.118110,
        0.322213 0.336371 0.118110,
        0.322213 0.346079 0.118110,
        0.322814 0.345472 0.118110,
        0.323607 0.344265 0.118110,
        0.324059 0.342949 0.118110,
        0.324226 0.341344 0.118110,
        0.324174 0.340380 0.118110,
        0.317168 0.347846 0.118110,
        0.319393 0.347574 0.118110,
        0.319269 0.334770 0.118110,
        0.317031 0.334502 0.118110,
        0.313361 0.334502 0.118110,
        0.313361 0.347846 0.118110,
        0.283417 0.334502 0.118110,
        0.283417 0.347846 0.118110,
        0.290454 0.334502 0.118110,
        0.290454 0.336023 0.122047,
        0.290454 0.334502 0.122047,
        0.285139 0.336023 0.122047,
        0.285139 0.347846 0.122047,
        0.283417 0.347846 0.122047,
        0.283417 0.334502 0.122047,
        0.297297 0.334276 0.122047,
        0.299331 0.334471 0.122047,
        0.300764 0.334941 0.122047,
        0.300991 0.335054 0.122047,
        0.300991 0.336705 0.122047,
        0.299742 0.336135 0.122047,
        0.298244 0.335841 0.122047,
        0.297546 0.335811 0.122047,
        0.296198 0.335975 0.122047,
        0.295248 0.336343 0.122047,
        0.294377 0.336961 0.122047,
        0.294118 0.337217 0.122047,
        0.293439 0.338174 0.122047,
        0.293019 0.339261 0.122047,
        0.292809 0.340899 0.122047,
        0.292808 0.341024 0.122047,
        0.292974 0.342637 0.122047,
        0.293389 0.343841 0.122047,
        0.294003 0.344800 0.122047,
        0.294210 0.345035 0.122047,
        0.295063 0.345750 0.122047,
        0.296105 0.346251 0.122047,
        0.297256 0.346489 0.122047,
        0.297846 0.346516 0.122047,
        0.299365 0.346350 0.122047,
        0.300733 0.345861 0.122047,
        0.300991 0.345724 0.122047,
        0.300991 0.347526 0.122047,
        0.297829 0.348072 0.122047,
        0.297973 0.348071 0.122047,
        0.299695 0.347913 0.122047,
        0.296187 0.347905 0.122047,
        0.294747 0.347418 0.122047,
        0.293410 0.346554 0.122047,
        0.292927 0.346107 0.122047,
        0.292027 0.344955 0.122047,
        0.291366 0.343492 0.122047,
        0.291036 0.341780 0.122047,
        0.291000 0.340921 0.122047,
        0.291255 0.338780 0.122047,
        0.291793 0.337381 0.122047,
        0.292585 0.336238 0.122047,
        0.292712 0.336098 0.122047,
        0.296456 0.334318 0.122047,
        0.293760 0.335222 0.122047,
        0.295015 0.334622 0.122047,
        0.310840 0.336023 0.122047,
        0.310840 0.334502 0.122047,
        0.305385 0.336023 0.122047,
        0.305385 0.340512 0.122047,
        0.310157 0.340512 0.122047,
        0.310157 0.342040 0.122047,
        0.305385 0.342040 0.122047,
        0.305385 0.346311 0.122047,
        0.310536 0.346311 0.122047,
        0.310536 0.347846 0.122047,
        0.303663 0.347846 0.122047,
        0.303663 0.334502 0.122047,
        0.321685 0.338293 0.122047,
        0.320988 0.337415 0.122047,
        0.322213 0.336371 0.122047,
        0.320702 0.337157 0.122047,
        0.320795 0.335359 0.122047,
        0.319807 0.336587 0.122047,
        0.319269 0.334770 0.122047,
        0.318647 0.336189 0.122047,
        0.317031 0.334502 0.122047,
        0.317021 0.336023 0.122047,
        0.313361 0.334502 0.122047,
        0.315083 0.336023 0.122047,
        0.313361 0.347846 0.122047,
        0.315083 0.346311 0.122047,
        0.317168 0.347846 0.122047,
        0.317100 0.346311 0.122047,
        0.319393 0.347574 0.122047,
        0.318757 0.346136 0.122047,
        0.320979 0.346946 0.122047,
        0.319925 0.345729 0.122047,
        0.322213 0.346079 0.122047,
        0.320951 0.345056 0.122047,
        0.322814 0.345472 0.122047,
        0.321387 0.344615 0.122047,
        0.323607 0.344265 0.122047,
        0.321888 0.343848 0.122047,
        0.324059 0.342949 0.122047,
        0.322248 0.342839 0.122047,
        0.324226 0.341344 0.122047,
        0.322414 0.341297 0.122047,
        0.324174 0.340380 0.122047,
        0.322379 0.340538 0.122047,
        0.323830 0.338835 0.122047,
        0.322133 0.339296 0.122047,
        0.323150 0.337468 0.122047,
        0.317100 0.346311 0.118110,
        0.315083 0.346311 0.118110,
        0.315083 0.336023 0.118110,
        0.317021 0.336023 0.118110,
        0.320988 0.337415 0.118110,
        0.320702 0.337157 0.118110,
        0.319807 0.336587 0.118110,
        0.318647 0.336189 0.118110,
        0.322414 0.341297 0.118110,
        0.322379 0.340538 0.118110,
        0.322133 0.339296 0.118110,
        0.321685 0.338293 0.118110,
        0.320951 0.345056 0.118110,
        0.321387 0.344615 0.118110,
        0.321888 0.343848 0.118110,
        0.322248 0.342839 0.118110,
        0.318757 0.346136 0.118110,
        0.319925 0.345729 0.118110,
      ]
    }
    coordIndex [
      95, 96, 2, -1,
      2, 96, 94, -1,
      97, 95, 1, -1,
      1, 95, 2, -1,
      98, 97, 0, -1,
      0, 97, 1, -1,
      99, 98, 93, -1,
      93, 98, 0, -1,
      100, 99, 92, -1,
      92, 99, 93, -1,
      96, 100, 94, -1,
      94, 100, 92, -1,
      98, 99, 97, -1,
      97, 99, 100, -1,
      97, 100, 95, -1,
      95, 100, 96, -1,
      72, 29, 101, -1,
      101, 29, 102, -1,
      29, 28, 102, -1,
      102, 28, 27, -1,
      102, 27, 103, -1,
      103, 27, 26, -1,
      103, 26, 104, -1,
      105, 104, 25, -1,
      25, 104, 26, -1,
      105, 25, 31, -1,
      105, 31, 106, -1,
      106, 31, 30, -1,
      106, 30, 107, -1,
      107, 30, 48, -1,
      107, 48, 108, -1,
      108, 48, 47, -1,
      108, 47, 109, -1,
      109, 47, 40, -1,
      109, 40, 110, -1,
      110, 40, 39, -1,
      110, 39, 111, -1,
      111, 39, 44, -1,
      111, 44, 112, -1,
      112, 44, 46, -1,
      112, 46, 113, -1,
      113, 46, 45, -1,
      113, 45, 114, -1,
      114, 45, 32, -1,
      114, 32, 115, -1,
      115, 32, 33, -1,
      115, 33, 116, -1,
      116, 33, 36, -1,
      116, 36, 117, -1,
      117, 36, 35, -1,
      117, 35, 118, -1,
      118, 35, 34, -1,
      118, 34, 119, -1,
      119, 34, 50, -1,
      119, 50, 120, -1,
      120, 50, 49, -1,
      120, 49, 121, -1,
      121, 49, 43, -1,
      121, 43, 122, -1,
      122, 43, 42, -1,
      122, 42, 123, -1,
      123, 42, 41, -1,
      123, 41, 124, -1,
      124, 41, 38, -1,
      124, 38, 125, -1,
      125, 38, 37, -1,
      125, 37, 126, -1,
      126, 37, 24, -1,
      126, 24, 127, -1,
      128, 127, 23, -1,
      23, 127, 24, -1,
      51, 129, 130, -1,
      128, 23, 22, -1,
      128, 22, 131, -1,
      131, 22, 21, -1,
      131, 21, 130, -1,
      130, 21, 52, -1,
      130, 52, 51, -1,
      51, 53, 129, -1,
      129, 53, 132, -1,
      53, 54, 132, -1,
      132, 54, 55, -1,
      132, 55, 133, -1,
      133, 55, 58, -1,
      133, 58, 134, -1,
      134, 58, 57, -1,
      134, 57, 135, -1,
      135, 57, 56, -1,
      135, 56, 136, -1,
      136, 56, 60, -1,
      136, 60, 137, -1,
      60, 59, 137, -1,
      137, 59, 64, -1,
      137, 64, 138, -1,
      138, 64, 63, -1,
      138, 63, 139, -1,
      139, 63, 62, -1,
      139, 62, 140, -1,
      140, 62, 61, -1,
      140, 61, 141, -1,
      61, 69, 141, -1,
      141, 69, 68, -1,
      141, 68, 142, -1,
      142, 68, 67, -1,
      142, 67, 143, -1,
      72, 101, 144, -1,
      143, 67, 66, -1,
      143, 66, 145, -1,
      145, 66, 65, -1,
      145, 65, 146, -1,
      146, 65, 70, -1,
      146, 70, 144, -1,
      144, 70, 71, -1,
      144, 71, 72, -1,
      126, 127, 128, -1,
      121, 122, 132, -1,
      117, 118, 136, -1,
      132, 122, 129, -1,
      126, 128, 125, -1,
      104, 105, 103, -1,
      103, 105, 106, -1,
      103, 106, 102, -1,
      102, 106, 107, -1,
      102, 107, 101, -1,
      101, 107, 108, -1,
      101, 108, 144, -1,
      144, 108, 109, -1,
      144, 109, 146, -1,
      146, 109, 110, -1,
      146, 110, 145, -1,
      145, 110, 111, -1,
      145, 111, 143, -1,
      143, 111, 112, -1,
      143, 112, 142, -1,
      142, 112, 113, -1,
      142, 113, 141, -1,
      141, 113, 140, -1,
      140, 113, 114, -1,
      140, 114, 139, -1,
      136, 118, 135, -1,
      122, 123, 129, -1,
      129, 123, 124, -1,
      129, 124, 130, -1,
      130, 124, 125, -1,
      130, 125, 131, -1,
      131, 125, 128, -1,
      132, 133, 121, -1,
      121, 133, 134, -1,
      121, 134, 120, -1,
      120, 134, 135, -1,
      120, 135, 119, -1,
      119, 135, 118, -1,
      114, 115, 139, -1,
      139, 115, 116, -1,
      139, 116, 138, -1,
      138, 116, 117, -1,
      138, 117, 137, -1,
      137, 117, 136, -1,
      147, 148, 10, -1,
      10, 148, 18, -1,
      6, 149, 5, -1,
      5, 149, 147, -1,
      5, 147, 10, -1,
      150, 149, 4, -1,
      4, 149, 6, -1,
      9, 151, 3, -1,
      3, 151, 150, -1,
      3, 150, 4, -1,
      152, 151, 11, -1,
      11, 151, 9, -1,
      16, 153, 13, -1,
      13, 153, 152, -1,
      13, 152, 11, -1,
      154, 153, 15, -1,
      15, 153, 16, -1,
      12, 155, 14, -1,
      14, 155, 154, -1,
      14, 154, 15, -1,
      156, 155, 7, -1,
      7, 155, 12, -1,
      20, 157, 8, -1,
      8, 157, 156, -1,
      8, 156, 7, -1,
      158, 157, 17, -1,
      17, 157, 20, -1,
      18, 148, 19, -1,
      19, 148, 158, -1,
      19, 158, 17, -1,
      158, 148, 147, -1,
      147, 149, 158, -1,
      158, 149, 150, -1,
      158, 150, 157, -1,
      155, 156, 154, -1,
      154, 156, 157, -1,
      154, 157, 153, -1,
      153, 157, 150, -1,
      153, 150, 152, -1,
      152, 150, 151, -1,
      159, 160, 161, -1,
      161, 160, 162, -1,
      161, 162, 163, -1,
      163, 162, 164, -1,
      163, 164, 165, -1,
      165, 164, 166, -1,
      165, 166, 167, -1,
      167, 166, 168, -1,
      167, 168, 169, -1,
      169, 168, 170, -1,
      169, 170, 171, -1,
      171, 170, 172, -1,
      171, 172, 173, -1,
      173, 172, 174, -1,
      173, 174, 175, -1,
      175, 174, 176, -1,
      175, 176, 177, -1,
      177, 176, 178, -1,
      177, 178, 179, -1,
      179, 178, 180, -1,
      179, 180, 181, -1,
      181, 180, 182, -1,
      181, 182, 183, -1,
      183, 182, 184, -1,
      183, 184, 185, -1,
      185, 184, 186, -1,
      185, 186, 187, -1,
      187, 186, 188, -1,
      187, 188, 189, -1,
      189, 188, 190, -1,
      189, 190, 191, -1,
      191, 190, 192, -1,
      191, 192, 193, -1,
      193, 192, 159, -1,
      193, 159, 161, -1,
      167, 169, 89, -1,
      89, 169, 90, -1,
      79, 161, 163, -1,
      167, 89, 88, -1,
      167, 88, 165, -1,
      165, 88, 77, -1,
      165, 77, 163, -1,
      163, 77, 78, -1,
      163, 78, 79, -1,
      161, 79, 74, -1,
      161, 74, 193, -1,
      193, 74, 73, -1,
      193, 73, 191, -1,
      191, 73, 85, -1,
      191, 85, 189, -1,
      189, 85, 84, -1,
      189, 84, 187, -1,
      187, 84, 83, -1,
      187, 83, 185, -1,
      185, 83, 82, -1,
      185, 82, 183, -1,
      183, 82, 81, -1,
      183, 81, 181, -1,
      181, 81, 80, -1,
      181, 80, 179, -1,
      86, 173, 175, -1,
      179, 80, 76, -1,
      179, 76, 177, -1,
      177, 76, 75, -1,
      177, 75, 175, -1,
      175, 75, 87, -1,
      175, 87, 86, -1,
      171, 173, 91, -1,
      91, 173, 86, -1,
      169, 171, 90, -1,
      90, 171, 91, -1,
      174, 172, 194, -1,
      194, 172, 195, -1,
      172, 170, 195, -1,
      195, 170, 196, -1,
      170, 168, 196, -1,
      196, 168, 197, -1,
      160, 198, 199, -1,
      160, 199, 162, -1,
      162, 199, 200, -1,
      162, 200, 164, -1,
      164, 200, 201, -1,
      164, 201, 166, -1,
      166, 201, 197, -1,
      166, 197, 168, -1,
      188, 202, 203, -1,
      188, 203, 190, -1,
      190, 203, 204, -1,
      190, 204, 192, -1,
      192, 204, 205, -1,
      192, 205, 159, -1,
      159, 205, 198, -1,
      159, 198, 160, -1,
      180, 206, 207, -1,
      180, 207, 182, -1,
      182, 207, 208, -1,
      182, 208, 184, -1,
      184, 208, 209, -1,
      184, 209, 186, -1,
      186, 209, 202, -1,
      186, 202, 188, -1,
      174, 194, 210, -1,
      174, 210, 176, -1,
      176, 210, 211, -1,
      176, 211, 178, -1,
      178, 211, 206, -1,
      178, 206, 180, -1,
    ]
  }
}

Shape {
  appearance Appearance {
    material Material {
      diffuseColor 0.2510 0.2510 0.2510
      specularColor 0.1255 0.1255 0.1255
      ambientIntensity 0.2
      transparency 0.0000
      shininess 0.5
    }
  }
  geometry IndexedFaceSet {
    ccw TRUE
    solid FALSE
    coord DEF co Coordinate {
      point [
        0.317100 0.346311 0.118110,
        0.315083 0.346311 0.118110,
        0.315083 0.336023 0.118110,
        0.317021 0.336023 0.118110,
        0.320988 0.337415 0.118110,
        0.320702 0.337157 0.118110,
        0.319807 0.336587 0.118110,
        0.318647 0.336189 0.118110,
        0.322414 0.341297 0.118110,
        0.322379 0.340538 0.118110,
        0.322133 0.339296 0.118110,
        0.321685 0.338293 0.118110,
        0.320951 0.345056 0.118110,
        0.321387 0.344615 0.118110,
        0.321888 0.343848 0.118110,
        0.322248 0.342839 0.118110,
        0.318757 0.346136 0.118110,
        0.319925 0.345729 0.118110,
      ]
    }
    coordIndex [
      1, 2, 0, -1,
      0, 2, 3, -1,
      0, 3, 7, -1,
      7, 6, 0, -1,
      0, 6, 5, -1,
      0, 5, 4, -1,
      4, 11, 0, -1,
      0, 11, 10, -1,
      0, 10, 9, -1,
      9, 8, 0, -1,
      0, 8, 15, -1,
      0, 15, 14, -1,
      14, 13, 0, -1,
      0, 13, 12, -1,
      0, 12, 16, -1,
      16, 12, 17, -1,
    ]
  }
}

Shape {
  appearance Appearance {
    material Material {
      diffuseColor 1.0000 1.0000 1.0000
      specularColor 0.5020 0.5020 0.5020
      ambientIntensity 0.2
      transparency 0.0000
      shininess 0.5
    }
  }
  geometry IndexedFaceSet {
    ccw TRUE
    solid FALSE
    coord DEF co Coordinate {
      point [
        0.333709 0.338152 0.118110,
        0.328812 0.338152 0.118110,
        0.335070 0.334502 0.118110,
        0.336974 0.334502 0.118110,
        0.331891 0.347846 0.118110,
        0.328152 0.338152 0.118110,
        0.326869 0.334502 0.118110,
        0.324966 0.334502 0.118110,
        0.328812 0.344600 0.118110,
        0.330049 0.347846 0.118110,
        0.328698 0.339659 0.122047,
        0.328152 0.338152 0.122047,
        0.333177 0.339659 0.122047,
        0.333709 0.338152 0.122047,
        0.330693 0.345206 0.122047,
        0.330049 0.347846 0.122047,
        0.324966 0.334502 0.122047,
        0.326869 0.334502 0.122047,
        0.330809 0.345604 0.122047,
        0.330912 0.346141 0.122047,
        0.331891 0.347846 0.122047,
        0.330953 0.346141 0.122047,
        0.331061 0.345576 0.122047,
        0.331161 0.345206 0.122047,
        0.336974 0.334502 0.122047,
        0.335070 0.334502 0.122047,
        0.328698 0.339659 0.118110,
        0.333177 0.339659 0.118110,
        0.331161 0.345206 0.118110,
        0.330953 0.346141 0.118110,
        0.331061 0.345576 0.118110,
        0.330912 0.346141 0.118110,
        0.330693 0.345206 0.118110,
        0.330809 0.345604 0.118110,
      ]
    }
    coordIndex [
      10, 11, 12, -1,
      12, 11, 13, -1,
      14, 15, 10, -1,
      10, 15, 16, -1,
      10, 16, 11, -1,
      11, 16, 17, -1,
      14, 18, 15, -1,
      15, 18, 19, -1,
      15, 19, 20, -1,
      20, 19, 21, -1,
      20, 21, 22, -1,
      22, 23, 20, -1,
      20, 23, 12, -1,
      20, 12, 24, -1,
      24, 12, 13, -1,
      24, 13, 25, -1,
      20, 24, 4, -1,
      4, 24, 3, -1,
      15, 20, 9, -1,
      9, 20, 4, -1,
      7, 16, 8, -1,
      8, 16, 15, -1,
      8, 15, 9, -1,
      17, 16, 6, -1,
      6, 16, 7, -1,
      11, 17, 5, -1,
      5, 17, 6, -1,
      0, 13, 1, -1,
      1, 13, 11, -1,
      1, 11, 5, -1,
      25, 13, 2, -1,
      2, 13, 0, -1,
      24, 25, 3, -1,
      3, 25, 2, -1,
      10, 12, 26, -1,
      26, 12, 27, -1,
      12, 23, 27, -1,
      27, 23, 28, -1,
      21, 29, 30, -1,
      21, 30, 22, -1,
      22, 30, 28, -1,
      22, 28, 23, -1,
      21, 19, 29, -1,
      29, 19, 31, -1,
      14, 32, 33, -1,
      14, 33, 18, -1,
      18, 33, 31, -1,
      18, 31, 19, -1,
      14, 10, 32, -1,
      32, 10, 26, -1,
    ]
  }
}

Shape {
  appearance Appearance {
    material Material {
      diffuseColor 0.2510 0.2510 0.2510
      specularColor 0.1255 0.1255 0.1255
      ambientIntensity 0.2
      transparency 0.0000
      shininess 0.5
    }
  }
  geometry IndexedFaceSet {
    ccw TRUE
    solid FALSE
    coord DEF co Coordinate {
      point [
        0.328698 0.339659 0.118110,
        0.333177 0.339659 0.118110,
        0.331161 0.345206 0.118110,
        0.330953 0.346141 0.118110,
        0.331061 0.345576 0.118110,
        0.330912 0.346141 0.118110,
        0.330693 0.345206 0.118110,
        0.330809 0.345604 0.118110,
      ]
    }
    coordIndex [
      3, 5, 4, -1,
      4, 5, 7, -1,
      4, 7, 2, -1,
      2, 7, 6, -1,
      2, 6, 1, -1,
      1, 6, 0, -1,
    ]
  }
}

Shape {
  appearance Appearance {
    material Material {
      diffuseColor 1.0000 1.0000 1.0000
      specularColor 0.5020 0.5020 0.5020
      ambientIntensity 0.2
      transparency 0.0000
      shininess 0.5
    }
  }
  geometry IndexedFaceSet {
    ccw TRUE
    solid FALSE
    coord DEF co Coordinate {
      point [
        0.285139 0.324878 0.118110,
        0.285139 0.320870 0.118110,
        0.289911 0.320870 0.118110,
        0.285139 0.319342 0.118110,
        0.285139 0.314852 0.118110,
        0.289911 0.319342 0.118110,
        0.290594 0.314852 0.118110,
        0.290594 0.313331 0.118110,
        0.283417 0.313331 0.118110,
        0.283417 0.326676 0.118110,
        0.283417 0.324878 0.118110,
        0.285139 0.325141 0.118110,
        0.290290 0.325141 0.118110,
        0.290290 0.326676 0.118110,
        0.296756 0.313446 0.118110,
        0.296126 0.313219 0.118110,
        0.298181 0.313331 0.118110,
        0.293125 0.320570 0.118110,
        0.293125 0.322194 0.118110,
        0.296816 0.321663 0.118110,
        0.296250 0.321723 0.118110,
        0.295356 0.318994 0.118110,
        0.297348 0.313840 0.118110,
        0.292815 0.317811 0.118110,
        0.293302 0.318263 0.118110,
        0.293973 0.318634 0.118110,
        0.294280 0.321295 0.118110,
        0.295327 0.321634 0.118110,
        0.293575 0.313464 0.118110,
        0.293013 0.313856 0.118110,
        0.292826 0.314046 0.118110,
        0.292478 0.314559 0.118110,
        0.298181 0.314805 0.118110,
        0.298136 0.314805 0.118110,
        0.297876 0.314408 0.118110,
        0.292276 0.315125 0.118110,
        0.292194 0.315883 0.118110,
        0.292269 0.316655 0.118110,
        0.292470 0.317268 0.118110,
        0.299852 0.319465 0.118110,
        0.299687 0.320876 0.118110,
        0.298181 0.319389 0.118110,
        0.298122 0.320129 0.118110,
        0.297950 0.320724 0.118110,
        0.297753 0.321068 0.118110,
        0.293606 0.322463 0.118110,
        0.294874 0.322915 0.118110,
        0.296407 0.323080 0.118110,
        0.297580 0.322953 0.118110,
        0.298245 0.322718 0.118110,
        0.298774 0.322380 0.118110,
        0.297500 0.321337 0.118110,
        0.297204 0.321528 0.118110,
        0.299411 0.321590 0.118110,
        0.299057 0.322105 0.118110,
        0.296078 0.313201 0.118110,
        0.295216 0.313106 0.118110,
        0.294216 0.313222 0.118110,
        0.299852 0.313331 0.118110,
        0.290594 0.314852 0.122047,
        0.290594 0.313331 0.122047,
        0.285139 0.314852 0.122047,
        0.285139 0.319342 0.122047,
        0.289911 0.319342 0.122047,
        0.289911 0.320870 0.122047,
        0.285139 0.320870 0.122047,
        0.285139 0.325141 0.122047,
        0.290290 0.325141 0.122047,
        0.290290 0.326676 0.122047,
        0.283417 0.326676 0.122047,
        0.283417 0.313331 0.122047,
        0.298181 0.313331 0.122047,
        0.299852 0.313331 0.122047,
        0.298181 0.314805 0.122047,
        0.299852 0.319465 0.122047,
        0.298181 0.319389 0.122047,
        0.294569 0.317406 0.122047,
        0.294978 0.317593 0.122047,
        0.295950 0.317813 0.122047,
        0.298181 0.318114 0.122047,
        0.298181 0.317199 0.122047,
        0.297580 0.322953 0.122047,
        0.297204 0.321528 0.122047,
        0.298245 0.322718 0.122047,
        0.297500 0.321337 0.122047,
        0.298122 0.320129 0.122047,
        0.299687 0.320876 0.122047,
        0.297950 0.320724 0.122047,
        0.299411 0.321590 0.122047,
        0.297753 0.321068 0.122047,
        0.299057 0.322105 0.122047,
        0.298774 0.322380 0.122047,
        0.293125 0.322194 0.122047,
        0.293125 0.320570 0.122047,
        0.293606 0.322463 0.122047,
        0.294280 0.321295 0.122047,
        0.294874 0.322915 0.122047,
        0.295327 0.321634 0.122047,
        0.296407 0.323080 0.122047,
        0.296250 0.321723 0.122047,
        0.296816 0.321663 0.122047,
        0.298179 0.317089 0.122047,
        0.298071 0.316343 0.122047,
        0.297826 0.315746 0.122047,
        0.298136 0.314805 0.122047,
        0.297464 0.315255 0.122047,
        0.297876 0.314408 0.122047,
        0.297255 0.315050 0.122047,
        0.297348 0.313840 0.122047,
        0.296782 0.314731 0.122047,
        0.296756 0.313446 0.122047,
        0.296275 0.314547 0.122047,
        0.296078 0.313201 0.122047,
        0.295649 0.314477 0.122047,
        0.295216 0.313106 0.122047,
        0.295085 0.314541 0.122047,
        0.294216 0.313222 0.122047,
        0.294707 0.314680 0.122047,
        0.293575 0.313464 0.122047,
        0.294374 0.314907 0.122047,
        0.293013 0.313856 0.122047,
        0.294231 0.315050 0.122047,
        0.295356 0.318994 0.122047,
        0.293973 0.318634 0.122047,
        0.294333 0.317227 0.122047,
        0.293302 0.318263 0.122047,
        0.294133 0.316979 0.122047,
        0.292815 0.317811 0.122047,
        0.293986 0.316667 0.122047,
        0.292470 0.317268 0.122047,
        0.293903 0.316284 0.122047,
        0.292269 0.316655 0.122047,
        0.293889 0.316019 0.122047,
        0.292194 0.315883 0.122047,
        0.293931 0.315635 0.122047,
        0.292276 0.315125 0.122047,
        0.294041 0.315331 0.122047,
        0.292478 0.314559 0.122047,
        0.292826 0.314046 0.122047,
        0.294333 0.317227 0.118110,
        0.294569 0.317406 0.118110,
        0.294978 0.317593 0.118110,
        0.295950 0.317813 0.118110,
        0.293889 0.316019 0.118110,
        0.293903 0.316284 0.118110,
        0.293986 0.316667 0.118110,
        0.294133 0.316979 0.118110,
        0.294374 0.314907 0.118110,
        0.294231 0.315050 0.118110,
        0.294041 0.315331 0.118110,
        0.293931 0.315635 0.118110,
        0.295649 0.314477 0.118110,
        0.295085 0.314541 0.118110,
        0.294707 0.314680 0.118110,
        0.297464 0.315255 0.118110,
        0.297255 0.315050 0.118110,
        0.296782 0.314731 0.118110,
        0.296275 0.314547 0.118110,
        0.298181 0.317199 0.118110,
        0.298179 0.317089 0.118110,
        0.298071 0.316343 0.118110,
        0.297826 0.315746 0.118110,
        0.298181 0.318114 0.118110,
      ]
    }
    coordIndex [
      59, 60, 6, -1,
      6, 60, 7, -1,
      61, 59, 4, -1,
      4, 59, 6, -1,
      62, 61, 3, -1,
      3, 61, 4, -1,
      63, 62, 5, -1,
      5, 62, 3, -1,
      64, 63, 2, -1,
      2, 63, 5, -1,
      65, 64, 1, -1,
      1, 64, 2, -1,
      11, 66, 0, -1,
      0, 66, 65, -1,
      0, 65, 1, -1,
      67, 66, 12, -1,
      12, 66, 11, -1,
      68, 67, 13, -1,
      13, 67, 12, -1,
      69, 68, 9, -1,
      9, 68, 13, -1,
      8, 70, 10, -1,
      10, 70, 69, -1,
      10, 69, 9, -1,
      60, 70, 7, -1,
      7, 70, 8, -1,
      70, 60, 59, -1,
      59, 61, 70, -1,
      70, 61, 62, -1,
      70, 62, 69, -1,
      67, 68, 66, -1,
      66, 68, 69, -1,
      66, 69, 65, -1,
      65, 69, 62, -1,
      65, 62, 64, -1,
      64, 62, 63, -1,
      71, 72, 73, -1,
      73, 72, 74, -1,
      75, 76, 77, -1,
      78, 79, 74, -1,
      74, 79, 80, -1,
      81, 82, 83, -1,
      83, 82, 84, -1,
      77, 78, 75, -1,
      75, 78, 74, -1,
      75, 74, 85, -1,
      85, 74, 86, -1,
      85, 86, 87, -1,
      87, 86, 88, -1,
      87, 88, 89, -1,
      89, 88, 90, -1,
      89, 90, 84, -1,
      84, 90, 91, -1,
      84, 91, 83, -1,
      92, 93, 94, -1,
      94, 93, 95, -1,
      94, 95, 96, -1,
      96, 95, 97, -1,
      96, 97, 98, -1,
      98, 97, 99, -1,
      98, 99, 81, -1,
      81, 99, 100, -1,
      81, 100, 82, -1,
      80, 101, 74, -1,
      74, 101, 102, -1,
      74, 102, 73, -1,
      73, 102, 103, -1,
      73, 103, 104, -1,
      104, 103, 105, -1,
      104, 105, 106, -1,
      106, 105, 107, -1,
      106, 107, 108, -1,
      108, 107, 109, -1,
      108, 109, 110, -1,
      110, 109, 111, -1,
      110, 111, 112, -1,
      112, 111, 113, -1,
      112, 113, 114, -1,
      114, 113, 115, -1,
      114, 115, 116, -1,
      116, 115, 117, -1,
      116, 117, 118, -1,
      118, 117, 119, -1,
      118, 119, 120, -1,
      120, 119, 121, -1,
      75, 122, 76, -1,
      76, 122, 123, -1,
      76, 123, 124, -1,
      124, 123, 125, -1,
      124, 125, 126, -1,
      126, 125, 127, -1,
      126, 127, 128, -1,
      128, 127, 129, -1,
      128, 129, 130, -1,
      130, 129, 131, -1,
      130, 131, 132, -1,
      132, 131, 133, -1,
      132, 133, 134, -1,
      134, 133, 135, -1,
      134, 135, 136, -1,
      136, 135, 137, -1,
      136, 137, 121, -1,
      121, 137, 138, -1,
      121, 138, 120, -1,
      98, 47, 46, -1,
      98, 46, 96, -1,
      96, 46, 45, -1,
      96, 45, 94, -1,
      94, 45, 18, -1,
      94, 18, 92, -1,
      93, 92, 17, -1,
      17, 92, 18, -1,
      93, 17, 26, -1,
      93, 26, 95, -1,
      95, 26, 27, -1,
      95, 27, 97, -1,
      97, 27, 20, -1,
      97, 20, 99, -1,
      99, 20, 19, -1,
      99, 19, 100, -1,
      100, 19, 52, -1,
      100, 52, 82, -1,
      82, 52, 51, -1,
      82, 51, 84, -1,
      84, 51, 44, -1,
      84, 44, 89, -1,
      89, 44, 43, -1,
      89, 43, 87, -1,
      87, 43, 42, -1,
      87, 42, 85, -1,
      85, 42, 41, -1,
      85, 41, 75, -1,
      122, 75, 21, -1,
      21, 75, 41, -1,
      122, 21, 25, -1,
      122, 25, 123, -1,
      123, 25, 24, -1,
      123, 24, 125, -1,
      125, 24, 23, -1,
      125, 23, 127, -1,
      127, 23, 38, -1,
      127, 38, 129, -1,
      129, 38, 37, -1,
      129, 37, 131, -1,
      131, 37, 36, -1,
      131, 36, 133, -1,
      133, 36, 35, -1,
      133, 35, 135, -1,
      135, 35, 31, -1,
      135, 31, 137, -1,
      137, 31, 30, -1,
      137, 30, 138, -1,
      138, 30, 29, -1,
      138, 29, 120, -1,
      120, 29, 28, -1,
      120, 28, 118, -1,
      118, 28, 57, -1,
      118, 57, 116, -1,
      116, 57, 56, -1,
      116, 56, 114, -1,
      114, 56, 55, -1,
      114, 55, 112, -1,
      112, 55, 15, -1,
      112, 15, 110, -1,
      15, 14, 110, -1,
      110, 14, 22, -1,
      110, 22, 108, -1,
      108, 22, 34, -1,
      108, 34, 106, -1,
      106, 34, 33, -1,
      106, 33, 104, -1,
      73, 104, 32, -1,
      32, 104, 33, -1,
      71, 73, 16, -1,
      16, 73, 32, -1,
      72, 71, 58, -1,
      58, 71, 16, -1,
      74, 72, 39, -1,
      39, 72, 58, -1,
      74, 39, 40, -1,
      74, 40, 86, -1,
      86, 40, 53, -1,
      86, 53, 88, -1,
      88, 53, 54, -1,
      88, 54, 90, -1,
      90, 54, 50, -1,
      90, 50, 91, -1,
      91, 50, 49, -1,
      91, 49, 83, -1,
      83, 49, 48, -1,
      83, 48, 81, -1,
      81, 48, 47, -1,
      81, 47, 98, -1,
      124, 139, 140, -1,
      124, 140, 76, -1,
      76, 140, 141, -1,
      76, 141, 77, -1,
      77, 141, 142, -1,
      77, 142, 78, -1,
      132, 143, 144, -1,
      132, 144, 130, -1,
      130, 144, 145, -1,
      130, 145, 128, -1,
      128, 145, 146, -1,
      128, 146, 126, -1,
      126, 146, 139, -1,
      126, 139, 124, -1,
      119, 147, 148, -1,
      119, 148, 121, -1,
      121, 148, 149, -1,
      121, 149, 136, -1,
      136, 149, 150, -1,
      136, 150, 134, -1,
      134, 150, 143, -1,
      134, 143, 132, -1,
      113, 151, 152, -1,
      113, 152, 115, -1,
      115, 152, 153, -1,
      115, 153, 117, -1,
      117, 153, 147, -1,
      117, 147, 119, -1,
      105, 154, 155, -1,
      105, 155, 107, -1,
      107, 155, 156, -1,
      107, 156, 109, -1,
      109, 156, 157, -1,
      109, 157, 111, -1,
      111, 157, 151, -1,
      111, 151, 113, -1,
      80, 158, 159, -1,
      80, 159, 101, -1,
      101, 159, 160, -1,
      101, 160, 102, -1,
      102, 160, 161, -1,
      102, 161, 103, -1,
      103, 161, 154, -1,
      103, 154, 105, -1,
      80, 79, 158, -1,
      158, 79, 162, -1,
      79, 78, 162, -1,
      162, 78, 142, -1,
    ]
  }
}

Shape {
  appearance Appearance {
    material Material {
      diffuseColor 0.2510 0.2510 0.2510
      specularColor 0.1255 0.1255 0.1255
      ambientIntensity 0.2
      transparency 0.0000
      shininess 0.5
    }
  }
  geometry IndexedFaceSet {
    ccw TRUE
    solid FALSE
    coord DEF co Coordinate {
      point [
        0.294333 0.317227 0.118110,
        0.294569 0.317406 0.118110,
        0.294978 0.317593 0.118110,
        0.295950 0.317813 0.118110,
        0.293889 0.316019 0.118110,
        0.293903 0.316284 0.118110,
        0.293986 0.316667 0.118110,
        0.294133 0.316979 0.118110,
        0.294374 0.314907 0.118110,
        0.294231 0.315050 0.118110,
        0.294041 0.315331 0.118110,
        0.293931 0.315635 0.118110,
        0.295649 0.314477 0.118110,
        0.295085 0.314541 0.118110,
        0.294707 0.314680 0.118110,
        0.297464 0.315255 0.118110,
        0.297255 0.315050 0.118110,
        0.296782 0.314731 0.118110,
        0.296275 0.314547 0.118110,
        0.298181 0.317199 0.118110,
        0.298179 0.317089 0.118110,
        0.298071 0.316343 0.118110,
        0.297826 0.315746 0.118110,
        0.298181 0.318114 0.118110,
      ]
    }
    coordIndex [
      23, 3, 19, -1,
      19, 3, 2, -1,
      2, 1, 19, -1,
      19, 1, 0, -1,
      19, 0, 20, -1,
      20, 0, 21, -1,
      21, 0, 7, -1,
      21, 7, 22, -1,
      9, 8, 16, -1,
      9, 16, 10, -1,
      17, 16, 18, -1,
      18, 16, 12, -1,
      7, 6, 22, -1,
      22, 6, 5, -1,
      22, 5, 15, -1,
      15, 5, 4, -1,
      15, 4, 16, -1,
      16, 4, 11, -1,
      16, 11, 10, -1,
      8, 14, 16, -1,
      16, 14, 13, -1,
      16, 13, 12, -1,
    ]
  }
}

Shape {
  appearance Appearance {
    material Material {
      diffuseColor 1.0000 1.0000 1.0000
      specularColor 0.5020 0.5020 0.5020
      ambientIntensity 0.2
      transparency 0.0000
      shininess 0.5
    }
  }
  geometry IndexedFaceSet {
    ccw TRUE
    solid FALSE
    coord DEF co Coordinate {
      point [
        0.318573 0.322862 0.118110,
        0.314771 0.313219 0.118110,
        0.306158 0.313271 0.118110,
        0.305694 0.313219 0.118110,
        0.339862 0.316297 0.118110,
        0.338925 0.315200 0.118110,
        0.337507 0.314188 0.118110,
        0.335980 0.313599 0.118110,
        0.333743 0.313331 0.118110,
        0.339526 0.324302 0.118110,
        0.340319 0.323094 0.118110,
        0.340771 0.321779 0.118110,
        0.340937 0.320174 0.118110,
        0.340885 0.319209 0.118110,
        0.340541 0.317665 0.118110,
        0.330072 0.313331 0.118110,
        0.330072 0.324878 0.118110,
        0.330072 0.326676 0.118110,
        0.333880 0.326676 0.118110,
        0.336105 0.326404 0.118110,
        0.337691 0.325776 0.118110,
        0.338925 0.324909 0.118110,
        0.338955 0.324878 0.118110,
        0.302602 0.318782 0.118110,
        0.302383 0.319131 0.118110,
        0.302199 0.319641 0.118110,
        0.302128 0.320290 0.118110,
        0.302875 0.318496 0.118110,
        0.302117 0.315391 0.118110,
        0.302890 0.318487 0.118110,
        0.302770 0.314987 0.118110,
        0.302890 0.314943 0.118110,
        0.302703 0.321878 0.118110,
        0.302193 0.320888 0.118110,
        0.302393 0.321426 0.118110,
        0.302117 0.313665 0.118110,
        0.302890 0.313396 0.118110,
        0.303313 0.313248 0.118110,
        0.303602 0.313219 0.118110,
        0.304703 0.313106 0.118110,
        0.308097 0.322657 0.118110,
        0.308097 0.321034 0.118110,
        0.307995 0.317500 0.118110,
        0.308307 0.317039 0.118110,
        0.303198 0.322323 0.118110,
        0.303596 0.322569 0.118110,
        0.302890 0.322046 0.118110,
        0.308485 0.316546 0.118110,
        0.308554 0.315924 0.118110,
        0.308475 0.315252 0.118110,
        0.308269 0.314722 0.118110,
        0.307958 0.314281 0.118110,
        0.304489 0.322917 0.118110,
        0.305839 0.323080 0.118110,
        0.306827 0.323008 0.118110,
        0.307480 0.313863 0.118110,
        0.307050 0.313603 0.118110,
        0.305675 0.321723 0.118110,
        0.305180 0.321686 0.118110,
        0.303850 0.320440 0.118110,
        0.304733 0.321567 0.118110,
        0.304358 0.321368 0.118110,
        0.303865 0.320218 0.118110,
        0.303931 0.319958 0.118110,
        0.304052 0.319733 0.118110,
        0.304215 0.319553 0.118110,
        0.304804 0.319185 0.118110,
        0.306774 0.321598 0.118110,
        0.305839 0.318735 0.118110,
        0.307717 0.321252 0.118110,
        0.306486 0.318472 0.118110,
        0.307596 0.317855 0.118110,
        0.304106 0.321145 0.118110,
        0.303963 0.320932 0.118110,
        0.303880 0.320707 0.118110,
        0.303819 0.314593 0.118110,
        0.304659 0.317520 0.118110,
        0.303662 0.317977 0.118110,
        0.304867 0.314470 0.118110,
        0.304941 0.314471 0.118110,
        0.305756 0.317060 0.118110,
        0.305797 0.314567 0.118110,
        0.306838 0.315760 0.118110,
        0.306822 0.315968 0.118110,
        0.306229 0.314725 0.118110,
        0.306381 0.314817 0.118110,
        0.306573 0.314987 0.118110,
        0.306719 0.315203 0.118110,
        0.306804 0.315441 0.118110,
        0.306746 0.316229 0.118110,
        0.306617 0.316450 0.118110,
        0.306409 0.316667 0.118110,
        0.313784 0.315698 0.118110,
        0.313989 0.314914 0.118110,
        0.314033 0.314914 0.118110,
        0.316840 0.322862 0.118110,
        0.312100 0.320541 0.118110,
        0.314237 0.315685 0.118110,
        0.314109 0.315241 0.118110,
        0.312100 0.316055 0.118110,
        0.309424 0.322862 0.118110,
        0.311293 0.322862 0.118110,
        0.313107 0.313219 0.118110,
        0.313163 0.313352 0.118110,
        0.312430 0.311619 0.118110,
        0.312102 0.311019 0.118110,
        0.309769 0.310465 0.118110,
        0.309769 0.308978 0.118110,
        0.310111 0.310354 0.118110,
        0.310717 0.310274 0.118110,
        0.311119 0.310319 0.118110,
        0.312100 0.309140 0.118110,
        0.311522 0.308919 0.118110,
        0.310846 0.308842 0.118110,
        0.310478 0.308855 0.118110,
        0.311484 0.310457 0.118110,
        0.311791 0.310670 0.118110,
        0.314248 0.311891 0.118110,
        0.313491 0.310418 0.118110,
        0.312879 0.309683 0.118110,
        0.312765 0.309579 0.118110,
        0.312181 0.309171 0.118110,
        0.322097 0.319342 0.118110,
        0.322097 0.314852 0.118110,
        0.324596 0.314852 0.118110,
        0.327552 0.314852 0.118110,
        0.327552 0.313331 0.118110,
        0.326869 0.319342 0.118110,
        0.324596 0.319342 0.118110,
        0.322097 0.324878 0.118110,
        0.322097 0.320870 0.118110,
        0.324596 0.320870 0.118110,
        0.322097 0.325141 0.118110,
        0.326869 0.320870 0.118110,
        0.320374 0.313331 0.118110,
        0.320374 0.324878 0.118110,
        0.320374 0.326676 0.118110,
        0.324596 0.313331 0.118110,
        0.324596 0.326676 0.118110,
        0.327248 0.326676 0.118110,
        0.327248 0.325141 0.118110,
        0.324596 0.325141 0.118110,
        0.302117 0.315391 0.122047,
        0.302770 0.314987 0.122047,
        0.304867 0.314470 0.122047,
        0.303819 0.314593 0.122047,
        0.302117 0.313665 0.122047,
        0.303313 0.313248 0.122047,
        0.304703 0.313106 0.122047,
        0.306158 0.313271 0.122047,
        0.307050 0.313603 0.122047,
        0.307480 0.313863 0.122047,
        0.307958 0.314281 0.122047,
        0.308269 0.314722 0.122047,
        0.308475 0.315252 0.122047,
        0.308554 0.315924 0.122047,
        0.308485 0.316546 0.122047,
        0.308307 0.317039 0.122047,
        0.307995 0.317500 0.122047,
        0.307596 0.317855 0.122047,
        0.306486 0.318472 0.122047,
        0.305839 0.318735 0.122047,
        0.304804 0.319185 0.122047,
        0.304215 0.319553 0.122047,
        0.304052 0.319733 0.122047,
        0.303931 0.319958 0.122047,
        0.303865 0.320218 0.122047,
        0.303850 0.320440 0.122047,
        0.303880 0.320707 0.122047,
        0.303963 0.320932 0.122047,
        0.304106 0.321145 0.122047,
        0.304358 0.321368 0.122047,
        0.304733 0.321567 0.122047,
        0.305180 0.321686 0.122047,
        0.305675 0.321723 0.122047,
        0.306774 0.321598 0.122047,
        0.307717 0.321252 0.122047,
        0.308097 0.321034 0.122047,
        0.308097 0.322657 0.122047,
        0.306827 0.323008 0.122047,
        0.305839 0.323080 0.122047,
        0.304489 0.322917 0.122047,
        0.303596 0.322569 0.122047,
        0.303198 0.322323 0.122047,
        0.302703 0.321878 0.122047,
        0.302393 0.321426 0.122047,
        0.302193 0.320888 0.122047,
        0.302128 0.320290 0.122047,
        0.302199 0.319641 0.122047,
        0.302383 0.319131 0.122047,
        0.302602 0.318782 0.122047,
        0.303662 0.317977 0.122047,
        0.302875 0.318496 0.122047,
        0.304659 0.317520 0.122047,
        0.305756 0.317060 0.122047,
        0.306409 0.316667 0.122047,
        0.306617 0.316450 0.122047,
        0.306746 0.316229 0.122047,
        0.306822 0.315968 0.122047,
        0.306838 0.315760 0.122047,
        0.306804 0.315441 0.122047,
        0.306719 0.315203 0.122047,
        0.306573 0.314987 0.122047,
        0.306381 0.314817 0.122047,
        0.306229 0.314725 0.122047,
        0.305797 0.314567 0.122047,
        0.304941 0.314471 0.122047,
        0.316840 0.322862 0.122047,
        0.318573 0.322862 0.122047,
        0.314237 0.315685 0.122047,
        0.314109 0.315241 0.122047,
        0.314033 0.314914 0.122047,
        0.313989 0.314914 0.122047,
        0.313784 0.315698 0.122047,
        0.311293 0.322862 0.122047,
        0.309424 0.322862 0.122047,
        0.313163 0.313352 0.122047,
        0.312430 0.311619 0.122047,
        0.312102 0.311019 0.122047,
        0.311791 0.310670 0.122047,
        0.311484 0.310457 0.122047,
        0.311119 0.310319 0.122047,
        0.310717 0.310274 0.122047,
        0.310111 0.310354 0.122047,
        0.309769 0.310465 0.122047,
        0.309769 0.308978 0.122047,
        0.310478 0.308855 0.122047,
        0.310846 0.308842 0.122047,
        0.311522 0.308919 0.122047,
        0.312181 0.309171 0.122047,
        0.312765 0.309579 0.122047,
        0.312879 0.309683 0.122047,
        0.313491 0.310418 0.122047,
        0.314248 0.311891 0.122047,
        0.327552 0.314852 0.122047,
        0.327552 0.313331 0.122047,
        0.322097 0.314852 0.122047,
        0.322097 0.319342 0.122047,
        0.326869 0.319342 0.122047,
        0.326869 0.320870 0.122047,
        0.322097 0.320870 0.122047,
        0.322097 0.325141 0.122047,
        0.327248 0.325141 0.122047,
        0.327248 0.326676 0.122047,
        0.320374 0.326676 0.122047,
        0.320374 0.313331 0.122047,
        0.338397 0.317122 0.122047,
        0.337700 0.316244 0.122047,
        0.338925 0.315200 0.122047,
        0.337413 0.315987 0.122047,
        0.337507 0.314188 0.122047,
        0.336519 0.315417 0.122047,
        0.335980 0.313599 0.122047,
        0.335359 0.315019 0.122047,
        0.333743 0.313331 0.122047,
        0.333733 0.314852 0.122047,
        0.330072 0.313331 0.122047,
        0.331795 0.314852 0.122047,
        0.330072 0.326676 0.122047,
        0.331795 0.325141 0.122047,
        0.333880 0.326676 0.122047,
        0.333811 0.325141 0.122047,
        0.336105 0.326404 0.122047,
        0.335469 0.324966 0.122047,
        0.337691 0.325776 0.122047,
        0.336637 0.324559 0.122047,
        0.338925 0.324909 0.122047,
        0.337663 0.323885 0.122047,
        0.339526 0.324302 0.122047,
        0.338098 0.323445 0.122047,
        0.340319 0.323094 0.122047,
        0.338600 0.322678 0.122047,
        0.340771 0.321779 0.122047,
        0.338960 0.321669 0.122047,
        0.340937 0.320174 0.122047,
        0.339126 0.320126 0.122047,
        0.340885 0.319209 0.122047,
        0.339091 0.319368 0.122047,
        0.340541 0.317665 0.122047,
        0.338845 0.318125 0.122047,
        0.339862 0.316297 0.122047,
        0.333811 0.325141 0.118110,
        0.331795 0.325141 0.118110,
        0.331795 0.314852 0.118110,
        0.333733 0.314852 0.118110,
        0.337700 0.316244 0.118110,
        0.337413 0.315987 0.118110,
        0.336519 0.315417 0.118110,
        0.335359 0.315019 0.118110,
        0.339126 0.320126 0.118110,
        0.339091 0.319368 0.118110,
        0.338845 0.318125 0.118110,
        0.338397 0.317122 0.118110,
        0.337663 0.323885 0.118110,
        0.338098 0.323445 0.118110,
        0.338600 0.322678 0.118110,
        0.338960 0.321669 0.118110,
        0.335469 0.324966 0.118110,
        0.336637 0.324559 0.118110,
      ]
    }
    coordIndex [
      28, 142, 143, -1,
      144, 78, 75, -1,
      144, 75, 145, -1,
      145, 75, 31, -1,
      145, 31, 143, -1,
      143, 31, 30, -1,
      143, 30, 28, -1,
      146, 142, 35, -1,
      35, 142, 28, -1,
      35, 36, 146, -1,
      146, 36, 147, -1,
      39, 148, 38, -1,
      38, 148, 147, -1,
      38, 147, 37, -1,
      37, 147, 36, -1,
      39, 3, 148, -1,
      148, 3, 149, -1,
      3, 2, 149, -1,
      149, 2, 56, -1,
      149, 56, 150, -1,
      150, 56, 55, -1,
      150, 55, 151, -1,
      151, 55, 51, -1,
      151, 51, 152, -1,
      152, 51, 50, -1,
      152, 50, 153, -1,
      153, 50, 49, -1,
      153, 49, 154, -1,
      154, 49, 48, -1,
      154, 48, 155, -1,
      155, 48, 47, -1,
      155, 47, 156, -1,
      156, 47, 43, -1,
      156, 43, 157, -1,
      157, 43, 42, -1,
      157, 42, 158, -1,
      158, 42, 71, -1,
      158, 71, 159, -1,
      159, 71, 70, -1,
      159, 70, 160, -1,
      160, 70, 68, -1,
      160, 68, 161, -1,
      161, 68, 66, -1,
      161, 66, 162, -1,
      162, 66, 65, -1,
      162, 65, 163, -1,
      163, 65, 64, -1,
      163, 64, 164, -1,
      164, 64, 63, -1,
      164, 63, 165, -1,
      165, 63, 62, -1,
      165, 62, 166, -1,
      166, 62, 59, -1,
      166, 59, 167, -1,
      167, 59, 74, -1,
      167, 74, 168, -1,
      168, 74, 73, -1,
      168, 73, 169, -1,
      169, 73, 72, -1,
      169, 72, 170, -1,
      170, 72, 61, -1,
      170, 61, 171, -1,
      171, 61, 60, -1,
      171, 60, 172, -1,
      172, 60, 58, -1,
      172, 58, 173, -1,
      173, 58, 57, -1,
      173, 57, 174, -1,
      174, 57, 67, -1,
      174, 67, 175, -1,
      175, 67, 69, -1,
      175, 69, 176, -1,
      176, 69, 41, -1,
      176, 41, 177, -1,
      178, 177, 40, -1,
      40, 177, 41, -1,
      178, 40, 54, -1,
      178, 54, 179, -1,
      179, 54, 53, -1,
      179, 53, 180, -1,
      180, 53, 52, -1,
      180, 52, 181, -1,
      181, 52, 45, -1,
      181, 45, 182, -1,
      182, 45, 44, -1,
      182, 44, 183, -1,
      44, 46, 183, -1,
      183, 46, 184, -1,
      46, 32, 184, -1,
      184, 32, 34, -1,
      184, 34, 185, -1,
      185, 34, 33, -1,
      185, 33, 186, -1,
      186, 33, 26, -1,
      186, 26, 187, -1,
      187, 26, 25, -1,
      187, 25, 188, -1,
      188, 25, 24, -1,
      188, 24, 189, -1,
      189, 24, 23, -1,
      189, 23, 190, -1,
      190, 23, 27, -1,
      29, 191, 27, -1,
      27, 191, 192, -1,
      27, 192, 190, -1,
      29, 77, 191, -1,
      191, 77, 76, -1,
      191, 76, 193, -1,
      193, 76, 80, -1,
      193, 80, 194, -1,
      194, 80, 91, -1,
      194, 91, 195, -1,
      195, 91, 90, -1,
      195, 90, 196, -1,
      196, 90, 89, -1,
      196, 89, 197, -1,
      197, 89, 83, -1,
      197, 83, 198, -1,
      198, 83, 82, -1,
      198, 82, 199, -1,
      199, 82, 88, -1,
      199, 88, 200, -1,
      200, 88, 87, -1,
      200, 87, 201, -1,
      201, 87, 86, -1,
      201, 86, 202, -1,
      202, 86, 85, -1,
      202, 85, 203, -1,
      203, 85, 84, -1,
      203, 84, 204, -1,
      204, 84, 81, -1,
      204, 81, 205, -1,
      205, 81, 79, -1,
      205, 79, 206, -1,
      206, 79, 78, -1,
      206, 78, 144, -1,
      170, 171, 182, -1,
      182, 171, 181, -1,
      194, 161, 193, -1,
      193, 161, 162, -1,
      150, 151, 202, -1,
      202, 151, 152, -1,
      202, 152, 201, -1,
      201, 152, 153, -1,
      201, 153, 200, -1,
      200, 153, 154, -1,
      200, 154, 199, -1,
      199, 154, 155, -1,
      199, 155, 198, -1,
      198, 155, 156, -1,
      198, 156, 197, -1,
      197, 156, 157, -1,
      197, 157, 196, -1,
      196, 157, 158, -1,
      196, 158, 195, -1,
      195, 158, 159, -1,
      195, 159, 194, -1,
      194, 159, 160, -1,
      194, 160, 161, -1,
      148, 144, 147, -1,
      147, 144, 145, -1,
      147, 145, 146, -1,
      146, 145, 143, -1,
      146, 143, 142, -1,
      171, 172, 181, -1,
      181, 172, 173, -1,
      181, 173, 180, -1,
      180, 173, 174, -1,
      180, 174, 179, -1,
      179, 174, 175, -1,
      179, 175, 178, -1,
      178, 175, 176, -1,
      178, 176, 177, -1,
      202, 203, 150, -1,
      150, 203, 204, -1,
      150, 204, 149, -1,
      149, 204, 205, -1,
      149, 205, 148, -1,
      148, 205, 206, -1,
      148, 206, 144, -1,
      182, 183, 170, -1,
      170, 183, 184, -1,
      170, 184, 169, -1,
      169, 184, 185, -1,
      169, 185, 168, -1,
      168, 185, 186, -1,
      168, 186, 167, -1,
      167, 186, 187, -1,
      167, 187, 166, -1,
      166, 187, 188, -1,
      166, 188, 165, -1,
      165, 188, 189, -1,
      165, 189, 164, -1,
      164, 189, 190, -1,
      164, 190, 163, -1,
      163, 190, 192, -1,
      163, 192, 162, -1,
      162, 192, 191, -1,
      162, 191, 193, -1,
      207, 208, 95, -1,
      95, 208, 0, -1,
      209, 207, 97, -1,
      97, 207, 95, -1,
      209, 97, 98, -1,
      209, 98, 210, -1,
      210, 98, 94, -1,
      210, 94, 211, -1,
      212, 211, 93, -1,
      93, 211, 94, -1,
      213, 212, 92, -1,
      92, 212, 93, -1,
      213, 92, 214, -1,
      214, 92, 96, -1,
      214, 96, 101, -1,
      215, 214, 100, -1,
      100, 214, 101, -1,
      215, 100, 216, -1,
      216, 100, 99, -1,
      216, 99, 103, -1,
      104, 217, 102, -1,
      102, 217, 216, -1,
      102, 216, 103, -1,
      217, 104, 105, -1,
      217, 105, 218, -1,
      218, 105, 116, -1,
      218, 116, 219, -1,
      219, 116, 115, -1,
      219, 115, 220, -1,
      220, 115, 110, -1,
      220, 110, 221, -1,
      221, 110, 109, -1,
      221, 109, 222, -1,
      222, 109, 108, -1,
      222, 108, 223, -1,
      223, 108, 106, -1,
      223, 106, 224, -1,
      225, 224, 107, -1,
      107, 224, 106, -1,
      225, 107, 114, -1,
      225, 114, 226, -1,
      226, 114, 113, -1,
      226, 113, 227, -1,
      227, 113, 112, -1,
      227, 112, 228, -1,
      228, 112, 111, -1,
      228, 111, 229, -1,
      111, 121, 229, -1,
      229, 121, 120, -1,
      229, 120, 230, -1,
      230, 120, 119, -1,
      230, 119, 231, -1,
      231, 119, 118, -1,
      231, 118, 232, -1,
      232, 118, 117, -1,
      232, 117, 233, -1,
      0, 208, 1, -1,
      1, 208, 233, -1,
      1, 233, 117, -1,
      210, 211, 233, -1,
      208, 207, 233, -1,
      233, 207, 209, -1,
      233, 209, 210, -1,
      214, 215, 213, -1,
      213, 215, 216, -1,
      213, 216, 212, -1,
      232, 218, 231, -1,
      231, 218, 219, -1,
      224, 225, 223, -1,
      223, 225, 226, -1,
      223, 226, 222, -1,
      222, 226, 227, -1,
      222, 227, 221, -1,
      221, 227, 228, -1,
      221, 228, 220, -1,
      220, 228, 229, -1,
      220, 229, 219, -1,
      219, 229, 230, -1,
      219, 230, 231, -1,
      211, 212, 233, -1,
      233, 212, 216, -1,
      233, 216, 232, -1,
      232, 216, 217, -1,
      232, 217, 218, -1,
      234, 235, 125, -1,
      125, 235, 126, -1,
      234, 125, 236, -1,
      236, 125, 124, -1,
      236, 124, 123, -1,
      237, 236, 122, -1,
      122, 236, 123, -1,
      237, 122, 238, -1,
      238, 122, 128, -1,
      238, 128, 127, -1,
      239, 238, 133, -1,
      133, 238, 127, -1,
      130, 240, 131, -1,
      131, 240, 239, -1,
      131, 239, 133, -1,
      132, 241, 129, -1,
      129, 241, 240, -1,
      129, 240, 130, -1,
      140, 242, 141, -1,
      141, 242, 241, -1,
      141, 241, 132, -1,
      243, 242, 139, -1,
      139, 242, 140, -1,
      136, 244, 138, -1,
      138, 244, 243, -1,
      138, 243, 139, -1,
      134, 245, 135, -1,
      135, 245, 244, -1,
      135, 244, 136, -1,
      245, 134, 235, -1,
      235, 134, 137, -1,
      235, 137, 126, -1,
      245, 235, 234, -1,
      234, 236, 245, -1,
      245, 236, 237, -1,
      245, 237, 244, -1,
      242, 243, 241, -1,
      241, 243, 244, -1,
      241, 244, 240, -1,
      240, 244, 237, -1,
      240, 237, 239, -1,
      239, 237, 238, -1,
      246, 247, 248, -1,
      248, 247, 249, -1,
      248, 249, 250, -1,
      250, 249, 251, -1,
      250, 251, 252, -1,
      252, 251, 253, -1,
      252, 253, 254, -1,
      254, 253, 255, -1,
      254, 255, 256, -1,
      256, 255, 257, -1,
      256, 257, 258, -1,
      258, 257, 259, -1,
      258, 259, 260, -1,
      260, 259, 261, -1,
      260, 261, 262, -1,
      262, 261, 263, -1,
      262, 263, 264, -1,
      264, 263, 265, -1,
      264, 265, 266, -1,
      266, 265, 267, -1,
      266, 267, 268, -1,
      268, 267, 269, -1,
      268, 269, 270, -1,
      270, 269, 271, -1,
      270, 271, 272, -1,
      272, 271, 273, -1,
      272, 273, 274, -1,
      274, 273, 275, -1,
      274, 275, 276, -1,
      276, 275, 277, -1,
      276, 277, 278, -1,
      278, 277, 279, -1,
      278, 279, 280, -1,
      280, 279, 246, -1,
      280, 246, 248, -1,
      254, 256, 8, -1,
      8, 256, 15, -1,
      254, 8, 7, -1,
      254, 7, 252, -1,
      252, 7, 6, -1,
      252, 6, 250, -1,
      250, 6, 5, -1,
      250, 5, 248, -1,
      248, 5, 4, -1,
      248, 4, 280, -1,
      280, 4, 14, -1,
      280, 14, 278, -1,
      278, 14, 13, -1,
      278, 13, 276, -1,
      276, 13, 12, -1,
      276, 12, 274, -1,
      21, 266, 22, -1,
      22, 266, 268, -1,
      22, 268, 9, -1,
      9, 268, 270, -1,
      9, 270, 10, -1,
      10, 270, 272, -1,
      10, 272, 11, -1,
      11, 272, 274, -1,
      11, 274, 12, -1,
      266, 21, 20, -1,
      266, 20, 264, -1,
      264, 20, 19, -1,
      264, 19, 262, -1,
      262, 19, 18, -1,
      262, 18, 260, -1,
      258, 260, 17, -1,
      17, 260, 18, -1,
      15, 256, 16, -1,
      16, 256, 258, -1,
      16, 258, 17, -1,
      261, 259, 281, -1,
      281, 259, 282, -1,
      259, 257, 282, -1,
      282, 257, 283, -1,
      257, 255, 283, -1,
      283, 255, 284, -1,
      247, 285, 286, -1,
      247, 286, 249, -1,
      249, 286, 287, -1,
      249, 287, 251, -1,
      251, 287, 288, -1,
      251, 288, 253, -1,
      253, 288, 284, -1,
      253, 284, 255, -1,
      275, 289, 290, -1,
      275, 290, 277, -1,
      277, 290, 291, -1,
      277, 291, 279, -1,
      279, 291, 292, -1,
      279, 292, 246, -1,
      246, 292, 285, -1,
      246, 285, 247, -1,
      267, 293, 294, -1,
      267, 294, 269, -1,
      269, 294, 295, -1,
      269, 295, 271, -1,
      271, 295, 296, -1,
      271, 296, 273, -1,
      273, 296, 289, -1,
      273, 289, 275, -1,
      261, 281, 297, -1,
      261, 297, 263, -1,
      263, 297, 298, -1,
      263, 298, 265, -1,
      265, 298, 293, -1,
      265, 293, 267, -1,
    ]
  }
}

Shape {
  appearance Appearance {
    material Material {
      diffuseColor 0.2510 0.2510 0.2510
      specularColor 0.1255 0.1255 0.1255
      ambientIntensity 0.2
      transparency 0.0000
      shininess 0.5
    }
  }
  geometry IndexedFaceSet {
    ccw TRUE
    solid FALSE
    coord DEF co Coordinate {
      point [
        0.333811 0.325141 0.118110,
        0.331795 0.325141 0.118110,
        0.331795 0.314852 0.118110,
        0.333733 0.314852 0.118110,
        0.337700 0.316244 0.118110,
        0.337413 0.315987 0.118110,
        0.336519 0.315417 0.118110,
        0.335359 0.315019 0.118110,
        0.339126 0.320126 0.118110,
        0.339091 0.319368 0.118110,
        0.338845 0.318125 0.118110,
        0.338397 0.317122 0.118110,
        0.337663 0.323885 0.118110,
        0.338098 0.323445 0.118110,
        0.338600 0.322678 0.118110,
        0.338960 0.321669 0.118110,
        0.335469 0.324966 0.118110,
        0.336637 0.324559 0.118110,
      ]
    }
    coordIndex [
      1, 2, 0, -1,
      0, 2, 3, -1,
      0, 3, 7, -1,
      7, 6, 0, -1,
      0, 6, 5, -1,
      0, 5, 4, -1,
      4, 11, 0, -1,
      0, 11, 10, -1,
      0, 10, 9, -1,
      9, 8, 0, -1,
      0, 8, 15, -1,
      0, 15, 14, -1,
      14, 13, 0, -1,
      0, 13, 12, -1,
      0, 12, 16, -1,
      16, 12, 17, -1,
    ]
  }
}

Shape {
  appearance Appearance {
    material Material {
      diffuseColor 1.0000 1.0000 1.0000
      specularColor 0.5020 0.5020 0.5020
      ambientIntensity 0.2
      transparency 0.0000
      shininess 0.5
    }
  }
  geometry IndexedFaceSet {
    ccw TRUE
    solid FALSE
    coord DEF co Coordinate {
      point [
        0.351782 0.313331 0.118110,
        0.353685 0.313331 0.118110,
        0.349287 0.324878 0.118110,
        0.348603 0.326676 0.118110,
        0.341678 0.313331 0.118110,
        0.343581 0.313331 0.118110,
        0.344864 0.316981 0.118110,
        0.350421 0.316981 0.118110,
        0.346076 0.324878 0.118110,
        0.346761 0.326676 0.118110,
        0.345410 0.318489 0.122047,
        0.344864 0.316981 0.122047,
        0.349889 0.318489 0.122047,
        0.350421 0.316981 0.122047,
        0.347405 0.324035 0.122047,
        0.346761 0.326676 0.122047,
        0.341678 0.313331 0.122047,
        0.343581 0.313331 0.122047,
        0.347521 0.324434 0.122047,
        0.347624 0.324970 0.122047,
        0.348603 0.326676 0.122047,
        0.347665 0.324970 0.122047,
        0.347772 0.324406 0.122047,
        0.347872 0.324035 0.122047,
        0.353685 0.313331 0.122047,
        0.351782 0.313331 0.122047,
        0.345410 0.318489 0.118110,
        0.349889 0.318489 0.118110,
        0.347872 0.324035 0.118110,
        0.347665 0.324970 0.118110,
        0.347772 0.324406 0.118110,
        0.347624 0.324970 0.118110,
        0.347405 0.324035 0.118110,
        0.347521 0.324434 0.118110,
      ]
    }
    coordIndex [
      10, 11, 12, -1,
      12, 11, 13, -1,
      14, 15, 10, -1,
      10, 15, 16, -1,
      10, 16, 11, -1,
      11, 16, 17, -1,
      14, 18, 15, -1,
      15, 18, 19, -1,
      15, 19, 20, -1,
      20, 19, 21, -1,
      20, 21, 22, -1,
      22, 23, 20, -1,
      20, 23, 12, -1,
      20, 12, 24, -1,
      24, 12, 13, -1,
      24, 13, 25, -1,
      3, 20, 2, -1,
      2, 20, 24, -1,
      2, 24, 1, -1,
      15, 20, 9, -1,
      9, 20, 3, -1,
      4, 16, 8, -1,
      8, 16, 15, -1,
      8, 15, 9, -1,
      17, 16, 5, -1,
      5, 16, 4, -1,
      11, 17, 6, -1,
      6, 17, 5, -1,
      13, 11, 7, -1,
      7, 11, 6, -1,
      25, 13, 0, -1,
      0, 13, 7, -1,
      24, 25, 1, -1,
      1, 25, 0, -1,
      10, 12, 26, -1,
      26, 12, 27, -1,
      12, 23, 27, -1,
      27, 23, 28, -1,
      21, 29, 30, -1,
      21, 30, 22, -1,
      22, 30, 28, -1,
      22, 28, 23, -1,
      21, 19, 29, -1,
      29, 19, 31, -1,
      14, 32, 33, -1,
      14, 33, 18, -1,
      18, 33, 31, -1,
      18, 31, 19, -1,
      14, 10, 32, -1,
      32, 10, 26, -1,
    ]
  }
}

Shape {
  appearance Appearance {
    material Material {
      diffuseColor 0.2510 0.2510 0.2510
      specularColor 0.1255 0.1255 0.1255
      ambientIntensity 0.2
      transparency 0.0000
      shininess 0.5
    }
  }
  geometry IndexedFaceSet {
    ccw TRUE
    solid FALSE
    coord DEF co Coordinate {
      point [
        0.345410 0.318489 0.118110,
        0.349889 0.318489 0.118110,
        0.347872 0.324035 0.118110,
        0.347665 0.324970 0.118110,
        0.347772 0.324406 0.118110,
        0.347624 0.324970 0.118110,
        0.347405 0.324035 0.118110,
        0.347521 0.324434 0.118110,
      ]
    }
    coordIndex [
      3, 5, 4, -1,
      4, 5, 7, -1,
      4, 7, 2, -1,
      2, 7, 6, -1,
      2, 6, 1, -1,
      1, 6, 0, -1,
    ]
  }
}

Shape {
  appearance Appearance {
    material Material {
      diffuseColor 1.0000 1.0000 1.0000
      specularColor 0.5020 0.5020 0.5020
      ambientIntensity 0.2
      transparency 0.0000
      shininess 0.5
    }
  }
  geometry IndexedFaceSet {
    ccw TRUE
    solid FALSE
    coord DEF co Coordinate {
      point [
        0.237996 0.324381 0.118110,
        0.239658 0.322868 0.118110,
        0.243507 0.324878 0.118110,
        0.212616 0.332842 0.118110,
        0.213301 0.334389 0.118110,
        0.269583 0.334389 0.118110,
        0.268952 0.335269 0.118110,
        0.266377 0.337444 0.118110,
        0.253739 0.349338 0.118110,
        0.255790 0.347959 0.118110,
        0.257970 0.346493 0.118110,
        0.261117 0.342851 0.118110,
        0.263094 0.338998 0.118110,
        0.263552 0.338844 0.118110,
        0.240374 0.350849 0.118110,
        0.245067 0.351427 0.118110,
        0.248977 0.351016 0.118110,
        0.235998 0.349162 0.118110,
        0.234056 0.347959 0.118110,
        0.233681 0.347726 0.118110,
        0.214129 0.336259 0.118110,
        0.216413 0.339187 0.118110,
        0.223583 0.343279 0.118110,
        0.227324 0.343741 0.118110,
        0.231451 0.345817 0.118110,
        0.228415 0.343682 0.118110,
        0.229506 0.343552 0.118110,
        0.217051 0.339792 0.118110,
        0.220069 0.341914 0.118110,
        0.211953 0.328371 0.118110,
        0.211980 0.329276 0.118110,
        0.218896 0.315506 0.118110,
        0.215938 0.318029 0.118110,
        0.222324 0.313835 0.118110,
        0.213775 0.321117 0.118110,
        0.212414 0.324648 0.118110,
        0.212385 0.324878 0.118110,
        0.223529 0.313474 0.118110,
        0.223648 0.313219 0.118110,
        0.224484 0.311433 0.118110,
        0.225897 0.309692 0.118110,
        0.232543 0.307022 0.118110,
        0.234845 0.307307 0.118110,
        0.236470 0.307932 0.118110,
        0.232184 0.307029 0.118110,
        0.229944 0.307377 0.118110,
        0.228619 0.307932 0.118110,
        0.227754 0.308294 0.118110,
        0.241430 0.313219 0.118110,
        0.241417 0.313163 0.118110,
        0.240291 0.311052 0.118110,
        0.238850 0.309437 0.118110,
        0.236961 0.308121 0.118110,
        0.272270 0.324878 0.118110,
        0.272054 0.323187 0.118110,
        0.253548 0.318816 0.118110,
        0.254199 0.319073 0.118110,
        0.255314 0.324481 0.118110,
        0.268977 0.317554 0.118110,
        0.266398 0.315371 0.118110,
        0.252965 0.318402 0.118110,
        0.254934 0.319167 0.118110,
        0.255027 0.319161 0.118110,
        0.255311 0.319098 0.118110,
        0.270863 0.320183 0.118110,
        0.251993 0.316226 0.118110,
        0.252017 0.316600 0.118110,
        0.242030 0.317459 0.118110,
        0.252207 0.317322 0.118110,
        0.252572 0.317970 0.118110,
        0.264676 0.321452 0.118110,
        0.265720 0.322931 0.118110,
        0.254210 0.313371 0.118110,
        0.253582 0.313618 0.118110,
        0.252967 0.314056 0.118110,
        0.252746 0.314280 0.118110,
        0.252333 0.314876 0.118110,
        0.252083 0.315519 0.118110,
        0.241977 0.315505 0.118110,
        0.242030 0.316511 0.118110,
        0.263503 0.313954 0.118110,
        0.260343 0.313285 0.118110,
        0.254744 0.313285 0.118110,
        0.255504 0.319072 0.118110,
        0.259773 0.319072 0.118110,
        0.261489 0.319403 0.118110,
        0.263162 0.320181 0.118110,
        0.264563 0.321330 0.118110,
        0.233691 0.326026 0.118110,
        0.235981 0.325459 0.118110,
        0.258331 0.334389 0.118110,
        0.232543 0.326094 0.118110,
        0.266376 0.324621 0.118110,
        0.266407 0.324878 0.118110,
        0.255081 0.324878 0.118110,
        0.266605 0.326473 0.118110,
        0.266556 0.327322 0.118110,
        0.230270 0.325813 0.118110,
        0.220012 0.334389 0.118110,
        0.228175 0.325009 0.118110,
        0.219029 0.332979 0.118110,
        0.218215 0.330863 0.118110,
        0.218697 0.324878 0.118110,
        0.227986 0.324878 0.118110,
        0.218047 0.327080 0.118110,
        0.217931 0.328561 0.118110,
        0.264140 0.331982 0.118110,
        0.262669 0.333011 0.118110,
        0.266106 0.329143 0.118110,
        0.265220 0.330778 0.118110,
        0.258445 0.333874 0.118110,
        0.252372 0.329509 0.118110,
        0.259204 0.333874 0.118110,
        0.261014 0.333650 0.118110,
        0.237066 0.324878 0.118110,
        0.218731 0.324760 0.118110,
        0.224668 0.321865 0.118110,
        0.226236 0.323660 0.118110,
        0.219851 0.322857 0.118110,
        0.221552 0.321109 0.118110,
        0.223624 0.319831 0.118110,
        0.256389 0.339591 0.118110,
        0.254245 0.342144 0.118110,
        0.232448 0.336626 0.118110,
        0.254025 0.342344 0.118110,
        0.251360 0.344196 0.118110,
        0.233899 0.339630 0.118110,
        0.231792 0.336985 0.118110,
        0.257857 0.336536 0.118110,
        0.229665 0.337768 0.118110,
        0.227419 0.338049 0.118110,
        0.226413 0.337995 0.118110,
        0.236028 0.342172 0.118110,
        0.248385 0.345337 0.118110,
        0.238565 0.344026 0.118110,
        0.245161 0.345734 0.118110,
        0.241664 0.345283 0.118110,
        0.224072 0.337435 0.118110,
        0.221960 0.336309 0.118110,
        0.220346 0.334868 0.118110,
        0.270890 0.332570 0.118110,
        0.272051 0.329673 0.118110,
        0.272487 0.326568 0.118110,
        0.224484 0.311433 0.122047,
        0.225897 0.309692 0.122047,
        0.223624 0.319831 0.122047,
        0.242030 0.317459 0.122047,
        0.255314 0.324481 0.122047,
        0.236122 0.316859 0.122047,
        0.235905 0.317739 0.122047,
        0.221960 0.336309 0.122047,
        0.224072 0.337435 0.122047,
        0.223583 0.343279 0.122047,
        0.239658 0.322868 0.122047,
        0.232448 0.320116 0.122047,
        0.233237 0.320030 0.122047,
        0.229506 0.343552 0.122047,
        0.232448 0.336626 0.122047,
        0.233899 0.339630 0.122047,
        0.234119 0.319715 0.122047,
        0.234882 0.319200 0.122047,
        0.235493 0.318517 0.122047,
        0.221552 0.321109 0.122047,
        0.222324 0.313835 0.122047,
        0.223529 0.313474 0.122047,
        0.227324 0.343741 0.122047,
        0.252372 0.329509 0.122047,
        0.242030 0.316511 0.122047,
        0.236123 0.315991 0.122047,
        0.241977 0.315505 0.122047,
        0.231520 0.319997 0.122047,
        0.230270 0.325813 0.122047,
        0.230691 0.319670 0.122047,
        0.228175 0.325009 0.122047,
        0.229949 0.319143 0.122047,
        0.226236 0.323660 0.122047,
        0.229574 0.318746 0.122047,
        0.224668 0.321865 0.122047,
        0.229084 0.317961 0.122047,
        0.228804 0.317068 0.122047,
        0.228757 0.316143 0.122047,
        0.235981 0.325459 0.122047,
        0.233691 0.326026 0.122047,
        0.232543 0.326094 0.122047,
        0.258445 0.333874 0.122047,
        0.259204 0.333874 0.122047,
        0.263094 0.338998 0.122047,
        0.261014 0.333650 0.122047,
        0.263552 0.338844 0.122047,
        0.262669 0.333011 0.122047,
        0.266377 0.337444 0.122047,
        0.268952 0.335269 0.122047,
        0.231451 0.345817 0.122047,
        0.236028 0.342172 0.122047,
        0.233681 0.347726 0.122047,
        0.238565 0.344026 0.122047,
        0.235998 0.349162 0.122047,
        0.226413 0.337995 0.122047,
        0.227419 0.338049 0.122047,
        0.228415 0.343682 0.122047,
        0.229665 0.337768 0.122047,
        0.231792 0.336985 0.122047,
        0.268977 0.317554 0.122047,
        0.264563 0.321330 0.122047,
        0.266398 0.315371 0.122047,
        0.263162 0.320181 0.122047,
        0.263503 0.313954 0.122047,
        0.261489 0.319403 0.122047,
        0.260343 0.313285 0.122047,
        0.259773 0.319072 0.122047,
        0.254744 0.313285 0.122047,
        0.255504 0.319072 0.122047,
        0.254210 0.313371 0.122047,
        0.237996 0.324381 0.122047,
        0.264140 0.331982 0.122047,
        0.265220 0.330778 0.122047,
        0.270890 0.332570 0.122047,
        0.266106 0.329143 0.122047,
        0.272051 0.329673 0.122047,
        0.266556 0.327322 0.122047,
        0.272487 0.326568 0.122047,
        0.266605 0.326473 0.122047,
        0.272054 0.323187 0.122047,
        0.266376 0.324621 0.122047,
        0.270863 0.320183 0.122047,
        0.265720 0.322931 0.122047,
        0.264676 0.321452 0.122047,
        0.257970 0.346493 0.122047,
        0.254245 0.342144 0.122047,
        0.261117 0.342851 0.122047,
        0.256389 0.339591 0.122047,
        0.257857 0.336536 0.122047,
        0.218215 0.330863 0.122047,
        0.211980 0.329276 0.122047,
        0.217931 0.328561 0.122047,
        0.211953 0.328371 0.122047,
        0.218047 0.327080 0.122047,
        0.212414 0.324648 0.122047,
        0.218731 0.324760 0.122047,
        0.213775 0.321117 0.122047,
        0.219851 0.322857 0.122047,
        0.215938 0.318029 0.122047,
        0.218896 0.315506 0.122047,
        0.228933 0.315254 0.122047,
        0.229308 0.314456 0.122047,
        0.240374 0.350849 0.122047,
        0.241664 0.345283 0.122047,
        0.245067 0.351427 0.122047,
        0.245161 0.345734 0.122047,
        0.248977 0.351016 0.122047,
        0.248385 0.345337 0.122047,
        0.253739 0.349338 0.122047,
        0.251360 0.344196 0.122047,
        0.254025 0.342344 0.122047,
        0.220069 0.341914 0.122047,
        0.217051 0.339792 0.122047,
        0.220346 0.334868 0.122047,
        0.216413 0.339187 0.122047,
        0.219029 0.332979 0.122047,
        0.214129 0.336259 0.122047,
        0.212616 0.332842 0.122047,
        0.241417 0.313163 0.122047,
        0.235896 0.315080 0.122047,
        0.240291 0.311052 0.122047,
        0.235456 0.314265 0.122047,
        0.238850 0.309437 0.122047,
        0.234941 0.313683 0.122047,
        0.236961 0.308121 0.122047,
        0.234220 0.313166 0.122047,
        0.234845 0.307307 0.122047,
        0.233398 0.312838 0.122047,
        0.232543 0.307022 0.122047,
        0.232448 0.312715 0.122047,
        0.232184 0.307029 0.122047,
        0.232286 0.312719 0.122047,
        0.229944 0.307377 0.122047,
        0.231434 0.312858 0.122047,
        0.227754 0.308294 0.122047,
        0.230576 0.313226 0.122047,
        0.229850 0.313783 0.122047,
        0.255027 0.319161 0.122047,
        0.252746 0.314280 0.122047,
        0.252967 0.314056 0.122047,
        0.255311 0.319098 0.122047,
        0.253582 0.313618 0.122047,
        0.251993 0.316226 0.122047,
        0.252083 0.315519 0.122047,
        0.252333 0.314876 0.122047,
        0.254199 0.319073 0.122047,
        0.253548 0.318816 0.122047,
        0.252017 0.316600 0.122047,
        0.252965 0.318402 0.122047,
        0.252572 0.317970 0.122047,
        0.252207 0.317322 0.122047,
        0.254934 0.319167 0.122047,
        0.232448 0.320116 0.118110,
        0.233237 0.320030 0.118110,
        0.234119 0.319715 0.118110,
        0.234882 0.319200 0.118110,
        0.235493 0.318517 0.118110,
        0.235905 0.317739 0.118110,
        0.236122 0.316859 0.118110,
        0.236123 0.315991 0.118110,
        0.235896 0.315080 0.118110,
        0.235456 0.314265 0.118110,
        0.234941 0.313683 0.118110,
        0.234220 0.313166 0.118110,
        0.233398 0.312838 0.118110,
        0.232448 0.312715 0.118110,
        0.232286 0.312719 0.118110,
        0.231434 0.312858 0.118110,
        0.230576 0.313226 0.118110,
        0.229850 0.313783 0.118110,
        0.229308 0.314456 0.118110,
        0.228933 0.315254 0.118110,
        0.228757 0.316143 0.118110,
        0.228804 0.317068 0.118110,
        0.229084 0.317961 0.118110,
        0.229574 0.318746 0.118110,
        0.229949 0.319143 0.118110,
        0.230691 0.319670 0.118110,
        0.231520 0.319997 0.118110,
      ]
    }
    coordIndex [
      143, 144, 145, -1,
      146, 147, 148, -1,
      148, 147, 149, -1,
      150, 151, 152, -1,
      153, 154, 155, -1,
      156, 157, 158, -1,
      155, 159, 153, -1,
      153, 159, 160, -1,
      153, 160, 161, -1,
      162, 163, 145, -1,
      145, 163, 164, -1,
      145, 164, 143, -1,
      152, 151, 165, -1,
      149, 147, 161, -1,
      161, 147, 166, -1,
      161, 166, 153, -1,
      146, 148, 167, -1,
      167, 148, 168, -1,
      167, 168, 169, -1,
      170, 171, 172, -1,
      172, 171, 173, -1,
      172, 173, 174, -1,
      174, 173, 175, -1,
      174, 175, 176, -1,
      176, 175, 177, -1,
      176, 177, 178, -1,
      178, 177, 145, -1,
      178, 145, 179, -1,
      179, 145, 180, -1,
      181, 182, 170, -1,
      170, 182, 183, -1,
      170, 183, 171, -1,
      184, 185, 186, -1,
      186, 185, 187, -1,
      186, 187, 188, -1,
      188, 187, 189, -1,
      188, 189, 190, -1,
      190, 189, 191, -1,
      156, 158, 192, -1,
      192, 158, 193, -1,
      192, 193, 194, -1,
      194, 193, 195, -1,
      194, 195, 196, -1,
      151, 197, 165, -1,
      165, 197, 198, -1,
      165, 198, 199, -1,
      199, 198, 200, -1,
      199, 200, 156, -1,
      156, 200, 201, -1,
      156, 201, 157, -1,
      202, 203, 204, -1,
      204, 203, 205, -1,
      204, 205, 206, -1,
      206, 205, 207, -1,
      206, 207, 208, -1,
      208, 207, 209, -1,
      208, 209, 210, -1,
      210, 209, 211, -1,
      210, 211, 212, -1,
      154, 153, 170, -1,
      170, 153, 213, -1,
      170, 213, 181, -1,
      189, 214, 191, -1,
      191, 214, 215, -1,
      191, 215, 216, -1,
      216, 215, 217, -1,
      216, 217, 218, -1,
      218, 217, 219, -1,
      218, 219, 220, -1,
      220, 219, 221, -1,
      220, 221, 222, -1,
      222, 221, 223, -1,
      222, 223, 224, -1,
      224, 223, 225, -1,
      224, 225, 202, -1,
      202, 225, 226, -1,
      202, 226, 203, -1,
      227, 228, 229, -1,
      229, 228, 230, -1,
      229, 230, 186, -1,
      186, 230, 231, -1,
      186, 231, 184, -1,
      232, 233, 234, -1,
      234, 233, 235, -1,
      234, 235, 236, -1,
      236, 235, 237, -1,
      236, 237, 238, -1,
      238, 237, 239, -1,
      238, 239, 240, -1,
      240, 239, 241, -1,
      240, 241, 162, -1,
      162, 241, 242, -1,
      162, 242, 163, -1,
      180, 145, 243, -1,
      243, 145, 144, -1,
      243, 144, 244, -1,
      196, 195, 245, -1,
      245, 195, 246, -1,
      245, 246, 247, -1,
      247, 246, 248, -1,
      247, 248, 249, -1,
      249, 248, 250, -1,
      249, 250, 251, -1,
      251, 250, 252, -1,
      251, 252, 227, -1,
      227, 252, 253, -1,
      227, 253, 228, -1,
      152, 254, 150, -1,
      150, 254, 255, -1,
      150, 255, 256, -1,
      256, 255, 257, -1,
      256, 257, 258, -1,
      258, 257, 259, -1,
      258, 259, 232, -1,
      232, 259, 260, -1,
      232, 260, 233, -1,
      169, 168, 261, -1,
      261, 168, 262, -1,
      261, 262, 263, -1,
      263, 262, 264, -1,
      263, 264, 265, -1,
      265, 264, 266, -1,
      265, 266, 267, -1,
      267, 266, 268, -1,
      267, 268, 269, -1,
      269, 268, 270, -1,
      269, 270, 271, -1,
      271, 270, 272, -1,
      271, 272, 273, -1,
      273, 272, 274, -1,
      273, 274, 275, -1,
      275, 274, 276, -1,
      275, 276, 277, -1,
      277, 276, 278, -1,
      277, 278, 144, -1,
      144, 278, 279, -1,
      144, 279, 244, -1,
      280, 281, 282, -1,
      211, 283, 212, -1,
      212, 283, 280, -1,
      212, 280, 284, -1,
      284, 280, 282, -1,
      285, 286, 280, -1,
      280, 286, 287, -1,
      280, 287, 281, -1,
      288, 289, 290, -1,
      289, 291, 290, -1,
      290, 291, 292, -1,
      290, 292, 293, -1,
      285, 280, 290, -1,
      290, 280, 294, -1,
      290, 294, 288, -1,
      220, 142, 141, -1,
      220, 141, 218, -1,
      218, 141, 140, -1,
      218, 140, 216, -1,
      216, 140, 5, -1,
      216, 5, 191, -1,
      5, 6, 191, -1,
      191, 6, 7, -1,
      191, 7, 190, -1,
      190, 7, 13, -1,
      190, 13, 188, -1,
      188, 13, 12, -1,
      188, 12, 186, -1,
      186, 12, 11, -1,
      186, 11, 229, -1,
      229, 11, 10, -1,
      229, 10, 227, -1,
      227, 10, 251, -1,
      251, 10, 9, -1,
      9, 8, 251, -1,
      251, 8, 16, -1,
      251, 16, 249, -1,
      249, 16, 15, -1,
      249, 15, 247, -1,
      19, 194, 18, -1,
      18, 194, 196, -1,
      18, 196, 17, -1,
      17, 196, 245, -1,
      17, 245, 14, -1,
      14, 245, 247, -1,
      14, 247, 15, -1,
      194, 19, 24, -1,
      194, 24, 192, -1,
      192, 24, 26, -1,
      192, 26, 156, -1,
      156, 26, 25, -1,
      156, 25, 199, -1,
      199, 25, 23, -1,
      199, 23, 165, -1,
      165, 23, 22, -1,
      165, 22, 152, -1,
      152, 22, 28, -1,
      152, 28, 254, -1,
      254, 28, 27, -1,
      254, 27, 255, -1,
      255, 27, 21, -1,
      255, 21, 257, -1,
      257, 21, 20, -1,
      257, 20, 259, -1,
      259, 20, 4, -1,
      259, 4, 260, -1,
      4, 3, 260, -1,
      260, 3, 30, -1,
      260, 30, 233, -1,
      233, 30, 29, -1,
      233, 29, 235, -1,
      29, 36, 235, -1,
      235, 36, 237, -1,
      36, 35, 237, -1,
      237, 35, 34, -1,
      237, 34, 239, -1,
      239, 34, 32, -1,
      239, 32, 241, -1,
      241, 32, 31, -1,
      241, 31, 242, -1,
      242, 31, 33, -1,
      242, 33, 163, -1,
      163, 33, 37, -1,
      163, 37, 164, -1,
      164, 37, 38, -1,
      164, 38, 143, -1,
      38, 39, 143, -1,
      143, 39, 40, -1,
      143, 40, 144, -1,
      144, 40, 47, -1,
      144, 47, 277, -1,
      277, 47, 46, -1,
      277, 46, 275, -1,
      46, 45, 275, -1,
      275, 45, 44, -1,
      275, 44, 273, -1,
      273, 44, 41, -1,
      273, 41, 271, -1,
      79, 167, 169, -1,
      271, 41, 42, -1,
      271, 42, 269, -1,
      269, 42, 43, -1,
      269, 43, 267, -1,
      43, 52, 267, -1,
      267, 52, 51, -1,
      267, 51, 265, -1,
      265, 51, 50, -1,
      265, 50, 263, -1,
      263, 50, 49, -1,
      263, 49, 261, -1,
      261, 49, 48, -1,
      261, 48, 169, -1,
      169, 48, 78, -1,
      169, 78, 79, -1,
      146, 167, 67, -1,
      67, 167, 79, -1,
      147, 146, 57, -1,
      57, 146, 67, -1,
      111, 166, 94, -1,
      94, 166, 147, -1,
      94, 147, 57, -1,
      166, 111, 153, -1,
      153, 111, 2, -1,
      153, 2, 1, -1,
      153, 1, 0, -1,
      153, 0, 213, -1,
      213, 0, 114, -1,
      213, 114, 181, -1,
      114, 89, 181, -1,
      181, 89, 88, -1,
      181, 88, 182, -1,
      182, 88, 91, -1,
      182, 91, 183, -1,
      183, 91, 97, -1,
      183, 97, 171, -1,
      171, 97, 99, -1,
      171, 99, 173, -1,
      173, 99, 103, -1,
      173, 103, 175, -1,
      103, 117, 175, -1,
      175, 117, 116, -1,
      175, 116, 177, -1,
      177, 116, 120, -1,
      177, 120, 145, -1,
      105, 234, 236, -1,
      145, 120, 119, -1,
      145, 119, 162, -1,
      162, 119, 118, -1,
      162, 118, 240, -1,
      240, 118, 115, -1,
      240, 115, 238, -1,
      238, 115, 102, -1,
      238, 102, 236, -1,
      236, 102, 104, -1,
      236, 104, 105, -1,
      234, 105, 101, -1,
      234, 101, 232, -1,
      232, 101, 100, -1,
      232, 100, 258, -1,
      258, 100, 98, -1,
      258, 98, 256, -1,
      98, 139, 256, -1,
      256, 139, 138, -1,
      256, 138, 150, -1,
      150, 138, 137, -1,
      150, 137, 151, -1,
      151, 137, 131, -1,
      151, 131, 197, -1,
      197, 131, 130, -1,
      197, 130, 198, -1,
      198, 130, 129, -1,
      198, 129, 200, -1,
      200, 129, 127, -1,
      200, 127, 201, -1,
      201, 127, 123, -1,
      201, 123, 157, -1,
      157, 123, 126, -1,
      157, 126, 158, -1,
      158, 126, 132, -1,
      158, 132, 193, -1,
      193, 132, 134, -1,
      193, 134, 195, -1,
      195, 134, 136, -1,
      195, 136, 246, -1,
      246, 136, 135, -1,
      246, 135, 248, -1,
      110, 184, 90, -1,
      90, 184, 231, -1,
      90, 231, 128, -1,
      128, 231, 230, -1,
      128, 230, 121, -1,
      121, 230, 228, -1,
      121, 228, 122, -1,
      122, 228, 253, -1,
      122, 253, 124, -1,
      124, 253, 252, -1,
      124, 252, 125, -1,
      125, 252, 250, -1,
      125, 250, 133, -1,
      133, 250, 248, -1,
      133, 248, 135, -1,
      185, 184, 112, -1,
      112, 184, 110, -1,
      185, 112, 113, -1,
      185, 113, 187, -1,
      187, 113, 107, -1,
      187, 107, 189, -1,
      189, 107, 106, -1,
      189, 106, 214, -1,
      214, 106, 109, -1,
      214, 109, 215, -1,
      215, 109, 108, -1,
      215, 108, 217, -1,
      217, 108, 96, -1,
      217, 96, 219, -1,
      219, 96, 95, -1,
      219, 95, 221, -1,
      95, 93, 221, -1,
      221, 93, 223, -1,
      93, 92, 223, -1,
      223, 92, 71, -1,
      223, 71, 225, -1,
      225, 71, 70, -1,
      225, 70, 226, -1,
      226, 70, 87, -1,
      226, 87, 203, -1,
      203, 87, 86, -1,
      203, 86, 205, -1,
      205, 86, 85, -1,
      205, 85, 207, -1,
      207, 85, 84, -1,
      207, 84, 209, -1,
      211, 209, 83, -1,
      83, 209, 84, -1,
      211, 83, 63, -1,
      211, 63, 283, -1,
      283, 63, 62, -1,
      283, 62, 280, -1,
      280, 62, 61, -1,
      280, 61, 294, -1,
      294, 61, 56, -1,
      294, 56, 288, -1,
      288, 56, 55, -1,
      288, 55, 289, -1,
      289, 55, 60, -1,
      289, 60, 291, -1,
      291, 60, 69, -1,
      291, 69, 292, -1,
      292, 69, 68, -1,
      292, 68, 293, -1,
      293, 68, 66, -1,
      293, 66, 290, -1,
      290, 66, 65, -1,
      290, 65, 285, -1,
      285, 65, 77, -1,
      285, 77, 286, -1,
      286, 77, 76, -1,
      286, 76, 287, -1,
      287, 76, 75, -1,
      287, 75, 281, -1,
      281, 75, 74, -1,
      281, 74, 282, -1,
      282, 74, 73, -1,
      282, 73, 284, -1,
      284, 73, 72, -1,
      284, 72, 212, -1,
      212, 72, 82, -1,
      212, 82, 210, -1,
      208, 210, 81, -1,
      81, 210, 82, -1,
      208, 81, 80, -1,
      208, 80, 206, -1,
      206, 80, 59, -1,
      206, 59, 204, -1,
      204, 59, 58, -1,
      204, 58, 202, -1,
      142, 220, 53, -1,
      53, 220, 222, -1,
      53, 222, 54, -1,
      54, 222, 224, -1,
      54, 224, 64, -1,
      64, 224, 202, -1,
      64, 202, 58, -1,
      154, 295, 296, -1,
      154, 296, 155, -1,
      155, 296, 297, -1,
      155, 297, 159, -1,
      159, 297, 298, -1,
      159, 298, 160, -1,
      160, 298, 299, -1,
      160, 299, 161, -1,
      161, 299, 300, -1,
      161, 300, 149, -1,
      149, 300, 301, -1,
      149, 301, 148, -1,
      148, 301, 302, -1,
      148, 302, 168, -1,
      168, 302, 303, -1,
      168, 303, 262, -1,
      262, 303, 304, -1,
      262, 304, 264, -1,
      264, 304, 305, -1,
      264, 305, 266, -1,
      266, 305, 306, -1,
      266, 306, 268, -1,
      268, 306, 307, -1,
      268, 307, 270, -1,
      270, 307, 308, -1,
      270, 308, 272, -1,
      272, 308, 309, -1,
      272, 309, 274, -1,
      274, 309, 310, -1,
      274, 310, 276, -1,
      276, 310, 311, -1,
      276, 311, 278, -1,
      278, 311, 312, -1,
      278, 312, 279, -1,
      279, 312, 313, -1,
      279, 313, 244, -1,
      244, 313, 314, -1,
      244, 314, 243, -1,
      243, 314, 315, -1,
      243, 315, 180, -1,
      180, 315, 316, -1,
      180, 316, 179, -1,
      179, 316, 317, -1,
      179, 317, 178, -1,
      178, 317, 318, -1,
      178, 318, 176, -1,
      176, 318, 319, -1,
      176, 319, 174, -1,
      174, 319, 320, -1,
      174, 320, 172, -1,
      172, 320, 321, -1,
      172, 321, 170, -1,
      170, 321, 295, -1,
      170, 295, 154, -1,
    ]
  }
}

Shape {
  appearance Appearance {
    material Material {
      diffuseColor 0.2510 0.2510 0.2510
      specularColor 0.1255 0.1255 0.1255
      ambientIntensity 0.2
      transparency 0.0000
      shininess 0.5
    }
  }
  geometry IndexedFaceSet {
    ccw TRUE
    solid FALSE
    coord DEF co Coordinate {
      point [
        0.232448 0.320116 0.118110,
        0.233237 0.320030 0.118110,
        0.234119 0.319715 0.118110,
        0.234882 0.319200 0.118110,
        0.235493 0.318517 0.118110,
        0.235905 0.317739 0.118110,
        0.236122 0.316859 0.118110,
        0.236123 0.315991 0.118110,
        0.235896 0.315080 0.118110,
        0.235456 0.314265 0.118110,
        0.234941 0.313683 0.118110,
        0.234220 0.313166 0.118110,
        0.233398 0.312838 0.118110,
        0.232448 0.312715 0.118110,
        0.232286 0.312719 0.118110,
        0.231434 0.312858 0.118110,
        0.230576 0.313226 0.118110,
        0.229850 0.313783 0.118110,
        0.229308 0.314456 0.118110,
        0.228933 0.315254 0.118110,
        0.228757 0.316143 0.118110,
        0.228804 0.317068 0.118110,
        0.229084 0.317961 0.118110,
        0.229574 0.318746 0.118110,
        0.229949 0.319143 0.118110,
        0.230691 0.319670 0.118110,
        0.231520 0.319997 0.118110,
      ]
    }
    coordIndex [
      14, 24, 23, -1,
      12, 11, 1, -1,
      0, 26, 14, -1,
      14, 26, 25, -1,
      14, 25, 24, -1,
      19, 18, 23, -1,
      23, 18, 17, -1,
      0, 14, 1, -1,
      1, 14, 13, -1,
      1, 13, 12, -1,
      22, 21, 23, -1,
      23, 21, 20, -1,
      23, 20, 19, -1,
      17, 16, 23, -1,
      23, 16, 15, -1,
      23, 15, 14, -1,
      11, 10, 1, -1,
      1, 10, 9, -1,
      1, 9, 8, -1,
      8, 7, 1, -1,
      1, 7, 6, -1,
      1, 6, 5, -1,
      5, 4, 1, -1,
      1, 4, 3, -1,
      1, 3, 2, -1,
    ]
  }
}
