#VRML V2.0 utf8

Shape {
  appearance Appearance {
    material Material {
      diffuseColor 1.0000 1.0000 1.0000
      specularColor 0.5020 0.5020 0.5020
      ambientIntensity 0.2
      transparency 0.0000
      shininess 0.5
    }
  }
  geometry IndexedFaceSet {
    ccw TRUE
    solid FALSE
    coord DEF co Coordinate {
      point [
        -0.984252 -0.826772 -0.007874,
        -0.590551 -0.826772 -0.007874,
        -0.984252 -0.826772 0.078740,
        -0.590551 -0.826772 0.078740,
        -0.984252 0.826772 -0.007874,
        -0.984252 0.826772 0.078740,
        -0.590551 0.826772 -0.007874,
        -0.590551 0.826772 0.078740,
        -0.433071 0.984252 -0.007874,
        -0.433071 0.984252 0.078740,
        -0.275591 0.984252 -0.007874,
        -0.275591 0.984252 0.078740,
        -0.275591 -0.984252 -0.007874,
        -0.275591 -0.984252 0.078740,
        -0.433071 -0.984252 -0.007874,
        -0.433071 -0.984252 0.078740,
        0.590551 -0.826772 -0.007874,
        0.984252 -0.826772 -0.007874,
        0.590551 -0.826772 0.078740,
        0.984252 -0.826772 0.078740,
        0.984252 0.826772 -0.007874,
        0.984252 0.826772 0.078740,
        0.590551 0.826772 -0.007874,
        0.590551 0.826772 0.078740,
        0.433071 0.984252 -0.007874,
        0.433071 0.984252 0.078740,
        0.275591 0.984252 -0.007874,
        0.275591 0.984252 0.078740,
        0.275591 -0.984252 -0.007874,
        0.275591 -0.984252 0.078740,
        0.433071 -0.984252 -0.007874,
        0.433071 -0.984252 0.078740,
      ]
    }
    coordIndex [
      0, 1, 2, -1,
      2, 1, 3, -1,
      4, 0, 5, -1,
      5, 0, 2, -1,
      6, 4, 7, -1,
      7, 4, 5, -1,
      8, 6, 9, -1,
      9, 6, 7, -1,
      10, 8, 11, -1,
      11, 8, 9, -1,
      12, 10, 13, -1,
      13, 10, 11, -1,
      14, 12, 15, -1,
      15, 12, 13, -1,
      1, 14, 3, -1,
      3, 14, 15, -1,
      8, 10, 6, -1,
      6, 10, 12, -1,
      0, 4, 1, -1,
      1, 4, 6, -1,
      1, 6, 14, -1,
      14, 6, 12, -1,
      11, 9, 13, -1,
      13, 9, 7, -1,
      15, 13, 3, -1,
      3, 13, 7, -1,
      3, 7, 2, -1,
      2, 7, 5, -1,
      16, 17, 18, -1,
      18, 17, 19, -1,
      17, 20, 19, -1,
      19, 20, 21, -1,
      20, 22, 21, -1,
      21, 22, 23, -1,
      22, 24, 23, -1,
      23, 24, 25, -1,
      24, 26, 25, -1,
      25, 26, 27, -1,
      26, 28, 27, -1,
      27, 28, 29, -1,
      28, 30, 29, -1,
      29, 30, 31, -1,
      30, 16, 31, -1,
      31, 16, 18, -1,
      26, 24, 28, -1,
      28, 24, 22, -1,
      30, 28, 16, -1,
      16, 28, 22, -1,
      16, 22, 17, -1,
      17, 22, 20, -1,
      25, 27, 23, -1,
      23, 27, 29, -1,
      19, 21, 18, -1,
      18, 21, 23, -1,
      18, 23, 31, -1,
      31, 23, 29, -1,
    ]
  }
}

Shape {
  appearance Appearance {
    material Material {
      diffuseColor 0.2510 0.2510 0.2510
      specularColor 0.1255 0.1255 0.1255
      ambientIntensity 0.2
      transparency 0.0000
      shininess 0.5
    }
  }
  geometry IndexedFaceSet {
    ccw TRUE
    solid FALSE
    coord DEF co Coordinate {
      point [
        0.013383 -0.461352 0.826772,
        0.013383 -0.532294 0.826772,
        0.045272 -0.532294 0.826772,
        0.139093 -0.668902 0.826772,
        0.137061 -0.669120 0.826772,
        0.156483 -0.669120 0.826772,
        0.077804 -0.461446 0.826772,
        0.084043 -0.460677 0.826772,
        0.052129 -0.460677 0.826772,
        0.098534 -0.541606 0.826772,
        0.093396 -0.542098 0.826772,
        0.119887 -0.542098 0.826772,
        -0.096904 -0.525313 0.826772,
        -0.081956 -0.538819 0.826772,
        -0.029740 -0.460677 0.826772,
        -0.149629 -0.469472 0.826772,
        -0.130937 -0.491050 0.826772,
        -0.118887 -0.514446 0.826772,
        -0.113607 -0.516319 0.826772,
        -0.433071 0.984252 0.826772,
        -0.590551 0.826772 0.826772,
        -0.175017 -0.452402 0.826772,
        -0.162710 -0.460677 0.826772,
        -0.255270 -0.443352 0.826772,
        -0.227052 -0.439869 0.826772,
        -0.203586 -0.442335 0.826772,
        -0.281517 -0.453488 0.826772,
        -0.704992 0.826772 0.826772,
        -0.293117 -0.460677 0.826772,
        -0.704992 -0.460677 0.826772,
        -0.295366 -0.462071 0.826772,
        -0.704992 -0.542098 0.826772,
        -0.417646 -0.542098 0.826772,
        -0.412734 -0.530970 0.826772,
        -0.398976 -0.513307 0.826772,
        -0.356015 -0.488772 0.826772,
        -0.333508 -0.485981 0.826772,
        -0.308744 -0.473528 0.826772,
        -0.326961 -0.486337 0.826772,
        -0.320415 -0.487120 0.826772,
        -0.395195 -0.509725 0.826772,
        -0.377098 -0.496980 0.826772,
        -0.384130 -0.655359 0.826772,
        -0.401823 -0.640258 0.826772,
        -0.704992 -0.669120 0.826772,
        -0.363566 -0.665400 0.826772,
        -0.414745 -0.621843 0.826772,
        -0.422939 -0.600658 0.826772,
        -0.704992 -0.565574 0.826772,
        -0.425733 -0.578206 0.826772,
        -0.425580 -0.572883 0.826772,
        -0.424285 -0.565574 0.826772,
        -0.421790 -0.551483 0.826772,
        -0.704992 -0.700837 0.826772,
        -0.325734 -0.700837 0.826772,
        -0.331013 -0.698614 0.826772,
        -0.356280 -0.667583 0.826772,
        -0.355563 -0.669120 0.826772,
        -0.350598 -0.679756 0.826772,
        -0.342141 -0.690210 0.826772,
        -0.302198 -0.706295 0.826772,
        -0.433071 -0.984252 0.826772,
        -0.288459 -0.704608 0.826772,
        -0.029740 -0.984252 0.826772,
        -0.278620 -0.700837 0.826772,
        -0.704992 -0.826772 0.826772,
        -0.590551 -0.826772 0.826772,
        -0.317884 -0.704144 0.826772,
        -0.304445 -0.706252 0.826772,
        -0.248836 -0.669120 0.826772,
        -0.248857 -0.669210 0.826772,
        -0.029740 -0.700837 0.826772,
        -0.255564 -0.681919 0.826772,
        -0.264415 -0.691860 0.826772,
        -0.275759 -0.699741 0.826772,
        -0.259501 -0.611224 0.826772,
        -0.183217 -0.571374 0.826772,
        -0.269417 -0.602189 0.826772,
        -0.281491 -0.595706 0.826772,
        -0.029740 -0.565574 0.826772,
        -0.067175 -0.565574 0.826772,
        -0.064513 -0.572915 0.826772,
        -0.170443 -0.668567 0.826772,
        -0.174274 -0.667512 0.826772,
        -0.178241 -0.665267 0.826772,
        -0.181370 -0.662288 0.826772,
        -0.098089 -0.584725 0.826772,
        -0.100733 -0.573783 0.826772,
        -0.105129 -0.565574 0.826772,
        -0.388456 -0.565574 0.826772,
        -0.179143 -0.637562 0.826772,
        -0.175567 -0.635227 0.826772,
        -0.165569 -0.601546 0.826772,
        -0.171613 -0.633837 0.826772,
        -0.073697 -0.629830 0.826772,
        -0.083592 -0.643104 0.826772,
        -0.029740 -0.669120 0.826772,
        -0.086337 -0.645942 0.826772,
        -0.101500 -0.657731 0.826772,
        -0.385369 -0.599164 0.826772,
        -0.378171 -0.611515 0.826772,
        -0.349386 -0.617156 0.826772,
        -0.367924 -0.621953 0.826772,
        -0.355711 -0.629441 0.826772,
        -0.062528 -0.589022 0.826772,
        -0.062655 -0.593543 0.826772,
        -0.065928 -0.612142 0.826772,
        -0.119104 -0.665578 0.826772,
        -0.135397 -0.668722 0.826772,
        -0.168985 -0.668722 0.826772,
        -0.328317 -0.598328 0.826772,
        -0.339965 -0.606404 0.826772,
        -0.389868 -0.577067 0.826772,
        -0.389290 -0.585154 0.826772,
        -0.315739 -0.593531 0.826772,
        -0.302198 -0.591869 0.826772,
        -0.295228 -0.592285 0.826772,
        -0.185494 -0.651074 0.826772,
        -0.185381 -0.649088 0.826772,
        -0.245269 -0.643674 0.826772,
        -0.184303 -0.644739 0.826772,
        -0.182160 -0.640807 0.826772,
        -0.167846 -0.633426 0.826772,
        -0.167292 -0.633467 0.826772,
        -0.165584 -0.633845 0.826772,
        -0.183717 -0.658658 0.826772,
        -0.185085 -0.654770 0.826772,
        -0.245563 -0.655148 0.826772,
        -0.245269 -0.649367 0.826772,
        -0.109357 -0.619678 0.826772,
        -0.103100 -0.610795 0.826772,
        -0.099183 -0.600647 0.826772,
        -0.097824 -0.589591 0.826772,
        -0.164430 -0.633996 0.826772,
        -0.138812 -0.633996 0.826772,
        -0.128687 -0.632067 0.826772,
        -0.118630 -0.627435 0.826772,
        -0.110198 -0.620579 0.826772,
        -0.146782 -0.545187 0.826772,
        -0.383314 -0.550629 0.826772,
        -0.388181 -0.563329 0.826772,
        -0.142228 -0.545187 0.826772,
        -0.106002 -0.563943 0.826772,
        -0.112665 -0.556490 0.826772,
        -0.121498 -0.550332 0.826772,
        -0.131437 -0.546514 0.826772,
        -0.159305 -0.510601 0.826772,
        -0.172230 -0.495337 0.826772,
        -0.302767 -0.528678 0.826772,
        -0.173218 -0.494441 0.826772,
        -0.189195 -0.483309 0.826772,
        -0.294013 -0.510582 0.826772,
        -0.377387 -0.542098 0.826772,
        -0.307019 -0.526363 0.826772,
        -0.147471 -0.542098 0.826772,
        -0.150415 -0.528890 0.826772,
        -0.319790 -0.521744 0.826772,
        -0.332939 -0.520139 0.826772,
        -0.338720 -0.520432 0.826772,
        -0.281224 -0.495343 0.826772,
        -0.207037 -0.476435 0.826772,
        -0.266132 -0.484317 0.826772,
        -0.226483 -0.474026 0.826772,
        -0.247552 -0.476756 0.826772,
        -0.352783 -0.523727 0.826772,
        -0.365492 -0.530433 0.826772,
        -0.375432 -0.539285 0.826772,
        -0.070871 -0.555379 0.826772,
        -0.029740 -0.542098 0.826772,
        -0.079761 -0.542098 0.826772,
        0.304802 -0.519522 0.826772,
        0.275421 -0.519522 0.826772,
        0.312969 -0.541422 0.826772,
        0.275421 -0.542098 0.826772,
        0.324390 -0.541422 0.826772,
        0.293893 -0.461352 0.826772,
        0.984252 -0.542098 0.826772,
        0.984252 -0.460677 0.826772,
        0.271461 -0.519522 0.826772,
        0.263765 -0.541422 0.826772,
        0.250123 -0.542098 0.826772,
        0.252344 -0.541422 0.826772,
        0.250123 -0.460677 0.826772,
        0.275421 -0.480833 0.826772,
        0.275421 -0.460677 0.826772,
        0.282841 -0.461352 0.826772,
        0.156483 -0.505358 0.826772,
        0.134859 -0.505358 0.826772,
        0.156483 -0.532294 0.826772,
        0.134859 -0.532294 0.826772,
        0.175150 -0.460677 0.826772,
        0.156483 -0.460677 0.826772,
        0.165765 -0.461352 0.826772,
        0.156483 -0.461352 0.826772,
        0.165765 -0.470563 0.826772,
        0.167587 -0.532294 0.826772,
        0.175150 -0.542098 0.826772,
        0.167587 -0.541422 0.826772,
        0.156483 -0.542098 0.826772,
        0.163493 -0.505358 0.826772,
        0.163493 -0.496189 0.826772,
        0.156483 -0.496189 0.826772,
        0.156483 -0.470563 0.826772,
        0.134859 -0.470563 0.826772,
        0.134859 -0.496189 0.826772,
        0.124523 -0.461352 0.826772,
        0.119887 -0.460677 0.826772,
        0.124523 -0.541422 0.826772,
        0.108497 -0.463276 0.826772,
        0.100222 -0.460863 0.826772,
        0.097967 -0.460677 0.826772,
        0.156483 -0.541422 0.826772,
        0.108497 -0.474083 0.826772,
        0.107131 -0.538787 0.826772,
        0.091617 -0.533419 0.826772,
        0.100665 -0.531724 0.826772,
        0.108497 -0.528200 0.826772,
        0.108497 -0.538106 0.826772,
        0.063356 -0.519718 0.826772,
        0.067254 -0.525130 0.826772,
        0.068785 -0.526647 0.826772,
        0.074004 -0.530356 0.826772,
        0.079698 -0.532573 0.826772,
        0.087824 -0.533563 0.826772,
        0.099483 -0.470512 0.826772,
        0.066797 -0.479352 0.826772,
        0.107605 -0.473602 0.826772,
        0.063051 -0.485040 0.826772,
        0.060497 -0.492157 0.826772,
        0.089626 -0.469335 0.826772,
        0.086544 -0.469457 0.826772,
        0.067807 -0.478218 0.826772,
        0.079575 -0.470795 0.826772,
        0.073277 -0.473706 0.826772,
        0.059395 -0.502288 0.826772,
        0.059482 -0.505254 0.826772,
        0.060767 -0.513263 0.826772,
        0.052129 0.984252 0.826772,
        0.089523 -0.460002 0.826772,
        0.119887 0.984252 0.826772,
        0.089782 -0.460002 0.826772,
        0.054301 -0.479384 0.826772,
        0.060111 -0.471791 0.826772,
        0.061980 -0.470002 0.826772,
        0.069459 -0.464721 0.826772,
        0.047329 -0.460677 0.826772,
        0.050500 -0.488280 0.826772,
        0.052129 -0.484468 0.826772,
        0.052129 -0.521173 0.826772,
        0.049854 -0.514850 0.826772,
        0.047329 -0.542098 0.826772,
        0.048547 -0.502902 0.826772,
        0.048687 -0.498736 0.826772,
        0.072835 -0.540763 0.826772,
        0.065276 -0.537204 0.826772,
        0.052129 -0.542098 0.826772,
        0.058822 -0.531843 0.826772,
        0.057557 -0.530427 0.826772,
        0.052945 -0.523443 0.826772,
        0.079330 -0.542098 0.826772,
        0.052129 -0.565574 0.826772,
        0.081517 -0.542546 0.826772,
        0.086330 -0.542773 0.826772,
        0.119887 -0.565574 0.826772,
        0.984252 0.826772 0.826772,
        0.590551 0.826772 0.826772,
        0.984252 -0.826772 0.826772,
        0.984252 -0.700837 0.826772,
        0.590551 -0.826772 0.826772,
        0.275421 -0.700837 0.826772,
        0.245733 -0.514804 0.826772,
        0.241798 -0.523090 0.826772,
        0.235826 -0.530206 0.826772,
        0.219391 -0.460677 0.826772,
        0.219391 -0.463292 0.826772,
        0.227434 -0.466228 0.826772,
        0.219391 -0.539262 0.826772,
        0.219391 -0.542098 0.826772,
        0.226575 -0.536664 0.826772,
        0.234414 -0.531462 0.826772,
        0.235826 -0.471955 0.826772,
        0.238554 -0.474613 0.826772,
        0.243536 -0.481565 0.826772,
        0.246526 -0.489173 0.826772,
        0.247902 -0.500364 0.826772,
        0.247666 -0.505423 0.826772,
        0.205555 -0.461352 0.826772,
        0.217769 -0.462700 0.826772,
        0.217234 -0.540042 0.826772,
        0.204736 -0.541422 0.826772,
        0.182713 -0.541422 0.826772,
        0.182713 -0.461352 0.826772,
        0.059752 -0.641193 0.826772,
        0.061298 -0.625012 0.826772,
        0.057750 -0.644066 0.826772,
        0.056376 -0.647604 0.826772,
        0.067355 -0.668967 0.826772,
        0.063596 -0.667431 0.826772,
        0.052129 -0.669120 0.826772,
        0.057311 -0.660856 0.826772,
        0.056142 -0.657404 0.826772,
        0.061298 -0.615270 0.826772,
        0.063267 -0.614124 0.826772,
        0.091631 -0.659602 0.826772,
        0.091365 -0.659602 0.826772,
        0.091631 -0.668444 0.826772,
        0.089024 -0.662970 0.826772,
        0.091189 -0.611747 0.826772,
        0.116918 -0.619846 0.826772,
        0.118791 -0.617137 0.826772,
        0.062824 -0.638528 0.826772,
        0.067094 -0.636339 0.826772,
        0.068284 -0.620632 0.826772,
        0.074684 -0.634468 0.826772,
        0.074568 -0.618614 0.826772,
        0.085754 -0.666096 0.826772,
        0.083412 -0.667583 0.826772,
        0.079426 -0.669120 0.826772,
        0.060623 -0.665293 0.826772,
        0.059104 -0.663687 0.826772,
        0.070706 -0.611212 0.826772,
        0.080988 -0.609948 0.826772,
        0.086938 -0.610475 0.826772,
        0.091631 -0.632094 0.826772,
        0.091352 -0.628089 0.826772,
        0.090352 -0.624340 0.826772,
        0.055711 -0.653135 0.826772,
        0.055738 -0.651935 0.826772,
        0.094533 -0.613639 0.826772,
        0.097218 -0.616182 0.826772,
        0.115715 -0.623074 0.826772,
        0.099278 -0.619404 0.826772,
        0.100859 -0.623932 0.826772,
        0.089204 -0.622214 0.826772,
        0.087724 -0.620557 0.826772,
        0.085987 -0.619372 0.826772,
        0.083739 -0.618521 0.826772,
        0.080047 -0.618094 0.826772,
        0.119798 -0.637453 0.826772,
        0.115251 -0.656082 0.826772,
        0.119887 -0.637512 0.826772,
        0.118855 -0.658339 0.826772,
        0.119887 -0.658743 0.826772,
        0.118157 -0.635737 0.826772,
        0.116846 -0.633640 0.826772,
        0.101661 -0.631644 0.826772,
        0.115742 -0.630576 0.826772,
        0.115313 -0.626691 0.826772,
        0.079413 -0.669125 0.826772,
        0.119887 -0.700837 0.826772,
        0.052129 -0.700837 0.826772,
        0.073845 -0.669795 0.826772,
        0.072009 -0.669737 0.826772,
        0.068278 -0.669120 0.826772,
        0.115251 -0.666439 0.826772,
        0.101661 -0.668444 0.826772,
        0.119887 -0.668072 0.826772,
        0.119887 -0.669120 0.826772,
        0.122244 -0.668902 0.826772,
        0.124319 -0.669120 0.826772,
        0.130766 -0.669795 0.826772,
        0.151131 -0.612486 0.826772,
        0.151131 -0.622228 0.826772,
        0.121739 -0.614492 0.826772,
        0.124124 -0.613020 0.826772,
        0.153400 -0.656904 0.826772,
        0.152173 -0.660083 0.826772,
        0.150307 -0.662729 0.826772,
        0.119887 -0.616153 0.826772,
        0.129479 -0.610931 0.826772,
        0.137581 -0.609948 0.826772,
        0.156483 -0.565574 0.826772,
        0.144617 -0.610572 0.826772,
        0.150517 -0.643433 0.826772,
        0.152369 -0.646155 0.826772,
        0.153448 -0.649104 0.826772,
        0.153874 -0.652889 0.826772,
        0.147426 -0.665252 0.826772,
        0.144545 -0.666968 0.826772,
        0.136599 -0.618094 0.826772,
        0.133630 -0.618317 0.826772,
        0.125649 -0.625790 0.826772,
        0.130947 -0.619027 0.826772,
        0.128698 -0.620223 0.826772,
        0.125740 -0.627124 0.826772,
        0.126138 -0.628682 0.826772,
        0.126861 -0.630035 0.826772,
        0.127839 -0.631111 0.826772,
        0.131374 -0.633322 0.826772,
        0.143634 -0.618954 0.826772,
        0.137581 -0.636024 0.826772,
        0.149305 -0.621158 0.826772,
        0.141465 -0.637595 0.826772,
        0.148126 -0.641299 0.826772,
        0.127185 -0.621560 0.826772,
        0.126325 -0.622836 0.826772,
        0.125830 -0.624190 0.826772,
        0.125127 -0.660791 0.826772,
        0.130500 -0.643310 0.826772,
        0.124522 -0.640570 0.826772,
        0.131748 -0.661608 0.826772,
        0.132191 -0.661606 0.826772,
        0.137085 -0.646068 0.826772,
        0.137332 -0.661030 0.826772,
        0.143578 -0.653872 0.826772,
        0.143480 -0.652624 0.826772,
        0.139920 -0.660082 0.826772,
        0.140835 -0.659528 0.826772,
        0.141985 -0.658506 0.826772,
        0.142861 -0.657211 0.826772,
        0.143371 -0.655785 0.826772,
        0.143024 -0.651058 0.826772,
        0.142249 -0.649728 0.826772,
        0.141000 -0.648427 0.826772,
        0.203590 -0.611258 0.826772,
        0.213987 -0.611258 0.826772,
        0.219391 -0.565574 0.826772,
        0.185251 -0.654240 0.826772,
        0.186479 -0.658948 0.826772,
        0.186745 -0.658948 0.826772,
        0.175150 -0.565574 0.826772,
        0.175150 -0.625183 0.826772,
        0.187973 -0.654322 0.826772,
        0.187205 -0.656988 0.826772,
        0.175150 -0.669120 0.826772,
        0.175150 -0.652103 0.826772,
        0.159093 -0.611258 0.826772,
        0.170309 -0.611258 0.826772,
        0.181526 -0.668322 0.826772,
        0.181188 -0.669120 0.826772,
        0.177125 -0.678719 0.826772,
        0.156483 -0.700837 0.826772,
        0.161160 -0.694561 0.826772,
        0.161160 -0.685637 0.826772,
        0.173246 -0.684455 0.826772,
        0.175115 -0.682386 0.826772,
        0.175150 -0.682323 0.826772,
        0.163391 -0.686355 0.826772,
        0.166850 -0.686783 0.826772,
        0.175150 -0.693610 0.826772,
        0.171514 -0.694953 0.826772,
        0.175150 -0.700837 0.826772,
        0.167628 -0.695380 0.826772,
        0.164118 -0.695170 0.826772,
        0.169442 -0.686469 0.826772,
        0.171619 -0.685601 0.826772,
        0.188034 -0.677082 0.826772,
        0.184523 -0.684310 0.826772,
        0.219391 -0.700837 0.826772,
        0.191174 -0.669120 0.826772,
        0.180230 -0.689933 0.826772,
        0.179001 -0.691080 0.826772,
        0.175488 -0.693485 0.826772,
        0.250123 -0.632380 0.826772,
        0.235130 -0.632380 0.826772,
        0.250123 -0.659316 0.826772,
        0.235130 -0.659316 0.826772,
        0.266037 -0.588375 0.826772,
        0.266037 -0.597585 0.826772,
        0.275421 -0.565574 0.826772,
        0.267858 -0.659316 0.826772,
        0.275421 -0.669120 0.826772,
        0.267858 -0.668444 0.826772,
        0.250123 -0.669120 0.826772,
        0.263765 -0.632380 0.826772,
        0.263765 -0.623211 0.826772,
        0.250123 -0.623211 0.826772,
        0.250123 -0.597585 0.826772,
        0.235130 -0.597585 0.826772,
        0.235130 -0.623211 0.826772,
        0.250123 -0.668444 0.826772,
        0.224794 -0.668444 0.826772,
        0.219391 -0.669120 0.826772,
        0.224794 -0.588375 0.826772,
        0.250123 -0.588375 0.826772,
        0.250123 -0.565574 0.826772,
        0.156483 0.984252 0.826772,
        0.175150 0.984252 0.826772,
        0.219391 0.984252 0.826772,
        0.250123 0.984252 0.826772,
        0.275421 0.984252 0.826772,
        0.433071 0.984252 0.826772,
        -0.029740 0.984252 0.826772,
        0.047329 0.984252 0.826772,
        0.003047 -0.541422 0.826772,
        0.003047 -0.461352 0.826772,
        0.045272 -0.541422 0.826772,
        0.047329 -0.565574 0.826772,
        0.364036 -0.668444 0.826772,
        0.352615 -0.668444 0.826772,
        0.413240 -0.668444 0.826772,
        0.405074 -0.646544 0.826772,
        0.371731 -0.646544 0.826772,
        0.424661 -0.668444 0.826772,
        0.984252 -0.669120 0.826772,
        0.394164 -0.588375 0.826772,
        0.984252 -0.565574 0.826772,
        0.346798 -0.616196 0.826772,
        0.348173 -0.627386 0.826772,
        0.383112 -0.588375 0.826772,
        0.347937 -0.632445 0.826772,
        0.346004 -0.641826 0.826772,
        0.342069 -0.650112 0.826772,
        0.336097 -0.657228 0.826772,
        0.334685 -0.658484 0.826772,
        0.326846 -0.663686 0.826772,
        0.282984 -0.588375 0.826772,
        0.282984 -0.668444 0.826772,
        0.305007 -0.668444 0.826772,
        0.317506 -0.667065 0.826772,
        0.336097 -0.598977 0.826772,
        0.338826 -0.601635 0.826772,
        0.343807 -0.608587 0.826772,
        0.305826 -0.588375 0.826772,
        0.318040 -0.589722 0.826772,
        0.327705 -0.593250 0.826772,
        0.047329 -0.669120 0.826772,
        0.003047 -0.668444 0.826772,
        0.046111 -0.668444 0.826772,
        0.046111 -0.659316 0.826772,
        0.044290 -0.597585 0.826772,
        0.003047 -0.588375 0.826772,
        0.044290 -0.588375 0.826772,
        0.013383 -0.632380 0.826772,
        0.013383 -0.659316 0.826772,
        0.042018 -0.632380 0.826772,
        0.042018 -0.623211 0.826772,
        0.013383 -0.623211 0.826772,
        0.013383 -0.597585 0.826772,
        0.250123 -0.700837 0.826772,
        0.047329 -0.700837 0.826772,
        -0.984252 0.826772 0.826772,
        -0.984252 -0.460677 0.826772,
        -0.984252 -0.542098 0.826772,
        -0.984252 -0.565574 0.826772,
        -0.984252 -0.669120 0.826772,
        -0.984252 -0.700837 0.826772,
        -0.984252 -0.826772 0.826772,
        0.047329 -0.984252 0.826772,
        0.052129 -0.984252 0.826772,
        0.119887 -0.984252 0.826772,
        0.156483 -0.984252 0.826772,
        0.175150 -0.984252 0.826772,
        0.219391 -0.984252 0.826772,
        0.250123 -0.984252 0.826772,
        0.275421 -0.984252 0.826772,
        0.433071 -0.984252 0.826772,
      ]
    }
    coordIndex [
      0, 1, 2, -1,
      3, 4, 5, -1,
      6, 7, 8, -1,
      9, 10, 11, -1,
      12, 13, 14, -1,
      14, 15, 16, -1,
      16, 17, 14, -1,
      14, 17, 18, -1,
      14, 18, 12, -1,
      19, 20, 14, -1,
      20, 21, 14, -1,
      14, 21, 22, -1,
      14, 22, 15, -1,
      23, 24, 20, -1,
      20, 24, 25, -1,
      20, 25, 21, -1,
      23, 20, 26, -1,
      26, 20, 27, -1,
      26, 27, 28, -1,
      28, 27, 29, -1,
      28, 29, 30, -1,
      31, 32, 29, -1,
      29, 32, 33, -1,
      29, 33, 34, -1,
      29, 35, 30, -1,
      30, 35, 36, -1,
      30, 36, 37, -1,
      37, 36, 38, -1,
      37, 38, 39, -1,
      34, 40, 29, -1,
      29, 40, 41, -1,
      29, 41, 35, -1,
      42, 43, 44, -1,
      42, 44, 45, -1,
      43, 46, 44, -1,
      44, 46, 47, -1,
      44, 47, 48, -1,
      48, 47, 49, -1,
      49, 50, 48, -1,
      48, 50, 51, -1,
      48, 51, 31, -1,
      31, 51, 52, -1,
      31, 52, 32, -1,
      53, 54, 55, -1,
      56, 45, 57, -1,
      57, 45, 44, -1,
      57, 44, 58, -1,
      58, 44, 53, -1,
      58, 53, 59, -1,
      59, 53, 55, -1,
      60, 61, 62, -1,
      62, 61, 63, -1,
      62, 63, 64, -1,
      53, 65, 54, -1,
      54, 65, 66, -1,
      54, 66, 67, -1,
      67, 66, 61, -1,
      67, 61, 68, -1,
      68, 61, 60, -1,
      69, 70, 71, -1,
      71, 70, 72, -1,
      72, 73, 71, -1,
      71, 73, 74, -1,
      71, 74, 64, -1,
      75, 76, 77, -1,
      77, 76, 78, -1,
      79, 80, 81, -1,
      82, 83, 69, -1,
      69, 83, 84, -1,
      69, 84, 85, -1,
      86, 87, 76, -1,
      76, 87, 88, -1,
      76, 88, 89, -1,
      90, 91, 92, -1,
      92, 91, 93, -1,
      94, 95, 96, -1,
      96, 95, 97, -1,
      96, 97, 98, -1,
      99, 100, 101, -1,
      101, 100, 102, -1,
      101, 102, 103, -1,
      81, 104, 79, -1,
      79, 104, 105, -1,
      79, 105, 96, -1,
      96, 105, 106, -1,
      96, 106, 94, -1,
      98, 107, 96, -1,
      96, 107, 108, -1,
      96, 108, 69, -1,
      69, 108, 109, -1,
      69, 109, 82, -1,
      110, 89, 111, -1,
      111, 89, 112, -1,
      111, 112, 101, -1,
      101, 112, 113, -1,
      101, 113, 99, -1,
      110, 114, 89, -1,
      89, 114, 115, -1,
      89, 115, 76, -1,
      76, 115, 116, -1,
      76, 116, 78, -1,
      117, 118, 119, -1,
      119, 118, 120, -1,
      119, 120, 92, -1,
      92, 120, 121, -1,
      92, 121, 90, -1,
      93, 122, 92, -1,
      92, 122, 123, -1,
      92, 123, 124, -1,
      85, 125, 69, -1,
      69, 125, 126, -1,
      69, 126, 127, -1,
      127, 126, 117, -1,
      127, 117, 128, -1,
      128, 117, 119, -1,
      129, 130, 92, -1,
      92, 130, 131, -1,
      92, 131, 76, -1,
      76, 131, 132, -1,
      76, 132, 86, -1,
      124, 133, 92, -1,
      92, 133, 134, -1,
      92, 134, 135, -1,
      135, 136, 92, -1,
      92, 136, 137, -1,
      92, 137, 129, -1,
      138, 139, 140, -1,
      140, 89, 138, -1,
      138, 89, 88, -1,
      138, 88, 141, -1,
      141, 88, 142, -1,
      142, 143, 141, -1,
      141, 143, 144, -1,
      141, 144, 145, -1,
      146, 147, 148, -1,
      147, 149, 148, -1,
      148, 149, 150, -1,
      148, 150, 151, -1,
      152, 148, 153, -1,
      139, 138, 152, -1,
      152, 138, 154, -1,
      152, 154, 148, -1,
      148, 154, 155, -1,
      148, 155, 146, -1,
      153, 156, 152, -1,
      152, 156, 157, -1,
      152, 157, 158, -1,
      151, 150, 159, -1,
      159, 150, 160, -1,
      159, 160, 161, -1,
      161, 160, 162, -1,
      161, 162, 163, -1,
      164, 165, 158, -1,
      158, 165, 166, -1,
      158, 166, 152, -1,
      80, 79, 167, -1,
      167, 79, 168, -1,
      167, 168, 169, -1,
      170, 171, 172, -1,
      172, 171, 173, -1,
      172, 173, 174, -1,
      175, 176, 177, -1,
      171, 178, 173, -1,
      173, 178, 179, -1,
      173, 179, 180, -1,
      180, 179, 181, -1,
      180, 181, 182, -1,
      182, 181, 183, -1,
      182, 183, 184, -1,
      184, 183, 185, -1,
      184, 185, 175, -1,
      186, 187, 188, -1,
      188, 187, 189, -1,
      190, 191, 192, -1,
      192, 191, 193, -1,
      192, 194, 190, -1,
      190, 194, 195, -1,
      190, 195, 196, -1,
      196, 195, 197, -1,
      196, 197, 198, -1,
      186, 188, 199, -1,
      199, 188, 195, -1,
      199, 195, 200, -1,
      200, 195, 194, -1,
      200, 194, 201, -1,
      194, 202, 201, -1,
      201, 202, 203, -1,
      201, 203, 204, -1,
      193, 191, 205, -1,
      205, 191, 206, -1,
      205, 206, 207, -1,
      208, 206, 209, -1,
      209, 206, 210, -1,
      197, 211, 198, -1,
      198, 211, 207, -1,
      198, 207, 11, -1,
      11, 207, 206, -1,
      11, 206, 212, -1,
      212, 206, 208, -1,
      9, 11, 213, -1,
      214, 215, 212, -1,
      212, 215, 216, -1,
      212, 216, 11, -1,
      11, 216, 217, -1,
      11, 217, 213, -1,
      218, 219, 212, -1,
      212, 219, 220, -1,
      212, 220, 221, -1,
      221, 222, 212, -1,
      212, 222, 223, -1,
      212, 223, 214, -1,
      224, 225, 226, -1,
      226, 225, 227, -1,
      226, 227, 228, -1,
      224, 229, 225, -1,
      225, 229, 230, -1,
      225, 230, 231, -1,
      231, 230, 232, -1,
      231, 232, 233, -1,
      228, 234, 226, -1,
      226, 234, 235, -1,
      226, 235, 212, -1,
      212, 235, 236, -1,
      212, 236, 218, -1,
      237, 238, 239, -1,
      239, 238, 240, -1,
      239, 240, 210, -1,
      8, 241, 242, -1,
      242, 243, 8, -1,
      8, 243, 244, -1,
      8, 244, 6, -1,
      245, 246, 8, -1,
      8, 246, 247, -1,
      8, 247, 241, -1,
      248, 249, 250, -1,
      250, 249, 251, -1,
      250, 251, 245, -1,
      245, 251, 252, -1,
      245, 252, 246, -1,
      253, 254, 255, -1,
      254, 256, 255, -1,
      255, 256, 257, -1,
      255, 257, 258, -1,
      253, 255, 259, -1,
      259, 255, 260, -1,
      259, 260, 261, -1,
      261, 260, 262, -1,
      262, 260, 263, -1,
      262, 263, 10, -1,
      175, 177, 184, -1,
      184, 177, 264, -1,
      184, 264, 265, -1,
      266, 267, 268, -1,
      268, 267, 269, -1,
      270, 271, 180, -1,
      180, 271, 272, -1,
      273, 274, 182, -1,
      182, 274, 275, -1,
      276, 277, 278, -1,
      278, 277, 180, -1,
      278, 180, 279, -1,
      279, 180, 272, -1,
      275, 280, 182, -1,
      182, 280, 281, -1,
      182, 281, 282, -1,
      282, 283, 182, -1,
      182, 283, 284, -1,
      182, 284, 180, -1,
      180, 284, 285, -1,
      180, 285, 270, -1,
      190, 286, 273, -1,
      273, 286, 287, -1,
      273, 287, 274, -1,
      276, 288, 277, -1,
      277, 288, 289, -1,
      277, 289, 196, -1,
      196, 289, 290, -1,
      196, 290, 190, -1,
      190, 290, 291, -1,
      190, 291, 286, -1,
      292, 293, 294, -1,
      294, 293, 295, -1,
      296, 297, 298, -1,
      298, 299, 300, -1,
      260, 301, 302, -1,
      303, 304, 305, -1,
      305, 304, 306, -1,
      307, 308, 309, -1,
      292, 310, 293, -1,
      293, 310, 311, -1,
      293, 311, 312, -1,
      312, 311, 313, -1,
      312, 313, 314, -1,
      306, 315, 305, -1,
      305, 315, 316, -1,
      305, 316, 317, -1,
      297, 318, 298, -1,
      298, 318, 319, -1,
      298, 319, 299, -1,
      302, 320, 260, -1,
      260, 320, 321, -1,
      260, 321, 322, -1,
      323, 324, 313, -1,
      313, 324, 325, -1,
      300, 326, 298, -1,
      298, 326, 327, -1,
      298, 327, 260, -1,
      260, 327, 295, -1,
      260, 295, 301, -1,
      301, 295, 293, -1,
      307, 328, 308, -1,
      308, 328, 329, -1,
      308, 329, 330, -1,
      330, 329, 331, -1,
      330, 331, 332, -1,
      325, 333, 313, -1,
      313, 333, 334, -1,
      313, 334, 335, -1,
      335, 336, 313, -1,
      313, 336, 337, -1,
      313, 337, 314, -1,
      338, 339, 340, -1,
      340, 339, 341, -1,
      340, 341, 342, -1,
      343, 344, 345, -1,
      345, 344, 346, -1,
      345, 346, 332, -1,
      332, 346, 347, -1,
      332, 347, 330, -1,
      317, 348, 349, -1,
      349, 348, 350, -1,
      348, 351, 350, -1,
      350, 351, 352, -1,
      350, 352, 353, -1,
      338, 343, 339, -1,
      339, 343, 345, -1,
      339, 345, 354, -1,
      354, 345, 355, -1,
      354, 355, 356, -1,
      356, 355, 357, -1,
      356, 357, 358, -1,
      358, 357, 359, -1,
      360, 359, 349, -1,
      349, 359, 357, -1,
      349, 357, 317, -1,
      317, 357, 355, -1,
      317, 355, 305, -1,
      361, 362, 5, -1,
      363, 364, 263, -1,
      365, 366, 5, -1,
      5, 366, 367, -1,
      322, 307, 260, -1,
      260, 307, 309, -1,
      260, 309, 263, -1,
      263, 309, 368, -1,
      263, 368, 363, -1,
      364, 369, 263, -1,
      263, 369, 370, -1,
      263, 370, 371, -1,
      371, 370, 372, -1,
      371, 372, 361, -1,
      373, 374, 362, -1,
      362, 374, 375, -1,
      362, 375, 5, -1,
      5, 375, 376, -1,
      5, 376, 365, -1,
      367, 377, 5, -1,
      5, 377, 378, -1,
      5, 378, 3, -1,
      379, 380, 381, -1,
      381, 380, 382, -1,
      381, 382, 383, -1,
      381, 384, 379, -1,
      379, 384, 385, -1,
      379, 385, 386, -1,
      386, 387, 379, -1,
      379, 387, 388, -1,
      379, 388, 389, -1,
      389, 388, 390, -1,
      389, 390, 391, -1,
      391, 390, 392, -1,
      391, 392, 362, -1,
      362, 392, 393, -1,
      362, 393, 373, -1,
      394, 395, 383, -1,
      383, 395, 396, -1,
      383, 396, 381, -1,
      397, 398, 342, -1,
      342, 398, 399, -1,
      342, 399, 340, -1,
      397, 400, 398, -1,
      398, 400, 401, -1,
      398, 401, 402, -1,
      402, 401, 403, -1,
      402, 404, 405, -1,
      403, 406, 402, -1,
      402, 406, 407, -1,
      402, 407, 408, -1,
      408, 409, 402, -1,
      402, 409, 410, -1,
      402, 410, 404, -1,
      405, 411, 402, -1,
      402, 411, 412, -1,
      402, 412, 413, -1,
      414, 415, 416, -1,
      417, 418, 419, -1,
      416, 420, 414, -1,
      414, 420, 421, -1,
      414, 421, 422, -1,
      422, 421, 417, -1,
      422, 417, 423, -1,
      423, 417, 419, -1,
      424, 425, 5, -1,
      5, 425, 426, -1,
      361, 5, 371, -1,
      371, 5, 426, -1,
      371, 426, 420, -1,
      420, 426, 427, -1,
      420, 427, 421, -1,
      428, 425, 429, -1,
      429, 425, 424, -1,
      429, 424, 430, -1,
      431, 432, 433, -1,
      434, 435, 424, -1,
      424, 435, 436, -1,
      424, 436, 430, -1,
      360, 349, 4, -1,
      4, 349, 431, -1,
      4, 431, 5, -1,
      5, 431, 433, -1,
      5, 433, 424, -1,
      424, 433, 437, -1,
      424, 437, 438, -1,
      439, 440, 441, -1,
      441, 440, 442, -1,
      441, 442, 431, -1,
      431, 442, 443, -1,
      431, 443, 432, -1,
      438, 444, 424, -1,
      424, 444, 445, -1,
      424, 445, 434, -1,
      446, 447, 448, -1,
      446, 448, 449, -1,
      447, 450, 448, -1,
      448, 450, 451, -1,
      448, 451, 441, -1,
      441, 451, 452, -1,
      441, 452, 439, -1,
      453, 454, 455, -1,
      455, 454, 456, -1,
      457, 458, 459, -1,
      459, 458, 460, -1,
      459, 460, 461, -1,
      461, 460, 462, -1,
      461, 462, 463, -1,
      453, 455, 464, -1,
      464, 455, 460, -1,
      464, 460, 465, -1,
      465, 460, 458, -1,
      465, 458, 466, -1,
      458, 467, 466, -1,
      466, 467, 468, -1,
      466, 468, 469, -1,
      462, 470, 463, -1,
      463, 470, 471, -1,
      463, 471, 472, -1,
      472, 471, 473, -1,
      457, 459, 474, -1,
      474, 459, 475, -1,
      474, 475, 473, -1,
      473, 475, 416, -1,
      473, 416, 472, -1,
      472, 416, 415, -1,
      472, 415, 449, -1,
      210, 206, 239, -1,
      239, 206, 191, -1,
      239, 191, 476, -1,
      476, 191, 190, -1,
      476, 190, 477, -1,
      477, 190, 273, -1,
      477, 273, 478, -1,
      478, 273, 182, -1,
      478, 182, 479, -1,
      479, 182, 184, -1,
      479, 184, 480, -1,
      480, 184, 265, -1,
      480, 265, 481, -1,
      19, 14, 482, -1,
      482, 14, 245, -1,
      482, 245, 483, -1,
      483, 245, 8, -1,
      483, 8, 237, -1,
      237, 8, 7, -1,
      237, 7, 238, -1,
      484, 14, 168, -1,
      168, 14, 13, -1,
      168, 13, 169, -1,
      484, 485, 14, -1,
      14, 485, 0, -1,
      14, 0, 245, -1,
      245, 0, 2, -1,
      245, 2, 250, -1,
      250, 2, 486, -1,
      10, 263, 11, -1,
      11, 263, 371, -1,
      11, 371, 198, -1,
      198, 371, 420, -1,
      198, 420, 196, -1,
      196, 420, 416, -1,
      196, 416, 277, -1,
      277, 416, 475, -1,
      277, 475, 180, -1,
      180, 475, 459, -1,
      180, 459, 173, -1,
      486, 484, 250, -1,
      250, 484, 168, -1,
      250, 168, 487, -1,
      487, 168, 79, -1,
      488, 489, 461, -1,
      490, 491, 492, -1,
      492, 488, 490, -1,
      490, 488, 461, -1,
      490, 461, 493, -1,
      493, 461, 494, -1,
      493, 494, 495, -1,
      495, 494, 496, -1,
      497, 498, 499, -1,
      499, 498, 500, -1,
      499, 500, 489, -1,
      489, 500, 501, -1,
      489, 501, 502, -1,
      502, 503, 489, -1,
      489, 503, 504, -1,
      489, 504, 505, -1,
      175, 174, 176, -1,
      176, 174, 173, -1,
      176, 173, 496, -1,
      496, 173, 459, -1,
      496, 459, 495, -1,
      495, 459, 499, -1,
      506, 459, 507, -1,
      507, 459, 461, -1,
      507, 461, 508, -1,
      508, 461, 489, -1,
      508, 489, 509, -1,
      509, 489, 505, -1,
      510, 511, 499, -1,
      499, 511, 512, -1,
      499, 512, 497, -1,
      506, 513, 459, -1,
      459, 513, 514, -1,
      459, 514, 499, -1,
      499, 514, 515, -1,
      499, 515, 510, -1,
      258, 248, 255, -1,
      255, 248, 250, -1,
      255, 250, 260, -1,
      260, 250, 487, -1,
      260, 487, 298, -1,
      298, 487, 516, -1,
      96, 516, 517, -1,
      517, 516, 518, -1,
      518, 516, 519, -1,
      519, 516, 487, -1,
      519, 487, 520, -1,
      96, 517, 79, -1,
      79, 517, 521, -1,
      79, 521, 487, -1,
      487, 521, 522, -1,
      487, 522, 520, -1,
      523, 524, 525, -1,
      525, 524, 519, -1,
      525, 519, 526, -1,
      526, 519, 520, -1,
      526, 520, 527, -1,
      527, 520, 528, -1,
      449, 448, 472, -1,
      472, 448, 529, -1,
      472, 529, 463, -1,
      463, 529, 269, -1,
      463, 269, 461, -1,
      461, 269, 267, -1,
      461, 267, 494, -1,
      69, 71, 96, -1,
      96, 71, 530, -1,
      96, 530, 516, -1,
      516, 530, 350, -1,
      516, 350, 298, -1,
      298, 350, 353, -1,
      298, 353, 296, -1,
      27, 531, 29, -1,
      29, 531, 532, -1,
      29, 532, 31, -1,
      31, 532, 533, -1,
      31, 533, 48, -1,
      48, 533, 534, -1,
      48, 534, 44, -1,
      44, 534, 535, -1,
      44, 535, 53, -1,
      53, 535, 536, -1,
      53, 536, 65, -1,
      65, 536, 537, -1,
      64, 63, 71, -1,
      71, 63, 538, -1,
      71, 538, 530, -1,
      530, 538, 539, -1,
      530, 539, 350, -1,
      350, 539, 540, -1,
      350, 540, 349, -1,
      349, 540, 541, -1,
      349, 541, 431, -1,
      431, 541, 542, -1,
      431, 542, 441, -1,
      441, 542, 543, -1,
      441, 543, 448, -1,
      448, 543, 544, -1,
      448, 544, 529, -1,
      529, 544, 545, -1,
      529, 545, 269, -1,
      269, 545, 546, -1,
      269, 546, 268, -1,
    ]
  }
}

Shape {
  appearance Appearance {
    material Material {
      diffuseColor 0.0000 0.0000 0.0000
      specularColor 0.0000 0.0000 0.0000
      ambientIntensity 0.2
      transparency 0.0000
      shininess 0.5
    }
  }
  geometry IndexedFaceSet {
    ccw TRUE
    solid FALSE
    coord DEF co Coordinate {
      point [
        0.647498 0.620576 0.307930,
        0.640190 0.628113 0.307930,
        0.678236 0.580567 0.374674,
        0.639729 0.628575 0.308093,
        0.624271 0.638238 0.374674,
        0.634896 0.633417 0.309795,
        0.632445 0.635874 0.310658,
        0.629930 0.638246 0.310556,
        0.726893 0.518353 0.374674,
        0.697794 0.563429 0.307930,
        0.680794 0.582744 0.307930,
        0.769860 0.452081 0.374674,
        0.743062 0.502222 0.307930,
        0.729675 0.520323 0.307930,
        0.806802 0.382272 0.374674,
        0.782977 0.437397 0.307930,
        0.772860 0.453828 0.307930,
        0.837431 0.309471 0.374674,
        0.817250 0.369420 0.307930,
        0.810011 0.383778 0.307930,
        0.861505 0.234248 0.374674,
        0.845635 0.298782 0.307930,
        0.840839 0.310717 0.307930,
        0.878836 0.157191 0.374674,
        0.867927 0.225991 0.307930,
        0.865102 0.235214 0.307930,
        0.889290 0.078904 0.374674,
        0.883965 0.151571 0.307930,
        0.882611 0.157857 0.307930,
        0.892783 0.000000 0.374674,
        0.893635 0.076059 0.307930,
        0.893227 0.079248 0.307930,
        0.889290 -0.078904 0.374674,
        0.893635 -0.076059 0.307930,
        0.896866 -0.000000 0.307930,
        0.878836 -0.157191 0.374674,
        0.883965 -0.151571 0.307930,
        0.893227 -0.079248 0.307930,
        0.861505 -0.234248 0.374674,
        0.867927 -0.225991 0.307930,
        0.882611 -0.157857 0.307930,
        0.837431 -0.309471 0.374674,
        0.845635 -0.298782 0.307930,
        0.865102 -0.235214 0.307930,
        0.806802 -0.382272 0.374674,
        0.817250 -0.369420 0.307930,
        0.840839 -0.310717 0.307930,
        0.769860 -0.452081 0.374674,
        0.782977 -0.437397 0.307930,
        0.810011 -0.383778 0.307930,
        0.726893 -0.518353 0.374674,
        0.743062 -0.502222 0.307930,
        0.772860 -0.453828 0.307930,
        0.678236 -0.580567 0.374674,
        0.697794 -0.563429 0.307930,
        0.729675 -0.520323 0.307930,
        0.624271 -0.638238 0.374674,
        0.647498 -0.620576 0.307930,
        0.680794 -0.582744 0.307930,
        0.565421 -0.690913 0.374674,
        0.592537 -0.673252 0.307930,
        0.626599 -0.640606 0.307930,
        0.502145 -0.738181 0.374674,
        0.533306 -0.721078 0.307930,
        0.567511 -0.693459 0.307930,
        0.434940 -0.779673 0.374674,
        0.470233 -0.763707 0.307930,
        0.503991 -0.740891 0.307930,
        0.364330 -0.815062 0.374674,
        0.403772 -0.800835 0.307930,
        0.436535 -0.782533 0.307930,
        0.290869 -0.844072 0.374674,
        0.334402 -0.832192 0.307930,
        0.365667 -0.818060 0.307930,
        0.215132 -0.866476 0.374674,
        0.262623 -0.857554 0.307930,
        0.291939 -0.847195 0.307930,
        0.137711 -0.882098 0.374674,
        0.188951 -0.876736 0.307930,
        0.215927 -0.869712 0.307930,
        0.059212 -0.890818 0.374674,
        0.113918 -0.889602 0.307930,
        0.138221 -0.885435 0.307930,
        -0.019750 -0.892565 0.374674,
        0.038064 -0.896058 0.307930,
        0.059427 -0.894240 0.307930,
        -0.098558 -0.887327 0.374674,
        -0.038064 -0.896058 0.307930,
        -0.019841 -0.896058 0.307930,
        -0.176594 -0.875144 0.374674,
        -0.113918 -0.889602 0.307930,
        -0.098965 -0.890874 0.307930,
        -0.253248 -0.856112 0.374674,
        -0.188951 -0.876736 0.307930,
        -0.177330 -0.878729 0.307930,
        -0.327921 -0.830380 0.374674,
        -0.262623 -0.857554 0.307930,
        -0.254325 -0.859714 0.307930,
        -0.403772 -0.800835 0.307930,
        -0.401819 -0.801718 0.307930,
        -0.400027 -0.798148 0.374674,
        -0.334402 -0.832192 0.307930,
        -0.329350 -0.833978 0.307930,
        -0.470233 -0.763707 0.307930,
        -0.469002 -0.759671 0.374674,
        -0.471121 -0.763107 0.307930,
        -0.533306 -0.721078 0.307930,
        -0.534306 -0.715248 0.374674,
        -0.536642 -0.718385 0.307930,
        -0.592537 -0.673252 0.307930,
        -0.595429 -0.665227 0.374674,
        -0.597953 -0.668061 0.307930,
        -0.647498 -0.620576 0.307930,
        -0.651892 -0.610000 0.374674,
        -0.654579 -0.612531 0.307930,
        -0.697794 -0.563429 0.307930,
        -0.703253 -0.549998 0.374674,
        -0.706080 -0.552226 0.307930,
        -0.743062 -0.502222 0.307930,
        -0.749109 -0.485693 0.374674,
        -0.752055 -0.487618 0.307930,
        -0.782977 -0.437397 0.307930,
        -0.789104 -0.417585 0.374674,
        -0.792146 -0.419210 0.307930,
        -0.817250 -0.369420 0.307930,
        -0.822922 -0.346210 0.374674,
        -0.826044 -0.347536 0.307930,
        -0.845635 -0.298782 0.307930,
        -0.850300 -0.272126 0.374674,
        -0.853483 -0.273154 0.307930,
        -0.867927 -0.225991 0.307930,
        -0.871023 -0.195911 0.374674,
        -0.874252 -0.196644 0.307930,
        -0.883965 -0.151571 0.307930,
        -0.884929 -0.118163 0.374674,
        -0.888187 -0.118603 0.307930,
        -0.893635 -0.076059 0.307930,
        -0.891909 -0.039491 0.374674,
        -0.895182 -0.039637 0.307930,
        -0.896866 0.000000 0.307930,
        -0.891909 0.039491 0.374674,
        -0.895182 0.039637 0.307930,
        -0.893635 0.076059 0.307930,
        -0.884929 0.118163 0.374674,
        -0.888187 0.118603 0.307930,
        -0.883965 0.151571 0.307930,
        -0.871023 0.195911 0.374674,
        -0.874252 0.196644 0.307930,
        -0.867927 0.225991 0.307930,
        -0.850300 0.272126 0.374674,
        -0.853483 0.273154 0.307930,
        -0.845635 0.298782 0.307930,
        -0.822922 0.346210 0.374674,
        -0.826044 0.347536 0.307930,
        -0.817250 0.369420 0.307930,
        -0.789104 0.417585 0.374674,
        -0.792146 0.419210 0.307930,
        -0.782977 0.437397 0.307930,
        -0.749109 0.485693 0.374674,
        -0.752055 0.487618 0.307930,
        -0.743062 0.502222 0.307930,
        -0.703253 0.549998 0.374674,
        -0.706080 0.552226 0.307930,
        -0.697794 0.563429 0.307930,
        -0.651892 0.610000 0.374674,
        -0.654579 0.612531 0.307930,
        -0.619653 0.648382 0.307930,
        -0.620114 0.647920 0.308093,
        -0.595429 0.665227 0.374674,
        -0.624946 0.643078 0.309795,
        -0.627398 0.640622 0.310658,
        -0.629912 0.638249 0.310556,
        -0.634027 0.634367 0.310388,
        -0.634965 0.633415 0.310014,
        -0.639733 0.628576 0.308112,
        -0.640190 0.628113 0.307930,
        -0.647498 0.620576 0.307930,
        -0.534306 0.715248 0.374674,
        -0.592537 0.673252 0.307930,
        -0.598069 0.668178 0.307930,
        -0.469002 0.759671 0.374674,
        -0.533306 0.721078 0.307930,
        -0.536642 0.718385 0.307930,
        -0.401819 0.801718 0.307930,
        -0.403772 0.800835 0.307930,
        -0.400027 0.798148 0.374674,
        -0.470233 0.763707 0.307930,
        -0.471121 0.763107 0.307930,
        -0.334402 0.832192 0.307930,
        -0.327921 0.830380 0.374674,
        -0.329350 0.833978 0.307930,
        -0.262623 0.857554 0.307930,
        -0.253248 0.856112 0.374674,
        -0.254325 0.859714 0.307930,
        -0.188951 0.876736 0.307930,
        -0.176594 0.875144 0.374674,
        -0.177330 0.878729 0.307930,
        -0.113918 0.889602 0.307930,
        -0.098558 0.887327 0.374674,
        -0.098965 0.890874 0.307930,
        -0.038064 0.896058 0.307930,
        -0.019750 0.892565 0.374674,
        -0.019841 0.896058 0.307930,
        0.038064 0.896058 0.307930,
        0.059212 0.890818 0.374674,
        0.059427 0.894240 0.307930,
        0.113918 0.889602 0.307930,
        0.137711 0.882098 0.374674,
        0.138221 0.885435 0.307930,
        0.188951 0.876736 0.307930,
        0.215132 0.866476 0.374674,
        0.215927 0.869712 0.307930,
        0.262623 0.857554 0.307930,
        0.290869 0.844072 0.374674,
        0.291939 0.847195 0.307930,
        0.334402 0.832192 0.307930,
        0.364330 0.815062 0.374674,
        0.365667 0.818060 0.307930,
        0.403772 0.800835 0.307930,
        0.434940 0.779673 0.374674,
        0.436535 0.782533 0.307930,
        0.470233 0.763707 0.307930,
        0.502145 0.738181 0.374674,
        0.503991 0.740891 0.307930,
        0.533306 0.721078 0.307930,
        0.565421 0.690913 0.374674,
        0.567511 0.693459 0.307930,
        0.626995 0.641015 0.310436,
        0.625816 0.642128 0.310388,
        0.624878 0.643080 0.310014,
        0.620109 0.647919 0.308112,
        0.619653 0.648382 0.307930,
        0.592537 0.673252 0.307930,
        -0.896866 0.000000 0.518841,
        -0.891909 0.039491 0.452098,
        -0.895182 -0.039637 0.518841,
        -0.891909 -0.039491 0.452098,
        -0.893635 -0.076059 0.518841,
        -0.884929 -0.118163 0.452098,
        -0.871023 -0.195911 0.452098,
        -0.883965 -0.151571 0.518841,
        -0.888187 -0.118603 0.518841,
        -0.850300 -0.272126 0.452098,
        -0.867927 -0.225991 0.518841,
        -0.874252 -0.196644 0.518841,
        -0.822922 -0.346210 0.452098,
        -0.845635 -0.298782 0.518841,
        -0.853483 -0.273154 0.518841,
        -0.789104 -0.417585 0.452098,
        -0.817250 -0.369420 0.518841,
        -0.826044 -0.347536 0.518841,
        -0.749109 -0.485693 0.452098,
        -0.782977 -0.437397 0.518841,
        -0.792146 -0.419210 0.518841,
        -0.703253 -0.549998 0.452098,
        -0.743062 -0.502222 0.518841,
        -0.752055 -0.487618 0.518841,
        -0.651892 -0.610000 0.452098,
        -0.697794 -0.563429 0.518841,
        -0.706080 -0.552226 0.518841,
        -0.595429 -0.665227 0.452098,
        -0.647498 -0.620576 0.518841,
        -0.654579 -0.612531 0.518841,
        -0.534306 -0.715248 0.452098,
        -0.592537 -0.673252 0.518841,
        -0.597953 -0.668061 0.518841,
        -0.469002 -0.759671 0.452098,
        -0.533306 -0.721078 0.518841,
        -0.536642 -0.718385 0.518841,
        -0.401819 -0.801718 0.518841,
        -0.403772 -0.800835 0.518841,
        -0.400027 -0.798148 0.452098,
        -0.470233 -0.763707 0.518841,
        -0.471121 -0.763107 0.518841,
        -0.334402 -0.832192 0.518841,
        -0.327921 -0.830380 0.452098,
        -0.329350 -0.833978 0.518841,
        -0.262623 -0.857554 0.518841,
        -0.253248 -0.856112 0.452098,
        -0.254325 -0.859714 0.518841,
        -0.188951 -0.876736 0.518841,
        -0.176594 -0.875144 0.452098,
        -0.177330 -0.878729 0.518841,
        -0.113918 -0.889602 0.518841,
        -0.098558 -0.887327 0.452098,
        -0.098965 -0.890874 0.518841,
        -0.038064 -0.896058 0.518841,
        -0.019750 -0.892565 0.452098,
        -0.019841 -0.896058 0.518841,
        0.038064 -0.896058 0.518841,
        0.059212 -0.890818 0.452098,
        0.059427 -0.894240 0.518841,
        0.113918 -0.889602 0.518841,
        0.137711 -0.882098 0.452098,
        0.138221 -0.885435 0.518841,
        0.188951 -0.876736 0.518841,
        0.215132 -0.866476 0.452098,
        0.215927 -0.869712 0.518841,
        0.262623 -0.857554 0.518841,
        0.290869 -0.844072 0.452098,
        0.291939 -0.847195 0.518841,
        0.334402 -0.832192 0.518841,
        0.364330 -0.815062 0.452098,
        0.365667 -0.818060 0.518841,
        0.403772 -0.800835 0.518841,
        0.434940 -0.779673 0.452098,
        0.436535 -0.782533 0.518841,
        0.470233 -0.763707 0.518841,
        0.502145 -0.738181 0.452098,
        0.503991 -0.740891 0.518841,
        0.533306 -0.721078 0.518841,
        0.565421 -0.690913 0.452098,
        0.567511 -0.693459 0.518841,
        0.592537 -0.673252 0.518841,
        0.624271 -0.638238 0.452098,
        0.626599 -0.640606 0.518841,
        0.647498 -0.620576 0.518841,
        0.678236 -0.580567 0.452098,
        0.680794 -0.582744 0.518841,
        0.697794 -0.563429 0.518841,
        0.726893 -0.518353 0.452098,
        0.729675 -0.520323 0.518841,
        0.743062 -0.502222 0.518841,
        0.769860 -0.452081 0.452098,
        0.772860 -0.453828 0.518841,
        0.782977 -0.437397 0.518841,
        0.806802 -0.382272 0.452098,
        0.810011 -0.383778 0.518841,
        0.817250 -0.369420 0.518841,
        0.837431 -0.309471 0.452098,
        0.840839 -0.310717 0.518841,
        0.845635 -0.298782 0.518841,
        0.861505 -0.234248 0.452098,
        0.865102 -0.235214 0.518841,
        0.867927 -0.225991 0.518841,
        0.878836 -0.157191 0.452098,
        0.882611 -0.157857 0.518841,
        0.883965 -0.151571 0.518841,
        0.889290 -0.078904 0.452098,
        0.893227 -0.079248 0.518841,
        0.893635 -0.076059 0.518841,
        0.892783 0.000000 0.452098,
        0.896866 -0.000000 0.518841,
        0.893635 0.076059 0.518841,
        0.889290 0.078904 0.452098,
        0.893227 0.079248 0.518841,
        0.883965 0.151571 0.518841,
        0.878836 0.157191 0.452098,
        0.882611 0.157857 0.518841,
        0.867927 0.225991 0.518841,
        0.861505 0.234248 0.452098,
        0.865102 0.235214 0.518841,
        0.845635 0.298782 0.518841,
        0.837431 0.309471 0.452098,
        0.840839 0.310717 0.518841,
        0.817250 0.369420 0.518841,
        0.806802 0.382272 0.452098,
        0.810011 0.383778 0.518841,
        0.782977 0.437397 0.518841,
        0.769860 0.452081 0.452098,
        0.772860 0.453828 0.518841,
        0.743062 0.502222 0.518841,
        0.726893 0.518353 0.452098,
        0.729675 0.520323 0.518841,
        0.697794 0.563429 0.518841,
        0.678236 0.580567 0.452098,
        0.680794 0.582744 0.518841,
        0.647498 0.620576 0.518841,
        0.624271 0.638238 0.452098,
        0.626599 0.640606 0.518841,
        0.592537 0.673252 0.518841,
        0.565421 0.690913 0.452098,
        0.567511 0.693459 0.518841,
        0.533306 0.721078 0.518841,
        0.502145 0.738181 0.452098,
        0.503991 0.740891 0.518841,
        0.470233 0.763707 0.518841,
        0.434940 0.779673 0.452098,
        0.436535 0.782533 0.518841,
        0.403772 0.800835 0.518841,
        0.364330 0.815062 0.452098,
        0.365667 0.818060 0.518841,
        0.334402 0.832192 0.518841,
        0.290869 0.844072 0.452098,
        0.291939 0.847195 0.518841,
        0.262623 0.857554 0.518841,
        0.215132 0.866476 0.452098,
        0.215927 0.869712 0.518841,
        0.188951 0.876736 0.518841,
        0.137711 0.882098 0.452098,
        0.138221 0.885435 0.518841,
        0.113918 0.889602 0.518841,
        0.059212 0.890818 0.452098,
        0.059427 0.894240 0.518841,
        0.038064 0.896058 0.518841,
        -0.019750 0.892565 0.452098,
        -0.019841 0.896058 0.518841,
        -0.038064 0.896058 0.518841,
        -0.098558 0.887327 0.452098,
        -0.098965 0.890874 0.518841,
        -0.113918 0.889602 0.518841,
        -0.176594 0.875144 0.452098,
        -0.177330 0.878729 0.518841,
        -0.188951 0.876736 0.518841,
        -0.253248 0.856112 0.452098,
        -0.254325 0.859714 0.518841,
        -0.262623 0.857554 0.518841,
        -0.327921 0.830380 0.452098,
        -0.329350 0.833978 0.518841,
        -0.334402 0.832192 0.518841,
        -0.400027 0.798148 0.452098,
        -0.401819 0.801718 0.518841,
        -0.469002 0.759671 0.452098,
        -0.470233 0.763707 0.518841,
        -0.403772 0.800835 0.518841,
        -0.534306 0.715248 0.452098,
        -0.533306 0.721078 0.518841,
        -0.471121 0.763107 0.518841,
        -0.595429 0.665227 0.452098,
        -0.592537 0.673252 0.518841,
        -0.536642 0.718385 0.518841,
        -0.651892 0.610000 0.452098,
        -0.647498 0.620576 0.518841,
        -0.597953 0.668061 0.518841,
        -0.703253 0.549998 0.452098,
        -0.697794 0.563429 0.518841,
        -0.654579 0.612531 0.518841,
        -0.749109 0.485693 0.452098,
        -0.743062 0.502222 0.518841,
        -0.706080 0.552226 0.518841,
        -0.789104 0.417585 0.452098,
        -0.782977 0.437397 0.518841,
        -0.752055 0.487618 0.518841,
        -0.822922 0.346210 0.452098,
        -0.817250 0.369420 0.518841,
        -0.792146 0.419210 0.518841,
        -0.850300 0.272126 0.452098,
        -0.845635 0.298782 0.518841,
        -0.826044 0.347536 0.518841,
        -0.871023 0.195911 0.452098,
        -0.867927 0.225991 0.518841,
        -0.853483 0.273154 0.518841,
        -0.884929 0.118163 0.452098,
        -0.883965 0.151571 0.518841,
        -0.874252 0.196644 0.518841,
        -0.895182 0.039637 0.518841,
        -0.893635 0.076059 0.518841,
        -0.888187 0.118603 0.518841,
        -0.897717 0.076407 0.288976,
        -0.888003 0.152263 0.288976,
        -0.871891 0.227023 0.288976,
        -0.849497 0.300146 0.288976,
        -0.820983 0.371107 0.288976,
        -0.786553 0.439395 0.288976,
        -0.746456 0.504516 0.288976,
        -0.700981 0.566003 0.288976,
        -0.535742 0.724371 0.288976,
        -0.472381 0.767196 0.288976,
        0.535742 0.724371 0.288976,
        0.595243 0.676328 0.288976,
        0.746456 0.504516 0.288976,
        0.786553 0.439395 0.288976,
        0.820983 0.371107 0.288976,
        0.849497 0.300146 0.288976,
        0.871891 0.227023 0.288976,
        0.888003 0.152263 0.288976,
        0.897717 0.076407 0.288976,
        0.405617 -0.804493 0.288976,
        0.335930 -0.835993 0.288976,
        0.263822 -0.861470 0.288976,
        0.189814 -0.880741 0.288976,
        0.114438 -0.893665 0.288976,
        0.038238 -0.900151 0.288976,
        -0.038238 -0.900151 0.288976,
        -0.114438 -0.893665 0.288976,
        -0.189814 -0.880741 0.288976,
        -0.263822 -0.861470 0.288976,
        -0.335930 -0.835993 0.288976,
        -0.405617 -0.804493 0.288976,
        -0.971778 0.082711 0.236220,
        -0.975292 0.000000 0.236220,
        -0.956048 0.000000 0.238608,
        -0.961263 0.164825 0.236220,
        -0.952604 0.081078 0.238608,
        -0.943822 0.245752 0.236220,
        -0.942296 0.161573 0.238608,
        -0.919581 0.324909 0.236220,
        -0.925199 0.240903 0.238608,
        -0.888714 0.401724 0.236220,
        -0.901436 0.318498 0.238608,
        -0.851443 0.475645 0.236220,
        -0.871178 0.393797 0.238608,
        -0.808039 0.546139 0.236220,
        -0.834643 0.466260 0.238608,
        -0.758812 0.612698 0.236220,
        -0.792095 0.535363 0.238608,
        -0.579941 0.784132 0.236220,
        -0.644351 0.732124 0.236220,
        -0.631637 0.717679 0.238608,
        -0.511353 0.830489 0.236220,
        -0.568498 0.768660 0.238608,
        -0.439080 0.870863 0.236220,
        -0.501263 0.814103 0.238608,
        -0.363644 0.904963 0.236220,
        -0.430416 0.853680 0.238608,
        -0.285588 0.932541 0.236220,
        -0.356469 0.887106 0.238608,
        -0.205474 0.953402 0.236220,
        -0.279953 0.914141 0.238608,
        -0.123880 0.967393 0.236220,
        -0.201419 0.934589 0.238608,
        -0.041393 0.974413 0.236220,
        -0.121435 0.948304 0.238608,
        0.041393 0.974413 0.236220,
        -0.040576 0.955186 0.238608,
        0.123880 0.967393 0.236220,
        0.040576 0.955186 0.238608,
        0.205474 0.953402 0.236220,
        0.121435 0.948304 0.238608,
        0.285588 0.932541 0.236220,
        0.201419 0.934589 0.238608,
        0.363644 0.904963 0.236220,
        0.279953 0.914141 0.238608,
        0.439080 0.870863 0.236220,
        0.356469 0.887106 0.238608,
        0.511353 0.830489 0.236220,
        0.430416 0.853680 0.238608,
        0.579941 0.784132 0.236220,
        0.501263 0.814103 0.238608,
        0.644351 0.732124 0.236220,
        0.568498 0.768660 0.238608,
        0.808039 0.546139 0.236220,
        0.758812 0.612698 0.236220,
        0.743839 0.600608 0.238608,
        0.851443 0.475645 0.236220,
        0.792095 0.535363 0.238608,
        0.888714 0.401724 0.236220,
        0.834643 0.466260 0.238608,
        0.919581 0.324909 0.236220,
        0.871178 0.393797 0.238608,
        0.943822 0.245752 0.236220,
        0.901436 0.318498 0.238608,
        0.961263 0.164825 0.236220,
        0.925199 0.240903 0.238608,
        0.971778 0.082711 0.236220,
        0.942296 0.161573 0.238608,
        0.975292 0.000000 0.236220,
        0.952604 0.081078 0.238608,
        0.971778 -0.082711 0.236220,
        0.956048 -0.000000 0.238608,
        0.961263 -0.164825 0.236220,
        0.952604 -0.081078 0.238608,
        0.943822 -0.245752 0.236220,
        0.942296 -0.161573 0.238608,
        0.919581 -0.324909 0.236220,
        0.925199 -0.240903 0.238608,
        0.888714 -0.401724 0.236220,
        0.901436 -0.318498 0.238608,
        0.851443 -0.475645 0.236220,
        0.871178 -0.393797 0.238608,
        0.808039 -0.546139 0.236220,
        0.834643 -0.466260 0.238608,
        0.758812 -0.612698 0.236220,
        0.792095 -0.535363 0.238608,
        0.704118 -0.674842 0.236220,
        0.743839 -0.600608 0.238608,
        0.644351 -0.732124 0.236220,
        0.690224 -0.661527 0.238608,
        0.579941 -0.784132 0.236220,
        0.631637 -0.717679 0.238608,
        0.511353 -0.830489 0.236220,
        0.568498 -0.768660 0.238608,
        0.439080 -0.870863 0.236220,
        0.501263 -0.814103 0.238608,
        0.363644 -0.904963 0.236220,
        0.430416 -0.853680 0.238608,
        0.285588 -0.932541 0.236220,
        0.356469 -0.887106 0.238608,
        0.205474 -0.953402 0.236220,
        0.279953 -0.914141 0.238608,
        0.123880 -0.967393 0.236220,
        0.201419 -0.934589 0.238608,
        0.041393 -0.974413 0.236220,
        0.121435 -0.948304 0.238608,
        -0.041393 -0.974413 0.236220,
        0.040576 -0.955186 0.238608,
        -0.123880 -0.967393 0.236220,
        -0.040576 -0.955186 0.238608,
        -0.205474 -0.953402 0.236220,
        -0.121435 -0.948304 0.238608,
        -0.285588 -0.932541 0.236220,
        -0.201419 -0.934589 0.238608,
        -0.363644 -0.904963 0.236220,
        -0.279953 -0.914141 0.238608,
        -0.439080 -0.870863 0.236220,
        -0.356469 -0.887106 0.238608,
        -0.511353 -0.830489 0.236220,
        -0.430416 -0.853680 0.238608,
        -0.579941 -0.784132 0.236220,
        -0.501263 -0.814103 0.238608,
        -0.644351 -0.732124 0.236220,
        -0.568498 -0.768660 0.238608,
        -0.704118 -0.674842 0.236220,
        -0.631637 -0.717679 0.238608,
        -0.758812 -0.612698 0.236220,
        -0.690224 -0.661527 0.238608,
        -0.808039 -0.546139 0.236220,
        -0.743839 -0.600608 0.238608,
        -0.851443 -0.475645 0.236220,
        -0.792095 -0.535363 0.238608,
        -0.888714 -0.401724 0.236220,
        -0.834643 -0.466260 0.238608,
        -0.919581 -0.324909 0.236220,
        -0.871178 -0.393797 0.238608,
        -0.943822 -0.245752 0.236220,
        -0.901436 -0.318498 0.238608,
        -0.961263 -0.164825 0.236220,
        -0.925199 -0.240903 0.238608,
        -0.971778 -0.082711 0.236220,
        -0.942296 -0.161573 0.238608,
        -0.952604 -0.081078 0.238608,
        -0.610907 0.659284 0.296231,
        -0.612874 0.656076 0.300978,
        -0.616435 0.652034 0.304631,
        -0.617963 0.664115 0.275499,
        -0.616002 0.664619 0.277216,
        -0.600928 0.682787 0.271598,
        -0.624826 0.660517 0.272121,
        -0.622462 0.662045 0.272919,
        -0.620079 0.663287 0.274088,
        -0.614299 0.664796 0.279158,
        -0.612874 0.664684 0.281293,
        -0.595243 0.676328 0.288976,
        -0.611730 0.664307 0.283614,
        -0.610907 0.663698 0.286041,
        -0.610402 0.662865 0.288588,
        -0.610376 0.662710 0.288978,
        -0.610236 0.661852 0.291136,
        -0.629921 0.656269 0.271451,
        -0.665757 0.638077 0.256850,
        -0.631047 0.655044 0.271599,
        -0.656667 0.629365 0.271598,
        -0.628795 0.657208 0.271599,
        -0.609246 0.692238 0.256850,
        -0.650456 0.623411 0.288976,
        -0.649424 0.624747 0.288463,
        -0.648935 0.626567 0.286041,
        -0.646969 0.631546 0.281293,
        -0.643841 0.637687 0.277216,
        -0.639764 0.644321 0.274088,
        -0.635016 0.650726 0.272121,
        -0.649467 0.622464 0.293303,
        -0.649606 0.623256 0.291136,
        -0.649459 0.624459 0.288979,
        -0.648872 0.621893 0.296418,
        -0.648935 0.621888 0.296231,
        -0.649445 0.622338 0.293649,
        -0.645497 0.623482 0.303173,
        -0.643642 0.625101 0.304836,
        -0.646969 0.622480 0.300978,
        -0.648099 0.621950 0.298691,
        0.643407 0.625440 0.304631,
        0.646969 0.622480 0.300978,
        0.649468 0.622465 0.293300,
        0.649446 0.622339 0.293644,
        0.700981 0.566003 0.288976,
        0.648935 0.621888 0.296231,
        0.648872 0.621893 0.296419,
        0.648102 0.621950 0.298682,
        0.650456 0.623411 0.288976,
        0.649606 0.623256 0.291136,
        0.649459 0.624459 0.288979,
        0.639764 0.644321 0.274088,
        0.643841 0.637687 0.277216,
        0.656667 0.629365 0.271598,
        0.646969 0.631546 0.281293,
        0.648935 0.626567 0.286041,
        0.649424 0.624750 0.288459,
        0.609246 0.692238 0.256850,
        0.600928 0.682787 0.271598,
        0.628795 0.657208 0.271599,
        0.629921 0.656269 0.271451,
        0.665757 0.638077 0.256850,
        0.631047 0.655044 0.271599,
        0.635016 0.650726 0.272121,
        0.610400 0.662859 0.288603,
        0.610907 0.663698 0.286041,
        0.611724 0.664304 0.283628,
        0.612874 0.664684 0.281293,
        0.614300 0.664796 0.279157,
        0.616002 0.664619 0.277216,
        0.617965 0.664115 0.275498,
        0.620079 0.663287 0.274088,
        0.622451 0.662051 0.272923,
        0.624826 0.660517 0.272121,
        0.612874 0.656076 0.300978,
        0.616435 0.652034 0.304631,
        0.610907 0.659284 0.296231,
        0.610236 0.661852 0.291136,
        0.610376 0.662710 0.288978,
        0.677174 0.649019 0.245627,
        0.619694 0.704109 0.245627,
        0.690224 0.661527 0.238608,
        0.631637 0.717679 0.238608,
        0.704118 0.674842 0.236220,
        -0.619694 0.704109 0.245627,
        -0.677174 0.649019 0.245627,
        -0.690224 0.661527 0.238608,
        -0.704118 0.674842 0.236220,
        0.707676 0.571408 0.271598,
        0.717472 0.579318 0.256850,
        0.729775 0.589252 0.245627,
        -0.707676 0.571408 0.271598,
        -0.717472 0.579318 0.256850,
        -0.729775 0.589252 0.245627,
        -0.743839 0.600608 0.238608,
        -0.897717 -0.076407 0.288976,
        -0.934592 -0.079546 0.245627,
        -0.937971 0.000000 0.245627,
        -0.918836 -0.078204 0.256850,
        -0.922158 0.000000 0.256850,
        -0.906290 -0.077137 0.271598,
        -0.909567 0.000000 0.271598,
        -0.900963 0.000000 0.288976,
        -0.888003 -0.152263 0.288976,
        -0.924479 -0.158518 0.245627,
        -0.908893 -0.155845 0.256850,
        -0.896484 -0.153718 0.271598,
        -0.871891 -0.227023 0.288976,
        -0.907706 -0.236348 0.245627,
        -0.892402 -0.232363 0.256850,
        -0.880218 -0.229191 0.271598,
        -0.849497 -0.300146 0.288976,
        -0.884392 -0.312476 0.245627,
        -0.869482 -0.307207 0.256850,
        -0.857610 -0.303013 0.271598,
        -0.820983 -0.371107 0.288976,
        -0.854706 -0.386352 0.245627,
        -0.840296 -0.379838 0.256850,
        -0.828823 -0.374652 0.271598,
        -0.786553 -0.439395 0.288976,
        -0.818862 -0.457444 0.245627,
        -0.805057 -0.449731 0.256850,
        -0.794065 -0.443591 0.271598,
        -0.746456 -0.504516 0.288976,
        -0.777118 -0.525240 0.245627,
        -0.764017 -0.516385 0.256850,
        -0.753585 -0.509335 0.271598,
        -0.700981 -0.566003 0.288976,
        -0.729775 -0.589252 0.245627,
        -0.717472 -0.579318 0.256850,
        -0.707676 -0.571408 0.271598,
        -0.650456 -0.623411 0.288976,
        -0.677174 -0.649019 0.245627,
        -0.665757 -0.638077 0.256850,
        -0.656667 -0.629365 0.271598,
        -0.595243 -0.676328 0.288976,
        -0.619694 -0.704109 0.245627,
        -0.609246 -0.692238 0.256850,
        -0.600928 -0.682787 0.271598,
        -0.535742 -0.724371 0.288976,
        -0.557749 -0.754126 0.245627,
        -0.548346 -0.741412 0.256850,
        -0.540859 -0.731289 0.271598,
        -0.472381 -0.767196 0.288976,
        -0.491785 -0.798710 0.245627,
        -0.483494 -0.785244 0.256850,
        -0.476893 -0.774523 0.271598,
        -0.422278 -0.837539 0.245627,
        -0.415159 -0.823419 0.256850,
        -0.409491 -0.812176 0.271598,
        -0.349729 -0.870333 0.245627,
        -0.343833 -0.855660 0.256850,
        -0.339138 -0.843977 0.271598,
        -0.274659 -0.896857 0.245627,
        -0.270029 -0.881737 0.256850,
        -0.266342 -0.869698 0.271598,
        -0.197611 -0.916919 0.245627,
        -0.194280 -0.901460 0.256850,
        -0.191627 -0.889152 0.271598,
        -0.119139 -0.930374 0.245627,
        -0.117130 -0.914689 0.256850,
        -0.115531 -0.902200 0.271598,
        -0.039809 -0.937126 0.245627,
        -0.039137 -0.921327 0.256850,
        -0.038603 -0.908748 0.271598,
        0.039809 -0.937126 0.245627,
        0.039137 -0.921327 0.256850,
        0.038603 -0.908748 0.271598,
        0.119139 -0.930374 0.245627,
        0.117130 -0.914689 0.256850,
        0.115531 -0.902200 0.271598,
        0.197611 -0.916919 0.245627,
        0.194280 -0.901460 0.256850,
        0.191627 -0.889152 0.271598,
        0.274659 -0.896857 0.245627,
        0.270029 -0.881737 0.256850,
        0.266342 -0.869698 0.271598,
        0.349729 -0.870333 0.245627,
        0.343833 -0.855660 0.256850,
        0.339138 -0.843977 0.271598,
        0.422278 -0.837539 0.245627,
        0.415159 -0.823419 0.256850,
        0.409491 -0.812176 0.271598,
        0.491785 -0.798710 0.245627,
        0.483494 -0.785244 0.256850,
        0.476893 -0.774523 0.271598,
        0.472381 -0.767196 0.288976,
        0.535742 -0.724371 0.288976,
        0.557749 -0.754126 0.245627,
        0.548346 -0.741412 0.256850,
        0.540859 -0.731289 0.271598,
        0.595243 -0.676328 0.288976,
        0.619694 -0.704109 0.245627,
        0.609246 -0.692238 0.256850,
        0.600928 -0.682787 0.271598,
        0.650456 -0.623411 0.288976,
        0.677174 -0.649019 0.245627,
        0.665757 -0.638077 0.256850,
        0.656667 -0.629365 0.271598,
        0.700981 -0.566003 0.288976,
        0.729775 -0.589252 0.245627,
        0.717472 -0.579318 0.256850,
        0.707676 -0.571408 0.271598,
        0.746456 -0.504516 0.288976,
        0.777118 -0.525240 0.245627,
        0.764017 -0.516385 0.256850,
        0.753585 -0.509335 0.271598,
        0.786553 -0.439395 0.288976,
        0.818862 -0.457444 0.245627,
        0.805057 -0.449731 0.256850,
        0.794065 -0.443591 0.271598,
        0.820983 -0.371107 0.288976,
        0.854706 -0.386352 0.245627,
        0.840296 -0.379838 0.256850,
        0.828823 -0.374652 0.271598,
        0.849497 -0.300146 0.288976,
        0.884392 -0.312476 0.245627,
        0.869482 -0.307207 0.256850,
        0.857610 -0.303013 0.271598,
        0.871891 -0.227023 0.288976,
        0.907706 -0.236348 0.245627,
        0.892402 -0.232363 0.256850,
        0.880218 -0.229191 0.271598,
        0.888003 -0.152263 0.288976,
        0.924479 -0.158518 0.245627,
        0.908893 -0.155845 0.256850,
        0.896484 -0.153718 0.271598,
        0.897717 -0.076407 0.288976,
        0.934592 -0.079546 0.245627,
        0.918836 -0.078204 0.256850,
        0.906290 -0.077137 0.271598,
        0.937971 -0.000000 0.245627,
        0.922158 -0.000000 0.256850,
        0.909567 -0.000000 0.271598,
        0.900963 -0.000000 0.288976,
        0.934592 0.079546 0.245627,
        0.918836 0.078204 0.256850,
        0.906290 0.077137 0.271598,
        0.924479 0.158518 0.245627,
        0.908893 0.155845 0.256850,
        0.896484 0.153718 0.271598,
        0.907706 0.236348 0.245627,
        0.892402 0.232363 0.256850,
        0.880218 0.229191 0.271598,
        0.884392 0.312476 0.245627,
        0.869482 0.307207 0.256850,
        0.857610 0.303013 0.271598,
        0.854706 0.386352 0.245627,
        0.840296 0.379838 0.256850,
        0.828823 0.374652 0.271598,
        0.818862 0.457444 0.245627,
        0.805057 0.449731 0.256850,
        0.794065 0.443591 0.271598,
        0.777118 0.525240 0.245627,
        0.764017 0.516385 0.256850,
        0.753585 0.509335 0.271598,
        0.557749 0.754126 0.245627,
        0.548346 0.741412 0.256850,
        0.540859 0.731289 0.271598,
        0.491785 0.798710 0.245627,
        0.483494 0.785244 0.256850,
        0.476893 0.774523 0.271598,
        0.472381 0.767196 0.288976,
        0.405617 0.804493 0.288976,
        0.422278 0.837539 0.245627,
        0.415159 0.823419 0.256850,
        0.409491 0.812176 0.271598,
        0.335930 0.835993 0.288976,
        0.349729 0.870333 0.245627,
        0.343833 0.855660 0.256850,
        0.339138 0.843977 0.271598,
        0.263822 0.861470 0.288976,
        0.274659 0.896857 0.245627,
        0.270029 0.881737 0.256850,
        0.266342 0.869698 0.271598,
        0.189814 0.880741 0.288976,
        0.197611 0.916919 0.245627,
        0.194280 0.901460 0.256850,
        0.191627 0.889152 0.271598,
        0.114438 0.893665 0.288976,
        0.119139 0.930374 0.245627,
        0.117130 0.914689 0.256850,
        0.115531 0.902200 0.271598,
        0.038238 0.900151 0.288976,
        0.039809 0.937126 0.245627,
        0.039137 0.921327 0.256850,
        0.038603 0.908748 0.271598,
        -0.038238 0.900151 0.288976,
        -0.039809 0.937126 0.245627,
        -0.039137 0.921327 0.256850,
        -0.038603 0.908748 0.271598,
        -0.114438 0.893665 0.288976,
        -0.119139 0.930374 0.245627,
        -0.117130 0.914689 0.256850,
        -0.115531 0.902200 0.271598,
        -0.189814 0.880741 0.288976,
        -0.197611 0.916919 0.245627,
        -0.194280 0.901460 0.256850,
        -0.191627 0.889152 0.271598,
        -0.263822 0.861470 0.288976,
        -0.274659 0.896857 0.245627,
        -0.270029 0.881737 0.256850,
        -0.266342 0.869698 0.271598,
        -0.335930 0.835993 0.288976,
        -0.349729 0.870333 0.245627,
        -0.343833 0.855660 0.256850,
        -0.339138 0.843977 0.271598,
        -0.405617 0.804493 0.288976,
        -0.422278 0.837539 0.245627,
        -0.415159 0.823419 0.256850,
        -0.409491 0.812176 0.271598,
        -0.491785 0.798710 0.245627,
        -0.483494 0.785244 0.256850,
        -0.476893 0.774523 0.271598,
        -0.557749 0.754126 0.245627,
        -0.548346 0.741412 0.256850,
        -0.540859 0.731289 0.271598,
        -0.777118 0.525240 0.245627,
        -0.764017 0.516385 0.256850,
        -0.753585 0.509335 0.271598,
        -0.818862 0.457444 0.245627,
        -0.805057 0.449731 0.256850,
        -0.794065 0.443591 0.271598,
        -0.854706 0.386352 0.245627,
        -0.840296 0.379838 0.256850,
        -0.828823 0.374652 0.271598,
        -0.884392 0.312476 0.245627,
        -0.869482 0.307207 0.256850,
        -0.857610 0.303013 0.271598,
        -0.907706 0.236348 0.245627,
        -0.892402 0.232363 0.256850,
        -0.880218 0.229191 0.271598,
        -0.924479 0.158518 0.245627,
        -0.908893 0.155845 0.256850,
        -0.896484 0.153718 0.271598,
        -0.934592 0.079546 0.245627,
        -0.918836 0.078204 0.256850,
        -0.906290 0.077137 0.271598,
      ]
    }
    coordIndex [
      0, 1, 2, -1,
      2, 1, 3, -1,
      2, 3, 4, -1,
      3, 5, 4, -1,
      4, 5, 6, -1,
      4, 6, 7, -1,
      8, 9, 2, -1,
      2, 9, 10, -1,
      2, 10, 0, -1,
      11, 12, 8, -1,
      8, 12, 13, -1,
      8, 13, 9, -1,
      14, 15, 11, -1,
      11, 15, 16, -1,
      11, 16, 12, -1,
      17, 18, 14, -1,
      14, 18, 19, -1,
      14, 19, 15, -1,
      20, 21, 17, -1,
      17, 21, 22, -1,
      17, 22, 18, -1,
      23, 24, 20, -1,
      20, 24, 25, -1,
      20, 25, 21, -1,
      26, 27, 23, -1,
      23, 27, 28, -1,
      23, 28, 24, -1,
      29, 30, 26, -1,
      26, 30, 31, -1,
      26, 31, 27, -1,
      32, 33, 29, -1,
      29, 33, 34, -1,
      29, 34, 30, -1,
      35, 36, 32, -1,
      32, 36, 37, -1,
      32, 37, 33, -1,
      38, 39, 35, -1,
      35, 39, 40, -1,
      35, 40, 36, -1,
      41, 42, 38, -1,
      38, 42, 43, -1,
      38, 43, 39, -1,
      44, 45, 41, -1,
      41, 45, 46, -1,
      41, 46, 42, -1,
      47, 48, 44, -1,
      44, 48, 49, -1,
      44, 49, 45, -1,
      50, 51, 47, -1,
      47, 51, 52, -1,
      47, 52, 48, -1,
      53, 54, 50, -1,
      50, 54, 55, -1,
      50, 55, 51, -1,
      56, 57, 53, -1,
      53, 57, 58, -1,
      53, 58, 54, -1,
      59, 60, 56, -1,
      56, 60, 61, -1,
      56, 61, 57, -1,
      62, 63, 59, -1,
      59, 63, 64, -1,
      59, 64, 60, -1,
      65, 66, 62, -1,
      62, 66, 67, -1,
      62, 67, 63, -1,
      68, 69, 65, -1,
      65, 69, 70, -1,
      65, 70, 66, -1,
      71, 72, 68, -1,
      68, 72, 73, -1,
      68, 73, 69, -1,
      74, 75, 71, -1,
      71, 75, 76, -1,
      71, 76, 72, -1,
      77, 78, 74, -1,
      74, 78, 79, -1,
      74, 79, 75, -1,
      80, 81, 77, -1,
      77, 81, 82, -1,
      77, 82, 78, -1,
      83, 84, 80, -1,
      80, 84, 85, -1,
      80, 85, 81, -1,
      86, 87, 83, -1,
      83, 87, 88, -1,
      83, 88, 84, -1,
      89, 90, 86, -1,
      86, 90, 91, -1,
      86, 91, 87, -1,
      92, 93, 89, -1,
      89, 93, 94, -1,
      89, 94, 90, -1,
      95, 96, 92, -1,
      92, 96, 97, -1,
      92, 97, 93, -1,
      98, 99, 100, -1,
      100, 99, 101, -1,
      100, 101, 95, -1,
      95, 101, 102, -1,
      95, 102, 96, -1,
      98, 100, 103, -1,
      103, 100, 104, -1,
      103, 104, 105, -1,
      105, 104, 106, -1,
      106, 104, 107, -1,
      106, 107, 108, -1,
      108, 107, 109, -1,
      109, 107, 110, -1,
      109, 110, 111, -1,
      111, 110, 112, -1,
      112, 110, 113, -1,
      112, 113, 114, -1,
      114, 113, 115, -1,
      115, 113, 116, -1,
      115, 116, 117, -1,
      117, 116, 118, -1,
      118, 116, 119, -1,
      118, 119, 120, -1,
      120, 119, 121, -1,
      121, 119, 122, -1,
      121, 122, 123, -1,
      123, 122, 124, -1,
      124, 122, 125, -1,
      124, 125, 126, -1,
      126, 125, 127, -1,
      127, 125, 128, -1,
      127, 128, 129, -1,
      129, 128, 130, -1,
      130, 128, 131, -1,
      130, 131, 132, -1,
      132, 131, 133, -1,
      133, 131, 134, -1,
      133, 134, 135, -1,
      135, 134, 136, -1,
      136, 134, 137, -1,
      136, 137, 138, -1,
      138, 137, 139, -1,
      139, 137, 140, -1,
      139, 140, 141, -1,
      141, 140, 142, -1,
      142, 140, 143, -1,
      142, 143, 144, -1,
      144, 143, 145, -1,
      145, 143, 146, -1,
      145, 146, 147, -1,
      147, 146, 148, -1,
      148, 146, 149, -1,
      148, 149, 150, -1,
      150, 149, 151, -1,
      151, 149, 152, -1,
      151, 152, 153, -1,
      153, 152, 154, -1,
      154, 152, 155, -1,
      154, 155, 156, -1,
      156, 155, 157, -1,
      157, 155, 158, -1,
      157, 158, 159, -1,
      159, 158, 160, -1,
      160, 158, 161, -1,
      160, 161, 162, -1,
      162, 161, 163, -1,
      163, 161, 164, -1,
      163, 164, 165, -1,
      166, 167, 168, -1,
      167, 169, 168, -1,
      168, 169, 170, -1,
      168, 170, 164, -1,
      164, 170, 171, -1,
      171, 172, 164, -1,
      164, 172, 173, -1,
      164, 173, 174, -1,
      174, 175, 164, -1,
      164, 175, 176, -1,
      164, 176, 165, -1,
      177, 178, 168, -1,
      168, 178, 179, -1,
      168, 179, 166, -1,
      180, 181, 177, -1,
      177, 181, 182, -1,
      177, 182, 178, -1,
      183, 184, 185, -1,
      185, 184, 186, -1,
      185, 186, 180, -1,
      180, 186, 187, -1,
      180, 187, 181, -1,
      183, 185, 188, -1,
      188, 185, 189, -1,
      188, 189, 190, -1,
      190, 189, 191, -1,
      191, 189, 192, -1,
      191, 192, 193, -1,
      193, 192, 194, -1,
      194, 192, 195, -1,
      194, 195, 196, -1,
      196, 195, 197, -1,
      197, 195, 198, -1,
      197, 198, 199, -1,
      199, 198, 200, -1,
      200, 198, 201, -1,
      200, 201, 202, -1,
      202, 201, 203, -1,
      203, 201, 204, -1,
      203, 204, 205, -1,
      205, 204, 206, -1,
      206, 204, 207, -1,
      206, 207, 208, -1,
      208, 207, 209, -1,
      209, 207, 210, -1,
      209, 210, 211, -1,
      211, 210, 212, -1,
      212, 210, 213, -1,
      212, 213, 214, -1,
      214, 213, 215, -1,
      215, 213, 216, -1,
      215, 216, 217, -1,
      217, 216, 218, -1,
      218, 216, 219, -1,
      218, 219, 220, -1,
      220, 219, 221, -1,
      221, 219, 222, -1,
      221, 222, 223, -1,
      223, 222, 224, -1,
      224, 222, 225, -1,
      224, 225, 226, -1,
      7, 227, 4, -1,
      4, 227, 228, -1,
      4, 228, 229, -1,
      229, 230, 4, -1,
      4, 230, 231, -1,
      4, 231, 225, -1,
      225, 231, 232, -1,
      225, 232, 226, -1,
      233, 234, 235, -1,
      235, 234, 236, -1,
      235, 236, 237, -1,
      237, 236, 238, -1,
      239, 240, 238, -1,
      238, 240, 241, -1,
      238, 241, 237, -1,
      242, 243, 239, -1,
      239, 243, 244, -1,
      239, 244, 240, -1,
      245, 246, 242, -1,
      242, 246, 247, -1,
      242, 247, 243, -1,
      248, 249, 245, -1,
      245, 249, 250, -1,
      245, 250, 246, -1,
      251, 252, 248, -1,
      248, 252, 253, -1,
      248, 253, 249, -1,
      254, 255, 251, -1,
      251, 255, 256, -1,
      251, 256, 252, -1,
      257, 258, 254, -1,
      254, 258, 259, -1,
      254, 259, 255, -1,
      260, 261, 257, -1,
      257, 261, 262, -1,
      257, 262, 258, -1,
      263, 264, 260, -1,
      260, 264, 265, -1,
      260, 265, 261, -1,
      266, 267, 263, -1,
      263, 267, 268, -1,
      263, 268, 264, -1,
      269, 270, 271, -1,
      271, 270, 272, -1,
      271, 272, 266, -1,
      266, 272, 273, -1,
      266, 273, 267, -1,
      269, 271, 274, -1,
      274, 271, 275, -1,
      274, 275, 276, -1,
      276, 275, 277, -1,
      277, 275, 278, -1,
      277, 278, 279, -1,
      279, 278, 280, -1,
      280, 278, 281, -1,
      280, 281, 282, -1,
      282, 281, 283, -1,
      283, 281, 284, -1,
      283, 284, 285, -1,
      285, 284, 286, -1,
      286, 284, 287, -1,
      286, 287, 288, -1,
      288, 287, 289, -1,
      289, 287, 290, -1,
      289, 290, 291, -1,
      291, 290, 292, -1,
      292, 290, 293, -1,
      292, 293, 294, -1,
      294, 293, 295, -1,
      295, 293, 296, -1,
      295, 296, 297, -1,
      297, 296, 298, -1,
      298, 296, 299, -1,
      298, 299, 300, -1,
      300, 299, 301, -1,
      301, 299, 302, -1,
      301, 302, 303, -1,
      303, 302, 304, -1,
      304, 302, 305, -1,
      304, 305, 306, -1,
      306, 305, 307, -1,
      307, 305, 308, -1,
      307, 308, 309, -1,
      309, 308, 310, -1,
      310, 308, 311, -1,
      310, 311, 312, -1,
      312, 311, 313, -1,
      313, 311, 314, -1,
      313, 314, 315, -1,
      315, 314, 316, -1,
      316, 314, 317, -1,
      316, 317, 318, -1,
      318, 317, 319, -1,
      319, 317, 320, -1,
      319, 320, 321, -1,
      321, 320, 322, -1,
      322, 320, 323, -1,
      322, 323, 324, -1,
      324, 323, 325, -1,
      325, 323, 326, -1,
      325, 326, 327, -1,
      327, 326, 328, -1,
      328, 326, 329, -1,
      328, 329, 330, -1,
      330, 329, 331, -1,
      331, 329, 332, -1,
      331, 332, 333, -1,
      333, 332, 334, -1,
      334, 332, 335, -1,
      334, 335, 336, -1,
      336, 335, 337, -1,
      337, 335, 338, -1,
      337, 338, 339, -1,
      339, 338, 340, -1,
      340, 338, 341, -1,
      340, 341, 342, -1,
      342, 341, 343, -1,
      343, 341, 344, -1,
      343, 344, 345, -1,
      345, 344, 346, -1,
      346, 344, 347, -1,
      346, 347, 348, -1,
      348, 347, 349, -1,
      349, 347, 350, -1,
      349, 350, 351, -1,
      351, 350, 352, -1,
      352, 350, 353, -1,
      352, 353, 354, -1,
      354, 353, 355, -1,
      355, 353, 356, -1,
      355, 356, 357, -1,
      357, 356, 358, -1,
      358, 356, 359, -1,
      358, 359, 360, -1,
      360, 359, 361, -1,
      361, 359, 362, -1,
      361, 362, 363, -1,
      363, 362, 364, -1,
      364, 362, 365, -1,
      364, 365, 366, -1,
      366, 365, 367, -1,
      367, 365, 368, -1,
      367, 368, 369, -1,
      369, 368, 370, -1,
      370, 368, 371, -1,
      370, 371, 372, -1,
      372, 371, 373, -1,
      373, 371, 374, -1,
      373, 374, 375, -1,
      375, 374, 376, -1,
      376, 374, 377, -1,
      376, 377, 378, -1,
      378, 377, 379, -1,
      379, 377, 380, -1,
      379, 380, 381, -1,
      381, 380, 382, -1,
      382, 380, 383, -1,
      382, 383, 384, -1,
      384, 383, 385, -1,
      385, 383, 386, -1,
      385, 386, 387, -1,
      387, 386, 388, -1,
      388, 386, 389, -1,
      388, 389, 390, -1,
      390, 389, 391, -1,
      391, 389, 392, -1,
      391, 392, 393, -1,
      393, 392, 394, -1,
      394, 392, 395, -1,
      394, 395, 396, -1,
      396, 395, 397, -1,
      397, 395, 398, -1,
      397, 398, 399, -1,
      399, 398, 400, -1,
      400, 398, 401, -1,
      400, 401, 402, -1,
      402, 401, 403, -1,
      403, 401, 404, -1,
      403, 404, 405, -1,
      405, 404, 406, -1,
      406, 404, 407, -1,
      406, 407, 408, -1,
      408, 407, 409, -1,
      409, 407, 410, -1,
      409, 410, 411, -1,
      412, 413, 410, -1,
      410, 413, 414, -1,
      410, 414, 411, -1,
      415, 416, 412, -1,
      412, 416, 417, -1,
      412, 417, 413, -1,
      418, 419, 415, -1,
      415, 419, 420, -1,
      415, 420, 416, -1,
      421, 422, 418, -1,
      418, 422, 423, -1,
      418, 423, 419, -1,
      424, 425, 421, -1,
      421, 425, 426, -1,
      421, 426, 422, -1,
      427, 428, 424, -1,
      424, 428, 429, -1,
      424, 429, 425, -1,
      430, 431, 427, -1,
      427, 431, 432, -1,
      427, 432, 428, -1,
      433, 434, 430, -1,
      430, 434, 435, -1,
      430, 435, 431, -1,
      436, 437, 433, -1,
      433, 437, 438, -1,
      433, 438, 434, -1,
      439, 440, 436, -1,
      436, 440, 441, -1,
      436, 441, 437, -1,
      442, 443, 439, -1,
      439, 443, 444, -1,
      439, 444, 440, -1,
      233, 445, 234, -1,
      234, 445, 446, -1,
      234, 446, 442, -1,
      442, 446, 447, -1,
      442, 447, 443, -1,
      344, 26, 347, -1,
      347, 26, 23, -1,
      347, 23, 350, -1,
      350, 23, 20, -1,
      350, 20, 353, -1,
      353, 20, 17, -1,
      353, 17, 356, -1,
      356, 17, 14, -1,
      356, 14, 359, -1,
      359, 14, 11, -1,
      359, 11, 362, -1,
      362, 11, 8, -1,
      362, 8, 365, -1,
      365, 8, 2, -1,
      365, 2, 368, -1,
      368, 2, 4, -1,
      368, 4, 371, -1,
      371, 4, 225, -1,
      371, 225, 374, -1,
      374, 225, 222, -1,
      374, 222, 377, -1,
      377, 222, 219, -1,
      377, 219, 380, -1,
      380, 219, 216, -1,
      380, 216, 383, -1,
      383, 216, 213, -1,
      383, 213, 386, -1,
      386, 213, 210, -1,
      386, 210, 389, -1,
      389, 210, 207, -1,
      389, 207, 392, -1,
      392, 207, 204, -1,
      392, 204, 395, -1,
      395, 204, 201, -1,
      395, 201, 398, -1,
      398, 201, 198, -1,
      398, 198, 401, -1,
      401, 198, 195, -1,
      401, 195, 404, -1,
      404, 195, 192, -1,
      404, 192, 407, -1,
      407, 192, 189, -1,
      407, 189, 410, -1,
      410, 189, 185, -1,
      410, 185, 412, -1,
      412, 185, 180, -1,
      412, 180, 415, -1,
      415, 180, 177, -1,
      415, 177, 418, -1,
      418, 177, 168, -1,
      418, 168, 421, -1,
      421, 168, 164, -1,
      421, 164, 424, -1,
      424, 164, 161, -1,
      424, 161, 427, -1,
      427, 161, 158, -1,
      427, 158, 430, -1,
      430, 158, 155, -1,
      430, 155, 433, -1,
      433, 155, 152, -1,
      433, 152, 436, -1,
      436, 152, 149, -1,
      436, 149, 439, -1,
      439, 149, 146, -1,
      439, 146, 442, -1,
      442, 146, 143, -1,
      442, 143, 234, -1,
      234, 143, 140, -1,
      234, 140, 236, -1,
      236, 140, 137, -1,
      236, 137, 238, -1,
      238, 137, 134, -1,
      238, 134, 239, -1,
      239, 134, 131, -1,
      239, 131, 242, -1,
      242, 131, 128, -1,
      242, 128, 245, -1,
      245, 128, 125, -1,
      245, 125, 248, -1,
      248, 125, 122, -1,
      248, 122, 251, -1,
      251, 122, 119, -1,
      251, 119, 254, -1,
      254, 119, 116, -1,
      254, 116, 257, -1,
      257, 116, 113, -1,
      257, 113, 260, -1,
      260, 113, 110, -1,
      260, 110, 263, -1,
      263, 110, 107, -1,
      263, 107, 266, -1,
      266, 107, 104, -1,
      266, 104, 271, -1,
      271, 104, 100, -1,
      271, 100, 275, -1,
      275, 100, 95, -1,
      275, 95, 278, -1,
      278, 95, 92, -1,
      278, 92, 281, -1,
      281, 92, 89, -1,
      281, 89, 284, -1,
      284, 89, 86, -1,
      284, 86, 287, -1,
      287, 86, 83, -1,
      287, 83, 290, -1,
      290, 83, 80, -1,
      290, 80, 293, -1,
      293, 80, 77, -1,
      293, 77, 296, -1,
      296, 77, 74, -1,
      296, 74, 299, -1,
      299, 74, 71, -1,
      299, 71, 302, -1,
      302, 71, 68, -1,
      302, 68, 305, -1,
      305, 68, 65, -1,
      305, 65, 308, -1,
      308, 65, 62, -1,
      308, 62, 311, -1,
      311, 62, 59, -1,
      311, 59, 314, -1,
      314, 59, 56, -1,
      314, 56, 317, -1,
      317, 56, 53, -1,
      317, 53, 320, -1,
      320, 53, 50, -1,
      320, 50, 323, -1,
      323, 50, 47, -1,
      323, 47, 326, -1,
      326, 47, 44, -1,
      326, 44, 329, -1,
      329, 44, 41, -1,
      329, 41, 332, -1,
      332, 41, 38, -1,
      332, 38, 335, -1,
      335, 38, 35, -1,
      335, 35, 338, -1,
      338, 35, 32, -1,
      338, 32, 341, -1,
      341, 32, 29, -1,
      341, 29, 344, -1,
      344, 29, 26, -1,
      141, 142, 448, -1,
      144, 145, 449, -1,
      147, 148, 450, -1,
      150, 151, 451, -1,
      153, 154, 452, -1,
      156, 157, 453, -1,
      159, 160, 454, -1,
      162, 163, 455, -1,
      182, 181, 456, -1,
      187, 186, 457, -1,
      223, 224, 458, -1,
      226, 232, 459, -1,
      13, 12, 460, -1,
      16, 15, 461, -1,
      19, 18, 462, -1,
      22, 21, 463, -1,
      25, 24, 464, -1,
      28, 27, 465, -1,
      31, 30, 466, -1,
      70, 69, 467, -1,
      73, 72, 468, -1,
      76, 75, 469, -1,
      79, 78, 470, -1,
      82, 81, 471, -1,
      85, 84, 472, -1,
      88, 87, 473, -1,
      91, 90, 474, -1,
      94, 93, 475, -1,
      97, 96, 476, -1,
      102, 101, 477, -1,
      99, 98, 478, -1,
      479, 480, 481, -1,
      482, 479, 483, -1,
      484, 482, 485, -1,
      486, 484, 487, -1,
      488, 486, 489, -1,
      490, 488, 491, -1,
      492, 490, 493, -1,
      494, 492, 495, -1,
      496, 497, 498, -1,
      499, 496, 500, -1,
      501, 499, 502, -1,
      503, 501, 504, -1,
      505, 503, 506, -1,
      507, 505, 508, -1,
      509, 507, 510, -1,
      511, 509, 512, -1,
      513, 511, 514, -1,
      515, 513, 516, -1,
      517, 515, 518, -1,
      519, 517, 520, -1,
      521, 519, 522, -1,
      523, 521, 524, -1,
      525, 523, 526, -1,
      527, 525, 528, -1,
      529, 527, 530, -1,
      531, 532, 533, -1,
      534, 531, 535, -1,
      536, 534, 537, -1,
      538, 536, 539, -1,
      540, 538, 541, -1,
      542, 540, 543, -1,
      544, 542, 545, -1,
      546, 544, 547, -1,
      548, 546, 549, -1,
      550, 548, 551, -1,
      552, 550, 553, -1,
      554, 552, 555, -1,
      556, 554, 557, -1,
      558, 556, 559, -1,
      560, 558, 561, -1,
      562, 560, 563, -1,
      564, 562, 565, -1,
      566, 564, 567, -1,
      568, 566, 569, -1,
      570, 568, 571, -1,
      572, 570, 573, -1,
      574, 572, 575, -1,
      576, 574, 577, -1,
      578, 576, 579, -1,
      580, 578, 581, -1,
      582, 580, 583, -1,
      584, 582, 585, -1,
      586, 584, 587, -1,
      588, 586, 589, -1,
      590, 588, 591, -1,
      592, 590, 593, -1,
      594, 592, 595, -1,
      596, 594, 597, -1,
      598, 596, 599, -1,
      600, 598, 601, -1,
      602, 600, 603, -1,
      604, 602, 605, -1,
      606, 604, 607, -1,
      608, 606, 609, -1,
      610, 608, 611, -1,
      612, 610, 613, -1,
      614, 612, 615, -1,
      616, 614, 617, -1,
      618, 616, 619, -1,
      480, 618, 620, -1,
      179, 178, 621, -1,
      621, 622, 179, -1,
      179, 622, 623, -1,
      179, 623, 166, -1,
      624, 625, 626, -1,
      627, 628, 626, -1,
      626, 628, 629, -1,
      626, 629, 624, -1,
      625, 630, 626, -1,
      626, 630, 631, -1,
      626, 631, 632, -1,
      632, 631, 633, -1,
      632, 633, 634, -1,
      634, 635, 632, -1,
      632, 635, 636, -1,
      632, 636, 178, -1,
      178, 636, 637, -1,
      178, 637, 621, -1,
      638, 639, 640, -1,
      640, 639, 641, -1,
      627, 626, 642, -1,
      642, 626, 643, -1,
      642, 643, 638, -1,
      641, 644, 645, -1,
      645, 646, 641, -1,
      641, 646, 647, -1,
      641, 647, 648, -1,
      648, 649, 641, -1,
      641, 649, 650, -1,
      641, 650, 640, -1,
      651, 652, 644, -1,
      644, 652, 653, -1,
      644, 653, 645, -1,
      176, 654, 165, -1,
      165, 654, 655, -1,
      165, 655, 163, -1,
      163, 655, 455, -1,
      455, 655, 656, -1,
      455, 656, 651, -1,
      657, 176, 658, -1,
      658, 176, 175, -1,
      657, 659, 176, -1,
      176, 659, 660, -1,
      176, 660, 654, -1,
      1, 0, 661, -1,
      661, 0, 662, -1,
      663, 664, 665, -1,
      665, 664, 9, -1,
      9, 664, 666, -1,
      9, 666, 10, -1,
      10, 666, 667, -1,
      10, 667, 0, -1,
      0, 667, 668, -1,
      0, 668, 662, -1,
      663, 669, 670, -1,
      670, 669, 671, -1,
      672, 673, 674, -1,
      673, 675, 674, -1,
      674, 675, 676, -1,
      674, 676, 669, -1,
      669, 676, 677, -1,
      669, 677, 671, -1,
      678, 679, 680, -1,
      680, 681, 682, -1,
      682, 681, 683, -1,
      682, 683, 674, -1,
      674, 683, 684, -1,
      674, 684, 672, -1,
      685, 686, 459, -1,
      459, 686, 687, -1,
      459, 687, 679, -1,
      679, 687, 688, -1,
      679, 688, 689, -1,
      689, 690, 679, -1,
      679, 690, 691, -1,
      679, 691, 692, -1,
      692, 693, 679, -1,
      679, 693, 694, -1,
      679, 694, 680, -1,
      695, 232, 696, -1,
      696, 232, 231, -1,
      695, 697, 232, -1,
      232, 697, 698, -1,
      232, 698, 459, -1,
      459, 698, 699, -1,
      459, 699, 685, -1,
      680, 682, 678, -1,
      678, 682, 700, -1,
      678, 700, 701, -1,
      701, 700, 702, -1,
      701, 702, 703, -1,
      703, 702, 704, -1,
      703, 704, 529, -1,
      638, 643, 639, -1,
      639, 643, 705, -1,
      639, 705, 706, -1,
      706, 705, 498, -1,
      706, 498, 707, -1,
      707, 498, 497, -1,
      707, 497, 708, -1,
      663, 665, 669, -1,
      669, 665, 709, -1,
      669, 709, 674, -1,
      674, 709, 710, -1,
      674, 710, 682, -1,
      682, 710, 711, -1,
      682, 711, 700, -1,
      700, 711, 533, -1,
      700, 533, 702, -1,
      702, 533, 532, -1,
      702, 532, 704, -1,
      651, 644, 455, -1,
      455, 644, 641, -1,
      455, 641, 712, -1,
      712, 641, 639, -1,
      712, 639, 713, -1,
      713, 639, 706, -1,
      713, 706, 714, -1,
      714, 706, 707, -1,
      714, 707, 715, -1,
      715, 707, 708, -1,
      715, 708, 494, -1,
      716, 136, 138, -1,
      480, 620, 481, -1,
      481, 620, 717, -1,
      481, 717, 718, -1,
      718, 717, 719, -1,
      718, 719, 720, -1,
      720, 719, 721, -1,
      720, 721, 722, -1,
      722, 721, 716, -1,
      722, 716, 723, -1,
      723, 716, 138, -1,
      723, 138, 139, -1,
      724, 133, 135, -1,
      618, 619, 620, -1,
      620, 619, 725, -1,
      620, 725, 717, -1,
      717, 725, 726, -1,
      717, 726, 719, -1,
      719, 726, 727, -1,
      719, 727, 721, -1,
      721, 727, 724, -1,
      721, 724, 716, -1,
      716, 724, 135, -1,
      716, 135, 136, -1,
      728, 130, 132, -1,
      616, 617, 619, -1,
      619, 617, 729, -1,
      619, 729, 725, -1,
      725, 729, 730, -1,
      725, 730, 726, -1,
      726, 730, 731, -1,
      726, 731, 727, -1,
      727, 731, 728, -1,
      727, 728, 724, -1,
      724, 728, 132, -1,
      724, 132, 133, -1,
      732, 127, 129, -1,
      614, 615, 617, -1,
      617, 615, 733, -1,
      617, 733, 729, -1,
      729, 733, 734, -1,
      729, 734, 730, -1,
      730, 734, 735, -1,
      730, 735, 731, -1,
      731, 735, 732, -1,
      731, 732, 728, -1,
      728, 732, 129, -1,
      728, 129, 130, -1,
      736, 124, 126, -1,
      612, 613, 615, -1,
      615, 613, 737, -1,
      615, 737, 733, -1,
      733, 737, 738, -1,
      733, 738, 734, -1,
      734, 738, 739, -1,
      734, 739, 735, -1,
      735, 739, 736, -1,
      735, 736, 732, -1,
      732, 736, 126, -1,
      732, 126, 127, -1,
      740, 121, 123, -1,
      610, 611, 613, -1,
      613, 611, 741, -1,
      613, 741, 737, -1,
      737, 741, 742, -1,
      737, 742, 738, -1,
      738, 742, 743, -1,
      738, 743, 739, -1,
      739, 743, 740, -1,
      739, 740, 736, -1,
      736, 740, 123, -1,
      736, 123, 124, -1,
      744, 118, 120, -1,
      608, 609, 611, -1,
      611, 609, 745, -1,
      611, 745, 741, -1,
      741, 745, 746, -1,
      741, 746, 742, -1,
      742, 746, 747, -1,
      742, 747, 743, -1,
      743, 747, 744, -1,
      743, 744, 740, -1,
      740, 744, 120, -1,
      740, 120, 121, -1,
      748, 115, 117, -1,
      606, 607, 609, -1,
      609, 607, 749, -1,
      609, 749, 745, -1,
      745, 749, 750, -1,
      745, 750, 746, -1,
      746, 750, 751, -1,
      746, 751, 747, -1,
      747, 751, 748, -1,
      747, 748, 744, -1,
      744, 748, 117, -1,
      744, 117, 118, -1,
      752, 112, 114, -1,
      604, 605, 607, -1,
      607, 605, 753, -1,
      607, 753, 749, -1,
      749, 753, 754, -1,
      749, 754, 750, -1,
      750, 754, 755, -1,
      750, 755, 751, -1,
      751, 755, 752, -1,
      751, 752, 748, -1,
      748, 752, 114, -1,
      748, 114, 115, -1,
      756, 109, 111, -1,
      602, 603, 605, -1,
      605, 603, 757, -1,
      605, 757, 753, -1,
      753, 757, 758, -1,
      753, 758, 754, -1,
      754, 758, 759, -1,
      754, 759, 755, -1,
      755, 759, 756, -1,
      755, 756, 752, -1,
      752, 756, 111, -1,
      752, 111, 112, -1,
      760, 106, 108, -1,
      600, 601, 603, -1,
      603, 601, 761, -1,
      603, 761, 757, -1,
      757, 761, 762, -1,
      757, 762, 758, -1,
      758, 762, 763, -1,
      758, 763, 759, -1,
      759, 763, 760, -1,
      759, 760, 756, -1,
      756, 760, 108, -1,
      756, 108, 109, -1,
      764, 103, 105, -1,
      598, 599, 601, -1,
      601, 599, 765, -1,
      601, 765, 761, -1,
      761, 765, 766, -1,
      761, 766, 762, -1,
      762, 766, 767, -1,
      762, 767, 763, -1,
      763, 767, 764, -1,
      763, 764, 760, -1,
      760, 764, 105, -1,
      760, 105, 106, -1,
      596, 597, 599, -1,
      599, 597, 768, -1,
      599, 768, 765, -1,
      765, 768, 769, -1,
      765, 769, 766, -1,
      766, 769, 770, -1,
      766, 770, 767, -1,
      767, 770, 478, -1,
      767, 478, 764, -1,
      764, 478, 98, -1,
      764, 98, 103, -1,
      594, 595, 597, -1,
      597, 595, 771, -1,
      597, 771, 768, -1,
      768, 771, 772, -1,
      768, 772, 769, -1,
      769, 772, 773, -1,
      769, 773, 770, -1,
      770, 773, 477, -1,
      770, 477, 478, -1,
      478, 477, 101, -1,
      478, 101, 99, -1,
      592, 593, 595, -1,
      595, 593, 774, -1,
      595, 774, 771, -1,
      771, 774, 775, -1,
      771, 775, 772, -1,
      772, 775, 776, -1,
      772, 776, 773, -1,
      773, 776, 476, -1,
      773, 476, 477, -1,
      477, 476, 96, -1,
      477, 96, 102, -1,
      590, 591, 593, -1,
      593, 591, 777, -1,
      593, 777, 774, -1,
      774, 777, 778, -1,
      774, 778, 775, -1,
      775, 778, 779, -1,
      775, 779, 776, -1,
      776, 779, 475, -1,
      776, 475, 476, -1,
      476, 475, 93, -1,
      476, 93, 97, -1,
      588, 589, 591, -1,
      591, 589, 780, -1,
      591, 780, 777, -1,
      777, 780, 781, -1,
      777, 781, 778, -1,
      778, 781, 782, -1,
      778, 782, 779, -1,
      779, 782, 474, -1,
      779, 474, 475, -1,
      475, 474, 90, -1,
      475, 90, 94, -1,
      586, 587, 589, -1,
      589, 587, 783, -1,
      589, 783, 780, -1,
      780, 783, 784, -1,
      780, 784, 781, -1,
      781, 784, 785, -1,
      781, 785, 782, -1,
      782, 785, 473, -1,
      782, 473, 474, -1,
      474, 473, 87, -1,
      474, 87, 91, -1,
      584, 585, 587, -1,
      587, 585, 786, -1,
      587, 786, 783, -1,
      783, 786, 787, -1,
      783, 787, 784, -1,
      784, 787, 788, -1,
      784, 788, 785, -1,
      785, 788, 472, -1,
      785, 472, 473, -1,
      473, 472, 84, -1,
      473, 84, 88, -1,
      582, 583, 585, -1,
      585, 583, 789, -1,
      585, 789, 786, -1,
      786, 789, 790, -1,
      786, 790, 787, -1,
      787, 790, 791, -1,
      787, 791, 788, -1,
      788, 791, 471, -1,
      788, 471, 472, -1,
      472, 471, 81, -1,
      472, 81, 85, -1,
      580, 581, 583, -1,
      583, 581, 792, -1,
      583, 792, 789, -1,
      789, 792, 793, -1,
      789, 793, 790, -1,
      790, 793, 794, -1,
      790, 794, 791, -1,
      791, 794, 470, -1,
      791, 470, 471, -1,
      471, 470, 78, -1,
      471, 78, 82, -1,
      578, 579, 581, -1,
      581, 579, 795, -1,
      581, 795, 792, -1,
      792, 795, 796, -1,
      792, 796, 793, -1,
      793, 796, 797, -1,
      793, 797, 794, -1,
      794, 797, 469, -1,
      794, 469, 470, -1,
      470, 469, 75, -1,
      470, 75, 79, -1,
      576, 577, 579, -1,
      579, 577, 798, -1,
      579, 798, 795, -1,
      795, 798, 799, -1,
      795, 799, 796, -1,
      796, 799, 800, -1,
      796, 800, 797, -1,
      797, 800, 468, -1,
      797, 468, 469, -1,
      469, 468, 72, -1,
      469, 72, 76, -1,
      574, 575, 577, -1,
      577, 575, 801, -1,
      577, 801, 798, -1,
      798, 801, 802, -1,
      798, 802, 799, -1,
      799, 802, 803, -1,
      799, 803, 800, -1,
      800, 803, 467, -1,
      800, 467, 468, -1,
      468, 467, 69, -1,
      468, 69, 73, -1,
      572, 573, 575, -1,
      575, 573, 804, -1,
      575, 804, 801, -1,
      801, 804, 805, -1,
      801, 805, 802, -1,
      802, 805, 806, -1,
      802, 806, 803, -1,
      803, 806, 807, -1,
      803, 807, 467, -1,
      467, 807, 66, -1,
      467, 66, 70, -1,
      808, 63, 67, -1,
      570, 571, 573, -1,
      573, 571, 809, -1,
      573, 809, 804, -1,
      804, 809, 810, -1,
      804, 810, 805, -1,
      805, 810, 811, -1,
      805, 811, 806, -1,
      806, 811, 808, -1,
      806, 808, 807, -1,
      807, 808, 67, -1,
      807, 67, 66, -1,
      812, 60, 64, -1,
      568, 569, 571, -1,
      571, 569, 813, -1,
      571, 813, 809, -1,
      809, 813, 814, -1,
      809, 814, 810, -1,
      810, 814, 815, -1,
      810, 815, 811, -1,
      811, 815, 812, -1,
      811, 812, 808, -1,
      808, 812, 64, -1,
      808, 64, 63, -1,
      816, 57, 61, -1,
      566, 567, 569, -1,
      569, 567, 817, -1,
      569, 817, 813, -1,
      813, 817, 818, -1,
      813, 818, 814, -1,
      814, 818, 819, -1,
      814, 819, 815, -1,
      815, 819, 816, -1,
      815, 816, 812, -1,
      812, 816, 61, -1,
      812, 61, 60, -1,
      820, 54, 58, -1,
      564, 565, 567, -1,
      567, 565, 821, -1,
      567, 821, 817, -1,
      817, 821, 822, -1,
      817, 822, 818, -1,
      818, 822, 823, -1,
      818, 823, 819, -1,
      819, 823, 820, -1,
      819, 820, 816, -1,
      816, 820, 58, -1,
      816, 58, 57, -1,
      824, 51, 55, -1,
      562, 563, 565, -1,
      565, 563, 825, -1,
      565, 825, 821, -1,
      821, 825, 826, -1,
      821, 826, 822, -1,
      822, 826, 827, -1,
      822, 827, 823, -1,
      823, 827, 824, -1,
      823, 824, 820, -1,
      820, 824, 55, -1,
      820, 55, 54, -1,
      828, 48, 52, -1,
      560, 561, 563, -1,
      563, 561, 829, -1,
      563, 829, 825, -1,
      825, 829, 830, -1,
      825, 830, 826, -1,
      826, 830, 831, -1,
      826, 831, 827, -1,
      827, 831, 828, -1,
      827, 828, 824, -1,
      824, 828, 52, -1,
      824, 52, 51, -1,
      832, 45, 49, -1,
      558, 559, 561, -1,
      561, 559, 833, -1,
      561, 833, 829, -1,
      829, 833, 834, -1,
      829, 834, 830, -1,
      830, 834, 835, -1,
      830, 835, 831, -1,
      831, 835, 832, -1,
      831, 832, 828, -1,
      828, 832, 49, -1,
      828, 49, 48, -1,
      836, 42, 46, -1,
      556, 557, 559, -1,
      559, 557, 837, -1,
      559, 837, 833, -1,
      833, 837, 838, -1,
      833, 838, 834, -1,
      834, 838, 839, -1,
      834, 839, 835, -1,
      835, 839, 836, -1,
      835, 836, 832, -1,
      832, 836, 46, -1,
      832, 46, 45, -1,
      840, 39, 43, -1,
      554, 555, 557, -1,
      557, 555, 841, -1,
      557, 841, 837, -1,
      837, 841, 842, -1,
      837, 842, 838, -1,
      838, 842, 843, -1,
      838, 843, 839, -1,
      839, 843, 840, -1,
      839, 840, 836, -1,
      836, 840, 43, -1,
      836, 43, 42, -1,
      844, 36, 40, -1,
      552, 553, 555, -1,
      555, 553, 845, -1,
      555, 845, 841, -1,
      841, 845, 846, -1,
      841, 846, 842, -1,
      842, 846, 847, -1,
      842, 847, 843, -1,
      843, 847, 844, -1,
      843, 844, 840, -1,
      840, 844, 40, -1,
      840, 40, 39, -1,
      848, 33, 37, -1,
      550, 551, 553, -1,
      553, 551, 849, -1,
      553, 849, 845, -1,
      845, 849, 850, -1,
      845, 850, 846, -1,
      846, 850, 851, -1,
      846, 851, 847, -1,
      847, 851, 848, -1,
      847, 848, 844, -1,
      844, 848, 37, -1,
      844, 37, 36, -1,
      548, 549, 551, -1,
      551, 549, 852, -1,
      551, 852, 849, -1,
      849, 852, 853, -1,
      849, 853, 850, -1,
      850, 853, 854, -1,
      850, 854, 851, -1,
      851, 854, 855, -1,
      851, 855, 848, -1,
      848, 855, 34, -1,
      848, 34, 33, -1,
      546, 547, 549, -1,
      549, 547, 856, -1,
      549, 856, 852, -1,
      852, 856, 857, -1,
      852, 857, 853, -1,
      853, 857, 858, -1,
      853, 858, 854, -1,
      854, 858, 466, -1,
      854, 466, 855, -1,
      855, 466, 30, -1,
      855, 30, 34, -1,
      544, 545, 547, -1,
      547, 545, 859, -1,
      547, 859, 856, -1,
      856, 859, 860, -1,
      856, 860, 857, -1,
      857, 860, 861, -1,
      857, 861, 858, -1,
      858, 861, 465, -1,
      858, 465, 466, -1,
      466, 465, 27, -1,
      466, 27, 31, -1,
      542, 543, 545, -1,
      545, 543, 862, -1,
      545, 862, 859, -1,
      859, 862, 863, -1,
      859, 863, 860, -1,
      860, 863, 864, -1,
      860, 864, 861, -1,
      861, 864, 464, -1,
      861, 464, 465, -1,
      465, 464, 24, -1,
      465, 24, 28, -1,
      540, 541, 543, -1,
      543, 541, 865, -1,
      543, 865, 862, -1,
      862, 865, 866, -1,
      862, 866, 863, -1,
      863, 866, 867, -1,
      863, 867, 864, -1,
      864, 867, 463, -1,
      864, 463, 464, -1,
      464, 463, 21, -1,
      464, 21, 25, -1,
      538, 539, 541, -1,
      541, 539, 868, -1,
      541, 868, 865, -1,
      865, 868, 869, -1,
      865, 869, 866, -1,
      866, 869, 870, -1,
      866, 870, 867, -1,
      867, 870, 462, -1,
      867, 462, 463, -1,
      463, 462, 18, -1,
      463, 18, 22, -1,
      536, 537, 539, -1,
      539, 537, 871, -1,
      539, 871, 868, -1,
      868, 871, 872, -1,
      868, 872, 869, -1,
      869, 872, 873, -1,
      869, 873, 870, -1,
      870, 873, 461, -1,
      870, 461, 462, -1,
      462, 461, 15, -1,
      462, 15, 19, -1,
      534, 535, 537, -1,
      537, 535, 874, -1,
      537, 874, 871, -1,
      871, 874, 875, -1,
      871, 875, 872, -1,
      872, 875, 876, -1,
      872, 876, 873, -1,
      873, 876, 460, -1,
      873, 460, 461, -1,
      461, 460, 12, -1,
      461, 12, 16, -1,
      531, 533, 535, -1,
      535, 533, 711, -1,
      535, 711, 874, -1,
      874, 711, 710, -1,
      874, 710, 875, -1,
      875, 710, 709, -1,
      875, 709, 876, -1,
      876, 709, 665, -1,
      876, 665, 460, -1,
      460, 665, 9, -1,
      460, 9, 13, -1,
      529, 530, 703, -1,
      703, 530, 877, -1,
      703, 877, 701, -1,
      701, 877, 878, -1,
      701, 878, 678, -1,
      678, 878, 879, -1,
      678, 879, 679, -1,
      679, 879, 458, -1,
      679, 458, 459, -1,
      459, 458, 224, -1,
      459, 224, 226, -1,
      527, 528, 530, -1,
      530, 528, 880, -1,
      530, 880, 877, -1,
      877, 880, 881, -1,
      877, 881, 878, -1,
      878, 881, 882, -1,
      878, 882, 879, -1,
      879, 882, 883, -1,
      879, 883, 458, -1,
      458, 883, 221, -1,
      458, 221, 223, -1,
      884, 218, 220, -1,
      525, 526, 528, -1,
      528, 526, 885, -1,
      528, 885, 880, -1,
      880, 885, 886, -1,
      880, 886, 881, -1,
      881, 886, 887, -1,
      881, 887, 882, -1,
      882, 887, 884, -1,
      882, 884, 883, -1,
      883, 884, 220, -1,
      883, 220, 221, -1,
      888, 215, 217, -1,
      523, 524, 526, -1,
      526, 524, 889, -1,
      526, 889, 885, -1,
      885, 889, 890, -1,
      885, 890, 886, -1,
      886, 890, 891, -1,
      886, 891, 887, -1,
      887, 891, 888, -1,
      887, 888, 884, -1,
      884, 888, 217, -1,
      884, 217, 218, -1,
      892, 212, 214, -1,
      521, 522, 524, -1,
      524, 522, 893, -1,
      524, 893, 889, -1,
      889, 893, 894, -1,
      889, 894, 890, -1,
      890, 894, 895, -1,
      890, 895, 891, -1,
      891, 895, 892, -1,
      891, 892, 888, -1,
      888, 892, 214, -1,
      888, 214, 215, -1,
      896, 209, 211, -1,
      519, 520, 522, -1,
      522, 520, 897, -1,
      522, 897, 893, -1,
      893, 897, 898, -1,
      893, 898, 894, -1,
      894, 898, 899, -1,
      894, 899, 895, -1,
      895, 899, 896, -1,
      895, 896, 892, -1,
      892, 896, 211, -1,
      892, 211, 212, -1,
      900, 206, 208, -1,
      517, 518, 520, -1,
      520, 518, 901, -1,
      520, 901, 897, -1,
      897, 901, 902, -1,
      897, 902, 898, -1,
      898, 902, 903, -1,
      898, 903, 899, -1,
      899, 903, 900, -1,
      899, 900, 896, -1,
      896, 900, 208, -1,
      896, 208, 209, -1,
      904, 203, 205, -1,
      515, 516, 518, -1,
      518, 516, 905, -1,
      518, 905, 901, -1,
      901, 905, 906, -1,
      901, 906, 902, -1,
      902, 906, 907, -1,
      902, 907, 903, -1,
      903, 907, 904, -1,
      903, 904, 900, -1,
      900, 904, 205, -1,
      900, 205, 206, -1,
      908, 200, 202, -1,
      513, 514, 516, -1,
      516, 514, 909, -1,
      516, 909, 905, -1,
      905, 909, 910, -1,
      905, 910, 906, -1,
      906, 910, 911, -1,
      906, 911, 907, -1,
      907, 911, 908, -1,
      907, 908, 904, -1,
      904, 908, 202, -1,
      904, 202, 203, -1,
      912, 197, 199, -1,
      511, 512, 514, -1,
      514, 512, 913, -1,
      514, 913, 909, -1,
      909, 913, 914, -1,
      909, 914, 910, -1,
      910, 914, 915, -1,
      910, 915, 911, -1,
      911, 915, 912, -1,
      911, 912, 908, -1,
      908, 912, 199, -1,
      908, 199, 200, -1,
      916, 194, 196, -1,
      509, 510, 512, -1,
      512, 510, 917, -1,
      512, 917, 913, -1,
      913, 917, 918, -1,
      913, 918, 914, -1,
      914, 918, 919, -1,
      914, 919, 915, -1,
      915, 919, 916, -1,
      915, 916, 912, -1,
      912, 916, 196, -1,
      912, 196, 197, -1,
      920, 191, 193, -1,
      507, 508, 510, -1,
      510, 508, 921, -1,
      510, 921, 917, -1,
      917, 921, 922, -1,
      917, 922, 918, -1,
      918, 922, 923, -1,
      918, 923, 919, -1,
      919, 923, 920, -1,
      919, 920, 916, -1,
      916, 920, 193, -1,
      916, 193, 194, -1,
      924, 188, 190, -1,
      505, 506, 508, -1,
      508, 506, 925, -1,
      508, 925, 921, -1,
      921, 925, 926, -1,
      921, 926, 922, -1,
      922, 926, 927, -1,
      922, 927, 923, -1,
      923, 927, 924, -1,
      923, 924, 920, -1,
      920, 924, 190, -1,
      920, 190, 191, -1,
      928, 184, 183, -1,
      503, 504, 506, -1,
      506, 504, 929, -1,
      506, 929, 925, -1,
      925, 929, 930, -1,
      925, 930, 926, -1,
      926, 930, 931, -1,
      926, 931, 927, -1,
      927, 931, 928, -1,
      927, 928, 924, -1,
      924, 928, 183, -1,
      924, 183, 188, -1,
      501, 502, 504, -1,
      504, 502, 932, -1,
      504, 932, 929, -1,
      929, 932, 933, -1,
      929, 933, 930, -1,
      930, 933, 934, -1,
      930, 934, 931, -1,
      931, 934, 457, -1,
      931, 457, 928, -1,
      928, 457, 186, -1,
      928, 186, 184, -1,
      499, 500, 502, -1,
      502, 500, 935, -1,
      502, 935, 932, -1,
      932, 935, 936, -1,
      932, 936, 933, -1,
      933, 936, 937, -1,
      933, 937, 934, -1,
      934, 937, 456, -1,
      934, 456, 457, -1,
      457, 456, 181, -1,
      457, 181, 187, -1,
      496, 498, 500, -1,
      500, 498, 705, -1,
      500, 705, 935, -1,
      935, 705, 643, -1,
      935, 643, 936, -1,
      936, 643, 626, -1,
      936, 626, 937, -1,
      937, 626, 632, -1,
      937, 632, 456, -1,
      456, 632, 178, -1,
      456, 178, 182, -1,
      494, 495, 715, -1,
      715, 495, 938, -1,
      715, 938, 714, -1,
      714, 938, 939, -1,
      714, 939, 713, -1,
      713, 939, 940, -1,
      713, 940, 712, -1,
      712, 940, 454, -1,
      712, 454, 455, -1,
      455, 454, 160, -1,
      455, 160, 162, -1,
      492, 493, 495, -1,
      495, 493, 941, -1,
      495, 941, 938, -1,
      938, 941, 942, -1,
      938, 942, 939, -1,
      939, 942, 943, -1,
      939, 943, 940, -1,
      940, 943, 453, -1,
      940, 453, 454, -1,
      454, 453, 157, -1,
      454, 157, 159, -1,
      490, 491, 493, -1,
      493, 491, 944, -1,
      493, 944, 941, -1,
      941, 944, 945, -1,
      941, 945, 942, -1,
      942, 945, 946, -1,
      942, 946, 943, -1,
      943, 946, 452, -1,
      943, 452, 453, -1,
      453, 452, 154, -1,
      453, 154, 156, -1,
      488, 489, 491, -1,
      491, 489, 947, -1,
      491, 947, 944, -1,
      944, 947, 948, -1,
      944, 948, 945, -1,
      945, 948, 949, -1,
      945, 949, 946, -1,
      946, 949, 451, -1,
      946, 451, 452, -1,
      452, 451, 151, -1,
      452, 151, 153, -1,
      486, 487, 489, -1,
      489, 487, 950, -1,
      489, 950, 947, -1,
      947, 950, 951, -1,
      947, 951, 948, -1,
      948, 951, 952, -1,
      948, 952, 949, -1,
      949, 952, 450, -1,
      949, 450, 451, -1,
      451, 450, 148, -1,
      451, 148, 150, -1,
      484, 485, 487, -1,
      487, 485, 953, -1,
      487, 953, 950, -1,
      950, 953, 954, -1,
      950, 954, 951, -1,
      951, 954, 955, -1,
      951, 955, 952, -1,
      952, 955, 449, -1,
      952, 449, 450, -1,
      450, 449, 145, -1,
      450, 145, 147, -1,
      482, 483, 485, -1,
      485, 483, 956, -1,
      485, 956, 953, -1,
      953, 956, 957, -1,
      953, 957, 954, -1,
      954, 957, 958, -1,
      954, 958, 955, -1,
      955, 958, 448, -1,
      955, 448, 449, -1,
      449, 448, 142, -1,
      449, 142, 144, -1,
      479, 481, 483, -1,
      483, 481, 718, -1,
      483, 718, 956, -1,
      956, 718, 720, -1,
      956, 720, 957, -1,
      957, 720, 722, -1,
      957, 722, 958, -1,
      958, 722, 723, -1,
      958, 723, 448, -1,
      448, 723, 139, -1,
      448, 139, 141, -1,
    ]
  }
}

Shape {
  appearance Appearance {
    material Material {
      diffuseColor 0.2510 0.2510 0.2510
      specularColor 0.1255 0.1255 0.1255
      ambientIntensity 0.2
      transparency 0.0000
      shininess 0.5
    }
  }
  geometry IndexedFaceSet {
    ccw TRUE
    solid FALSE
    coord DEF co Coordinate {
      point [
        -0.984252 -0.826772 0.078740,
        -0.590551 -0.826772 0.078740,
        -0.984252 0.826772 0.078740,
        -0.590551 0.826772 0.078740,
        -0.433071 0.984252 0.078740,
        -0.275591 0.984252 0.078740,
        -0.275591 -0.984252 0.078740,
        -0.433071 -0.984252 0.078740,
        0.590551 -0.826772 0.078740,
        0.984252 -0.826772 0.078740,
        0.984252 0.826772 0.078740,
        0.590551 0.826772 0.078740,
        0.433071 0.984252 0.078740,
        0.275591 0.984252 0.078740,
        0.275591 -0.984252 0.078740,
        0.433071 -0.984252 0.078740,
        -0.971778 0.082711 0.236220,
        -0.975292 0.000000 0.236220,
        -0.961263 0.164825 0.236220,
        -0.943822 0.245752 0.236220,
        -0.919581 0.324909 0.236220,
        -0.888714 0.401724 0.236220,
        -0.851443 0.475645 0.236220,
        -0.808039 0.546139 0.236220,
        -0.758812 0.612698 0.236220,
        -0.579941 0.784132 0.236220,
        -0.644351 0.732124 0.236220,
        -0.511353 0.830489 0.236220,
        -0.439080 0.870863 0.236220,
        -0.363644 0.904963 0.236220,
        -0.285588 0.932541 0.236220,
        -0.205474 0.953402 0.236220,
        -0.123880 0.967393 0.236220,
        -0.041393 0.974413 0.236220,
        0.041393 0.974413 0.236220,
        0.123880 0.967393 0.236220,
        0.205474 0.953402 0.236220,
        0.285588 0.932541 0.236220,
        0.363644 0.904963 0.236220,
        0.439080 0.870863 0.236220,
        0.511353 0.830489 0.236220,
        0.579941 0.784132 0.236220,
        0.644351 0.732124 0.236220,
        0.808039 0.546139 0.236220,
        0.758812 0.612698 0.236220,
        0.851443 0.475645 0.236220,
        0.888714 0.401724 0.236220,
        0.919581 0.324909 0.236220,
        0.943822 0.245752 0.236220,
        0.961263 0.164825 0.236220,
        0.971778 0.082711 0.236220,
        0.975292 0.000000 0.236220,
        0.971778 -0.082711 0.236220,
        0.961263 -0.164825 0.236220,
        0.943822 -0.245752 0.236220,
        0.919581 -0.324909 0.236220,
        0.888714 -0.401724 0.236220,
        0.851443 -0.475645 0.236220,
        0.808039 -0.546139 0.236220,
        0.758812 -0.612698 0.236220,
        0.704118 -0.674842 0.236220,
        0.644351 -0.732124 0.236220,
        0.579941 -0.784132 0.236220,
        0.511353 -0.830489 0.236220,
        0.439080 -0.870863 0.236220,
        0.363644 -0.904963 0.236220,
        0.285588 -0.932541 0.236220,
        0.205474 -0.953402 0.236220,
        0.123880 -0.967393 0.236220,
        0.041393 -0.974413 0.236220,
        -0.041393 -0.974413 0.236220,
        -0.123880 -0.967393 0.236220,
        -0.205474 -0.953402 0.236220,
        -0.285588 -0.932541 0.236220,
        -0.363644 -0.904963 0.236220,
        -0.439080 -0.870863 0.236220,
        -0.511353 -0.830489 0.236220,
        -0.579941 -0.784132 0.236220,
        -0.644351 -0.732124 0.236220,
        -0.704118 -0.674842 0.236220,
        -0.758812 -0.612698 0.236220,
        -0.808039 -0.546139 0.236220,
        -0.851443 -0.475645 0.236220,
        -0.888714 -0.401724 0.236220,
        -0.919581 -0.324909 0.236220,
        -0.943822 -0.245752 0.236220,
        -0.961263 -0.164825 0.236220,
        -0.971778 -0.082711 0.236220,
        0.704118 0.674842 0.236220,
        -0.704118 0.674842 0.236220,
        0.984252 0.826772 0.236220,
        0.984252 -0.826772 0.236220,
        -0.433071 0.984252 0.236220,
        0.433071 0.984252 0.236220,
        0.275591 0.984252 0.000000,
        -0.275591 0.984252 0.000000,
        0.433071 -0.984252 0.236220,
        -0.433071 -0.984252 0.236220,
        -0.275591 -0.984252 0.000000,
        0.275591 -0.984252 0.000000,
        0.590551 0.826772 0.236220,
        0.590551 -0.826772 0.236220,
        -0.984252 -0.826772 0.236220,
        -0.984252 0.826772 0.236220,
        -0.590551 -0.826772 0.236220,
        -0.590551 0.826772 0.236220,
      ]
    }
    coordIndex [
      90, 91, 10, -1,
      10, 91, 9, -1,
      5, 4, 92, -1,
      93, 12, 13, -1,
      94, 95, 13, -1,
      13, 95, 5, -1,
      13, 5, 93, -1,
      93, 5, 92, -1,
      14, 15, 96, -1,
      97, 7, 6, -1,
      98, 99, 6, -1,
      6, 99, 14, -1,
      6, 14, 97, -1,
      97, 14, 96, -1,
      98, 95, 99, -1,
      99, 95, 94, -1,
      100, 90, 11, -1,
      11, 90, 10, -1,
      91, 101, 9, -1,
      9, 101, 8, -1,
      101, 96, 8, -1,
      8, 96, 15, -1,
      93, 100, 12, -1,
      12, 100, 11, -1,
      102, 103, 0, -1,
      0, 103, 2, -1,
      104, 102, 1, -1,
      1, 102, 0, -1,
      103, 105, 2, -1,
      2, 105, 3, -1,
      97, 104, 7, -1,
      7, 104, 1, -1,
      105, 92, 3, -1,
      3, 92, 4, -1,
      49, 90, 48, -1,
      48, 90, 47, -1,
      49, 50, 90, -1,
      90, 50, 51, -1,
      90, 51, 91, -1,
      91, 51, 52, -1,
      91, 52, 53, -1,
      42, 88, 90, -1,
      90, 88, 44, -1,
      90, 44, 43, -1,
      43, 45, 90, -1,
      90, 45, 46, -1,
      90, 46, 47, -1,
      92, 28, 29, -1,
      18, 19, 103, -1,
      103, 19, 20, -1,
      89, 105, 24, -1,
      24, 105, 103, -1,
      24, 103, 23, -1,
      96, 69, 97, -1,
      97, 69, 70, -1,
      97, 70, 71, -1,
      53, 54, 91, -1,
      91, 54, 55, -1,
      91, 55, 56, -1,
      56, 57, 91, -1,
      91, 57, 58, -1,
      91, 58, 59, -1,
      89, 26, 105, -1,
      105, 26, 25, -1,
      105, 25, 92, -1,
      92, 25, 27, -1,
      92, 27, 28, -1,
      29, 30, 92, -1,
      92, 30, 31, -1,
      92, 31, 32, -1,
      32, 33, 92, -1,
      92, 33, 34, -1,
      92, 34, 93, -1,
      93, 34, 35, -1,
      93, 35, 36, -1,
      42, 90, 41, -1,
      41, 90, 100, -1,
      41, 100, 40, -1,
      40, 100, 93, -1,
      40, 93, 39, -1,
      102, 79, 80, -1,
      20, 21, 103, -1,
      103, 21, 22, -1,
      103, 22, 23, -1,
      66, 96, 65, -1,
      65, 96, 64, -1,
      66, 67, 96, -1,
      96, 67, 68, -1,
      96, 68, 69, -1,
      71, 72, 97, -1,
      97, 72, 73, -1,
      97, 73, 74, -1,
      36, 37, 93, -1,
      93, 37, 38, -1,
      93, 38, 39, -1,
      80, 81, 102, -1,
      102, 81, 82, -1,
      102, 82, 83, -1,
      83, 84, 102, -1,
      102, 84, 85, -1,
      102, 85, 86, -1,
      74, 75, 97, -1,
      97, 75, 76, -1,
      97, 76, 104, -1,
      104, 76, 77, -1,
      104, 77, 102, -1,
      102, 77, 78, -1,
      102, 78, 79, -1,
      59, 60, 91, -1,
      91, 60, 61, -1,
      91, 61, 101, -1,
      101, 61, 62, -1,
      101, 62, 96, -1,
      96, 62, 63, -1,
      96, 63, 64, -1,
      86, 87, 102, -1,
      102, 87, 17, -1,
      102, 17, 103, -1,
      103, 17, 16, -1,
      103, 16, 18, -1,
    ]
  }
}

Shape {
  appearance Appearance {
    material Material {
      diffuseColor 1.0000 1.0000 1.0000
      specularColor 0.5020 0.5020 0.5020
      ambientIntensity 0.2
      transparency 0.0000
      shininess 0.5
    }
  }
  geometry IndexedFaceSet {
    ccw TRUE
    solid FALSE
    coord DEF co Coordinate {
      point [
        -0.275591 0.984252 0.078740,
        -0.275591 -0.984252 0.078740,
        -0.275591 0.984252 0.000000,
        -0.275591 -0.984252 0.000000,
      ]
    }
    coordIndex [
      1, 0, 3, -1,
      3, 0, 2, -1,
    ]
  }
}

Shape {
  appearance Appearance {
    material Material {
      diffuseColor 0.5020 0.2510 0.0000
      specularColor 0.4431 0.2196 0.0000
      ambientIntensity 0.2
      transparency 0.0000
      shininess 0.5
    }
  }
  geometry IndexedFaceSet {
    ccw TRUE
    solid FALSE
    coord DEF co Coordinate {
      point [
        -0.984252 -0.826772 0.078740,
        -0.590551 -0.826772 0.078740,
        -0.984252 0.826772 0.078740,
        -0.590551 0.826772 0.078740,
        -0.433071 0.984252 0.078740,
        -0.275591 0.984252 0.078740,
        -0.275591 -0.984252 0.078740,
        -0.433071 -0.984252 0.078740,
        0.590551 -0.826772 0.078740,
        0.984252 -0.826772 0.078740,
        0.984252 0.826772 0.078740,
        0.590551 0.826772 0.078740,
        0.433071 0.984252 0.078740,
        0.275591 0.984252 0.078740,
        0.275591 -0.984252 0.078740,
        0.433071 -0.984252 0.078740,
        0.275591 0.984252 0.000000,
        0.275591 -0.984252 0.000000,
      ]
    }
    coordIndex [
      4, 5, 3, -1,
      3, 5, 6, -1,
      0, 2, 1, -1,
      1, 2, 3, -1,
      1, 3, 7, -1,
      7, 3, 6, -1,
      14, 17, 13, -1,
      13, 17, 16, -1,
      15, 14, 8, -1,
      8, 14, 13, -1,
      10, 9, 11, -1,
      11, 9, 8, -1,
      11, 8, 12, -1,
      12, 8, 13, -1,
    ]
  }
}

Shape {
  appearance Appearance {
    material Material {
      diffuseColor 0.2510 0.2510 0.2510
      specularColor 0.1255 0.1255 0.1255
      ambientIntensity 0.2
      transparency 0.0000
      shininess 0.5
    }
  }
  geometry IndexedFaceSet {
    ccw TRUE
    solid FALSE
    coord DEF co Coordinate {
      point [
        -0.433071 0.984252 0.826772,
        -0.590551 0.826772 0.826772,
        -0.433071 -0.984252 0.826772,
        -0.590551 -0.826772 0.826772,
        0.984252 0.826772 0.826772,
        0.590551 0.826772 0.826772,
        0.984252 -0.826772 0.826772,
        0.590551 -0.826772 0.826772,
        0.433071 0.984252 0.826772,
        -0.984252 0.826772 0.826772,
        -0.984252 -0.826772 0.826772,
        0.433071 -0.984252 0.826772,
        0.433071 -0.984252 0.590551,
        0.590551 -0.826772 0.590551,
        0.984252 -0.826772 0.590551,
        0.984252 0.826772 0.590551,
        0.590551 0.826772 0.590551,
        0.433071 0.984252 0.590551,
        -0.433071 0.984252 0.590551,
        -0.590551 0.826772 0.590551,
        -0.984252 0.826772 0.590551,
        -0.984252 -0.826772 0.590551,
        -0.590551 -0.826772 0.590551,
        -0.433071 -0.984252 0.590551,
        -0.439080 0.870863 0.590551,
        -0.511353 0.830489 0.590551,
        -0.579941 0.784132 0.590551,
        -0.123880 0.967393 0.590551,
        -0.205474 0.953402 0.590551,
        -0.285588 0.932541 0.590551,
        -0.363644 0.904963 0.590551,
        -0.644351 0.732124 0.590551,
        -0.704118 0.674842 0.590551,
        -0.758812 0.612698 0.590551,
        -0.808039 0.546139 0.590551,
        -0.851443 0.475645 0.590551,
        -0.888714 0.401724 0.590551,
        0.123880 -0.967393 0.590551,
        0.041393 -0.974413 0.590551,
        -0.919581 0.324909 0.590551,
        -0.943822 0.245752 0.590551,
        -0.961263 0.164825 0.590551,
        0.961263 0.164825 0.590551,
        0.943822 0.245752 0.590551,
        0.919581 0.324909 0.590551,
        0.888714 0.401724 0.590551,
        -0.961263 -0.164825 0.590551,
        -0.943822 -0.245752 0.590551,
        -0.919581 -0.324909 0.590551,
        -0.888714 -0.401724 0.590551,
        0.644351 -0.732124 0.590551,
        0.704118 -0.674842 0.590551,
        0.758812 -0.612698 0.590551,
        0.888714 -0.401724 0.590551,
        0.919581 -0.324909 0.590551,
        0.943822 -0.245752 0.590551,
        0.961263 -0.164825 0.590551,
        0.971778 -0.082711 0.590551,
        0.975292 0.000000 0.590551,
        0.971778 0.082711 0.590551,
        0.851443 0.475645 0.590551,
        0.808039 0.546139 0.590551,
        0.758812 0.612698 0.590551,
        -0.439080 -0.870863 0.590551,
        -0.363644 -0.904963 0.590551,
        -0.285588 -0.932541 0.590551,
        -0.205474 -0.953402 0.590551,
        -0.123880 -0.967393 0.590551,
        -0.041393 -0.974413 0.590551,
        0.205474 -0.953402 0.590551,
        0.285588 -0.932541 0.590551,
        0.363644 -0.904963 0.590551,
        -0.971778 0.082711 0.590551,
        -0.975292 0.000000 0.590551,
        -0.971778 -0.082711 0.590551,
        -0.851443 -0.475645 0.590551,
        -0.808039 -0.546139 0.590551,
        -0.758812 -0.612698 0.590551,
        -0.704118 -0.674842 0.590551,
        -0.644351 -0.732124 0.590551,
        -0.579941 -0.784132 0.590551,
        -0.511353 -0.830489 0.590551,
        0.439080 0.870863 0.590551,
        0.363644 0.904963 0.590551,
        0.285588 0.932541 0.590551,
        0.205474 0.953402 0.590551,
        0.808039 -0.546139 0.590551,
        0.851443 -0.475645 0.590551,
        0.704118 0.674842 0.590551,
        0.644351 0.732124 0.590551,
        0.579941 0.784132 0.590551,
        0.511353 0.830489 0.590551,
        0.439080 -0.870863 0.590551,
        0.511353 -0.830489 0.590551,
        0.579941 -0.784132 0.590551,
        0.123880 0.967393 0.590551,
        0.041393 0.974413 0.590551,
        -0.041393 0.974413 0.590551,
      ]
    }
    coordIndex [
      12, 13, 11, -1,
      11, 13, 7, -1,
      13, 14, 7, -1,
      7, 14, 6, -1,
      14, 15, 6, -1,
      6, 15, 4, -1,
      15, 16, 4, -1,
      4, 16, 5, -1,
      16, 17, 5, -1,
      5, 17, 8, -1,
      17, 18, 8, -1,
      8, 18, 0, -1,
      18, 19, 0, -1,
      0, 19, 1, -1,
      19, 20, 1, -1,
      1, 20, 9, -1,
      20, 21, 9, -1,
      9, 21, 10, -1,
      21, 22, 10, -1,
      10, 22, 3, -1,
      22, 23, 3, -1,
      3, 23, 2, -1,
      23, 12, 2, -1,
      2, 12, 11, -1,
      24, 25, 19, -1,
      19, 25, 26, -1,
      19, 26, 20, -1,
      27, 28, 18, -1,
      18, 28, 29, -1,
      18, 29, 19, -1,
      19, 29, 30, -1,
      19, 30, 24, -1,
      26, 31, 20, -1,
      20, 31, 32, -1,
      20, 32, 33, -1,
      33, 34, 20, -1,
      20, 34, 35, -1,
      20, 35, 36, -1,
      37, 12, 38, -1,
      38, 12, 23, -1,
      36, 39, 20, -1,
      20, 39, 40, -1,
      20, 40, 41, -1,
      42, 43, 15, -1,
      15, 43, 44, -1,
      15, 44, 45, -1,
      46, 47, 21, -1,
      21, 47, 48, -1,
      21, 48, 49, -1,
      13, 50, 14, -1,
      14, 50, 51, -1,
      14, 51, 52, -1,
      53, 54, 14, -1,
      14, 54, 55, -1,
      14, 55, 56, -1,
      56, 57, 14, -1,
      14, 57, 58, -1,
      14, 58, 15, -1,
      15, 58, 59, -1,
      15, 59, 42, -1,
      45, 60, 15, -1,
      15, 60, 61, -1,
      15, 61, 62, -1,
      63, 64, 23, -1,
      23, 64, 65, -1,
      23, 65, 66, -1,
      66, 67, 23, -1,
      23, 67, 68, -1,
      23, 68, 38, -1,
      37, 69, 12, -1,
      12, 69, 70, -1,
      12, 70, 71, -1,
      41, 72, 20, -1,
      20, 72, 73, -1,
      20, 73, 21, -1,
      21, 73, 74, -1,
      21, 74, 46, -1,
      49, 75, 21, -1,
      21, 75, 76, -1,
      21, 76, 77, -1,
      77, 78, 21, -1,
      21, 78, 79, -1,
      21, 79, 22, -1,
      22, 79, 80, -1,
      22, 80, 23, -1,
      23, 80, 81, -1,
      23, 81, 63, -1,
      82, 83, 17, -1,
      17, 83, 84, -1,
      17, 84, 85, -1,
      52, 86, 14, -1,
      14, 86, 87, -1,
      14, 87, 53, -1,
      62, 88, 15, -1,
      15, 88, 89, -1,
      15, 89, 16, -1,
      16, 89, 90, -1,
      16, 90, 17, -1,
      17, 90, 91, -1,
      17, 91, 82, -1,
      71, 92, 12, -1,
      12, 92, 93, -1,
      12, 93, 13, -1,
      13, 93, 94, -1,
      13, 94, 50, -1,
      85, 95, 17, -1,
      17, 95, 96, -1,
      17, 96, 18, -1,
      18, 96, 97, -1,
      18, 97, 27, -1,
    ]
  }
}

Shape {
  appearance Appearance {
    material Material {
      diffuseColor 0.0000 0.0000 0.0000
      specularColor 0.0000 0.0000 0.0000
      ambientIntensity 0.2
      transparency 0.0000
      shininess 0.5
    }
  }
  geometry IndexedFaceSet {
    ccw TRUE
    solid FALSE
    coord DEF co Coordinate {
      point [
        -0.896866 0.000000 0.518841,
        -0.895182 -0.039637 0.518841,
        -0.893635 -0.076059 0.518841,
        -0.883965 -0.151571 0.518841,
        -0.888187 -0.118603 0.518841,
        -0.867927 -0.225991 0.518841,
        -0.874252 -0.196644 0.518841,
        -0.845635 -0.298782 0.518841,
        -0.853483 -0.273154 0.518841,
        -0.817250 -0.369420 0.518841,
        -0.826044 -0.347536 0.518841,
        -0.782977 -0.437397 0.518841,
        -0.792146 -0.419210 0.518841,
        -0.743062 -0.502222 0.518841,
        -0.752055 -0.487618 0.518841,
        -0.697794 -0.563429 0.518841,
        -0.706080 -0.552226 0.518841,
        -0.647498 -0.620576 0.518841,
        -0.654579 -0.612531 0.518841,
        -0.592537 -0.673252 0.518841,
        -0.597953 -0.668061 0.518841,
        -0.533306 -0.721078 0.518841,
        -0.536642 -0.718385 0.518841,
        -0.401819 -0.801718 0.518841,
        -0.403772 -0.800835 0.518841,
        -0.470233 -0.763707 0.518841,
        -0.471121 -0.763107 0.518841,
        -0.334402 -0.832192 0.518841,
        -0.329350 -0.833978 0.518841,
        -0.262623 -0.857554 0.518841,
        -0.254325 -0.859714 0.518841,
        -0.188951 -0.876736 0.518841,
        -0.177330 -0.878729 0.518841,
        -0.113918 -0.889602 0.518841,
        -0.098965 -0.890874 0.518841,
        -0.038064 -0.896058 0.518841,
        -0.019841 -0.896058 0.518841,
        0.038064 -0.896058 0.518841,
        0.059427 -0.894240 0.518841,
        0.113918 -0.889602 0.518841,
        0.138221 -0.885435 0.518841,
        0.188951 -0.876736 0.518841,
        0.215927 -0.869712 0.518841,
        0.262623 -0.857554 0.518841,
        0.291939 -0.847195 0.518841,
        0.334402 -0.832192 0.518841,
        0.365667 -0.818060 0.518841,
        0.403772 -0.800835 0.518841,
        0.436535 -0.782533 0.518841,
        0.470233 -0.763707 0.518841,
        0.503991 -0.740891 0.518841,
        0.533306 -0.721078 0.518841,
        0.567511 -0.693459 0.518841,
        0.592537 -0.673252 0.518841,
        0.626599 -0.640606 0.518841,
        0.647498 -0.620576 0.518841,
        0.680794 -0.582744 0.518841,
        0.697794 -0.563429 0.518841,
        0.729675 -0.520323 0.518841,
        0.743062 -0.502222 0.518841,
        0.772860 -0.453828 0.518841,
        0.782977 -0.437397 0.518841,
        0.810011 -0.383778 0.518841,
        0.817250 -0.369420 0.518841,
        0.840839 -0.310717 0.518841,
        0.845635 -0.298782 0.518841,
        0.865102 -0.235214 0.518841,
        0.867927 -0.225991 0.518841,
        0.882611 -0.157857 0.518841,
        0.883965 -0.151571 0.518841,
        0.893227 -0.079248 0.518841,
        0.893635 -0.076059 0.518841,
        0.896866 -0.000000 0.518841,
        0.893635 0.076059 0.518841,
        0.893227 0.079248 0.518841,
        0.883965 0.151571 0.518841,
        0.882611 0.157857 0.518841,
        0.867927 0.225991 0.518841,
        0.865102 0.235214 0.518841,
        0.845635 0.298782 0.518841,
        0.840839 0.310717 0.518841,
        0.817250 0.369420 0.518841,
        0.810011 0.383778 0.518841,
        0.782977 0.437397 0.518841,
        0.772860 0.453828 0.518841,
        0.743062 0.502222 0.518841,
        0.729675 0.520323 0.518841,
        0.697794 0.563429 0.518841,
        0.680794 0.582744 0.518841,
        0.647498 0.620576 0.518841,
        0.626599 0.640606 0.518841,
        0.592537 0.673252 0.518841,
        0.567511 0.693459 0.518841,
        0.533306 0.721078 0.518841,
        0.503991 0.740891 0.518841,
        0.470233 0.763707 0.518841,
        0.436535 0.782533 0.518841,
        0.403772 0.800835 0.518841,
        0.365667 0.818060 0.518841,
        0.334402 0.832192 0.518841,
        0.291939 0.847195 0.518841,
        0.262623 0.857554 0.518841,
        0.215927 0.869712 0.518841,
        0.188951 0.876736 0.518841,
        0.138221 0.885435 0.518841,
        0.113918 0.889602 0.518841,
        0.059427 0.894240 0.518841,
        0.038064 0.896058 0.518841,
        -0.019841 0.896058 0.518841,
        -0.038064 0.896058 0.518841,
        -0.098965 0.890874 0.518841,
        -0.113918 0.889602 0.518841,
        -0.177330 0.878729 0.518841,
        -0.188951 0.876736 0.518841,
        -0.254325 0.859714 0.518841,
        -0.262623 0.857554 0.518841,
        -0.329350 0.833978 0.518841,
        -0.334402 0.832192 0.518841,
        -0.401819 0.801718 0.518841,
        -0.470233 0.763707 0.518841,
        -0.403772 0.800835 0.518841,
        -0.533306 0.721078 0.518841,
        -0.471121 0.763107 0.518841,
        -0.592537 0.673252 0.518841,
        -0.536642 0.718385 0.518841,
        -0.647498 0.620576 0.518841,
        -0.597953 0.668061 0.518841,
        -0.697794 0.563429 0.518841,
        -0.654579 0.612531 0.518841,
        -0.743062 0.502222 0.518841,
        -0.706080 0.552226 0.518841,
        -0.782977 0.437397 0.518841,
        -0.752055 0.487618 0.518841,
        -0.817250 0.369420 0.518841,
        -0.792146 0.419210 0.518841,
        -0.845635 0.298782 0.518841,
        -0.826044 0.347536 0.518841,
        -0.867927 0.225991 0.518841,
        -0.853483 0.273154 0.518841,
        -0.883965 0.151571 0.518841,
        -0.874252 0.196644 0.518841,
        -0.895182 0.039637 0.518841,
        -0.893635 0.076059 0.518841,
        -0.888187 0.118603 0.518841,
        -0.439080 0.870863 0.590551,
        -0.511353 0.830489 0.590551,
        -0.579941 0.784132 0.590551,
        -0.123880 0.967393 0.590551,
        -0.205474 0.953402 0.590551,
        -0.285588 0.932541 0.590551,
        -0.363644 0.904963 0.590551,
        -0.644351 0.732124 0.590551,
        -0.704118 0.674842 0.590551,
        -0.758812 0.612698 0.590551,
        -0.808039 0.546139 0.590551,
        -0.851443 0.475645 0.590551,
        -0.888714 0.401724 0.590551,
        0.123880 -0.967393 0.590551,
        0.041393 -0.974413 0.590551,
        -0.919581 0.324909 0.590551,
        -0.943822 0.245752 0.590551,
        -0.961263 0.164825 0.590551,
        0.961263 0.164825 0.590551,
        0.943822 0.245752 0.590551,
        0.919581 0.324909 0.590551,
        0.888714 0.401724 0.590551,
        -0.961263 -0.164825 0.590551,
        -0.943822 -0.245752 0.590551,
        -0.919581 -0.324909 0.590551,
        -0.888714 -0.401724 0.590551,
        0.644351 -0.732124 0.590551,
        0.704118 -0.674842 0.590551,
        0.758812 -0.612698 0.590551,
        0.888714 -0.401724 0.590551,
        0.919581 -0.324909 0.590551,
        0.943822 -0.245752 0.590551,
        0.961263 -0.164825 0.590551,
        0.971778 -0.082711 0.590551,
        0.975292 0.000000 0.590551,
        0.971778 0.082711 0.590551,
        0.851443 0.475645 0.590551,
        0.808039 0.546139 0.590551,
        0.758812 0.612698 0.590551,
        -0.439080 -0.870863 0.590551,
        -0.363644 -0.904963 0.590551,
        -0.285588 -0.932541 0.590551,
        -0.205474 -0.953402 0.590551,
        -0.123880 -0.967393 0.590551,
        -0.041393 -0.974413 0.590551,
        0.205474 -0.953402 0.590551,
        0.285588 -0.932541 0.590551,
        0.363644 -0.904963 0.590551,
        -0.971778 0.082711 0.590551,
        -0.975292 0.000000 0.590551,
        -0.971778 -0.082711 0.590551,
        -0.851443 -0.475645 0.590551,
        -0.808039 -0.546139 0.590551,
        -0.758812 -0.612698 0.590551,
        -0.704118 -0.674842 0.590551,
        -0.644351 -0.732124 0.590551,
        -0.579941 -0.784132 0.590551,
        -0.511353 -0.830489 0.590551,
        0.439080 0.870863 0.590551,
        0.363644 0.904963 0.590551,
        0.285588 0.932541 0.590551,
        0.205474 0.953402 0.590551,
        0.808039 -0.546139 0.590551,
        0.851443 -0.475645 0.590551,
        0.704118 0.674842 0.590551,
        0.644351 0.732124 0.590551,
        0.579941 0.784132 0.590551,
        0.511353 0.830489 0.590551,
        0.439080 -0.870863 0.590551,
        0.511353 -0.830489 0.590551,
        0.579941 -0.784132 0.590551,
        0.123880 0.967393 0.590551,
        0.041393 0.974413 0.590551,
        -0.041393 0.974413 0.590551,
        -0.888003 -0.152263 0.537795,
        -0.897717 -0.076407 0.537795,
        -0.871891 -0.227023 0.537795,
        -0.849497 -0.300146 0.537795,
        -0.820983 -0.371107 0.537795,
        -0.786553 -0.439395 0.537795,
        -0.746456 -0.504516 0.537795,
        -0.700981 -0.566003 0.537795,
        -0.650456 -0.623411 0.537795,
        -0.595243 -0.676328 0.537795,
        -0.535742 -0.724371 0.537795,
        -0.472381 -0.767196 0.537795,
        -0.405617 -0.804493 0.537795,
        -0.335930 -0.835993 0.537795,
        -0.263822 -0.861470 0.537795,
        -0.189814 -0.880741 0.537795,
        -0.114438 -0.893665 0.537795,
        -0.038238 -0.900151 0.537795,
        0.038238 -0.900151 0.537795,
        0.114438 -0.893665 0.537795,
        0.189814 -0.880741 0.537795,
        0.263822 -0.861470 0.537795,
        0.335930 -0.835993 0.537795,
        0.405617 -0.804493 0.537795,
        0.472381 -0.767196 0.537795,
        0.535742 -0.724371 0.537795,
        0.595243 -0.676328 0.537795,
        0.650456 -0.623411 0.537795,
        0.700981 -0.566003 0.537795,
        0.746456 -0.504516 0.537795,
        0.786553 -0.439395 0.537795,
        0.820983 -0.371107 0.537795,
        0.849497 -0.300146 0.537795,
        0.871891 -0.227023 0.537795,
        0.888003 -0.152263 0.537795,
        0.897717 -0.076407 0.537795,
        0.900963 -0.000000 0.537795,
        0.897717 0.076407 0.537795,
        0.888003 0.152263 0.537795,
        0.871891 0.227023 0.537795,
        0.849497 0.300146 0.537795,
        0.820983 0.371107 0.537795,
        0.786553 0.439395 0.537795,
        0.746456 0.504516 0.537795,
        0.700981 0.566003 0.537795,
        0.650456 0.623411 0.537795,
        0.595243 0.676328 0.537795,
        0.535742 0.724371 0.537795,
        0.472381 0.767196 0.537795,
        0.405617 0.804493 0.537795,
        0.335930 0.835993 0.537795,
        0.263822 0.861470 0.537795,
        0.189814 0.880741 0.537795,
        0.114438 0.893665 0.537795,
        0.038238 0.900151 0.537795,
        -0.038238 0.900151 0.537795,
        -0.114438 0.893665 0.537795,
        -0.189814 0.880741 0.537795,
        -0.263822 0.861470 0.537795,
        -0.335930 0.835993 0.537795,
        -0.405617 0.804493 0.537795,
        -0.472381 0.767196 0.537795,
        -0.535742 0.724371 0.537795,
        -0.595243 0.676328 0.537795,
        -0.650456 0.623411 0.537795,
        -0.700981 0.566003 0.537795,
        -0.746456 0.504516 0.537795,
        -0.786553 0.439395 0.537795,
        -0.820983 0.371107 0.537795,
        -0.849497 0.300146 0.537795,
        -0.871891 0.227023 0.537795,
        -0.888003 0.152263 0.537795,
        -0.897717 0.076407 0.537795,
        -0.900963 0.000000 0.537795,
        -0.906290 0.077137 0.555173,
        -0.896484 0.153718 0.555173,
        -0.880218 0.229191 0.555173,
        -0.857610 0.303013 0.555173,
        -0.828823 0.374652 0.555173,
        -0.794065 0.443591 0.555173,
        -0.753585 0.509335 0.555173,
        -0.707676 0.571408 0.555173,
        -0.656667 0.629365 0.555173,
        -0.600928 0.682787 0.555173,
        -0.540859 0.731289 0.555173,
        -0.476893 0.774523 0.555173,
        -0.409491 0.812176 0.555173,
        -0.339138 0.843977 0.555173,
        -0.266342 0.869698 0.555173,
        -0.191627 0.889152 0.555173,
        -0.115531 0.902200 0.555173,
        -0.038603 0.908748 0.555173,
        0.038603 0.908748 0.555173,
        0.115531 0.902200 0.555173,
        0.191627 0.889152 0.555173,
        0.266342 0.869698 0.555173,
        0.339138 0.843977 0.555173,
        0.409491 0.812176 0.555173,
        0.476893 0.774523 0.555173,
        0.540859 0.731289 0.555173,
        0.600928 0.682787 0.555173,
        0.656667 0.629365 0.555173,
        0.707676 0.571408 0.555173,
        0.753585 0.509335 0.555173,
        0.794065 0.443591 0.555173,
        0.828823 0.374652 0.555173,
        0.857610 0.303013 0.555173,
        0.880218 0.229191 0.555173,
        0.896484 0.153718 0.555173,
        0.906290 0.077137 0.555173,
        0.909567 -0.000000 0.555173,
        0.906290 -0.077137 0.555173,
        0.896484 -0.153718 0.555173,
        0.880218 -0.229191 0.555173,
        0.857610 -0.303013 0.555173,
        0.828823 -0.374652 0.555173,
        0.794065 -0.443591 0.555173,
        0.753585 -0.509335 0.555173,
        0.707676 -0.571408 0.555173,
        0.656667 -0.629365 0.555173,
        0.600928 -0.682787 0.555173,
        0.540859 -0.731289 0.555173,
        0.476893 -0.774523 0.555173,
        0.409491 -0.812176 0.555173,
        0.339138 -0.843977 0.555173,
        0.266342 -0.869698 0.555173,
        0.191627 -0.889152 0.555173,
        0.115531 -0.902200 0.555173,
        0.038603 -0.908748 0.555173,
        -0.038603 -0.908748 0.555173,
        -0.115531 -0.902200 0.555173,
        -0.191627 -0.889152 0.555173,
        -0.266342 -0.869698 0.555173,
        -0.339138 -0.843977 0.555173,
        -0.409491 -0.812176 0.555173,
        -0.476893 -0.774523 0.555173,
        -0.540859 -0.731289 0.555173,
        -0.600928 -0.682787 0.555173,
        -0.656667 -0.629365 0.555173,
        -0.707676 -0.571408 0.555173,
        -0.753585 -0.509335 0.555173,
        -0.794065 -0.443591 0.555173,
        -0.828823 -0.374652 0.555173,
        -0.857610 -0.303013 0.555173,
        -0.880218 -0.229191 0.555173,
        -0.896484 -0.153718 0.555173,
        -0.906290 -0.077137 0.555173,
        -0.909567 0.000000 0.555173,
        -0.918836 0.078204 0.569921,
        -0.908893 0.155845 0.569921,
        -0.892402 0.232363 0.569921,
        -0.869482 0.307207 0.569921,
        -0.840296 0.379838 0.569921,
        -0.805057 0.449731 0.569921,
        -0.764017 0.516385 0.569921,
        -0.717472 0.579318 0.569921,
        -0.665757 0.638077 0.569921,
        -0.609246 0.692238 0.569921,
        -0.548346 0.741412 0.569921,
        -0.483494 0.785244 0.569921,
        -0.415159 0.823419 0.569921,
        -0.343833 0.855660 0.569921,
        -0.270029 0.881737 0.569921,
        -0.194280 0.901460 0.569921,
        -0.117130 0.914689 0.569921,
        -0.039137 0.921327 0.569921,
        0.039137 0.921327 0.569921,
        0.117130 0.914689 0.569921,
        0.194280 0.901460 0.569921,
        0.270029 0.881737 0.569921,
        0.343833 0.855660 0.569921,
        0.415159 0.823419 0.569921,
        0.483494 0.785244 0.569921,
        0.548346 0.741412 0.569921,
        0.609246 0.692238 0.569921,
        0.665757 0.638077 0.569921,
        0.717472 0.579318 0.569921,
        0.764017 0.516385 0.569921,
        0.805057 0.449731 0.569921,
        0.840296 0.379838 0.569921,
        0.869482 0.307207 0.569921,
        0.892402 0.232363 0.569921,
        0.908893 0.155845 0.569921,
        0.918836 0.078204 0.569921,
        0.922158 -0.000000 0.569921,
        0.918836 -0.078204 0.569921,
        0.908893 -0.155845 0.569921,
        0.892402 -0.232363 0.569921,
        0.869482 -0.307207 0.569921,
        0.840296 -0.379838 0.569921,
        0.805057 -0.449731 0.569921,
        0.764017 -0.516385 0.569921,
        0.717472 -0.579318 0.569921,
        0.665757 -0.638077 0.569921,
        0.609246 -0.692238 0.569921,
        0.548346 -0.741412 0.569921,
        0.483494 -0.785244 0.569921,
        0.415159 -0.823419 0.569921,
        0.343833 -0.855660 0.569921,
        0.270029 -0.881737 0.569921,
        0.194280 -0.901460 0.569921,
        0.117130 -0.914689 0.569921,
        0.039137 -0.921327 0.569921,
        -0.039137 -0.921327 0.569921,
        -0.117130 -0.914689 0.569921,
        -0.194280 -0.901460 0.569921,
        -0.270029 -0.881737 0.569921,
        -0.343833 -0.855660 0.569921,
        -0.415159 -0.823419 0.569921,
        -0.483494 -0.785244 0.569921,
        -0.548346 -0.741412 0.569921,
        -0.609246 -0.692238 0.569921,
        -0.665757 -0.638077 0.569921,
        -0.717472 -0.579318 0.569921,
        -0.764017 -0.516385 0.569921,
        -0.805057 -0.449731 0.569921,
        -0.840296 -0.379838 0.569921,
        -0.869482 -0.307207 0.569921,
        -0.892402 -0.232363 0.569921,
        -0.908893 -0.155845 0.569921,
        -0.918836 -0.078204 0.569921,
        -0.922158 0.000000 0.569921,
        -0.934592 0.079546 0.581145,
        -0.924479 0.158518 0.581145,
        -0.907706 0.236348 0.581145,
        -0.884392 0.312476 0.581145,
        -0.854706 0.386352 0.581145,
        -0.818862 0.457444 0.581145,
        -0.777118 0.525240 0.581145,
        -0.729775 0.589252 0.581145,
        -0.677174 0.649019 0.581145,
        -0.619694 0.704109 0.581145,
        -0.557749 0.754126 0.581145,
        -0.491785 0.798710 0.581145,
        -0.422278 0.837539 0.581145,
        -0.349729 0.870333 0.581145,
        -0.274659 0.896857 0.581145,
        -0.197611 0.916919 0.581145,
        -0.119139 0.930374 0.581145,
        -0.039809 0.937126 0.581145,
        0.039809 0.937126 0.581145,
        0.119139 0.930374 0.581145,
        0.197611 0.916919 0.581145,
        0.274659 0.896857 0.581145,
        0.349729 0.870333 0.581145,
        0.422278 0.837539 0.581145,
        0.491785 0.798710 0.581145,
        0.557749 0.754126 0.581145,
        0.619694 0.704109 0.581145,
        0.677174 0.649019 0.581145,
        0.729775 0.589252 0.581145,
        0.777118 0.525240 0.581145,
        0.818862 0.457444 0.581145,
        0.854706 0.386352 0.581145,
        0.884392 0.312476 0.581145,
        0.907706 0.236348 0.581145,
        0.924479 0.158518 0.581145,
        0.934592 0.079546 0.581145,
        0.937971 -0.000000 0.581145,
        0.934592 -0.079546 0.581145,
        0.924479 -0.158518 0.581145,
        0.907706 -0.236348 0.581145,
        0.884392 -0.312476 0.581145,
        0.854706 -0.386352 0.581145,
        0.818862 -0.457444 0.581145,
        0.777118 -0.525240 0.581145,
        0.729775 -0.589252 0.581145,
        0.677174 -0.649019 0.581145,
        0.619694 -0.704109 0.581145,
        0.557749 -0.754126 0.581145,
        0.491785 -0.798710 0.581145,
        0.422278 -0.837539 0.581145,
        0.349729 -0.870333 0.581145,
        0.274659 -0.896857 0.581145,
        0.197611 -0.916919 0.581145,
        0.119139 -0.930374 0.581145,
        0.039809 -0.937126 0.581145,
        -0.039809 -0.937126 0.581145,
        -0.119139 -0.930374 0.581145,
        -0.197611 -0.916919 0.581145,
        -0.274659 -0.896857 0.581145,
        -0.349729 -0.870333 0.581145,
        -0.422278 -0.837539 0.581145,
        -0.491785 -0.798710 0.581145,
        -0.557749 -0.754126 0.581145,
        -0.619694 -0.704109 0.581145,
        -0.677174 -0.649019 0.581145,
        -0.729775 -0.589252 0.581145,
        -0.777118 -0.525240 0.581145,
        -0.818862 -0.457444 0.581145,
        -0.854706 -0.386352 0.581145,
        -0.884392 -0.312476 0.581145,
        -0.907706 -0.236348 0.581145,
        -0.924479 -0.158518 0.581145,
        -0.934592 -0.079546 0.581145,
        -0.937971 0.000000 0.581145,
        -0.952604 0.081078 0.588163,
        -0.942296 0.161573 0.588163,
        -0.925199 0.240903 0.588163,
        -0.901436 0.318498 0.588163,
        -0.871178 0.393797 0.588163,
        -0.834643 0.466260 0.588163,
        -0.792095 0.535363 0.588163,
        -0.743839 0.600608 0.588163,
        -0.690224 0.661527 0.588163,
        -0.631637 0.717679 0.588163,
        -0.568498 0.768660 0.588163,
        -0.501263 0.814103 0.588163,
        -0.430416 0.853680 0.588163,
        -0.356469 0.887106 0.588163,
        -0.279953 0.914141 0.588163,
        -0.201419 0.934589 0.588163,
        -0.121435 0.948304 0.588163,
        -0.040576 0.955186 0.588163,
        0.040576 0.955186 0.588163,
        0.121435 0.948304 0.588163,
        0.201419 0.934589 0.588163,
        0.279953 0.914141 0.588163,
        0.356469 0.887106 0.588163,
        0.430416 0.853680 0.588163,
        0.501263 0.814103 0.588163,
        0.568498 0.768660 0.588163,
        0.631637 0.717679 0.588163,
        0.690224 0.661527 0.588163,
        0.743839 0.600608 0.588163,
        0.792095 0.535363 0.588163,
        0.834643 0.466260 0.588163,
        0.871178 0.393797 0.588163,
        0.901436 0.318498 0.588163,
        0.925199 0.240903 0.588163,
        0.942296 0.161573 0.588163,
        0.952604 0.081078 0.588163,
        0.956048 -0.000000 0.588163,
        0.952604 -0.081078 0.588163,
        0.942296 -0.161573 0.588163,
        0.925199 -0.240903 0.588163,
        0.901436 -0.318498 0.588163,
        0.871178 -0.393797 0.588163,
        0.834643 -0.466260 0.588163,
        0.792095 -0.535363 0.588163,
        0.743839 -0.600608 0.588163,
        0.690224 -0.661527 0.588163,
        0.631637 -0.717679 0.588163,
        0.568498 -0.768660 0.588163,
        0.501263 -0.814103 0.588163,
        0.430416 -0.853680 0.588163,
        0.356469 -0.887106 0.588163,
        0.279953 -0.914141 0.588163,
        0.201419 -0.934589 0.588163,
        0.121435 -0.948304 0.588163,
        0.040576 -0.955186 0.588163,
        -0.040576 -0.955186 0.588163,
        -0.121435 -0.948304 0.588163,
        -0.201419 -0.934589 0.588163,
        -0.279953 -0.914141 0.588163,
        -0.356469 -0.887106 0.588163,
        -0.430416 -0.853680 0.588163,
        -0.501263 -0.814103 0.588163,
        -0.568498 -0.768660 0.588163,
        -0.631637 -0.717679 0.588163,
        -0.690224 -0.661527 0.588163,
        -0.743839 -0.600608 0.588163,
        -0.792095 -0.535363 0.588163,
        -0.834643 -0.466260 0.588163,
        -0.871178 -0.393797 0.588163,
        -0.901436 -0.318498 0.588163,
        -0.925199 -0.240903 0.588163,
        -0.942296 -0.161573 0.588163,
        -0.952604 -0.081078 0.588163,
        -0.956048 0.000000 0.588163,
      ]
    }
    coordIndex [
      218, 219, 2, -1,
      2, 4, 218, -1,
      218, 4, 3, -1,
      218, 3, 220, -1,
      3, 6, 220, -1,
      220, 6, 5, -1,
      220, 5, 221, -1,
      5, 8, 221, -1,
      221, 8, 7, -1,
      221, 7, 222, -1,
      7, 10, 222, -1,
      222, 10, 9, -1,
      222, 9, 223, -1,
      9, 12, 223, -1,
      223, 12, 11, -1,
      223, 11, 224, -1,
      11, 14, 224, -1,
      224, 14, 13, -1,
      224, 13, 225, -1,
      225, 13, 16, -1,
      16, 15, 225, -1,
      225, 15, 18, -1,
      225, 18, 226, -1,
      18, 17, 226, -1,
      226, 17, 20, -1,
      226, 20, 227, -1,
      20, 19, 227, -1,
      227, 19, 22, -1,
      227, 22, 228, -1,
      22, 21, 228, -1,
      228, 21, 26, -1,
      228, 26, 229, -1,
      229, 26, 25, -1,
      229, 25, 230, -1,
      25, 24, 230, -1,
      230, 24, 23, -1,
      230, 23, 231, -1,
      23, 27, 231, -1,
      231, 27, 28, -1,
      231, 28, 232, -1,
      28, 29, 232, -1,
      232, 29, 30, -1,
      232, 30, 233, -1,
      30, 31, 233, -1,
      233, 31, 32, -1,
      233, 32, 234, -1,
      32, 33, 234, -1,
      234, 33, 34, -1,
      234, 34, 235, -1,
      34, 35, 235, -1,
      235, 35, 36, -1,
      235, 36, 236, -1,
      36, 37, 236, -1,
      236, 37, 38, -1,
      236, 38, 237, -1,
      38, 39, 237, -1,
      237, 39, 40, -1,
      237, 40, 238, -1,
      40, 41, 238, -1,
      238, 41, 42, -1,
      238, 42, 239, -1,
      42, 43, 239, -1,
      239, 43, 44, -1,
      239, 44, 240, -1,
      44, 45, 240, -1,
      240, 45, 46, -1,
      240, 46, 241, -1,
      46, 47, 241, -1,
      241, 47, 48, -1,
      241, 48, 242, -1,
      242, 48, 49, -1,
      242, 49, 243, -1,
      49, 50, 243, -1,
      243, 50, 51, -1,
      243, 51, 244, -1,
      51, 52, 244, -1,
      244, 52, 53, -1,
      244, 53, 245, -1,
      53, 54, 245, -1,
      245, 54, 55, -1,
      245, 55, 246, -1,
      55, 56, 246, -1,
      246, 56, 57, -1,
      246, 57, 247, -1,
      57, 58, 247, -1,
      247, 58, 59, -1,
      247, 59, 248, -1,
      59, 60, 248, -1,
      248, 60, 61, -1,
      248, 61, 249, -1,
      61, 62, 249, -1,
      249, 62, 63, -1,
      249, 63, 250, -1,
      250, 63, 64, -1,
      64, 65, 250, -1,
      250, 65, 66, -1,
      250, 66, 251, -1,
      66, 67, 251, -1,
      251, 67, 68, -1,
      251, 68, 252, -1,
      68, 69, 252, -1,
      252, 69, 70, -1,
      252, 70, 253, -1,
      253, 70, 71, -1,
      253, 71, 254, -1,
      254, 71, 72, -1,
      254, 72, 255, -1,
      72, 73, 255, -1,
      255, 73, 74, -1,
      255, 74, 256, -1,
      74, 75, 256, -1,
      256, 75, 76, -1,
      256, 76, 257, -1,
      76, 77, 257, -1,
      257, 77, 78, -1,
      257, 78, 258, -1,
      78, 79, 258, -1,
      258, 79, 80, -1,
      258, 80, 259, -1,
      80, 81, 259, -1,
      259, 81, 82, -1,
      259, 82, 260, -1,
      82, 83, 260, -1,
      260, 83, 84, -1,
      260, 84, 261, -1,
      84, 85, 261, -1,
      261, 85, 86, -1,
      261, 86, 262, -1,
      86, 87, 262, -1,
      262, 87, 88, -1,
      262, 88, 263, -1,
      88, 89, 263, -1,
      263, 89, 90, -1,
      263, 90, 264, -1,
      90, 91, 264, -1,
      264, 91, 92, -1,
      264, 92, 265, -1,
      92, 93, 265, -1,
      265, 93, 94, -1,
      265, 94, 266, -1,
      266, 94, 95, -1,
      266, 95, 267, -1,
      95, 96, 267, -1,
      267, 96, 97, -1,
      267, 97, 268, -1,
      97, 98, 268, -1,
      268, 98, 99, -1,
      268, 99, 269, -1,
      99, 100, 269, -1,
      269, 100, 101, -1,
      269, 101, 270, -1,
      101, 102, 270, -1,
      270, 102, 103, -1,
      270, 103, 271, -1,
      103, 104, 271, -1,
      271, 104, 105, -1,
      271, 105, 272, -1,
      105, 106, 272, -1,
      272, 106, 107, -1,
      272, 107, 273, -1,
      107, 108, 273, -1,
      273, 108, 109, -1,
      273, 109, 274, -1,
      109, 110, 274, -1,
      274, 110, 111, -1,
      274, 111, 275, -1,
      275, 111, 112, -1,
      112, 113, 275, -1,
      275, 113, 114, -1,
      275, 114, 276, -1,
      114, 115, 276, -1,
      276, 115, 116, -1,
      276, 116, 277, -1,
      116, 117, 277, -1,
      277, 117, 118, -1,
      277, 118, 278, -1,
      278, 118, 120, -1,
      278, 120, 279, -1,
      120, 119, 279, -1,
      279, 119, 122, -1,
      279, 122, 280, -1,
      122, 121, 280, -1,
      280, 121, 124, -1,
      280, 124, 281, -1,
      124, 123, 281, -1,
      281, 123, 126, -1,
      281, 126, 282, -1,
      126, 125, 282, -1,
      282, 125, 128, -1,
      282, 128, 283, -1,
      128, 127, 283, -1,
      283, 127, 130, -1,
      283, 130, 284, -1,
      130, 129, 284, -1,
      284, 129, 132, -1,
      284, 132, 285, -1,
      132, 131, 285, -1,
      285, 131, 134, -1,
      285, 134, 286, -1,
      134, 133, 286, -1,
      286, 133, 136, -1,
      286, 136, 287, -1,
      136, 135, 287, -1,
      287, 135, 138, -1,
      287, 138, 288, -1,
      138, 137, 288, -1,
      288, 137, 140, -1,
      288, 140, 289, -1,
      140, 139, 289, -1,
      289, 139, 143, -1,
      289, 143, 290, -1,
      143, 142, 290, -1,
      290, 142, 141, -1,
      290, 141, 291, -1,
      291, 141, 0, -1,
      291, 0, 219, -1,
      219, 0, 1, -1,
      219, 1, 2, -1,
      290, 292, 289, -1,
      289, 292, 293, -1,
      289, 293, 288, -1,
      288, 293, 294, -1,
      288, 294, 287, -1,
      287, 294, 295, -1,
      287, 295, 286, -1,
      286, 295, 296, -1,
      286, 296, 285, -1,
      285, 296, 297, -1,
      285, 297, 284, -1,
      284, 297, 298, -1,
      284, 298, 283, -1,
      283, 298, 299, -1,
      283, 299, 282, -1,
      282, 299, 300, -1,
      282, 300, 281, -1,
      281, 300, 301, -1,
      281, 301, 280, -1,
      280, 301, 302, -1,
      280, 302, 279, -1,
      279, 302, 303, -1,
      279, 303, 278, -1,
      278, 303, 304, -1,
      278, 304, 277, -1,
      277, 304, 305, -1,
      277, 305, 276, -1,
      276, 305, 306, -1,
      276, 306, 275, -1,
      275, 306, 307, -1,
      275, 307, 274, -1,
      274, 307, 308, -1,
      274, 308, 273, -1,
      273, 308, 309, -1,
      273, 309, 272, -1,
      272, 309, 310, -1,
      272, 310, 271, -1,
      271, 310, 311, -1,
      271, 311, 270, -1,
      270, 311, 312, -1,
      270, 312, 269, -1,
      269, 312, 313, -1,
      269, 313, 268, -1,
      268, 313, 314, -1,
      268, 314, 267, -1,
      267, 314, 315, -1,
      267, 315, 266, -1,
      266, 315, 316, -1,
      266, 316, 265, -1,
      265, 316, 317, -1,
      265, 317, 264, -1,
      264, 317, 318, -1,
      264, 318, 263, -1,
      263, 318, 319, -1,
      263, 319, 262, -1,
      262, 319, 320, -1,
      262, 320, 261, -1,
      261, 320, 321, -1,
      261, 321, 260, -1,
      260, 321, 322, -1,
      260, 322, 259, -1,
      259, 322, 323, -1,
      259, 323, 258, -1,
      258, 323, 324, -1,
      258, 324, 257, -1,
      257, 324, 325, -1,
      257, 325, 256, -1,
      256, 325, 326, -1,
      256, 326, 255, -1,
      255, 326, 327, -1,
      255, 327, 254, -1,
      254, 327, 328, -1,
      254, 328, 253, -1,
      253, 328, 329, -1,
      253, 329, 252, -1,
      252, 329, 330, -1,
      252, 330, 251, -1,
      251, 330, 331, -1,
      251, 331, 250, -1,
      250, 331, 332, -1,
      250, 332, 249, -1,
      249, 332, 333, -1,
      249, 333, 248, -1,
      248, 333, 334, -1,
      248, 334, 247, -1,
      247, 334, 335, -1,
      247, 335, 246, -1,
      246, 335, 336, -1,
      246, 336, 245, -1,
      245, 336, 337, -1,
      245, 337, 244, -1,
      244, 337, 338, -1,
      244, 338, 243, -1,
      243, 338, 339, -1,
      243, 339, 242, -1,
      242, 339, 340, -1,
      242, 340, 241, -1,
      241, 340, 341, -1,
      241, 341, 240, -1,
      240, 341, 342, -1,
      240, 342, 239, -1,
      239, 342, 343, -1,
      239, 343, 238, -1,
      238, 343, 344, -1,
      238, 344, 237, -1,
      237, 344, 345, -1,
      237, 345, 236, -1,
      236, 345, 346, -1,
      236, 346, 235, -1,
      235, 346, 347, -1,
      235, 347, 234, -1,
      234, 347, 348, -1,
      234, 348, 233, -1,
      233, 348, 349, -1,
      233, 349, 232, -1,
      232, 349, 350, -1,
      232, 350, 231, -1,
      231, 350, 351, -1,
      231, 351, 230, -1,
      230, 351, 352, -1,
      230, 352, 229, -1,
      229, 352, 353, -1,
      229, 353, 228, -1,
      228, 353, 354, -1,
      228, 354, 227, -1,
      227, 354, 355, -1,
      227, 355, 226, -1,
      226, 355, 356, -1,
      226, 356, 225, -1,
      225, 356, 357, -1,
      225, 357, 224, -1,
      224, 357, 358, -1,
      224, 358, 223, -1,
      223, 358, 359, -1,
      223, 359, 222, -1,
      222, 359, 360, -1,
      222, 360, 221, -1,
      221, 360, 361, -1,
      221, 361, 220, -1,
      220, 361, 362, -1,
      220, 362, 218, -1,
      218, 362, 363, -1,
      218, 363, 219, -1,
      219, 363, 364, -1,
      219, 364, 291, -1,
      291, 364, 365, -1,
      291, 365, 290, -1,
      290, 365, 292, -1,
      292, 366, 293, -1,
      293, 366, 367, -1,
      293, 367, 294, -1,
      294, 367, 368, -1,
      294, 368, 295, -1,
      295, 368, 369, -1,
      295, 369, 296, -1,
      296, 369, 370, -1,
      296, 370, 297, -1,
      297, 370, 371, -1,
      297, 371, 298, -1,
      298, 371, 372, -1,
      298, 372, 299, -1,
      299, 372, 373, -1,
      299, 373, 300, -1,
      300, 373, 374, -1,
      300, 374, 301, -1,
      301, 374, 375, -1,
      301, 375, 302, -1,
      302, 375, 376, -1,
      302, 376, 303, -1,
      303, 376, 377, -1,
      303, 377, 304, -1,
      304, 377, 378, -1,
      304, 378, 305, -1,
      305, 378, 379, -1,
      305, 379, 306, -1,
      306, 379, 380, -1,
      306, 380, 307, -1,
      307, 380, 381, -1,
      307, 381, 308, -1,
      308, 381, 382, -1,
      308, 382, 309, -1,
      309, 382, 383, -1,
      309, 383, 310, -1,
      310, 383, 384, -1,
      310, 384, 311, -1,
      311, 384, 385, -1,
      311, 385, 312, -1,
      312, 385, 386, -1,
      312, 386, 313, -1,
      313, 386, 387, -1,
      313, 387, 314, -1,
      314, 387, 388, -1,
      314, 388, 315, -1,
      315, 388, 389, -1,
      315, 389, 316, -1,
      316, 389, 390, -1,
      316, 390, 317, -1,
      317, 390, 391, -1,
      317, 391, 318, -1,
      318, 391, 392, -1,
      318, 392, 319, -1,
      319, 392, 393, -1,
      319, 393, 320, -1,
      320, 393, 394, -1,
      320, 394, 321, -1,
      321, 394, 395, -1,
      321, 395, 322, -1,
      322, 395, 396, -1,
      322, 396, 323, -1,
      323, 396, 397, -1,
      323, 397, 324, -1,
      324, 397, 398, -1,
      324, 398, 325, -1,
      325, 398, 399, -1,
      325, 399, 326, -1,
      326, 399, 400, -1,
      326, 400, 327, -1,
      327, 400, 401, -1,
      327, 401, 328, -1,
      328, 401, 402, -1,
      328, 402, 329, -1,
      329, 402, 403, -1,
      329, 403, 330, -1,
      330, 403, 404, -1,
      330, 404, 331, -1,
      331, 404, 405, -1,
      331, 405, 332, -1,
      332, 405, 406, -1,
      332, 406, 333, -1,
      333, 406, 407, -1,
      333, 407, 334, -1,
      334, 407, 408, -1,
      334, 408, 335, -1,
      335, 408, 409, -1,
      335, 409, 336, -1,
      336, 409, 410, -1,
      336, 410, 337, -1,
      337, 410, 411, -1,
      337, 411, 338, -1,
      338, 411, 412, -1,
      338, 412, 339, -1,
      339, 412, 413, -1,
      339, 413, 340, -1,
      340, 413, 414, -1,
      340, 414, 341, -1,
      341, 414, 415, -1,
      341, 415, 342, -1,
      342, 415, 416, -1,
      342, 416, 343, -1,
      343, 416, 417, -1,
      343, 417, 344, -1,
      344, 417, 418, -1,
      344, 418, 345, -1,
      345, 418, 419, -1,
      345, 419, 346, -1,
      346, 419, 420, -1,
      346, 420, 347, -1,
      347, 420, 421, -1,
      347, 421, 348, -1,
      348, 421, 422, -1,
      348, 422, 349, -1,
      349, 422, 423, -1,
      349, 423, 350, -1,
      350, 423, 424, -1,
      350, 424, 351, -1,
      351, 424, 425, -1,
      351, 425, 352, -1,
      352, 425, 426, -1,
      352, 426, 353, -1,
      353, 426, 427, -1,
      353, 427, 354, -1,
      354, 427, 428, -1,
      354, 428, 355, -1,
      355, 428, 429, -1,
      355, 429, 356, -1,
      356, 429, 430, -1,
      356, 430, 357, -1,
      357, 430, 431, -1,
      357, 431, 358, -1,
      358, 431, 432, -1,
      358, 432, 359, -1,
      359, 432, 433, -1,
      359, 433, 360, -1,
      360, 433, 434, -1,
      360, 434, 361, -1,
      361, 434, 435, -1,
      361, 435, 362, -1,
      362, 435, 436, -1,
      362, 436, 363, -1,
      363, 436, 437, -1,
      363, 437, 364, -1,
      364, 437, 438, -1,
      364, 438, 365, -1,
      365, 438, 439, -1,
      365, 439, 292, -1,
      292, 439, 366, -1,
      366, 440, 367, -1,
      367, 440, 441, -1,
      367, 441, 368, -1,
      368, 441, 442, -1,
      368, 442, 369, -1,
      369, 442, 443, -1,
      369, 443, 370, -1,
      370, 443, 444, -1,
      370, 444, 371, -1,
      371, 444, 445, -1,
      371, 445, 372, -1,
      372, 445, 446, -1,
      372, 446, 373, -1,
      373, 446, 447, -1,
      373, 447, 374, -1,
      374, 447, 448, -1,
      374, 448, 375, -1,
      375, 448, 449, -1,
      375, 449, 376, -1,
      376, 449, 450, -1,
      376, 450, 377, -1,
      377, 450, 451, -1,
      377, 451, 378, -1,
      378, 451, 452, -1,
      378, 452, 379, -1,
      379, 452, 453, -1,
      379, 453, 380, -1,
      380, 453, 454, -1,
      380, 454, 381, -1,
      381, 454, 455, -1,
      381, 455, 382, -1,
      382, 455, 456, -1,
      382, 456, 383, -1,
      383, 456, 457, -1,
      383, 457, 384, -1,
      384, 457, 458, -1,
      384, 458, 385, -1,
      385, 458, 459, -1,
      385, 459, 386, -1,
      386, 459, 460, -1,
      386, 460, 387, -1,
      387, 460, 461, -1,
      387, 461, 388, -1,
      388, 461, 462, -1,
      388, 462, 389, -1,
      389, 462, 463, -1,
      389, 463, 390, -1,
      390, 463, 464, -1,
      390, 464, 391, -1,
      391, 464, 465, -1,
      391, 465, 392, -1,
      392, 465, 466, -1,
      392, 466, 393, -1,
      393, 466, 467, -1,
      393, 467, 394, -1,
      394, 467, 468, -1,
      394, 468, 395, -1,
      395, 468, 469, -1,
      395, 469, 396, -1,
      396, 469, 470, -1,
      396, 470, 397, -1,
      397, 470, 471, -1,
      397, 471, 398, -1,
      398, 471, 472, -1,
      398, 472, 399, -1,
      399, 472, 473, -1,
      399, 473, 400, -1,
      400, 473, 474, -1,
      400, 474, 401, -1,
      401, 474, 475, -1,
      401, 475, 402, -1,
      402, 475, 476, -1,
      402, 476, 403, -1,
      403, 476, 477, -1,
      403, 477, 404, -1,
      404, 477, 478, -1,
      404, 478, 405, -1,
      405, 478, 479, -1,
      405, 479, 406, -1,
      406, 479, 480, -1,
      406, 480, 407, -1,
      407, 480, 481, -1,
      407, 481, 408, -1,
      408, 481, 482, -1,
      408, 482, 409, -1,
      409, 482, 483, -1,
      409, 483, 410, -1,
      410, 483, 484, -1,
      410, 484, 411, -1,
      411, 484, 485, -1,
      411, 485, 412, -1,
      412, 485, 486, -1,
      412, 486, 413, -1,
      413, 486, 487, -1,
      413, 487, 414, -1,
      414, 487, 488, -1,
      414, 488, 415, -1,
      415, 488, 489, -1,
      415, 489, 416, -1,
      416, 489, 490, -1,
      416, 490, 417, -1,
      417, 490, 491, -1,
      417, 491, 418, -1,
      418, 491, 492, -1,
      418, 492, 419, -1,
      419, 492, 493, -1,
      419, 493, 420, -1,
      420, 493, 494, -1,
      420, 494, 421, -1,
      421, 494, 495, -1,
      421, 495, 422, -1,
      422, 495, 496, -1,
      422, 496, 423, -1,
      423, 496, 497, -1,
      423, 497, 424, -1,
      424, 497, 498, -1,
      424, 498, 425, -1,
      425, 498, 499, -1,
      425, 499, 426, -1,
      426, 499, 500, -1,
      426, 500, 427, -1,
      427, 500, 501, -1,
      427, 501, 428, -1,
      428, 501, 502, -1,
      428, 502, 429, -1,
      429, 502, 503, -1,
      429, 503, 430, -1,
      430, 503, 504, -1,
      430, 504, 431, -1,
      431, 504, 505, -1,
      431, 505, 432, -1,
      432, 505, 506, -1,
      432, 506, 433, -1,
      433, 506, 507, -1,
      433, 507, 434, -1,
      434, 507, 508, -1,
      434, 508, 435, -1,
      435, 508, 509, -1,
      435, 509, 436, -1,
      436, 509, 510, -1,
      436, 510, 437, -1,
      437, 510, 511, -1,
      437, 511, 438, -1,
      438, 511, 512, -1,
      438, 512, 439, -1,
      439, 512, 513, -1,
      439, 513, 366, -1,
      366, 513, 440, -1,
      440, 514, 441, -1,
      441, 514, 515, -1,
      441, 515, 442, -1,
      442, 515, 516, -1,
      442, 516, 443, -1,
      443, 516, 517, -1,
      443, 517, 444, -1,
      444, 517, 518, -1,
      444, 518, 445, -1,
      445, 518, 519, -1,
      445, 519, 446, -1,
      446, 519, 520, -1,
      446, 520, 447, -1,
      447, 520, 521, -1,
      447, 521, 448, -1,
      448, 521, 522, -1,
      448, 522, 449, -1,
      449, 522, 523, -1,
      449, 523, 450, -1,
      450, 523, 524, -1,
      450, 524, 451, -1,
      451, 524, 525, -1,
      451, 525, 452, -1,
      452, 525, 526, -1,
      452, 526, 453, -1,
      453, 526, 527, -1,
      453, 527, 454, -1,
      454, 527, 528, -1,
      454, 528, 455, -1,
      455, 528, 529, -1,
      455, 529, 456, -1,
      456, 529, 530, -1,
      456, 530, 457, -1,
      457, 530, 531, -1,
      457, 531, 458, -1,
      458, 531, 532, -1,
      458, 532, 459, -1,
      459, 532, 533, -1,
      459, 533, 460, -1,
      460, 533, 534, -1,
      460, 534, 461, -1,
      461, 534, 535, -1,
      461, 535, 462, -1,
      462, 535, 536, -1,
      462, 536, 463, -1,
      463, 536, 537, -1,
      463, 537, 464, -1,
      464, 537, 538, -1,
      464, 538, 465, -1,
      465, 538, 539, -1,
      465, 539, 466, -1,
      466, 539, 540, -1,
      466, 540, 467, -1,
      467, 540, 541, -1,
      467, 541, 468, -1,
      468, 541, 542, -1,
      468, 542, 469, -1,
      469, 542, 543, -1,
      469, 543, 470, -1,
      470, 543, 544, -1,
      470, 544, 471, -1,
      471, 544, 545, -1,
      471, 545, 472, -1,
      472, 545, 546, -1,
      472, 546, 473, -1,
      473, 546, 547, -1,
      473, 547, 474, -1,
      474, 547, 548, -1,
      474, 548, 475, -1,
      475, 548, 549, -1,
      475, 549, 476, -1,
      476, 549, 550, -1,
      476, 550, 477, -1,
      477, 550, 551, -1,
      477, 551, 478, -1,
      478, 551, 552, -1,
      478, 552, 479, -1,
      479, 552, 553, -1,
      479, 553, 480, -1,
      480, 553, 554, -1,
      480, 554, 481, -1,
      481, 554, 555, -1,
      481, 555, 482, -1,
      482, 555, 556, -1,
      482, 556, 483, -1,
      483, 556, 557, -1,
      483, 557, 484, -1,
      484, 557, 558, -1,
      484, 558, 485, -1,
      485, 558, 559, -1,
      485, 559, 486, -1,
      486, 559, 560, -1,
      486, 560, 487, -1,
      487, 560, 561, -1,
      487, 561, 488, -1,
      488, 561, 562, -1,
      488, 562, 489, -1,
      489, 562, 563, -1,
      489, 563, 490, -1,
      490, 563, 564, -1,
      490, 564, 491, -1,
      491, 564, 565, -1,
      491, 565, 492, -1,
      492, 565, 566, -1,
      492, 566, 493, -1,
      493, 566, 567, -1,
      493, 567, 494, -1,
      494, 567, 568, -1,
      494, 568, 495, -1,
      495, 568, 569, -1,
      495, 569, 496, -1,
      496, 569, 570, -1,
      496, 570, 497, -1,
      497, 570, 571, -1,
      497, 571, 498, -1,
      498, 571, 572, -1,
      498, 572, 499, -1,
      499, 572, 573, -1,
      499, 573, 500, -1,
      500, 573, 574, -1,
      500, 574, 501, -1,
      501, 574, 575, -1,
      501, 575, 502, -1,
      502, 575, 576, -1,
      502, 576, 503, -1,
      503, 576, 577, -1,
      503, 577, 504, -1,
      504, 577, 578, -1,
      504, 578, 505, -1,
      505, 578, 579, -1,
      505, 579, 506, -1,
      506, 579, 580, -1,
      506, 580, 507, -1,
      507, 580, 581, -1,
      507, 581, 508, -1,
      508, 581, 582, -1,
      508, 582, 509, -1,
      509, 582, 583, -1,
      509, 583, 510, -1,
      510, 583, 584, -1,
      510, 584, 511, -1,
      511, 584, 585, -1,
      511, 585, 512, -1,
      512, 585, 586, -1,
      512, 586, 513, -1,
      513, 586, 587, -1,
      513, 587, 440, -1,
      440, 587, 514, -1,
      514, 192, 515, -1,
      515, 192, 161, -1,
      515, 161, 516, -1,
      516, 161, 160, -1,
      516, 160, 517, -1,
      517, 160, 159, -1,
      517, 159, 518, -1,
      518, 159, 156, -1,
      518, 156, 519, -1,
      519, 156, 155, -1,
      519, 155, 520, -1,
      520, 155, 154, -1,
      520, 154, 521, -1,
      521, 154, 153, -1,
      521, 153, 522, -1,
      522, 153, 152, -1,
      522, 152, 523, -1,
      523, 152, 151, -1,
      523, 151, 524, -1,
      524, 151, 146, -1,
      524, 146, 525, -1,
      525, 146, 145, -1,
      525, 145, 526, -1,
      526, 145, 144, -1,
      526, 144, 527, -1,
      527, 144, 150, -1,
      527, 150, 528, -1,
      528, 150, 149, -1,
      528, 149, 529, -1,
      529, 149, 148, -1,
      529, 148, 530, -1,
      530, 148, 147, -1,
      530, 147, 531, -1,
      531, 147, 217, -1,
      531, 217, 532, -1,
      532, 217, 216, -1,
      532, 216, 533, -1,
      533, 216, 215, -1,
      533, 215, 534, -1,
      534, 215, 205, -1,
      534, 205, 535, -1,
      535, 205, 204, -1,
      535, 204, 536, -1,
      536, 204, 203, -1,
      536, 203, 537, -1,
      537, 203, 202, -1,
      537, 202, 538, -1,
      538, 202, 211, -1,
      538, 211, 539, -1,
      539, 211, 210, -1,
      539, 210, 540, -1,
      540, 210, 209, -1,
      540, 209, 541, -1,
      541, 209, 208, -1,
      541, 208, 542, -1,
      542, 208, 182, -1,
      542, 182, 543, -1,
      543, 182, 181, -1,
      543, 181, 544, -1,
      544, 181, 180, -1,
      544, 180, 545, -1,
      545, 180, 165, -1,
      545, 165, 546, -1,
      546, 165, 164, -1,
      546, 164, 547, -1,
      547, 164, 163, -1,
      547, 163, 548, -1,
      548, 163, 162, -1,
      548, 162, 549, -1,
      549, 162, 179, -1,
      549, 179, 550, -1,
      550, 179, 178, -1,
      550, 178, 551, -1,
      551, 178, 177, -1,
      551, 177, 552, -1,
      552, 177, 176, -1,
      552, 176, 553, -1,
      553, 176, 175, -1,
      553, 175, 554, -1,
      554, 175, 174, -1,
      554, 174, 555, -1,
      555, 174, 173, -1,
      555, 173, 556, -1,
      556, 173, 207, -1,
      556, 207, 557, -1,
      557, 207, 206, -1,
      557, 206, 558, -1,
      558, 206, 172, -1,
      558, 172, 559, -1,
      559, 172, 171, -1,
      559, 171, 560, -1,
      560, 171, 170, -1,
      560, 170, 561, -1,
      561, 170, 214, -1,
      561, 214, 562, -1,
      562, 214, 213, -1,
      562, 213, 563, -1,
      563, 213, 212, -1,
      563, 212, 564, -1,
      564, 212, 191, -1,
      564, 191, 565, -1,
      565, 191, 190, -1,
      565, 190, 566, -1,
      566, 190, 189, -1,
      566, 189, 567, -1,
      567, 189, 157, -1,
      567, 157, 568, -1,
      568, 157, 158, -1,
      568, 158, 569, -1,
      569, 158, 188, -1,
      569, 188, 570, -1,
      570, 188, 187, -1,
      570, 187, 571, -1,
      571, 187, 186, -1,
      571, 186, 572, -1,
      572, 186, 185, -1,
      572, 185, 573, -1,
      573, 185, 184, -1,
      573, 184, 574, -1,
      574, 184, 183, -1,
      574, 183, 575, -1,
      575, 183, 201, -1,
      575, 201, 576, -1,
      576, 201, 200, -1,
      576, 200, 577, -1,
      577, 200, 199, -1,
      577, 199, 578, -1,
      578, 199, 198, -1,
      578, 198, 579, -1,
      579, 198, 197, -1,
      579, 197, 580, -1,
      580, 197, 196, -1,
      580, 196, 581, -1,
      581, 196, 195, -1,
      581, 195, 582, -1,
      582, 195, 169, -1,
      582, 169, 583, -1,
      583, 169, 168, -1,
      583, 168, 584, -1,
      584, 168, 167, -1,
      584, 167, 585, -1,
      585, 167, 166, -1,
      585, 166, 586, -1,
      586, 166, 194, -1,
      586, 194, 587, -1,
      587, 194, 193, -1,
      587, 193, 514, -1,
      514, 193, 192, -1,
    ]
  }
}

Shape {
  appearance Appearance {
    material Material {
      diffuseColor 0.9882 0.7373 0.5176
      specularColor 0.4941 0.3686 0.2588
      ambientIntensity 0.2
      transparency 0.0000
      shininess 0.5
    }
  }
  geometry IndexedFaceSet {
    ccw TRUE
    solid FALSE
    coord DEF co Coordinate {
      point [
        0.640190 0.628113 0.307930,
        0.639729 0.628575 0.308093,
        0.634896 0.633417 0.309795,
        0.632445 0.635874 0.310658,
        0.629930 0.638246 0.310556,
        -0.619653 0.648382 0.307930,
        -0.620114 0.647920 0.308093,
        -0.624946 0.643078 0.309795,
        -0.627398 0.640622 0.310658,
        -0.629912 0.638249 0.310556,
        -0.634027 0.634367 0.310388,
        -0.634965 0.633415 0.310014,
        -0.639733 0.628576 0.308112,
        -0.640190 0.628113 0.307930,
        0.626995 0.641015 0.310436,
        0.625816 0.642128 0.310388,
        0.624878 0.643080 0.310014,
        0.620109 0.647919 0.308112,
        0.619653 0.648382 0.307930,
        -0.610907 0.659284 0.296231,
        -0.612874 0.656076 0.300978,
        -0.616435 0.652034 0.304631,
        -0.617963 0.664115 0.275499,
        -0.616002 0.664619 0.277216,
        -0.624826 0.660517 0.272121,
        -0.622462 0.662045 0.272919,
        -0.620079 0.663287 0.274088,
        -0.614299 0.664796 0.279158,
        -0.612874 0.664684 0.281293,
        -0.611730 0.664307 0.283614,
        -0.610907 0.663698 0.286041,
        -0.610402 0.662865 0.288588,
        -0.610376 0.662710 0.288978,
        -0.610236 0.661852 0.291136,
        -0.629921 0.656269 0.271451,
        -0.631047 0.655044 0.271599,
        -0.628795 0.657208 0.271599,
        -0.649424 0.624747 0.288463,
        -0.648935 0.626567 0.286041,
        -0.646969 0.631546 0.281293,
        -0.643841 0.637687 0.277216,
        -0.639764 0.644321 0.274088,
        -0.635016 0.650726 0.272121,
        -0.649467 0.622464 0.293303,
        -0.649606 0.623256 0.291136,
        -0.649459 0.624459 0.288979,
        -0.648872 0.621893 0.296418,
        -0.648935 0.621888 0.296231,
        -0.649445 0.622338 0.293649,
        -0.645497 0.623482 0.303173,
        -0.643642 0.625101 0.304836,
        -0.646969 0.622480 0.300978,
        -0.648099 0.621950 0.298691,
        0.643407 0.625440 0.304631,
        0.646969 0.622480 0.300978,
        0.649468 0.622465 0.293300,
        0.649446 0.622339 0.293644,
        0.648935 0.621888 0.296231,
        0.648872 0.621893 0.296419,
        0.648102 0.621950 0.298682,
        0.649606 0.623256 0.291136,
        0.649459 0.624459 0.288979,
        0.639764 0.644321 0.274088,
        0.643841 0.637687 0.277216,
        0.646969 0.631546 0.281293,
        0.648935 0.626567 0.286041,
        0.649424 0.624750 0.288459,
        0.628795 0.657208 0.271599,
        0.629921 0.656269 0.271451,
        0.631047 0.655044 0.271599,
        0.635016 0.650726 0.272121,
        0.610400 0.662859 0.288603,
        0.610907 0.663698 0.286041,
        0.611724 0.664304 0.283628,
        0.612874 0.664684 0.281293,
        0.614300 0.664796 0.279157,
        0.616002 0.664619 0.277216,
        0.617965 0.664115 0.275498,
        0.620079 0.663287 0.274088,
        0.622451 0.662051 0.272923,
        0.624826 0.660517 0.272121,
        0.612874 0.656076 0.300978,
        0.616435 0.652034 0.304631,
        0.610907 0.659284 0.296231,
        0.610236 0.661852 0.291136,
        0.610376 0.662710 0.288978,
        -0.635016 0.845733 0.310150,
        -0.639764 0.845733 0.308183,
        -0.616002 0.845733 0.305055,
        -0.620079 0.845733 0.308183,
        -0.624826 0.845733 0.310150,
        -0.629921 0.845733 0.310821,
        -0.643841 0.845733 0.305055,
        -0.646969 0.845733 0.300978,
        -0.649606 0.845733 0.291136,
        -0.648935 0.845733 0.296231,
        -0.648935 0.845733 0.286041,
        -0.646969 0.845733 0.281293,
        -0.643841 0.845733 0.277216,
        -0.639764 0.845733 0.274088,
        -0.635016 0.845733 0.272121,
        -0.629921 0.845733 0.271451,
        -0.624826 0.845733 0.272121,
        -0.620079 0.845733 0.274088,
        -0.616002 0.845733 0.277216,
        -0.610907 0.845733 0.286041,
        -0.612874 0.845733 0.281293,
        -0.610236 0.845733 0.291136,
        -0.612874 0.845733 0.300978,
        -0.610907 0.845733 0.296231,
        -0.639764 0.826772 0.023743,
        -0.635016 0.826772 0.021777,
        -0.629921 0.826772 0.040791,
        -0.629921 0.826772 0.021106,
        -0.624826 0.826772 0.021777,
        -0.648935 0.826772 0.035696,
        -0.646969 0.826772 0.030949,
        -0.643841 0.826772 0.026872,
        -0.646969 0.826772 0.050634,
        -0.648935 0.826772 0.045886,
        -0.649606 0.826772 0.040791,
        -0.635016 0.826772 0.059806,
        -0.639764 0.826772 0.057839,
        -0.643841 0.826772 0.054711,
        -0.620079 0.826772 0.057839,
        -0.624826 0.826772 0.059806,
        -0.629921 0.826772 0.060476,
        -0.610907 0.826772 0.045886,
        -0.612874 0.826772 0.050634,
        -0.616002 0.826772 0.054711,
        -0.612874 0.826772 0.030949,
        -0.610907 0.826772 0.035696,
        -0.610236 0.826772 0.040791,
        -0.620079 0.826772 0.023743,
        -0.616002 0.826772 0.026872,
        -0.629921 0.845733 0.060476,
        -0.624826 0.845733 0.059806,
        -0.620079 0.845733 0.057839,
        -0.616002 0.845733 0.054711,
        -0.612874 0.845733 0.050634,
        -0.610907 0.845733 0.045886,
        -0.610236 0.845733 0.040791,
        -0.610907 0.845733 0.035696,
        -0.612874 0.845733 0.030949,
        -0.616002 0.845733 0.026872,
        -0.620079 0.845733 0.023743,
        -0.624826 0.845733 0.021777,
        -0.629921 0.845733 0.021106,
        -0.635016 0.845733 0.021777,
        -0.639764 0.845733 0.023743,
        -0.643841 0.845733 0.026872,
        -0.646969 0.845733 0.030949,
        -0.648935 0.845733 0.035696,
        -0.649606 0.845733 0.040791,
        -0.648935 0.845733 0.045886,
        -0.646969 0.845733 0.050634,
        -0.643841 0.845733 0.054711,
        -0.639764 0.845733 0.057839,
        -0.635016 0.845733 0.059806,
        -0.629921 0.865419 0.080161,
        -0.629921 0.864748 0.075067,
        -0.624826 0.866089 0.080161,
        -0.624826 0.865396 0.074893,
        -0.620079 0.868056 0.080161,
        -0.620079 0.867295 0.074384,
        -0.616002 0.871184 0.080161,
        -0.616002 0.870317 0.073574,
        -0.612874 0.875261 0.080161,
        -0.612874 0.874255 0.072519,
        -0.610907 0.880009 0.080161,
        -0.610907 0.878841 0.071290,
        -0.610236 0.885104 0.080161,
        -0.610236 0.883762 0.069972,
        -0.610907 0.890198 0.080161,
        -0.610907 0.888683 0.068653,
        -0.612874 0.894946 0.080161,
        -0.612874 0.893269 0.067424,
        -0.616002 0.899023 0.080161,
        -0.616002 0.897207 0.066369,
        -0.620079 0.902151 0.080161,
        -0.620079 0.900229 0.065559,
        -0.624826 0.904118 0.080161,
        -0.624826 0.902128 0.065050,
        -0.629921 0.904789 0.080161,
        -0.629921 0.902776 0.064877,
        -0.635016 0.904118 0.080161,
        -0.635016 0.902128 0.065050,
        -0.639764 0.902151 0.080161,
        -0.639764 0.900229 0.065559,
        -0.643841 0.899023 0.080161,
        -0.643841 0.897207 0.066369,
        -0.646969 0.894946 0.080161,
        -0.646969 0.893269 0.067424,
        -0.648935 0.890198 0.080161,
        -0.648935 0.888683 0.068653,
        -0.649606 0.885104 0.080161,
        -0.649606 0.883762 0.069972,
        -0.648935 0.880009 0.080161,
        -0.648935 0.878841 0.071290,
        -0.646969 0.875261 0.080161,
        -0.646969 0.874255 0.072519,
        -0.643841 0.871184 0.080161,
        -0.643841 0.870317 0.073574,
        -0.639764 0.868056 0.080161,
        -0.639764 0.867295 0.074384,
        -0.635016 0.866089 0.080161,
        -0.635016 0.865396 0.074893,
        -0.629921 0.862781 0.070319,
        -0.624826 0.863362 0.069983,
        -0.620079 0.865065 0.069000,
        -0.616002 0.867774 0.067436,
        -0.612874 0.871305 0.065398,
        -0.610907 0.875417 0.063024,
        -0.610236 0.879829 0.060476,
        -0.610907 0.884241 0.057929,
        -0.612874 0.888353 0.055555,
        -0.616002 0.891883 0.053517,
        -0.620079 0.894593 0.051952,
        -0.624826 0.896296 0.050969,
        -0.629921 0.896876 0.050634,
        -0.635016 0.896296 0.050969,
        -0.639764 0.894593 0.051952,
        -0.643841 0.891883 0.053517,
        -0.646969 0.888353 0.055555,
        -0.648935 0.884241 0.057929,
        -0.649606 0.879829 0.060476,
        -0.648935 0.875417 0.063024,
        -0.646969 0.871305 0.065398,
        -0.643841 0.867774 0.067436,
        -0.639764 0.865065 0.069000,
        -0.635016 0.863362 0.069983,
        -0.629921 0.859653 0.066242,
        -0.624826 0.860127 0.065768,
        -0.620079 0.861518 0.064377,
        -0.616002 0.863730 0.062165,
        -0.612874 0.866612 0.059282,
        -0.610907 0.869970 0.055925,
        -0.610236 0.873572 0.052322,
        -0.610907 0.877175 0.048720,
        -0.612874 0.880532 0.045363,
        -0.616002 0.883415 0.042480,
        -0.620079 0.885627 0.040268,
        -0.624826 0.887017 0.038877,
        -0.629921 0.887492 0.038403,
        -0.635016 0.887017 0.038877,
        -0.639764 0.885627 0.040268,
        -0.643841 0.883415 0.042480,
        -0.646969 0.880532 0.045363,
        -0.648935 0.877175 0.048720,
        -0.649606 0.873572 0.052322,
        -0.648935 0.869970 0.055925,
        -0.646969 0.866612 0.059282,
        -0.643841 0.863730 0.062165,
        -0.639764 0.861518 0.064377,
        -0.635016 0.860127 0.065768,
        -0.629921 0.855576 0.063113,
        -0.624826 0.855911 0.062533,
        -0.620079 0.856894 0.060830,
        -0.616002 0.858459 0.058120,
        -0.612874 0.860497 0.054590,
        -0.610907 0.862871 0.050478,
        -0.610236 0.865419 0.046066,
        -0.610907 0.867966 0.041654,
        -0.612874 0.870340 0.037542,
        -0.616002 0.872378 0.034011,
        -0.620079 0.873942 0.031302,
        -0.624826 0.874926 0.029599,
        -0.629921 0.875261 0.029018,
        -0.635016 0.874926 0.029599,
        -0.639764 0.873942 0.031302,
        -0.643841 0.872378 0.034011,
        -0.646969 0.870340 0.037542,
        -0.648935 0.867966 0.041654,
        -0.649606 0.865419 0.046066,
        -0.648935 0.862871 0.050478,
        -0.646969 0.860497 0.054590,
        -0.643841 0.858459 0.058120,
        -0.639764 0.856894 0.060830,
        -0.635016 0.855911 0.062533,
        -0.629921 0.850828 0.061147,
        -0.624826 0.851002 0.060499,
        -0.620079 0.851511 0.058600,
        -0.616002 0.852320 0.055578,
        -0.612874 0.853376 0.051640,
        -0.610907 0.854604 0.047054,
        -0.610236 0.855923 0.042133,
        -0.610907 0.857242 0.037211,
        -0.612874 0.858470 0.032626,
        -0.616002 0.859526 0.028687,
        -0.620079 0.860335 0.025666,
        -0.624826 0.860844 0.023766,
        -0.629921 0.861018 0.023119,
        -0.635016 0.860844 0.023766,
        -0.639764 0.860335 0.025666,
        -0.643841 0.859526 0.028687,
        -0.646969 0.858470 0.032626,
        -0.648935 0.857242 0.037211,
        -0.649606 0.855923 0.042133,
        -0.648935 0.854604 0.047054,
        -0.646969 0.853376 0.051640,
        -0.643841 0.852320 0.055578,
        -0.639764 0.851511 0.058600,
        -0.635016 0.851002 0.060499,
        -0.629921 0.865419 0.251766,
        -0.624826 0.866089 0.251766,
        -0.620079 0.868056 0.251766,
        -0.616002 0.871184 0.251766,
        -0.612874 0.875261 0.251766,
        -0.610907 0.880009 0.251766,
        -0.610236 0.885104 0.251766,
        -0.610907 0.890198 0.251766,
        -0.612874 0.894946 0.251766,
        -0.616002 0.899023 0.251766,
        -0.620079 0.902151 0.251766,
        -0.624826 0.904118 0.251766,
        -0.629921 0.904789 0.251766,
        -0.635016 0.904118 0.251766,
        -0.639764 0.902151 0.251766,
        -0.643841 0.899023 0.251766,
        -0.646969 0.894946 0.251766,
        -0.648935 0.890198 0.251766,
        -0.649606 0.885104 0.251766,
        -0.648935 0.880009 0.251766,
        -0.646969 0.875261 0.251766,
        -0.643841 0.871184 0.251766,
        -0.639764 0.868056 0.251766,
        -0.635016 0.866089 0.251766,
        -0.629921 0.850828 0.270780,
        -0.624826 0.851002 0.271428,
        -0.620079 0.851511 0.273327,
        -0.616002 0.852320 0.276349,
        -0.612874 0.853376 0.280287,
        -0.610907 0.854604 0.284873,
        -0.610236 0.855923 0.289794,
        -0.610907 0.857242 0.294715,
        -0.612874 0.858470 0.299301,
        -0.616002 0.859526 0.303239,
        -0.620079 0.860335 0.306261,
        -0.624826 0.860844 0.308161,
        -0.629921 0.861018 0.308809,
        -0.635016 0.860844 0.308161,
        -0.639764 0.860335 0.306261,
        -0.643841 0.859526 0.303239,
        -0.646969 0.858470 0.299301,
        -0.648935 0.857242 0.294715,
        -0.649606 0.855923 0.289794,
        -0.648935 0.854604 0.284873,
        -0.646969 0.853376 0.280287,
        -0.643841 0.852320 0.276349,
        -0.639764 0.851511 0.273327,
        -0.635016 0.851002 0.271428,
        -0.629921 0.855576 0.268813,
        -0.624826 0.855911 0.269394,
        -0.620079 0.856894 0.271097,
        -0.616002 0.858459 0.273807,
        -0.612874 0.860497 0.277337,
        -0.610907 0.862871 0.281449,
        -0.610236 0.865419 0.285861,
        -0.610907 0.867966 0.290273,
        -0.612874 0.870340 0.294385,
        -0.616002 0.872378 0.297916,
        -0.620079 0.873942 0.300625,
        -0.624826 0.874926 0.302328,
        -0.629921 0.875261 0.302909,
        -0.635016 0.874926 0.302328,
        -0.639764 0.873942 0.300625,
        -0.643841 0.872378 0.297916,
        -0.646969 0.870340 0.294385,
        -0.648935 0.867966 0.290273,
        -0.649606 0.865419 0.285861,
        -0.648935 0.862871 0.281449,
        -0.646969 0.860497 0.277337,
        -0.643841 0.858459 0.273807,
        -0.639764 0.856894 0.271097,
        -0.635016 0.855911 0.269394,
        -0.629921 0.859653 0.265685,
        -0.624826 0.860127 0.266159,
        -0.620079 0.861518 0.267550,
        -0.616002 0.863730 0.269762,
        -0.612874 0.866612 0.272645,
        -0.610907 0.869970 0.276002,
        -0.610236 0.873572 0.279604,
        -0.610907 0.877175 0.283207,
        -0.612874 0.880532 0.286564,
        -0.616002 0.883415 0.289447,
        -0.620079 0.885627 0.291659,
        -0.624826 0.887017 0.293050,
        -0.629921 0.887492 0.293524,
        -0.635016 0.887017 0.293050,
        -0.639764 0.885627 0.291659,
        -0.643841 0.883415 0.289447,
        -0.646969 0.880532 0.286564,
        -0.648935 0.877175 0.283207,
        -0.649606 0.873572 0.279604,
        -0.648935 0.869970 0.276002,
        -0.646969 0.866612 0.272645,
        -0.643841 0.863730 0.269762,
        -0.639764 0.861518 0.267550,
        -0.635016 0.860127 0.266159,
        -0.629921 0.862781 0.261608,
        -0.624826 0.863362 0.261944,
        -0.620079 0.865065 0.262927,
        -0.616002 0.867774 0.264491,
        -0.612874 0.871305 0.266530,
        -0.610907 0.875417 0.268903,
        -0.610236 0.879829 0.271451,
        -0.610907 0.884241 0.273998,
        -0.612874 0.888353 0.276372,
        -0.616002 0.891883 0.278410,
        -0.620079 0.894593 0.279974,
        -0.624826 0.896296 0.280958,
        -0.629921 0.896876 0.281293,
        -0.635016 0.896296 0.280958,
        -0.639764 0.894593 0.279974,
        -0.643841 0.891883 0.278410,
        -0.646969 0.888353 0.276372,
        -0.648935 0.884241 0.273998,
        -0.649606 0.879829 0.271451,
        -0.648935 0.875417 0.268903,
        -0.646969 0.871305 0.266530,
        -0.643841 0.867774 0.264491,
        -0.639764 0.865065 0.262927,
        -0.635016 0.863362 0.261944,
        -0.629921 0.864748 0.256861,
        -0.624826 0.865396 0.257034,
        -0.620079 0.867295 0.257543,
        -0.616002 0.870317 0.258353,
        -0.612874 0.874255 0.259408,
        -0.610907 0.878841 0.260637,
        -0.610236 0.883762 0.261956,
        -0.610907 0.888683 0.263274,
        -0.612874 0.893269 0.264503,
        -0.616002 0.897207 0.265558,
        -0.620079 0.900229 0.266368,
        -0.624826 0.902128 0.266877,
        -0.629921 0.902776 0.267050,
        -0.635016 0.902128 0.266877,
        -0.639764 0.900229 0.266368,
        -0.643841 0.897207 0.265558,
        -0.646969 0.893269 0.264503,
        -0.648935 0.888683 0.263274,
        -0.649606 0.883762 0.261956,
        -0.648935 0.878841 0.260637,
        -0.646969 0.874255 0.259408,
        -0.643841 0.870317 0.258353,
        -0.639764 0.867295 0.257543,
        -0.635016 0.865396 0.257034,
        0.610907 0.845733 0.286041,
        0.624826 0.845733 0.310150,
        0.620079 0.845733 0.308183,
        0.629921 0.845733 0.310821,
        0.643841 0.845733 0.305055,
        0.639764 0.845733 0.308183,
        0.635016 0.845733 0.310150,
        0.610236 0.845733 0.291136,
        0.610907 0.845733 0.296231,
        0.612874 0.845733 0.300978,
        0.616002 0.845733 0.305055,
        0.612874 0.845733 0.281293,
        0.616002 0.845733 0.277216,
        0.620079 0.845733 0.274088,
        0.624826 0.845733 0.272121,
        0.629921 0.845733 0.271451,
        0.635016 0.845733 0.272121,
        0.639764 0.845733 0.274088,
        0.643841 0.845733 0.277216,
        0.646969 0.845733 0.281293,
        0.648935 0.845733 0.286041,
        0.649606 0.845733 0.291136,
        0.648935 0.845733 0.296231,
        0.646969 0.845733 0.300978,
        0.620079 0.826772 0.023743,
        0.624826 0.826772 0.021777,
        0.629921 0.826772 0.040791,
        0.629921 0.826772 0.021106,
        0.635016 0.826772 0.021777,
        0.610907 0.826772 0.035696,
        0.612874 0.826772 0.030949,
        0.616002 0.826772 0.026872,
        0.612874 0.826772 0.050634,
        0.610907 0.826772 0.045886,
        0.610236 0.826772 0.040791,
        0.624826 0.826772 0.059806,
        0.620079 0.826772 0.057839,
        0.616002 0.826772 0.054711,
        0.639764 0.826772 0.057839,
        0.635016 0.826772 0.059806,
        0.629921 0.826772 0.060476,
        0.648935 0.826772 0.045886,
        0.646969 0.826772 0.050634,
        0.643841 0.826772 0.054711,
        0.646969 0.826772 0.030949,
        0.648935 0.826772 0.035696,
        0.649606 0.826772 0.040791,
        0.639764 0.826772 0.023743,
        0.643841 0.826772 0.026872,
        0.629921 0.845733 0.060476,
        0.635016 0.845733 0.059806,
        0.639764 0.845733 0.057839,
        0.643841 0.845733 0.054711,
        0.646969 0.845733 0.050634,
        0.648935 0.845733 0.045886,
        0.649606 0.845733 0.040791,
        0.648935 0.845733 0.035696,
        0.646969 0.845733 0.030949,
        0.643841 0.845733 0.026872,
        0.639764 0.845733 0.023743,
        0.635016 0.845733 0.021777,
        0.629921 0.845733 0.021106,
        0.624826 0.845733 0.021777,
        0.620079 0.845733 0.023743,
        0.616002 0.845733 0.026872,
        0.612874 0.845733 0.030949,
        0.610907 0.845733 0.035696,
        0.610236 0.845733 0.040791,
        0.610907 0.845733 0.045886,
        0.612874 0.845733 0.050634,
        0.616002 0.845733 0.054711,
        0.620079 0.845733 0.057839,
        0.624826 0.845733 0.059806,
        0.629921 0.865419 0.080161,
        0.629921 0.864748 0.075067,
        0.635016 0.866089 0.080161,
        0.635016 0.865396 0.074893,
        0.639764 0.868056 0.080161,
        0.639764 0.867295 0.074384,
        0.643841 0.871184 0.080161,
        0.643841 0.870317 0.073574,
        0.646969 0.875261 0.080161,
        0.646969 0.874255 0.072519,
        0.648935 0.880009 0.080161,
        0.648935 0.878841 0.071290,
        0.649606 0.885104 0.080161,
        0.649606 0.883762 0.069972,
        0.648935 0.890198 0.080161,
        0.648935 0.888683 0.068653,
        0.646969 0.894946 0.080161,
        0.646969 0.893269 0.067424,
        0.643841 0.899023 0.080161,
        0.643841 0.897207 0.066369,
        0.639764 0.902151 0.080161,
        0.639764 0.900229 0.065559,
        0.635016 0.904118 0.080161,
        0.635016 0.902128 0.065050,
        0.629921 0.904789 0.080161,
        0.629921 0.902776 0.064877,
        0.624826 0.904118 0.080161,
        0.624826 0.902128 0.065050,
        0.620079 0.902151 0.080161,
        0.620079 0.900229 0.065559,
        0.616002 0.899023 0.080161,
        0.616002 0.897207 0.066369,
        0.612874 0.894946 0.080161,
        0.612874 0.893269 0.067424,
        0.610907 0.890198 0.080161,
        0.610907 0.888683 0.068653,
        0.610236 0.885104 0.080161,
        0.610236 0.883762 0.069972,
        0.610907 0.880009 0.080161,
        0.610907 0.878841 0.071290,
        0.612874 0.875261 0.080161,
        0.612874 0.874255 0.072519,
        0.616002 0.871184 0.080161,
        0.616002 0.870317 0.073574,
        0.620079 0.868056 0.080161,
        0.620079 0.867295 0.074384,
        0.624826 0.866089 0.080161,
        0.624826 0.865396 0.074893,
        0.629921 0.862781 0.070319,
        0.635016 0.863362 0.069983,
        0.639764 0.865065 0.069000,
        0.643841 0.867774 0.067436,
        0.646969 0.871305 0.065398,
        0.648935 0.875417 0.063024,
        0.649606 0.879829 0.060476,
        0.648935 0.884241 0.057929,
        0.646969 0.888353 0.055555,
        0.643841 0.891883 0.053517,
        0.639764 0.894593 0.051952,
        0.635016 0.896296 0.050969,
        0.629921 0.896876 0.050634,
        0.624826 0.896296 0.050969,
        0.620079 0.894593 0.051952,
        0.616002 0.891883 0.053517,
        0.612874 0.888353 0.055555,
        0.610907 0.884241 0.057929,
        0.610236 0.879829 0.060476,
        0.610907 0.875417 0.063024,
        0.612874 0.871305 0.065398,
        0.616002 0.867774 0.067436,
        0.620079 0.865065 0.069000,
        0.624826 0.863362 0.069983,
        0.629921 0.859653 0.066242,
        0.635016 0.860127 0.065768,
        0.639764 0.861518 0.064377,
        0.643841 0.863730 0.062165,
        0.646969 0.866612 0.059282,
        0.648935 0.869970 0.055925,
        0.649606 0.873572 0.052322,
        0.648935 0.877175 0.048720,
        0.646969 0.880532 0.045363,
        0.643841 0.883415 0.042480,
        0.639764 0.885627 0.040268,
        0.635016 0.887017 0.038877,
        0.629921 0.887492 0.038403,
        0.624826 0.887017 0.038877,
        0.620079 0.885627 0.040268,
        0.616002 0.883415 0.042480,
        0.612874 0.880532 0.045363,
        0.610907 0.877175 0.048720,
        0.610236 0.873572 0.052322,
        0.610907 0.869970 0.055925,
        0.612874 0.866612 0.059282,
        0.616002 0.863730 0.062165,
        0.620079 0.861518 0.064377,
        0.624826 0.860127 0.065768,
        0.629921 0.855576 0.063113,
        0.635016 0.855911 0.062533,
        0.639764 0.856894 0.060830,
        0.643841 0.858459 0.058120,
        0.646969 0.860497 0.054590,
        0.648935 0.862871 0.050478,
        0.649606 0.865419 0.046066,
        0.648935 0.867966 0.041654,
        0.646969 0.870340 0.037542,
        0.643841 0.872378 0.034011,
        0.639764 0.873942 0.031302,
        0.635016 0.874926 0.029599,
        0.629921 0.875261 0.029018,
        0.624826 0.874926 0.029599,
        0.620079 0.873942 0.031302,
        0.616002 0.872378 0.034011,
        0.612874 0.870340 0.037542,
        0.610907 0.867966 0.041654,
        0.610236 0.865419 0.046066,
        0.610907 0.862871 0.050478,
        0.612874 0.860497 0.054590,
        0.616002 0.858459 0.058120,
        0.620079 0.856894 0.060830,
        0.624826 0.855911 0.062533,
        0.629921 0.850828 0.061147,
        0.635016 0.851002 0.060499,
        0.639764 0.851511 0.058600,
        0.643841 0.852320 0.055578,
        0.646969 0.853376 0.051640,
        0.648935 0.854604 0.047054,
        0.649606 0.855923 0.042133,
        0.648935 0.857242 0.037211,
        0.646969 0.858470 0.032626,
        0.643841 0.859526 0.028687,
        0.639764 0.860335 0.025666,
        0.635016 0.860844 0.023766,
        0.629921 0.861018 0.023119,
        0.624826 0.860844 0.023766,
        0.620079 0.860335 0.025666,
        0.616002 0.859526 0.028687,
        0.612874 0.858470 0.032626,
        0.610907 0.857242 0.037211,
        0.610236 0.855923 0.042133,
        0.610907 0.854604 0.047054,
        0.612874 0.853376 0.051640,
        0.616002 0.852320 0.055578,
        0.620079 0.851511 0.058600,
        0.624826 0.851002 0.060499,
        0.629921 0.865419 0.251766,
        0.635016 0.866089 0.251766,
        0.639764 0.868056 0.251766,
        0.643841 0.871184 0.251766,
        0.646969 0.875261 0.251766,
        0.648935 0.880009 0.251766,
        0.649606 0.885104 0.251766,
        0.648935 0.890198 0.251766,
        0.646969 0.894946 0.251766,
        0.643841 0.899023 0.251766,
        0.639764 0.902151 0.251766,
        0.635016 0.904118 0.251766,
        0.629921 0.904789 0.251766,
        0.624826 0.904118 0.251766,
        0.620079 0.902151 0.251766,
        0.616002 0.899023 0.251766,
        0.612874 0.894946 0.251766,
        0.610907 0.890198 0.251766,
        0.610236 0.885104 0.251766,
        0.610907 0.880009 0.251766,
        0.612874 0.875261 0.251766,
        0.616002 0.871184 0.251766,
        0.620079 0.868056 0.251766,
        0.624826 0.866089 0.251766,
        0.629921 0.850828 0.270780,
        0.635016 0.851002 0.271428,
        0.639764 0.851511 0.273327,
        0.643841 0.852320 0.276349,
        0.646969 0.853376 0.280287,
        0.648935 0.854604 0.284873,
        0.649606 0.855923 0.289794,
        0.648935 0.857242 0.294715,
        0.646969 0.858470 0.299301,
        0.643841 0.859526 0.303239,
        0.639764 0.860335 0.306261,
        0.635016 0.860844 0.308161,
        0.629921 0.861018 0.308809,
        0.624826 0.860844 0.308161,
        0.620079 0.860335 0.306261,
        0.616002 0.859526 0.303239,
        0.612874 0.858470 0.299301,
        0.610907 0.857242 0.294715,
        0.610236 0.855923 0.289794,
        0.610907 0.854604 0.284873,
        0.612874 0.853376 0.280287,
        0.616002 0.852320 0.276349,
        0.620079 0.851511 0.273327,
        0.624826 0.851002 0.271428,
        0.629921 0.855576 0.268813,
        0.635016 0.855911 0.269394,
        0.639764 0.856894 0.271097,
        0.643841 0.858459 0.273807,
        0.646969 0.860497 0.277337,
        0.648935 0.862871 0.281449,
        0.649606 0.865419 0.285861,
        0.648935 0.867966 0.290273,
        0.646969 0.870340 0.294385,
        0.643841 0.872378 0.297916,
        0.639764 0.873942 0.300625,
        0.635016 0.874926 0.302328,
        0.629921 0.875261 0.302909,
        0.624826 0.874926 0.302328,
        0.620079 0.873942 0.300625,
        0.616002 0.872378 0.297916,
        0.612874 0.870340 0.294385,
        0.610907 0.867966 0.290273,
        0.610236 0.865419 0.285861,
        0.610907 0.862871 0.281449,
        0.612874 0.860497 0.277337,
        0.616002 0.858459 0.273807,
        0.620079 0.856894 0.271097,
        0.624826 0.855911 0.269394,
        0.629921 0.859653 0.265685,
        0.635016 0.860127 0.266159,
        0.639764 0.861518 0.267550,
        0.643841 0.863730 0.269762,
        0.646969 0.866612 0.272645,
        0.648935 0.869970 0.276002,
        0.649606 0.873572 0.279604,
        0.648935 0.877175 0.283207,
        0.646969 0.880532 0.286564,
        0.643841 0.883415 0.289447,
        0.639764 0.885627 0.291659,
        0.635016 0.887017 0.293050,
        0.629921 0.887492 0.293524,
        0.624826 0.887017 0.293050,
        0.620079 0.885627 0.291659,
        0.616002 0.883415 0.289447,
        0.612874 0.880532 0.286564,
        0.610907 0.877175 0.283207,
        0.610236 0.873572 0.279604,
        0.610907 0.869970 0.276002,
        0.612874 0.866612 0.272645,
        0.616002 0.863730 0.269762,
        0.620079 0.861518 0.267550,
        0.624826 0.860127 0.266159,
        0.629921 0.862781 0.261608,
        0.635016 0.863362 0.261944,
        0.639764 0.865065 0.262927,
        0.643841 0.867774 0.264491,
        0.646969 0.871305 0.266530,
        0.648935 0.875417 0.268903,
        0.649606 0.879829 0.271451,
        0.648935 0.884241 0.273998,
        0.646969 0.888353 0.276372,
        0.643841 0.891883 0.278410,
        0.639764 0.894593 0.279974,
        0.635016 0.896296 0.280958,
        0.629921 0.896876 0.281293,
        0.624826 0.896296 0.280958,
        0.620079 0.894593 0.279974,
        0.616002 0.891883 0.278410,
        0.612874 0.888353 0.276372,
        0.610907 0.884241 0.273998,
        0.610236 0.879829 0.271451,
        0.610907 0.875417 0.268903,
        0.612874 0.871305 0.266530,
        0.616002 0.867774 0.264491,
        0.620079 0.865065 0.262927,
        0.624826 0.863362 0.261944,
        0.629921 0.864748 0.256861,
        0.635016 0.865396 0.257034,
        0.639764 0.867295 0.257543,
        0.643841 0.870317 0.258353,
        0.646969 0.874255 0.259408,
        0.648935 0.878841 0.260637,
        0.649606 0.883762 0.261956,
        0.648935 0.888683 0.263274,
        0.646969 0.893269 0.264503,
        0.643841 0.897207 0.265558,
        0.639764 0.900229 0.266368,
        0.635016 0.902128 0.266877,
        0.629921 0.902776 0.267050,
        0.624826 0.902128 0.266877,
        0.620079 0.900229 0.266368,
        0.616002 0.897207 0.265558,
        0.612874 0.893269 0.264503,
        0.610907 0.888683 0.263274,
        0.610236 0.883762 0.261956,
        0.610907 0.878841 0.260637,
        0.612874 0.874255 0.259408,
        0.616002 0.870317 0.258353,
        0.620079 0.867295 0.257543,
        0.624826 0.865396 0.257034,
      ]
    }
    coordIndex [
      11, 86, 87, -1,
      6, 5, 88, -1,
      88, 89, 6, -1,
      6, 89, 90, -1,
      6, 90, 7, -1,
      7, 90, 8, -1,
      8, 90, 91, -1,
      8, 91, 9, -1,
      86, 11, 91, -1,
      91, 11, 10, -1,
      91, 10, 9, -1,
      92, 13, 87, -1,
      87, 13, 12, -1,
      87, 12, 11, -1,
      52, 51, 93, -1,
      93, 51, 49, -1,
      93, 49, 92, -1,
      92, 49, 50, -1,
      92, 50, 13, -1,
      94, 44, 95, -1,
      95, 44, 43, -1,
      43, 48, 95, -1,
      95, 48, 47, -1,
      95, 47, 93, -1,
      93, 47, 46, -1,
      93, 46, 52, -1,
      38, 37, 94, -1,
      94, 37, 45, -1,
      94, 45, 44, -1,
      94, 96, 38, -1,
      38, 96, 97, -1,
      38, 97, 39, -1,
      39, 97, 98, -1,
      39, 98, 40, -1,
      40, 98, 99, -1,
      40, 99, 41, -1,
      41, 99, 100, -1,
      41, 100, 42, -1,
      101, 102, 24, -1,
      24, 36, 101, -1,
      101, 36, 34, -1,
      101, 34, 100, -1,
      100, 34, 35, -1,
      100, 35, 42, -1,
      103, 104, 23, -1,
      23, 22, 103, -1,
      103, 22, 26, -1,
      103, 26, 102, -1,
      102, 26, 25, -1,
      102, 25, 24, -1,
      105, 29, 106, -1,
      106, 29, 28, -1,
      106, 28, 104, -1,
      104, 28, 27, -1,
      104, 27, 23, -1,
      107, 31, 105, -1,
      105, 31, 30, -1,
      105, 30, 29, -1,
      5, 21, 88, -1,
      88, 21, 20, -1,
      88, 20, 108, -1,
      108, 20, 19, -1,
      108, 19, 109, -1,
      109, 19, 33, -1,
      109, 33, 107, -1,
      107, 33, 32, -1,
      107, 32, 31, -1,
      110, 111, 112, -1,
      112, 111, 113, -1,
      112, 113, 114, -1,
      115, 116, 112, -1,
      112, 116, 117, -1,
      112, 117, 110, -1,
      118, 119, 112, -1,
      112, 119, 120, -1,
      112, 120, 115, -1,
      121, 122, 112, -1,
      112, 122, 123, -1,
      112, 123, 118, -1,
      124, 125, 112, -1,
      112, 125, 126, -1,
      112, 126, 121, -1,
      127, 128, 112, -1,
      112, 128, 129, -1,
      112, 129, 124, -1,
      130, 131, 112, -1,
      112, 131, 132, -1,
      112, 132, 127, -1,
      114, 133, 112, -1,
      112, 133, 134, -1,
      112, 134, 130, -1,
      135, 125, 136, -1,
      136, 125, 124, -1,
      136, 124, 137, -1,
      137, 124, 129, -1,
      137, 129, 138, -1,
      138, 129, 128, -1,
      138, 128, 139, -1,
      139, 128, 127, -1,
      139, 127, 140, -1,
      140, 127, 132, -1,
      140, 132, 141, -1,
      141, 132, 131, -1,
      141, 131, 142, -1,
      142, 131, 130, -1,
      142, 130, 143, -1,
      143, 130, 134, -1,
      143, 134, 144, -1,
      144, 134, 133, -1,
      144, 133, 145, -1,
      145, 133, 114, -1,
      145, 114, 146, -1,
      146, 114, 113, -1,
      146, 113, 147, -1,
      147, 113, 111, -1,
      147, 111, 148, -1,
      148, 111, 110, -1,
      148, 110, 149, -1,
      149, 110, 117, -1,
      149, 117, 150, -1,
      150, 117, 116, -1,
      150, 116, 151, -1,
      151, 116, 115, -1,
      151, 115, 152, -1,
      152, 115, 120, -1,
      152, 120, 153, -1,
      153, 120, 119, -1,
      153, 119, 154, -1,
      154, 119, 118, -1,
      154, 118, 155, -1,
      155, 118, 123, -1,
      155, 123, 156, -1,
      156, 123, 122, -1,
      156, 122, 157, -1,
      157, 122, 121, -1,
      157, 121, 158, -1,
      158, 121, 126, -1,
      158, 126, 135, -1,
      135, 126, 125, -1,
      159, 160, 161, -1,
      161, 160, 162, -1,
      161, 162, 163, -1,
      163, 162, 164, -1,
      163, 164, 165, -1,
      165, 164, 166, -1,
      165, 166, 167, -1,
      167, 166, 168, -1,
      167, 168, 169, -1,
      169, 168, 170, -1,
      169, 170, 171, -1,
      171, 170, 172, -1,
      171, 172, 173, -1,
      173, 172, 174, -1,
      173, 174, 175, -1,
      175, 174, 176, -1,
      175, 176, 177, -1,
      177, 176, 178, -1,
      177, 178, 179, -1,
      179, 178, 180, -1,
      179, 180, 181, -1,
      181, 180, 182, -1,
      181, 182, 183, -1,
      183, 182, 184, -1,
      183, 184, 185, -1,
      185, 184, 186, -1,
      185, 186, 187, -1,
      187, 186, 188, -1,
      187, 188, 189, -1,
      189, 188, 190, -1,
      189, 190, 191, -1,
      191, 190, 192, -1,
      191, 192, 193, -1,
      193, 192, 194, -1,
      193, 194, 195, -1,
      195, 194, 196, -1,
      195, 196, 197, -1,
      197, 196, 198, -1,
      197, 198, 199, -1,
      199, 198, 200, -1,
      199, 200, 201, -1,
      201, 200, 202, -1,
      201, 202, 203, -1,
      203, 202, 204, -1,
      203, 204, 205, -1,
      205, 204, 206, -1,
      205, 206, 159, -1,
      159, 206, 160, -1,
      160, 207, 162, -1,
      162, 207, 208, -1,
      162, 208, 164, -1,
      164, 208, 209, -1,
      164, 209, 166, -1,
      166, 209, 210, -1,
      166, 210, 168, -1,
      168, 210, 211, -1,
      168, 211, 170, -1,
      170, 211, 212, -1,
      170, 212, 172, -1,
      172, 212, 213, -1,
      172, 213, 174, -1,
      174, 213, 214, -1,
      174, 214, 176, -1,
      176, 214, 215, -1,
      176, 215, 178, -1,
      178, 215, 216, -1,
      178, 216, 180, -1,
      180, 216, 217, -1,
      180, 217, 182, -1,
      182, 217, 218, -1,
      182, 218, 184, -1,
      184, 218, 219, -1,
      184, 219, 186, -1,
      186, 219, 220, -1,
      186, 220, 188, -1,
      188, 220, 221, -1,
      188, 221, 190, -1,
      190, 221, 222, -1,
      190, 222, 192, -1,
      192, 222, 223, -1,
      192, 223, 194, -1,
      194, 223, 224, -1,
      194, 224, 196, -1,
      196, 224, 225, -1,
      196, 225, 198, -1,
      198, 225, 226, -1,
      198, 226, 200, -1,
      200, 226, 227, -1,
      200, 227, 202, -1,
      202, 227, 228, -1,
      202, 228, 204, -1,
      204, 228, 229, -1,
      204, 229, 206, -1,
      206, 229, 230, -1,
      206, 230, 160, -1,
      160, 230, 207, -1,
      207, 231, 208, -1,
      208, 231, 232, -1,
      208, 232, 209, -1,
      209, 232, 233, -1,
      209, 233, 210, -1,
      210, 233, 234, -1,
      210, 234, 211, -1,
      211, 234, 235, -1,
      211, 235, 212, -1,
      212, 235, 236, -1,
      212, 236, 213, -1,
      213, 236, 237, -1,
      213, 237, 214, -1,
      214, 237, 238, -1,
      214, 238, 215, -1,
      215, 238, 239, -1,
      215, 239, 216, -1,
      216, 239, 240, -1,
      216, 240, 217, -1,
      217, 240, 241, -1,
      217, 241, 218, -1,
      218, 241, 242, -1,
      218, 242, 219, -1,
      219, 242, 243, -1,
      219, 243, 220, -1,
      220, 243, 244, -1,
      220, 244, 221, -1,
      221, 244, 245, -1,
      221, 245, 222, -1,
      222, 245, 246, -1,
      222, 246, 223, -1,
      223, 246, 247, -1,
      223, 247, 224, -1,
      224, 247, 248, -1,
      224, 248, 225, -1,
      225, 248, 249, -1,
      225, 249, 226, -1,
      226, 249, 250, -1,
      226, 250, 227, -1,
      227, 250, 251, -1,
      227, 251, 228, -1,
      228, 251, 252, -1,
      228, 252, 229, -1,
      229, 252, 253, -1,
      229, 253, 230, -1,
      230, 253, 254, -1,
      230, 254, 207, -1,
      207, 254, 231, -1,
      231, 255, 232, -1,
      232, 255, 256, -1,
      232, 256, 233, -1,
      233, 256, 257, -1,
      233, 257, 234, -1,
      234, 257, 258, -1,
      234, 258, 235, -1,
      235, 258, 259, -1,
      235, 259, 236, -1,
      236, 259, 260, -1,
      236, 260, 237, -1,
      237, 260, 261, -1,
      237, 261, 238, -1,
      238, 261, 262, -1,
      238, 262, 239, -1,
      239, 262, 263, -1,
      239, 263, 240, -1,
      240, 263, 264, -1,
      240, 264, 241, -1,
      241, 264, 265, -1,
      241, 265, 242, -1,
      242, 265, 266, -1,
      242, 266, 243, -1,
      243, 266, 267, -1,
      243, 267, 244, -1,
      244, 267, 268, -1,
      244, 268, 245, -1,
      245, 268, 269, -1,
      245, 269, 246, -1,
      246, 269, 270, -1,
      246, 270, 247, -1,
      247, 270, 271, -1,
      247, 271, 248, -1,
      248, 271, 272, -1,
      248, 272, 249, -1,
      249, 272, 273, -1,
      249, 273, 250, -1,
      250, 273, 274, -1,
      250, 274, 251, -1,
      251, 274, 275, -1,
      251, 275, 252, -1,
      252, 275, 276, -1,
      252, 276, 253, -1,
      253, 276, 277, -1,
      253, 277, 254, -1,
      254, 277, 278, -1,
      254, 278, 231, -1,
      231, 278, 255, -1,
      255, 279, 256, -1,
      256, 279, 280, -1,
      256, 280, 257, -1,
      257, 280, 281, -1,
      257, 281, 258, -1,
      258, 281, 282, -1,
      258, 282, 259, -1,
      259, 282, 283, -1,
      259, 283, 260, -1,
      260, 283, 284, -1,
      260, 284, 261, -1,
      261, 284, 285, -1,
      261, 285, 262, -1,
      262, 285, 286, -1,
      262, 286, 263, -1,
      263, 286, 287, -1,
      263, 287, 264, -1,
      264, 287, 288, -1,
      264, 288, 265, -1,
      265, 288, 289, -1,
      265, 289, 266, -1,
      266, 289, 290, -1,
      266, 290, 267, -1,
      267, 290, 291, -1,
      267, 291, 268, -1,
      268, 291, 292, -1,
      268, 292, 269, -1,
      269, 292, 293, -1,
      269, 293, 270, -1,
      270, 293, 294, -1,
      270, 294, 271, -1,
      271, 294, 295, -1,
      271, 295, 272, -1,
      272, 295, 296, -1,
      272, 296, 273, -1,
      273, 296, 297, -1,
      273, 297, 274, -1,
      274, 297, 298, -1,
      274, 298, 275, -1,
      275, 298, 299, -1,
      275, 299, 276, -1,
      276, 299, 300, -1,
      276, 300, 277, -1,
      277, 300, 301, -1,
      277, 301, 278, -1,
      278, 301, 302, -1,
      278, 302, 255, -1,
      255, 302, 279, -1,
      279, 135, 280, -1,
      280, 135, 136, -1,
      280, 136, 281, -1,
      281, 136, 137, -1,
      281, 137, 282, -1,
      282, 137, 138, -1,
      282, 138, 283, -1,
      283, 138, 139, -1,
      283, 139, 284, -1,
      284, 139, 140, -1,
      284, 140, 285, -1,
      285, 140, 141, -1,
      285, 141, 286, -1,
      286, 141, 142, -1,
      286, 142, 287, -1,
      287, 142, 143, -1,
      287, 143, 288, -1,
      288, 143, 144, -1,
      288, 144, 289, -1,
      289, 144, 145, -1,
      289, 145, 290, -1,
      290, 145, 146, -1,
      290, 146, 291, -1,
      291, 146, 147, -1,
      291, 147, 292, -1,
      292, 147, 148, -1,
      292, 148, 293, -1,
      293, 148, 149, -1,
      293, 149, 294, -1,
      294, 149, 150, -1,
      294, 150, 295, -1,
      295, 150, 151, -1,
      295, 151, 296, -1,
      296, 151, 152, -1,
      296, 152, 297, -1,
      297, 152, 153, -1,
      297, 153, 298, -1,
      298, 153, 154, -1,
      298, 154, 299, -1,
      299, 154, 155, -1,
      299, 155, 300, -1,
      300, 155, 156, -1,
      300, 156, 301, -1,
      301, 156, 157, -1,
      301, 157, 302, -1,
      302, 157, 158, -1,
      302, 158, 279, -1,
      279, 158, 135, -1,
      303, 161, 304, -1,
      304, 161, 163, -1,
      304, 163, 305, -1,
      305, 163, 165, -1,
      305, 165, 306, -1,
      306, 165, 167, -1,
      306, 167, 307, -1,
      307, 167, 169, -1,
      307, 169, 308, -1,
      308, 169, 171, -1,
      308, 171, 309, -1,
      309, 171, 173, -1,
      309, 173, 310, -1,
      310, 173, 175, -1,
      310, 175, 311, -1,
      311, 175, 177, -1,
      311, 177, 312, -1,
      312, 177, 179, -1,
      312, 179, 313, -1,
      313, 179, 181, -1,
      313, 181, 314, -1,
      314, 181, 183, -1,
      314, 183, 315, -1,
      315, 183, 185, -1,
      315, 185, 316, -1,
      316, 185, 187, -1,
      316, 187, 317, -1,
      317, 187, 189, -1,
      317, 189, 318, -1,
      318, 189, 191, -1,
      318, 191, 319, -1,
      319, 191, 193, -1,
      319, 193, 320, -1,
      320, 193, 195, -1,
      320, 195, 321, -1,
      321, 195, 197, -1,
      321, 197, 322, -1,
      322, 197, 199, -1,
      322, 199, 323, -1,
      323, 199, 201, -1,
      323, 201, 324, -1,
      324, 201, 203, -1,
      324, 203, 325, -1,
      325, 203, 205, -1,
      325, 205, 326, -1,
      326, 205, 159, -1,
      326, 159, 303, -1,
      303, 159, 161, -1,
      101, 327, 102, -1,
      102, 327, 328, -1,
      102, 328, 103, -1,
      103, 328, 329, -1,
      103, 329, 104, -1,
      104, 329, 330, -1,
      104, 330, 106, -1,
      106, 330, 331, -1,
      106, 331, 105, -1,
      105, 331, 332, -1,
      105, 332, 107, -1,
      107, 332, 333, -1,
      107, 333, 109, -1,
      109, 333, 334, -1,
      109, 334, 108, -1,
      108, 334, 335, -1,
      108, 335, 88, -1,
      88, 335, 336, -1,
      88, 336, 89, -1,
      89, 336, 337, -1,
      89, 337, 90, -1,
      90, 337, 338, -1,
      90, 338, 91, -1,
      91, 338, 339, -1,
      91, 339, 86, -1,
      86, 339, 340, -1,
      86, 340, 87, -1,
      87, 340, 341, -1,
      87, 341, 92, -1,
      92, 341, 342, -1,
      92, 342, 93, -1,
      93, 342, 343, -1,
      93, 343, 95, -1,
      95, 343, 344, -1,
      95, 344, 94, -1,
      94, 344, 345, -1,
      94, 345, 96, -1,
      96, 345, 346, -1,
      96, 346, 97, -1,
      97, 346, 347, -1,
      97, 347, 98, -1,
      98, 347, 348, -1,
      98, 348, 99, -1,
      99, 348, 349, -1,
      99, 349, 100, -1,
      100, 349, 350, -1,
      100, 350, 101, -1,
      101, 350, 327, -1,
      327, 351, 328, -1,
      328, 351, 352, -1,
      328, 352, 329, -1,
      329, 352, 353, -1,
      329, 353, 330, -1,
      330, 353, 354, -1,
      330, 354, 331, -1,
      331, 354, 355, -1,
      331, 355, 332, -1,
      332, 355, 356, -1,
      332, 356, 333, -1,
      333, 356, 357, -1,
      333, 357, 334, -1,
      334, 357, 358, -1,
      334, 358, 335, -1,
      335, 358, 359, -1,
      335, 359, 336, -1,
      336, 359, 360, -1,
      336, 360, 337, -1,
      337, 360, 361, -1,
      337, 361, 338, -1,
      338, 361, 362, -1,
      338, 362, 339, -1,
      339, 362, 363, -1,
      339, 363, 340, -1,
      340, 363, 364, -1,
      340, 364, 341, -1,
      341, 364, 365, -1,
      341, 365, 342, -1,
      342, 365, 366, -1,
      342, 366, 343, -1,
      343, 366, 367, -1,
      343, 367, 344, -1,
      344, 367, 368, -1,
      344, 368, 345, -1,
      345, 368, 369, -1,
      345, 369, 346, -1,
      346, 369, 370, -1,
      346, 370, 347, -1,
      347, 370, 371, -1,
      347, 371, 348, -1,
      348, 371, 372, -1,
      348, 372, 349, -1,
      349, 372, 373, -1,
      349, 373, 350, -1,
      350, 373, 374, -1,
      350, 374, 327, -1,
      327, 374, 351, -1,
      351, 375, 352, -1,
      352, 375, 376, -1,
      352, 376, 353, -1,
      353, 376, 377, -1,
      353, 377, 354, -1,
      354, 377, 378, -1,
      354, 378, 355, -1,
      355, 378, 379, -1,
      355, 379, 356, -1,
      356, 379, 380, -1,
      356, 380, 357, -1,
      357, 380, 381, -1,
      357, 381, 358, -1,
      358, 381, 382, -1,
      358, 382, 359, -1,
      359, 382, 383, -1,
      359, 383, 360, -1,
      360, 383, 384, -1,
      360, 384, 361, -1,
      361, 384, 385, -1,
      361, 385, 362, -1,
      362, 385, 386, -1,
      362, 386, 363, -1,
      363, 386, 387, -1,
      363, 387, 364, -1,
      364, 387, 388, -1,
      364, 388, 365, -1,
      365, 388, 389, -1,
      365, 389, 366, -1,
      366, 389, 390, -1,
      366, 390, 367, -1,
      367, 390, 391, -1,
      367, 391, 368, -1,
      368, 391, 392, -1,
      368, 392, 369, -1,
      369, 392, 393, -1,
      369, 393, 370, -1,
      370, 393, 394, -1,
      370, 394, 371, -1,
      371, 394, 395, -1,
      371, 395, 372, -1,
      372, 395, 396, -1,
      372, 396, 373, -1,
      373, 396, 397, -1,
      373, 397, 374, -1,
      374, 397, 398, -1,
      374, 398, 351, -1,
      351, 398, 375, -1,
      375, 399, 376, -1,
      376, 399, 400, -1,
      376, 400, 377, -1,
      377, 400, 401, -1,
      377, 401, 378, -1,
      378, 401, 402, -1,
      378, 402, 379, -1,
      379, 402, 403, -1,
      379, 403, 380, -1,
      380, 403, 404, -1,
      380, 404, 381, -1,
      381, 404, 405, -1,
      381, 405, 382, -1,
      382, 405, 406, -1,
      382, 406, 383, -1,
      383, 406, 407, -1,
      383, 407, 384, -1,
      384, 407, 408, -1,
      384, 408, 385, -1,
      385, 408, 409, -1,
      385, 409, 386, -1,
      386, 409, 410, -1,
      386, 410, 387, -1,
      387, 410, 411, -1,
      387, 411, 388, -1,
      388, 411, 412, -1,
      388, 412, 389, -1,
      389, 412, 413, -1,
      389, 413, 390, -1,
      390, 413, 414, -1,
      390, 414, 391, -1,
      391, 414, 415, -1,
      391, 415, 392, -1,
      392, 415, 416, -1,
      392, 416, 393, -1,
      393, 416, 417, -1,
      393, 417, 394, -1,
      394, 417, 418, -1,
      394, 418, 395, -1,
      395, 418, 419, -1,
      395, 419, 396, -1,
      396, 419, 420, -1,
      396, 420, 397, -1,
      397, 420, 421, -1,
      397, 421, 398, -1,
      398, 421, 422, -1,
      398, 422, 375, -1,
      375, 422, 399, -1,
      399, 423, 400, -1,
      400, 423, 424, -1,
      400, 424, 401, -1,
      401, 424, 425, -1,
      401, 425, 402, -1,
      402, 425, 426, -1,
      402, 426, 403, -1,
      403, 426, 427, -1,
      403, 427, 404, -1,
      404, 427, 428, -1,
      404, 428, 405, -1,
      405, 428, 429, -1,
      405, 429, 406, -1,
      406, 429, 430, -1,
      406, 430, 407, -1,
      407, 430, 431, -1,
      407, 431, 408, -1,
      408, 431, 432, -1,
      408, 432, 409, -1,
      409, 432, 433, -1,
      409, 433, 410, -1,
      410, 433, 434, -1,
      410, 434, 411, -1,
      411, 434, 435, -1,
      411, 435, 412, -1,
      412, 435, 436, -1,
      412, 436, 413, -1,
      413, 436, 437, -1,
      413, 437, 414, -1,
      414, 437, 438, -1,
      414, 438, 415, -1,
      415, 438, 439, -1,
      415, 439, 416, -1,
      416, 439, 440, -1,
      416, 440, 417, -1,
      417, 440, 441, -1,
      417, 441, 418, -1,
      418, 441, 442, -1,
      418, 442, 419, -1,
      419, 442, 443, -1,
      419, 443, 420, -1,
      420, 443, 444, -1,
      420, 444, 421, -1,
      421, 444, 445, -1,
      421, 445, 422, -1,
      422, 445, 446, -1,
      422, 446, 399, -1,
      399, 446, 423, -1,
      423, 303, 424, -1,
      424, 303, 304, -1,
      424, 304, 425, -1,
      425, 304, 305, -1,
      425, 305, 426, -1,
      426, 305, 306, -1,
      426, 306, 427, -1,
      427, 306, 307, -1,
      427, 307, 428, -1,
      428, 307, 308, -1,
      428, 308, 429, -1,
      429, 308, 309, -1,
      429, 309, 430, -1,
      430, 309, 310, -1,
      430, 310, 431, -1,
      431, 310, 311, -1,
      431, 311, 432, -1,
      432, 311, 312, -1,
      432, 312, 433, -1,
      433, 312, 313, -1,
      433, 313, 434, -1,
      434, 313, 314, -1,
      434, 314, 435, -1,
      435, 314, 315, -1,
      435, 315, 436, -1,
      436, 315, 316, -1,
      436, 316, 437, -1,
      437, 316, 317, -1,
      437, 317, 438, -1,
      438, 317, 318, -1,
      438, 318, 439, -1,
      439, 318, 319, -1,
      439, 319, 440, -1,
      440, 319, 320, -1,
      440, 320, 441, -1,
      441, 320, 321, -1,
      441, 321, 442, -1,
      442, 321, 322, -1,
      442, 322, 443, -1,
      443, 322, 323, -1,
      443, 323, 444, -1,
      444, 323, 324, -1,
      444, 324, 445, -1,
      445, 324, 325, -1,
      445, 325, 446, -1,
      446, 325, 326, -1,
      446, 326, 423, -1,
      423, 326, 303, -1,
      73, 72, 447, -1,
      16, 448, 449, -1,
      14, 4, 450, -1,
      1, 0, 451, -1,
      451, 452, 1, -1,
      1, 452, 453, -1,
      1, 453, 2, -1,
      450, 4, 453, -1,
      453, 4, 3, -1,
      453, 3, 2, -1,
      448, 16, 450, -1,
      450, 16, 15, -1,
      450, 15, 14, -1,
      82, 18, 449, -1,
      449, 18, 17, -1,
      449, 17, 16, -1,
      85, 84, 454, -1,
      454, 84, 83, -1,
      454, 83, 455, -1,
      455, 83, 81, -1,
      455, 81, 456, -1,
      456, 81, 82, -1,
      456, 82, 457, -1,
      457, 82, 449, -1,
      447, 72, 454, -1,
      454, 72, 71, -1,
      454, 71, 85, -1,
      73, 447, 74, -1,
      74, 447, 458, -1,
      74, 458, 75, -1,
      75, 458, 459, -1,
      75, 459, 76, -1,
      76, 459, 77, -1,
      77, 459, 460, -1,
      77, 460, 78, -1,
      78, 460, 79, -1,
      79, 460, 461, -1,
      79, 461, 80, -1,
      80, 461, 67, -1,
      67, 461, 462, -1,
      67, 462, 68, -1,
      68, 462, 69, -1,
      69, 462, 463, -1,
      69, 463, 70, -1,
      70, 463, 464, -1,
      70, 464, 62, -1,
      62, 464, 465, -1,
      62, 465, 63, -1,
      63, 465, 466, -1,
      63, 466, 64, -1,
      64, 466, 467, -1,
      64, 467, 65, -1,
      65, 467, 66, -1,
      66, 467, 468, -1,
      66, 468, 61, -1,
      57, 56, 469, -1,
      469, 56, 55, -1,
      469, 55, 468, -1,
      468, 55, 60, -1,
      468, 60, 61, -1,
      0, 53, 451, -1,
      451, 53, 54, -1,
      451, 54, 470, -1,
      470, 54, 59, -1,
      470, 59, 469, -1,
      469, 59, 58, -1,
      469, 58, 57, -1,
      471, 472, 473, -1,
      473, 472, 474, -1,
      473, 474, 475, -1,
      476, 477, 473, -1,
      473, 477, 478, -1,
      473, 478, 471, -1,
      479, 480, 473, -1,
      473, 480, 481, -1,
      473, 481, 476, -1,
      482, 483, 473, -1,
      473, 483, 484, -1,
      473, 484, 479, -1,
      485, 486, 473, -1,
      473, 486, 487, -1,
      473, 487, 482, -1,
      488, 489, 473, -1,
      473, 489, 490, -1,
      473, 490, 485, -1,
      491, 492, 473, -1,
      473, 492, 493, -1,
      473, 493, 488, -1,
      475, 494, 473, -1,
      473, 494, 495, -1,
      473, 495, 491, -1,
      496, 486, 497, -1,
      497, 486, 485, -1,
      497, 485, 498, -1,
      498, 485, 490, -1,
      498, 490, 499, -1,
      499, 490, 489, -1,
      499, 489, 500, -1,
      500, 489, 488, -1,
      500, 488, 501, -1,
      501, 488, 493, -1,
      501, 493, 502, -1,
      502, 493, 492, -1,
      502, 492, 503, -1,
      503, 492, 491, -1,
      503, 491, 504, -1,
      504, 491, 495, -1,
      504, 495, 505, -1,
      505, 495, 494, -1,
      505, 494, 506, -1,
      506, 494, 475, -1,
      506, 475, 507, -1,
      507, 475, 474, -1,
      507, 474, 508, -1,
      508, 474, 472, -1,
      508, 472, 509, -1,
      509, 472, 471, -1,
      509, 471, 510, -1,
      510, 471, 478, -1,
      510, 478, 511, -1,
      511, 478, 477, -1,
      511, 477, 512, -1,
      512, 477, 476, -1,
      512, 476, 513, -1,
      513, 476, 481, -1,
      513, 481, 514, -1,
      514, 481, 480, -1,
      514, 480, 515, -1,
      515, 480, 479, -1,
      515, 479, 516, -1,
      516, 479, 484, -1,
      516, 484, 517, -1,
      517, 484, 483, -1,
      517, 483, 518, -1,
      518, 483, 482, -1,
      518, 482, 519, -1,
      519, 482, 487, -1,
      519, 487, 496, -1,
      496, 487, 486, -1,
      520, 521, 522, -1,
      522, 521, 523, -1,
      522, 523, 524, -1,
      524, 523, 525, -1,
      524, 525, 526, -1,
      526, 525, 527, -1,
      526, 527, 528, -1,
      528, 527, 529, -1,
      528, 529, 530, -1,
      530, 529, 531, -1,
      530, 531, 532, -1,
      532, 531, 533, -1,
      532, 533, 534, -1,
      534, 533, 535, -1,
      534, 535, 536, -1,
      536, 535, 537, -1,
      536, 537, 538, -1,
      538, 537, 539, -1,
      538, 539, 540, -1,
      540, 539, 541, -1,
      540, 541, 542, -1,
      542, 541, 543, -1,
      542, 543, 544, -1,
      544, 543, 545, -1,
      544, 545, 546, -1,
      546, 545, 547, -1,
      546, 547, 548, -1,
      548, 547, 549, -1,
      548, 549, 550, -1,
      550, 549, 551, -1,
      550, 551, 552, -1,
      552, 551, 553, -1,
      552, 553, 554, -1,
      554, 553, 555, -1,
      554, 555, 556, -1,
      556, 555, 557, -1,
      556, 557, 558, -1,
      558, 557, 559, -1,
      558, 559, 560, -1,
      560, 559, 561, -1,
      560, 561, 562, -1,
      562, 561, 563, -1,
      562, 563, 564, -1,
      564, 563, 565, -1,
      564, 565, 566, -1,
      566, 565, 567, -1,
      566, 567, 520, -1,
      520, 567, 521, -1,
      521, 568, 523, -1,
      523, 568, 569, -1,
      523, 569, 525, -1,
      525, 569, 570, -1,
      525, 570, 527, -1,
      527, 570, 571, -1,
      527, 571, 529, -1,
      529, 571, 572, -1,
      529, 572, 531, -1,
      531, 572, 573, -1,
      531, 573, 533, -1,
      533, 573, 574, -1,
      533, 574, 535, -1,
      535, 574, 575, -1,
      535, 575, 537, -1,
      537, 575, 576, -1,
      537, 576, 539, -1,
      539, 576, 577, -1,
      539, 577, 541, -1,
      541, 577, 578, -1,
      541, 578, 543, -1,
      543, 578, 579, -1,
      543, 579, 545, -1,
      545, 579, 580, -1,
      545, 580, 547, -1,
      547, 580, 581, -1,
      547, 581, 549, -1,
      549, 581, 582, -1,
      549, 582, 551, -1,
      551, 582, 583, -1,
      551, 583, 553, -1,
      553, 583, 584, -1,
      553, 584, 555, -1,
      555, 584, 585, -1,
      555, 585, 557, -1,
      557, 585, 586, -1,
      557, 586, 559, -1,
      559, 586, 587, -1,
      559, 587, 561, -1,
      561, 587, 588, -1,
      561, 588, 563, -1,
      563, 588, 589, -1,
      563, 589, 565, -1,
      565, 589, 590, -1,
      565, 590, 567, -1,
      567, 590, 591, -1,
      567, 591, 521, -1,
      521, 591, 568, -1,
      568, 592, 569, -1,
      569, 592, 593, -1,
      569, 593, 570, -1,
      570, 593, 594, -1,
      570, 594, 571, -1,
      571, 594, 595, -1,
      571, 595, 572, -1,
      572, 595, 596, -1,
      572, 596, 573, -1,
      573, 596, 597, -1,
      573, 597, 574, -1,
      574, 597, 598, -1,
      574, 598, 575, -1,
      575, 598, 599, -1,
      575, 599, 576, -1,
      576, 599, 600, -1,
      576, 600, 577, -1,
      577, 600, 601, -1,
      577, 601, 578, -1,
      578, 601, 602, -1,
      578, 602, 579, -1,
      579, 602, 603, -1,
      579, 603, 580, -1,
      580, 603, 604, -1,
      580, 604, 581, -1,
      581, 604, 605, -1,
      581, 605, 582, -1,
      582, 605, 606, -1,
      582, 606, 583, -1,
      583, 606, 607, -1,
      583, 607, 584, -1,
      584, 607, 608, -1,
      584, 608, 585, -1,
      585, 608, 609, -1,
      585, 609, 586, -1,
      586, 609, 610, -1,
      586, 610, 587, -1,
      587, 610, 611, -1,
      587, 611, 588, -1,
      588, 611, 612, -1,
      588, 612, 589, -1,
      589, 612, 613, -1,
      589, 613, 590, -1,
      590, 613, 614, -1,
      590, 614, 591, -1,
      591, 614, 615, -1,
      591, 615, 568, -1,
      568, 615, 592, -1,
      592, 616, 593, -1,
      593, 616, 617, -1,
      593, 617, 594, -1,
      594, 617, 618, -1,
      594, 618, 595, -1,
      595, 618, 619, -1,
      595, 619, 596, -1,
      596, 619, 620, -1,
      596, 620, 597, -1,
      597, 620, 621, -1,
      597, 621, 598, -1,
      598, 621, 622, -1,
      598, 622, 599, -1,
      599, 622, 623, -1,
      599, 623, 600, -1,
      600, 623, 624, -1,
      600, 624, 601, -1,
      601, 624, 625, -1,
      601, 625, 602, -1,
      602, 625, 626, -1,
      602, 626, 603, -1,
      603, 626, 627, -1,
      603, 627, 604, -1,
      604, 627, 628, -1,
      604, 628, 605, -1,
      605, 628, 629, -1,
      605, 629, 606, -1,
      606, 629, 630, -1,
      606, 630, 607, -1,
      607, 630, 631, -1,
      607, 631, 608, -1,
      608, 631, 632, -1,
      608, 632, 609, -1,
      609, 632, 633, -1,
      609, 633, 610, -1,
      610, 633, 634, -1,
      610, 634, 611, -1,
      611, 634, 635, -1,
      611, 635, 612, -1,
      612, 635, 636, -1,
      612, 636, 613, -1,
      613, 636, 637, -1,
      613, 637, 614, -1,
      614, 637, 638, -1,
      614, 638, 615, -1,
      615, 638, 639, -1,
      615, 639, 592, -1,
      592, 639, 616, -1,
      616, 640, 617, -1,
      617, 640, 641, -1,
      617, 641, 618, -1,
      618, 641, 642, -1,
      618, 642, 619, -1,
      619, 642, 643, -1,
      619, 643, 620, -1,
      620, 643, 644, -1,
      620, 644, 621, -1,
      621, 644, 645, -1,
      621, 645, 622, -1,
      622, 645, 646, -1,
      622, 646, 623, -1,
      623, 646, 647, -1,
      623, 647, 624, -1,
      624, 647, 648, -1,
      624, 648, 625, -1,
      625, 648, 649, -1,
      625, 649, 626, -1,
      626, 649, 650, -1,
      626, 650, 627, -1,
      627, 650, 651, -1,
      627, 651, 628, -1,
      628, 651, 652, -1,
      628, 652, 629, -1,
      629, 652, 653, -1,
      629, 653, 630, -1,
      630, 653, 654, -1,
      630, 654, 631, -1,
      631, 654, 655, -1,
      631, 655, 632, -1,
      632, 655, 656, -1,
      632, 656, 633, -1,
      633, 656, 657, -1,
      633, 657, 634, -1,
      634, 657, 658, -1,
      634, 658, 635, -1,
      635, 658, 659, -1,
      635, 659, 636, -1,
      636, 659, 660, -1,
      636, 660, 637, -1,
      637, 660, 661, -1,
      637, 661, 638, -1,
      638, 661, 662, -1,
      638, 662, 639, -1,
      639, 662, 663, -1,
      639, 663, 616, -1,
      616, 663, 640, -1,
      640, 496, 641, -1,
      641, 496, 497, -1,
      641, 497, 642, -1,
      642, 497, 498, -1,
      642, 498, 643, -1,
      643, 498, 499, -1,
      643, 499, 644, -1,
      644, 499, 500, -1,
      644, 500, 645, -1,
      645, 500, 501, -1,
      645, 501, 646, -1,
      646, 501, 502, -1,
      646, 502, 647, -1,
      647, 502, 503, -1,
      647, 503, 648, -1,
      648, 503, 504, -1,
      648, 504, 649, -1,
      649, 504, 505, -1,
      649, 505, 650, -1,
      650, 505, 506, -1,
      650, 506, 651, -1,
      651, 506, 507, -1,
      651, 507, 652, -1,
      652, 507, 508, -1,
      652, 508, 653, -1,
      653, 508, 509, -1,
      653, 509, 654, -1,
      654, 509, 510, -1,
      654, 510, 655, -1,
      655, 510, 511, -1,
      655, 511, 656, -1,
      656, 511, 512, -1,
      656, 512, 657, -1,
      657, 512, 513, -1,
      657, 513, 658, -1,
      658, 513, 514, -1,
      658, 514, 659, -1,
      659, 514, 515, -1,
      659, 515, 660, -1,
      660, 515, 516, -1,
      660, 516, 661, -1,
      661, 516, 517, -1,
      661, 517, 662, -1,
      662, 517, 518, -1,
      662, 518, 663, -1,
      663, 518, 519, -1,
      663, 519, 640, -1,
      640, 519, 496, -1,
      664, 522, 665, -1,
      665, 522, 524, -1,
      665, 524, 666, -1,
      666, 524, 526, -1,
      666, 526, 667, -1,
      667, 526, 528, -1,
      667, 528, 668, -1,
      668, 528, 530, -1,
      668, 530, 669, -1,
      669, 530, 532, -1,
      669, 532, 670, -1,
      670, 532, 534, -1,
      670, 534, 671, -1,
      671, 534, 536, -1,
      671, 536, 672, -1,
      672, 536, 538, -1,
      672, 538, 673, -1,
      673, 538, 540, -1,
      673, 540, 674, -1,
      674, 540, 542, -1,
      674, 542, 675, -1,
      675, 542, 544, -1,
      675, 544, 676, -1,
      676, 544, 546, -1,
      676, 546, 677, -1,
      677, 546, 548, -1,
      677, 548, 678, -1,
      678, 548, 550, -1,
      678, 550, 679, -1,
      679, 550, 552, -1,
      679, 552, 680, -1,
      680, 552, 554, -1,
      680, 554, 681, -1,
      681, 554, 556, -1,
      681, 556, 682, -1,
      682, 556, 558, -1,
      682, 558, 683, -1,
      683, 558, 560, -1,
      683, 560, 684, -1,
      684, 560, 562, -1,
      684, 562, 685, -1,
      685, 562, 564, -1,
      685, 564, 686, -1,
      686, 564, 566, -1,
      686, 566, 687, -1,
      687, 566, 520, -1,
      687, 520, 664, -1,
      664, 520, 522, -1,
      462, 688, 463, -1,
      463, 688, 689, -1,
      463, 689, 464, -1,
      464, 689, 690, -1,
      464, 690, 465, -1,
      465, 690, 691, -1,
      465, 691, 466, -1,
      466, 691, 692, -1,
      466, 692, 467, -1,
      467, 692, 693, -1,
      467, 693, 468, -1,
      468, 693, 694, -1,
      468, 694, 469, -1,
      469, 694, 695, -1,
      469, 695, 470, -1,
      470, 695, 696, -1,
      470, 696, 451, -1,
      451, 696, 697, -1,
      451, 697, 452, -1,
      452, 697, 698, -1,
      452, 698, 453, -1,
      453, 698, 699, -1,
      453, 699, 450, -1,
      450, 699, 700, -1,
      450, 700, 448, -1,
      448, 700, 701, -1,
      448, 701, 449, -1,
      449, 701, 702, -1,
      449, 702, 457, -1,
      457, 702, 703, -1,
      457, 703, 456, -1,
      456, 703, 704, -1,
      456, 704, 455, -1,
      455, 704, 705, -1,
      455, 705, 454, -1,
      454, 705, 706, -1,
      454, 706, 447, -1,
      447, 706, 707, -1,
      447, 707, 458, -1,
      458, 707, 708, -1,
      458, 708, 459, -1,
      459, 708, 709, -1,
      459, 709, 460, -1,
      460, 709, 710, -1,
      460, 710, 461, -1,
      461, 710, 711, -1,
      461, 711, 462, -1,
      462, 711, 688, -1,
      688, 712, 689, -1,
      689, 712, 713, -1,
      689, 713, 690, -1,
      690, 713, 714, -1,
      690, 714, 691, -1,
      691, 714, 715, -1,
      691, 715, 692, -1,
      692, 715, 716, -1,
      692, 716, 693, -1,
      693, 716, 717, -1,
      693, 717, 694, -1,
      694, 717, 718, -1,
      694, 718, 695, -1,
      695, 718, 719, -1,
      695, 719, 696, -1,
      696, 719, 720, -1,
      696, 720, 697, -1,
      697, 720, 721, -1,
      697, 721, 698, -1,
      698, 721, 722, -1,
      698, 722, 699, -1,
      699, 722, 723, -1,
      699, 723, 700, -1,
      700, 723, 724, -1,
      700, 724, 701, -1,
      701, 724, 725, -1,
      701, 725, 702, -1,
      702, 725, 726, -1,
      702, 726, 703, -1,
      703, 726, 727, -1,
      703, 727, 704, -1,
      704, 727, 728, -1,
      704, 728, 705, -1,
      705, 728, 729, -1,
      705, 729, 706, -1,
      706, 729, 730, -1,
      706, 730, 707, -1,
      707, 730, 731, -1,
      707, 731, 708, -1,
      708, 731, 732, -1,
      708, 732, 709, -1,
      709, 732, 733, -1,
      709, 733, 710, -1,
      710, 733, 734, -1,
      710, 734, 711, -1,
      711, 734, 735, -1,
      711, 735, 688, -1,
      688, 735, 712, -1,
      712, 736, 713, -1,
      713, 736, 737, -1,
      713, 737, 714, -1,
      714, 737, 738, -1,
      714, 738, 715, -1,
      715, 738, 739, -1,
      715, 739, 716, -1,
      716, 739, 740, -1,
      716, 740, 717, -1,
      717, 740, 741, -1,
      717, 741, 718, -1,
      718, 741, 742, -1,
      718, 742, 719, -1,
      719, 742, 743, -1,
      719, 743, 720, -1,
      720, 743, 744, -1,
      720, 744, 721, -1,
      721, 744, 745, -1,
      721, 745, 722, -1,
      722, 745, 746, -1,
      722, 746, 723, -1,
      723, 746, 747, -1,
      723, 747, 724, -1,
      724, 747, 748, -1,
      724, 748, 725, -1,
      725, 748, 749, -1,
      725, 749, 726, -1,
      726, 749, 750, -1,
      726, 750, 727, -1,
      727, 750, 751, -1,
      727, 751, 728, -1,
      728, 751, 752, -1,
      728, 752, 729, -1,
      729, 752, 753, -1,
      729, 753, 730, -1,
      730, 753, 754, -1,
      730, 754, 731, -1,
      731, 754, 755, -1,
      731, 755, 732, -1,
      732, 755, 756, -1,
      732, 756, 733, -1,
      733, 756, 757, -1,
      733, 757, 734, -1,
      734, 757, 758, -1,
      734, 758, 735, -1,
      735, 758, 759, -1,
      735, 759, 712, -1,
      712, 759, 736, -1,
      736, 760, 737, -1,
      737, 760, 761, -1,
      737, 761, 738, -1,
      738, 761, 762, -1,
      738, 762, 739, -1,
      739, 762, 763, -1,
      739, 763, 740, -1,
      740, 763, 764, -1,
      740, 764, 741, -1,
      741, 764, 765, -1,
      741, 765, 742, -1,
      742, 765, 766, -1,
      742, 766, 743, -1,
      743, 766, 767, -1,
      743, 767, 744, -1,
      744, 767, 768, -1,
      744, 768, 745, -1,
      745, 768, 769, -1,
      745, 769, 746, -1,
      746, 769, 770, -1,
      746, 770, 747, -1,
      747, 770, 771, -1,
      747, 771, 748, -1,
      748, 771, 772, -1,
      748, 772, 749, -1,
      749, 772, 773, -1,
      749, 773, 750, -1,
      750, 773, 774, -1,
      750, 774, 751, -1,
      751, 774, 775, -1,
      751, 775, 752, -1,
      752, 775, 776, -1,
      752, 776, 753, -1,
      753, 776, 777, -1,
      753, 777, 754, -1,
      754, 777, 778, -1,
      754, 778, 755, -1,
      755, 778, 779, -1,
      755, 779, 756, -1,
      756, 779, 780, -1,
      756, 780, 757, -1,
      757, 780, 781, -1,
      757, 781, 758, -1,
      758, 781, 782, -1,
      758, 782, 759, -1,
      759, 782, 783, -1,
      759, 783, 736, -1,
      736, 783, 760, -1,
      760, 784, 761, -1,
      761, 784, 785, -1,
      761, 785, 762, -1,
      762, 785, 786, -1,
      762, 786, 763, -1,
      763, 786, 787, -1,
      763, 787, 764, -1,
      764, 787, 788, -1,
      764, 788, 765, -1,
      765, 788, 789, -1,
      765, 789, 766, -1,
      766, 789, 790, -1,
      766, 790, 767, -1,
      767, 790, 791, -1,
      767, 791, 768, -1,
      768, 791, 792, -1,
      768, 792, 769, -1,
      769, 792, 793, -1,
      769, 793, 770, -1,
      770, 793, 794, -1,
      770, 794, 771, -1,
      771, 794, 795, -1,
      771, 795, 772, -1,
      772, 795, 796, -1,
      772, 796, 773, -1,
      773, 796, 797, -1,
      773, 797, 774, -1,
      774, 797, 798, -1,
      774, 798, 775, -1,
      775, 798, 799, -1,
      775, 799, 776, -1,
      776, 799, 800, -1,
      776, 800, 777, -1,
      777, 800, 801, -1,
      777, 801, 778, -1,
      778, 801, 802, -1,
      778, 802, 779, -1,
      779, 802, 803, -1,
      779, 803, 780, -1,
      780, 803, 804, -1,
      780, 804, 781, -1,
      781, 804, 805, -1,
      781, 805, 782, -1,
      782, 805, 806, -1,
      782, 806, 783, -1,
      783, 806, 807, -1,
      783, 807, 760, -1,
      760, 807, 784, -1,
      784, 664, 785, -1,
      785, 664, 665, -1,
      785, 665, 786, -1,
      786, 665, 666, -1,
      786, 666, 787, -1,
      787, 666, 667, -1,
      787, 667, 788, -1,
      788, 667, 668, -1,
      788, 668, 789, -1,
      789, 668, 669, -1,
      789, 669, 790, -1,
      790, 669, 670, -1,
      790, 670, 791, -1,
      791, 670, 671, -1,
      791, 671, 792, -1,
      792, 671, 672, -1,
      792, 672, 793, -1,
      793, 672, 673, -1,
      793, 673, 794, -1,
      794, 673, 674, -1,
      794, 674, 795, -1,
      795, 674, 675, -1,
      795, 675, 796, -1,
      796, 675, 676, -1,
      796, 676, 797, -1,
      797, 676, 677, -1,
      797, 677, 798, -1,
      798, 677, 678, -1,
      798, 678, 799, -1,
      799, 678, 679, -1,
      799, 679, 800, -1,
      800, 679, 680, -1,
      800, 680, 801, -1,
      801, 680, 681, -1,
      801, 681, 802, -1,
      802, 681, 682, -1,
      802, 682, 803, -1,
      803, 682, 683, -1,
      803, 683, 804, -1,
      804, 683, 684, -1,
      804, 684, 805, -1,
      805, 684, 685, -1,
      805, 685, 806, -1,
      806, 685, 686, -1,
      806, 686, 807, -1,
      807, 686, 687, -1,
      807, 687, 784, -1,
      784, 687, 664, -1,
    ]
  }
}

Shape {
  appearance Appearance {
    material Material {
      diffuseColor 1.0000 1.0000 1.0000
      specularColor 0.5020 0.5020 0.5020
      ambientIntensity 0.2
      transparency 0.0000
      shininess 0.5
    }
  }
  geometry IndexedFaceSet {
    ccw TRUE
    solid FALSE
    coord DEF co Coordinate {
      point [
        0.013383 -0.461352 0.826772,
        0.013383 -0.532294 0.826772,
        0.045272 -0.532294 0.826772,
        0.077804 -0.461446 0.826772,
        0.084043 -0.460677 0.826772,
        0.098534 -0.541606 0.826772,
        0.093396 -0.542098 0.826772,
        0.156483 -0.505358 0.826772,
        0.134859 -0.505358 0.826772,
        0.156483 -0.532294 0.826772,
        0.134859 -0.532294 0.826772,
        0.165765 -0.461352 0.826772,
        0.156483 -0.461352 0.826772,
        0.165765 -0.470563 0.826772,
        0.167587 -0.532294 0.826772,
        0.167587 -0.541422 0.826772,
        0.163493 -0.505358 0.826772,
        0.163493 -0.496189 0.826772,
        0.156483 -0.496189 0.826772,
        0.156483 -0.470563 0.826772,
        0.134859 -0.470563 0.826772,
        0.134859 -0.496189 0.826772,
        0.124523 -0.461352 0.826772,
        0.124523 -0.541422 0.826772,
        0.108497 -0.463276 0.826772,
        0.100222 -0.460863 0.826772,
        0.097967 -0.460677 0.826772,
        0.156483 -0.541422 0.826772,
        0.108497 -0.474083 0.826772,
        0.107131 -0.538787 0.826772,
        0.091617 -0.533419 0.826772,
        0.100665 -0.531724 0.826772,
        0.108497 -0.528200 0.826772,
        0.108497 -0.538106 0.826772,
        0.063356 -0.519718 0.826772,
        0.067254 -0.525130 0.826772,
        0.068785 -0.526647 0.826772,
        0.074004 -0.530356 0.826772,
        0.079698 -0.532573 0.826772,
        0.087824 -0.533563 0.826772,
        0.099483 -0.470512 0.826772,
        0.066797 -0.479352 0.826772,
        0.107605 -0.473602 0.826772,
        0.063051 -0.485040 0.826772,
        0.060497 -0.492157 0.826772,
        0.089626 -0.469335 0.826772,
        0.086544 -0.469457 0.826772,
        0.067807 -0.478218 0.826772,
        0.079575 -0.470795 0.826772,
        0.073277 -0.473706 0.826772,
        0.059395 -0.502288 0.826772,
        0.059482 -0.505254 0.826772,
        0.060767 -0.513263 0.826772,
        0.089523 -0.460002 0.826772,
        0.089782 -0.460002 0.826772,
        0.054301 -0.479384 0.826772,
        0.060111 -0.471791 0.826772,
        0.061980 -0.470002 0.826772,
        0.069459 -0.464721 0.826772,
        0.050500 -0.488280 0.826772,
        0.052129 -0.484468 0.826772,
        0.052129 -0.521173 0.826772,
        0.049854 -0.514850 0.826772,
        0.048547 -0.502902 0.826772,
        0.048687 -0.498736 0.826772,
        0.072835 -0.540763 0.826772,
        0.065276 -0.537204 0.826772,
        0.058822 -0.531843 0.826772,
        0.057557 -0.530427 0.826772,
        0.052945 -0.523443 0.826772,
        0.079330 -0.542098 0.826772,
        0.081517 -0.542546 0.826772,
        0.086330 -0.542773 0.826772,
        0.245733 -0.514804 0.826772,
        0.241798 -0.523090 0.826772,
        0.235826 -0.530206 0.826772,
        0.219391 -0.463292 0.826772,
        0.227434 -0.466228 0.826772,
        0.219391 -0.539262 0.826772,
        0.226575 -0.536664 0.826772,
        0.234414 -0.531462 0.826772,
        0.235826 -0.471955 0.826772,
        0.238554 -0.474613 0.826772,
        0.243536 -0.481565 0.826772,
        0.246526 -0.489173 0.826772,
        0.247902 -0.500364 0.826772,
        0.247666 -0.505423 0.826772,
        0.205555 -0.461352 0.826772,
        0.217769 -0.462700 0.826772,
        0.217234 -0.540042 0.826772,
        0.204736 -0.541422 0.826772,
        0.182713 -0.541422 0.826772,
        0.182713 -0.461352 0.826772,
        0.003047 -0.541422 0.826772,
        0.003047 -0.461352 0.826772,
        0.045272 -0.541422 0.826772,
        0.045272 -0.532294 0.830709,
        0.045272 -0.541422 0.830709,
        0.013383 -0.532294 0.830709,
        0.013383 -0.461352 0.830709,
        0.003047 -0.461352 0.830709,
        0.003047 -0.541422 0.830709,
        0.086330 -0.542773 0.830709,
        0.098534 -0.541606 0.830709,
        0.107131 -0.538787 0.830709,
        0.108497 -0.538106 0.830709,
        0.108497 -0.528200 0.830709,
        0.100665 -0.531724 0.830709,
        0.091617 -0.533419 0.830709,
        0.087824 -0.533563 0.830709,
        0.079698 -0.532573 0.830709,
        0.074004 -0.530356 0.830709,
        0.068785 -0.526647 0.830709,
        0.067254 -0.525130 0.830709,
        0.063356 -0.519718 0.830709,
        0.060767 -0.513263 0.830709,
        0.059482 -0.505254 0.830709,
        0.059395 -0.502288 0.830709,
        0.060497 -0.492157 0.830709,
        0.063051 -0.485040 0.830709,
        0.066797 -0.479352 0.830709,
        0.067807 -0.478218 0.830709,
        0.073277 -0.473706 0.830709,
        0.079575 -0.470795 0.830709,
        0.086544 -0.469457 0.830709,
        0.089626 -0.469335 0.830709,
        0.099483 -0.470512 0.830709,
        0.107605 -0.473602 0.830709,
        0.108497 -0.474083 0.830709,
        0.108497 -0.463276 0.830709,
        0.089523 -0.460002 0.830709,
        0.089782 -0.460002 0.830709,
        0.100222 -0.460863 0.830709,
        0.077804 -0.461446 0.830709,
        0.069459 -0.464721 0.830709,
        0.061980 -0.470002 0.830709,
        0.060111 -0.471791 0.830709,
        0.050500 -0.488280 0.830709,
        0.054301 -0.479384 0.830709,
        0.048687 -0.498736 0.830709,
        0.048547 -0.502902 0.830709,
        0.052945 -0.523443 0.830709,
        0.049854 -0.514850 0.830709,
        0.057557 -0.530427 0.830709,
        0.058822 -0.531843 0.830709,
        0.081517 -0.542546 0.830709,
        0.065276 -0.537204 0.830709,
        0.072835 -0.540763 0.830709,
        0.167587 -0.532294 0.830709,
        0.167587 -0.541422 0.830709,
        0.134859 -0.532294 0.830709,
        0.134859 -0.505358 0.830709,
        0.163493 -0.505358 0.830709,
        0.163493 -0.496189 0.830709,
        0.134859 -0.496189 0.830709,
        0.134859 -0.470563 0.830709,
        0.165765 -0.470563 0.830709,
        0.165765 -0.461352 0.830709,
        0.124523 -0.461352 0.830709,
        0.124523 -0.541422 0.830709,
        0.204674 -0.532294 0.830709,
        0.204736 -0.541422 0.830709,
        0.214844 -0.531199 0.830709,
        0.217234 -0.540042 0.830709,
        0.221694 -0.528757 0.830709,
        0.226575 -0.536664 0.830709,
        0.226998 -0.525285 0.830709,
        0.234414 -0.531462 0.830709,
        0.228478 -0.523943 0.830709,
        0.235826 -0.530206 0.830709,
        0.232461 -0.519001 0.830709,
        0.241798 -0.523090 0.830709,
        0.235217 -0.513055 0.830709,
        0.245733 -0.514804 0.830709,
        0.236769 -0.505718 0.830709,
        0.247666 -0.505423 0.830709,
        0.237034 -0.500650 0.830709,
        0.247902 -0.500364 0.830709,
        0.236047 -0.491436 0.830709,
        0.246526 -0.489173 0.830709,
        0.233892 -0.485371 0.830709,
        0.243536 -0.481565 0.830709,
        0.230887 -0.480762 0.830709,
        0.238554 -0.474613 0.830709,
        0.228253 -0.478095 0.830709,
        0.235826 -0.471955 0.830709,
        0.222409 -0.474210 0.830709,
        0.227434 -0.466228 0.830709,
        0.215465 -0.471704 0.830709,
        0.217769 -0.462700 0.830709,
        0.205145 -0.470563 0.830709,
        0.205555 -0.461352 0.830709,
        0.193049 -0.470563 0.830709,
        0.182713 -0.461352 0.830709,
        0.193049 -0.532294 0.830709,
        0.182713 -0.541422 0.830709,
        0.205145 -0.470563 0.826772,
        0.193049 -0.470563 0.826772,
        0.193049 -0.532294 0.826772,
        0.204674 -0.532294 0.826772,
        0.228478 -0.523943 0.826772,
        0.226998 -0.525285 0.826772,
        0.221694 -0.528757 0.826772,
        0.214844 -0.531199 0.826772,
        0.237034 -0.500650 0.826772,
        0.236769 -0.505718 0.826772,
        0.235217 -0.513055 0.826772,
        0.232461 -0.519001 0.826772,
        0.228253 -0.478095 0.826772,
        0.230887 -0.480762 0.826772,
        0.233892 -0.485371 0.826772,
        0.236047 -0.491436 0.826772,
        0.215465 -0.471704 0.826772,
        0.222409 -0.474210 0.826772,
      ]
    }
    coordIndex [
      96, 97, 2, -1,
      2, 97, 95, -1,
      98, 96, 1, -1,
      1, 96, 2, -1,
      99, 98, 0, -1,
      0, 98, 1, -1,
      100, 99, 94, -1,
      94, 99, 0, -1,
      101, 100, 93, -1,
      93, 100, 94, -1,
      97, 101, 95, -1,
      95, 101, 93, -1,
      99, 100, 98, -1,
      98, 100, 101, -1,
      98, 101, 96, -1,
      96, 101, 97, -1,
      102, 72, 103, -1,
      103, 72, 6, -1,
      6, 5, 103, -1,
      103, 5, 29, -1,
      103, 29, 104, -1,
      104, 29, 33, -1,
      104, 33, 105, -1,
      106, 105, 32, -1,
      32, 105, 33, -1,
      106, 32, 31, -1,
      106, 31, 107, -1,
      107, 31, 30, -1,
      107, 30, 108, -1,
      108, 30, 39, -1,
      108, 39, 109, -1,
      109, 39, 38, -1,
      109, 38, 110, -1,
      110, 38, 37, -1,
      110, 37, 111, -1,
      111, 37, 36, -1,
      111, 36, 112, -1,
      112, 36, 35, -1,
      112, 35, 113, -1,
      113, 35, 34, -1,
      113, 34, 114, -1,
      114, 34, 52, -1,
      114, 52, 115, -1,
      115, 52, 51, -1,
      115, 51, 116, -1,
      116, 51, 50, -1,
      116, 50, 117, -1,
      117, 50, 44, -1,
      117, 44, 118, -1,
      118, 44, 43, -1,
      118, 43, 119, -1,
      119, 43, 41, -1,
      119, 41, 120, -1,
      120, 41, 47, -1,
      120, 47, 121, -1,
      121, 47, 49, -1,
      121, 49, 122, -1,
      122, 49, 48, -1,
      122, 48, 123, -1,
      123, 48, 46, -1,
      123, 46, 124, -1,
      124, 46, 45, -1,
      124, 45, 125, -1,
      125, 45, 40, -1,
      125, 40, 126, -1,
      126, 40, 42, -1,
      126, 42, 127, -1,
      127, 42, 28, -1,
      127, 28, 128, -1,
      129, 128, 24, -1,
      24, 128, 28, -1,
      53, 130, 131, -1,
      129, 24, 25, -1,
      129, 25, 132, -1,
      132, 25, 26, -1,
      132, 26, 131, -1,
      131, 26, 54, -1,
      131, 54, 53, -1,
      130, 53, 4, -1,
      130, 4, 133, -1,
      4, 3, 133, -1,
      133, 3, 58, -1,
      133, 58, 134, -1,
      134, 58, 57, -1,
      134, 57, 135, -1,
      135, 57, 56, -1,
      135, 56, 136, -1,
      136, 56, 55, -1,
      60, 137, 55, -1,
      55, 137, 138, -1,
      55, 138, 136, -1,
      60, 59, 137, -1,
      137, 59, 64, -1,
      137, 64, 139, -1,
      139, 64, 63, -1,
      139, 63, 140, -1,
      140, 63, 62, -1,
      61, 141, 62, -1,
      62, 141, 142, -1,
      62, 142, 140, -1,
      61, 69, 141, -1,
      141, 69, 68, -1,
      141, 68, 143, -1,
      143, 68, 67, -1,
      143, 67, 144, -1,
      72, 102, 145, -1,
      144, 67, 66, -1,
      144, 66, 146, -1,
      146, 66, 65, -1,
      146, 65, 147, -1,
      147, 65, 70, -1,
      147, 70, 145, -1,
      145, 70, 71, -1,
      145, 71, 72, -1,
      127, 128, 129, -1,
      118, 119, 138, -1,
      127, 129, 126, -1,
      126, 129, 132, -1,
      126, 132, 125, -1,
      125, 132, 131, -1,
      125, 131, 124, -1,
      124, 131, 130, -1,
      124, 130, 123, -1,
      123, 130, 133, -1,
      123, 133, 122, -1,
      105, 106, 104, -1,
      104, 106, 107, -1,
      104, 107, 103, -1,
      103, 107, 108, -1,
      103, 108, 102, -1,
      102, 108, 109, -1,
      102, 109, 145, -1,
      145, 109, 110, -1,
      145, 110, 147, -1,
      147, 110, 111, -1,
      147, 111, 146, -1,
      146, 111, 112, -1,
      146, 112, 144, -1,
      144, 112, 113, -1,
      144, 113, 143, -1,
      143, 113, 114, -1,
      143, 114, 141, -1,
      138, 119, 136, -1,
      133, 134, 122, -1,
      122, 134, 135, -1,
      122, 135, 121, -1,
      121, 135, 136, -1,
      121, 136, 120, -1,
      120, 136, 119, -1,
      140, 117, 139, -1,
      139, 117, 118, -1,
      139, 118, 137, -1,
      137, 118, 138, -1,
      141, 114, 142, -1,
      142, 114, 115, -1,
      142, 115, 140, -1,
      140, 115, 116, -1,
      140, 116, 117, -1,
      148, 149, 14, -1,
      14, 149, 15, -1,
      10, 150, 9, -1,
      9, 150, 148, -1,
      9, 148, 14, -1,
      151, 150, 8, -1,
      8, 150, 10, -1,
      151, 8, 152, -1,
      152, 8, 7, -1,
      152, 7, 16, -1,
      153, 152, 17, -1,
      17, 152, 16, -1,
      21, 154, 18, -1,
      18, 154, 153, -1,
      18, 153, 17, -1,
      155, 154, 20, -1,
      20, 154, 21, -1,
      155, 20, 156, -1,
      156, 20, 19, -1,
      156, 19, 13, -1,
      157, 156, 11, -1,
      11, 156, 13, -1,
      22, 158, 12, -1,
      12, 158, 157, -1,
      12, 157, 11, -1,
      159, 158, 23, -1,
      23, 158, 22, -1,
      159, 23, 149, -1,
      149, 23, 27, -1,
      149, 27, 15, -1,
      159, 149, 148, -1,
      148, 150, 159, -1,
      159, 150, 151, -1,
      159, 151, 158, -1,
      156, 157, 155, -1,
      155, 157, 158, -1,
      155, 158, 154, -1,
      154, 158, 151, -1,
      154, 151, 153, -1,
      153, 151, 152, -1,
      160, 161, 162, -1,
      162, 161, 163, -1,
      162, 163, 164, -1,
      164, 163, 165, -1,
      164, 165, 166, -1,
      166, 165, 167, -1,
      166, 167, 168, -1,
      168, 167, 169, -1,
      168, 169, 170, -1,
      170, 169, 171, -1,
      170, 171, 172, -1,
      172, 171, 173, -1,
      172, 173, 174, -1,
      174, 173, 175, -1,
      174, 175, 176, -1,
      176, 175, 177, -1,
      176, 177, 178, -1,
      178, 177, 179, -1,
      178, 179, 180, -1,
      180, 179, 181, -1,
      180, 181, 182, -1,
      182, 181, 183, -1,
      182, 183, 184, -1,
      184, 183, 185, -1,
      184, 185, 186, -1,
      186, 185, 187, -1,
      186, 187, 188, -1,
      188, 187, 189, -1,
      188, 189, 190, -1,
      190, 189, 191, -1,
      190, 191, 192, -1,
      192, 191, 193, -1,
      192, 193, 194, -1,
      194, 193, 195, -1,
      194, 195, 160, -1,
      160, 195, 161, -1,
      161, 195, 90, -1,
      90, 195, 91, -1,
      161, 90, 89, -1,
      161, 89, 163, -1,
      163, 89, 78, -1,
      163, 78, 165, -1,
      78, 79, 165, -1,
      165, 79, 80, -1,
      165, 80, 167, -1,
      167, 80, 75, -1,
      167, 75, 169, -1,
      169, 75, 74, -1,
      169, 74, 171, -1,
      171, 74, 73, -1,
      171, 73, 173, -1,
      173, 73, 86, -1,
      173, 86, 175, -1,
      175, 86, 85, -1,
      175, 85, 177, -1,
      177, 85, 84, -1,
      177, 84, 179, -1,
      179, 84, 83, -1,
      179, 83, 181, -1,
      181, 83, 82, -1,
      181, 82, 183, -1,
      183, 82, 81, -1,
      183, 81, 185, -1,
      87, 191, 189, -1,
      185, 81, 77, -1,
      185, 77, 187, -1,
      187, 77, 76, -1,
      187, 76, 189, -1,
      189, 76, 88, -1,
      189, 88, 87, -1,
      193, 191, 92, -1,
      92, 191, 87, -1,
      195, 193, 91, -1,
      91, 193, 92, -1,
      190, 192, 196, -1,
      196, 192, 197, -1,
      192, 194, 197, -1,
      197, 194, 198, -1,
      194, 160, 198, -1,
      198, 160, 199, -1,
      168, 200, 201, -1,
      168, 201, 166, -1,
      166, 201, 202, -1,
      166, 202, 164, -1,
      164, 202, 203, -1,
      164, 203, 162, -1,
      162, 203, 199, -1,
      162, 199, 160, -1,
      176, 204, 205, -1,
      176, 205, 174, -1,
      174, 205, 206, -1,
      174, 206, 172, -1,
      172, 206, 207, -1,
      172, 207, 170, -1,
      170, 207, 200, -1,
      170, 200, 168, -1,
      184, 208, 209, -1,
      184, 209, 182, -1,
      182, 209, 210, -1,
      182, 210, 180, -1,
      180, 210, 211, -1,
      180, 211, 178, -1,
      178, 211, 204, -1,
      178, 204, 176, -1,
      190, 196, 212, -1,
      190, 212, 188, -1,
      188, 212, 213, -1,
      188, 213, 186, -1,
      186, 213, 208, -1,
      186, 208, 184, -1,
    ]
  }
}

Shape {
  appearance Appearance {
    material Material {
      diffuseColor 0.2510 0.2510 0.2510
      specularColor 0.1255 0.1255 0.1255
      ambientIntensity 0.2
      transparency 0.0000
      shininess 0.5
    }
  }
  geometry IndexedFaceSet {
    ccw TRUE
    solid FALSE
    coord DEF co Coordinate {
      point [
        0.205145 -0.470563 0.826772,
        0.193049 -0.470563 0.826772,
        0.193049 -0.532294 0.826772,
        0.204674 -0.532294 0.826772,
        0.228478 -0.523943 0.826772,
        0.226998 -0.525285 0.826772,
        0.221694 -0.528757 0.826772,
        0.214844 -0.531199 0.826772,
        0.237034 -0.500650 0.826772,
        0.236769 -0.505718 0.826772,
        0.235217 -0.513055 0.826772,
        0.232461 -0.519001 0.826772,
        0.228253 -0.478095 0.826772,
        0.230887 -0.480762 0.826772,
        0.233892 -0.485371 0.826772,
        0.236047 -0.491436 0.826772,
        0.215465 -0.471704 0.826772,
        0.222409 -0.474210 0.826772,
      ]
    }
    coordIndex [
      1, 2, 0, -1,
      0, 2, 3, -1,
      0, 3, 7, -1,
      7, 6, 0, -1,
      0, 6, 5, -1,
      0, 5, 4, -1,
      4, 11, 0, -1,
      0, 11, 10, -1,
      0, 10, 9, -1,
      9, 8, 0, -1,
      0, 8, 15, -1,
      0, 15, 14, -1,
      14, 13, 0, -1,
      0, 13, 12, -1,
      0, 12, 16, -1,
      16, 12, 17, -1,
    ]
  }
}

Shape {
  appearance Appearance {
    material Material {
      diffuseColor 1.0000 1.0000 1.0000
      specularColor 0.5020 0.5020 0.5020
      ambientIntensity 0.2
      transparency 0.0000
      shininess 0.5
    }
  }
  geometry IndexedFaceSet {
    ccw TRUE
    solid FALSE
    coord DEF co Coordinate {
      point [
        0.304802 -0.519522 0.826772,
        0.275421 -0.519522 0.826772,
        0.312969 -0.541422 0.826772,
        0.324390 -0.541422 0.826772,
        0.293893 -0.461352 0.826772,
        0.271461 -0.519522 0.826772,
        0.263765 -0.541422 0.826772,
        0.252344 -0.541422 0.826772,
        0.275421 -0.480833 0.826772,
        0.282841 -0.461352 0.826772,
        0.274735 -0.510475 0.830709,
        0.271461 -0.519522 0.830709,
        0.301609 -0.510475 0.830709,
        0.304802 -0.519522 0.830709,
        0.286709 -0.477194 0.830709,
        0.282841 -0.461352 0.830709,
        0.252344 -0.541422 0.830709,
        0.263765 -0.541422 0.830709,
        0.287402 -0.474805 0.830709,
        0.288019 -0.471586 0.830709,
        0.293893 -0.461352 0.830709,
        0.288265 -0.471586 0.830709,
        0.288912 -0.474974 0.830709,
        0.289513 -0.477194 0.830709,
        0.324390 -0.541422 0.830709,
        0.312969 -0.541422 0.830709,
        0.274735 -0.510475 0.826772,
        0.301609 -0.510475 0.826772,
        0.289513 -0.477194 0.826772,
        0.288265 -0.471586 0.826772,
        0.288912 -0.474974 0.826772,
        0.288019 -0.471586 0.826772,
        0.286709 -0.477194 0.826772,
        0.287402 -0.474805 0.826772,
      ]
    }
    coordIndex [
      10, 11, 12, -1,
      12, 11, 13, -1,
      14, 15, 10, -1,
      10, 15, 16, -1,
      10, 16, 11, -1,
      11, 16, 17, -1,
      14, 18, 15, -1,
      15, 18, 19, -1,
      15, 19, 20, -1,
      20, 19, 21, -1,
      20, 21, 22, -1,
      22, 23, 20, -1,
      20, 23, 12, -1,
      20, 12, 24, -1,
      24, 12, 13, -1,
      24, 13, 25, -1,
      20, 24, 4, -1,
      4, 24, 3, -1,
      15, 20, 9, -1,
      9, 20, 4, -1,
      7, 16, 8, -1,
      8, 16, 15, -1,
      8, 15, 9, -1,
      17, 16, 6, -1,
      6, 16, 7, -1,
      11, 17, 5, -1,
      5, 17, 6, -1,
      0, 13, 1, -1,
      1, 13, 11, -1,
      1, 11, 5, -1,
      25, 13, 2, -1,
      2, 13, 0, -1,
      24, 25, 3, -1,
      3, 25, 2, -1,
      10, 12, 26, -1,
      26, 12, 27, -1,
      12, 23, 27, -1,
      27, 23, 28, -1,
      21, 29, 30, -1,
      21, 30, 22, -1,
      22, 30, 28, -1,
      22, 28, 23, -1,
      21, 19, 29, -1,
      29, 19, 31, -1,
      14, 32, 33, -1,
      14, 33, 18, -1,
      18, 33, 31, -1,
      18, 31, 19, -1,
      14, 10, 32, -1,
      32, 10, 26, -1,
    ]
  }
}

Shape {
  appearance Appearance {
    material Material {
      diffuseColor 0.2510 0.2510 0.2510
      specularColor 0.1255 0.1255 0.1255
      ambientIntensity 0.2
      transparency 0.0000
      shininess 0.5
    }
  }
  geometry IndexedFaceSet {
    ccw TRUE
    solid FALSE
    coord DEF co Coordinate {
      point [
        0.274735 -0.510475 0.826772,
        0.301609 -0.510475 0.826772,
        0.289513 -0.477194 0.826772,
        0.288265 -0.471586 0.826772,
        0.288912 -0.474974 0.826772,
        0.288019 -0.471586 0.826772,
        0.286709 -0.477194 0.826772,
        0.287402 -0.474805 0.826772,
      ]
    }
    coordIndex [
      3, 5, 4, -1,
      4, 5, 7, -1,
      4, 7, 2, -1,
      2, 7, 6, -1,
      2, 6, 1, -1,
      1, 6, 0, -1,
    ]
  }
}

Shape {
  appearance Appearance {
    material Material {
      diffuseColor 1.0000 1.0000 1.0000
      specularColor 0.5020 0.5020 0.5020
      ambientIntensity 0.2
      transparency 0.0000
      shininess 0.5
    }
  }
  geometry IndexedFaceSet {
    ccw TRUE
    solid FALSE
    coord DEF co Coordinate {
      point [
        0.059752 -0.641193 0.826772,
        0.061298 -0.625012 0.826772,
        0.057750 -0.644066 0.826772,
        0.056376 -0.647604 0.826772,
        0.067355 -0.668967 0.826772,
        0.063596 -0.667431 0.826772,
        0.057311 -0.660856 0.826772,
        0.056142 -0.657404 0.826772,
        0.061298 -0.615270 0.826772,
        0.063267 -0.614124 0.826772,
        0.091631 -0.659602 0.826772,
        0.091365 -0.659602 0.826772,
        0.091631 -0.668444 0.826772,
        0.089024 -0.662970 0.826772,
        0.091189 -0.611747 0.826772,
        0.062824 -0.638528 0.826772,
        0.067094 -0.636339 0.826772,
        0.068284 -0.620632 0.826772,
        0.074684 -0.634468 0.826772,
        0.074568 -0.618614 0.826772,
        0.085754 -0.666096 0.826772,
        0.083412 -0.667583 0.826772,
        0.079426 -0.669120 0.826772,
        0.060623 -0.665293 0.826772,
        0.059104 -0.663687 0.826772,
        0.070706 -0.611212 0.826772,
        0.080988 -0.609948 0.826772,
        0.086938 -0.610475 0.826772,
        0.091631 -0.632094 0.826772,
        0.091352 -0.628089 0.826772,
        0.090352 -0.624340 0.826772,
        0.055711 -0.653135 0.826772,
        0.055738 -0.651935 0.826772,
        0.094533 -0.613639 0.826772,
        0.097218 -0.616182 0.826772,
        0.099278 -0.619404 0.826772,
        0.100859 -0.623932 0.826772,
        0.089204 -0.622214 0.826772,
        0.087724 -0.620557 0.826772,
        0.085987 -0.619372 0.826772,
        0.083739 -0.618521 0.826772,
        0.080047 -0.618094 0.826772,
        0.101661 -0.631644 0.826772,
        0.079413 -0.669125 0.826772,
        0.073845 -0.669795 0.826772,
        0.072009 -0.669737 0.826772,
        0.068278 -0.669120 0.826772,
        0.101661 -0.668444 0.826772,
        0.003047 -0.668444 0.826772,
        0.046111 -0.668444 0.826772,
        0.046111 -0.659316 0.826772,
        0.044290 -0.597585 0.826772,
        0.003047 -0.588375 0.826772,
        0.044290 -0.588375 0.826772,
        0.013383 -0.632380 0.826772,
        0.013383 -0.659316 0.826772,
        0.042018 -0.632380 0.826772,
        0.042018 -0.623211 0.826772,
        0.013383 -0.623211 0.826772,
        0.013383 -0.597585 0.826772,
        0.046111 -0.659316 0.830709,
        0.046111 -0.668444 0.830709,
        0.013383 -0.659316 0.830709,
        0.013383 -0.632380 0.830709,
        0.042018 -0.632380 0.830709,
        0.042018 -0.623211 0.830709,
        0.013383 -0.623211 0.830709,
        0.013383 -0.597585 0.830709,
        0.044290 -0.597585 0.830709,
        0.044290 -0.588375 0.830709,
        0.003047 -0.588375 0.830709,
        0.003047 -0.668444 0.830709,
        0.091631 -0.668444 0.830709,
        0.101661 -0.668444 0.830709,
        0.091631 -0.659602 0.830709,
        0.101661 -0.631644 0.830709,
        0.091631 -0.632094 0.830709,
        0.069897 -0.644038 0.830709,
        0.072305 -0.642911 0.830709,
        0.078246 -0.641550 0.830709,
        0.091631 -0.639749 0.830709,
        0.091631 -0.645234 0.830709,
        0.091365 -0.659602 0.830709,
        0.086096 -0.658112 0.830709,
        0.089024 -0.662970 0.830709,
        0.083267 -0.660030 0.830709,
        0.091622 -0.645900 0.830709,
        0.090976 -0.650374 0.830709,
        0.089505 -0.653953 0.830709,
        0.087333 -0.656901 0.830709,
        0.066797 -0.656441 0.830709,
        0.059104 -0.663687 0.830709,
        0.067937 -0.658131 0.830709,
        0.060623 -0.665293 0.830709,
        0.068789 -0.658989 0.830709,
        0.063596 -0.667431 0.830709,
        0.070788 -0.660353 0.830709,
        0.067355 -0.668967 0.830709,
        0.073057 -0.661186 0.830709,
        0.072009 -0.669737 0.830709,
        0.076444 -0.661567 0.830709,
        0.091352 -0.628089 0.830709,
        0.100859 -0.623932 0.830709,
        0.090352 -0.624340 0.830709,
        0.099278 -0.619404 0.830709,
        0.089204 -0.622214 0.830709,
        0.097218 -0.616182 0.830709,
        0.087724 -0.620557 0.830709,
        0.094533 -0.613639 0.830709,
        0.085987 -0.619372 0.830709,
        0.091189 -0.611747 0.830709,
        0.083739 -0.618521 0.830709,
        0.086938 -0.610475 0.830709,
        0.080047 -0.618094 0.830709,
        0.080988 -0.609948 0.830709,
        0.074568 -0.618614 0.830709,
        0.070706 -0.611212 0.830709,
        0.068284 -0.620632 0.830709,
        0.063267 -0.614124 0.830709,
        0.061298 -0.625012 0.830709,
        0.061298 -0.615270 0.830709,
        0.073845 -0.669795 0.830709,
        0.079413 -0.669125 0.830709,
        0.080228 -0.661141 0.830709,
        0.083412 -0.667583 0.830709,
        0.085754 -0.666096 0.830709,
        0.065968 -0.650724 0.830709,
        0.055738 -0.651935 0.830709,
        0.065883 -0.652316 0.830709,
        0.055711 -0.653135 0.830709,
        0.066138 -0.654619 0.830709,
        0.056142 -0.657404 0.830709,
        0.057311 -0.660856 0.830709,
        0.074684 -0.634468 0.830709,
        0.067094 -0.636339 0.830709,
        0.068544 -0.645070 0.830709,
        0.062824 -0.638528 0.830709,
        0.067343 -0.646557 0.830709,
        0.059752 -0.641193 0.830709,
        0.066463 -0.648427 0.830709,
        0.057750 -0.644066 0.830709,
        0.056376 -0.647604 0.830709,
        0.068544 -0.645070 0.826772,
        0.069897 -0.644038 0.826772,
        0.072305 -0.642911 0.826772,
        0.078246 -0.641550 0.826772,
        0.065883 -0.652316 0.826772,
        0.065968 -0.650724 0.826772,
        0.066463 -0.648427 0.826772,
        0.067343 -0.646557 0.826772,
        0.068789 -0.658989 0.826772,
        0.067937 -0.658131 0.826772,
        0.066797 -0.656441 0.826772,
        0.066138 -0.654619 0.826772,
        0.076444 -0.661567 0.826772,
        0.073057 -0.661186 0.826772,
        0.070788 -0.660353 0.826772,
        0.087333 -0.656901 0.826772,
        0.086096 -0.658112 0.826772,
        0.083267 -0.660030 0.826772,
        0.080228 -0.661141 0.826772,
        0.091631 -0.645234 0.826772,
        0.091622 -0.645900 0.826772,
        0.090976 -0.650374 0.826772,
        0.089505 -0.653953 0.826772,
        0.091631 -0.639749 0.826772,
      ]
    }
    coordIndex [
      60, 61, 50, -1,
      50, 61, 49, -1,
      62, 60, 55, -1,
      55, 60, 50, -1,
      63, 62, 54, -1,
      54, 62, 55, -1,
      64, 63, 56, -1,
      56, 63, 54, -1,
      65, 64, 57, -1,
      57, 64, 56, -1,
      66, 65, 58, -1,
      58, 65, 57, -1,
      67, 66, 59, -1,
      59, 66, 58, -1,
      68, 67, 51, -1,
      51, 67, 59, -1,
      69, 68, 53, -1,
      53, 68, 51, -1,
      70, 69, 52, -1,
      52, 69, 53, -1,
      71, 70, 48, -1,
      48, 70, 52, -1,
      61, 71, 49, -1,
      49, 71, 48, -1,
      71, 61, 60, -1,
      60, 62, 71, -1,
      71, 62, 63, -1,
      71, 63, 70, -1,
      68, 69, 67, -1,
      67, 69, 70, -1,
      67, 70, 66, -1,
      66, 70, 63, -1,
      66, 63, 65, -1,
      65, 63, 64, -1,
      72, 73, 74, -1,
      74, 73, 75, -1,
      76, 77, 78, -1,
      79, 80, 75, -1,
      75, 80, 81, -1,
      82, 83, 84, -1,
      84, 83, 85, -1,
      81, 86, 75, -1,
      75, 86, 87, -1,
      75, 87, 74, -1,
      74, 87, 88, -1,
      74, 88, 82, -1,
      82, 88, 89, -1,
      82, 89, 83, -1,
      90, 91, 92, -1,
      92, 91, 93, -1,
      92, 93, 94, -1,
      94, 93, 95, -1,
      94, 95, 96, -1,
      96, 95, 97, -1,
      96, 97, 98, -1,
      98, 97, 99, -1,
      98, 99, 100, -1,
      78, 79, 76, -1,
      76, 79, 75, -1,
      76, 75, 101, -1,
      101, 75, 102, -1,
      101, 102, 103, -1,
      103, 102, 104, -1,
      103, 104, 105, -1,
      105, 104, 106, -1,
      105, 106, 107, -1,
      107, 106, 108, -1,
      107, 108, 109, -1,
      109, 108, 110, -1,
      109, 110, 111, -1,
      111, 110, 112, -1,
      111, 112, 113, -1,
      113, 112, 114, -1,
      113, 114, 115, -1,
      115, 114, 116, -1,
      115, 116, 117, -1,
      117, 116, 118, -1,
      117, 118, 119, -1,
      119, 118, 120, -1,
      99, 121, 100, -1,
      100, 121, 122, -1,
      100, 122, 123, -1,
      123, 122, 124, -1,
      123, 124, 85, -1,
      85, 124, 125, -1,
      85, 125, 84, -1,
      126, 127, 128, -1,
      128, 127, 129, -1,
      128, 129, 130, -1,
      130, 129, 131, -1,
      130, 131, 90, -1,
      90, 131, 132, -1,
      90, 132, 91, -1,
      76, 133, 77, -1,
      77, 133, 134, -1,
      77, 134, 135, -1,
      135, 134, 136, -1,
      135, 136, 137, -1,
      137, 136, 138, -1,
      137, 138, 139, -1,
      139, 138, 140, -1,
      139, 140, 126, -1,
      126, 140, 141, -1,
      126, 141, 127, -1,
      114, 26, 25, -1,
      114, 25, 116, -1,
      116, 25, 9, -1,
      116, 9, 118, -1,
      118, 9, 8, -1,
      118, 8, 120, -1,
      119, 120, 1, -1,
      1, 120, 8, -1,
      119, 1, 17, -1,
      119, 17, 117, -1,
      117, 17, 19, -1,
      117, 19, 115, -1,
      115, 19, 41, -1,
      115, 41, 113, -1,
      113, 41, 40, -1,
      113, 40, 111, -1,
      111, 40, 39, -1,
      111, 39, 109, -1,
      109, 39, 38, -1,
      109, 38, 107, -1,
      107, 38, 37, -1,
      107, 37, 105, -1,
      105, 37, 30, -1,
      105, 30, 103, -1,
      103, 30, 29, -1,
      103, 29, 101, -1,
      101, 29, 28, -1,
      101, 28, 76, -1,
      133, 76, 18, -1,
      18, 76, 28, -1,
      133, 18, 16, -1,
      133, 16, 134, -1,
      134, 16, 15, -1,
      134, 15, 136, -1,
      136, 15, 0, -1,
      136, 0, 138, -1,
      138, 0, 2, -1,
      138, 2, 140, -1,
      140, 2, 3, -1,
      140, 3, 141, -1,
      141, 3, 32, -1,
      141, 32, 127, -1,
      127, 32, 31, -1,
      127, 31, 129, -1,
      129, 31, 7, -1,
      129, 7, 131, -1,
      131, 7, 6, -1,
      131, 6, 132, -1,
      132, 6, 24, -1,
      132, 24, 91, -1,
      91, 24, 23, -1,
      91, 23, 93, -1,
      44, 121, 99, -1,
      93, 23, 5, -1,
      93, 5, 95, -1,
      95, 5, 4, -1,
      95, 4, 97, -1,
      97, 4, 46, -1,
      97, 46, 99, -1,
      99, 46, 45, -1,
      99, 45, 44, -1,
      121, 44, 43, -1,
      121, 43, 122, -1,
      122, 43, 22, -1,
      122, 22, 124, -1,
      22, 21, 124, -1,
      124, 21, 20, -1,
      124, 20, 125, -1,
      125, 20, 13, -1,
      125, 13, 84, -1,
      84, 13, 11, -1,
      84, 11, 82, -1,
      74, 82, 10, -1,
      10, 82, 11, -1,
      72, 74, 12, -1,
      12, 74, 10, -1,
      73, 72, 47, -1,
      47, 72, 12, -1,
      75, 73, 42, -1,
      42, 73, 47, -1,
      75, 42, 36, -1,
      75, 36, 102, -1,
      102, 36, 35, -1,
      102, 35, 104, -1,
      104, 35, 34, -1,
      104, 34, 106, -1,
      106, 34, 33, -1,
      106, 33, 108, -1,
      108, 33, 14, -1,
      108, 14, 110, -1,
      110, 14, 27, -1,
      110, 27, 112, -1,
      112, 27, 26, -1,
      112, 26, 114, -1,
      135, 142, 143, -1,
      135, 143, 77, -1,
      77, 143, 144, -1,
      77, 144, 78, -1,
      78, 144, 145, -1,
      78, 145, 79, -1,
      128, 146, 147, -1,
      128, 147, 126, -1,
      126, 147, 148, -1,
      126, 148, 139, -1,
      139, 148, 149, -1,
      139, 149, 137, -1,
      137, 149, 142, -1,
      137, 142, 135, -1,
      94, 150, 151, -1,
      94, 151, 92, -1,
      92, 151, 152, -1,
      92, 152, 90, -1,
      90, 152, 153, -1,
      90, 153, 130, -1,
      130, 153, 146, -1,
      130, 146, 128, -1,
      100, 154, 155, -1,
      100, 155, 98, -1,
      98, 155, 156, -1,
      98, 156, 96, -1,
      96, 156, 150, -1,
      96, 150, 94, -1,
      89, 157, 158, -1,
      89, 158, 83, -1,
      83, 158, 159, -1,
      83, 159, 85, -1,
      85, 159, 160, -1,
      85, 160, 123, -1,
      123, 160, 154, -1,
      123, 154, 100, -1,
      81, 161, 162, -1,
      81, 162, 86, -1,
      86, 162, 163, -1,
      86, 163, 87, -1,
      87, 163, 164, -1,
      87, 164, 88, -1,
      88, 164, 157, -1,
      88, 157, 89, -1,
      81, 80, 161, -1,
      161, 80, 165, -1,
      80, 79, 165, -1,
      165, 79, 145, -1,
    ]
  }
}

Shape {
  appearance Appearance {
    material Material {
      diffuseColor 0.2510 0.2510 0.2510
      specularColor 0.1255 0.1255 0.1255
      ambientIntensity 0.2
      transparency 0.0000
      shininess 0.5
    }
  }
  geometry IndexedFaceSet {
    ccw TRUE
    solid FALSE
    coord DEF co Coordinate {
      point [
        0.068544 -0.645070 0.826772,
        0.069897 -0.644038 0.826772,
        0.072305 -0.642911 0.826772,
        0.078246 -0.641550 0.826772,
        0.065883 -0.652316 0.826772,
        0.065968 -0.650724 0.826772,
        0.066463 -0.648427 0.826772,
        0.067343 -0.646557 0.826772,
        0.068789 -0.658989 0.826772,
        0.067937 -0.658131 0.826772,
        0.066797 -0.656441 0.826772,
        0.066138 -0.654619 0.826772,
        0.076444 -0.661567 0.826772,
        0.073057 -0.661186 0.826772,
        0.070788 -0.660353 0.826772,
        0.087333 -0.656901 0.826772,
        0.086096 -0.658112 0.826772,
        0.083267 -0.660030 0.826772,
        0.080228 -0.661141 0.826772,
        0.091631 -0.645234 0.826772,
        0.091622 -0.645900 0.826772,
        0.090976 -0.650374 0.826772,
        0.089505 -0.653953 0.826772,
        0.091631 -0.639749 0.826772,
      ]
    }
    coordIndex [
      23, 3, 19, -1,
      19, 3, 2, -1,
      2, 1, 19, -1,
      19, 1, 0, -1,
      19, 0, 20, -1,
      20, 0, 21, -1,
      21, 0, 7, -1,
      21, 7, 22, -1,
      9, 8, 16, -1,
      9, 16, 10, -1,
      17, 16, 18, -1,
      18, 16, 12, -1,
      7, 6, 22, -1,
      22, 6, 5, -1,
      22, 5, 15, -1,
      15, 5, 4, -1,
      15, 4, 16, -1,
      16, 4, 11, -1,
      16, 11, 10, -1,
      8, 14, 16, -1,
      16, 14, 13, -1,
      16, 13, 12, -1,
    ]
  }
}

Shape {
  appearance Appearance {
    material Material {
      diffuseColor 1.0000 1.0000 1.0000
      specularColor 0.5020 0.5020 0.5020
      ambientIntensity 0.2
      transparency 0.0000
      shininess 0.5
    }
  }
  geometry IndexedFaceSet {
    ccw TRUE
    solid FALSE
    coord DEF co Coordinate {
      point [
        0.139093 -0.668902 0.826772,
        0.137061 -0.669120 0.826772,
        0.116918 -0.619846 0.826772,
        0.118791 -0.617137 0.826772,
        0.115715 -0.623074 0.826772,
        0.119798 -0.637453 0.826772,
        0.115251 -0.656082 0.826772,
        0.119887 -0.637512 0.826772,
        0.118855 -0.658339 0.826772,
        0.119887 -0.658743 0.826772,
        0.118157 -0.635737 0.826772,
        0.116846 -0.633640 0.826772,
        0.115742 -0.630576 0.826772,
        0.115313 -0.626691 0.826772,
        0.115251 -0.666439 0.826772,
        0.119887 -0.668072 0.826772,
        0.122244 -0.668902 0.826772,
        0.124319 -0.669120 0.826772,
        0.130766 -0.669795 0.826772,
        0.151131 -0.612486 0.826772,
        0.151131 -0.622228 0.826772,
        0.121739 -0.614492 0.826772,
        0.124124 -0.613020 0.826772,
        0.153400 -0.656904 0.826772,
        0.152173 -0.660083 0.826772,
        0.150307 -0.662729 0.826772,
        0.119887 -0.616153 0.826772,
        0.129479 -0.610931 0.826772,
        0.137581 -0.609948 0.826772,
        0.144617 -0.610572 0.826772,
        0.150517 -0.643433 0.826772,
        0.152369 -0.646155 0.826772,
        0.153448 -0.649104 0.826772,
        0.153874 -0.652889 0.826772,
        0.147426 -0.665252 0.826772,
        0.144545 -0.666968 0.826772,
        0.136599 -0.618094 0.826772,
        0.133630 -0.618317 0.826772,
        0.125649 -0.625790 0.826772,
        0.130947 -0.619027 0.826772,
        0.128698 -0.620223 0.826772,
        0.125740 -0.627124 0.826772,
        0.126138 -0.628682 0.826772,
        0.126861 -0.630035 0.826772,
        0.127839 -0.631111 0.826772,
        0.131374 -0.633322 0.826772,
        0.143634 -0.618954 0.826772,
        0.137581 -0.636024 0.826772,
        0.149305 -0.621158 0.826772,
        0.141465 -0.637595 0.826772,
        0.148126 -0.641299 0.826772,
        0.127185 -0.621560 0.826772,
        0.126325 -0.622836 0.826772,
        0.125830 -0.624190 0.826772,
        0.125127 -0.660791 0.826772,
        0.130500 -0.643310 0.826772,
        0.124522 -0.640570 0.826772,
        0.131748 -0.661608 0.826772,
        0.132191 -0.661606 0.826772,
        0.137085 -0.646068 0.826772,
        0.137332 -0.661030 0.826772,
        0.143578 -0.653872 0.826772,
        0.143480 -0.652624 0.826772,
        0.139920 -0.660082 0.826772,
        0.140835 -0.659528 0.826772,
        0.141985 -0.658506 0.826772,
        0.142861 -0.657211 0.826772,
        0.143371 -0.655785 0.826772,
        0.143024 -0.651058 0.826772,
        0.142249 -0.649728 0.826772,
        0.141000 -0.648427 0.826772,
        0.203590 -0.611258 0.826772,
        0.213987 -0.611258 0.826772,
        0.185251 -0.654240 0.826772,
        0.186479 -0.658948 0.826772,
        0.186745 -0.658948 0.826772,
        0.175150 -0.625183 0.826772,
        0.187973 -0.654322 0.826772,
        0.187205 -0.656988 0.826772,
        0.175150 -0.652103 0.826772,
        0.159093 -0.611258 0.826772,
        0.170309 -0.611258 0.826772,
        0.181526 -0.668322 0.826772,
        0.181188 -0.669120 0.826772,
        0.177125 -0.678719 0.826772,
        0.161160 -0.694561 0.826772,
        0.161160 -0.685637 0.826772,
        0.173246 -0.684455 0.826772,
        0.175115 -0.682386 0.826772,
        0.175150 -0.682323 0.826772,
        0.163391 -0.686355 0.826772,
        0.166850 -0.686783 0.826772,
        0.175150 -0.693610 0.826772,
        0.171514 -0.694953 0.826772,
        0.167628 -0.695380 0.826772,
        0.164118 -0.695170 0.826772,
        0.169442 -0.686469 0.826772,
        0.171619 -0.685601 0.826772,
        0.188034 -0.677082 0.826772,
        0.184523 -0.684310 0.826772,
        0.191174 -0.669120 0.826772,
        0.180230 -0.689933 0.826772,
        0.179001 -0.691080 0.826772,
        0.175488 -0.693485 0.826772,
        0.250123 -0.632380 0.826772,
        0.235130 -0.632380 0.826772,
        0.250123 -0.659316 0.826772,
        0.235130 -0.659316 0.826772,
        0.266037 -0.588375 0.826772,
        0.266037 -0.597585 0.826772,
        0.267858 -0.659316 0.826772,
        0.267858 -0.668444 0.826772,
        0.263765 -0.632380 0.826772,
        0.263765 -0.623211 0.826772,
        0.250123 -0.623211 0.826772,
        0.250123 -0.597585 0.826772,
        0.235130 -0.597585 0.826772,
        0.235130 -0.623211 0.826772,
        0.250123 -0.668444 0.826772,
        0.224794 -0.668444 0.826772,
        0.224794 -0.588375 0.826772,
        0.250123 -0.588375 0.826772,
        0.346798 -0.616196 0.826772,
        0.348173 -0.627386 0.826772,
        0.347937 -0.632445 0.826772,
        0.346004 -0.641826 0.826772,
        0.342069 -0.650112 0.826772,
        0.336097 -0.657228 0.826772,
        0.334685 -0.658484 0.826772,
        0.326846 -0.663686 0.826772,
        0.282984 -0.588375 0.826772,
        0.282984 -0.668444 0.826772,
        0.305007 -0.668444 0.826772,
        0.317506 -0.667065 0.826772,
        0.336097 -0.598977 0.826772,
        0.338826 -0.601635 0.826772,
        0.343807 -0.608587 0.826772,
        0.305826 -0.588375 0.826772,
        0.318040 -0.589722 0.826772,
        0.327705 -0.593250 0.826772,
        0.115251 -0.656082 0.830709,
        0.118855 -0.658339 0.830709,
        0.131748 -0.661608 0.830709,
        0.125127 -0.660791 0.830709,
        0.115251 -0.666439 0.830709,
        0.122244 -0.668902 0.830709,
        0.130766 -0.669795 0.830709,
        0.139093 -0.668902 0.830709,
        0.144545 -0.666968 0.830709,
        0.147426 -0.665252 0.830709,
        0.150307 -0.662729 0.830709,
        0.152173 -0.660083 0.830709,
        0.153400 -0.656904 0.830709,
        0.153874 -0.652889 0.830709,
        0.153448 -0.649104 0.830709,
        0.152369 -0.646155 0.830709,
        0.150517 -0.643433 0.830709,
        0.148126 -0.641299 0.830709,
        0.141465 -0.637595 0.830709,
        0.137581 -0.636024 0.830709,
        0.131374 -0.633322 0.830709,
        0.127839 -0.631111 0.830709,
        0.126861 -0.630035 0.830709,
        0.126138 -0.628682 0.830709,
        0.125740 -0.627124 0.830709,
        0.125649 -0.625790 0.830709,
        0.125830 -0.624190 0.830709,
        0.126325 -0.622836 0.830709,
        0.127185 -0.621560 0.830709,
        0.128698 -0.620223 0.830709,
        0.130947 -0.619027 0.830709,
        0.133630 -0.618317 0.830709,
        0.136599 -0.618094 0.830709,
        0.143634 -0.618954 0.830709,
        0.149305 -0.621158 0.830709,
        0.151131 -0.622228 0.830709,
        0.151131 -0.612486 0.830709,
        0.144617 -0.610572 0.830709,
        0.137581 -0.609948 0.830709,
        0.129479 -0.610931 0.830709,
        0.124124 -0.613020 0.830709,
        0.121739 -0.614492 0.830709,
        0.118791 -0.617137 0.830709,
        0.116918 -0.619846 0.830709,
        0.115715 -0.623074 0.830709,
        0.115313 -0.626691 0.830709,
        0.115742 -0.630576 0.830709,
        0.116846 -0.633640 0.830709,
        0.118157 -0.635737 0.830709,
        0.130500 -0.643310 0.830709,
        0.124522 -0.640570 0.830709,
        0.119798 -0.637453 0.830709,
        0.137085 -0.646068 0.830709,
        0.141000 -0.648427 0.830709,
        0.142249 -0.649728 0.830709,
        0.143024 -0.651058 0.830709,
        0.143480 -0.652624 0.830709,
        0.143578 -0.653872 0.830709,
        0.143371 -0.655785 0.830709,
        0.142861 -0.657211 0.830709,
        0.141985 -0.658506 0.830709,
        0.140835 -0.659528 0.830709,
        0.139920 -0.660082 0.830709,
        0.137332 -0.661030 0.830709,
        0.132191 -0.661606 0.830709,
        0.203590 -0.611258 0.830709,
        0.213987 -0.611258 0.830709,
        0.187973 -0.654322 0.830709,
        0.187205 -0.656988 0.830709,
        0.186745 -0.658948 0.830709,
        0.186479 -0.658948 0.830709,
        0.185251 -0.654240 0.830709,
        0.170309 -0.611258 0.830709,
        0.159093 -0.611258 0.830709,
        0.181526 -0.668322 0.830709,
        0.177125 -0.678719 0.830709,
        0.175115 -0.682386 0.830709,
        0.173246 -0.684455 0.830709,
        0.171619 -0.685601 0.830709,
        0.169442 -0.686469 0.830709,
        0.166850 -0.686783 0.830709,
        0.163391 -0.686355 0.830709,
        0.161160 -0.685637 0.830709,
        0.161160 -0.694561 0.830709,
        0.164118 -0.695170 0.830709,
        0.167628 -0.695380 0.830709,
        0.171514 -0.694953 0.830709,
        0.175488 -0.693485 0.830709,
        0.179001 -0.691080 0.830709,
        0.180230 -0.689933 0.830709,
        0.184523 -0.684310 0.830709,
        0.188034 -0.677082 0.830709,
        0.267858 -0.659316 0.830709,
        0.267858 -0.668444 0.830709,
        0.235130 -0.659316 0.830709,
        0.235130 -0.632380 0.830709,
        0.263765 -0.632380 0.830709,
        0.263765 -0.623211 0.830709,
        0.235130 -0.623211 0.830709,
        0.235130 -0.597585 0.830709,
        0.266037 -0.597585 0.830709,
        0.266037 -0.588375 0.830709,
        0.224794 -0.588375 0.830709,
        0.224794 -0.668444 0.830709,
        0.304946 -0.659316 0.830709,
        0.305007 -0.668444 0.830709,
        0.315115 -0.658222 0.830709,
        0.317506 -0.667065 0.830709,
        0.321965 -0.655780 0.830709,
        0.326846 -0.663686 0.830709,
        0.327270 -0.652308 0.830709,
        0.334685 -0.658484 0.830709,
        0.328750 -0.650965 0.830709,
        0.336097 -0.657228 0.830709,
        0.332732 -0.646024 0.830709,
        0.342069 -0.650112 0.830709,
        0.335488 -0.640077 0.830709,
        0.346004 -0.641826 0.830709,
        0.337041 -0.632741 0.830709,
        0.347937 -0.632445 0.830709,
        0.337305 -0.627673 0.830709,
        0.348173 -0.627386 0.830709,
        0.336319 -0.618458 0.830709,
        0.346798 -0.616196 0.830709,
        0.334163 -0.612394 0.830709,
        0.343807 -0.608587 0.830709,
        0.331158 -0.607784 0.830709,
        0.338826 -0.601635 0.830709,
        0.328524 -0.605118 0.830709,
        0.336097 -0.598977 0.830709,
        0.322680 -0.601233 0.830709,
        0.327705 -0.593250 0.830709,
        0.315736 -0.598726 0.830709,
        0.318040 -0.589722 0.830709,
        0.305416 -0.597585 0.830709,
        0.305826 -0.588375 0.830709,
        0.293320 -0.597585 0.830709,
        0.282984 -0.588375 0.830709,
        0.293320 -0.659316 0.830709,
        0.282984 -0.668444 0.830709,
        0.305416 -0.597585 0.826772,
        0.293320 -0.597585 0.826772,
        0.293320 -0.659316 0.826772,
        0.304946 -0.659316 0.826772,
        0.328750 -0.650965 0.826772,
        0.327270 -0.652308 0.826772,
        0.321965 -0.655780 0.826772,
        0.315115 -0.658222 0.826772,
        0.337305 -0.627673 0.826772,
        0.337041 -0.632741 0.826772,
        0.335488 -0.640077 0.826772,
        0.332732 -0.646024 0.826772,
        0.328524 -0.605118 0.826772,
        0.331158 -0.607784 0.826772,
        0.334163 -0.612394 0.826772,
        0.336319 -0.618458 0.826772,
        0.315736 -0.598726 0.826772,
        0.322680 -0.601233 0.826772,
      ]
    }
    coordIndex [
      6, 140, 141, -1,
      142, 57, 54, -1,
      142, 54, 143, -1,
      143, 54, 9, -1,
      143, 9, 141, -1,
      141, 9, 8, -1,
      141, 8, 6, -1,
      144, 140, 14, -1,
      14, 140, 6, -1,
      144, 14, 145, -1,
      145, 14, 15, -1,
      18, 146, 17, -1,
      17, 146, 145, -1,
      17, 145, 16, -1,
      16, 145, 15, -1,
      18, 1, 146, -1,
      146, 1, 147, -1,
      1, 0, 147, -1,
      147, 0, 35, -1,
      147, 35, 148, -1,
      148, 35, 34, -1,
      148, 34, 149, -1,
      149, 34, 25, -1,
      149, 25, 150, -1,
      150, 25, 24, -1,
      150, 24, 151, -1,
      151, 24, 23, -1,
      151, 23, 152, -1,
      152, 23, 33, -1,
      152, 33, 153, -1,
      153, 33, 32, -1,
      153, 32, 154, -1,
      154, 32, 31, -1,
      154, 31, 155, -1,
      155, 31, 30, -1,
      155, 30, 156, -1,
      156, 30, 50, -1,
      156, 50, 157, -1,
      157, 50, 49, -1,
      157, 49, 158, -1,
      158, 49, 47, -1,
      158, 47, 159, -1,
      159, 47, 45, -1,
      159, 45, 160, -1,
      160, 45, 44, -1,
      160, 44, 161, -1,
      161, 44, 43, -1,
      161, 43, 162, -1,
      162, 43, 42, -1,
      162, 42, 163, -1,
      163, 42, 41, -1,
      163, 41, 164, -1,
      164, 41, 38, -1,
      164, 38, 165, -1,
      165, 38, 53, -1,
      165, 53, 166, -1,
      166, 53, 52, -1,
      166, 52, 167, -1,
      167, 52, 51, -1,
      167, 51, 168, -1,
      168, 51, 40, -1,
      168, 40, 169, -1,
      169, 40, 39, -1,
      169, 39, 170, -1,
      170, 39, 37, -1,
      170, 37, 171, -1,
      171, 37, 36, -1,
      171, 36, 172, -1,
      172, 36, 46, -1,
      172, 46, 173, -1,
      173, 46, 48, -1,
      173, 48, 174, -1,
      174, 48, 20, -1,
      174, 20, 175, -1,
      176, 175, 19, -1,
      19, 175, 20, -1,
      176, 19, 29, -1,
      176, 29, 177, -1,
      177, 29, 28, -1,
      177, 28, 178, -1,
      178, 28, 27, -1,
      178, 27, 179, -1,
      179, 27, 22, -1,
      179, 22, 180, -1,
      180, 22, 21, -1,
      180, 21, 181, -1,
      21, 26, 181, -1,
      181, 26, 182, -1,
      26, 3, 182, -1,
      182, 3, 2, -1,
      182, 2, 183, -1,
      183, 2, 4, -1,
      183, 4, 184, -1,
      184, 4, 13, -1,
      184, 13, 185, -1,
      185, 13, 12, -1,
      185, 12, 186, -1,
      186, 12, 11, -1,
      186, 11, 187, -1,
      187, 11, 10, -1,
      187, 10, 188, -1,
      55, 189, 190, -1,
      188, 10, 5, -1,
      188, 5, 191, -1,
      191, 5, 7, -1,
      191, 7, 190, -1,
      190, 7, 56, -1,
      190, 56, 55, -1,
      189, 55, 59, -1,
      189, 59, 192, -1,
      192, 59, 70, -1,
      192, 70, 193, -1,
      193, 70, 69, -1,
      193, 69, 194, -1,
      194, 69, 68, -1,
      194, 68, 195, -1,
      195, 68, 62, -1,
      195, 62, 196, -1,
      196, 62, 61, -1,
      196, 61, 197, -1,
      197, 61, 67, -1,
      197, 67, 198, -1,
      198, 67, 66, -1,
      198, 66, 199, -1,
      199, 66, 65, -1,
      199, 65, 200, -1,
      200, 65, 64, -1,
      200, 64, 201, -1,
      201, 64, 63, -1,
      201, 63, 202, -1,
      202, 63, 60, -1,
      202, 60, 203, -1,
      203, 60, 58, -1,
      203, 58, 204, -1,
      204, 58, 57, -1,
      204, 57, 142, -1,
      168, 169, 180, -1,
      180, 169, 179, -1,
      199, 150, 151, -1,
      192, 159, 189, -1,
      189, 159, 160, -1,
      199, 151, 198, -1,
      198, 151, 152, -1,
      198, 152, 197, -1,
      197, 152, 153, -1,
      197, 153, 196, -1,
      196, 153, 154, -1,
      196, 154, 195, -1,
      195, 154, 155, -1,
      195, 155, 194, -1,
      194, 155, 156, -1,
      194, 156, 193, -1,
      193, 156, 157, -1,
      193, 157, 192, -1,
      192, 157, 158, -1,
      192, 158, 159, -1,
      150, 199, 149, -1,
      149, 199, 200, -1,
      149, 200, 148, -1,
      146, 142, 145, -1,
      145, 142, 143, -1,
      145, 143, 144, -1,
      144, 143, 141, -1,
      144, 141, 140, -1,
      169, 170, 179, -1,
      179, 170, 171, -1,
      179, 171, 178, -1,
      178, 171, 172, -1,
      178, 172, 177, -1,
      177, 172, 173, -1,
      177, 173, 176, -1,
      176, 173, 174, -1,
      176, 174, 175, -1,
      200, 201, 148, -1,
      148, 201, 202, -1,
      148, 202, 147, -1,
      147, 202, 203, -1,
      147, 203, 146, -1,
      146, 203, 204, -1,
      146, 204, 142, -1,
      180, 181, 168, -1,
      168, 181, 182, -1,
      168, 182, 167, -1,
      167, 182, 183, -1,
      167, 183, 166, -1,
      166, 183, 184, -1,
      166, 184, 165, -1,
      165, 184, 185, -1,
      165, 185, 164, -1,
      164, 185, 186, -1,
      164, 186, 163, -1,
      163, 186, 187, -1,
      163, 187, 162, -1,
      162, 187, 188, -1,
      162, 188, 161, -1,
      161, 188, 191, -1,
      161, 191, 160, -1,
      160, 191, 190, -1,
      160, 190, 189, -1,
      205, 206, 71, -1,
      71, 206, 72, -1,
      207, 205, 77, -1,
      77, 205, 71, -1,
      207, 77, 78, -1,
      207, 78, 208, -1,
      208, 78, 75, -1,
      208, 75, 209, -1,
      210, 209, 74, -1,
      74, 209, 75, -1,
      211, 210, 73, -1,
      73, 210, 74, -1,
      81, 212, 76, -1,
      76, 212, 211, -1,
      76, 211, 73, -1,
      213, 212, 80, -1,
      80, 212, 81, -1,
      82, 214, 79, -1,
      79, 214, 213, -1,
      79, 213, 80, -1,
      84, 215, 83, -1,
      83, 215, 214, -1,
      83, 214, 82, -1,
      84, 89, 215, -1,
      215, 89, 216, -1,
      89, 88, 216, -1,
      216, 88, 87, -1,
      216, 87, 217, -1,
      217, 87, 97, -1,
      217, 97, 218, -1,
      218, 97, 96, -1,
      218, 96, 219, -1,
      219, 96, 91, -1,
      219, 91, 220, -1,
      220, 91, 90, -1,
      220, 90, 221, -1,
      221, 90, 86, -1,
      221, 86, 222, -1,
      223, 222, 85, -1,
      85, 222, 86, -1,
      223, 85, 95, -1,
      223, 95, 224, -1,
      224, 95, 94, -1,
      224, 94, 225, -1,
      225, 94, 93, -1,
      225, 93, 226, -1,
      226, 93, 92, -1,
      226, 92, 227, -1,
      92, 103, 227, -1,
      227, 103, 102, -1,
      227, 102, 228, -1,
      228, 102, 101, -1,
      228, 101, 229, -1,
      229, 101, 99, -1,
      229, 99, 230, -1,
      230, 99, 98, -1,
      230, 98, 231, -1,
      72, 206, 100, -1,
      100, 206, 231, -1,
      100, 231, 98, -1,
      208, 209, 231, -1,
      206, 205, 231, -1,
      231, 205, 207, -1,
      231, 207, 208, -1,
      212, 213, 211, -1,
      211, 213, 214, -1,
      211, 214, 210, -1,
      222, 223, 221, -1,
      221, 223, 224, -1,
      221, 224, 220, -1,
      220, 224, 225, -1,
      220, 225, 219, -1,
      219, 225, 226, -1,
      219, 226, 218, -1,
      218, 226, 227, -1,
      218, 227, 217, -1,
      217, 227, 228, -1,
      217, 228, 216, -1,
      216, 228, 229, -1,
      216, 229, 215, -1,
      215, 229, 230, -1,
      215, 230, 214, -1,
      214, 230, 231, -1,
      214, 231, 210, -1,
      210, 231, 209, -1,
      232, 233, 110, -1,
      110, 233, 111, -1,
      107, 234, 106, -1,
      106, 234, 232, -1,
      106, 232, 110, -1,
      235, 234, 105, -1,
      105, 234, 107, -1,
      112, 236, 104, -1,
      104, 236, 235, -1,
      104, 235, 105, -1,
      237, 236, 113, -1,
      113, 236, 112, -1,
      117, 238, 114, -1,
      114, 238, 237, -1,
      114, 237, 113, -1,
      239, 238, 116, -1,
      116, 238, 117, -1,
      109, 240, 115, -1,
      115, 240, 239, -1,
      115, 239, 116, -1,
      241, 240, 108, -1,
      108, 240, 109, -1,
      120, 242, 121, -1,
      121, 242, 241, -1,
      121, 241, 108, -1,
      243, 242, 119, -1,
      119, 242, 120, -1,
      111, 233, 118, -1,
      118, 233, 243, -1,
      118, 243, 119, -1,
      243, 233, 232, -1,
      232, 234, 243, -1,
      243, 234, 235, -1,
      243, 235, 242, -1,
      240, 241, 239, -1,
      239, 241, 242, -1,
      239, 242, 238, -1,
      238, 242, 235, -1,
      238, 235, 237, -1,
      237, 235, 236, -1,
      244, 245, 246, -1,
      246, 245, 247, -1,
      246, 247, 248, -1,
      248, 247, 249, -1,
      248, 249, 250, -1,
      250, 249, 251, -1,
      250, 251, 252, -1,
      252, 251, 253, -1,
      252, 253, 254, -1,
      254, 253, 255, -1,
      254, 255, 256, -1,
      256, 255, 257, -1,
      256, 257, 258, -1,
      258, 257, 259, -1,
      258, 259, 260, -1,
      260, 259, 261, -1,
      260, 261, 262, -1,
      262, 261, 263, -1,
      262, 263, 264, -1,
      264, 263, 265, -1,
      264, 265, 266, -1,
      266, 265, 267, -1,
      266, 267, 268, -1,
      268, 267, 269, -1,
      268, 269, 270, -1,
      270, 269, 271, -1,
      270, 271, 272, -1,
      272, 271, 273, -1,
      272, 273, 274, -1,
      274, 273, 275, -1,
      274, 275, 276, -1,
      276, 275, 277, -1,
      276, 277, 278, -1,
      278, 277, 279, -1,
      278, 279, 244, -1,
      244, 279, 245, -1,
      245, 279, 132, -1,
      132, 279, 131, -1,
      245, 132, 133, -1,
      245, 133, 247, -1,
      247, 133, 129, -1,
      247, 129, 249, -1,
      249, 129, 128, -1,
      249, 128, 251, -1,
      251, 128, 127, -1,
      251, 127, 253, -1,
      253, 127, 126, -1,
      253, 126, 255, -1,
      255, 126, 125, -1,
      255, 125, 257, -1,
      257, 125, 124, -1,
      257, 124, 259, -1,
      259, 124, 123, -1,
      259, 123, 261, -1,
      261, 123, 122, -1,
      261, 122, 263, -1,
      263, 122, 136, -1,
      263, 136, 265, -1,
      265, 136, 135, -1,
      265, 135, 267, -1,
      267, 135, 134, -1,
      267, 134, 269, -1,
      269, 134, 139, -1,
      269, 139, 271, -1,
      271, 139, 138, -1,
      271, 138, 273, -1,
      273, 138, 137, -1,
      273, 137, 275, -1,
      277, 275, 130, -1,
      130, 275, 137, -1,
      279, 277, 131, -1,
      131, 277, 130, -1,
      274, 276, 280, -1,
      280, 276, 281, -1,
      276, 278, 281, -1,
      281, 278, 282, -1,
      278, 244, 282, -1,
      282, 244, 283, -1,
      252, 284, 285, -1,
      252, 285, 250, -1,
      250, 285, 286, -1,
      250, 286, 248, -1,
      248, 286, 287, -1,
      248, 287, 246, -1,
      246, 287, 283, -1,
      246, 283, 244, -1,
      260, 288, 289, -1,
      260, 289, 258, -1,
      258, 289, 290, -1,
      258, 290, 256, -1,
      256, 290, 291, -1,
      256, 291, 254, -1,
      254, 291, 284, -1,
      254, 284, 252, -1,
      268, 292, 293, -1,
      268, 293, 266, -1,
      266, 293, 294, -1,
      266, 294, 264, -1,
      264, 294, 295, -1,
      264, 295, 262, -1,
      262, 295, 288, -1,
      262, 288, 260, -1,
      274, 280, 296, -1,
      274, 296, 272, -1,
      272, 296, 297, -1,
      272, 297, 270, -1,
      270, 297, 292, -1,
      270, 292, 268, -1,
    ]
  }
}

Shape {
  appearance Appearance {
    material Material {
      diffuseColor 0.2510 0.2510 0.2510
      specularColor 0.1255 0.1255 0.1255
      ambientIntensity 0.2
      transparency 0.0000
      shininess 0.5
    }
  }
  geometry IndexedFaceSet {
    ccw TRUE
    solid FALSE
    coord DEF co Coordinate {
      point [
        0.305416 -0.597585 0.826772,
        0.293320 -0.597585 0.826772,
        0.293320 -0.659316 0.826772,
        0.304946 -0.659316 0.826772,
        0.328750 -0.650965 0.826772,
        0.327270 -0.652308 0.826772,
        0.321965 -0.655780 0.826772,
        0.315115 -0.658222 0.826772,
        0.337305 -0.627673 0.826772,
        0.337041 -0.632741 0.826772,
        0.335488 -0.640077 0.826772,
        0.332732 -0.646024 0.826772,
        0.328524 -0.605118 0.826772,
        0.331158 -0.607784 0.826772,
        0.334163 -0.612394 0.826772,
        0.336319 -0.618458 0.826772,
        0.315736 -0.598726 0.826772,
        0.322680 -0.601233 0.826772,
      ]
    }
    coordIndex [
      1, 2, 0, -1,
      0, 2, 3, -1,
      0, 3, 7, -1,
      7, 6, 0, -1,
      0, 6, 5, -1,
      0, 5, 4, -1,
      4, 11, 0, -1,
      0, 11, 10, -1,
      0, 10, 9, -1,
      9, 8, 0, -1,
      0, 8, 15, -1,
      0, 15, 14, -1,
      14, 13, 0, -1,
      0, 13, 12, -1,
      0, 12, 16, -1,
      16, 12, 17, -1,
    ]
  }
}

Shape {
  appearance Appearance {
    material Material {
      diffuseColor 1.0000 1.0000 1.0000
      specularColor 0.5020 0.5020 0.5020
      ambientIntensity 0.2
      transparency 0.0000
      shininess 0.5
    }
  }
  geometry IndexedFaceSet {
    ccw TRUE
    solid FALSE
    coord DEF co Coordinate {
      point [
        0.364036 -0.668444 0.826772,
        0.352615 -0.668444 0.826772,
        0.413240 -0.668444 0.826772,
        0.405074 -0.646544 0.826772,
        0.371731 -0.646544 0.826772,
        0.424661 -0.668444 0.826772,
        0.394164 -0.588375 0.826772,
        0.383112 -0.588375 0.826772,
        0.375006 -0.637497 0.830709,
        0.371731 -0.646544 0.830709,
        0.401881 -0.637497 0.830709,
        0.405074 -0.646544 0.830709,
        0.386980 -0.604217 0.830709,
        0.383112 -0.588375 0.830709,
        0.352615 -0.668444 0.830709,
        0.364036 -0.668444 0.830709,
        0.387673 -0.601827 0.830709,
        0.388290 -0.598609 0.830709,
        0.394164 -0.588375 0.830709,
        0.388535 -0.598609 0.830709,
        0.389183 -0.601996 0.830709,
        0.389784 -0.604217 0.830709,
        0.424661 -0.668444 0.830709,
        0.413240 -0.668444 0.830709,
        0.375006 -0.637497 0.826772,
        0.401881 -0.637497 0.826772,
        0.389784 -0.604217 0.826772,
        0.388535 -0.598609 0.826772,
        0.389183 -0.601996 0.826772,
        0.388290 -0.598609 0.826772,
        0.386980 -0.604217 0.826772,
        0.387673 -0.601827 0.826772,
      ]
    }
    coordIndex [
      8, 9, 10, -1,
      10, 9, 11, -1,
      12, 13, 8, -1,
      8, 13, 14, -1,
      8, 14, 9, -1,
      9, 14, 15, -1,
      12, 16, 13, -1,
      13, 16, 17, -1,
      13, 17, 18, -1,
      18, 17, 19, -1,
      18, 19, 20, -1,
      20, 21, 18, -1,
      18, 21, 10, -1,
      18, 10, 22, -1,
      22, 10, 11, -1,
      22, 11, 23, -1,
      18, 22, 6, -1,
      6, 22, 5, -1,
      13, 18, 7, -1,
      7, 18, 6, -1,
      14, 13, 1, -1,
      1, 13, 7, -1,
      15, 14, 0, -1,
      0, 14, 1, -1,
      9, 15, 4, -1,
      4, 15, 0, -1,
      11, 9, 3, -1,
      3, 9, 4, -1,
      23, 11, 2, -1,
      2, 11, 3, -1,
      22, 23, 5, -1,
      5, 23, 2, -1,
      8, 10, 24, -1,
      24, 10, 25, -1,
      10, 21, 25, -1,
      25, 21, 26, -1,
      19, 27, 28, -1,
      19, 28, 20, -1,
      20, 28, 26, -1,
      20, 26, 21, -1,
      19, 17, 27, -1,
      27, 17, 29, -1,
      12, 30, 31, -1,
      12, 31, 16, -1,
      16, 31, 29, -1,
      16, 29, 17, -1,
      12, 8, 30, -1,
      30, 8, 24, -1,
    ]
  }
}

Shape {
  appearance Appearance {
    material Material {
      diffuseColor 0.2510 0.2510 0.2510
      specularColor 0.1255 0.1255 0.1255
      ambientIntensity 0.2
      transparency 0.0000
      shininess 0.5
    }
  }
  geometry IndexedFaceSet {
    ccw TRUE
    solid FALSE
    coord DEF co Coordinate {
      point [
        0.375006 -0.637497 0.826772,
        0.401881 -0.637497 0.826772,
        0.389784 -0.604217 0.826772,
        0.388535 -0.598609 0.826772,
        0.389183 -0.601996 0.826772,
        0.388290 -0.598609 0.826772,
        0.386980 -0.604217 0.826772,
        0.387673 -0.601827 0.826772,
      ]
    }
    coordIndex [
      3, 5, 4, -1,
      4, 5, 7, -1,
      4, 7, 2, -1,
      2, 7, 6, -1,
      2, 6, 1, -1,
      1, 6, 0, -1,
    ]
  }
}

Shape {
  appearance Appearance {
    material Material {
      diffuseColor 1.0000 1.0000 1.0000
      specularColor 0.5020 0.5020 0.5020
      ambientIntensity 0.2
      transparency 0.0000
      shininess 0.5
    }
  }
  geometry IndexedFaceSet {
    ccw TRUE
    solid FALSE
    coord DEF co Coordinate {
      point [
        -0.096904 -0.525313 0.826772,
        -0.081956 -0.538819 0.826772,
        -0.149629 -0.469472 0.826772,
        -0.130937 -0.491050 0.826772,
        -0.118887 -0.514446 0.826772,
        -0.113607 -0.516319 0.826772,
        -0.175017 -0.452402 0.826772,
        -0.162710 -0.460677 0.826772,
        -0.255270 -0.443352 0.826772,
        -0.227052 -0.439869 0.826772,
        -0.203586 -0.442335 0.826772,
        -0.281517 -0.453488 0.826772,
        -0.293117 -0.460677 0.826772,
        -0.295366 -0.462071 0.826772,
        -0.417646 -0.542098 0.826772,
        -0.412734 -0.530970 0.826772,
        -0.398976 -0.513307 0.826772,
        -0.356015 -0.488772 0.826772,
        -0.333508 -0.485981 0.826772,
        -0.308744 -0.473528 0.826772,
        -0.326961 -0.486337 0.826772,
        -0.320415 -0.487120 0.826772,
        -0.395195 -0.509725 0.826772,
        -0.377098 -0.496980 0.826772,
        -0.384130 -0.655359 0.826772,
        -0.401823 -0.640258 0.826772,
        -0.363566 -0.665400 0.826772,
        -0.414745 -0.621843 0.826772,
        -0.422939 -0.600658 0.826772,
        -0.425733 -0.578206 0.826772,
        -0.425580 -0.572883 0.826772,
        -0.424285 -0.565574 0.826772,
        -0.421790 -0.551483 0.826772,
        -0.325734 -0.700837 0.826772,
        -0.331013 -0.698614 0.826772,
        -0.356280 -0.667583 0.826772,
        -0.355563 -0.669120 0.826772,
        -0.350598 -0.679756 0.826772,
        -0.342141 -0.690210 0.826772,
        -0.302198 -0.706295 0.826772,
        -0.288459 -0.704608 0.826772,
        -0.278620 -0.700837 0.826772,
        -0.317884 -0.704144 0.826772,
        -0.304445 -0.706252 0.826772,
        -0.248836 -0.669120 0.826772,
        -0.248857 -0.669210 0.826772,
        -0.255564 -0.681919 0.826772,
        -0.264415 -0.691860 0.826772,
        -0.275759 -0.699741 0.826772,
        -0.259501 -0.611224 0.826772,
        -0.183217 -0.571374 0.826772,
        -0.269417 -0.602189 0.826772,
        -0.281491 -0.595706 0.826772,
        -0.067175 -0.565574 0.826772,
        -0.064513 -0.572915 0.826772,
        -0.170443 -0.668567 0.826772,
        -0.174274 -0.667512 0.826772,
        -0.178241 -0.665267 0.826772,
        -0.181370 -0.662288 0.826772,
        -0.098089 -0.584725 0.826772,
        -0.100733 -0.573783 0.826772,
        -0.105129 -0.565574 0.826772,
        -0.388456 -0.565574 0.826772,
        -0.179143 -0.637562 0.826772,
        -0.175567 -0.635227 0.826772,
        -0.165569 -0.601546 0.826772,
        -0.171613 -0.633837 0.826772,
        -0.073697 -0.629830 0.826772,
        -0.083592 -0.643104 0.826772,
        -0.086337 -0.645942 0.826772,
        -0.101500 -0.657731 0.826772,
        -0.385369 -0.599164 0.826772,
        -0.378171 -0.611515 0.826772,
        -0.349386 -0.617156 0.826772,
        -0.367924 -0.621953 0.826772,
        -0.355711 -0.629441 0.826772,
        -0.062528 -0.589022 0.826772,
        -0.062655 -0.593543 0.826772,
        -0.065928 -0.612142 0.826772,
        -0.119104 -0.665578 0.826772,
        -0.135397 -0.668722 0.826772,
        -0.168985 -0.668722 0.826772,
        -0.328317 -0.598328 0.826772,
        -0.339965 -0.606404 0.826772,
        -0.389868 -0.577067 0.826772,
        -0.389290 -0.585154 0.826772,
        -0.315739 -0.593531 0.826772,
        -0.302198 -0.591869 0.826772,
        -0.295228 -0.592285 0.826772,
        -0.185494 -0.651074 0.826772,
        -0.185381 -0.649088 0.826772,
        -0.245269 -0.643674 0.826772,
        -0.184303 -0.644739 0.826772,
        -0.182160 -0.640807 0.826772,
        -0.167846 -0.633426 0.826772,
        -0.167292 -0.633467 0.826772,
        -0.165584 -0.633845 0.826772,
        -0.183717 -0.658658 0.826772,
        -0.185085 -0.654770 0.826772,
        -0.245563 -0.655148 0.826772,
        -0.245269 -0.649367 0.826772,
        -0.109357 -0.619678 0.826772,
        -0.103100 -0.610795 0.826772,
        -0.099183 -0.600647 0.826772,
        -0.097824 -0.589591 0.826772,
        -0.164430 -0.633996 0.826772,
        -0.138812 -0.633996 0.826772,
        -0.128687 -0.632067 0.826772,
        -0.118630 -0.627435 0.826772,
        -0.110198 -0.620579 0.826772,
        -0.146782 -0.545187 0.826772,
        -0.383314 -0.550629 0.826772,
        -0.388181 -0.563329 0.826772,
        -0.142228 -0.545187 0.826772,
        -0.106002 -0.563943 0.826772,
        -0.112665 -0.556490 0.826772,
        -0.121498 -0.550332 0.826772,
        -0.131437 -0.546514 0.826772,
        -0.159305 -0.510601 0.826772,
        -0.172230 -0.495337 0.826772,
        -0.302767 -0.528678 0.826772,
        -0.173218 -0.494441 0.826772,
        -0.189195 -0.483309 0.826772,
        -0.294013 -0.510582 0.826772,
        -0.377387 -0.542098 0.826772,
        -0.307019 -0.526363 0.826772,
        -0.147471 -0.542098 0.826772,
        -0.150415 -0.528890 0.826772,
        -0.319790 -0.521744 0.826772,
        -0.332939 -0.520139 0.826772,
        -0.338720 -0.520432 0.826772,
        -0.281224 -0.495343 0.826772,
        -0.207037 -0.476435 0.826772,
        -0.266132 -0.484317 0.826772,
        -0.226483 -0.474026 0.826772,
        -0.247552 -0.476756 0.826772,
        -0.352783 -0.523727 0.826772,
        -0.365492 -0.530433 0.826772,
        -0.375432 -0.539285 0.826772,
        -0.070871 -0.555379 0.826772,
        -0.079761 -0.542098 0.826772,
        -0.350598 -0.679756 0.830709,
        -0.342141 -0.690210 0.830709,
        -0.355711 -0.629441 0.830709,
        -0.365492 -0.530433 0.830709,
        -0.352783 -0.523727 0.830709,
        -0.356015 -0.488772 0.830709,
        -0.320415 -0.487120 0.830709,
        -0.302767 -0.528678 0.830709,
        -0.294013 -0.510582 0.830709,
        -0.245269 -0.649367 0.830709,
        -0.245269 -0.643674 0.830709,
        -0.293560 -0.629745 0.830709,
        -0.298927 -0.628070 0.830709,
        -0.333508 -0.485981 0.830709,
        -0.285019 -0.636600 0.830709,
        -0.282357 -0.641174 0.830709,
        -0.245563 -0.655148 0.830709,
        -0.165569 -0.601546 0.830709,
        -0.183217 -0.571374 0.830709,
        -0.259501 -0.611224 0.830709,
        -0.302767 -0.627733 0.830709,
        -0.308151 -0.628401 0.830709,
        -0.315739 -0.593531 0.830709,
        -0.313136 -0.630319 0.830709,
        -0.328317 -0.598328 0.830709,
        -0.317610 -0.633442 0.830709,
        -0.339965 -0.606404 0.830709,
        -0.320378 -0.636421 0.830709,
        -0.349386 -0.617156 0.830709,
        -0.323198 -0.641223 0.830709,
        -0.324726 -0.646629 0.830709,
        -0.281491 -0.595706 0.830709,
        -0.295228 -0.592285 0.830709,
        -0.302198 -0.591869 0.830709,
        -0.288843 -0.632661 0.830709,
        -0.317695 -0.666352 0.830709,
        -0.313185 -0.669526 0.830709,
        -0.331013 -0.698614 0.830709,
        -0.307941 -0.671522 0.830709,
        -0.308744 -0.473528 0.830709,
        -0.281224 -0.495343 0.830709,
        -0.295366 -0.462071 0.830709,
        -0.266132 -0.484317 0.830709,
        -0.281517 -0.453488 0.830709,
        -0.367924 -0.621953 0.830709,
        -0.363566 -0.665400 0.830709,
        -0.356280 -0.667583 0.830709,
        -0.338720 -0.520432 0.830709,
        -0.332939 -0.520139 0.830709,
        -0.326961 -0.486337 0.830709,
        -0.319790 -0.521744 0.830709,
        -0.307019 -0.526363 0.830709,
        -0.269417 -0.602189 0.830709,
        -0.146782 -0.545187 0.830709,
        -0.142228 -0.545187 0.830709,
        -0.118887 -0.514446 0.830709,
        -0.131437 -0.546514 0.830709,
        -0.113607 -0.516319 0.830709,
        -0.121498 -0.550332 0.830709,
        -0.096904 -0.525313 0.830709,
        -0.112665 -0.556490 0.830709,
        -0.081956 -0.538819 0.830709,
        -0.106002 -0.563943 0.830709,
        -0.070871 -0.555379 0.830709,
        -0.100733 -0.573783 0.830709,
        -0.064513 -0.572915 0.830709,
        -0.098089 -0.584725 0.830709,
        -0.062528 -0.589022 0.830709,
        -0.097824 -0.589591 0.830709,
        -0.062655 -0.593543 0.830709,
        -0.099183 -0.600647 0.830709,
        -0.170443 -0.668567 0.830709,
        -0.168985 -0.668722 0.830709,
        -0.164430 -0.633996 0.830709,
        -0.388181 -0.563329 0.830709,
        -0.425580 -0.572883 0.830709,
        -0.389868 -0.577067 0.830709,
        -0.425733 -0.578206 0.830709,
        -0.389290 -0.585154 0.830709,
        -0.422939 -0.600658 0.830709,
        -0.385369 -0.599164 0.830709,
        -0.414745 -0.621843 0.830709,
        -0.378171 -0.611515 0.830709,
        -0.401823 -0.640258 0.830709,
        -0.384130 -0.655359 0.830709,
        -0.321285 -0.662185 0.830709,
        -0.323665 -0.657463 0.830709,
        -0.324858 -0.652183 0.830709,
        -0.138812 -0.633996 0.830709,
        -0.135397 -0.668722 0.830709,
        -0.128687 -0.632067 0.830709,
        -0.119104 -0.665578 0.830709,
        -0.118630 -0.627435 0.830709,
        -0.101500 -0.657731 0.830709,
        -0.110198 -0.620579 0.830709,
        -0.086337 -0.645942 0.830709,
        -0.109357 -0.619678 0.830709,
        -0.083592 -0.643104 0.830709,
        -0.103100 -0.610795 0.830709,
        -0.073697 -0.629830 0.830709,
        -0.065928 -0.612142 0.830709,
        -0.149629 -0.469472 0.830709,
        -0.172230 -0.495337 0.830709,
        -0.130937 -0.491050 0.830709,
        -0.159305 -0.510601 0.830709,
        -0.150415 -0.528890 0.830709,
        -0.377098 -0.496980 0.830709,
        -0.395195 -0.509725 0.830709,
        -0.375432 -0.539285 0.830709,
        -0.398976 -0.513307 0.830709,
        -0.383314 -0.550629 0.830709,
        -0.412734 -0.530970 0.830709,
        -0.421790 -0.551483 0.830709,
        -0.280850 -0.646351 0.830709,
        -0.280649 -0.651867 0.830709,
        -0.248857 -0.669210 0.830709,
        -0.281855 -0.657370 0.830709,
        -0.255564 -0.681919 0.830709,
        -0.284378 -0.662349 0.830709,
        -0.264415 -0.691860 0.830709,
        -0.287997 -0.666502 0.830709,
        -0.275759 -0.699741 0.830709,
        -0.292352 -0.669551 0.830709,
        -0.288459 -0.704608 0.830709,
        -0.297306 -0.671465 0.830709,
        -0.302198 -0.706295 0.830709,
        -0.302767 -0.672138 0.830709,
        -0.304445 -0.706252 0.830709,
        -0.317884 -0.704144 0.830709,
        -0.255270 -0.443352 0.830709,
        -0.247552 -0.476756 0.830709,
        -0.227052 -0.439869 0.830709,
        -0.226483 -0.474026 0.830709,
        -0.203586 -0.442335 0.830709,
        -0.207037 -0.476435 0.830709,
        -0.175017 -0.452402 0.830709,
        -0.189195 -0.483309 0.830709,
        -0.173218 -0.494441 0.830709,
        -0.185085 -0.654770 0.830709,
        -0.183717 -0.658658 0.830709,
        -0.167292 -0.633467 0.830709,
        -0.181370 -0.662288 0.830709,
        -0.178241 -0.665267 0.830709,
        -0.185494 -0.651074 0.830709,
        -0.167846 -0.633426 0.830709,
        -0.185381 -0.649088 0.830709,
        -0.171613 -0.633837 0.830709,
        -0.175567 -0.635227 0.830709,
        -0.165584 -0.633845 0.830709,
        -0.174274 -0.667512 0.830709,
        -0.179143 -0.637562 0.830709,
        -0.182160 -0.640807 0.830709,
        -0.184303 -0.644739 0.830709,
        -0.302767 -0.627733 0.826772,
        -0.298927 -0.628070 0.826772,
        -0.293560 -0.629745 0.826772,
        -0.288843 -0.632661 0.826772,
        -0.285019 -0.636600 0.826772,
        -0.282357 -0.641174 0.826772,
        -0.280850 -0.646351 0.826772,
        -0.280649 -0.651867 0.826772,
        -0.281855 -0.657370 0.826772,
        -0.284378 -0.662349 0.826772,
        -0.287997 -0.666502 0.826772,
        -0.292352 -0.669551 0.826772,
        -0.297306 -0.671465 0.826772,
        -0.302767 -0.672138 0.826772,
        -0.307941 -0.671522 0.826772,
        -0.313185 -0.669526 0.826772,
        -0.317695 -0.666352 0.826772,
        -0.321285 -0.662185 0.826772,
        -0.323665 -0.657463 0.826772,
        -0.324858 -0.652183 0.826772,
        -0.324726 -0.646629 0.826772,
        -0.323198 -0.641223 0.826772,
        -0.320378 -0.636421 0.826772,
        -0.317610 -0.633442 0.826772,
        -0.313136 -0.630319 0.826772,
        -0.308151 -0.628401 0.826772,
      ]
    }
    coordIndex [
      141, 142, 143, -1,
      144, 145, 146, -1,
      147, 148, 149, -1,
      150, 151, 152, -1,
      152, 151, 153, -1,
      146, 145, 154, -1,
      155, 156, 157, -1,
      158, 159, 151, -1,
      151, 159, 160, -1,
      151, 160, 153, -1,
      153, 160, 161, -1,
      162, 163, 164, -1,
      164, 163, 165, -1,
      164, 165, 166, -1,
      166, 165, 167, -1,
      166, 167, 168, -1,
      168, 167, 169, -1,
      168, 169, 170, -1,
      170, 169, 143, -1,
      170, 143, 171, -1,
      172, 173, 162, -1,
      162, 173, 174, -1,
      162, 174, 163, -1,
      150, 152, 157, -1,
      157, 152, 175, -1,
      157, 175, 155, -1,
      176, 142, 177, -1,
      177, 142, 178, -1,
      177, 178, 179, -1,
      147, 149, 180, -1,
      180, 149, 181, -1,
      180, 181, 182, -1,
      182, 181, 183, -1,
      182, 183, 184, -1,
      185, 186, 143, -1,
      143, 186, 187, -1,
      143, 187, 141, -1,
      145, 188, 154, -1,
      154, 188, 189, -1,
      154, 189, 190, -1,
      190, 189, 191, -1,
      190, 191, 147, -1,
      147, 191, 192, -1,
      147, 192, 148, -1,
      161, 160, 162, -1,
      162, 160, 193, -1,
      162, 193, 172, -1,
      194, 195, 196, -1,
      196, 195, 197, -1,
      196, 197, 198, -1,
      198, 197, 199, -1,
      198, 199, 200, -1,
      200, 199, 201, -1,
      200, 201, 202, -1,
      202, 201, 203, -1,
      202, 203, 204, -1,
      204, 203, 205, -1,
      204, 205, 206, -1,
      206, 205, 207, -1,
      206, 207, 208, -1,
      208, 207, 209, -1,
      208, 209, 210, -1,
      210, 209, 211, -1,
      212, 213, 214, -1,
      215, 216, 217, -1,
      217, 216, 218, -1,
      217, 218, 219, -1,
      219, 218, 220, -1,
      219, 220, 221, -1,
      221, 220, 222, -1,
      221, 222, 223, -1,
      223, 222, 224, -1,
      223, 224, 185, -1,
      185, 224, 225, -1,
      185, 225, 186, -1,
      176, 226, 142, -1,
      142, 226, 227, -1,
      142, 227, 143, -1,
      143, 227, 228, -1,
      143, 228, 171, -1,
      214, 213, 229, -1,
      229, 213, 230, -1,
      229, 230, 231, -1,
      231, 230, 232, -1,
      231, 232, 233, -1,
      233, 232, 234, -1,
      233, 234, 235, -1,
      235, 234, 236, -1,
      235, 236, 237, -1,
      237, 236, 238, -1,
      237, 238, 239, -1,
      239, 238, 240, -1,
      239, 240, 211, -1,
      211, 240, 241, -1,
      211, 241, 210, -1,
      242, 243, 244, -1,
      244, 243, 245, -1,
      244, 245, 196, -1,
      196, 245, 246, -1,
      196, 246, 194, -1,
      146, 247, 144, -1,
      144, 247, 248, -1,
      144, 248, 249, -1,
      249, 248, 250, -1,
      249, 250, 251, -1,
      251, 250, 252, -1,
      251, 252, 215, -1,
      215, 252, 253, -1,
      215, 253, 216, -1,
      156, 254, 157, -1,
      157, 254, 255, -1,
      157, 255, 256, -1,
      256, 255, 257, -1,
      256, 257, 258, -1,
      258, 257, 259, -1,
      258, 259, 260, -1,
      260, 259, 261, -1,
      260, 261, 262, -1,
      262, 261, 263, -1,
      262, 263, 264, -1,
      264, 263, 265, -1,
      264, 265, 266, -1,
      266, 265, 267, -1,
      266, 267, 268, -1,
      268, 267, 179, -1,
      268, 179, 269, -1,
      269, 179, 178, -1,
      184, 183, 270, -1,
      270, 183, 271, -1,
      270, 271, 272, -1,
      272, 271, 273, -1,
      272, 273, 274, -1,
      274, 273, 275, -1,
      274, 275, 276, -1,
      276, 275, 277, -1,
      276, 277, 242, -1,
      242, 277, 278, -1,
      242, 278, 243, -1,
      279, 280, 281, -1,
      281, 280, 282, -1,
      281, 282, 283, -1,
      279, 281, 284, -1,
      284, 281, 285, -1,
      284, 285, 286, -1,
      286, 285, 287, -1,
      286, 287, 288, -1,
      214, 289, 212, -1,
      212, 289, 281, -1,
      212, 281, 290, -1,
      290, 281, 283, -1,
      288, 291, 286, -1,
      286, 291, 292, -1,
      286, 292, 293, -1,
      140, 202, 139, -1,
      139, 202, 204, -1,
      139, 204, 53, -1,
      53, 204, 206, -1,
      53, 206, 54, -1,
      54, 206, 208, -1,
      54, 208, 76, -1,
      140, 1, 202, -1,
      202, 1, 0, -1,
      202, 0, 200, -1,
      200, 0, 5, -1,
      200, 5, 198, -1,
      198, 5, 4, -1,
      198, 4, 196, -1,
      196, 4, 3, -1,
      196, 3, 244, -1,
      244, 3, 2, -1,
      244, 2, 242, -1,
      276, 242, 7, -1,
      7, 242, 2, -1,
      7, 6, 276, -1,
      276, 6, 10, -1,
      276, 10, 274, -1,
      274, 10, 9, -1,
      274, 9, 272, -1,
      272, 9, 8, -1,
      272, 8, 270, -1,
      270, 8, 11, -1,
      270, 11, 184, -1,
      184, 11, 182, -1,
      182, 11, 12, -1,
      182, 12, 13, -1,
      182, 13, 19, -1,
      182, 19, 180, -1,
      180, 19, 21, -1,
      180, 21, 147, -1,
      147, 21, 20, -1,
      147, 20, 190, -1,
      190, 20, 18, -1,
      190, 18, 154, -1,
      154, 18, 17, -1,
      154, 17, 146, -1,
      146, 17, 23, -1,
      146, 23, 247, -1,
      247, 23, 22, -1,
      247, 22, 248, -1,
      248, 22, 16, -1,
      248, 16, 250, -1,
      253, 252, 15, -1,
      15, 252, 250, -1,
      15, 250, 16, -1,
      15, 14, 253, -1,
      253, 14, 32, -1,
      253, 32, 216, -1,
      216, 32, 31, -1,
      31, 30, 216, -1,
      216, 30, 29, -1,
      216, 29, 218, -1,
      218, 29, 28, -1,
      218, 28, 220, -1,
      220, 28, 27, -1,
      220, 27, 222, -1,
      222, 27, 25, -1,
      222, 25, 224, -1,
      224, 25, 24, -1,
      224, 24, 225, -1,
      225, 24, 26, -1,
      225, 26, 186, -1,
      186, 26, 35, -1,
      186, 35, 187, -1,
      187, 35, 36, -1,
      187, 36, 141, -1,
      36, 37, 141, -1,
      141, 37, 38, -1,
      141, 38, 142, -1,
      142, 38, 34, -1,
      142, 34, 178, -1,
      178, 34, 33, -1,
      178, 33, 269, -1,
      33, 42, 269, -1,
      269, 42, 43, -1,
      269, 43, 268, -1,
      268, 43, 39, -1,
      268, 39, 266, -1,
      100, 150, 157, -1,
      266, 39, 40, -1,
      41, 262, 40, -1,
      40, 262, 264, -1,
      40, 264, 266, -1,
      41, 48, 262, -1,
      262, 48, 47, -1,
      262, 47, 260, -1,
      260, 47, 46, -1,
      260, 46, 258, -1,
      258, 46, 45, -1,
      258, 45, 256, -1,
      256, 45, 44, -1,
      256, 44, 157, -1,
      157, 44, 99, -1,
      157, 99, 100, -1,
      151, 150, 91, -1,
      91, 150, 100, -1,
      158, 151, 65, -1,
      65, 151, 91, -1,
      159, 158, 50, -1,
      50, 158, 65, -1,
      160, 159, 49, -1,
      49, 159, 50, -1,
      160, 49, 51, -1,
      160, 51, 193, -1,
      193, 51, 52, -1,
      193, 52, 172, -1,
      172, 52, 88, -1,
      172, 88, 173, -1,
      173, 88, 87, -1,
      173, 87, 174, -1,
      174, 87, 86, -1,
      174, 86, 163, -1,
      163, 86, 82, -1,
      163, 82, 165, -1,
      165, 82, 83, -1,
      165, 83, 167, -1,
      167, 83, 73, -1,
      167, 73, 169, -1,
      169, 73, 75, -1,
      169, 75, 143, -1,
      143, 75, 74, -1,
      143, 74, 185, -1,
      185, 74, 72, -1,
      185, 72, 223, -1,
      223, 72, 71, -1,
      223, 71, 221, -1,
      221, 71, 85, -1,
      221, 85, 219, -1,
      219, 85, 84, -1,
      219, 84, 217, -1,
      217, 84, 62, -1,
      217, 62, 215, -1,
      215, 62, 112, -1,
      215, 112, 111, -1,
      124, 249, 111, -1,
      111, 249, 251, -1,
      111, 251, 215, -1,
      124, 138, 249, -1,
      249, 138, 137, -1,
      249, 137, 144, -1,
      144, 137, 136, -1,
      144, 136, 145, -1,
      145, 136, 130, -1,
      145, 130, 188, -1,
      188, 130, 129, -1,
      188, 129, 189, -1,
      189, 129, 128, -1,
      189, 128, 191, -1,
      191, 128, 125, -1,
      191, 125, 192, -1,
      192, 125, 120, -1,
      192, 120, 148, -1,
      148, 120, 123, -1,
      148, 123, 149, -1,
      149, 123, 131, -1,
      149, 131, 181, -1,
      181, 131, 133, -1,
      181, 133, 183, -1,
      183, 133, 135, -1,
      183, 135, 271, -1,
      271, 135, 134, -1,
      271, 134, 273, -1,
      273, 134, 132, -1,
      273, 132, 275, -1,
      275, 132, 122, -1,
      275, 122, 277, -1,
      277, 122, 121, -1,
      277, 121, 278, -1,
      278, 121, 119, -1,
      278, 119, 243, -1,
      243, 119, 118, -1,
      243, 118, 245, -1,
      245, 118, 127, -1,
      245, 127, 246, -1,
      246, 127, 194, -1,
      194, 127, 126, -1,
      194, 126, 110, -1,
      195, 194, 113, -1,
      113, 194, 110, -1,
      195, 113, 117, -1,
      195, 117, 197, -1,
      197, 117, 116, -1,
      197, 116, 199, -1,
      199, 116, 115, -1,
      199, 115, 201, -1,
      201, 115, 114, -1,
      201, 114, 203, -1,
      203, 114, 61, -1,
      203, 61, 205, -1,
      61, 60, 205, -1,
      205, 60, 59, -1,
      205, 59, 207, -1,
      207, 59, 104, -1,
      207, 104, 209, -1,
      209, 104, 103, -1,
      209, 103, 211, -1,
      211, 103, 102, -1,
      211, 102, 239, -1,
      239, 102, 101, -1,
      239, 101, 237, -1,
      237, 101, 109, -1,
      237, 109, 235, -1,
      235, 109, 108, -1,
      235, 108, 233, -1,
      233, 108, 107, -1,
      233, 107, 231, -1,
      231, 107, 106, -1,
      231, 106, 229, -1,
      214, 229, 105, -1,
      105, 229, 106, -1,
      214, 105, 96, -1,
      214, 96, 289, -1,
      289, 96, 95, -1,
      289, 95, 281, -1,
      281, 95, 94, -1,
      281, 94, 285, -1,
      285, 94, 66, -1,
      285, 66, 287, -1,
      287, 66, 64, -1,
      287, 64, 288, -1,
      288, 64, 63, -1,
      288, 63, 291, -1,
      291, 63, 93, -1,
      291, 93, 292, -1,
      292, 93, 92, -1,
      292, 92, 293, -1,
      293, 92, 90, -1,
      293, 90, 286, -1,
      286, 90, 89, -1,
      286, 89, 284, -1,
      284, 89, 98, -1,
      284, 98, 279, -1,
      279, 98, 97, -1,
      279, 97, 280, -1,
      280, 97, 58, -1,
      280, 58, 282, -1,
      282, 58, 57, -1,
      282, 57, 283, -1,
      283, 57, 56, -1,
      283, 56, 290, -1,
      290, 56, 55, -1,
      290, 55, 212, -1,
      212, 55, 81, -1,
      212, 81, 213, -1,
      230, 213, 80, -1,
      80, 213, 81, -1,
      230, 80, 79, -1,
      230, 79, 232, -1,
      232, 79, 70, -1,
      232, 70, 234, -1,
      234, 70, 69, -1,
      234, 69, 236, -1,
      236, 69, 68, -1,
      236, 68, 238, -1,
      238, 68, 67, -1,
      238, 67, 240, -1,
      240, 67, 78, -1,
      240, 78, 241, -1,
      241, 78, 77, -1,
      241, 77, 210, -1,
      210, 77, 76, -1,
      210, 76, 208, -1,
      161, 294, 295, -1,
      161, 295, 153, -1,
      153, 295, 296, -1,
      153, 296, 152, -1,
      152, 296, 297, -1,
      152, 297, 175, -1,
      175, 297, 298, -1,
      175, 298, 155, -1,
      155, 298, 299, -1,
      155, 299, 156, -1,
      156, 299, 300, -1,
      156, 300, 254, -1,
      254, 300, 301, -1,
      254, 301, 255, -1,
      255, 301, 302, -1,
      255, 302, 257, -1,
      257, 302, 303, -1,
      257, 303, 259, -1,
      259, 303, 304, -1,
      259, 304, 261, -1,
      261, 304, 305, -1,
      261, 305, 263, -1,
      263, 305, 306, -1,
      263, 306, 265, -1,
      265, 306, 307, -1,
      265, 307, 267, -1,
      267, 307, 308, -1,
      267, 308, 179, -1,
      179, 308, 309, -1,
      179, 309, 177, -1,
      177, 309, 310, -1,
      177, 310, 176, -1,
      176, 310, 311, -1,
      176, 311, 226, -1,
      226, 311, 312, -1,
      226, 312, 227, -1,
      227, 312, 313, -1,
      227, 313, 228, -1,
      228, 313, 314, -1,
      228, 314, 171, -1,
      171, 314, 315, -1,
      171, 315, 170, -1,
      170, 315, 316, -1,
      170, 316, 168, -1,
      168, 316, 317, -1,
      168, 317, 166, -1,
      166, 317, 318, -1,
      166, 318, 164, -1,
      164, 318, 319, -1,
      164, 319, 162, -1,
      162, 319, 294, -1,
      162, 294, 161, -1,
    ]
  }
}

Shape {
  appearance Appearance {
    material Material {
      diffuseColor 0.2510 0.2510 0.2510
      specularColor 0.1255 0.1255 0.1255
      ambientIntensity 0.2
      transparency 0.0000
      shininess 0.5
    }
  }
  geometry IndexedFaceSet {
    ccw TRUE
    solid FALSE
    coord DEF co Coordinate {
      point [
        -0.302767 -0.627733 0.826772,
        -0.298927 -0.628070 0.826772,
        -0.293560 -0.629745 0.826772,
        -0.288843 -0.632661 0.826772,
        -0.285019 -0.636600 0.826772,
        -0.282357 -0.641174 0.826772,
        -0.280850 -0.646351 0.826772,
        -0.280649 -0.651867 0.826772,
        -0.281855 -0.657370 0.826772,
        -0.284378 -0.662349 0.826772,
        -0.287997 -0.666502 0.826772,
        -0.292352 -0.669551 0.826772,
        -0.297306 -0.671465 0.826772,
        -0.302767 -0.672138 0.826772,
        -0.307941 -0.671522 0.826772,
        -0.313185 -0.669526 0.826772,
        -0.317695 -0.666352 0.826772,
        -0.321285 -0.662185 0.826772,
        -0.323665 -0.657463 0.826772,
        -0.324858 -0.652183 0.826772,
        -0.324726 -0.646629 0.826772,
        -0.323198 -0.641223 0.826772,
        -0.320378 -0.636421 0.826772,
        -0.317610 -0.633442 0.826772,
        -0.313136 -0.630319 0.826772,
        -0.308151 -0.628401 0.826772,
      ]
    }
    coordIndex [
      13, 23, 22, -1,
      0, 13, 1, -1,
      1, 13, 12, -1,
      0, 25, 13, -1,
      13, 25, 24, -1,
      13, 24, 23, -1,
      10, 4, 3, -1,
      18, 17, 22, -1,
      22, 17, 16, -1,
      12, 11, 1, -1,
      1, 11, 10, -1,
      1, 10, 2, -1,
      2, 10, 3, -1,
      21, 20, 22, -1,
      22, 20, 19, -1,
      22, 19, 18, -1,
      16, 15, 22, -1,
      22, 15, 14, -1,
      22, 14, 13, -1,
      8, 7, 9, -1,
      9, 7, 6, -1,
      9, 6, 10, -1,
      10, 6, 5, -1,
      10, 5, 4, -1,
    ]
  }
}
